# primesieve INDEPENDENT frontier cross-check of mr1_par; LIMIT=300000000000000
# schema: N<TAB>x<TAB>a<TAB>count  and  TOTAL<TAB>N<TAB>x<TAB>pi_x
7	13000000000000	0	1
7	13000000000000	1	74305258152
7	13000000000000	2	74305258748
7	13000000000000	3	74305247205
7	13000000000000	4	74305256208
7	13000000000000	5	74305306016
7	13000000000000	6	74305284281
TOTAL	7	13000000000000	445831610611
8	13000000000000	0	0
8	13000000000000	1	111457804047
8	13000000000000	2	1
8	13000000000000	3	111457906775
8	13000000000000	4	0
8	13000000000000	5	111457930790
8	13000000000000	6	0
8	13000000000000	7	111457968998
TOTAL	8	13000000000000	445831610611
11	13000000000000	0	1
11	13000000000000	1	44583143398
11	13000000000000	2	44583148725
11	13000000000000	3	44583127498
11	13000000000000	4	44583198117
11	13000000000000	5	44583129618
11	13000000000000	6	44583173801
11	13000000000000	7	44583150749
11	13000000000000	8	44583218236
11	13000000000000	9	44583165567
11	13000000000000	10	44583154901
TOTAL	11	13000000000000	445831610611
19	13000000000000	0	1
19	13000000000000	1	24768400293
19	13000000000000	2	24768418257
19	13000000000000	3	24768460995
19	13000000000000	4	24768437831
19	13000000000000	5	24768412468
19	13000000000000	6	24768398368
19	13000000000000	7	24768421917
19	13000000000000	8	24768414219
19	13000000000000	9	24768405224
19	13000000000000	10	24768479763
19	13000000000000	11	24768398802
19	13000000000000	12	24768431182
19	13000000000000	13	24768424852
19	13000000000000	14	24768448620
19	13000000000000	15	24768395139
19	13000000000000	16	24768399323
19	13000000000000	17	24768408872
19	13000000000000	18	24768454485
TOTAL	19	13000000000000	445831610611
23	13000000000000	0	1
23	13000000000000	1	20265062351
23	13000000000000	2	20265050677
23	13000000000000	3	20265047997
23	13000000000000	4	20265033834
23	13000000000000	5	20265079273
23	13000000000000	6	20265082902
23	13000000000000	7	20265092009
23	13000000000000	8	20265101252
23	13000000000000	9	20265059064
23	13000000000000	10	20265105511
23	13000000000000	11	20265055411
23	13000000000000	12	20265124404
23	13000000000000	13	20265041369
23	13000000000000	14	20265060688
23	13000000000000	15	20265039344
23	13000000000000	16	20265037145
23	13000000000000	17	20265048633
23	13000000000000	18	20265058642
23	13000000000000	19	20265141678
23	13000000000000	20	20265093215
23	13000000000000	21	20265117135
23	13000000000000	22	20265078076
TOTAL	23	13000000000000	445831610611
7	13109403780009	0	1
7	13109403780009	1	74909025525
7	13109403780009	2	74909006941
7	13109403780009	3	74909023029
7	13109403780009	4	74909034503
7	13109403780009	5	74909079167
7	13109403780009	6	74909075750
TOTAL	7	13109403780009	449454244916
8	13109403780009	0	0
8	13109403780009	1	112363480055
8	13109403780009	2	1
8	13109403780009	3	112363569522
8	13109403780009	4	0
8	13109403780009	5	112363577181
8	13109403780009	6	0
8	13109403780009	7	112363618157
TOTAL	8	13109403780009	449454244916
11	13109403780009	0	1
11	13109403780009	1	44945408548
11	13109403780009	2	44945412422
11	13109403780009	3	44945387037
11	13109403780009	4	44945456871
11	13109403780009	5	44945404926
11	13109403780009	6	44945442017
11	13109403780009	7	44945423101
11	13109403780009	8	44945464587
11	13109403780009	9	44945431320
11	13109403780009	10	44945414086
TOTAL	11	13109403780009	449454244916
19	13109403780009	0	1
19	13109403780009	1	24969662732
19	13109403780009	2	24969676229
19	13109403780009	3	24969721368
19	13109403780009	4	24969700241
19	13109403780009	5	24969663269
19	13109403780009	6	24969663199
19	13109403780009	7	24969676133
19	13109403780009	8	24969680223
19	13109403780009	9	24969660832
19	13109403780009	10	24969742894
19	13109403780009	11	24969657020
19	13109403780009	12	24969677445
19	13109403780009	13	24969678541
19	13109403780009	14	24969712452
19	13109403780009	15	24969647529
19	13109403780009	16	24969659988
19	13109403780009	17	24969663839
19	13109403780009	18	24969700981
TOTAL	19	13109403780009	449454244916
23	13109403780009	0	1
23	13109403780009	1	20429731940
23	13109403780009	2	20429721970
23	13109403780009	3	20429717763
23	13109403780009	4	20429701425
23	13109403780009	5	20429738265
23	13109403780009	6	20429751406
23	13109403780009	7	20429759538
23	13109403780009	8	20429764380
23	13109403780009	9	20429728888
23	13109403780009	10	20429773689
23	13109403780009	11	20429726476
23	13109403780009	12	20429784371
23	13109403780009	13	20429705069
23	13109403780009	14	20429721629
23	13109403780009	15	20429693920
23	13109403780009	16	20429706773
23	13109403780009	17	20429707447
23	13109403780009	18	20429724493
23	13109403780009	19	20429796379
23	13109403780009	20	20429761420
23	13109403780009	21	20429785088
23	13109403780009	22	20429742586
TOTAL	23	13109403780009	449454244916
7	13727016344541	0	1
7	13727016344541	1	78314382044
7	13727016344541	2	78314361971
7	13727016344541	3	78314375285
7	13727016344541	4	78314407385
7	13727016344541	5	78314429622
7	13727016344541	6	78314423119
TOTAL	7	13727016344541	469886379427
8	13727016344541	0	0
8	13727016344541	1	117471513832
8	13727016344541	2	1
8	13727016344541	3	117471634565
8	13727016344541	4	0
8	13727016344541	5	117471600219
8	13727016344541	6	0
8	13727016344541	7	117471630810
TOTAL	8	13727016344541	469886379427
11	13727016344541	0	1
11	13727016344541	1	46988621756
11	13727016344541	2	46988602609
11	13727016344541	3	46988605144
11	13727016344541	4	46988677044
11	13727016344541	5	46988646710
11	13727016344541	6	46988638575
11	13727016344541	7	46988629475
11	13727016344541	8	46988653465
11	13727016344541	9	46988657559
11	13727016344541	10	46988647089
TOTAL	11	13727016344541	469886379427
19	13727016344541	0	1
19	13727016344541	1	26104768947
19	13727016344541	2	26104810590
19	13727016344541	3	26104865942
19	13727016344541	4	26104807346
19	13727016344541	5	26104785883
19	13727016344541	6	26104789607
19	13727016344541	7	26104800796
19	13727016344541	8	26104807627
19	13727016344541	9	26104755574
19	13727016344541	10	26104870485
19	13727016344541	11	26104761269
19	13727016344541	12	26104768008
19	13727016344541	13	26104812040
19	13727016344541	14	26104834756
19	13727016344541	15	26104777339
19	13727016344541	16	26104772827
19	13727016344541	17	26104779513
19	13727016344541	18	26104810877
TOTAL	19	13727016344541	469886379427
23	13727016344541	0	1
23	13727016344541	1	21358475895
23	13727016344541	2	21358451097
23	13727016344541	3	21358456277
23	13727016344541	4	21358436453
23	13727016344541	5	21358459621
23	13727016344541	6	21358477966
23	13727016344541	7	21358486245
23	13727016344541	8	21358500861
23	13727016344541	9	21358460724
23	13727016344541	10	21358516993
23	13727016344541	11	21358449522
23	13727016344541	12	21358501670
23	13727016344541	13	21358457229
23	13727016344541	14	21358465889
23	13727016344541	15	21358438672
23	13727016344541	16	21358426856
23	13727016344541	17	21358446293
23	13727016344541	18	21358462324
23	13727016344541	19	21358533355
23	13727016344541	20	21358474257
23	13727016344541	21	21358524330
23	13727016344541	22	21358476897
TOTAL	23	13727016344541	469886379427
7	14373725982157	0	1
7	14373725982157	1	81874727068
7	14373725982157	2	81874754304
7	14373725982157	3	81874756771
7	14373725982157	4	81874765541
7	14373725982157	5	81874758041
7	14373725982157	6	81874769500
TOTAL	7	14373725982157	491248531226
8	14373725982157	0	0
8	14373725982157	1	122812041727
8	14373725982157	2	1
8	14373725982157	3	122812195907
8	14373725982157	4	0
8	14373725982157	5	122812129822
8	14373725982157	6	0
8	14373725982157	7	122812163769
TOTAL	8	14373725982157	491248531226
11	14373725982157	0	1
11	14373725982157	1	49124810495
11	14373725982157	2	49124833664
11	14373725982157	3	49124804593
11	14373725982157	4	49124902948
11	14373725982157	5	49124856299
11	14373725982157	6	49124860555
11	14373725982157	7	49124854762
11	14373725982157	8	49124872124
11	14373725982157	9	49124863962
11	14373725982157	10	49124871823
TOTAL	11	14373725982157	491248531226
19	14373725982157	0	1
19	14373725982157	1	27291538162
19	14373725982157	2	27291604953
19	14373725982157	3	27291647316
19	14373725982157	4	27291587550
19	14373725982157	5	27291572633
19	14373725982157	6	27291552610
19	14373725982157	7	27291596016
19	14373725982157	8	27291615370
19	14373725982157	9	27291543988
19	14373725982157	10	27291659651
19	14373725982157	11	27291554560
19	14373725982157	12	27291565945
19	14373725982157	13	27291595254
19	14373725982157	14	27291599987
19	14373725982157	15	27291556351
19	14373725982157	16	27291576805
19	14373725982157	17	27291555837
19	14373725982157	18	27291608237
TOTAL	19	14373725982157	491248531226
23	14373725982157	0	1
23	14373725982157	1	22329502477
23	14373725982157	2	22329467319
23	14373725982157	3	22329462562
23	14373725982157	4	22329404090
23	14373725982157	5	22329483961
23	14373725982157	6	22329460396
23	14373725982157	7	22329494328
23	14373725982157	8	22329519035
23	14373725982157	9	22329472793
23	14373725982157	10	22329521390
23	14373725982157	11	22329461316
23	14373725982157	12	22329496803
23	14373725982157	13	22329480916
23	14373725982157	14	22329465009
23	14373725982157	15	22329428844
23	14373725982157	16	22329419695
23	14373725982157	17	22329461171
23	14373725982157	18	22329479029
23	14373725982157	19	22329518681
23	14373725982157	20	22329489762
23	14373725982157	21	22329525427
23	14373725982157	22	22329516221
TOTAL	23	14373725982157	491248531226
7	15050903519343	0	1
7	15050903519343	1	85597139060
7	15050903519343	2	85597190530
7	15050903519343	3	85597211145
7	15050903519343	4	85597189402
7	15050903519343	5	85597218687
7	15050903519343	6	85597229884
TOTAL	7	15050903519343	513583178709
8	15050903519343	0	0
8	15050903519343	1	128395684727
8	15050903519343	2	1
8	15050903519343	3	128395814378
8	15050903519343	4	0
8	15050903519343	5	128395814321
8	15050903519343	6	0
8	15050903519343	7	128395865282
TOTAL	8	15050903519343	513583178709
11	15050903519343	0	1
11	15050903519343	1	51358277094
11	15050903519343	2	51358308518
11	15050903519343	3	51358247127
11	15050903519343	4	51358355384
11	15050903519343	5	51358317946
11	15050903519343	6	51358351559
11	15050903519343	7	51358302722
11	15050903519343	8	51358346888
11	15050903519343	9	51358339074
11	15050903519343	10	51358332396
TOTAL	11	15050903519343	513583178709
19	15050903519343	0	1
19	15050903519343	1	28532358646
19	15050903519343	2	28532401802
19	15050903519343	3	28532463048
19	15050903519343	4	28532414174
19	15050903519343	5	28532403167
19	15050903519343	6	28532345289
19	15050903519343	7	28532414367
19	15050903519343	8	28532422380
19	15050903519343	9	28532355358
19	15050903519343	10	28532455171
19	15050903519343	11	28532405338
19	15050903519343	12	28532376871
19	15050903519343	13	28532399987
19	15050903519343	14	28532400915
19	15050903519343	15	28532369489
19	15050903519343	16	28532397417
19	15050903519343	17	28532377510
19	15050903519343	18	28532417779
TOTAL	19	15050903519343	513583178709
23	15050903519343	0	1
23	15050903519343	1	23344711609
23	15050903519343	2	23344679712
23	15050903519343	3	23344688784
23	15050903519343	4	23344619671
23	15050903519343	5	23344680816
23	15050903519343	6	23344676389
23	15050903519343	7	23344717321
23	15050903519343	8	23344703435
23	15050903519343	9	23344685842
23	15050903519343	10	23344736231
23	15050903519343	11	23344650456
23	15050903519343	12	23344699895
23	15050903519343	13	23344710457
23	15050903519343	14	23344662057
23	15050903519343	15	23344656648
23	15050903519343	16	23344635174
23	15050903519343	17	23344658617
23	15050903519343	18	23344686164
23	15050903519343	19	23344736090
23	15050903519343	20	23344697028
23	15050903519343	21	23344751555
23	15050903519343	22	23344734757
TOTAL	23	15050903519343	513583178709
7	15759984365207	0	1
7	15759984365207	1	89489040524
7	15759984365207	2	89489110791
7	15759984365207	3	89489107008
7	15759984365207	4	89489103353
7	15759984365207	5	89489097035
7	15759984365207	6	89489144246
TOTAL	7	15759984365207	536934602958
8	15759984365207	0	0
8	15759984365207	1	134233512973
8	15759984365207	2	1
8	15759984365207	3	134233637695
8	15759984365207	4	0
8	15759984365207	5	134233717928
8	15759984365207	6	0
8	15759984365207	7	134233734361
TOTAL	8	15759984365207	536934602958
11	15759984365207	0	1
11	15759984365207	1	53693415722
11	15759984365207	2	53693446663
11	15759984365207	3	53693378762
11	15759984365207	4	53693502439
11	15759984365207	5	53693428157
11	15759984365207	6	53693508844
11	15759984365207	7	53693435939
11	15759984365207	8	53693504939
11	15759984365207	9	53693480294
11	15759984365207	10	53693501198
TOTAL	11	15759984365207	536934602958
19	15759984365207	0	1
19	15759984365207	1	29829650605
19	15759984365207	2	29829719234
19	15759984365207	3	29829751463
19	15759984365207	4	29829734633
19	15759984365207	5	29829706977
19	15759984365207	6	29829645558
19	15759984365207	7	29829724467
19	15759984365207	8	29829719797
19	15759984365207	9	29829653137
19	15759984365207	10	29829764104
19	15759984365207	11	29829720275
19	15759984365207	12	29829678305
19	15759984365207	13	29829674916
19	15759984365207	14	29829699020
19	15759984365207	15	29829664192
19	15759984365207	16	29829685593
19	15759984365207	17	29829688674
19	15759984365207	18	29829722007
TOTAL	19	15759984365207	536934602958
23	15759984365207	0	1
23	15759984365207	1	24406140537
23	15759984365207	2	24406102547
23	15759984365207	3	24406124387
23	15759984365207	4	24406057362
23	15759984365207	5	24406112363
23	15759984365207	6	24406124543
23	15759984365207	7	24406144839
23	15759984365207	8	24406138299
23	15759984365207	9	24406133012
23	15759984365207	10	24406136511
23	15759984365207	11	24406084976
23	15759984365207	12	24406111229
23	15759984365207	13	24406154067
23	15759984365207	14	24406085995
23	15759984365207	15	24406075741
23	15759984365207	16	24406058303
23	15759984365207	17	24406092156
23	15759984365207	18	24406128496
23	15759984365207	19	24406146400
23	15759984365207	20	24406125124
23	15759984365207	21	24406178955
23	15759984365207	22	24406147115
TOTAL	23	15759984365207	536934602958
7	16502471554108	0	1
7	16502471554108	1	93558116565
7	16502471554108	2	93558172962
7	16502471554108	3	93558211539
7	16502471554108	4	93558200651
7	16502471554108	5	93558226929
7	16502471554108	6	93558227722
TOTAL	7	16502471554108	561349156369
8	16502471554108	0	0
8	16502471554108	1	140337157156
8	16502471554108	2	1
8	16502471554108	3	140337266237
8	16502471554108	4	0
8	16502471554108	5	140337361737
8	16502471554108	6	0
8	16502471554108	7	140337371238
TOTAL	8	16502471554108	561349156369
11	16502471554108	0	1
11	16502471554108	1	56134897129
11	16502471554108	2	56134920328
11	16502471554108	3	56134818848
11	16502471554108	4	56134944158
11	16502471554108	5	56134885883
11	16502471554108	6	56134939184
11	16502471554108	7	56134898997
11	16502471554108	8	56134965246
11	16502471554108	9	56134922694
11	16502471554108	10	56134963901
TOTAL	11	16502471554108	561349156369
19	16502471554108	0	1
19	16502471554108	1	31186017161
19	16502471554108	2	31186055715
19	16502471554108	3	31186106764
19	16502471554108	4	31186099050
19	16502471554108	5	31186054615
19	16502471554108	6	31186014265
19	16502471554108	7	31186107111
19	16502471554108	8	31186081149
19	16502471554108	9	31185995479
19	16502471554108	10	31186132892
19	16502471554108	11	31186079209
19	16502471554108	12	31186051378
19	16502471554108	13	31186067305
19	16502471554108	14	31186045976
19	16502471554108	15	31186041782
19	16502471554108	16	31186044995
19	16502471554108	17	31186060323
19	16502471554108	18	31186101199
TOTAL	19	16502471554108	561349156369
23	16502471554108	0	1
23	16502471554108	1	25515893837
23	16502471554108	2	25515849982
23	16502471554108	3	25515892953
23	16502471554108	4	25515819543
23	16502471554108	5	25515863715
23	16502471554108	6	25515884199
23	16502471554108	7	25515903700
23	16502471554108	8	25515882934
23	16502471554108	9	25515884140
23	16502471554108	10	25515887515
23	16502471554108	11	25515860249
23	16502471554108	12	25515862711
23	16502471554108	13	25515886541
23	16502471554108	14	25515864669
23	16502471554108	15	25515836918
23	16502471554108	16	25515812903
23	16502471554108	17	25515820897
23	16502471554108	18	25515877916
23	16502471554108	19	25515890603
23	16502471554108	20	25515865210
23	16502471554108	21	25515926969
23	16502471554108	22	25515888264
TOTAL	23	16502471554108	561349156369
7	17279938931625	0	1
7	17279938931625	1	97812455944
7	17279938931625	2	97812539209
7	17279938931625	3	97812575778
7	17279938931625	4	97812564925
7	17279938931625	5	97812539312
7	17279938931625	6	97812592354
TOTAL	7	17279938931625	586875267523
8	17279938931625	0	0
8	17279938931625	1	146718693535
8	17279938931625	2	1
8	17279938931625	3	146718832089
8	17279938931625	4	0
8	17279938931625	5	146718845123
8	17279938931625	6	0
8	17279938931625	7	146718896775
TOTAL	8	17279938931625	586875267523
11	17279938931625	0	1
11	17279938931625	1	58687483724
11	17279938931625	2	58687532670
11	17279938931625	3	58687439484
11	17279938931625	4	58687558518
11	17279938931625	5	58687506814
11	17279938931625	6	58687556677
11	17279938931625	7	58687531707
11	17279938931625	8	58687557844
11	17279938931625	9	58687555362
11	17279938931625	10	58687544722
TOTAL	11	17279938931625	586875267523
19	17279938931625	0	1
19	17279938931625	1	32604110857
19	17279938931625	2	32604185533
19	17279938931625	3	32604227978
19	17279938931625	4	32604205312
19	17279938931625	5	32604176476
19	17279938931625	6	32604140076
19	17279938931625	7	32604221003
19	17279938931625	8	32604216939
19	17279938931625	9	32604107728
19	17279938931625	10	32604246991
19	17279938931625	11	32604184537
19	17279938931625	12	32604176798
19	17279938931625	13	32604184327
19	17279938931625	14	32604147775
19	17279938931625	15	32604146640
19	17279938931625	16	32604166044
19	17279938931625	17	32604196125
19	17279938931625	18	32604226383
TOTAL	19	17279938931625	586875267523
23	17279938931625	0	1
23	17279938931625	1	26676158857
23	17279938931625	2	26676128748
23	17279938931625	3	26676151311
23	17279938931625	4	26676102229
23	17279938931625	5	26676163958
23	17279938931625	6	26676160679
23	17279938931625	7	26676197596
23	17279938931625	8	26676158639
23	17279938931625	9	26676153518
23	17279938931625	10	26676178667
23	17279938931625	11	26676140239
23	17279938931625	12	26676139379
23	17279938931625	13	26676172431
23	17279938931625	14	26676142416
23	17279938931625	15	26676104759
23	17279938931625	16	26676075682
23	17279938931625	17	26676108272
23	17279938931625	18	26676159439
23	17279938931625	19	26676166055
23	17279938931625	20	26676140702
23	17279938931625	21	26676197301
23	17279938931625	22	26676166645
TOTAL	23	17279938931625	586875267523
7	18094034490631	0	1
7	18094034490631	1	102260545684
7	18094034490631	2	102260604779
7	18094034490631	3	102260611773
7	18094034490631	4	102260620570
7	18094034490631	5	102260615818
7	18094034490631	6	102260646141
TOTAL	7	18094034490631	613563644766
8	18094034490631	0	0
8	18094034490631	1	153390806003
8	18094034490631	2	1
8	18094034490631	3	153390936350
8	18094034490631	4	0
8	18094034490631	5	153390923164
8	18094034490631	6	0
8	18094034490631	7	153390979248
TOTAL	8	18094034490631	613563644766
11	18094034490631	0	1
11	18094034490631	1	61356317570
11	18094034490631	2	61356369178
11	18094034490631	3	61356293592
11	18094034490631	4	61356385749
11	18094034490631	5	61356349879
11	18094034490631	6	61356439639
11	18094034490631	7	61356363738
11	18094034490631	8	61356396364
11	18094034490631	9	61356354351
11	18094034490631	10	61356374705
TOTAL	11	18094034490631	613563644766
19	18094034490631	0	1
19	18094034490631	1	34086815562
19	18094034490631	2	34086850701
19	18094034490631	3	34086903906
19	18094034490631	4	34086896595
19	18094034490631	5	34086876054
19	18094034490631	6	34086827659
19	18094034490631	7	34086894681
19	18094034490631	8	34086886898
19	18094034490631	9	34086790801
19	18094034490631	10	34086923299
19	18094034490631	11	34086881105
19	18094034490631	12	34086869081
19	18094034490631	13	34086886179
19	18094034490631	14	34086837460
19	18094034490631	15	34086824214
19	18094034490631	16	34086857572
19	18094034490631	17	34086885780
19	18094034490631	18	34086937218
TOTAL	19	18094034490631	613563644766
23	18094034490631	0	1
23	18094034490631	1	27889263890
23	18094034490631	2	27889229054
23	18094034490631	3	27889259515
23	18094034490631	4	27889208560
23	18094034490631	5	27889284901
23	18094034490631	6	27889270092
23	18094034490631	7	27889296986
23	18094034490631	8	27889259862
23	18094034490631	9	27889281015
23	18094034490631	10	27889258113
23	18094034490631	11	27889263475
23	18094034490631	12	27889258297
23	18094034490631	13	27889289816
23	18094034490631	14	27889232720
23	18094034490631	15	27889229035
23	18094034490631	16	27889203258
23	18094034490631	17	27889215992
23	18094034490631	18	27889255712
23	18094034490631	19	27889255781
23	18094034490631	20	27889266972
23	18094034490631	21	27889294575
23	18094034490631	22	27889267144
TOTAL	23	18094034490631	613563644766
7	18946483864533	0	1
7	18946483864533	1	106911167987
7	18946483864533	2	106911200347
7	18946483864533	3	106911186215
7	18946483864533	4	106911210764
7	18946483864533	5	106911213202
7	18946483864533	6	106911245955
TOTAL	7	18946483864533	641467224471
8	18946483864533	0	0
8	18946483864533	1	160366666360
8	18946483864533	2	1
8	18946483864533	3	160366832947
8	18946483864533	4	0
8	18946483864533	5	160366818376
8	18946483864533	6	0
8	18946483864533	7	160366906787
TOTAL	8	18946483864533	641467224471
11	18946483864533	0	1
11	18946483864533	1	64146669722
11	18946483864533	2	64146763407
11	18946483864533	3	64146674892
11	18946483864533	4	64146728657
11	18946483864533	5	64146669919
11	18946483864533	6	64146781885
11	18946483864533	7	64146739251
11	18946483864533	8	64146721274
11	18946483864533	9	64146719582
11	18946483864533	10	64146755881
TOTAL	11	18946483864533	641467224471
19	18946483864533	0	1
19	18946483864533	1	35637013927
19	18946483864533	2	35637041855
19	18946483864533	3	35637105654
19	18946483864533	4	35637098411
19	18946483864533	5	35637049829
19	18946483864533	6	35637042545
19	18946483864533	7	35637104882
19	18946483864533	8	35637089147
19	18946483864533	9	35636983441
19	18946483864533	10	35637117904
19	18946483864533	11	35637066175
19	18946483864533	12	35637069627
19	18946483864533	13	35637093533
19	18946483864533	14	35637041998
19	18946483864533	15	35637031284
19	18946483864533	16	35637070350
19	18946483864533	17	35637088084
19	18946483864533	18	35637115824
TOTAL	19	18946483864533	641467224471
23	18946483864533	0	1
23	18946483864533	1	29157593365
23	18946483864533	2	29157580155
23	18946483864533	3	29157618253
23	18946483864533	4	29157565393
23	18946483864533	5	29157625137
23	18946483864533	6	29157625004
23	18946483864533	7	29157633007
23	18946483864533	8	29157592533
23	18946483864533	9	29157595383
23	18946483864533	10	29157608878
23	18946483864533	11	29157592660
23	18946483864533	12	29157598082
23	18946483864533	13	29157621219
23	18946483864533	14	29157564778
23	18946483864533	15	29157578864
23	18946483864533	16	29157531511
23	18946483864533	17	29157582504
23	18946483864533	18	29157611290
23	18946483864533	19	29157610911
23	18946483864533	20	29157624630
23	18946483864533	21	29157654965
23	18946483864533	22	29157615948
TOTAL	23	18946483864533	641467224471
7	19839093985085	0	1
7	19839093985085	1	111773513722
7	19839093985085	2	111773559032
7	19839093985085	3	111773585042
7	19839093985085	4	111773563921
7	19839093985085	5	111773607050
7	19839093985085	6	111773601483
TOTAL	7	19839093985085	670641430251
8	19839093985085	0	0
8	19839093985085	1	167660211431
8	19839093985085	2	1
8	19839093985085	3	167660391692
8	19839093985085	4	0
8	19839093985085	5	167660388450
8	19839093985085	6	0
8	19839093985085	7	167660438677
TOTAL	8	19839093985085	670641430251
11	19839093985085	0	1
11	19839093985085	1	67064117788
11	19839093985085	2	67064163456
11	19839093985085	3	67064078926
11	19839093985085	4	67064149275
11	19839093985085	5	67064115867
11	19839093985085	6	67064205763
11	19839093985085	7	67064152847
11	19839093985085	8	67064138258
11	19839093985085	9	67064157107
11	19839093985085	10	67064150963
TOTAL	11	19839093985085	670641430251
19	19839093985085	0	1
19	19839093985085	1	37257829155
19	19839093985085	2	37257820518
19	19839093985085	3	37257857701
19	19839093985085	4	37257897490
19	19839093985085	5	37257846334
19	19839093985085	6	37257837292
19	19839093985085	7	37257892014
19	19839093985085	8	37257893643
19	19839093985085	9	37257766880
19	19839093985085	10	37257900820
19	19839093985085	11	37257854230
19	19839093985085	12	37257879950
19	19839093985085	13	37257882757
19	19839093985085	14	37257835999
19	19839093985085	15	37257812636
19	19839093985085	16	37257844105
19	19839093985085	17	37257865271
19	19839093985085	18	37257913455
TOTAL	19	19839093985085	670641430251
23	19839093985085	0	1
23	19839093985085	1	30483697837
23	19839093985085	2	30483714413
23	19839093985085	3	30483692879
23	19839093985085	4	30483648809
23	19839093985085	5	30483722034
23	19839093985085	6	30483697752
23	19839093985085	7	30483730644
23	19839093985085	8	30483698065
23	19839093985085	9	30483730641
23	19839093985085	10	30483702862
23	19839093985085	11	30483698173
23	19839093985085	12	30483710036
23	19839093985085	13	30483697511
23	19839093985085	14	30483669025
23	19839093985085	15	30483672008
23	19839093985085	16	30483631962
23	19839093985085	17	30483707113
23	19839093985085	18	30483722622
23	19839093985085	19	30483693435
23	19839093985085	20	30483717512
23	19839093985085	21	30483746116
23	19839093985085	22	30483728801
TOTAL	23	19839093985085	670641430251
7	20773756912534	0	1
7	20773756912534	1	116857329250
7	20773756912534	2	116857372580
7	20773756912534	3	116857402481
7	20773756912534	4	116857384872
7	20773756912534	5	116857367286
7	20773756912534	6	116857409842
TOTAL	7	20773756912534	701144266312
8	20773756912534	0	0
8	20773756912534	1	175285913070
8	20773756912534	2	1
8	20773756912534	3	175286097131
8	20773756912534	4	0
8	20773756912534	5	175286144954
8	20773756912534	6	0
8	20773756912534	7	175286111156
TOTAL	8	20773756912534	701144266312
11	20773756912534	0	1
11	20773756912534	1	70114378568
11	20773756912534	2	70114453344
11	20773756912534	3	70114390908
11	20773756912534	4	70114426048
11	20773756912534	5	70114383252
11	20773756912534	6	70114481419
11	20773756912534	7	70114440292
11	20773756912534	8	70114414183
11	20773756912534	9	70114450850
11	20773756912534	10	70114447447
TOTAL	11	20773756912534	701144266312
19	20773756912534	0	1
19	20773756912534	1	38952464560
19	20773756912534	2	38952417259
19	20773756912534	3	38952461175
19	20773756912534	4	38952521862
19	20773756912534	5	38952471141
19	20773756912534	6	38952443068
19	20773756912534	7	38952509525
19	20773756912534	8	38952477663
19	20773756912534	9	38952351726
19	20773756912534	10	38952496295
19	20773756912534	11	38952453521
19	20773756912534	12	38952460676
19	20773756912534	13	38952466791
19	20773756912534	14	38952417810
19	20773756912534	15	38952415330
19	20773756912534	16	38952456390
19	20773756912534	17	38952466924
19	20773756912534	18	38952514595
TOTAL	19	20773756912534	701144266312
23	20773756912534	0	1
23	20773756912534	1	31870170428
23	20773756912534	2	31870199537
23	20773756912534	3	31870180729
23	20773756912534	4	31870163322
23	20773756912534	5	31870227612
23	20773756912534	6	31870199414
23	20773756912534	7	31870200039
23	20773756912534	8	31870211474
23	20773756912534	9	31870225435
23	20773756912534	10	31870196595
23	20773756912534	11	31870188297
23	20773756912534	12	31870224078
23	20773756912534	13	31870205481
23	20773756912534	14	31870151720
23	20773756912534	15	31870167885
23	20773756912534	16	31870126780
23	20773756912534	17	31870189533
23	20773756912534	18	31870209263
23	20773756912534	19	31870175084
23	20773756912534	20	31870190463
23	20773756912534	21	31870242429
23	20773756912534	22	31870220713
TOTAL	23	20773756912534	701144266312
7	21752453846202	0	1
7	21752453846202	1	122172679400
7	21752453846202	2	122172731638
7	21752453846202	3	122172759594
7	21752453846202	4	122172687238
7	21752453846202	5	122172670713
7	21752453846202	6	122172702903
TOTAL	7	21752453846202	733036231487
8	21752453846202	0	0
8	21752453846202	1	183258876208
8	21752453846202	2	1
8	21752453846202	3	183259109443
8	21752453846202	4	0
8	21752453846202	5	183259136781
8	21752453846202	6	0
8	21752453846202	7	183259109054
TOTAL	8	21752453846202	733036231487
11	21752453846202	0	1
11	21752453846202	1	73303593330
11	21752453846202	2	73303649041
11	21752453846202	3	73303575268
11	21752453846202	4	73303616439
11	21752453846202	5	73303537422
11	21752453846202	6	73303694093
11	21752453846202	7	73303663792
11	21752453846202	8	73303589274
11	21752453846202	9	73303669202
11	21752453846202	10	73303643625
TOTAL	11	21752453846202	733036231487
19	21752453846202	0	1
19	21752453846202	1	40724221212
19	21752453846202	2	40724195886
19	21752453846202	3	40724254068
19	21752453846202	4	40724259566
19	21752453846202	5	40724243201
19	21752453846202	6	40724201714
19	21752453846202	7	40724305721
19	21752453846202	8	40724261680
19	21752453846202	9	40724153153
19	21752453846202	10	40724263532
19	21752453846202	11	40724213641
19	21752453846202	12	40724249090
19	21752453846202	13	40724228678
19	21752453846202	14	40724205970
19	21752453846202	15	40724186677
19	21752453846202	16	40724219775
19	21752453846202	17	40724260341
19	21752453846202	18	40724307581
TOTAL	19	21752453846202	733036231487
23	21752453846202	0	1
23	21752453846202	1	33319801933
23	21752453846202	2	33319838440
23	21752453846202	3	33319835767
23	21752453846202	4	33319806875
23	21752453846202	5	33319866316
23	21752453846202	6	33319826250
23	21752453846202	7	33319822684
23	21752453846202	8	33319845472
23	21752453846202	9	33319836625
23	21752453846202	10	33319822448
23	21752453846202	11	33319852612
23	21752453846202	12	33319852101
23	21752453846202	13	33319831921
23	21752453846202	14	33319799278
23	21752453846202	15	33319819513
23	21752453846202	16	33319761889
23	21752453846202	17	33319834491
23	21752453846202	18	33319812833
23	21752453846202	19	33319815487
23	21752453846202	20	33319832604
23	21752453846202	21	33319853593
23	21752453846202	22	33319862354
TOTAL	23	21752453846202	733036231487
7	22777259324031	0	1
7	22777259324031	1	127730035759
7	22777259324031	2	127730123597
7	22777259324031	3	127730134163
7	22777259324031	4	127730082190
7	22777259324031	5	127730132520
7	22777259324031	6	127730128520
TOTAL	7	22777259324031	766380636750
8	22777259324031	0	0
8	22777259324031	1	191595008152
8	22777259324031	2	1
8	22777259324031	3	191595185092
8	22777259324031	4	0
8	22777259324031	5	191595235596
8	22777259324031	6	0
8	22777259324031	7	191595207909
TOTAL	8	22777259324031	766380636750
11	22777259324031	0	1
11	22777259324031	1	76638023743
11	22777259324031	2	76638103106
11	22777259324031	3	76638033142
11	22777259324031	4	76638049209
11	22777259324031	5	76637977452
11	22777259324031	6	76638135593
11	22777259324031	7	76638100193
11	22777259324031	8	76638027900
11	22777259324031	9	76638090378
11	22777259324031	10	76638096033
TOTAL	11	22777259324031	766380636750
19	22777259324031	0	1
19	22777259324031	1	42576654604
19	22777259324031	2	42576674755
19	22777259324031	3	42576729167
19	22777259324031	4	42576745398
19	22777259324031	5	42576690195
19	22777259324031	6	42576684943
19	22777259324031	7	42576779609
19	22777259324031	8	42576717807
19	22777259324031	9	42576640924
19	22777259324031	10	42576741475
19	22777259324031	11	42576672295
19	22777259324031	12	42576709065
19	22777259324031	13	42576715716
19	22777259324031	14	42576648719
19	22777259324031	15	42576658646
19	22777259324031	16	42576681886
19	22777259324031	17	42576718641
19	22777259324031	18	42576772904
TOTAL	19	22777259324031	766380636750
23	22777259324031	0	1
23	22777259324031	1	34835428244
23	22777259324031	2	34835483975
23	22777259324031	3	34835474388
23	22777259324031	4	34835458833
23	22777259324031	5	34835530907
23	22777259324031	6	34835465917
23	22777259324031	7	34835484387
23	22777259324031	8	34835525131
23	22777259324031	9	34835508081
23	22777259324031	10	34835489413
23	22777259324031	11	34835512668
23	22777259324031	12	34835523849
23	22777259324031	13	34835492708
23	22777259324031	14	34835454388
23	22777259324031	15	34835420839
23	22777259324031	16	34835452451
23	22777259324031	17	34835483245
23	22777259324031	18	34835462023
23	22777259324031	19	34835489849
23	22777259324031	20	34835488437
23	22777259324031	21	34835522479
23	22777259324031	22	34835484537
TOTAL	23	22777259324031	766380636750
7	23850345619961	0	1
7	23850345619961	1	133540538139
7	23850345619961	2	133540642740
7	23850345619961	3	133540652214
7	23850345619961	4	133540576365
7	23850345619961	5	133540628715
7	23850345619961	6	133540670488
TOTAL	7	23850345619961	801243708662
8	23850345619961	0	0
8	23850345619961	1	200310798230
8	23850345619961	2	1
8	23850345619961	3	200311007894
8	23850345619961	4	0
8	23850345619961	5	200310972769
8	23850345619961	6	0
8	23850345619961	7	200310929768
TOTAL	8	23850345619961	801243708662
11	23850345619961	0	1
11	23850345619961	1	80124335377
11	23850345619961	2	80124437727
11	23850345619961	3	80124346468
11	23850345619961	4	80124349817
11	23850345619961	5	80124274770
11	23850345619961	6	80124445453
11	23850345619961	7	80124410070
11	23850345619961	8	80124321066
11	23850345619961	9	80124371238
11	23850345619961	10	80124416675
TOTAL	11	23850345619961	801243708662
19	23850345619961	0	1
19	23850345619961	1	44513513036
19	23850345619961	2	44513528422
19	23850345619961	3	44513563873
19	23850345619961	4	44513582991
19	23850345619961	5	44513539416
19	23850345619961	6	44513533843
19	23850345619961	7	44513598566
19	23850345619961	8	44513551092
19	23850345619961	9	44513459796
19	23850345619961	10	44513585290
19	23850345619961	11	44513539868
19	23850345619961	12	44513548700
19	23850345619961	13	44513546894
19	23850345619961	14	44513444031
19	23850345619961	15	44513528863
19	23850345619961	16	44513497356
19	23850345619961	17	44513526679
19	23850345619961	18	44513619945
TOTAL	19	23850345619961	801243708662
23	23850345619961	0	1
23	23850345619961	1	36420094751
23	23850345619961	2	36420147853
23	23850345619961	3	36420174368
23	23850345619961	4	36420124596
23	23850345619961	5	36420196642
23	23850345619961	6	36420161767
23	23850345619961	7	36420182423
23	23850345619961	8	36420204612
23	23850345619961	9	36420191265
23	23850345619961	10	36420195162
23	23850345619961	11	36420183808
23	23850345619961	12	36420227205
23	23850345619961	13	36420171802
23	23850345619961	14	36420156387
23	23850345619961	15	36420095374
23	23850345619961	16	36420139919
23	23850345619961	17	36420152985
23	23850345619961	18	36420161820
23	23850345619961	19	36420205419
23	23850345619961	20	36420168668
23	23850345619961	21	36420220139
23	23850345619961	22	36420151696
TOTAL	23	23850345619961	801243708662
7	24973987348488	0	1
7	24973987348488	1	139615739012
7	24973987348488	2	139615822981
7	24973987348488	3	139615802123
7	24973987348488	4	139615781974
7	24973987348488	5	139615811635
7	24973987348488	6	139615877355
TOTAL	7	24973987348488	837694835081
8	24973987348488	0	0
8	24973987348488	1	209423582669
8	24973987348488	2	1
8	24973987348488	3	209423805872
8	24973987348488	4	0
8	24973987348488	5	209423732672
8	24973987348488	6	0
8	24973987348488	7	209423713867
TOTAL	8	24973987348488	837694835081
11	24973987348488	0	1
11	24973987348488	1	83769450443
11	24973987348488	2	83769530670
11	24973987348488	3	83769470285
11	24973987348488	4	83769468057
11	24973987348488	5	83769432575
11	24973987348488	6	83769537571
11	24973987348488	7	83769512849
11	24973987348488	8	83769485624
11	24973987348488	9	83769414468
11	24973987348488	10	83769532538
TOTAL	11	24973987348488	837694835081
19	24973987348488	0	1
19	24973987348488	1	46538542818
19	24973987348488	2	46538583154
19	24973987348488	3	46538652288
19	24973987348488	4	46538663368
19	24973987348488	5	46538632226
19	24973987348488	6	46538591521
19	24973987348488	7	46538655794
19	24973987348488	8	46538626745
19	24973987348488	9	46538522753
19	24973987348488	10	46538645690
19	24973987348488	11	46538601557
19	24973987348488	12	46538630569
19	24973987348488	13	46538610578
19	24973987348488	14	46538508579
19	24973987348488	15	46538561416
19	24973987348488	16	46538539450
19	24973987348488	17	46538581865
19	24973987348488	18	46538684709
TOTAL	19	24973987348488	837694835081
23	24973987348488	0	1
23	24973987348488	1	38076963801
23	24973987348488	2	38077002940
23	24973987348488	3	38077053597
23	24973987348488	4	38077003334
23	24973987348488	5	38077091849
23	24973987348488	6	38077024887
23	24973987348488	7	38077066273
23	24973987348488	8	38077044731
23	24973987348488	9	38077052953
23	24973987348488	10	38077070978
23	24973987348488	11	38077048258
23	24973987348488	12	38077096444
23	24973987348488	13	38077025812
23	24973987348488	14	38077024899
23	24973987348488	15	38076977705
23	24973987348488	16	38077001491
23	24973987348488	17	38077036695
23	24973987348488	18	38077030571
23	24973987348488	19	38077091844
23	24973987348488	20	38077032985
23	24973987348488	21	38077074536
23	24973987348488	22	38077018497
TOTAL	23	24973987348488	837694835081
7	26150566286152	0	1
7	26150566286152	1	145967686804
7	26150566286152	2	145967719376
7	26150566286152	3	145967706878
7	26150566286152	4	145967676986
7	26150566286152	5	145967744174
7	26150566286152	6	145967771664
TOTAL	7	26150566286152	875806305883
8	26150566286152	0	0
8	26150566286152	1	218951479887
8	26150566286152	2	1
8	26150566286152	3	218951645355
8	26150566286152	4	0
8	26150566286152	5	218951586686
8	26150566286152	6	0
8	26150566286152	7	218951593954
TOTAL	8	26150566286152	875806305883
11	26150566286152	0	1
11	26150566286152	1	87580596750
11	26150566286152	2	87580671496
11	26150566286152	3	87580628954
11	26150566286152	4	87580607976
11	26150566286152	5	87580539035
11	26150566286152	6	87580696107
11	26150566286152	7	87580658772
11	26150566286152	8	87580622803
11	26150566286152	9	87580592043
11	26150566286152	10	87580691946
TOTAL	11	26150566286152	875806305883
19	26150566286152	0	1
19	26150566286152	1	48655868921
19	26150566286152	2	48655886753
19	26150566286152	3	48655975089
19	26150566286152	4	48655930244
19	26150566286152	5	48655958106
19	26150566286152	6	48655858526
19	26150566286152	7	48655959392
19	26150566286152	8	48655935921
19	26150566286152	9	48655834179
19	26150566286152	10	48655969510
19	26150566286152	11	48655888298
19	26150566286152	12	48655930557
19	26150566286152	13	48655919729
19	26150566286152	14	48655817055
19	26150566286152	15	48655884982
19	26150566286152	16	48655841316
19	26150566286152	17	48655898299
19	26150566286152	18	48655949005
TOTAL	19	26150566286152	875806305883
23	26150566286152	0	1
23	26150566286152	1	39809307165
23	26150566286152	2	39809327042
23	26150566286152	3	39809377686
23	26150566286152	4	39809353673
23	26150566286152	5	39809423107
23	26150566286152	6	39809351503
23	26150566286152	7	39809412390
23	26150566286152	8	39809398406
23	26150566286152	9	39809369697
23	26150566286152	10	39809424620
23	26150566286152	11	39809400846
23	26150566286152	12	39809420525
23	26150566286152	13	39809345462
23	26150566286152	14	39809356788
23	26150566286152	15	39809329942
23	26150566286152	16	39809378384
23	26150566286152	17	39809380553
23	26150566286152	18	39809354029
23	26150566286152	19	39809435144
23	26150566286152	20	39809384183
23	26150566286152	21	39809416218
23	26150566286152	22	39809358519
TOTAL	23	26150566286152	875806305883
7	27382576420175	0	1
7	27382576420175	1	152608952209
7	27382576420175	2	152609003832
7	27382576420175	3	152608982868
7	27382576420175	4	152608939448
7	27382576420175	5	152609030747
7	27382576420175	6	152608978858
TOTAL	7	27382576420175	915653887963
8	27382576420175	0	0
8	27382576420175	1	228913374326
8	27382576420175	2	1
8	27382576420175	3	228913532857
8	27382576420175	4	0
8	27382576420175	5	228913497950
8	27382576420175	6	0
8	27382576420175	7	228913482829
TOTAL	8	27382576420175	915653887963
11	27382576420175	0	1
11	27382576420175	1	91565364200
11	27382576420175	2	91565412414
11	27382576420175	3	91565386182
11	27382576420175	4	91565364409
11	27382576420175	5	91565276377
11	27382576420175	6	91565467405
11	27382576420175	7	91565408944
11	27382576420175	8	91565411708
11	27382576420175	9	91565398522
11	27382576420175	10	91565397801
TOTAL	11	27382576420175	915653887963
19	27382576420175	0	1
19	27382576420175	1	50869615678
19	27382576420175	2	50869659705
19	27382576420175	3	50869713704
19	27382576420175	4	50869676514
19	27382576420175	5	50869685964
19	27382576420175	6	50869612855
19	27382576420175	7	50869710519
19	27382576420175	8	50869726998
19	27382576420175	9	50869589538
19	27382576420175	10	50869726697
19	27382576420175	11	50869631811
19	27382576420175	12	50869665464
19	27382576420175	13	50869644573
19	27382576420175	14	50869562494
19	27382576420175	15	50869654189
19	27382576420175	16	50869609609
19	27382576420175	17	50869668414
19	27382576420175	18	50869733236
TOTAL	19	27382576420175	915653887963
23	27382576420175	0	1
23	27382576420175	1	41620565704
23	27382576420175	2	41620561506
23	27382576420175	3	41620625135
23	27382576420175	4	41620616947
23	27382576420175	5	41620662604
23	27382576420175	6	41620618286
23	27382576420175	7	41620661369
23	27382576420175	8	41620650579
23	27382576420175	9	41620648377
23	27382576420175	10	41620665831
23	27382576420175	11	41620672239
23	27382576420175	12	41620685240
23	27382576420175	13	41620611138
23	27382576420175	14	41620624333
23	27382576420175	15	41620589844
23	27382576420175	16	41620636029
23	27382576420175	17	41620616007
23	27382576420175	18	41620599330
23	27382576420175	19	41620683968
23	27382576420175	20	41620607343
23	27382576420175	21	41620686471
23	27382576420175	22	41620599682
TOTAL	23	27382576420175	915653887963
7	28672629234945	0	1
7	28672629234945	1	159552738865
7	28672629234945	2	159552761367
7	28672629234945	3	159552839228
7	28672629234945	4	159552779324
7	28672629234945	5	159552826506
7	28672629234945	6	159552795559
TOTAL	7	28672629234945	957316740850
8	28672629234945	0	0
8	28672629234945	1	239329106286
8	28672629234945	2	1
8	28672629234945	3	239329264364
8	28672629234945	4	0
8	28672629234945	5	239329224208
8	28672629234945	6	0
8	28672629234945	7	239329145991
TOTAL	8	28672629234945	957316740850
11	28672629234945	0	1
11	28672629234945	1	95731647001
11	28672629234945	2	95731705990
11	28672629234945	3	95731679540
11	28672629234945	4	95731617746
11	28672629234945	5	95731602298
11	28672629234945	6	95731717315
11	28672629234945	7	95731676477
11	28672629234945	8	95731705596
11	28672629234945	9	95731664912
11	28672629234945	10	95731723974
TOTAL	11	28672629234945	957316740850
19	28672629234945	0	1
19	28672629234945	1	53184214350
19	28672629234945	2	53184300503
19	28672629234945	3	53184309424
19	28672629234945	4	53184299207
19	28672629234945	5	53184271620
19	28672629234945	6	53184227244
19	28672629234945	7	53184312851
19	28672629234945	8	53184315138
19	28672629234945	9	53184205982
19	28672629234945	10	53184340264
19	28672629234945	11	53184213728
19	28672629234945	12	53184276463
19	28672629234945	13	53184254806
19	28672629234945	14	53184148627
19	28672629234945	15	53184271309
19	28672629234945	16	53184214285
19	28672629234945	17	53184267933
19	28672629234945	18	53184297115
TOTAL	19	28672629234945	957316740850
23	28672629234945	0	1
23	28672629234945	1	43514331529
23	28672629234945	2	43514302699
23	28672629234945	3	43514370108
23	28672629234945	4	43514396794
23	28672629234945	5	43514443914
23	28672629234945	6	43514384279
23	28672629234945	7	43514440708
23	28672629234945	8	43514404310
23	28672629234945	9	43514403470
23	28672629234945	10	43514421794
23	28672629234945	11	43514446296
23	28672629234945	12	43514450660
23	28672629234945	13	43514373973
23	28672629234945	14	43514374954
23	28672629234945	15	43514391430
23	28672629234945	16	43514421939
23	28672629234945	17	43514391027
23	28672629234945	18	43514374189
23	28672629234945	19	43514432688
23	28672629234945	20	43514361680
23	28672629234945	21	43514452506
23	28672629234945	22	43514369902
TOTAL	23	28672629234945	957316740850
7	30023459247572	0	1
7	30023459247572	1	166812928627
7	30023459247572	2	166812894479
7	30023459247572	3	166812962750
7	30023459247572	4	166812888207
7	30023459247572	5	166813003507
7	30023459247572	6	166812941080
TOTAL	7	30023459247572	1000877618651
8	30023459247572	0	0
8	30023459247572	1	250219348016
8	30023459247572	2	1
8	30023459247572	3	250219480558
8	30023459247572	4	0
8	30023459247572	5	250219409432
8	30023459247572	6	0
8	30023459247572	7	250219380644
TOTAL	8	30023459247572	1000877618651
11	30023459247572	0	1
11	30023459247572	1	100087731238
11	30023459247572	2	100087768891
11	30023459247572	3	100087809302
11	30023459247572	4	100087685179
11	30023459247572	5	100087733583
11	30023459247572	6	100087852017
11	30023459247572	7	100087750361
11	30023459247572	8	100087793244
11	30023459247572	9	100087730151
11	30023459247572	10	100087764684
TOTAL	11	30023459247572	1000877618651
19	30023459247572	0	1
19	30023459247572	1	55604244280
19	30023459247572	2	55604345299
19	30023459247572	3	55604349253
19	30023459247572	4	55604358290
19	30023459247572	5	55604335109
19	30023459247572	6	55604266781
19	30023459247572	7	55604353176
19	30023459247572	8	55604360825
19	30023459247572	9	55604263993
19	30023459247572	10	55604362501
19	30023459247572	11	55604291802
19	30023459247572	12	55604328084
19	30023459247572	13	55604292404
19	30023459247572	14	55604213082
19	30023459247572	15	55604319462
19	30023459247572	16	55604281292
19	30023459247572	17	55604303123
19	30023459247572	18	55604349894
TOTAL	19	30023459247572	1000877618651
23	30023459247572	0	1
23	30023459247572	1	45494390386
23	30023459247572	2	45494362016
23	30023459247572	3	45494441969
23	30023459247572	4	45494436425
23	30023459247572	5	45494480800
23	30023459247572	6	45494438441
23	30023459247572	7	45494459831
23	30023459247572	8	45494436992
23	30023459247572	9	45494465576
23	30023459247572	10	45494473562
23	30023459247572	11	45494464568
23	30023459247572	12	45494470357
23	30023459247572	13	45494408452
23	30023459247572	14	45494419323
23	30023459247572	15	45494413618
23	30023459247572	16	45494428779
23	30023459247572	17	45494396636
23	30023459247572	18	45494415581
23	30023459247572	19	45494472235
23	30023459247572	20	45494433802
23	30023459247572	21	45494481222
23	30023459247572	22	45494428079
TOTAL	23	30023459247572	1000877618651
7	31437929804219	0	1
7	31437929804219	1	174403801120
7	31437929804219	2	174403787706
7	31437929804219	3	174403927367
7	31437929804219	4	174403820730
7	31437929804219	5	174403885396
7	31437929804219	6	174403879885
TOTAL	7	31437929804219	1046423102205
8	31437929804219	0	0
8	31437929804219	1	261605669592
8	31437929804219	2	1
8	31437929804219	3	261605857074
8	31437929804219	4	0
8	31437929804219	5	261605806095
8	31437929804219	6	0
8	31437929804219	7	261605769443
TOTAL	8	31437929804219	1046423102205
11	31437929804219	0	1
11	31437929804219	1	104642270784
11	31437929804219	2	104642312223
11	31437929804219	3	104642349033
11	31437929804219	4	104642197802
11	31437929804219	5	104642278775
11	31437929804219	6	104642411673
11	31437929804219	7	104642296692
11	31437929804219	8	104642350055
11	31437929804219	9	104642270500
11	31437929804219	10	104642364667
TOTAL	11	31437929804219	1046423102205
19	31437929804219	0	1
19	31437929804219	1	58134575082
19	31437929804219	2	58134645225
19	31437929804219	3	58134658610
19	31437929804219	4	58134665514
19	31437929804219	5	58134623121
19	31437929804219	6	58134573370
19	31437929804219	7	58134649233
19	31437929804219	8	58134671295
19	31437929804219	9	58134566942
19	31437929804219	10	58134644307
19	31437929804219	11	58134579703
19	31437929804219	12	58134612940
19	31437929804219	13	58134621837
19	31437929804219	14	58134515083
19	31437929804219	15	58134654284
19	31437929804219	16	58134574468
19	31437929804219	17	58134614699
19	31437929804219	18	58134656491
TOTAL	19	31437929804219	1046423102205
23	31437929804219	0	1
23	31437929804219	1	47564634208
23	31437929804219	2	47564606520
23	31437929804219	3	47564654562
23	31437929804219	4	47564685303
23	31437929804219	5	47564696435
23	31437929804219	6	47564709086
23	31437929804219	7	47564710967
23	31437929804219	8	47564694815
23	31437929804219	9	47564700039
23	31437929804219	10	47564714677
23	31437929804219	11	47564734193
23	31437929804219	12	47564721381
23	31437929804219	13	47564639716
23	31437929804219	14	47564668730
23	31437929804219	15	47564659269
23	31437929804219	16	47564670901
23	31437929804219	17	47564689183
23	31437929804219	18	47564671338
23	31437929804219	19	47564742893
23	31437929804219	20	47564684213
23	31437929804219	21	47564723134
23	31437929804219	22	47564690641
TOTAL	23	31437929804219	1046423102205
7	32919039149526	0	1
7	32919039149526	1	182340615778
7	32919039149526	2	182340582038
7	32919039149526	3	182340673123
7	32919039149526	4	182340609976
7	32919039149526	5	182340646532
7	32919039149526	6	182340667119
TOTAL	7	32919039149526	1094043794567
8	32919039149526	0	0
8	32919039149526	1	273510837215
8	32919039149526	2	1
8	32919039149526	3	273511040989
8	32919039149526	4	0
8	32919039149526	5	273510979386
8	32919039149526	6	0
8	32919039149526	7	273510936976
TOTAL	8	32919039149526	1094043794567
11	32919039149526	0	1
11	32919039149526	1	109404363535
11	32919039149526	2	109404368906
11	32919039149526	3	109404393383
11	32919039149526	4	109404280510
11	32919039149526	5	109404351165
11	32919039149526	6	109404439213
11	32919039149526	7	109404377057
11	32919039149526	8	109404423660
11	32919039149526	9	109404352344
11	32919039149526	10	109404444793
TOTAL	11	32919039149526	1094043794567
19	32919039149526	0	1
19	32919039149526	1	60780179771
19	32919039149526	2	60780235135
19	32919039149526	3	60780228304
19	32919039149526	4	60780252449
19	32919039149526	5	60780241520
19	32919039149526	6	60780161400
19	32919039149526	7	60780245405
19	32919039149526	8	60780211095
19	32919039149526	9	60780147444
19	32919039149526	10	60780264095
19	32919039149526	11	60780175535
19	32919039149526	12	60780217742
19	32919039149526	13	60780221556
19	32919039149526	14	60780140029
19	32919039149526	15	60780231289
19	32919039149526	16	60780196380
19	32919039149526	17	60780192169
19	32919039149526	18	60780253248
TOTAL	19	32919039149526	1094043794567
23	32919039149526	0	1
23	32919039149526	1	49729235556
23	32919039149526	2	49729188837
23	32919039149526	3	49729210033
23	32919039149526	4	49729242727
23	32919039149526	5	49729288352
23	32919039149526	6	49729274211
23	32919039149526	7	49729277652
23	32919039149526	8	49729273092
23	32919039149526	9	49729262178
23	32919039149526	10	49729310481
23	32919039149526	11	49729338522
23	32919039149526	12	49729291168
23	32919039149526	13	49729200875
23	32919039149526	14	49729241671
23	32919039149526	15	49729246685
23	32919039149526	16	49729254139
23	32919039149526	17	49729260174
23	32919039149526	18	49729249984
23	32919039149526	19	49729321643
23	32919039149526	20	49729253559
23	32919039149526	21	49729306377
23	32919039149526	22	49729266650
TOTAL	23	32919039149526	1094043794567
7	34469926781966	0	1
7	34469926781966	1	190639033360
7	34469926781966	2	190638970463
7	34469926781966	3	190639125553
7	34469926781966	4	190638968382
7	34469926781966	5	190639099291
7	34469926781966	6	190639099405
TOTAL	7	34469926781966	1143834296455
8	34469926781966	0	0
8	34469926781966	1	285958426178
8	34469926781966	2	1
8	34469926781966	3	285958646862
8	34469926781966	4	0
8	34469926781966	5	285958647443
8	34469926781966	6	0
8	34469926781966	7	285958575971
TOTAL	8	34469926781966	1143834296455
11	34469926781966	0	1
11	34469926781966	1	114383380962
11	34469926781966	2	114383468766
11	34469926781966	3	114383427692
11	34469926781966	4	114383374670
11	34469926781966	5	114383387009
11	34469926781966	6	114383503491
11	34469926781966	7	114383418332
11	34469926781966	8	114383497635
11	34469926781966	9	114383393703
11	34469926781966	10	114383444194
TOTAL	11	34469926781966	1143834296455
19	34469926781966	0	1
19	34469926781966	1	63546335327
19	34469926781966	2	63546361085
19	34469926781966	3	63546358079
19	34469926781966	4	63546393089
19	34469926781966	5	63546402237
19	34469926781966	6	63546283629
19	34469926781966	7	63546389545
19	34469926781966	8	63546375747
19	34469926781966	9	63546287195
19	34469926781966	10	63546405036
19	34469926781966	11	63546326218
19	34469926781966	12	63546357248
19	34469926781966	13	63546348531
19	34469926781966	14	63546292287
19	34469926781966	15	63546365712
19	34469926781966	16	63546294848
19	34469926781966	17	63546315451
19	34469926781966	18	63546405190
TOTAL	19	34469926781966	1143834296455
23	34469926781966	0	1
23	34469926781966	1	51992453039
23	34469926781966	2	51992406014
23	34469926781966	3	51992404842
23	34469926781966	4	51992467807
23	34469926781966	5	51992519229
23	34469926781966	6	51992470121
23	34469926781966	7	51992512854
23	34469926781966	8	51992457339
23	34469926781966	9	51992473048
23	34469926781966	10	51992478659
23	34469926781966	11	51992515829
23	34469926781966	12	51992493524
23	34469926781966	13	51992393882
23	34469926781966	14	51992430252
23	34469926781966	15	51992473995
23	34469926781966	16	51992478635
23	34469926781966	17	51992433128
23	34469926781966	18	51992442836
23	34469926781966	19	51992543974
23	34469926781966	20	51992486121
23	34469926781966	21	51992499513
23	34469926781966	22	51992461813
TOTAL	23	34469926781966	1143834296455
7	36093880108624	0	1
7	36093880108624	1	199315547045
7	36093880108624	2	199315545499
7	36093880108624	3	199315624166
7	36093880108624	4	199315467362
7	36093880108624	5	199315596041
7	36093880108624	6	199315669566
TOTAL	7	36093880108624	1195893449680
8	36093880108624	0	0
8	36093880108624	1	298973224385
8	36093880108624	2	1
8	36093880108624	3	298973401146
8	36093880108624	4	0
8	36093880108624	5	298973448227
8	36093880108624	6	0
8	36093880108624	7	298973375921
TOTAL	8	36093880108624	1195893449680
11	36093880108624	0	1
11	36093880108624	1	119589245106
11	36093880108624	2	119589401418
11	36093880108624	3	119589381066
11	36093880108624	4	119589310188
11	36093880108624	5	119589311539
11	36093880108624	6	119589387670
11	36093880108624	7	119589348719
11	36093880108624	8	119589375965
11	36093880108624	9	119589313326
11	36093880108624	10	119589374682
TOTAL	11	36093880108624	1195893449680
19	36093880108624	0	1
19	36093880108624	1	66438486641
19	36093880108624	2	66438529028
19	36093880108624	3	66438527551
19	36093880108624	4	66438579444
19	36093880108624	5	66438580317
19	36093880108624	6	66438536834
19	36093880108624	7	66438532986
19	36093880108624	8	66438551679
19	36093880108624	9	66438488781
19	36093880108624	10	66438567735
19	36093880108624	11	66438539545
19	36093880108624	12	66438527615
19	36093880108624	13	66438535311
19	36093880108624	14	66438445959
19	36093880108624	15	66438494758
19	36093880108624	16	66438456322
19	36093880108624	17	66438476457
19	36093880108624	18	66438592716
TOTAL	19	36093880108624	1195893449680
23	36093880108624	0	1
23	36093880108624	1	54358793874
23	36093880108624	2	54358724526
23	36093880108624	3	54358738452
23	36093880108624	4	54358806572
23	36093880108624	5	54358864052
23	36093880108624	6	54358798672
23	36093880108624	7	54358798824
23	36093880108624	8	54358772844
23	36093880108624	9	54358794809
23	36093880108624	10	54358812672
23	36093880108624	11	54358847612
23	36093880108624	12	54358804779
23	36093880108624	13	54358711810
23	36093880108624	14	54358775811
23	36093880108624	15	54358818543
23	36093880108624	16	54358811947
23	36093880108624	17	54358722229
23	36093880108624	18	54358766772
23	36093880108624	19	54358855403
23	36093880108624	20	54358816034
23	36093880108624	21	54358816167
23	36093880108624	22	54358797275
TOTAL	23	36093880108624	1195893449680
7	37794341413493	0	1
7	37794341413493	1	208387520292
7	37794341413493	2	208387501369
7	37794341413493	3	208387584652
7	37794341413493	4	208387411213
7	37794341413493	5	208387587538
7	37794341413493	6	208387611363
TOTAL	7	37794341413493	1250325216428
8	37794341413493	0	0
8	37794341413493	1	312581168488
8	37794341413493	2	1
8	37794341413493	3	312581366133
8	37794341413493	4	0
8	37794341413493	5	312581325109
8	37794341413493	6	0
8	37794341413493	7	312581356697
TOTAL	8	37794341413493	1250325216428
11	37794341413493	0	1
11	37794341413493	1	125032446054
11	37794341413493	2	125032544063
11	37794341413493	3	125032523561
11	37794341413493	4	125032504689
11	37794341413493	5	125032503876
11	37794341413493	6	125032556613
11	37794341413493	7	125032493421
11	37794341413493	8	125032560706
11	37794341413493	9	125032501607
11	37794341413493	10	125032581837
TOTAL	11	37794341413493	1250325216428
19	37794341413493	0	1
19	37794341413493	1	69462480219
19	37794341413493	2	69462521548
19	37794341413493	3	69462538073
19	37794341413493	4	69462591655
19	37794341413493	5	69462537745
19	37794341413493	6	69462516610
19	37794341413493	7	69462528519
19	37794341413493	8	69462509853
19	37794341413493	9	69462484179
19	37794341413493	10	69462536559
19	37794341413493	11	69462497124
19	37794341413493	12	69462474768
19	37794341413493	13	69462514614
19	37794341413493	14	69462438715
19	37794341413493	15	69462506957
19	37794341413493	16	69462481301
19	37794341413493	17	69462475331
19	37794341413493	18	69462582657
TOTAL	19	37794341413493	1250325216428
23	37794341413493	0	1
23	37794341413493	1	56832968699
23	37794341413493	2	56832950578
23	37794341413493	3	56832937931
23	37794341413493	4	56832969159
23	37794341413493	5	56832990720
23	37794341413493	6	56832989886
23	37794341413493	7	56832957234
23	37794341413493	8	56832916091
23	37794341413493	9	56832953508
23	37794341413493	10	56832974863
23	37794341413493	11	56832982387
23	37794341413493	12	56832990109
23	37794341413493	13	56832897394
23	37794341413493	14	56832945433
23	37794341413493	15	56832965520
23	37794341413493	16	56833009505
23	37794341413493	17	56832891341
23	37794341413493	18	56832960823
23	37794341413493	19	56832994826
23	37794341413493	20	56833027705
23	37794341413493	21	56832981130
23	37794341413493	22	56832961585
TOTAL	23	37794341413493	1250325216428
7	39574915154062	0	1
7	39574915154062	1	217872864343
7	39574915154062	2	217872860094
7	39574915154062	3	217872933587
7	39574915154062	4	217872740767
7	39574915154062	5	217872933171
7	39574915154062	6	217872970344
TOTAL	7	39574915154062	1307237302307
8	39574915154062	0	0
8	39574915154062	1	326809156535
8	39574915154062	2	1
8	39574915154062	3	326809381862
8	39574915154062	4	0
8	39574915154062	5	326809364973
8	39574915154062	6	0
8	39574915154062	7	326809398936
TOTAL	8	39574915154062	1307237302307
11	39574915154062	0	1
11	39574915154062	1	130723670868
11	39574915154062	2	130723787600
11	39574915154062	3	130723756632
11	39574915154062	4	130723719379
11	39574915154062	5	130723690075
11	39574915154062	6	130723797982
11	39574915154062	7	130723652205
11	39574915154062	8	130723703018
11	39574915154062	9	130723725166
11	39574915154062	10	130723799381
TOTAL	11	39574915154062	1307237302307
19	39574915154062	0	1
19	39574915154062	1	72624221819
19	39574915154062	2	72624286307
19	39574915154062	3	72624340721
19	39574915154062	4	72624335899
19	39574915154062	5	72624326585
19	39574915154062	6	72624311304
19	39574915154062	7	72624334444
19	39574915154062	8	72624303916
19	39574915154062	9	72624262364
19	39574915154062	10	72624299026
19	39574915154062	11	72624282024
19	39574915154062	12	72624245737
19	39574915154062	13	72624304615
19	39574915154062	14	72624218288
19	39574915154062	15	72624277038
19	39574915154062	16	72624262734
19	39574915154062	17	72624286683
19	39574915154062	18	72624402802
TOTAL	19	39574915154062	1307237302307
23	39574915154062	0	1
23	39574915154062	1	59419858618
23	39574915154062	2	59419870368
23	39574915154062	3	59419861983
23	39574915154062	4	59419870617
23	39574915154062	5	59419922011
23	39574915154062	6	59419902761
23	39574915154062	7	59419897285
23	39574915154062	8	59419841933
23	39574915154062	9	59419848813
23	39574915154062	10	59419866530
23	39574915154062	11	59419891096
23	39574915154062	12	59419905798
23	39574915154062	13	59419807887
23	39574915154062	14	59419875913
23	39574915154062	15	59419874224
23	39574915154062	16	59419936758
23	39574915154062	17	59419785273
23	39574915154062	18	59419853280
23	39574915154062	19	59419900475
23	39574915154062	20	59419957370
23	39574915154062	21	59419891372
23	39574915154062	22	59419881941
TOTAL	23	39574915154062	1307237302307
7	41439375601662	0	1
7	41439375601662	1	227790457617
7	41439375601662	2	227790503128
7	41439375601662	3	227790594244
7	41439375601662	4	227790369302
7	41439375601662	5	227790522361
7	41439375601662	6	227790634808
TOTAL	7	41439375601662	1366743081461
8	41439375601662	0	0
8	41439375601662	1	341685582821
8	41439375601662	2	1
8	41439375601662	3	341685855883
8	41439375601662	4	0
8	41439375601662	5	341685805314
8	41439375601662	6	0
8	41439375601662	7	341685837442
TOTAL	8	41439375601662	1366743081461
11	41439375601662	0	1
11	41439375601662	1	136674247758
11	41439375601662	2	136674367020
11	41439375601662	3	136674342983
11	41439375601662	4	136674274466
11	41439375601662	5	136674275159
11	41439375601662	6	136674377066
11	41439375601662	7	136674268093
11	41439375601662	8	136674279229
11	41439375601662	9	136674269549
11	41439375601662	10	136674380137
TOTAL	11	41439375601662	1366743081461
19	41439375601662	0	1
19	41439375601662	1	75930142755
19	41439375601662	2	75930143656
19	41439375601662	3	75930182062
19	41439375601662	4	75930234150
19	41439375601662	5	75930231090
19	41439375601662	6	75930173220
19	41439375601662	7	75930186753
19	41439375601662	8	75930175603
19	41439375601662	9	75930168916
19	41439375601662	10	75930153576
19	41439375601662	11	75930161759
19	41439375601662	12	75930153477
19	41439375601662	13	75930170807
19	41439375601662	14	75930094657
19	41439375601662	15	75930146396
19	41439375601662	16	75930155990
19	41439375601662	17	75930141498
19	41439375601662	18	75930265095
TOTAL	19	41439375601662	1366743081461
23	41439375601662	0	1
23	41439375601662	1	62124660782
23	41439375601662	2	62124718876
23	41439375601662	3	62124643373
23	41439375601662	4	62124704522
23	41439375601662	5	62124733848
23	41439375601662	6	62124699109
23	41439375601662	7	62124711423
23	41439375601662	8	62124649824
23	41439375601662	9	62124645087
23	41439375601662	10	62124687624
23	41439375601662	11	62124715229
23	41439375601662	12	62124711214
23	41439375601662	13	62124610627
23	41439375601662	14	62124657485
23	41439375601662	15	62124667285
23	41439375601662	16	62124724643
23	41439375601662	17	62124617053
23	41439375601662	18	62124675661
23	41439375601662	19	62124722313
23	41439375601662	20	62124744318
23	41439375601662	21	62124690042
23	41439375601662	22	62124691122
TOTAL	23	41439375601662	1366743081461
7	43391674841769	0	1
7	43391674841769	1	238160182195
7	43391674841769	2	238160165247
7	43391674841769	3	238160242711
7	43391674841769	4	238160009127
7	43391674841769	5	238160121719
7	43391674841769	6	238160254725
TOTAL	7	43391674841769	1428960975725
8	43391674841769	0	0
8	43391674841769	1	357240082157
8	43391674841769	2	1
8	43391674841769	3	357240311332
8	43391674841769	4	0
8	43391674841769	5	357240277326
8	43391674841769	6	0
8	43391674841769	7	357240304909
TOTAL	8	43391674841769	1428960975725
11	43391674841769	0	1
11	43391674841769	1	142895997150
11	43391674841769	2	142896120011
11	43391674841769	3	142896153358
11	43391674841769	4	142896073768
11	43391674841769	5	142896053387
11	43391674841769	6	142896173200
11	43391674841769	7	142896057946
11	43391674841769	8	142896132447
11	43391674841769	9	142896053762
11	43391674841769	10	142896160695
TOTAL	11	43391674841769	1428960975725
19	43391674841769	0	1
19	43391674841769	1	79386715584
19	43391674841769	2	79386702318
19	43391674841769	3	79386727641
19	43391674841769	4	79386766375
19	43391674841769	5	79386783802
19	43391674841769	6	79386681971
19	43391674841769	7	79386731340
19	43391674841769	8	79386725929
19	43391674841769	9	79386707492
19	43391674841769	10	79386729687
19	43391674841769	11	79386714890
19	43391674841769	12	79386658211
19	43391674841769	13	79386775991
19	43391674841769	14	79386652087
19	43391674841769	15	79386674434
19	43391674841769	16	79386697657
19	43391674841769	17	79386709077
19	43391674841769	18	79386821238
TOTAL	19	43391674841769	1428960975725
23	43391674841769	0	1
23	43391674841769	1	64952734928
23	43391674841769	2	64952760112
23	43391674841769	3	64952717470
23	43391674841769	4	64952735973
23	43391674841769	5	64952855556
23	43391674841769	6	64952816592
23	43391674841769	7	64952815205
23	43391674841769	8	64952747780
23	43391674841769	9	64952782151
23	43391674841769	10	64952828325
23	43391674841769	11	64952788245
23	43391674841769	12	64952810056
23	43391674841769	13	64952688828
23	43391674841769	14	64952749983
23	43391674841769	15	64952734895
23	43391674841769	16	64952778300
23	43391674841769	17	64952699589
23	43391674841769	18	64952773339
23	43391674841769	19	64952800430
23	43391674841769	20	64952828070
23	43391674841769	21	64952748779
23	43391674841769	22	64952781118
TOTAL	23	43391674841769	1428960975725
7	45435951151211	0	1
7	45435951151211	1	249002416549
7	45435951151211	2	249002432401
7	45435951151211	3	249002527391
7	45435951151211	4	249002360359
7	45435951151211	5	249002379975
7	45435951151211	6	249002457547
TOTAL	7	45435951151211	1494014574223
8	45435951151211	0	0
8	45435951151211	1	373503447396
8	45435951151211	2	1
8	45435951151211	3	373503747225
8	45435951151211	4	0
8	45435951151211	5	373503658364
8	45435951151211	6	0
8	45435951151211	7	373503721237
TOTAL	8	45435951151211	1494014574223
11	45435951151211	0	1
11	45435951151211	1	149401357339
11	45435951151211	2	149401478798
11	45435951151211	3	149401494539
11	45435951151211	4	149401447505
11	45435951151211	5	149401416554
11	45435951151211	6	149401546721
11	45435951151211	7	149401403584
11	45435951151211	8	149401478765
11	45435951151211	9	149401427974
11	45435951151211	10	149401522443
TOTAL	11	45435951151211	1494014574223
19	45435951151211	0	1
19	45435951151211	1	83000743316
19	45435951151211	2	83000822368
19	45435951151211	3	83000766677
19	45435951151211	4	83000853182
19	45435951151211	5	83000876910
19	45435951151211	6	83000794282
19	45435951151211	7	83000821888
19	45435951151211	8	83000823545
19	45435951151211	9	83000801856
19	45435951151211	10	83000800696
19	45435951151211	11	83000814603
19	45435951151211	12	83000754897
19	45435951151211	13	83000870583
19	45435951151211	14	83000756692
19	45435951151211	15	83000764337
19	45435951151211	16	83000754394
19	45435951151211	17	83000835515
19	45435951151211	18	83000918481
TOTAL	19	45435951151211	1494014574223
23	45435951151211	0	1
23	45435951151211	1	67909716699
23	45435951151211	2	67909727305
23	45435951151211	3	67909689289
23	45435951151211	4	67909730141
23	45435951151211	5	67909822017
23	45435951151211	6	67909785568
23	45435951151211	7	67909803046
23	45435951151211	8	67909729542
23	45435951151211	9	67909758966
23	45435951151211	10	67909801319
23	45435951151211	11	67909764085
23	45435951151211	12	67909811473
23	45435951151211	13	67909686076
23	45435951151211	14	67909735919
23	45435951151211	15	67909732005
23	45435951151211	16	67909752131
23	45435951151211	17	67909673491
23	45435951151211	18	67909730057
23	45435951151211	19	67909796779
23	45435951151211	20	67909794519
23	45435951151211	21	67909762945
23	45435951151211	22	67909770850
TOTAL	23	45435951151211	1494014574223
7	47576537770051	0	1
7	47576537770051	1	260338877187
7	47576537770051	2	260338901179
7	47576537770051	3	260339022821
7	47576537770051	4	260338746754
7	47576537770051	5	260338891574
7	47576537770051	6	260338937352
TOTAL	7	47576537770051	1562033376868
8	47576537770051	0	0
8	47576537770051	1	390508151063
8	47576537770051	2	1
8	47576537770051	3	390508467107
8	47576537770051	4	0
8	47576537770051	5	390508379582
8	47576537770051	6	0
8	47576537770051	7	390508379115
TOTAL	8	47576537770051	1562033376868
11	47576537770051	0	1
11	47576537770051	1	156203262484
11	47576537770051	2	156203324956
11	47576537770051	3	156203351724
11	47576537770051	4	156203308985
11	47576537770051	5	156203309607
11	47576537770051	6	156203423452
11	47576537770051	7	156203313241
11	47576537770051	8	156203390029
11	47576537770051	9	156203316581
11	47576537770051	10	156203375808
TOTAL	11	47576537770051	1562033376868
19	47576537770051	0	1
19	47576537770051	1	86779540042
19	47576537770051	2	86779630562
19	47576537770051	3	86779596580
19	47576537770051	4	86779693163
19	47576537770051	5	86779701519
19	47576537770051	6	86779622196
19	47576537770051	7	86779627510
19	47576537770051	8	86779663040
19	47576537770051	9	86779650664
19	47576537770051	10	86779612098
19	47576537770051	11	86779617933
19	47576537770051	12	86779593115
19	47576537770051	13	86779676144
19	47576537770051	14	86779597451
19	47576537770051	15	86779625817
19	47576537770051	16	86779558633
19	47576537770051	17	86779637337
19	47576537770051	18	86779733063
TOTAL	19	47576537770051	1562033376868
23	47576537770051	0	1
23	47576537770051	1	71001484900
23	47576537770051	2	71001488758
23	47576537770051	3	71001475302
23	47576537770051	4	71001507344
23	47576537770051	5	71001602421
23	47576537770051	6	71001590011
23	47576537770051	7	71001541642
23	47576537770051	8	71001488953
23	47576537770051	9	71001491907
23	47576537770051	10	71001532755
23	47576537770051	11	71001580635
23	47576537770051	12	71001575327
23	47576537770051	13	71001437076
23	47576537770051	14	71001507826
23	47576537770051	15	71001470870
23	47576537770051	16	71001521356
23	47576537770051	17	71001441858
23	47576537770051	18	71001507002
23	47576537770051	19	71001547528
23	47576537770051	20	71001557360
23	47576537770051	21	71001516065
23	47576537770051	22	71001509971
TOTAL	23	47576537770051	1562033376868
7	49817972086731	0	1
7	49817972086731	1	272192052216
7	49817972086731	2	272192054923
7	49817972086731	3	272192263268
7	49817972086731	4	272192028335
7	49817972086731	5	272192152986
7	49817972086731	6	272192137559
TOTAL	7	49817972086731	1633152689288
8	49817972086731	0	0
8	49817972086731	1	408287962228
8	49817972086731	2	1
8	49817972086731	3	408288295123
8	49817972086731	4	0
8	49817972086731	5	408288225732
8	49817972086731	6	0
8	49817972086731	7	408288206204
TOTAL	8	49817972086731	1633152689288
11	49817972086731	0	1
11	49817972086731	1	163315208069
11	49817972086731	2	163315265662
11	49817972086731	3	163315261719
11	49817972086731	4	163315264083
11	49817972086731	5	163315193279
11	49817972086731	6	163315347512
11	49817972086731	7	163315257023
11	49817972086731	8	163315306308
11	49817972086731	9	163315258014
11	49817972086731	10	163315327618
TOTAL	11	49817972086731	1633152689288
19	49817972086731	0	1
19	49817972086731	1	90730607630
19	49817972086731	2	90730707114
19	49817972086731	3	90730726884
19	49817972086731	4	90730749429
19	49817972086731	5	90730759601
19	49817972086731	6	90730728271
19	49817972086731	7	90730704725
19	49817972086731	8	90730725883
19	49817972086731	9	90730726713
19	49817972086731	10	90730680824
19	49817972086731	11	90730710474
19	49817972086731	12	90730623238
19	49817972086731	13	90730740990
19	49817972086731	14	90730662851
19	49817972086731	15	90730676787
19	49817972086731	16	90730634464
19	49817972086731	17	90730711984
19	49817972086731	18	90730811425
TOTAL	19	49817972086731	1633152689288
23	49817972086731	0	1
23	49817972086731	1	74234146904
23	49817972086731	2	74234172321
23	49817972086731	3	74234146943
23	49817972086731	4	74234200690
23	49817972086731	5	74234313717
23	49817972086731	6	74234252960
23	49817972086731	7	74234233417
23	49817972086731	8	74234180336
23	49817972086731	9	74234164738
23	49817972086731	10	74234239247
23	49817972086731	11	74234268704
23	49817972086731	12	74234261976
23	49817972086731	13	74234147631
23	49817972086731	14	74234245295
23	49817972086731	15	74234187235
23	49817972086731	16	74234213851
23	49817972086731	17	74234152147
23	49817972086731	18	74234228782
23	49817972086731	19	74234248737
23	49817972086731	20	74234228189
23	49817972086731	21	74234251728
23	49817972086731	22	74234203739
TOTAL	23	49817972086731	1633152689288
7	52165005255944	0	1
7	52165005255944	1	284585650344
7	52165005255944	2	284585611804
7	52165005255944	3	284585732229
7	52165005255944	4	284585620602
7	52165005255944	5	284585648629
7	52165005255944	6	284585696817
TOTAL	7	52165005255944	1707513960426
8	52165005255944	0	0
8	52165005255944	1	426878319251
8	52165005255944	2	1
8	52165005255944	3	426878556327
8	52165005255944	4	0
8	52165005255944	5	426878494643
8	52165005255944	6	0
8	52165005255944	7	426878590204
TOTAL	8	52165005255944	1707513960426
11	52165005255944	0	1
11	52165005255944	1	170751323084
11	52165005255944	2	170751384379
11	52165005255944	3	170751407637
11	52165005255944	4	170751366199
11	52165005255944	5	170751337824
11	52165005255944	6	170751466420
11	52165005255944	7	170751364972
11	52165005255944	8	170751472236
11	52165005255944	9	170751393651
11	52165005255944	10	170751444023
TOTAL	11	52165005255944	1707513960426
19	52165005255944	0	1
19	52165005255944	1	94861755311
19	52165005255944	2	94861862002
19	52165005255944	3	94861906440
19	52165005255944	4	94861921991
19	52165005255944	5	94861891416
19	52165005255944	6	94861918408
19	52165005255944	7	94861955611
19	52165005255944	8	94861941179
19	52165005255944	9	94861866561
19	52165005255944	10	94861884877
19	52165005255944	11	94861864046
19	52165005255944	12	94861789268
19	52165005255944	13	94861905349
19	52165005255944	14	94861920293
19	52165005255944	15	94861864015
19	52165005255944	16	94861806755
19	52165005255944	17	94861889553
19	52165005255944	18	94862017350
TOTAL	19	52165005255944	1707513960426
23	52165005255944	0	1
23	52165005255944	1	77614219506
23	52165005255944	2	77614228829
23	52165005255944	3	77614199245
23	52165005255944	4	77614258769
23	52165005255944	5	77614384141
23	52165005255944	6	77614307067
23	52165005255944	7	77614273832
23	52165005255944	8	77614255926
23	52165005255944	9	77614210466
23	52165005255944	10	77614260940
23	52165005255944	11	77614339089
23	52165005255944	12	77614270637
23	52165005255944	13	77614197792
23	52165005255944	14	77614291589
23	52165005255944	15	77614209913
23	52165005255944	16	77614279191
23	52165005255944	17	77614235409
23	52165005255944	18	77614274638
23	52165005255944	19	77614298899
23	52165005255944	20	77614329032
23	52165005255944	21	77614321601
23	52165005255944	22	77614313914
TOTAL	23	52165005255944	1707513960426
7	54622612269628	0	1
7	54622612269628	1	297544110825
7	54622612269628	2	297544122368
7	54622612269628	3	297544273756
7	54622612269628	4	297544198504
7	54622612269628	5	297544185039
7	54622612269628	6	297544172759
TOTAL	7	54622612269628	1785265063252
8	54622612269628	0	0
8	54622612269628	1	446315979977
8	54622612269628	2	1
8	54622612269628	3	446316318947
8	54622612269628	4	0
8	54622612269628	5	446316336815
8	54622612269628	6	0
8	54622612269628	7	446316427512
TOTAL	8	54622612269628	1785265063252
11	54622612269628	0	1
11	54622612269628	1	178526453538
11	54622612269628	2	178526525439
11	54622612269628	3	178526505403
11	54622612269628	4	178526476546
11	54622612269628	5	178526447325
11	54622612269628	6	178526523278
11	54622612269628	7	178526480433
11	54622612269628	8	178526549265
11	54622612269628	9	178526514776
11	54622612269628	10	178526587248
TOTAL	11	54622612269628	1785265063252
19	54622612269628	0	1
19	54622612269628	1	99181288041
19	54622612269628	2	99181425738
19	54622612269628	3	99181396009
19	54622612269628	4	99181419370
19	54622612269628	5	99181407679
19	54622612269628	6	99181447850
19	54622612269628	7	99181503189
19	54622612269628	8	99181401770
19	54622612269628	9	99181353175
19	54622612269628	10	99181386689
19	54622612269628	11	99181398479
19	54622612269628	12	99181306616
19	54622612269628	13	99181376647
19	54622612269628	14	99181361155
19	54622612269628	15	99181365291
19	54622612269628	16	99181297972
19	54622612269628	17	99181413021
19	54622612269628	18	99181514560
TOTAL	19	54622612269628	1785265063252
23	54622612269628	0	1
23	54622612269628	1	81148371465
23	54622612269628	2	81148430101
23	54622612269628	3	81148337814
23	54622612269628	4	81148412205
23	54622612269628	5	81148496403
23	54622612269628	6	81148455751
23	54622612269628	7	81148393572
23	54622612269628	8	81148421850
23	54622612269628	9	81148386208
23	54622612269628	10	81148377030
23	54622612269628	11	81148452107
23	54622612269628	12	81148419585
23	54622612269628	13	81148321002
23	54622612269628	14	81148426929
23	54622612269628	15	81148391068
23	54622612269628	16	81148426084
23	54622612269628	17	81148381118
23	54622612269628	18	81148417156
23	54622612269628	19	81148400498
23	54622612269628	20	81148429320
23	54622612269628	21	81148451077
23	54622612269628	22	81148464908
TOTAL	23	54622612269628	1785265063252
7	57196002502427	0	1
7	57196002502427	1	311093415247
7	57196002502427	2	311093391701
7	57196002502427	3	311093550636
7	57196002502427	4	311093460311
7	57196002502427	5	311093472400
7	57196002502427	6	311093484915
TOTAL	7	57196002502427	1866560775211
8	57196002502427	0	0
8	57196002502427	1	466640038225
8	57196002502427	2	1
8	57196002502427	3	466640205552
8	57196002502427	4	0
8	57196002502427	5	466640212313
8	57196002502427	6	0
8	57196002502427	7	466640319120
TOTAL	8	57196002502427	1866560775211
11	57196002502427	0	1
11	57196002502427	1	186656039492
11	57196002502427	2	186656127928
11	57196002502427	3	186656044961
11	57196002502427	4	186656109637
11	57196002502427	5	186656011427
11	57196002502427	6	186656095099
11	57196002502427	7	186656070036
11	57196002502427	8	186656078256
11	57196002502427	9	186656040635
11	57196002502427	10	186656157739
TOTAL	11	57196002502427	1866560775211
19	57196002502427	0	1
19	57196002502427	1	103697703116
19	57196002502427	2	103697803136
19	57196002502427	3	103697832850
19	57196002502427	4	103697891856
19	57196002502427	5	103697833578
19	57196002502427	6	103697872377
19	57196002502427	7	103697947293
19	57196002502427	8	103697818054
19	57196002502427	9	103697822531
19	57196002502427	10	103697864134
19	57196002502427	11	103697800784
19	57196002502427	12	103697708045
19	57196002502427	13	103697816195
19	57196002502427	14	103697817400
19	57196002502427	15	103697764006
19	57196002502427	16	103697723252
19	57196002502427	17	103697839904
19	57196002502427	18	103697916699
TOTAL	19	57196002502427	1866560775211
23	57196002502427	0	1
23	57196002502427	1	84843655986
23	57196002502427	2	84843685256
23	57196002502427	3	84843604753
23	57196002502427	4	84843692195
23	57196002502427	5	84843743378
23	57196002502427	6	84843718704
23	57196002502427	7	84843653968
23	57196002502427	8	84843667662
23	57196002502427	9	84843650924
23	57196002502427	10	84843641424
23	57196002502427	11	84843697873
23	57196002502427	12	84843655138
23	57196002502427	13	84843608667
23	57196002502427	14	84843674818
23	57196002502427	15	84843626953
23	57196002502427	16	84843668658
23	57196002502427	17	84843628570
23	57196002502427	18	84843650027
23	57196002502427	19	84843689026
23	57196002502427	20	84843736794
23	57196002502427	21	84843715756
23	57196002502427	22	84843708680
TOTAL	23	57196002502427	1866560775211
7	59890630753972	0	1
7	59890630753972	1	325260470568
7	59890630753972	2	325260438060
7	59890630753972	3	325260518168
7	59890630753972	4	325260467585
7	59890630753972	5	325260570595
7	59890630753972	6	325260503922
TOTAL	7	59890630753972	1951562968899
8	59890630753972	0	0
8	59890630753972	1	487890554907
8	59890630753972	2	1
8	59890630753972	3	487890749912
8	59890630753972	4	0
8	59890630753972	5	487890775732
8	59890630753972	6	0
8	59890630753972	7	487890888347
TOTAL	8	59890630753972	1951562968899
11	59890630753972	0	1
11	59890630753972	1	195156249888
11	59890630753972	2	195156329918
11	59890630753972	3	195156241231
11	59890630753972	4	195156327683
11	59890630753972	5	195156206262
11	59890630753972	6	195156312613
11	59890630753972	7	195156311826
11	59890630753972	8	195156344401
11	59890630753972	9	195156284770
11	59890630753972	10	195156360306
TOTAL	11	59890630753972	1951562968899
19	59890630753972	0	1
19	59890630753972	1	108420035074
19	59890630753972	2	108420191265
19	59890630753972	3	108420119106
19	59890630753972	4	108420213180
19	59890630753972	5	108420163212
19	59890630753972	6	108420226684
19	59890630753972	7	108420251981
19	59890630753972	8	108420174263
19	59890630753972	9	108420151654
19	59890630753972	10	108420222014
19	59890630753972	11	108420168051
19	59890630753972	12	108420029127
19	59890630753972	13	108420160328
19	59890630753972	14	108420215968
19	59890630753972	15	108420111840
19	59890630753972	16	108420080235
19	59890630753972	17	108420162218
19	59890630753972	18	108420292698
TOTAL	19	59890630753972	1951562968899
23	59890630753972	0	1
23	59890630753972	1	88707372067
23	59890630753972	2	88707446930
23	59890630753972	3	88707363072
23	59890630753972	4	88707406252
23	59890630753972	5	88707461841
23	59890630753972	6	88707420031
23	59890630753972	7	88707429178
23	59890630753972	8	88707400641
23	59890630753972	9	88707409452
23	59890630753972	10	88707365744
23	59890630753972	11	88707444745
23	59890630753972	12	88707406059
23	59890630753972	13	88707330446
23	59890630753972	14	88707440009
23	59890630753972	15	88707356694
23	59890630753972	16	88707416570
23	59890630753972	17	88707308327
23	59890630753972	18	88707384908
23	59890630753972	19	88707417502
23	59890630753972	20	88707470661
23	59890630753972	21	88707487423
23	59890630753972	22	88707430346
TOTAL	23	59890630753972	1951562968899
7	62712208811383	0	1
7	62712208811383	1	340073411859
7	62712208811383	2	340073439256
7	62712208811383	3	340073506049
7	62712208811383	4	340073424732
7	62712208811383	5	340073582778
7	62712208811383	6	340073437011
TOTAL	7	62712208811383	2040440801686
8	62712208811383	0	0
8	62712208811383	1	510110051354
8	62712208811383	2	1
8	62712208811383	3	510110157075
8	62712208811383	4	0
8	62712208811383	5	510110302684
8	62712208811383	6	0
8	62712208811383	7	510110290572
TOTAL	8	62712208811383	2040440801686
11	62712208811383	0	1
11	62712208811383	1	204044026204
11	62712208811383	2	204044116588
11	62712208811383	3	204044047783
11	62712208811383	4	204044122074
11	62712208811383	5	204043981664
11	62712208811383	6	204044069030
11	62712208811383	7	204044092866
11	62712208811383	8	204044123449
11	62712208811383	9	204044088574
11	62712208811383	10	204044133453
TOTAL	11	62712208811383	2040440801686
19	62712208811383	0	1
19	62712208811383	1	113357701209
19	62712208811383	2	113357834923
19	62712208811383	3	113357785702
19	62712208811383	4	113357872627
19	62712208811383	5	113357799425
19	62712208811383	6	113357875251
19	62712208811383	7	113357949844
19	62712208811383	8	113357843030
19	62712208811383	9	113357846645
19	62712208811383	10	113357860116
19	62712208811383	11	113357761465
19	62712208811383	12	113357704836
19	62712208811383	13	113357847584
19	62712208811383	14	113357907734
19	62712208811383	15	113357756642
19	62712208811383	16	113357726666
19	62712208811383	17	113357788134
19	62712208811383	18	113357939852
TOTAL	19	62712208811383	2040440801686
23	62712208811383	0	1
23	62712208811383	1	92747276740
23	62712208811383	2	92747345516
23	62712208811383	3	92747242403
23	62712208811383	4	92747310267
23	62712208811383	5	92747339445
23	62712208811383	6	92747343642
23	62712208811383	7	92747321563
23	62712208811383	8	92747349100
23	62712208811383	9	92747290380
23	62712208811383	10	92747272119
23	62712208811383	11	92747335239
23	62712208811383	12	92747260125
23	62712208811383	13	92747225555
23	62712208811383	14	92747348197
23	62712208811383	15	92747247065
23	62712208811383	16	92747360302
23	62712208811383	17	92747212382
23	62712208811383	18	92747274147
23	62712208811383	19	92747307921
23	62712208811383	20	92747378343
23	62712208811383	21	92747414089
23	62712208811383	22	92747347145
TOTAL	23	62712208811383	2040440801686
7	65666717556514	0	1
7	65666717556514	1	355561802763
7	65666717556514	2	355561793768
7	65666717556514	3	355561891670
7	65666717556514	4	355561858719
7	65666717556514	5	355561903318
7	65666717556514	6	355561748400
TOTAL	7	65666717556514	2133370998639
8	65666717556514	0	0
8	65666717556514	1	533342532821
8	65666717556514	2	1
8	65666717556514	3	533342739856
8	65666717556514	4	0
8	65666717556514	5	533342858780
8	65666717556514	6	0
8	65666717556514	7	533342867181
TOTAL	8	65666717556514	2133370998639
11	65666717556514	0	1
11	65666717556514	1	213337074414
11	65666717556514	2	213337170379
11	65666717556514	3	213337059248
11	65666717556514	4	213337163507
11	65666717556514	5	213336997159
11	65666717556514	6	213337080566
11	65666717556514	7	213337110621
11	65666717556514	8	213337125482
11	65666717556514	9	213337092932
11	65666717556514	10	213337124330
TOTAL	11	65666717556514	2133370998639
19	65666717556514	0	1
19	65666717556514	1	118520539490
19	65666717556514	2	118520549408
19	65666717556514	3	118520578262
19	65666717556514	4	118520669963
19	65666717556514	5	118520646031
19	65666717556514	6	118520672202
19	65666717556514	7	118520731682
19	65666717556514	8	118520615131
19	65666717556514	9	118520636565
19	65666717556514	10	118520638781
19	65666717556514	11	118520536118
19	65666717556514	12	118520530332
19	65666717556514	13	118520613474
19	65666717556514	14	118520693455
19	65666717556514	15	118520529334
19	65666717556514	16	118520519591
19	65666717556514	17	118520583593
19	65666717556514	18	118520715226
TOTAL	19	65666717556514	2133370998639
23	65666717556514	0	1
23	65666717556514	1	96971370290
23	65666717556514	2	96971444780
23	65666717556514	3	96971355009
23	65666717556514	4	96971376197
23	65666717556514	5	96971460320
23	65666717556514	6	96971464466
23	65666717556514	7	96971413352
23	65666717556514	8	96971451917
23	65666717556514	9	96971423520
23	65666717556514	10	96971366669
23	65666717556514	11	96971418811
23	65666717556514	12	96971354479
23	65666717556514	13	96971279449
23	65666717556514	14	96971426389
23	65666717556514	15	96971348541
23	65666717556514	16	96971488712
23	65666717556514	17	96971322027
23	65666717556514	18	96971342530
23	65666717556514	19	96971432230
23	65666717556514	20	96971531020
23	65666717556514	21	96971472488
23	65666717556514	22	96971455442
TOTAL	23	65666717556514	2133370998639
7	68760419643587	0	1
7	68760419643587	1	371756462381
7	68760419643587	2	371756355665
7	68760419643587	3	371756452115
7	68760419643587	4	371756444288
7	68760419643587	5	371756554993
7	68760419643587	6	371756387963
TOTAL	7	68760419643587	2230538657406
8	68760419643587	0	0
8	68760419643587	1	557634533973
8	68760419643587	2	1
8	68760419643587	3	557634687250
8	68760419643587	4	0
8	68760419643587	5	557634701791
8	68760419643587	6	0
8	68760419643587	7	557634734391
TOTAL	8	68760419643587	2230538657406
11	68760419643587	0	1
11	68760419643587	1	223053800843
11	68760419643587	2	223053946062
11	68760419643587	3	223053802885
11	68760419643587	4	223053957484
11	68760419643587	5	223053761708
11	68760419643587	6	223053872884
11	68760419643587	7	223053900600
11	68760419643587	8	223053873654
11	68760419643587	9	223053838376
11	68760419643587	10	223053902909
TOTAL	11	68760419643587	2230538657406
19	68760419643587	0	1
19	68760419643587	1	123918779505
19	68760419643587	2	123918751508
19	68760419643587	3	123918818826
19	68760419643587	4	123918898925
19	68760419643587	5	123918844836
19	68760419643587	6	123918898076
19	68760419643587	7	123918940332
19	68760419643587	8	123918788052
19	68760419643587	9	123918811564
19	68760419643587	10	123918857978
19	68760419643587	11	123918729947
19	68760419643587	12	123918699427
19	68760419643587	13	123918806797
19	68760419643587	14	123918868183
19	68760419643587	15	123918711742
19	68760419643587	16	123918718165
19	68760419643587	17	123918830757
19	68760419643587	18	123918902785
TOTAL	19	68760419643587	2230538657406
23	68760419643587	0	1
23	68760419643587	1	101388094389
23	68760419643587	2	101388156025
23	68760419643587	3	101388049982
23	68760419643587	4	101388065260
23	68760419643587	5	101388192219
23	68760419643587	6	101388179832
23	68760419643587	7	101388111890
23	68760419643587	8	101388145964
23	68760419643587	9	101388151737
23	68760419643587	10	101388071740
23	68760419643587	11	101388164255
23	68760419643587	12	101388054185
23	68760419643587	13	101388019311
23	68760419643587	14	101388154353
23	68760419643587	15	101388100213
23	68760419643587	16	101388171641
23	68760419643587	17	101388012074
23	68760419643587	18	101388067411
23	68760419643587	19	101388123034
23	68760419643587	20	101388223307
23	68760419643587	21	101388151458
23	68760419643587	22	101388197125
TOTAL	23	68760419643587	2230538657406
7	71999872774107	0	1
7	71999872774107	1	388689564637
7	71999872774107	2	388689497963
7	71999872774107	3	388689573662
7	71999872774107	4	388689561716
7	71999872774107	5	388689635500
7	71999872774107	6	388689500800
TOTAL	7	71999872774107	2332137334279
8	71999872774107	0	0
8	71999872774107	1	583034191088
8	71999872774107	2	1
8	71999872774107	3	583034314319
8	71999872774107	4	0
8	71999872774107	5	583034404912
8	71999872774107	6	0
8	71999872774107	7	583034423959
TOTAL	8	71999872774107	2332137334279
11	71999872774107	0	1
11	71999872774107	1	233213687453
11	71999872774107	2	233213820864
11	71999872774107	3	233213678929
11	71999872774107	4	233213832901
11	71999872774107	5	233213709286
11	71999872774107	6	233213675581
11	71999872774107	7	233213757250
11	71999872774107	8	233213707556
11	71999872774107	9	233213694136
11	71999872774107	10	233213770322
TOTAL	11	71999872774107	2332137334279
19	71999872774107	0	1
19	71999872774107	1	129563149781
19	71999872774107	2	129563108259
19	71999872774107	3	129563219406
19	71999872774107	4	129563284290
19	71999872774107	5	129563223364
19	71999872774107	6	129563201110
19	71999872774107	7	129563311970
19	71999872774107	8	129563194323
19	71999872774107	9	129563225220
19	71999872774107	10	129563192429
19	71999872774107	11	129563161141
19	71999872774107	12	129563050075
19	71999872774107	13	129563135046
19	71999872774107	14	129563224189
19	71999872774107	15	129563100904
19	71999872774107	16	129563122300
19	71999872774107	17	129563157728
19	71999872774107	18	129563272743
TOTAL	19	71999872774107	2332137334279
23	71999872774107	0	1
23	71999872774107	1	106006201542
23	71999872774107	2	106006243760
23	71999872774107	3	106006200291
23	71999872774107	4	106006232510
23	71999872774107	5	106006302454
23	71999872774107	6	106006326493
23	71999872774107	7	106006267061
23	71999872774107	8	106006263710
23	71999872774107	9	106006265253
23	71999872774107	10	106006176980
23	71999872774107	11	106006241447
23	71999872774107	12	106006158043
23	71999872774107	13	106006139343
23	71999872774107	14	106006325441
23	71999872774107	15	106006184175
23	71999872774107	16	106006315749
23	71999872774107	17	106006183219
23	71999872774107	18	106006136116
23	71999872774107	19	106006216605
23	71999872774107	20	106006383855
23	71999872774107	21	106006251971
23	71999872774107	22	106006318260
TOTAL	23	71999872774107	2332137334279
7	75391943597177	0	1
7	75391943597177	1	406394814440
7	75391943597177	2	406394740397
7	75391943597177	3	406394824543
7	75391943597177	4	406394819885
7	75391943597177	5	406394831587
7	75391943597177	6	406394789607
TOTAL	7	75391943597177	2438368820460
8	75391943597177	0	0
8	75391943597177	1	609591985399
8	75391943597177	2	1
8	75391943597177	3	609592202051
8	75391943597177	4	0
8	75391943597177	5	609592300801
8	75391943597177	6	0
8	75391943597177	7	609592332208
TOTAL	8	75391943597177	2438368820460
11	75391943597177	0	1
11	75391943597177	1	243836868671
11	75391943597177	2	243836972887
11	75391943597177	3	243836912661
11	75391943597177	4	243836895455
11	75391943597177	5	243836841090
11	75391943597177	6	243836827927
11	75391943597177	7	243836874071
11	75391943597177	8	243836886908
11	75391943597177	9	243836793888
11	75391943597177	10	243836946901
TOTAL	11	75391943597177	2438368820460
19	75391943597177	0	1
19	75391943597177	1	135464919418
19	75391943597177	2	135464850011
19	75391943597177	3	135464962918
19	75391943597177	4	135464997701
19	75391943597177	5	135464986926
19	75391943597177	6	135465028995
19	75391943597177	7	135465006961
19	75391943597177	8	135464905937
19	75391943597177	9	135464941016
19	75391943597177	10	135464982179
19	75391943597177	11	135464898025
19	75391943597177	12	135464816199
19	75391943597177	13	135464927590
19	75391943597177	14	135464926414
19	75391943597177	15	135464872735
19	75391943597177	16	135464857885
19	75391943597177	17	135464896331
19	75391943597177	18	135465043218
TOTAL	19	75391943597177	2438368820460
23	75391943597177	0	1
23	75391943597177	1	110834905733
23	75391943597177	2	110834950205
23	75391943597177	3	110834875541
23	75391943597177	4	110834909814
23	75391943597177	5	110834975866
23	75391943597177	6	110835075624
23	75391943597177	7	110834983851
23	75391943597177	8	110835035996
23	75391943597177	9	110834958381
23	75391943597177	10	110834939340
23	75391943597177	11	110834896689
23	75391943597177	12	110834824943
23	75391943597177	13	110834840289
23	75391943597177	14	110834989217
23	75391943597177	15	110834887289
23	75391943597177	16	110835015976
23	75391943597177	17	110834886512
23	75391943597177	18	110834875343
23	75391943597177	19	110834927965
23	75391943597177	20	110835101167
23	75391943597177	21	110834945843
23	75391943597177	22	110835018875
TOTAL	23	75391943597177	2438368820460
7	78943822264697	0	1
7	78943822264697	1	424907562211
7	78943822264697	2	424907448094
7	78943822264697	3	424907553172
7	78943822264697	4	424907570614
7	78943822264697	5	424907575648
7	78943822264697	6	424907491190
TOTAL	7	78943822264697	2549445200930
8	78943822264697	0	0
8	78943822264697	1	637361006895
8	78943822264697	2	1
8	78943822264697	3	637361365625
8	78943822264697	4	0
8	78943822264697	5	637361386057
8	78943822264697	6	0
8	78943822264697	7	637361442352
TOTAL	8	78943822264697	2549445200930
11	78943822264697	0	1
11	78943822264697	1	254944487250
11	78943822264697	2	254944592868
11	78943822264697	3	254944593477
11	78943822264697	4	254944562819
11	78943822264697	5	254944536043
11	78943822264697	6	254944421520
11	78943822264697	7	254944510896
11	78943822264697	8	254944444073
11	78943822264697	9	254944442376
11	78943822264697	10	254944609607
TOTAL	11	78943822264697	2549445200930
19	78943822264697	0	1
19	78943822264697	1	141635794294
19	78943822264697	2	141635746814
19	78943822264697	3	141635903488
19	78943822264697	4	141635917658
19	78943822264697	5	141635905475
19	78943822264697	6	141635925902
19	78943822264697	7	141635857560
19	78943822264697	8	141635848297
19	78943822264697	9	141635887639
19	78943822264697	10	141635885413
19	78943822264697	11	141635838445
19	78943822264697	12	141635707181
19	78943822264697	13	141635866171
19	78943822264697	14	141635811378
19	78943822264697	15	141635773289
19	78943822264697	16	141635774015
19	78943822264697	17	141635806097
19	78943822264697	18	141635951813
TOTAL	19	78943822264697	2549445200930
23	78943822264697	0	1
23	78943822264697	1	115883827763
23	78943822264697	2	115883864216
23	78943822264697	3	115883778444
23	78943822264697	4	115883842128
23	78943822264697	5	115883879632
23	78943822264697	6	115883985605
23	78943822264697	7	115883924844
23	78943822264697	8	115883937298
23	78943822264697	9	115883878729
23	78943822264697	10	115883894236
23	78943822264697	11	115883844848
23	78943822264697	12	115883746348
23	78943822264697	13	115883813513
23	78943822264697	14	115883935481
23	78943822264697	15	115883825287
23	78943822264697	16	115883908619
23	78943822264697	17	115883827692
23	78943822264697	18	115883795754
23	78943822264697	19	115883861994
23	78943822264697	20	115884009676
23	78943822264697	21	115883889978
23	78943822264697	22	115883928844
TOTAL	23	78943822264697	2549445200930
7	82663037672284	0	1
7	82663037672284	1	444264580191
7	82663037672284	2	444264535046
7	82663037672284	3	444264577532
7	82663037672284	4	444264613089
7	82663037672284	5	444264580160
7	82663037672284	6	444264587444
TOTAL	7	82663037672284	2665587473463
8	82663037672284	0	0
8	82663037672284	1	666396564031
8	82663037672284	2	1
8	82663037672284	3	666396924823
8	82663037672284	4	0
8	82663037672284	5	666396946236
8	82663037672284	6	0
8	82663037672284	7	666397038372
TOTAL	8	82663037672284	2665587473463
11	82663037672284	0	1
11	82663037672284	1	266558715208
11	82663037672284	2	266558820761
11	82663037672284	3	266558766580
11	82663037672284	4	266558815883
11	82663037672284	5	266558802847
11	82663037672284	6	266558650306
11	82663037672284	7	266558729546
11	82663037672284	8	266558687362
11	82663037672284	9	266558706843
11	82663037672284	10	266558778126
TOTAL	11	82663037672284	2665587473463
19	82663037672284	0	1
19	82663037672284	1	148088128525
19	82663037672284	2	148088067308
19	82663037672284	3	148088256855
19	82663037672284	4	148088272973
19	82663037672284	5	148088265368
19	82663037672284	6	148088235418
19	82663037672284	7	148088220159
19	82663037672284	8	148088204466
19	82663037672284	9	148088248459
19	82663037672284	10	148088218775
19	82663037672284	11	148088171858
19	82663037672284	12	148088070119
19	82663037672284	13	148088201885
19	82663037672284	14	148088161758
19	82663037672284	15	148088143242
19	82663037672284	16	148088098897
19	82663037672284	17	148088203497
19	82663037672284	18	148088303900
TOTAL	19	82663037672284	2665587473463
23	82663037672284	0	1
23	82663037672284	1	121163006649
23	82663037672284	2	121163020257
23	82663037672284	3	121163003839
23	82663037672284	4	121163072369
23	82663037672284	5	121163092764
23	82663037672284	6	121163204543
23	82663037672284	7	121163129800
23	82663037672284	8	121163143286
23	82663037672284	9	121163050504
23	82663037672284	10	121163063598
23	82663037672284	11	121163059093
23	82663037672284	12	121162967132
23	82663037672284	13	121162981707
23	82663037672284	14	121163142293
23	82663037672284	15	121163023922
23	82663037672284	16	121163130610
23	82663037672284	17	121163002040
23	82663037672284	18	121162976488
23	82663037672284	19	121163023277
23	82663037672284	20	121163198024
23	82663037672284	21	121163064586
23	82663037672284	22	121163116681
TOTAL	23	82663037672284	2665587473463
7	86557473418223	0	1
7	86557473418223	1	464504433367
7	86557473418223	2	464504306135
7	86557473418223	3	464504503763
7	86557473418223	4	464504468435
7	86557473418223	5	464504468557
7	86557473418223	6	464504461507
TOTAL	7	86557473418223	2787026641765
8	86557473418223	0	0
8	86557473418223	1	696756440118
8	86557473418223	2	1
8	86557473418223	3	696756652294
8	86557473418223	4	0
8	86557473418223	5	696756793297
8	86557473418223	6	0
8	86557473418223	7	696756756055
TOTAL	8	86557473418223	2787026641765
11	86557473418223	0	1
11	86557473418223	1	278702611023
11	86557473418223	2	278702682328
11	86557473418223	3	278702732560
11	86557473418223	4	278702713051
11	86557473418223	5	278702704672
11	86557473418223	6	278702595289
11	86557473418223	7	278702635591
11	86557473418223	8	278702601033
11	86557473418223	9	278702581265
11	86557473418223	10	278702784952
TOTAL	11	86557473418223	2787026641765
19	86557473418223	0	1
19	86557473418223	1	154834777217
19	86557473418223	2	154834719715
19	86557473418223	3	154834893257
19	86557473418223	4	154834863161
19	86557473418223	5	154834882629
19	86557473418223	6	154834832310
19	86557473418223	7	154834837818
19	86557473418223	8	154834848770
19	86557473418223	9	154834813836
19	86557473418223	10	154834835840
19	86557473418223	11	154834805021
19	86557473418223	12	154834670833
19	86557473418223	13	154834839771
19	86557473418223	14	154834807800
19	86557473418223	15	154834789522
19	86557473418223	16	154834727888
19	86557473418223	17	154834793984
19	86557473418223	18	154834902392
TOTAL	19	86557473418223	2787026641765
23	86557473418223	0	1
23	86557473418223	1	126682976859
23	86557473418223	2	126682987885
23	86557473418223	3	126682926077
23	86557473418223	4	126683049361
23	86557473418223	5	126683079441
23	86557473418223	6	126683210030
23	86557473418223	7	126683049569
23	86557473418223	8	126683085181
23	86557473418223	9	126683056055
23	86557473418223	10	126683005825
23	86557473418223	11	126683030028
23	86557473418223	12	126682884338
23	86557473418223	13	126682968564
23	86557473418223	14	126683041828
23	86557473418223	15	126683007222
23	86557473418223	16	126683081117
23	86557473418223	17	126682957003
23	86557473418223	18	126682979575
23	86557473418223	19	126682949160
23	86557473418223	20	126683159385
23	86557473418223	21	126683042551
23	86557473418223	22	126683114710
TOTAL	23	86557473418223	2787026641765
7	90635384514286	0	1
7	90635384514286	1	485667434869
7	90635384514286	2	485667373395
7	90635384514286	3	485667603758
7	90635384514286	4	485667476168
7	90635384514286	5	485667572722
7	90635384514286	6	485667530407
TOTAL	7	90635384514286	2914004991320
8	90635384514286	0	0
8	90635384514286	1	728500963444
8	90635384514286	2	1
8	90635384514286	3	728501329367
8	90635384514286	4	0
8	90635384514286	5	728501378201
8	90635384514286	6	0
8	90635384514286	7	728501320307
TOTAL	8	90635384514286	2914004991320
11	90635384514286	0	1
11	90635384514286	1	291400433732
11	90635384514286	2	291400547808
11	90635384514286	3	291400560168
11	90635384514286	4	291400533354
11	90635384514286	5	291400537981
11	90635384514286	6	291400366665
11	90635384514286	7	291400534642
11	90635384514286	8	291400467754
11	90635384514286	9	291400373539
11	90635384514286	10	291400635676
TOTAL	11	90635384514286	2914004991320
19	90635384514286	0	1
19	90635384514286	1	161889127780
19	90635384514286	2	161889139604
19	90635384514286	3	161889281511
19	90635384514286	4	161889219900
19	90635384514286	5	161889150936
19	90635384514286	6	161889196422
19	90635384514286	7	161889176889
19	90635384514286	8	161889165148
19	90635384514286	9	161889110097
19	90635384514286	10	161889208525
19	90635384514286	11	161889174446
19	90635384514286	12	161889014767
19	90635384514286	13	161889208159
19	90635384514286	14	161889185308
19	90635384514286	15	161889150561
19	90635384514286	16	161889068589
19	90635384514286	17	161889138042
19	90635384514286	18	161889274635
TOTAL	19	90635384514286	2914004991320
23	90635384514286	0	1
23	90635384514286	1	132454749694
23	90635384514286	2	132454739770
23	90635384514286	3	132454696964
23	90635384514286	4	132454769535
23	90635384514286	5	132454881236
23	90635384514286	6	132454910158
23	90635384514286	7	132454809900
23	90635384514286	8	132454808787
23	90635384514286	9	132454768415
23	90635384514286	10	132454748467
23	90635384514286	11	132454813560
23	90635384514286	12	132454637092
23	90635384514286	13	132454770430
23	90635384514286	14	132454766943
23	90635384514286	15	132454718066
23	90635384514286	16	132454839286
23	90635384514286	17	132454719059
23	90635384514286	18	132454766883
23	90635384514286	19	132454671197
23	90635384514286	20	132454849157
23	90635384514286	21	132454772925
23	90635384514286	22	132454783795
TOTAL	23	90635384514286	2914004991320
7	94905414883828	0	1
7	94905414883828	1	507795898326
7	94905414883828	2	507795738641
7	94905414883828	3	507796036710
7	94905414883828	4	507795767159
7	94905414883828	5	507795988196
7	94905414883828	6	507795868370
TOTAL	7	94905414883828	3046775297403
8	94905414883828	0	0
8	94905414883828	1	761693556363
8	94905414883828	2	1
8	94905414883828	3	761693912979
8	94905414883828	4	0
8	94905414883828	5	761694025856
8	94905414883828	6	0
8	94905414883828	7	761693802204
TOTAL	8	94905414883828	3046775297403
11	94905414883828	0	1
11	94905414883828	1	304677541430
11	94905414883828	2	304677544757
11	94905414883828	3	304677630234
11	94905414883828	4	304677576273
11	94905414883828	5	304677597122
11	94905414883828	6	304677325158
11	94905414883828	7	304677523767
11	94905414883828	8	304677472227
11	94905414883828	9	304677452138
11	94905414883828	10	304677634296
TOTAL	11	94905414883828	3046775297403
19	94905414883828	0	1
19	94905414883828	1	169265251474
19	94905414883828	2	169265230296
19	94905414883828	3	169265405768
19	94905414883828	4	169265394092
19	94905414883828	5	169265256374
19	94905414883828	6	169265322693
19	94905414883828	7	169265327098
19	94905414883828	8	169265287687
19	94905414883828	9	169265246136
19	94905414883828	10	169265336617
19	94905414883828	11	169265341834
19	94905414883828	12	169265190787
19	94905414883828	13	169265315185
19	94905414883828	14	169265347188
19	94905414883828	15	169265234104
19	94905414883828	16	169265177376
19	94905414883828	17	169265234626
19	94905414883828	18	169265398067
TOTAL	19	94905414883828	3046775297403
23	94905414883828	0	1
23	94905414883828	1	138489729319
23	94905414883828	2	138489805371
23	94905414883828	3	138489753417
23	94905414883828	4	138489847897
23	94905414883828	5	138489839207
23	94905414883828	6	138489884058
23	94905414883828	7	138489779217
23	94905414883828	8	138489803701
23	94905414883828	9	138489788084
23	94905414883828	10	138489701957
23	94905414883828	11	138489858513
23	94905414883828	12	138489637160
23	94905414883828	13	138489753794
23	94905414883828	14	138489795039
23	94905414883828	15	138489764390
23	94905414883828	16	138489860669
23	94905414883828	17	138489712444
23	94905414883828	18	138489805262
23	94905414883828	19	138489715315
23	94905414883828	20	138489865137
23	94905414883828	21	138489772840
23	94905414883828	22	138489824611
TOTAL	23	94905414883828	3046775297403
7	99376615684263	0	1
7	99376615684263	1	530933630215
7	99376615684263	2	530933603493
7	99376615684263	3	530933696518
7	99376615684263	4	530933543729
7	99376615684263	5	530933718381
7	99376615684263	6	530933681534
TOTAL	7	99376615684263	3185601873871
8	99376615684263	0	0
8	99376615684263	1	796400096889
8	99376615684263	2	1
8	99376615684263	3	796400544854
8	99376615684263	4	0
8	99376615684263	5	796400736549
8	99376615684263	6	0
8	99376615684263	7	796400495578
TOTAL	8	99376615684263	3185601873871
11	99376615684263	0	1
11	99376615684263	1	318560212831
11	99376615684263	2	318560118886
11	99376615684263	3	318560282005
11	99376615684263	4	318560200598
11	99376615684263	5	318560197240
11	99376615684263	6	318560070741
11	99376615684263	7	318560247164
11	99376615684263	8	318560169018
11	99376615684263	9	318560071983
11	99376615684263	10	318560303404
TOTAL	11	99376615684263	3185601873871
19	99376615684263	0	1
19	99376615684263	1	176977851047
19	99376615684263	2	176977845688
19	99376615684263	3	176978004939
19	99376615684263	4	176977962206
19	99376615684263	5	176977908338
19	99376615684263	6	176977900016
19	99376615684263	7	176977903598
19	99376615684263	8	176977850137
19	99376615684263	9	176977874929
19	99376615684263	10	176977945273
19	99376615684263	11	176977904105
19	99376615684263	12	176977782691
19	99376615684263	13	176977921707
19	99376615684263	14	176977872764
19	99376615684263	15	176977805525
19	99376615684263	16	176977768389
19	99376615684263	17	176977826188
19	99376615684263	18	176977946330
TOTAL	19	99376615684263	3185601873871
23	99376615684263	0	1
23	99376615684263	1	144800056950
23	99376615684263	2	144800042004
23	99376615684263	3	144800102340
23	99376615684263	4	144800138830
23	99376615684263	5	144800182222
23	99376615684263	6	144800250890
23	99376615684263	7	144800047090
23	99376615684263	8	144800107376
23	99376615684263	9	144800100424
23	99376615684263	10	144799995227
23	99376615684263	11	144800123266
23	99376615684263	12	144799999081
23	99376615684263	13	144800084571
23	99376615684263	14	144800068872
23	99376615684263	15	144800078611
23	99376615684263	16	144800126010
23	99376615684263	17	144800018626
23	99376615684263	18	144800045713
23	99376615684263	19	144800034172
23	99376615684263	20	144800155120
23	99376615684263	21	144800052851
23	99376615684263	22	144800063624
TOTAL	23	99376615684263	3185601873871
7	100000000000000	0	1
7	100000000000000	1	534156926021
7	100000000000000	2	534156912056
7	100000000000000	3	534157031248
7	100000000000000	4	534156825708
7	100000000000000	5	534157056416
7	100000000000000	6	534156999352
TOTAL	7	100000000000000	3204941750802
8	100000000000000	0	0
8	100000000000000	1	801235071623
8	100000000000000	2	1
8	100000000000000	3	801235467678
8	100000000000000	4	0
8	100000000000000	5	801235712049
8	100000000000000	6	0
8	100000000000000	7	801235499451
TOTAL	8	100000000000000	3204941750802
11	100000000000000	0	1
11	100000000000000	1	320494184233
11	100000000000000	2	320494125668
11	100000000000000	3	320494249268
11	100000000000000	4	320494199850
11	100000000000000	5	320494203850
11	100000000000000	6	320494054907
11	100000000000000	7	320494231306
11	100000000000000	8	320494144652
11	100000000000000	9	320494058703
11	100000000000000	10	320494298364
TOTAL	11	100000000000000	3204941750802
19	100000000000000	0	1
19	100000000000000	1	178052308293
19	100000000000000	2	178052280323
19	100000000000000	3	178052433068
19	100000000000000	4	178052399922
19	100000000000000	5	178052356575
19	100000000000000	6	178052324505
19	100000000000000	7	178052360479
19	100000000000000	8	178052293615
19	100000000000000	9	178052315434
19	100000000000000	10	178052360701
19	100000000000000	11	178052354130
19	100000000000000	12	178052212736
19	100000000000000	13	178052359817
19	100000000000000	14	178052303896
19	100000000000000	15	178052224385
19	100000000000000	16	178052191190
19	100000000000000	17	178052258780
19	100000000000000	18	178052412952
TOTAL	19	100000000000000	3204941750802
23	100000000000000	0	1
23	100000000000000	1	145679140711
23	100000000000000	2	145679143011
23	100000000000000	3	145679178904
23	100000000000000	4	145679229333
23	100000000000000	5	145679259974
23	100000000000000	6	145679348382
23	100000000000000	7	145679128706
23	100000000000000	8	145679189594
23	100000000000000	9	145679217233
23	100000000000000	10	145679079977
23	100000000000000	11	145679186258
23	100000000000000	12	145679077870
23	100000000000000	13	145679178113
23	100000000000000	14	145679136541
23	100000000000000	15	145679170058
23	100000000000000	16	145679208507
23	100000000000000	17	145679116059
23	100000000000000	18	145679137723
23	100000000000000	19	145679113015
23	100000000000000	20	145679244596
23	100000000000000	21	145679127589
23	100000000000000	22	145679138647
TOTAL	23	100000000000000	3204941750802
7	104058464492742	0	1
7	104058464492742	1	534156926021
7	104058464492742	2	534156912056
7	104058464492742	3	534157031248
7	104058464492742	4	534156825708
7	104058464492742	5	534157056416
7	104058464492742	6	534156999352
TOTAL	7	104058464492742	3204941750802
8	104058464492742	0	0
8	104058464492742	1	801235071623
8	104058464492742	2	1
8	104058464492742	3	801235467678
8	104058464492742	4	0
8	104058464492742	5	801235712049
8	104058464492742	6	0
8	104058464492742	7	801235499451
TOTAL	8	104058464492742	3204941750802
11	104058464492742	0	1
11	104058464492742	1	320494184233
11	104058464492742	2	320494125668
11	104058464492742	3	320494249268
11	104058464492742	4	320494199850
11	104058464492742	5	320494203850
11	104058464492742	6	320494054907
11	104058464492742	7	320494231306
11	104058464492742	8	320494144652
11	104058464492742	9	320494058703
11	104058464492742	10	320494298364
TOTAL	11	104058464492742	3204941750802
19	104058464492742	0	1
19	104058464492742	1	178052308293
19	104058464492742	2	178052280323
19	104058464492742	3	178052433068
19	104058464492742	4	178052399922
19	104058464492742	5	178052356575
19	104058464492742	6	178052324505
19	104058464492742	7	178052360479
19	104058464492742	8	178052293615
19	104058464492742	9	178052315434
19	104058464492742	10	178052360701
19	104058464492742	11	178052354130
19	104058464492742	12	178052212736
19	104058464492742	13	178052359817
19	104058464492742	14	178052303896
19	104058464492742	15	178052224385
19	104058464492742	16	178052191190
19	104058464492742	17	178052258780
19	104058464492742	18	178052412952
TOTAL	19	104058464492742	3204941750802
23	104058464492742	0	1
23	104058464492742	1	145679140711
23	104058464492742	2	145679143011
23	104058464492742	3	145679178904
23	104058464492742	4	145679229333
23	104058464492742	5	145679259974
23	104058464492742	6	145679348382
23	104058464492742	7	145679128706
23	104058464492742	8	145679189594
23	104058464492742	9	145679217233
23	104058464492742	10	145679079977
23	104058464492742	11	145679186258
23	104058464492742	12	145679077870
23	104058464492742	13	145679178113
23	104058464492742	14	145679136541
23	104058464492742	15	145679170058
23	104058464492742	16	145679208507
23	104058464492742	17	145679116059
23	104058464492742	18	145679137723
23	104058464492742	19	145679113015
23	104058464492742	20	145679244596
23	104058464492742	21	145679127589
23	104058464492742	22	145679138647
TOTAL	23	104058464492742	3204941750802
7	108960885395717	0	1
7	108960885395717	1	534156926021
7	108960885395717	2	534156912056
7	108960885395717	3	534157031248
7	108960885395717	4	534156825708
7	108960885395717	5	534157056416
7	108960885395717	6	534156999352
TOTAL	7	108960885395717	3204941750802
8	108960885395717	0	0
8	108960885395717	1	801235071623
8	108960885395717	2	1
8	108960885395717	3	801235467678
8	108960885395717	4	0
8	108960885395717	5	801235712049
8	108960885395717	6	0
8	108960885395717	7	801235499451
TOTAL	8	108960885395717	3204941750802
11	108960885395717	0	1
11	108960885395717	1	320494184233
11	108960885395717	2	320494125668
11	108960885395717	3	320494249268
11	108960885395717	4	320494199850
11	108960885395717	5	320494203850
11	108960885395717	6	320494054907
11	108960885395717	7	320494231306
11	108960885395717	8	320494144652
11	108960885395717	9	320494058703
11	108960885395717	10	320494298364
TOTAL	11	108960885395717	3204941750802
19	108960885395717	0	1
19	108960885395717	1	178052308293
19	108960885395717	2	178052280323
19	108960885395717	3	178052433068
19	108960885395717	4	178052399922
19	108960885395717	5	178052356575
19	108960885395717	6	178052324505
19	108960885395717	7	178052360479
19	108960885395717	8	178052293615
19	108960885395717	9	178052315434
19	108960885395717	10	178052360701
19	108960885395717	11	178052354130
19	108960885395717	12	178052212736
19	108960885395717	13	178052359817
19	108960885395717	14	178052303896
19	108960885395717	15	178052224385
19	108960885395717	16	178052191190
19	108960885395717	17	178052258780
19	108960885395717	18	178052412952
TOTAL	19	108960885395717	3204941750802
23	108960885395717	0	1
23	108960885395717	1	145679140711
23	108960885395717	2	145679143011
23	108960885395717	3	145679178904
23	108960885395717	4	145679229333
23	108960885395717	5	145679259974
23	108960885395717	6	145679348382
23	108960885395717	7	145679128706
23	108960885395717	8	145679189594
23	108960885395717	9	145679217233
23	108960885395717	10	145679079977
23	108960885395717	11	145679186258
23	108960885395717	12	145679077870
23	108960885395717	13	145679178113
23	108960885395717	14	145679136541
23	108960885395717	15	145679170058
23	108960885395717	16	145679208507
23	108960885395717	17	145679116059
23	108960885395717	18	145679137723
23	108960885395717	19	145679113015
23	108960885395717	20	145679244596
23	108960885395717	21	145679127589
23	108960885395717	22	145679138647
TOTAL	23	108960885395717	3204941750802
7	114094270024970	0	1
7	114094270024970	1	534156926021
7	114094270024970	2	534156912056
7	114094270024970	3	534157031248
7	114094270024970	4	534156825708
7	114094270024970	5	534157056416
7	114094270024970	6	534156999352
TOTAL	7	114094270024970	3204941750802
8	114094270024970	0	0
8	114094270024970	1	801235071623
8	114094270024970	2	1
8	114094270024970	3	801235467678
8	114094270024970	4	0
8	114094270024970	5	801235712049
8	114094270024970	6	0
8	114094270024970	7	801235499451
TOTAL	8	114094270024970	3204941750802
11	114094270024970	0	1
11	114094270024970	1	320494184233
11	114094270024970	2	320494125668
11	114094270024970	3	320494249268
11	114094270024970	4	320494199850
11	114094270024970	5	320494203850
11	114094270024970	6	320494054907
11	114094270024970	7	320494231306
11	114094270024970	8	320494144652
11	114094270024970	9	320494058703
11	114094270024970	10	320494298364
TOTAL	11	114094270024970	3204941750802
19	114094270024970	0	1
19	114094270024970	1	178052308293
19	114094270024970	2	178052280323
19	114094270024970	3	178052433068
19	114094270024970	4	178052399922
19	114094270024970	5	178052356575
19	114094270024970	6	178052324505
19	114094270024970	7	178052360479
19	114094270024970	8	178052293615
19	114094270024970	9	178052315434
19	114094270024970	10	178052360701
19	114094270024970	11	178052354130
19	114094270024970	12	178052212736
19	114094270024970	13	178052359817
19	114094270024970	14	178052303896
19	114094270024970	15	178052224385
19	114094270024970	16	178052191190
19	114094270024970	17	178052258780
19	114094270024970	18	178052412952
TOTAL	19	114094270024970	3204941750802
23	114094270024970	0	1
23	114094270024970	1	145679140711
23	114094270024970	2	145679143011
23	114094270024970	3	145679178904
23	114094270024970	4	145679229333
23	114094270024970	5	145679259974
23	114094270024970	6	145679348382
23	114094270024970	7	145679128706
23	114094270024970	8	145679189594
23	114094270024970	9	145679217233
23	114094270024970	10	145679079977
23	114094270024970	11	145679186258
23	114094270024970	12	145679077870
23	114094270024970	13	145679178113
23	114094270024970	14	145679136541
23	114094270024970	15	145679170058
23	114094270024970	16	145679208507
23	114094270024970	17	145679116059
23	114094270024970	18	145679137723
23	114094270024970	19	145679113015
23	114094270024970	20	145679244596
23	114094270024970	21	145679127589
23	114094270024970	22	145679138647
TOTAL	23	114094270024970	3204941750802
7	119469499584686	0	1
7	119469499584686	1	534156926021
7	119469499584686	2	534156912056
7	119469499584686	3	534157031248
7	119469499584686	4	534156825708
7	119469499584686	5	534157056416
7	119469499584686	6	534156999352
TOTAL	7	119469499584686	3204941750802
8	119469499584686	0	0
8	119469499584686	1	801235071623
8	119469499584686	2	1
8	119469499584686	3	801235467678
8	119469499584686	4	0
8	119469499584686	5	801235712049
8	119469499584686	6	0
8	119469499584686	7	801235499451
TOTAL	8	119469499584686	3204941750802
11	119469499584686	0	1
11	119469499584686	1	320494184233
11	119469499584686	2	320494125668
11	119469499584686	3	320494249268
11	119469499584686	4	320494199850
11	119469499584686	5	320494203850
11	119469499584686	6	320494054907
11	119469499584686	7	320494231306
11	119469499584686	8	320494144652
11	119469499584686	9	320494058703
11	119469499584686	10	320494298364
TOTAL	11	119469499584686	3204941750802
19	119469499584686	0	1
19	119469499584686	1	178052308293
19	119469499584686	2	178052280323
19	119469499584686	3	178052433068
19	119469499584686	4	178052399922
19	119469499584686	5	178052356575
19	119469499584686	6	178052324505
19	119469499584686	7	178052360479
19	119469499584686	8	178052293615
19	119469499584686	9	178052315434
19	119469499584686	10	178052360701
19	119469499584686	11	178052354130
19	119469499584686	12	178052212736
19	119469499584686	13	178052359817
19	119469499584686	14	178052303896
19	119469499584686	15	178052224385
19	119469499584686	16	178052191190
19	119469499584686	17	178052258780
19	119469499584686	18	178052412952
TOTAL	19	119469499584686	3204941750802
23	119469499584686	0	1
23	119469499584686	1	145679140711
23	119469499584686	2	145679143011
23	119469499584686	3	145679178904
23	119469499584686	4	145679229333
23	119469499584686	5	145679259974
23	119469499584686	6	145679348382
23	119469499584686	7	145679128706
23	119469499584686	8	145679189594
23	119469499584686	9	145679217233
23	119469499584686	10	145679079977
23	119469499584686	11	145679186258
23	119469499584686	12	145679077870
23	119469499584686	13	145679178113
23	119469499584686	14	145679136541
23	119469499584686	15	145679170058
23	119469499584686	16	145679208507
23	119469499584686	17	145679116059
23	119469499584686	18	145679137723
23	119469499584686	19	145679113015
23	119469499584686	20	145679244596
23	119469499584686	21	145679127589
23	119469499584686	22	145679138647
TOTAL	23	119469499584686	3204941750802
7	125097967916282	0	1
7	125097967916282	1	534156926021
7	125097967916282	2	534156912056
7	125097967916282	3	534157031248
7	125097967916282	4	534156825708
7	125097967916282	5	534157056416
7	125097967916282	6	534156999352
TOTAL	7	125097967916282	3204941750802
8	125097967916282	0	0
8	125097967916282	1	801235071623
8	125097967916282	2	1
8	125097967916282	3	801235467678
8	125097967916282	4	0
8	125097967916282	5	801235712049
8	125097967916282	6	0
8	125097967916282	7	801235499451
TOTAL	8	125097967916282	3204941750802
11	125097967916282	0	1
11	125097967916282	1	320494184233
11	125097967916282	2	320494125668
11	125097967916282	3	320494249268
11	125097967916282	4	320494199850
11	125097967916282	5	320494203850
11	125097967916282	6	320494054907
11	125097967916282	7	320494231306
11	125097967916282	8	320494144652
11	125097967916282	9	320494058703
11	125097967916282	10	320494298364
TOTAL	11	125097967916282	3204941750802
19	125097967916282	0	1
19	125097967916282	1	178052308293
19	125097967916282	2	178052280323
19	125097967916282	3	178052433068
19	125097967916282	4	178052399922
19	125097967916282	5	178052356575
19	125097967916282	6	178052324505
19	125097967916282	7	178052360479
19	125097967916282	8	178052293615
19	125097967916282	9	178052315434
19	125097967916282	10	178052360701
19	125097967916282	11	178052354130
19	125097967916282	12	178052212736
19	125097967916282	13	178052359817
19	125097967916282	14	178052303896
19	125097967916282	15	178052224385
19	125097967916282	16	178052191190
19	125097967916282	17	178052258780
19	125097967916282	18	178052412952
TOTAL	19	125097967916282	3204941750802
23	125097967916282	0	1
23	125097967916282	1	145679140711
23	125097967916282	2	145679143011
23	125097967916282	3	145679178904
23	125097967916282	4	145679229333
23	125097967916282	5	145679259974
23	125097967916282	6	145679348382
23	125097967916282	7	145679128706
23	125097967916282	8	145679189594
23	125097967916282	9	145679217233
23	125097967916282	10	145679079977
23	125097967916282	11	145679186258
23	125097967916282	12	145679077870
23	125097967916282	13	145679178113
23	125097967916282	14	145679136541
23	125097967916282	15	145679170058
23	125097967916282	16	145679208507
23	125097967916282	17	145679116059
23	125097967916282	18	145679137723
23	125097967916282	19	145679113015
23	125097967916282	20	145679244596
23	125097967916282	21	145679127589
23	125097967916282	22	145679138647
TOTAL	23	125097967916282	3204941750802
7	130991605649859	0	1
7	130991605649859	1	534156926021
7	130991605649859	2	534156912056
7	130991605649859	3	534157031248
7	130991605649859	4	534156825708
7	130991605649859	5	534157056416
7	130991605649859	6	534156999352
TOTAL	7	130991605649859	3204941750802
8	130991605649859	0	0
8	130991605649859	1	801235071623
8	130991605649859	2	1
8	130991605649859	3	801235467678
8	130991605649859	4	0
8	130991605649859	5	801235712049
8	130991605649859	6	0
8	130991605649859	7	801235499451
TOTAL	8	130991605649859	3204941750802
11	130991605649859	0	1
11	130991605649859	1	320494184233
11	130991605649859	2	320494125668
11	130991605649859	3	320494249268
11	130991605649859	4	320494199850
11	130991605649859	5	320494203850
11	130991605649859	6	320494054907
11	130991605649859	7	320494231306
11	130991605649859	8	320494144652
11	130991605649859	9	320494058703
11	130991605649859	10	320494298364
TOTAL	11	130991605649859	3204941750802
19	130991605649859	0	1
19	130991605649859	1	178052308293
19	130991605649859	2	178052280323
19	130991605649859	3	178052433068
19	130991605649859	4	178052399922
19	130991605649859	5	178052356575
19	130991605649859	6	178052324505
19	130991605649859	7	178052360479
19	130991605649859	8	178052293615
19	130991605649859	9	178052315434
19	130991605649859	10	178052360701
19	130991605649859	11	178052354130
19	130991605649859	12	178052212736
19	130991605649859	13	178052359817
19	130991605649859	14	178052303896
19	130991605649859	15	178052224385
19	130991605649859	16	178052191190
19	130991605649859	17	178052258780
19	130991605649859	18	178052412952
TOTAL	19	130991605649859	3204941750802
23	130991605649859	0	1
23	130991605649859	1	145679140711
23	130991605649859	2	145679143011
23	130991605649859	3	145679178904
23	130991605649859	4	145679229333
23	130991605649859	5	145679259974
23	130991605649859	6	145679348382
23	130991605649859	7	145679128706
23	130991605649859	8	145679189594
23	130991605649859	9	145679217233
23	130991605649859	10	145679079977
23	130991605649859	11	145679186258
23	130991605649859	12	145679077870
23	130991605649859	13	145679178113
23	130991605649859	14	145679136541
23	130991605649859	15	145679170058
23	130991605649859	16	145679208507
23	130991605649859	17	145679116059
23	130991605649859	18	145679137723
23	130991605649859	19	145679113015
23	130991605649859	20	145679244596
23	130991605649859	21	145679127589
23	130991605649859	22	145679138647
TOTAL	23	130991605649859	3204941750802
7	137162905493486	0	1
7	137162905493486	1	534156926021
7	137162905493486	2	534156912056
7	137162905493486	3	534157031248
7	137162905493486	4	534156825708
7	137162905493486	5	534157056416
7	137162905493486	6	534156999352
TOTAL	7	137162905493486	3204941750802
8	137162905493486	0	0
8	137162905493486	1	801235071623
8	137162905493486	2	1
8	137162905493486	3	801235467678
8	137162905493486	4	0
8	137162905493486	5	801235712049
8	137162905493486	6	0
8	137162905493486	7	801235499451
TOTAL	8	137162905493486	3204941750802
11	137162905493486	0	1
11	137162905493486	1	320494184233
11	137162905493486	2	320494125668
11	137162905493486	3	320494249268
11	137162905493486	4	320494199850
11	137162905493486	5	320494203850
11	137162905493486	6	320494054907
11	137162905493486	7	320494231306
11	137162905493486	8	320494144652
11	137162905493486	9	320494058703
11	137162905493486	10	320494298364
TOTAL	11	137162905493486	3204941750802
19	137162905493486	0	1
19	137162905493486	1	178052308293
19	137162905493486	2	178052280323
19	137162905493486	3	178052433068
19	137162905493486	4	178052399922
19	137162905493486	5	178052356575
19	137162905493486	6	178052324505
19	137162905493486	7	178052360479
19	137162905493486	8	178052293615
19	137162905493486	9	178052315434
19	137162905493486	10	178052360701
19	137162905493486	11	178052354130
19	137162905493486	12	178052212736
19	137162905493486	13	178052359817
19	137162905493486	14	178052303896
19	137162905493486	15	178052224385
19	137162905493486	16	178052191190
19	137162905493486	17	178052258780
19	137162905493486	18	178052412952
TOTAL	19	137162905493486	3204941750802
23	137162905493486	0	1
23	137162905493486	1	145679140711
23	137162905493486	2	145679143011
23	137162905493486	3	145679178904
23	137162905493486	4	145679229333
23	137162905493486	5	145679259974
23	137162905493486	6	145679348382
23	137162905493486	7	145679128706
23	137162905493486	8	145679189594
23	137162905493486	9	145679217233
23	137162905493486	10	145679079977
23	137162905493486	11	145679186258
23	137162905493486	12	145679077870
23	137162905493486	13	145679178113
23	137162905493486	14	145679136541
23	137162905493486	15	145679170058
23	137162905493486	16	145679208507
23	137162905493486	17	145679116059
23	137162905493486	18	145679137723
23	137162905493486	19	145679113015
23	137162905493486	20	145679244596
23	137162905493486	21	145679127589
23	137162905493486	22	145679138647
TOTAL	23	137162905493486	3204941750802
7	143624948713920	0	1
7	143624948713920	1	534156926021
7	143624948713920	2	534156912056
7	143624948713920	3	534157031248
7	143624948713920	4	534156825708
7	143624948713920	5	534157056416
7	143624948713920	6	534156999352
TOTAL	7	143624948713920	3204941750802
8	143624948713920	0	0
8	143624948713920	1	801235071623
8	143624948713920	2	1
8	143624948713920	3	801235467678
8	143624948713920	4	0
8	143624948713920	5	801235712049
8	143624948713920	6	0
8	143624948713920	7	801235499451
TOTAL	8	143624948713920	3204941750802
11	143624948713920	0	1
11	143624948713920	1	320494184233
11	143624948713920	2	320494125668
11	143624948713920	3	320494249268
11	143624948713920	4	320494199850
11	143624948713920	5	320494203850
11	143624948713920	6	320494054907
11	143624948713920	7	320494231306
11	143624948713920	8	320494144652
11	143624948713920	9	320494058703
11	143624948713920	10	320494298364
TOTAL	11	143624948713920	3204941750802
19	143624948713920	0	1
19	143624948713920	1	178052308293
19	143624948713920	2	178052280323
19	143624948713920	3	178052433068
19	143624948713920	4	178052399922
19	143624948713920	5	178052356575
19	143624948713920	6	178052324505
19	143624948713920	7	178052360479
19	143624948713920	8	178052293615
19	143624948713920	9	178052315434
19	143624948713920	10	178052360701
19	143624948713920	11	178052354130
19	143624948713920	12	178052212736
19	143624948713920	13	178052359817
19	143624948713920	14	178052303896
19	143624948713920	15	178052224385
19	143624948713920	16	178052191190
19	143624948713920	17	178052258780
19	143624948713920	18	178052412952
TOTAL	19	143624948713920	3204941750802
23	143624948713920	0	1
23	143624948713920	1	145679140711
23	143624948713920	2	145679143011
23	143624948713920	3	145679178904
23	143624948713920	4	145679229333
23	143624948713920	5	145679259974
23	143624948713920	6	145679348382
23	143624948713920	7	145679128706
23	143624948713920	8	145679189594
23	143624948713920	9	145679217233
23	143624948713920	10	145679079977
23	143624948713920	11	145679186258
23	143624948713920	12	145679077870
23	143624948713920	13	145679178113
23	143624948713920	14	145679136541
23	143624948713920	15	145679170058
23	143624948713920	16	145679208507
23	143624948713920	17	145679116059
23	143624948713920	18	145679137723
23	143624948713920	19	145679113015
23	143624948713920	20	145679244596
23	143624948713920	21	145679127589
23	143624948713920	22	145679138647
TOTAL	23	143624948713920	3204941750802
7	150391432864885	0	1
7	150391432864885	1	534156926021
7	150391432864885	2	534156912056
7	150391432864885	3	534157031248
7	150391432864885	4	534156825708
7	150391432864885	5	534157056416
7	150391432864885	6	534156999352
TOTAL	7	150391432864885	3204941750802
8	150391432864885	0	0
8	150391432864885	1	801235071623
8	150391432864885	2	1
8	150391432864885	3	801235467678
8	150391432864885	4	0
8	150391432864885	5	801235712049
8	150391432864885	6	0
8	150391432864885	7	801235499451
TOTAL	8	150391432864885	3204941750802
11	150391432864885	0	1
11	150391432864885	1	320494184233
11	150391432864885	2	320494125668
11	150391432864885	3	320494249268
11	150391432864885	4	320494199850
11	150391432864885	5	320494203850
11	150391432864885	6	320494054907
11	150391432864885	7	320494231306
11	150391432864885	8	320494144652
11	150391432864885	9	320494058703
11	150391432864885	10	320494298364
TOTAL	11	150391432864885	3204941750802
19	150391432864885	0	1
19	150391432864885	1	178052308293
19	150391432864885	2	178052280323
19	150391432864885	3	178052433068
19	150391432864885	4	178052399922
19	150391432864885	5	178052356575
19	150391432864885	6	178052324505
19	150391432864885	7	178052360479
19	150391432864885	8	178052293615
19	150391432864885	9	178052315434
19	150391432864885	10	178052360701
19	150391432864885	11	178052354130
19	150391432864885	12	178052212736
19	150391432864885	13	178052359817
19	150391432864885	14	178052303896
19	150391432864885	15	178052224385
19	150391432864885	16	178052191190
19	150391432864885	17	178052258780
19	150391432864885	18	178052412952
TOTAL	19	150391432864885	3204941750802
23	150391432864885	0	1
23	150391432864885	1	145679140711
23	150391432864885	2	145679143011
23	150391432864885	3	145679178904
23	150391432864885	4	145679229333
23	150391432864885	5	145679259974
23	150391432864885	6	145679348382
23	150391432864885	7	145679128706
23	150391432864885	8	145679189594
23	150391432864885	9	145679217233
23	150391432864885	10	145679079977
23	150391432864885	11	145679186258
23	150391432864885	12	145679077870
23	150391432864885	13	145679178113
23	150391432864885	14	145679136541
23	150391432864885	15	145679170058
23	150391432864885	16	145679208507
23	150391432864885	17	145679116059
23	150391432864885	18	145679137723
23	150391432864885	19	145679113015
23	150391432864885	20	145679244596
23	150391432864885	21	145679127589
23	150391432864885	22	145679138647
TOTAL	23	150391432864885	3204941750802
7	157476700821694	0	1
7	157476700821694	1	534156926021
7	157476700821694	2	534156912056
7	157476700821694	3	534157031248
7	157476700821694	4	534156825708
7	157476700821694	5	534157056416
7	157476700821694	6	534156999352
TOTAL	7	157476700821694	3204941750802
8	157476700821694	0	0
8	157476700821694	1	801235071623
8	157476700821694	2	1
8	157476700821694	3	801235467678
8	157476700821694	4	0
8	157476700821694	5	801235712049
8	157476700821694	6	0
8	157476700821694	7	801235499451
TOTAL	8	157476700821694	3204941750802
11	157476700821694	0	1
11	157476700821694	1	320494184233
11	157476700821694	2	320494125668
11	157476700821694	3	320494249268
11	157476700821694	4	320494199850
11	157476700821694	5	320494203850
11	157476700821694	6	320494054907
11	157476700821694	7	320494231306
11	157476700821694	8	320494144652
11	157476700821694	9	320494058703
11	157476700821694	10	320494298364
TOTAL	11	157476700821694	3204941750802
19	157476700821694	0	1
19	157476700821694	1	178052308293
19	157476700821694	2	178052280323
19	157476700821694	3	178052433068
19	157476700821694	4	178052399922
19	157476700821694	5	178052356575
19	157476700821694	6	178052324505
19	157476700821694	7	178052360479
19	157476700821694	8	178052293615
19	157476700821694	9	178052315434
19	157476700821694	10	178052360701
19	157476700821694	11	178052354130
19	157476700821694	12	178052212736
19	157476700821694	13	178052359817
19	157476700821694	14	178052303896
19	157476700821694	15	178052224385
19	157476700821694	16	178052191190
19	157476700821694	17	178052258780
19	157476700821694	18	178052412952
TOTAL	19	157476700821694	3204941750802
23	157476700821694	0	1
23	157476700821694	1	145679140711
23	157476700821694	2	145679143011
23	157476700821694	3	145679178904
23	157476700821694	4	145679229333
23	157476700821694	5	145679259974
23	157476700821694	6	145679348382
23	157476700821694	7	145679128706
23	157476700821694	8	145679189594
23	157476700821694	9	145679217233
23	157476700821694	10	145679079977
23	157476700821694	11	145679186258
23	157476700821694	12	145679077870
23	157476700821694	13	145679178113
23	157476700821694	14	145679136541
23	157476700821694	15	145679170058
23	157476700821694	16	145679208507
23	157476700821694	17	145679116059
23	157476700821694	18	145679137723
23	157476700821694	19	145679113015
23	157476700821694	20	145679244596
23	157476700821694	21	145679127589
23	157476700821694	22	145679138647
TOTAL	23	157476700821694	3204941750802
7	164895771183756	0	1
7	164895771183756	1	534156926021
7	164895771183756	2	534156912056
7	164895771183756	3	534157031248
7	164895771183756	4	534156825708
7	164895771183756	5	534157056416
7	164895771183756	6	534156999352
TOTAL	7	164895771183756	3204941750802
8	164895771183756	0	0
8	164895771183756	1	801235071623
8	164895771183756	2	1
8	164895771183756	3	801235467678
8	164895771183756	4	0
8	164895771183756	5	801235712049
8	164895771183756	6	0
8	164895771183756	7	801235499451
TOTAL	8	164895771183756	3204941750802
11	164895771183756	0	1
11	164895771183756	1	320494184233
11	164895771183756	2	320494125668
11	164895771183756	3	320494249268
11	164895771183756	4	320494199850
11	164895771183756	5	320494203850
11	164895771183756	6	320494054907
11	164895771183756	7	320494231306
11	164895771183756	8	320494144652
11	164895771183756	9	320494058703
11	164895771183756	10	320494298364
TOTAL	11	164895771183756	3204941750802
19	164895771183756	0	1
19	164895771183756	1	178052308293
19	164895771183756	2	178052280323
19	164895771183756	3	178052433068
19	164895771183756	4	178052399922
19	164895771183756	5	178052356575
19	164895771183756	6	178052324505
19	164895771183756	7	178052360479
19	164895771183756	8	178052293615
19	164895771183756	9	178052315434
19	164895771183756	10	178052360701
19	164895771183756	11	178052354130
19	164895771183756	12	178052212736
19	164895771183756	13	178052359817
19	164895771183756	14	178052303896
19	164895771183756	15	178052224385
19	164895771183756	16	178052191190
19	164895771183756	17	178052258780
19	164895771183756	18	178052412952
TOTAL	19	164895771183756	3204941750802
23	164895771183756	0	1
23	164895771183756	1	145679140711
23	164895771183756	2	145679143011
23	164895771183756	3	145679178904
23	164895771183756	4	145679229333
23	164895771183756	5	145679259974
23	164895771183756	6	145679348382
23	164895771183756	7	145679128706
23	164895771183756	8	145679189594
23	164895771183756	9	145679217233
23	164895771183756	10	145679079977
23	164895771183756	11	145679186258
23	164895771183756	12	145679077870
23	164895771183756	13	145679178113
23	164895771183756	14	145679136541
23	164895771183756	15	145679170058
23	164895771183756	16	145679208507
23	164895771183756	17	145679116059
23	164895771183756	18	145679137723
23	164895771183756	19	145679113015
23	164895771183756	20	145679244596
23	164895771183756	21	145679127589
23	164895771183756	22	145679138647
TOTAL	23	164895771183756	3204941750802
7	172664370109409	0	1
7	172664370109409	1	534156926021
7	172664370109409	2	534156912056
7	172664370109409	3	534157031248
7	172664370109409	4	534156825708
7	172664370109409	5	534157056416
7	172664370109409	6	534156999352
TOTAL	7	172664370109409	3204941750802
8	172664370109409	0	0
8	172664370109409	1	801235071623
8	172664370109409	2	1
8	172664370109409	3	801235467678
8	172664370109409	4	0
8	172664370109409	5	801235712049
8	172664370109409	6	0
8	172664370109409	7	801235499451
TOTAL	8	172664370109409	3204941750802
11	172664370109409	0	1
11	172664370109409	1	320494184233
11	172664370109409	2	320494125668
11	172664370109409	3	320494249268
11	172664370109409	4	320494199850
11	172664370109409	5	320494203850
11	172664370109409	6	320494054907
11	172664370109409	7	320494231306
11	172664370109409	8	320494144652
11	172664370109409	9	320494058703
11	172664370109409	10	320494298364
TOTAL	11	172664370109409	3204941750802
19	172664370109409	0	1
19	172664370109409	1	178052308293
19	172664370109409	2	178052280323
19	172664370109409	3	178052433068
19	172664370109409	4	178052399922
19	172664370109409	5	178052356575
19	172664370109409	6	178052324505
19	172664370109409	7	178052360479
19	172664370109409	8	178052293615
19	172664370109409	9	178052315434
19	172664370109409	10	178052360701
19	172664370109409	11	178052354130
19	172664370109409	12	178052212736
19	172664370109409	13	178052359817
19	172664370109409	14	178052303896
19	172664370109409	15	178052224385
19	172664370109409	16	178052191190
19	172664370109409	17	178052258780
19	172664370109409	18	178052412952
TOTAL	19	172664370109409	3204941750802
23	172664370109409	0	1
23	172664370109409	1	145679140711
23	172664370109409	2	145679143011
23	172664370109409	3	145679178904
23	172664370109409	4	145679229333
23	172664370109409	5	145679259974
23	172664370109409	6	145679348382
23	172664370109409	7	145679128706
23	172664370109409	8	145679189594
23	172664370109409	9	145679217233
23	172664370109409	10	145679079977
23	172664370109409	11	145679186258
23	172664370109409	12	145679077870
23	172664370109409	13	145679178113
23	172664370109409	14	145679136541
23	172664370109409	15	145679170058
23	172664370109409	16	145679208507
23	172664370109409	17	145679116059
23	172664370109409	18	145679137723
23	172664370109409	19	145679113015
23	172664370109409	20	145679244596
23	172664370109409	21	145679127589
23	172664370109409	22	145679138647
TOTAL	23	172664370109409	3204941750802
7	180798964650562	0	1
7	180798964650562	1	534156926021
7	180798964650562	2	534156912056
7	180798964650562	3	534157031248
7	180798964650562	4	534156825708
7	180798964650562	5	534157056416
7	180798964650562	6	534156999352
TOTAL	7	180798964650562	3204941750802
8	180798964650562	0	0
8	180798964650562	1	801235071623
8	180798964650562	2	1
8	180798964650562	3	801235467678
8	180798964650562	4	0
8	180798964650562	5	801235712049
8	180798964650562	6	0
8	180798964650562	7	801235499451
TOTAL	8	180798964650562	3204941750802
11	180798964650562	0	1
11	180798964650562	1	320494184233
11	180798964650562	2	320494125668
11	180798964650562	3	320494249268
11	180798964650562	4	320494199850
11	180798964650562	5	320494203850
11	180798964650562	6	320494054907
11	180798964650562	7	320494231306
11	180798964650562	8	320494144652
11	180798964650562	9	320494058703
11	180798964650562	10	320494298364
TOTAL	11	180798964650562	3204941750802
19	180798964650562	0	1
19	180798964650562	1	178052308293
19	180798964650562	2	178052280323
19	180798964650562	3	178052433068
19	180798964650562	4	178052399922
19	180798964650562	5	178052356575
19	180798964650562	6	178052324505
19	180798964650562	7	178052360479
19	180798964650562	8	178052293615
19	180798964650562	9	178052315434
19	180798964650562	10	178052360701
19	180798964650562	11	178052354130
19	180798964650562	12	178052212736
19	180798964650562	13	178052359817
19	180798964650562	14	178052303896
19	180798964650562	15	178052224385
19	180798964650562	16	178052191190
19	180798964650562	17	178052258780
19	180798964650562	18	178052412952
TOTAL	19	180798964650562	3204941750802
23	180798964650562	0	1
23	180798964650562	1	145679140711
23	180798964650562	2	145679143011
23	180798964650562	3	145679178904
23	180798964650562	4	145679229333
23	180798964650562	5	145679259974
23	180798964650562	6	145679348382
23	180798964650562	7	145679128706
23	180798964650562	8	145679189594
23	180798964650562	9	145679217233
23	180798964650562	10	145679079977
23	180798964650562	11	145679186258
23	180798964650562	12	145679077870
23	180798964650562	13	145679178113
23	180798964650562	14	145679136541
23	180798964650562	15	145679170058
23	180798964650562	16	145679208507
23	180798964650562	17	145679116059
23	180798964650562	18	145679137723
23	180798964650562	19	145679113015
23	180798964650562	20	145679244596
23	180798964650562	21	145679127589
23	180798964650562	22	145679138647
TOTAL	23	180798964650562	3204941750802
7	189316797657804	0	1
7	189316797657804	1	534156926021
7	189316797657804	2	534156912056
7	189316797657804	3	534157031248
7	189316797657804	4	534156825708
7	189316797657804	5	534157056416
7	189316797657804	6	534156999352
TOTAL	7	189316797657804	3204941750802
8	189316797657804	0	0
8	189316797657804	1	801235071623
8	189316797657804	2	1
8	189316797657804	3	801235467678
8	189316797657804	4	0
8	189316797657804	5	801235712049
8	189316797657804	6	0
8	189316797657804	7	801235499451
TOTAL	8	189316797657804	3204941750802
11	189316797657804	0	1
11	189316797657804	1	320494184233
11	189316797657804	2	320494125668
11	189316797657804	3	320494249268
11	189316797657804	4	320494199850
11	189316797657804	5	320494203850
11	189316797657804	6	320494054907
11	189316797657804	7	320494231306
11	189316797657804	8	320494144652
11	189316797657804	9	320494058703
11	189316797657804	10	320494298364
TOTAL	11	189316797657804	3204941750802
19	189316797657804	0	1
19	189316797657804	1	178052308293
19	189316797657804	2	178052280323
19	189316797657804	3	178052433068
19	189316797657804	4	178052399922
19	189316797657804	5	178052356575
19	189316797657804	6	178052324505
19	189316797657804	7	178052360479
19	189316797657804	8	178052293615
19	189316797657804	9	178052315434
19	189316797657804	10	178052360701
19	189316797657804	11	178052354130
19	189316797657804	12	178052212736
19	189316797657804	13	178052359817
19	189316797657804	14	178052303896
19	189316797657804	15	178052224385
19	189316797657804	16	178052191190
19	189316797657804	17	178052258780
19	189316797657804	18	178052412952
TOTAL	19	189316797657804	3204941750802
23	189316797657804	0	1
23	189316797657804	1	145679140711
23	189316797657804	2	145679143011
23	189316797657804	3	145679178904
23	189316797657804	4	145679229333
23	189316797657804	5	145679259974
23	189316797657804	6	145679348382
23	189316797657804	7	145679128706
23	189316797657804	8	145679189594
23	189316797657804	9	145679217233
23	189316797657804	10	145679079977
23	189316797657804	11	145679186258
23	189316797657804	12	145679077870
23	189316797657804	13	145679178113
23	189316797657804	14	145679136541
23	189316797657804	15	145679170058
23	189316797657804	16	145679208507
23	189316797657804	17	145679116059
23	189316797657804	18	145679137723
23	189316797657804	19	145679113015
23	189316797657804	20	145679244596
23	189316797657804	21	145679127589
23	189316797657804	22	145679138647
TOTAL	23	189316797657804	3204941750802
7	198235924329971	0	1
7	198235924329971	1	534156926021
7	198235924329971	2	534156912056
7	198235924329971	3	534157031248
7	198235924329971	4	534156825708
7	198235924329971	5	534157056416
7	198235924329971	6	534156999352
TOTAL	7	198235924329971	3204941750802
8	198235924329971	0	0
8	198235924329971	1	801235071623
8	198235924329971	2	1
8	198235924329971	3	801235467678
8	198235924329971	4	0
8	198235924329971	5	801235712049
8	198235924329971	6	0
8	198235924329971	7	801235499451
TOTAL	8	198235924329971	3204941750802
11	198235924329971	0	1
11	198235924329971	1	320494184233
11	198235924329971	2	320494125668
11	198235924329971	3	320494249268
11	198235924329971	4	320494199850
11	198235924329971	5	320494203850
11	198235924329971	6	320494054907
11	198235924329971	7	320494231306
11	198235924329971	8	320494144652
11	198235924329971	9	320494058703
11	198235924329971	10	320494298364
TOTAL	11	198235924329971	3204941750802
19	198235924329971	0	1
19	198235924329971	1	178052308293
19	198235924329971	2	178052280323
19	198235924329971	3	178052433068
19	198235924329971	4	178052399922
19	198235924329971	5	178052356575
19	198235924329971	6	178052324505
19	198235924329971	7	178052360479
19	198235924329971	8	178052293615
19	198235924329971	9	178052315434
19	198235924329971	10	178052360701
19	198235924329971	11	178052354130
19	198235924329971	12	178052212736
19	198235924329971	13	178052359817
19	198235924329971	14	178052303896
19	198235924329971	15	178052224385
19	198235924329971	16	178052191190
19	198235924329971	17	178052258780
19	198235924329971	18	178052412952
TOTAL	19	198235924329971	3204941750802
23	198235924329971	0	1
23	198235924329971	1	145679140711
23	198235924329971	2	145679143011
23	198235924329971	3	145679178904
23	198235924329971	4	145679229333
23	198235924329971	5	145679259974
23	198235924329971	6	145679348382
23	198235924329971	7	145679128706
23	198235924329971	8	145679189594
23	198235924329971	9	145679217233
23	198235924329971	10	145679079977
23	198235924329971	11	145679186258
23	198235924329971	12	145679077870
23	198235924329971	13	145679178113
23	198235924329971	14	145679136541
23	198235924329971	15	145679170058
23	198235924329971	16	145679208507
23	198235924329971	17	145679116059
23	198235924329971	18	145679137723
23	198235924329971	19	145679113015
23	198235924329971	20	145679244596
23	198235924329971	21	145679127589
23	198235924329971	22	145679138647
TOTAL	23	198235924329971	3204941750802
7	200000000000000	0	1
7	200000000000000	1	534156926021
7	200000000000000	2	534156912056
7	200000000000000	3	534157031248
7	200000000000000	4	534156825708
7	200000000000000	5	534157056416
7	200000000000000	6	534156999352
TOTAL	7	200000000000000	3204941750802
8	200000000000000	0	0
8	200000000000000	1	801235071623
8	200000000000000	2	1
8	200000000000000	3	801235467678
8	200000000000000	4	0
8	200000000000000	5	801235712049
8	200000000000000	6	0
8	200000000000000	7	801235499451
TOTAL	8	200000000000000	3204941750802
11	200000000000000	0	1
11	200000000000000	1	320494184233
11	200000000000000	2	320494125668
11	200000000000000	3	320494249268
11	200000000000000	4	320494199850
11	200000000000000	5	320494203850
11	200000000000000	6	320494054907
11	200000000000000	7	320494231306
11	200000000000000	8	320494144652
11	200000000000000	9	320494058703
11	200000000000000	10	320494298364
TOTAL	11	200000000000000	3204941750802
19	200000000000000	0	1
19	200000000000000	1	178052308293
19	200000000000000	2	178052280323
19	200000000000000	3	178052433068
19	200000000000000	4	178052399922
19	200000000000000	5	178052356575
19	200000000000000	6	178052324505
19	200000000000000	7	178052360479
19	200000000000000	8	178052293615
19	200000000000000	9	178052315434
19	200000000000000	10	178052360701
19	200000000000000	11	178052354130
19	200000000000000	12	178052212736
19	200000000000000	13	178052359817
19	200000000000000	14	178052303896
19	200000000000000	15	178052224385
19	200000000000000	16	178052191190
19	200000000000000	17	178052258780
19	200000000000000	18	178052412952
TOTAL	19	200000000000000	3204941750802
23	200000000000000	0	1
23	200000000000000	1	145679140711
23	200000000000000	2	145679143011
23	200000000000000	3	145679178904
23	200000000000000	4	145679229333
23	200000000000000	5	145679259974
23	200000000000000	6	145679348382
23	200000000000000	7	145679128706
23	200000000000000	8	145679189594
23	200000000000000	9	145679217233
23	200000000000000	10	145679079977
23	200000000000000	11	145679186258
23	200000000000000	12	145679077870
23	200000000000000	13	145679178113
23	200000000000000	14	145679136541
23	200000000000000	15	145679170058
23	200000000000000	16	145679208507
23	200000000000000	17	145679116059
23	200000000000000	18	145679137723
23	200000000000000	19	145679113015
23	200000000000000	20	145679244596
23	200000000000000	21	145679127589
23	200000000000000	22	145679138647
TOTAL	23	200000000000000	3204941750802
7	207575250485640	0	1
7	207575250485640	1	534156926021
7	207575250485640	2	534156912056
7	207575250485640	3	534157031248
7	207575250485640	4	534156825708
7	207575250485640	5	534157056416
7	207575250485640	6	534156999352
TOTAL	7	207575250485640	3204941750802
8	207575250485640	0	0
8	207575250485640	1	801235071623
8	207575250485640	2	1
8	207575250485640	3	801235467678
8	207575250485640	4	0
8	207575250485640	5	801235712049
8	207575250485640	6	0
8	207575250485640	7	801235499451
TOTAL	8	207575250485640	3204941750802
11	207575250485640	0	1
11	207575250485640	1	320494184233
11	207575250485640	2	320494125668
11	207575250485640	3	320494249268
11	207575250485640	4	320494199850
11	207575250485640	5	320494203850
11	207575250485640	6	320494054907
11	207575250485640	7	320494231306
11	207575250485640	8	320494144652
11	207575250485640	9	320494058703
11	207575250485640	10	320494298364
TOTAL	11	207575250485640	3204941750802
19	207575250485640	0	1
19	207575250485640	1	178052308293
19	207575250485640	2	178052280323
19	207575250485640	3	178052433068
19	207575250485640	4	178052399922
19	207575250485640	5	178052356575
19	207575250485640	6	178052324505
19	207575250485640	7	178052360479
19	207575250485640	8	178052293615
19	207575250485640	9	178052315434
19	207575250485640	10	178052360701
19	207575250485640	11	178052354130
19	207575250485640	12	178052212736
19	207575250485640	13	178052359817
19	207575250485640	14	178052303896
19	207575250485640	15	178052224385
19	207575250485640	16	178052191190
19	207575250485640	17	178052258780
19	207575250485640	18	178052412952
TOTAL	19	207575250485640	3204941750802
23	207575250485640	0	1
23	207575250485640	1	145679140711
23	207575250485640	2	145679143011
23	207575250485640	3	145679178904
23	207575250485640	4	145679229333
23	207575250485640	5	145679259974
23	207575250485640	6	145679348382
23	207575250485640	7	145679128706
23	207575250485640	8	145679189594
23	207575250485640	9	145679217233
23	207575250485640	10	145679079977
23	207575250485640	11	145679186258
23	207575250485640	12	145679077870
23	207575250485640	13	145679178113
23	207575250485640	14	145679136541
23	207575250485640	15	145679170058
23	207575250485640	16	145679208507
23	207575250485640	17	145679116059
23	207575250485640	18	145679137723
23	207575250485640	19	145679113015
23	207575250485640	20	145679244596
23	207575250485640	21	145679127589
23	207575250485640	22	145679138647
TOTAL	23	207575250485640	3204941750802
7	217354572637679	0	1
7	217354572637679	1	534156926021
7	217354572637679	2	534156912056
7	217354572637679	3	534157031248
7	217354572637679	4	534156825708
7	217354572637679	5	534157056416
7	217354572637679	6	534156999352
TOTAL	7	217354572637679	3204941750802
8	217354572637679	0	0
8	217354572637679	1	801235071623
8	217354572637679	2	1
8	217354572637679	3	801235467678
8	217354572637679	4	0
8	217354572637679	5	801235712049
8	217354572637679	6	0
8	217354572637679	7	801235499451
TOTAL	8	217354572637679	3204941750802
11	217354572637679	0	1
11	217354572637679	1	320494184233
11	217354572637679	2	320494125668
11	217354572637679	3	320494249268
11	217354572637679	4	320494199850
11	217354572637679	5	320494203850
11	217354572637679	6	320494054907
11	217354572637679	7	320494231306
11	217354572637679	8	320494144652
11	217354572637679	9	320494058703
11	217354572637679	10	320494298364
TOTAL	11	217354572637679	3204941750802
19	217354572637679	0	1
19	217354572637679	1	178052308293
19	217354572637679	2	178052280323
19	217354572637679	3	178052433068
19	217354572637679	4	178052399922
19	217354572637679	5	178052356575
19	217354572637679	6	178052324505
19	217354572637679	7	178052360479
19	217354572637679	8	178052293615
19	217354572637679	9	178052315434
19	217354572637679	10	178052360701
19	217354572637679	11	178052354130
19	217354572637679	12	178052212736
19	217354572637679	13	178052359817
19	217354572637679	14	178052303896
19	217354572637679	15	178052224385
19	217354572637679	16	178052191190
19	217354572637679	17	178052258780
19	217354572637679	18	178052412952
TOTAL	19	217354572637679	3204941750802
23	217354572637679	0	1
23	217354572637679	1	145679140711
23	217354572637679	2	145679143011
23	217354572637679	3	145679178904
23	217354572637679	4	145679229333
23	217354572637679	5	145679259974
23	217354572637679	6	145679348382
23	217354572637679	7	145679128706
23	217354572637679	8	145679189594
23	217354572637679	9	145679217233
23	217354572637679	10	145679079977
23	217354572637679	11	145679186258
23	217354572637679	12	145679077870
23	217354572637679	13	145679178113
23	217354572637679	14	145679136541
23	217354572637679	15	145679170058
23	217354572637679	16	145679208507
23	217354572637679	17	145679116059
23	217354572637679	18	145679137723
23	217354572637679	19	145679113015
23	217354572637679	20	145679244596
23	217354572637679	21	145679127589
23	217354572637679	22	145679138647
TOTAL	23	217354572637679	3204941750802
7	227594619955796	0	1
7	227594619955796	1	534156926021
7	227594619955796	2	534156912056
7	227594619955796	3	534157031248
7	227594619955796	4	534156825708
7	227594619955796	5	534157056416
7	227594619955796	6	534156999352
TOTAL	7	227594619955796	3204941750802
8	227594619955796	0	0
8	227594619955796	1	801235071623
8	227594619955796	2	1
8	227594619955796	3	801235467678
8	227594619955796	4	0
8	227594619955796	5	801235712049
8	227594619955796	6	0
8	227594619955796	7	801235499451
TOTAL	8	227594619955796	3204941750802
11	227594619955796	0	1
11	227594619955796	1	320494184233
11	227594619955796	2	320494125668
11	227594619955796	3	320494249268
11	227594619955796	4	320494199850
11	227594619955796	5	320494203850
11	227594619955796	6	320494054907
11	227594619955796	7	320494231306
11	227594619955796	8	320494144652
11	227594619955796	9	320494058703
11	227594619955796	10	320494298364
TOTAL	11	227594619955796	3204941750802
19	227594619955796	0	1
19	227594619955796	1	178052308293
19	227594619955796	2	178052280323
19	227594619955796	3	178052433068
19	227594619955796	4	178052399922
19	227594619955796	5	178052356575
19	227594619955796	6	178052324505
19	227594619955796	7	178052360479
19	227594619955796	8	178052293615
19	227594619955796	9	178052315434
19	227594619955796	10	178052360701
19	227594619955796	11	178052354130
19	227594619955796	12	178052212736
19	227594619955796	13	178052359817
19	227594619955796	14	178052303896
19	227594619955796	15	178052224385
19	227594619955796	16	178052191190
19	227594619955796	17	178052258780
19	227594619955796	18	178052412952
TOTAL	19	227594619955796	3204941750802
23	227594619955796	0	1
23	227594619955796	1	145679140711
23	227594619955796	2	145679143011
23	227594619955796	3	145679178904
23	227594619955796	4	145679229333
23	227594619955796	5	145679259974
23	227594619955796	6	145679348382
23	227594619955796	7	145679128706
23	227594619955796	8	145679189594
23	227594619955796	9	145679217233
23	227594619955796	10	145679079977
23	227594619955796	11	145679186258
23	227594619955796	12	145679077870
23	227594619955796	13	145679178113
23	227594619955796	14	145679136541
23	227594619955796	15	145679170058
23	227594619955796	16	145679208507
23	227594619955796	17	145679116059
23	227594619955796	18	145679137723
23	227594619955796	19	145679113015
23	227594619955796	20	145679244596
23	227594619955796	21	145679127589
23	227594619955796	22	145679138647
TOTAL	23	227594619955796	3204941750802
7	238317098206027	0	1
7	238317098206027	1	534156926021
7	238317098206027	2	534156912056
7	238317098206027	3	534157031248
7	238317098206027	4	534156825708
7	238317098206027	5	534157056416
7	238317098206027	6	534156999352
TOTAL	7	238317098206027	3204941750802
8	238317098206027	0	0
8	238317098206027	1	801235071623
8	238317098206027	2	1
8	238317098206027	3	801235467678
8	238317098206027	4	0
8	238317098206027	5	801235712049
8	238317098206027	6	0
8	238317098206027	7	801235499451
TOTAL	8	238317098206027	3204941750802
11	238317098206027	0	1
11	238317098206027	1	320494184233
11	238317098206027	2	320494125668
11	238317098206027	3	320494249268
11	238317098206027	4	320494199850
11	238317098206027	5	320494203850
11	238317098206027	6	320494054907
11	238317098206027	7	320494231306
11	238317098206027	8	320494144652
11	238317098206027	9	320494058703
11	238317098206027	10	320494298364
TOTAL	11	238317098206027	3204941750802
19	238317098206027	0	1
19	238317098206027	1	178052308293
19	238317098206027	2	178052280323
19	238317098206027	3	178052433068
19	238317098206027	4	178052399922
19	238317098206027	5	178052356575
19	238317098206027	6	178052324505
19	238317098206027	7	178052360479
19	238317098206027	8	178052293615
19	238317098206027	9	178052315434
19	238317098206027	10	178052360701
19	238317098206027	11	178052354130
19	238317098206027	12	178052212736
19	238317098206027	13	178052359817
19	238317098206027	14	178052303896
19	238317098206027	15	178052224385
19	238317098206027	16	178052191190
19	238317098206027	17	178052258780
19	238317098206027	18	178052412952
TOTAL	19	238317098206027	3204941750802
23	238317098206027	0	1
23	238317098206027	1	145679140711
23	238317098206027	2	145679143011
23	238317098206027	3	145679178904
23	238317098206027	4	145679229333
23	238317098206027	5	145679259974
23	238317098206027	6	145679348382
23	238317098206027	7	145679128706
23	238317098206027	8	145679189594
23	238317098206027	9	145679217233
23	238317098206027	10	145679079977
23	238317098206027	11	145679186258
23	238317098206027	12	145679077870
23	238317098206027	13	145679178113
23	238317098206027	14	145679136541
23	238317098206027	15	145679170058
23	238317098206027	16	145679208507
23	238317098206027	17	145679116059
23	238317098206027	18	145679137723
23	238317098206027	19	145679113015
23	238317098206027	20	145679244596
23	238317098206027	21	145679127589
23	238317098206027	22	145679138647
TOTAL	23	238317098206027	3204941750802
7	249544735760329	0	1
7	249544735760329	1	534156926021
7	249544735760329	2	534156912056
7	249544735760329	3	534157031248
7	249544735760329	4	534156825708
7	249544735760329	5	534157056416
7	249544735760329	6	534156999352
TOTAL	7	249544735760329	3204941750802
8	249544735760329	0	0
8	249544735760329	1	801235071623
8	249544735760329	2	1
8	249544735760329	3	801235467678
8	249544735760329	4	0
8	249544735760329	5	801235712049
8	249544735760329	6	0
8	249544735760329	7	801235499451
TOTAL	8	249544735760329	3204941750802
11	249544735760329	0	1
11	249544735760329	1	320494184233
11	249544735760329	2	320494125668
11	249544735760329	3	320494249268
11	249544735760329	4	320494199850
11	249544735760329	5	320494203850
11	249544735760329	6	320494054907
11	249544735760329	7	320494231306
11	249544735760329	8	320494144652
11	249544735760329	9	320494058703
11	249544735760329	10	320494298364
TOTAL	11	249544735760329	3204941750802
19	249544735760329	0	1
19	249544735760329	1	178052308293
19	249544735760329	2	178052280323
19	249544735760329	3	178052433068
19	249544735760329	4	178052399922
19	249544735760329	5	178052356575
19	249544735760329	6	178052324505
19	249544735760329	7	178052360479
19	249544735760329	8	178052293615
19	249544735760329	9	178052315434
19	249544735760329	10	178052360701
19	249544735760329	11	178052354130
19	249544735760329	12	178052212736
19	249544735760329	13	178052359817
19	249544735760329	14	178052303896
19	249544735760329	15	178052224385
19	249544735760329	16	178052191190
19	249544735760329	17	178052258780
19	249544735760329	18	178052412952
TOTAL	19	249544735760329	3204941750802
23	249544735760329	0	1
23	249544735760329	1	145679140711
23	249544735760329	2	145679143011
23	249544735760329	3	145679178904
23	249544735760329	4	145679229333
23	249544735760329	5	145679259974
23	249544735760329	6	145679348382
23	249544735760329	7	145679128706
23	249544735760329	8	145679189594
23	249544735760329	9	145679217233
23	249544735760329	10	145679079977
23	249544735760329	11	145679186258
23	249544735760329	12	145679077870
23	249544735760329	13	145679178113
23	249544735760329	14	145679136541
23	249544735760329	15	145679170058
23	249544735760329	16	145679208507
23	249544735760329	17	145679116059
23	249544735760329	18	145679137723
23	249544735760329	19	145679113015
23	249544735760329	20	145679244596
23	249544735760329	21	145679127589
23	249544735760329	22	145679138647
TOTAL	23	249544735760329	3204941750802
7	261301331773756	0	1
7	261301331773756	1	534156926021
7	261301331773756	2	534156912056
7	261301331773756	3	534157031248
7	261301331773756	4	534156825708
7	261301331773756	5	534157056416
7	261301331773756	6	534156999352
TOTAL	7	261301331773756	3204941750802
8	261301331773756	0	0
8	261301331773756	1	801235071623
8	261301331773756	2	1
8	261301331773756	3	801235467678
8	261301331773756	4	0
8	261301331773756	5	801235712049
8	261301331773756	6	0
8	261301331773756	7	801235499451
TOTAL	8	261301331773756	3204941750802
11	261301331773756	0	1
11	261301331773756	1	320494184233
11	261301331773756	2	320494125668
11	261301331773756	3	320494249268
11	261301331773756	4	320494199850
11	261301331773756	5	320494203850
11	261301331773756	6	320494054907
11	261301331773756	7	320494231306
11	261301331773756	8	320494144652
11	261301331773756	9	320494058703
11	261301331773756	10	320494298364
TOTAL	11	261301331773756	3204941750802
19	261301331773756	0	1
19	261301331773756	1	178052308293
19	261301331773756	2	178052280323
19	261301331773756	3	178052433068
19	261301331773756	4	178052399922
19	261301331773756	5	178052356575
19	261301331773756	6	178052324505
19	261301331773756	7	178052360479
19	261301331773756	8	178052293615
19	261301331773756	9	178052315434
19	261301331773756	10	178052360701
19	261301331773756	11	178052354130
19	261301331773756	12	178052212736
19	261301331773756	13	178052359817
19	261301331773756	14	178052303896
19	261301331773756	15	178052224385
19	261301331773756	16	178052191190
19	261301331773756	17	178052258780
19	261301331773756	18	178052412952
TOTAL	19	261301331773756	3204941750802
23	261301331773756	0	1
23	261301331773756	1	145679140711
23	261301331773756	2	145679143011
23	261301331773756	3	145679178904
23	261301331773756	4	145679229333
23	261301331773756	5	145679259974
23	261301331773756	6	145679348382
23	261301331773756	7	145679128706
23	261301331773756	8	145679189594
23	261301331773756	9	145679217233
23	261301331773756	10	145679079977
23	261301331773756	11	145679186258
23	261301331773756	12	145679077870
23	261301331773756	13	145679178113
23	261301331773756	14	145679136541
23	261301331773756	15	145679170058
23	261301331773756	16	145679208507
23	261301331773756	17	145679116059
23	261301331773756	18	145679137723
23	261301331773756	19	145679113015
23	261301331773756	20	145679244596
23	261301331773756	21	145679127589
23	261301331773756	22	145679138647
TOTAL	23	261301331773756	3204941750802
7	273611806631400	0	1
7	273611806631400	1	534156926021
7	273611806631400	2	534156912056
7	273611806631400	3	534157031248
7	273611806631400	4	534156825708
7	273611806631400	5	534157056416
7	273611806631400	6	534156999352
TOTAL	7	273611806631400	3204941750802
8	273611806631400	0	0
8	273611806631400	1	801235071623
8	273611806631400	2	1
8	273611806631400	3	801235467678
8	273611806631400	4	0
8	273611806631400	5	801235712049
8	273611806631400	6	0
8	273611806631400	7	801235499451
TOTAL	8	273611806631400	3204941750802
11	273611806631400	0	1
11	273611806631400	1	320494184233
11	273611806631400	2	320494125668
11	273611806631400	3	320494249268
11	273611806631400	4	320494199850
11	273611806631400	5	320494203850
11	273611806631400	6	320494054907
11	273611806631400	7	320494231306
11	273611806631400	8	320494144652
11	273611806631400	9	320494058703
11	273611806631400	10	320494298364
TOTAL	11	273611806631400	3204941750802
19	273611806631400	0	1
19	273611806631400	1	178052308293
19	273611806631400	2	178052280323
19	273611806631400	3	178052433068
19	273611806631400	4	178052399922
19	273611806631400	5	178052356575
19	273611806631400	6	178052324505
19	273611806631400	7	178052360479
19	273611806631400	8	178052293615
19	273611806631400	9	178052315434
19	273611806631400	10	178052360701
19	273611806631400	11	178052354130
19	273611806631400	12	178052212736
19	273611806631400	13	178052359817
19	273611806631400	14	178052303896
19	273611806631400	15	178052224385
19	273611806631400	16	178052191190
19	273611806631400	17	178052258780
19	273611806631400	18	178052412952
TOTAL	19	273611806631400	3204941750802
23	273611806631400	0	1
23	273611806631400	1	145679140711
23	273611806631400	2	145679143011
23	273611806631400	3	145679178904
23	273611806631400	4	145679229333
23	273611806631400	5	145679259974
23	273611806631400	6	145679348382
23	273611806631400	7	145679128706
23	273611806631400	8	145679189594
23	273611806631400	9	145679217233
23	273611806631400	10	145679079977
23	273611806631400	11	145679186258
23	273611806631400	12	145679077870
23	273611806631400	13	145679178113
23	273611806631400	14	145679136541
23	273611806631400	15	145679170058
23	273611806631400	16	145679208507
23	273611806631400	17	145679116059
23	273611806631400	18	145679137723
23	273611806631400	19	145679113015
23	273611806631400	20	145679244596
23	273611806631400	21	145679127589
23	273611806631400	22	145679138647
TOTAL	23	273611806631400	3204941750802
7	286502254771965	0	1
7	286502254771965	1	534156926021
7	286502254771965	2	534156912056
7	286502254771965	3	534157031248
7	286502254771965	4	534156825708
7	286502254771965	5	534157056416
7	286502254771965	6	534156999352
TOTAL	7	286502254771965	3204941750802
8	286502254771965	0	0
8	286502254771965	1	801235071623
8	286502254771965	2	1
8	286502254771965	3	801235467678
8	286502254771965	4	0
8	286502254771965	5	801235712049
8	286502254771965	6	0
8	286502254771965	7	801235499451
TOTAL	8	286502254771965	3204941750802
11	286502254771965	0	1
11	286502254771965	1	320494184233
11	286502254771965	2	320494125668
11	286502254771965	3	320494249268
11	286502254771965	4	320494199850
11	286502254771965	5	320494203850
11	286502254771965	6	320494054907
11	286502254771965	7	320494231306
11	286502254771965	8	320494144652
11	286502254771965	9	320494058703
11	286502254771965	10	320494298364
TOTAL	11	286502254771965	3204941750802
19	286502254771965	0	1
19	286502254771965	1	178052308293
19	286502254771965	2	178052280323
19	286502254771965	3	178052433068
19	286502254771965	4	178052399922
19	286502254771965	5	178052356575
19	286502254771965	6	178052324505
19	286502254771965	7	178052360479
19	286502254771965	8	178052293615
19	286502254771965	9	178052315434
19	286502254771965	10	178052360701
19	286502254771965	11	178052354130
19	286502254771965	12	178052212736
19	286502254771965	13	178052359817
19	286502254771965	14	178052303896
19	286502254771965	15	178052224385
19	286502254771965	16	178052191190
19	286502254771965	17	178052258780
19	286502254771965	18	178052412952
TOTAL	19	286502254771965	3204941750802
23	286502254771965	0	1
23	286502254771965	1	145679140711
23	286502254771965	2	145679143011
23	286502254771965	3	145679178904
23	286502254771965	4	145679229333
23	286502254771965	5	145679259974
23	286502254771965	6	145679348382
23	286502254771965	7	145679128706
23	286502254771965	8	145679189594
23	286502254771965	9	145679217233
23	286502254771965	10	145679079977
23	286502254771965	11	145679186258
23	286502254771965	12	145679077870
23	286502254771965	13	145679178113
23	286502254771965	14	145679136541
23	286502254771965	15	145679170058
23	286502254771965	16	145679208507
23	286502254771965	17	145679116059
23	286502254771965	18	145679137723
23	286502254771965	19	145679113015
23	286502254771965	20	145679244596
23	286502254771965	21	145679127589
23	286502254771965	22	145679138647
TOTAL	23	286502254771965	3204941750802
7	300000000000000	0	1
7	300000000000000	1	534156926021
7	300000000000000	2	534156912056
7	300000000000000	3	534157031248
7	300000000000000	4	534156825708
7	300000000000000	5	534157056416
7	300000000000000	6	534156999352
TOTAL	7	300000000000000	3204941750802
8	300000000000000	0	0
8	300000000000000	1	801235071623
8	300000000000000	2	1
8	300000000000000	3	801235467678
8	300000000000000	4	0
8	300000000000000	5	801235712049
8	300000000000000	6	0
8	300000000000000	7	801235499451
TOTAL	8	300000000000000	3204941750802
11	300000000000000	0	1
11	300000000000000	1	320494184233
11	300000000000000	2	320494125668
11	300000000000000	3	320494249268
11	300000000000000	4	320494199850
11	300000000000000	5	320494203850
11	300000000000000	6	320494054907
11	300000000000000	7	320494231306
11	300000000000000	8	320494144652
11	300000000000000	9	320494058703
11	300000000000000	10	320494298364
TOTAL	11	300000000000000	3204941750802
19	300000000000000	0	1
19	300000000000000	1	178052308293
19	300000000000000	2	178052280323
19	300000000000000	3	178052433068
19	300000000000000	4	178052399922
19	300000000000000	5	178052356575
19	300000000000000	6	178052324505
19	300000000000000	7	178052360479
19	300000000000000	8	178052293615
19	300000000000000	9	178052315434
19	300000000000000	10	178052360701
19	300000000000000	11	178052354130
19	300000000000000	12	178052212736
19	300000000000000	13	178052359817
19	300000000000000	14	178052303896
19	300000000000000	15	178052224385
19	300000000000000	16	178052191190
19	300000000000000	17	178052258780
19	300000000000000	18	178052412952
TOTAL	19	300000000000000	3204941750802
23	300000000000000	0	1
23	300000000000000	1	145679140711
23	300000000000000	2	145679143011
23	300000000000000	3	145679178904
23	300000000000000	4	145679229333
23	300000000000000	5	145679259974
23	300000000000000	6	145679348382
23	300000000000000	7	145679128706
23	300000000000000	8	145679189594
23	300000000000000	9	145679217233
23	300000000000000	10	145679079977
23	300000000000000	11	145679186258
23	300000000000000	12	145679077870
23	300000000000000	13	145679178113
23	300000000000000	14	145679136541
23	300000000000000	15	145679170058
23	300000000000000	16	145679208507
23	300000000000000	17	145679116059
23	300000000000000	18	145679137723
23	300000000000000	19	145679113015
23	300000000000000	20	145679244596
23	300000000000000	21	145679127589
23	300000000000000	22	145679138647
TOTAL	23	300000000000000	3204941750802
