# primesieve INDEPENDENT frontier cross-check of mr1_par; LIMIT=300000000000000
# schema: N<TAB>x<TAB>a<TAB>count  and  TOTAL<TAB>N<TAB>x<TAB>pi_x
7	13000000000000	0	0
7	13000000000000	1	0
7	13000000000000	2	0
7	13000000000000	3	0
7	13000000000000	4	0
7	13000000000000	5	0
7	13000000000000	6	0
TOTAL	7	13000000000000	0
8	13000000000000	0	0
8	13000000000000	1	0
8	13000000000000	2	0
8	13000000000000	3	0
8	13000000000000	4	0
8	13000000000000	5	0
8	13000000000000	6	0
8	13000000000000	7	0
TOTAL	8	13000000000000	0
11	13000000000000	0	0
11	13000000000000	1	0
11	13000000000000	2	0
11	13000000000000	3	0
11	13000000000000	4	0
11	13000000000000	5	0
11	13000000000000	6	0
11	13000000000000	7	0
11	13000000000000	8	0
11	13000000000000	9	0
11	13000000000000	10	0
TOTAL	11	13000000000000	0
19	13000000000000	0	0
19	13000000000000	1	0
19	13000000000000	2	0
19	13000000000000	3	0
19	13000000000000	4	0
19	13000000000000	5	0
19	13000000000000	6	0
19	13000000000000	7	0
19	13000000000000	8	0
19	13000000000000	9	0
19	13000000000000	10	0
19	13000000000000	11	0
19	13000000000000	12	0
19	13000000000000	13	0
19	13000000000000	14	0
19	13000000000000	15	0
19	13000000000000	16	0
19	13000000000000	17	0
19	13000000000000	18	0
TOTAL	19	13000000000000	0
23	13000000000000	0	0
23	13000000000000	1	0
23	13000000000000	2	0
23	13000000000000	3	0
23	13000000000000	4	0
23	13000000000000	5	0
23	13000000000000	6	0
23	13000000000000	7	0
23	13000000000000	8	0
23	13000000000000	9	0
23	13000000000000	10	0
23	13000000000000	11	0
23	13000000000000	12	0
23	13000000000000	13	0
23	13000000000000	14	0
23	13000000000000	15	0
23	13000000000000	16	0
23	13000000000000	17	0
23	13000000000000	18	0
23	13000000000000	19	0
23	13000000000000	20	0
23	13000000000000	21	0
23	13000000000000	22	0
TOTAL	23	13000000000000	0
7	13109403780009	0	0
7	13109403780009	1	0
7	13109403780009	2	0
7	13109403780009	3	0
7	13109403780009	4	0
7	13109403780009	5	0
7	13109403780009	6	0
TOTAL	7	13109403780009	0
8	13109403780009	0	0
8	13109403780009	1	0
8	13109403780009	2	0
8	13109403780009	3	0
8	13109403780009	4	0
8	13109403780009	5	0
8	13109403780009	6	0
8	13109403780009	7	0
TOTAL	8	13109403780009	0
11	13109403780009	0	0
11	13109403780009	1	0
11	13109403780009	2	0
11	13109403780009	3	0
11	13109403780009	4	0
11	13109403780009	5	0
11	13109403780009	6	0
11	13109403780009	7	0
11	13109403780009	8	0
11	13109403780009	9	0
11	13109403780009	10	0
TOTAL	11	13109403780009	0
19	13109403780009	0	0
19	13109403780009	1	0
19	13109403780009	2	0
19	13109403780009	3	0
19	13109403780009	4	0
19	13109403780009	5	0
19	13109403780009	6	0
19	13109403780009	7	0
19	13109403780009	8	0
19	13109403780009	9	0
19	13109403780009	10	0
19	13109403780009	11	0
19	13109403780009	12	0
19	13109403780009	13	0
19	13109403780009	14	0
19	13109403780009	15	0
19	13109403780009	16	0
19	13109403780009	17	0
19	13109403780009	18	0
TOTAL	19	13109403780009	0
23	13109403780009	0	0
23	13109403780009	1	0
23	13109403780009	2	0
23	13109403780009	3	0
23	13109403780009	4	0
23	13109403780009	5	0
23	13109403780009	6	0
23	13109403780009	7	0
23	13109403780009	8	0
23	13109403780009	9	0
23	13109403780009	10	0
23	13109403780009	11	0
23	13109403780009	12	0
23	13109403780009	13	0
23	13109403780009	14	0
23	13109403780009	15	0
23	13109403780009	16	0
23	13109403780009	17	0
23	13109403780009	18	0
23	13109403780009	19	0
23	13109403780009	20	0
23	13109403780009	21	0
23	13109403780009	22	0
TOTAL	23	13109403780009	0
7	13727016344541	0	0
7	13727016344541	1	0
7	13727016344541	2	0
7	13727016344541	3	0
7	13727016344541	4	0
7	13727016344541	5	0
7	13727016344541	6	0
TOTAL	7	13727016344541	0
8	13727016344541	0	0
8	13727016344541	1	0
8	13727016344541	2	0
8	13727016344541	3	0
8	13727016344541	4	0
8	13727016344541	5	0
8	13727016344541	6	0
8	13727016344541	7	0
TOTAL	8	13727016344541	0
11	13727016344541	0	0
11	13727016344541	1	0
11	13727016344541	2	0
11	13727016344541	3	0
11	13727016344541	4	0
11	13727016344541	5	0
11	13727016344541	6	0
11	13727016344541	7	0
11	13727016344541	8	0
11	13727016344541	9	0
11	13727016344541	10	0
TOTAL	11	13727016344541	0
19	13727016344541	0	0
19	13727016344541	1	0
19	13727016344541	2	0
19	13727016344541	3	0
19	13727016344541	4	0
19	13727016344541	5	0
19	13727016344541	6	0
19	13727016344541	7	0
19	13727016344541	8	0
19	13727016344541	9	0
19	13727016344541	10	0
19	13727016344541	11	0
19	13727016344541	12	0
19	13727016344541	13	0
19	13727016344541	14	0
19	13727016344541	15	0
19	13727016344541	16	0
19	13727016344541	17	0
19	13727016344541	18	0
TOTAL	19	13727016344541	0
23	13727016344541	0	0
23	13727016344541	1	0
23	13727016344541	2	0
23	13727016344541	3	0
23	13727016344541	4	0
23	13727016344541	5	0
23	13727016344541	6	0
23	13727016344541	7	0
23	13727016344541	8	0
23	13727016344541	9	0
23	13727016344541	10	0
23	13727016344541	11	0
23	13727016344541	12	0
23	13727016344541	13	0
23	13727016344541	14	0
23	13727016344541	15	0
23	13727016344541	16	0
23	13727016344541	17	0
23	13727016344541	18	0
23	13727016344541	19	0
23	13727016344541	20	0
23	13727016344541	21	0
23	13727016344541	22	0
TOTAL	23	13727016344541	0
7	14373725982157	0	0
7	14373725982157	1	0
7	14373725982157	2	0
7	14373725982157	3	0
7	14373725982157	4	0
7	14373725982157	5	0
7	14373725982157	6	0
TOTAL	7	14373725982157	0
8	14373725982157	0	0
8	14373725982157	1	0
8	14373725982157	2	0
8	14373725982157	3	0
8	14373725982157	4	0
8	14373725982157	5	0
8	14373725982157	6	0
8	14373725982157	7	0
TOTAL	8	14373725982157	0
11	14373725982157	0	0
11	14373725982157	1	0
11	14373725982157	2	0
11	14373725982157	3	0
11	14373725982157	4	0
11	14373725982157	5	0
11	14373725982157	6	0
11	14373725982157	7	0
11	14373725982157	8	0
11	14373725982157	9	0
11	14373725982157	10	0
TOTAL	11	14373725982157	0
19	14373725982157	0	0
19	14373725982157	1	0
19	14373725982157	2	0
19	14373725982157	3	0
19	14373725982157	4	0
19	14373725982157	5	0
19	14373725982157	6	0
19	14373725982157	7	0
19	14373725982157	8	0
19	14373725982157	9	0
19	14373725982157	10	0
19	14373725982157	11	0
19	14373725982157	12	0
19	14373725982157	13	0
19	14373725982157	14	0
19	14373725982157	15	0
19	14373725982157	16	0
19	14373725982157	17	0
19	14373725982157	18	0
TOTAL	19	14373725982157	0
23	14373725982157	0	0
23	14373725982157	1	0
23	14373725982157	2	0
23	14373725982157	3	0
23	14373725982157	4	0
23	14373725982157	5	0
23	14373725982157	6	0
23	14373725982157	7	0
23	14373725982157	8	0
23	14373725982157	9	0
23	14373725982157	10	0
23	14373725982157	11	0
23	14373725982157	12	0
23	14373725982157	13	0
23	14373725982157	14	0
23	14373725982157	15	0
23	14373725982157	16	0
23	14373725982157	17	0
23	14373725982157	18	0
23	14373725982157	19	0
23	14373725982157	20	0
23	14373725982157	21	0
23	14373725982157	22	0
TOTAL	23	14373725982157	0
7	15050903519343	0	0
7	15050903519343	1	0
7	15050903519343	2	0
7	15050903519343	3	0
7	15050903519343	4	0
7	15050903519343	5	0
7	15050903519343	6	0
TOTAL	7	15050903519343	0
8	15050903519343	0	0
8	15050903519343	1	0
8	15050903519343	2	0
8	15050903519343	3	0
8	15050903519343	4	0
8	15050903519343	5	0
8	15050903519343	6	0
8	15050903519343	7	0
TOTAL	8	15050903519343	0
11	15050903519343	0	0
11	15050903519343	1	0
11	15050903519343	2	0
11	15050903519343	3	0
11	15050903519343	4	0
11	15050903519343	5	0
11	15050903519343	6	0
11	15050903519343	7	0
11	15050903519343	8	0
11	15050903519343	9	0
11	15050903519343	10	0
TOTAL	11	15050903519343	0
19	15050903519343	0	0
19	15050903519343	1	0
19	15050903519343	2	0
19	15050903519343	3	0
19	15050903519343	4	0
19	15050903519343	5	0
19	15050903519343	6	0
19	15050903519343	7	0
19	15050903519343	8	0
19	15050903519343	9	0
19	15050903519343	10	0
19	15050903519343	11	0
19	15050903519343	12	0
19	15050903519343	13	0
19	15050903519343	14	0
19	15050903519343	15	0
19	15050903519343	16	0
19	15050903519343	17	0
19	15050903519343	18	0
TOTAL	19	15050903519343	0
23	15050903519343	0	0
23	15050903519343	1	0
23	15050903519343	2	0
23	15050903519343	3	0
23	15050903519343	4	0
23	15050903519343	5	0
23	15050903519343	6	0
23	15050903519343	7	0
23	15050903519343	8	0
23	15050903519343	9	0
23	15050903519343	10	0
23	15050903519343	11	0
23	15050903519343	12	0
23	15050903519343	13	0
23	15050903519343	14	0
23	15050903519343	15	0
23	15050903519343	16	0
23	15050903519343	17	0
23	15050903519343	18	0
23	15050903519343	19	0
23	15050903519343	20	0
23	15050903519343	21	0
23	15050903519343	22	0
TOTAL	23	15050903519343	0
7	15759984365207	0	0
7	15759984365207	1	0
7	15759984365207	2	0
7	15759984365207	3	0
7	15759984365207	4	0
7	15759984365207	5	0
7	15759984365207	6	0
TOTAL	7	15759984365207	0
8	15759984365207	0	0
8	15759984365207	1	0
8	15759984365207	2	0
8	15759984365207	3	0
8	15759984365207	4	0
8	15759984365207	5	0
8	15759984365207	6	0
8	15759984365207	7	0
TOTAL	8	15759984365207	0
11	15759984365207	0	0
11	15759984365207	1	0
11	15759984365207	2	0
11	15759984365207	3	0
11	15759984365207	4	0
11	15759984365207	5	0
11	15759984365207	6	0
11	15759984365207	7	0
11	15759984365207	8	0
11	15759984365207	9	0
11	15759984365207	10	0
TOTAL	11	15759984365207	0
19	15759984365207	0	0
19	15759984365207	1	0
19	15759984365207	2	0
19	15759984365207	3	0
19	15759984365207	4	0
19	15759984365207	5	0
19	15759984365207	6	0
19	15759984365207	7	0
19	15759984365207	8	0
19	15759984365207	9	0
19	15759984365207	10	0
19	15759984365207	11	0
19	15759984365207	12	0
19	15759984365207	13	0
19	15759984365207	14	0
19	15759984365207	15	0
19	15759984365207	16	0
19	15759984365207	17	0
19	15759984365207	18	0
TOTAL	19	15759984365207	0
23	15759984365207	0	0
23	15759984365207	1	0
23	15759984365207	2	0
23	15759984365207	3	0
23	15759984365207	4	0
23	15759984365207	5	0
23	15759984365207	6	0
23	15759984365207	7	0
23	15759984365207	8	0
23	15759984365207	9	0
23	15759984365207	10	0
23	15759984365207	11	0
23	15759984365207	12	0
23	15759984365207	13	0
23	15759984365207	14	0
23	15759984365207	15	0
23	15759984365207	16	0
23	15759984365207	17	0
23	15759984365207	18	0
23	15759984365207	19	0
23	15759984365207	20	0
23	15759984365207	21	0
23	15759984365207	22	0
TOTAL	23	15759984365207	0
7	16502471554108	0	0
7	16502471554108	1	0
7	16502471554108	2	0
7	16502471554108	3	0
7	16502471554108	4	0
7	16502471554108	5	0
7	16502471554108	6	0
TOTAL	7	16502471554108	0
8	16502471554108	0	0
8	16502471554108	1	0
8	16502471554108	2	0
8	16502471554108	3	0
8	16502471554108	4	0
8	16502471554108	5	0
8	16502471554108	6	0
8	16502471554108	7	0
TOTAL	8	16502471554108	0
11	16502471554108	0	0
11	16502471554108	1	0
11	16502471554108	2	0
11	16502471554108	3	0
11	16502471554108	4	0
11	16502471554108	5	0
11	16502471554108	6	0
11	16502471554108	7	0
11	16502471554108	8	0
11	16502471554108	9	0
11	16502471554108	10	0
TOTAL	11	16502471554108	0
19	16502471554108	0	0
19	16502471554108	1	0
19	16502471554108	2	0
19	16502471554108	3	0
19	16502471554108	4	0
19	16502471554108	5	0
19	16502471554108	6	0
19	16502471554108	7	0
19	16502471554108	8	0
19	16502471554108	9	0
19	16502471554108	10	0
19	16502471554108	11	0
19	16502471554108	12	0
19	16502471554108	13	0
19	16502471554108	14	0
19	16502471554108	15	0
19	16502471554108	16	0
19	16502471554108	17	0
19	16502471554108	18	0
TOTAL	19	16502471554108	0
23	16502471554108	0	0
23	16502471554108	1	0
23	16502471554108	2	0
23	16502471554108	3	0
23	16502471554108	4	0
23	16502471554108	5	0
23	16502471554108	6	0
23	16502471554108	7	0
23	16502471554108	8	0
23	16502471554108	9	0
23	16502471554108	10	0
23	16502471554108	11	0
23	16502471554108	12	0
23	16502471554108	13	0
23	16502471554108	14	0
23	16502471554108	15	0
23	16502471554108	16	0
23	16502471554108	17	0
23	16502471554108	18	0
23	16502471554108	19	0
23	16502471554108	20	0
23	16502471554108	21	0
23	16502471554108	22	0
TOTAL	23	16502471554108	0
7	17279938931625	0	0
7	17279938931625	1	0
7	17279938931625	2	0
7	17279938931625	3	0
7	17279938931625	4	0
7	17279938931625	5	0
7	17279938931625	6	0
TOTAL	7	17279938931625	0
8	17279938931625	0	0
8	17279938931625	1	0
8	17279938931625	2	0
8	17279938931625	3	0
8	17279938931625	4	0
8	17279938931625	5	0
8	17279938931625	6	0
8	17279938931625	7	0
TOTAL	8	17279938931625	0
11	17279938931625	0	0
11	17279938931625	1	0
11	17279938931625	2	0
11	17279938931625	3	0
11	17279938931625	4	0
11	17279938931625	5	0
11	17279938931625	6	0
11	17279938931625	7	0
11	17279938931625	8	0
11	17279938931625	9	0
11	17279938931625	10	0
TOTAL	11	17279938931625	0
19	17279938931625	0	0
19	17279938931625	1	0
19	17279938931625	2	0
19	17279938931625	3	0
19	17279938931625	4	0
19	17279938931625	5	0
19	17279938931625	6	0
19	17279938931625	7	0
19	17279938931625	8	0
19	17279938931625	9	0
19	17279938931625	10	0
19	17279938931625	11	0
19	17279938931625	12	0
19	17279938931625	13	0
19	17279938931625	14	0
19	17279938931625	15	0
19	17279938931625	16	0
19	17279938931625	17	0
19	17279938931625	18	0
TOTAL	19	17279938931625	0
23	17279938931625	0	0
23	17279938931625	1	0
23	17279938931625	2	0
23	17279938931625	3	0
23	17279938931625	4	0
23	17279938931625	5	0
23	17279938931625	6	0
23	17279938931625	7	0
23	17279938931625	8	0
23	17279938931625	9	0
23	17279938931625	10	0
23	17279938931625	11	0
23	17279938931625	12	0
23	17279938931625	13	0
23	17279938931625	14	0
23	17279938931625	15	0
23	17279938931625	16	0
23	17279938931625	17	0
23	17279938931625	18	0
23	17279938931625	19	0
23	17279938931625	20	0
23	17279938931625	21	0
23	17279938931625	22	0
TOTAL	23	17279938931625	0
7	18094034490631	0	0
7	18094034490631	1	0
7	18094034490631	2	0
7	18094034490631	3	0
7	18094034490631	4	0
7	18094034490631	5	0
7	18094034490631	6	0
TOTAL	7	18094034490631	0
8	18094034490631	0	0
8	18094034490631	1	0
8	18094034490631	2	0
8	18094034490631	3	0
8	18094034490631	4	0
8	18094034490631	5	0
8	18094034490631	6	0
8	18094034490631	7	0
TOTAL	8	18094034490631	0
11	18094034490631	0	0
11	18094034490631	1	0
11	18094034490631	2	0
11	18094034490631	3	0
11	18094034490631	4	0
11	18094034490631	5	0
11	18094034490631	6	0
11	18094034490631	7	0
11	18094034490631	8	0
11	18094034490631	9	0
11	18094034490631	10	0
TOTAL	11	18094034490631	0
19	18094034490631	0	0
19	18094034490631	1	0
19	18094034490631	2	0
19	18094034490631	3	0
19	18094034490631	4	0
19	18094034490631	5	0
19	18094034490631	6	0
19	18094034490631	7	0
19	18094034490631	8	0
19	18094034490631	9	0
19	18094034490631	10	0
19	18094034490631	11	0
19	18094034490631	12	0
19	18094034490631	13	0
19	18094034490631	14	0
19	18094034490631	15	0
19	18094034490631	16	0
19	18094034490631	17	0
19	18094034490631	18	0
TOTAL	19	18094034490631	0
23	18094034490631	0	0
23	18094034490631	1	0
23	18094034490631	2	0
23	18094034490631	3	0
23	18094034490631	4	0
23	18094034490631	5	0
23	18094034490631	6	0
23	18094034490631	7	0
23	18094034490631	8	0
23	18094034490631	9	0
23	18094034490631	10	0
23	18094034490631	11	0
23	18094034490631	12	0
23	18094034490631	13	0
23	18094034490631	14	0
23	18094034490631	15	0
23	18094034490631	16	0
23	18094034490631	17	0
23	18094034490631	18	0
23	18094034490631	19	0
23	18094034490631	20	0
23	18094034490631	21	0
23	18094034490631	22	0
TOTAL	23	18094034490631	0
7	18946483864533	0	0
7	18946483864533	1	0
7	18946483864533	2	0
7	18946483864533	3	0
7	18946483864533	4	0
7	18946483864533	5	0
7	18946483864533	6	0
TOTAL	7	18946483864533	0
8	18946483864533	0	0
8	18946483864533	1	0
8	18946483864533	2	0
8	18946483864533	3	0
8	18946483864533	4	0
8	18946483864533	5	0
8	18946483864533	6	0
8	18946483864533	7	0
TOTAL	8	18946483864533	0
11	18946483864533	0	0
11	18946483864533	1	0
11	18946483864533	2	0
11	18946483864533	3	0
11	18946483864533	4	0
11	18946483864533	5	0
11	18946483864533	6	0
11	18946483864533	7	0
11	18946483864533	8	0
11	18946483864533	9	0
11	18946483864533	10	0
TOTAL	11	18946483864533	0
19	18946483864533	0	0
19	18946483864533	1	0
19	18946483864533	2	0
19	18946483864533	3	0
19	18946483864533	4	0
19	18946483864533	5	0
19	18946483864533	6	0
19	18946483864533	7	0
19	18946483864533	8	0
19	18946483864533	9	0
19	18946483864533	10	0
19	18946483864533	11	0
19	18946483864533	12	0
19	18946483864533	13	0
19	18946483864533	14	0
19	18946483864533	15	0
19	18946483864533	16	0
19	18946483864533	17	0
19	18946483864533	18	0
TOTAL	19	18946483864533	0
23	18946483864533	0	0
23	18946483864533	1	0
23	18946483864533	2	0
23	18946483864533	3	0
23	18946483864533	4	0
23	18946483864533	5	0
23	18946483864533	6	0
23	18946483864533	7	0
23	18946483864533	8	0
23	18946483864533	9	0
23	18946483864533	10	0
23	18946483864533	11	0
23	18946483864533	12	0
23	18946483864533	13	0
23	18946483864533	14	0
23	18946483864533	15	0
23	18946483864533	16	0
23	18946483864533	17	0
23	18946483864533	18	0
23	18946483864533	19	0
23	18946483864533	20	0
23	18946483864533	21	0
23	18946483864533	22	0
TOTAL	23	18946483864533	0
7	19839093985085	0	0
7	19839093985085	1	0
7	19839093985085	2	0
7	19839093985085	3	0
7	19839093985085	4	0
7	19839093985085	5	0
7	19839093985085	6	0
TOTAL	7	19839093985085	0
8	19839093985085	0	0
8	19839093985085	1	0
8	19839093985085	2	0
8	19839093985085	3	0
8	19839093985085	4	0
8	19839093985085	5	0
8	19839093985085	6	0
8	19839093985085	7	0
TOTAL	8	19839093985085	0
11	19839093985085	0	0
11	19839093985085	1	0
11	19839093985085	2	0
11	19839093985085	3	0
11	19839093985085	4	0
11	19839093985085	5	0
11	19839093985085	6	0
11	19839093985085	7	0
11	19839093985085	8	0
11	19839093985085	9	0
11	19839093985085	10	0
TOTAL	11	19839093985085	0
19	19839093985085	0	0
19	19839093985085	1	0
19	19839093985085	2	0
19	19839093985085	3	0
19	19839093985085	4	0
19	19839093985085	5	0
19	19839093985085	6	0
19	19839093985085	7	0
19	19839093985085	8	0
19	19839093985085	9	0
19	19839093985085	10	0
19	19839093985085	11	0
19	19839093985085	12	0
19	19839093985085	13	0
19	19839093985085	14	0
19	19839093985085	15	0
19	19839093985085	16	0
19	19839093985085	17	0
19	19839093985085	18	0
TOTAL	19	19839093985085	0
23	19839093985085	0	0
23	19839093985085	1	0
23	19839093985085	2	0
23	19839093985085	3	0
23	19839093985085	4	0
23	19839093985085	5	0
23	19839093985085	6	0
23	19839093985085	7	0
23	19839093985085	8	0
23	19839093985085	9	0
23	19839093985085	10	0
23	19839093985085	11	0
23	19839093985085	12	0
23	19839093985085	13	0
23	19839093985085	14	0
23	19839093985085	15	0
23	19839093985085	16	0
23	19839093985085	17	0
23	19839093985085	18	0
23	19839093985085	19	0
23	19839093985085	20	0
23	19839093985085	21	0
23	19839093985085	22	0
TOTAL	23	19839093985085	0
7	20773756912534	0	0
7	20773756912534	1	0
7	20773756912534	2	0
7	20773756912534	3	0
7	20773756912534	4	0
7	20773756912534	5	0
7	20773756912534	6	0
TOTAL	7	20773756912534	0
8	20773756912534	0	0
8	20773756912534	1	0
8	20773756912534	2	0
8	20773756912534	3	0
8	20773756912534	4	0
8	20773756912534	5	0
8	20773756912534	6	0
8	20773756912534	7	0
TOTAL	8	20773756912534	0
11	20773756912534	0	0
11	20773756912534	1	0
11	20773756912534	2	0
11	20773756912534	3	0
11	20773756912534	4	0
11	20773756912534	5	0
11	20773756912534	6	0
11	20773756912534	7	0
11	20773756912534	8	0
11	20773756912534	9	0
11	20773756912534	10	0
TOTAL	11	20773756912534	0
19	20773756912534	0	0
19	20773756912534	1	0
19	20773756912534	2	0
19	20773756912534	3	0
19	20773756912534	4	0
19	20773756912534	5	0
19	20773756912534	6	0
19	20773756912534	7	0
19	20773756912534	8	0
19	20773756912534	9	0
19	20773756912534	10	0
19	20773756912534	11	0
19	20773756912534	12	0
19	20773756912534	13	0
19	20773756912534	14	0
19	20773756912534	15	0
19	20773756912534	16	0
19	20773756912534	17	0
19	20773756912534	18	0
TOTAL	19	20773756912534	0
23	20773756912534	0	0
23	20773756912534	1	0
23	20773756912534	2	0
23	20773756912534	3	0
23	20773756912534	4	0
23	20773756912534	5	0
23	20773756912534	6	0
23	20773756912534	7	0
23	20773756912534	8	0
23	20773756912534	9	0
23	20773756912534	10	0
23	20773756912534	11	0
23	20773756912534	12	0
23	20773756912534	13	0
23	20773756912534	14	0
23	20773756912534	15	0
23	20773756912534	16	0
23	20773756912534	17	0
23	20773756912534	18	0
23	20773756912534	19	0
23	20773756912534	20	0
23	20773756912534	21	0
23	20773756912534	22	0
TOTAL	23	20773756912534	0
7	21752453846202	0	0
7	21752453846202	1	0
7	21752453846202	2	0
7	21752453846202	3	0
7	21752453846202	4	0
7	21752453846202	5	0
7	21752453846202	6	0
TOTAL	7	21752453846202	0
8	21752453846202	0	0
8	21752453846202	1	0
8	21752453846202	2	0
8	21752453846202	3	0
8	21752453846202	4	0
8	21752453846202	5	0
8	21752453846202	6	0
8	21752453846202	7	0
TOTAL	8	21752453846202	0
11	21752453846202	0	0
11	21752453846202	1	0
11	21752453846202	2	0
11	21752453846202	3	0
11	21752453846202	4	0
11	21752453846202	5	0
11	21752453846202	6	0
11	21752453846202	7	0
11	21752453846202	8	0
11	21752453846202	9	0
11	21752453846202	10	0
TOTAL	11	21752453846202	0
19	21752453846202	0	0
19	21752453846202	1	0
19	21752453846202	2	0
19	21752453846202	3	0
19	21752453846202	4	0
19	21752453846202	5	0
19	21752453846202	6	0
19	21752453846202	7	0
19	21752453846202	8	0
19	21752453846202	9	0
19	21752453846202	10	0
19	21752453846202	11	0
19	21752453846202	12	0
19	21752453846202	13	0
19	21752453846202	14	0
19	21752453846202	15	0
19	21752453846202	16	0
19	21752453846202	17	0
19	21752453846202	18	0
TOTAL	19	21752453846202	0
23	21752453846202	0	0
23	21752453846202	1	0
23	21752453846202	2	0
23	21752453846202	3	0
23	21752453846202	4	0
23	21752453846202	5	0
23	21752453846202	6	0
23	21752453846202	7	0
23	21752453846202	8	0
23	21752453846202	9	0
23	21752453846202	10	0
23	21752453846202	11	0
23	21752453846202	12	0
23	21752453846202	13	0
23	21752453846202	14	0
23	21752453846202	15	0
23	21752453846202	16	0
23	21752453846202	17	0
23	21752453846202	18	0
23	21752453846202	19	0
23	21752453846202	20	0
23	21752453846202	21	0
23	21752453846202	22	0
TOTAL	23	21752453846202	0
7	22777259324031	0	0
7	22777259324031	1	0
7	22777259324031	2	0
7	22777259324031	3	0
7	22777259324031	4	0
7	22777259324031	5	0
7	22777259324031	6	0
TOTAL	7	22777259324031	0
8	22777259324031	0	0
8	22777259324031	1	0
8	22777259324031	2	0
8	22777259324031	3	0
8	22777259324031	4	0
8	22777259324031	5	0
8	22777259324031	6	0
8	22777259324031	7	0
TOTAL	8	22777259324031	0
11	22777259324031	0	0
11	22777259324031	1	0
11	22777259324031	2	0
11	22777259324031	3	0
11	22777259324031	4	0
11	22777259324031	5	0
11	22777259324031	6	0
11	22777259324031	7	0
11	22777259324031	8	0
11	22777259324031	9	0
11	22777259324031	10	0
TOTAL	11	22777259324031	0
19	22777259324031	0	0
19	22777259324031	1	0
19	22777259324031	2	0
19	22777259324031	3	0
19	22777259324031	4	0
19	22777259324031	5	0
19	22777259324031	6	0
19	22777259324031	7	0
19	22777259324031	8	0
19	22777259324031	9	0
19	22777259324031	10	0
19	22777259324031	11	0
19	22777259324031	12	0
19	22777259324031	13	0
19	22777259324031	14	0
19	22777259324031	15	0
19	22777259324031	16	0
19	22777259324031	17	0
19	22777259324031	18	0
TOTAL	19	22777259324031	0
23	22777259324031	0	0
23	22777259324031	1	0
23	22777259324031	2	0
23	22777259324031	3	0
23	22777259324031	4	0
23	22777259324031	5	0
23	22777259324031	6	0
23	22777259324031	7	0
23	22777259324031	8	0
23	22777259324031	9	0
23	22777259324031	10	0
23	22777259324031	11	0
23	22777259324031	12	0
23	22777259324031	13	0
23	22777259324031	14	0
23	22777259324031	15	0
23	22777259324031	16	0
23	22777259324031	17	0
23	22777259324031	18	0
23	22777259324031	19	0
23	22777259324031	20	0
23	22777259324031	21	0
23	22777259324031	22	0
TOTAL	23	22777259324031	0
7	23850345619961	0	0
7	23850345619961	1	0
7	23850345619961	2	0
7	23850345619961	3	0
7	23850345619961	4	0
7	23850345619961	5	0
7	23850345619961	6	0
TOTAL	7	23850345619961	0
8	23850345619961	0	0
8	23850345619961	1	0
8	23850345619961	2	0
8	23850345619961	3	0
8	23850345619961	4	0
8	23850345619961	5	0
8	23850345619961	6	0
8	23850345619961	7	0
TOTAL	8	23850345619961	0
11	23850345619961	0	0
11	23850345619961	1	0
11	23850345619961	2	0
11	23850345619961	3	0
11	23850345619961	4	0
11	23850345619961	5	0
11	23850345619961	6	0
11	23850345619961	7	0
11	23850345619961	8	0
11	23850345619961	9	0
11	23850345619961	10	0
TOTAL	11	23850345619961	0
19	23850345619961	0	0
19	23850345619961	1	0
19	23850345619961	2	0
19	23850345619961	3	0
19	23850345619961	4	0
19	23850345619961	5	0
19	23850345619961	6	0
19	23850345619961	7	0
19	23850345619961	8	0
19	23850345619961	9	0
19	23850345619961	10	0
19	23850345619961	11	0
19	23850345619961	12	0
19	23850345619961	13	0
19	23850345619961	14	0
19	23850345619961	15	0
19	23850345619961	16	0
19	23850345619961	17	0
19	23850345619961	18	0
TOTAL	19	23850345619961	0
23	23850345619961	0	0
23	23850345619961	1	0
23	23850345619961	2	0
23	23850345619961	3	0
23	23850345619961	4	0
23	23850345619961	5	0
23	23850345619961	6	0
23	23850345619961	7	0
23	23850345619961	8	0
23	23850345619961	9	0
23	23850345619961	10	0
23	23850345619961	11	0
23	23850345619961	12	0
23	23850345619961	13	0
23	23850345619961	14	0
23	23850345619961	15	0
23	23850345619961	16	0
23	23850345619961	17	0
23	23850345619961	18	0
23	23850345619961	19	0
23	23850345619961	20	0
23	23850345619961	21	0
23	23850345619961	22	0
TOTAL	23	23850345619961	0
7	24973987348488	0	0
7	24973987348488	1	0
7	24973987348488	2	0
7	24973987348488	3	0
7	24973987348488	4	0
7	24973987348488	5	0
7	24973987348488	6	0
TOTAL	7	24973987348488	0
8	24973987348488	0	0
8	24973987348488	1	0
8	24973987348488	2	0
8	24973987348488	3	0
8	24973987348488	4	0
8	24973987348488	5	0
8	24973987348488	6	0
8	24973987348488	7	0
TOTAL	8	24973987348488	0
11	24973987348488	0	0
11	24973987348488	1	0
11	24973987348488	2	0
11	24973987348488	3	0
11	24973987348488	4	0
11	24973987348488	5	0
11	24973987348488	6	0
11	24973987348488	7	0
11	24973987348488	8	0
11	24973987348488	9	0
11	24973987348488	10	0
TOTAL	11	24973987348488	0
19	24973987348488	0	0
19	24973987348488	1	0
19	24973987348488	2	0
19	24973987348488	3	0
19	24973987348488	4	0
19	24973987348488	5	0
19	24973987348488	6	0
19	24973987348488	7	0
19	24973987348488	8	0
19	24973987348488	9	0
19	24973987348488	10	0
19	24973987348488	11	0
19	24973987348488	12	0
19	24973987348488	13	0
19	24973987348488	14	0
19	24973987348488	15	0
19	24973987348488	16	0
19	24973987348488	17	0
19	24973987348488	18	0
TOTAL	19	24973987348488	0
23	24973987348488	0	0
23	24973987348488	1	0
23	24973987348488	2	0
23	24973987348488	3	0
23	24973987348488	4	0
23	24973987348488	5	0
23	24973987348488	6	0
23	24973987348488	7	0
23	24973987348488	8	0
23	24973987348488	9	0
23	24973987348488	10	0
23	24973987348488	11	0
23	24973987348488	12	0
23	24973987348488	13	0
23	24973987348488	14	0
23	24973987348488	15	0
23	24973987348488	16	0
23	24973987348488	17	0
23	24973987348488	18	0
23	24973987348488	19	0
23	24973987348488	20	0
23	24973987348488	21	0
23	24973987348488	22	0
TOTAL	23	24973987348488	0
7	26150566286152	0	0
7	26150566286152	1	0
7	26150566286152	2	0
7	26150566286152	3	0
7	26150566286152	4	0
7	26150566286152	5	0
7	26150566286152	6	0
TOTAL	7	26150566286152	0
8	26150566286152	0	0
8	26150566286152	1	0
8	26150566286152	2	0
8	26150566286152	3	0
8	26150566286152	4	0
8	26150566286152	5	0
8	26150566286152	6	0
8	26150566286152	7	0
TOTAL	8	26150566286152	0
11	26150566286152	0	0
11	26150566286152	1	0
11	26150566286152	2	0
11	26150566286152	3	0
11	26150566286152	4	0
11	26150566286152	5	0
11	26150566286152	6	0
11	26150566286152	7	0
11	26150566286152	8	0
11	26150566286152	9	0
11	26150566286152	10	0
TOTAL	11	26150566286152	0
19	26150566286152	0	0
19	26150566286152	1	0
19	26150566286152	2	0
19	26150566286152	3	0
19	26150566286152	4	0
19	26150566286152	5	0
19	26150566286152	6	0
19	26150566286152	7	0
19	26150566286152	8	0
19	26150566286152	9	0
19	26150566286152	10	0
19	26150566286152	11	0
19	26150566286152	12	0
19	26150566286152	13	0
19	26150566286152	14	0
19	26150566286152	15	0
19	26150566286152	16	0
19	26150566286152	17	0
19	26150566286152	18	0
TOTAL	19	26150566286152	0
23	26150566286152	0	0
23	26150566286152	1	0
23	26150566286152	2	0
23	26150566286152	3	0
23	26150566286152	4	0
23	26150566286152	5	0
23	26150566286152	6	0
23	26150566286152	7	0
23	26150566286152	8	0
23	26150566286152	9	0
23	26150566286152	10	0
23	26150566286152	11	0
23	26150566286152	12	0
23	26150566286152	13	0
23	26150566286152	14	0
23	26150566286152	15	0
23	26150566286152	16	0
23	26150566286152	17	0
23	26150566286152	18	0
23	26150566286152	19	0
23	26150566286152	20	0
23	26150566286152	21	0
23	26150566286152	22	0
TOTAL	23	26150566286152	0
7	27382576420175	0	0
7	27382576420175	1	0
7	27382576420175	2	0
7	27382576420175	3	0
7	27382576420175	4	0
7	27382576420175	5	0
7	27382576420175	6	0
TOTAL	7	27382576420175	0
8	27382576420175	0	0
8	27382576420175	1	0
8	27382576420175	2	0
8	27382576420175	3	0
8	27382576420175	4	0
8	27382576420175	5	0
8	27382576420175	6	0
8	27382576420175	7	0
TOTAL	8	27382576420175	0
11	27382576420175	0	0
11	27382576420175	1	0
11	27382576420175	2	0
11	27382576420175	3	0
11	27382576420175	4	0
11	27382576420175	5	0
11	27382576420175	6	0
11	27382576420175	7	0
11	27382576420175	8	0
11	27382576420175	9	0
11	27382576420175	10	0
TOTAL	11	27382576420175	0
19	27382576420175	0	0
19	27382576420175	1	0
19	27382576420175	2	0
19	27382576420175	3	0
19	27382576420175	4	0
19	27382576420175	5	0
19	27382576420175	6	0
19	27382576420175	7	0
19	27382576420175	8	0
19	27382576420175	9	0
19	27382576420175	10	0
19	27382576420175	11	0
19	27382576420175	12	0
19	27382576420175	13	0
19	27382576420175	14	0
19	27382576420175	15	0
19	27382576420175	16	0
19	27382576420175	17	0
19	27382576420175	18	0
TOTAL	19	27382576420175	0
23	27382576420175	0	0
23	27382576420175	1	0
23	27382576420175	2	0
23	27382576420175	3	0
23	27382576420175	4	0
23	27382576420175	5	0
23	27382576420175	6	0
23	27382576420175	7	0
23	27382576420175	8	0
23	27382576420175	9	0
23	27382576420175	10	0
23	27382576420175	11	0
23	27382576420175	12	0
23	27382576420175	13	0
23	27382576420175	14	0
23	27382576420175	15	0
23	27382576420175	16	0
23	27382576420175	17	0
23	27382576420175	18	0
23	27382576420175	19	0
23	27382576420175	20	0
23	27382576420175	21	0
23	27382576420175	22	0
TOTAL	23	27382576420175	0
7	28672629234945	0	0
7	28672629234945	1	0
7	28672629234945	2	0
7	28672629234945	3	0
7	28672629234945	4	0
7	28672629234945	5	0
7	28672629234945	6	0
TOTAL	7	28672629234945	0
8	28672629234945	0	0
8	28672629234945	1	0
8	28672629234945	2	0
8	28672629234945	3	0
8	28672629234945	4	0
8	28672629234945	5	0
8	28672629234945	6	0
8	28672629234945	7	0
TOTAL	8	28672629234945	0
11	28672629234945	0	0
11	28672629234945	1	0
11	28672629234945	2	0
11	28672629234945	3	0
11	28672629234945	4	0
11	28672629234945	5	0
11	28672629234945	6	0
11	28672629234945	7	0
11	28672629234945	8	0
11	28672629234945	9	0
11	28672629234945	10	0
TOTAL	11	28672629234945	0
19	28672629234945	0	0
19	28672629234945	1	0
19	28672629234945	2	0
19	28672629234945	3	0
19	28672629234945	4	0
19	28672629234945	5	0
19	28672629234945	6	0
19	28672629234945	7	0
19	28672629234945	8	0
19	28672629234945	9	0
19	28672629234945	10	0
19	28672629234945	11	0
19	28672629234945	12	0
19	28672629234945	13	0
19	28672629234945	14	0
19	28672629234945	15	0
19	28672629234945	16	0
19	28672629234945	17	0
19	28672629234945	18	0
TOTAL	19	28672629234945	0
23	28672629234945	0	0
23	28672629234945	1	0
23	28672629234945	2	0
23	28672629234945	3	0
23	28672629234945	4	0
23	28672629234945	5	0
23	28672629234945	6	0
23	28672629234945	7	0
23	28672629234945	8	0
23	28672629234945	9	0
23	28672629234945	10	0
23	28672629234945	11	0
23	28672629234945	12	0
23	28672629234945	13	0
23	28672629234945	14	0
23	28672629234945	15	0
23	28672629234945	16	0
23	28672629234945	17	0
23	28672629234945	18	0
23	28672629234945	19	0
23	28672629234945	20	0
23	28672629234945	21	0
23	28672629234945	22	0
TOTAL	23	28672629234945	0
7	30023459247572	0	0
7	30023459247572	1	0
7	30023459247572	2	0
7	30023459247572	3	0
7	30023459247572	4	0
7	30023459247572	5	0
7	30023459247572	6	0
TOTAL	7	30023459247572	0
8	30023459247572	0	0
8	30023459247572	1	0
8	30023459247572	2	0
8	30023459247572	3	0
8	30023459247572	4	0
8	30023459247572	5	0
8	30023459247572	6	0
8	30023459247572	7	0
TOTAL	8	30023459247572	0
11	30023459247572	0	0
11	30023459247572	1	0
11	30023459247572	2	0
11	30023459247572	3	0
11	30023459247572	4	0
11	30023459247572	5	0
11	30023459247572	6	0
11	30023459247572	7	0
11	30023459247572	8	0
11	30023459247572	9	0
11	30023459247572	10	0
TOTAL	11	30023459247572	0
19	30023459247572	0	0
19	30023459247572	1	0
19	30023459247572	2	0
19	30023459247572	3	0
19	30023459247572	4	0
19	30023459247572	5	0
19	30023459247572	6	0
19	30023459247572	7	0
19	30023459247572	8	0
19	30023459247572	9	0
19	30023459247572	10	0
19	30023459247572	11	0
19	30023459247572	12	0
19	30023459247572	13	0
19	30023459247572	14	0
19	30023459247572	15	0
19	30023459247572	16	0
19	30023459247572	17	0
19	30023459247572	18	0
TOTAL	19	30023459247572	0
23	30023459247572	0	0
23	30023459247572	1	0
23	30023459247572	2	0
23	30023459247572	3	0
23	30023459247572	4	0
23	30023459247572	5	0
23	30023459247572	6	0
23	30023459247572	7	0
23	30023459247572	8	0
23	30023459247572	9	0
23	30023459247572	10	0
23	30023459247572	11	0
23	30023459247572	12	0
23	30023459247572	13	0
23	30023459247572	14	0
23	30023459247572	15	0
23	30023459247572	16	0
23	30023459247572	17	0
23	30023459247572	18	0
23	30023459247572	19	0
23	30023459247572	20	0
23	30023459247572	21	0
23	30023459247572	22	0
TOTAL	23	30023459247572	0
7	31437929804219	0	0
7	31437929804219	1	0
7	31437929804219	2	0
7	31437929804219	3	0
7	31437929804219	4	0
7	31437929804219	5	0
7	31437929804219	6	0
TOTAL	7	31437929804219	0
8	31437929804219	0	0
8	31437929804219	1	0
8	31437929804219	2	0
8	31437929804219	3	0
8	31437929804219	4	0
8	31437929804219	5	0
8	31437929804219	6	0
8	31437929804219	7	0
TOTAL	8	31437929804219	0
11	31437929804219	0	0
11	31437929804219	1	0
11	31437929804219	2	0
11	31437929804219	3	0
11	31437929804219	4	0
11	31437929804219	5	0
11	31437929804219	6	0
11	31437929804219	7	0
11	31437929804219	8	0
11	31437929804219	9	0
11	31437929804219	10	0
TOTAL	11	31437929804219	0
19	31437929804219	0	0
19	31437929804219	1	0
19	31437929804219	2	0
19	31437929804219	3	0
19	31437929804219	4	0
19	31437929804219	5	0
19	31437929804219	6	0
19	31437929804219	7	0
19	31437929804219	8	0
19	31437929804219	9	0
19	31437929804219	10	0
19	31437929804219	11	0
19	31437929804219	12	0
19	31437929804219	13	0
19	31437929804219	14	0
19	31437929804219	15	0
19	31437929804219	16	0
19	31437929804219	17	0
19	31437929804219	18	0
TOTAL	19	31437929804219	0
23	31437929804219	0	0
23	31437929804219	1	0
23	31437929804219	2	0
23	31437929804219	3	0
23	31437929804219	4	0
23	31437929804219	5	0
23	31437929804219	6	0
23	31437929804219	7	0
23	31437929804219	8	0
23	31437929804219	9	0
23	31437929804219	10	0
23	31437929804219	11	0
23	31437929804219	12	0
23	31437929804219	13	0
23	31437929804219	14	0
23	31437929804219	15	0
23	31437929804219	16	0
23	31437929804219	17	0
23	31437929804219	18	0
23	31437929804219	19	0
23	31437929804219	20	0
23	31437929804219	21	0
23	31437929804219	22	0
TOTAL	23	31437929804219	0
7	32919039149526	0	0
7	32919039149526	1	0
7	32919039149526	2	0
7	32919039149526	3	0
7	32919039149526	4	0
7	32919039149526	5	0
7	32919039149526	6	0
TOTAL	7	32919039149526	0
8	32919039149526	0	0
8	32919039149526	1	0
8	32919039149526	2	0
8	32919039149526	3	0
8	32919039149526	4	0
8	32919039149526	5	0
8	32919039149526	6	0
8	32919039149526	7	0
TOTAL	8	32919039149526	0
11	32919039149526	0	0
11	32919039149526	1	0
11	32919039149526	2	0
11	32919039149526	3	0
11	32919039149526	4	0
11	32919039149526	5	0
11	32919039149526	6	0
11	32919039149526	7	0
11	32919039149526	8	0
11	32919039149526	9	0
11	32919039149526	10	0
TOTAL	11	32919039149526	0
19	32919039149526	0	0
19	32919039149526	1	0
19	32919039149526	2	0
19	32919039149526	3	0
19	32919039149526	4	0
19	32919039149526	5	0
19	32919039149526	6	0
19	32919039149526	7	0
19	32919039149526	8	0
19	32919039149526	9	0
19	32919039149526	10	0
19	32919039149526	11	0
19	32919039149526	12	0
19	32919039149526	13	0
19	32919039149526	14	0
19	32919039149526	15	0
19	32919039149526	16	0
19	32919039149526	17	0
19	32919039149526	18	0
TOTAL	19	32919039149526	0
23	32919039149526	0	0
23	32919039149526	1	0
23	32919039149526	2	0
23	32919039149526	3	0
23	32919039149526	4	0
23	32919039149526	5	0
23	32919039149526	6	0
23	32919039149526	7	0
23	32919039149526	8	0
23	32919039149526	9	0
23	32919039149526	10	0
23	32919039149526	11	0
23	32919039149526	12	0
23	32919039149526	13	0
23	32919039149526	14	0
23	32919039149526	15	0
23	32919039149526	16	0
23	32919039149526	17	0
23	32919039149526	18	0
23	32919039149526	19	0
23	32919039149526	20	0
23	32919039149526	21	0
23	32919039149526	22	0
TOTAL	23	32919039149526	0
7	34469926781966	0	0
7	34469926781966	1	0
7	34469926781966	2	0
7	34469926781966	3	0
7	34469926781966	4	0
7	34469926781966	5	0
7	34469926781966	6	0
TOTAL	7	34469926781966	0
8	34469926781966	0	0
8	34469926781966	1	0
8	34469926781966	2	0
8	34469926781966	3	0
8	34469926781966	4	0
8	34469926781966	5	0
8	34469926781966	6	0
8	34469926781966	7	0
TOTAL	8	34469926781966	0
11	34469926781966	0	0
11	34469926781966	1	0
11	34469926781966	2	0
11	34469926781966	3	0
11	34469926781966	4	0
11	34469926781966	5	0
11	34469926781966	6	0
11	34469926781966	7	0
11	34469926781966	8	0
11	34469926781966	9	0
11	34469926781966	10	0
TOTAL	11	34469926781966	0
19	34469926781966	0	0
19	34469926781966	1	0
19	34469926781966	2	0
19	34469926781966	3	0
19	34469926781966	4	0
19	34469926781966	5	0
19	34469926781966	6	0
19	34469926781966	7	0
19	34469926781966	8	0
19	34469926781966	9	0
19	34469926781966	10	0
19	34469926781966	11	0
19	34469926781966	12	0
19	34469926781966	13	0
19	34469926781966	14	0
19	34469926781966	15	0
19	34469926781966	16	0
19	34469926781966	17	0
19	34469926781966	18	0
TOTAL	19	34469926781966	0
23	34469926781966	0	0
23	34469926781966	1	0
23	34469926781966	2	0
23	34469926781966	3	0
23	34469926781966	4	0
23	34469926781966	5	0
23	34469926781966	6	0
23	34469926781966	7	0
23	34469926781966	8	0
23	34469926781966	9	0
23	34469926781966	10	0
23	34469926781966	11	0
23	34469926781966	12	0
23	34469926781966	13	0
23	34469926781966	14	0
23	34469926781966	15	0
23	34469926781966	16	0
23	34469926781966	17	0
23	34469926781966	18	0
23	34469926781966	19	0
23	34469926781966	20	0
23	34469926781966	21	0
23	34469926781966	22	0
TOTAL	23	34469926781966	0
7	36093880108624	0	0
7	36093880108624	1	0
7	36093880108624	2	0
7	36093880108624	3	0
7	36093880108624	4	0
7	36093880108624	5	0
7	36093880108624	6	0
TOTAL	7	36093880108624	0
8	36093880108624	0	0
8	36093880108624	1	0
8	36093880108624	2	0
8	36093880108624	3	0
8	36093880108624	4	0
8	36093880108624	5	0
8	36093880108624	6	0
8	36093880108624	7	0
TOTAL	8	36093880108624	0
11	36093880108624	0	0
11	36093880108624	1	0
11	36093880108624	2	0
11	36093880108624	3	0
11	36093880108624	4	0
11	36093880108624	5	0
11	36093880108624	6	0
11	36093880108624	7	0
11	36093880108624	8	0
11	36093880108624	9	0
11	36093880108624	10	0
TOTAL	11	36093880108624	0
19	36093880108624	0	0
19	36093880108624	1	0
19	36093880108624	2	0
19	36093880108624	3	0
19	36093880108624	4	0
19	36093880108624	5	0
19	36093880108624	6	0
19	36093880108624	7	0
19	36093880108624	8	0
19	36093880108624	9	0
19	36093880108624	10	0
19	36093880108624	11	0
19	36093880108624	12	0
19	36093880108624	13	0
19	36093880108624	14	0
19	36093880108624	15	0
19	36093880108624	16	0
19	36093880108624	17	0
19	36093880108624	18	0
TOTAL	19	36093880108624	0
23	36093880108624	0	0
23	36093880108624	1	0
23	36093880108624	2	0
23	36093880108624	3	0
23	36093880108624	4	0
23	36093880108624	5	0
23	36093880108624	6	0
23	36093880108624	7	0
23	36093880108624	8	0
23	36093880108624	9	0
23	36093880108624	10	0
23	36093880108624	11	0
23	36093880108624	12	0
23	36093880108624	13	0
23	36093880108624	14	0
23	36093880108624	15	0
23	36093880108624	16	0
23	36093880108624	17	0
23	36093880108624	18	0
23	36093880108624	19	0
23	36093880108624	20	0
23	36093880108624	21	0
23	36093880108624	22	0
TOTAL	23	36093880108624	0
7	37794341413493	0	0
7	37794341413493	1	0
7	37794341413493	2	0
7	37794341413493	3	0
7	37794341413493	4	0
7	37794341413493	5	0
7	37794341413493	6	0
TOTAL	7	37794341413493	0
8	37794341413493	0	0
8	37794341413493	1	0
8	37794341413493	2	0
8	37794341413493	3	0
8	37794341413493	4	0
8	37794341413493	5	0
8	37794341413493	6	0
8	37794341413493	7	0
TOTAL	8	37794341413493	0
11	37794341413493	0	0
11	37794341413493	1	0
11	37794341413493	2	0
11	37794341413493	3	0
11	37794341413493	4	0
11	37794341413493	5	0
11	37794341413493	6	0
11	37794341413493	7	0
11	37794341413493	8	0
11	37794341413493	9	0
11	37794341413493	10	0
TOTAL	11	37794341413493	0
19	37794341413493	0	0
19	37794341413493	1	0
19	37794341413493	2	0
19	37794341413493	3	0
19	37794341413493	4	0
19	37794341413493	5	0
19	37794341413493	6	0
19	37794341413493	7	0
19	37794341413493	8	0
19	37794341413493	9	0
19	37794341413493	10	0
19	37794341413493	11	0
19	37794341413493	12	0
19	37794341413493	13	0
19	37794341413493	14	0
19	37794341413493	15	0
19	37794341413493	16	0
19	37794341413493	17	0
19	37794341413493	18	0
TOTAL	19	37794341413493	0
23	37794341413493	0	0
23	37794341413493	1	0
23	37794341413493	2	0
23	37794341413493	3	0
23	37794341413493	4	0
23	37794341413493	5	0
23	37794341413493	6	0
23	37794341413493	7	0
23	37794341413493	8	0
23	37794341413493	9	0
23	37794341413493	10	0
23	37794341413493	11	0
23	37794341413493	12	0
23	37794341413493	13	0
23	37794341413493	14	0
23	37794341413493	15	0
23	37794341413493	16	0
23	37794341413493	17	0
23	37794341413493	18	0
23	37794341413493	19	0
23	37794341413493	20	0
23	37794341413493	21	0
23	37794341413493	22	0
TOTAL	23	37794341413493	0
7	39574915154062	0	0
7	39574915154062	1	0
7	39574915154062	2	0
7	39574915154062	3	0
7	39574915154062	4	0
7	39574915154062	5	0
7	39574915154062	6	0
TOTAL	7	39574915154062	0
8	39574915154062	0	0
8	39574915154062	1	0
8	39574915154062	2	0
8	39574915154062	3	0
8	39574915154062	4	0
8	39574915154062	5	0
8	39574915154062	6	0
8	39574915154062	7	0
TOTAL	8	39574915154062	0
11	39574915154062	0	0
11	39574915154062	1	0
11	39574915154062	2	0
11	39574915154062	3	0
11	39574915154062	4	0
11	39574915154062	5	0
11	39574915154062	6	0
11	39574915154062	7	0
11	39574915154062	8	0
11	39574915154062	9	0
11	39574915154062	10	0
TOTAL	11	39574915154062	0
19	39574915154062	0	0
19	39574915154062	1	0
19	39574915154062	2	0
19	39574915154062	3	0
19	39574915154062	4	0
19	39574915154062	5	0
19	39574915154062	6	0
19	39574915154062	7	0
19	39574915154062	8	0
19	39574915154062	9	0
19	39574915154062	10	0
19	39574915154062	11	0
19	39574915154062	12	0
19	39574915154062	13	0
19	39574915154062	14	0
19	39574915154062	15	0
19	39574915154062	16	0
19	39574915154062	17	0
19	39574915154062	18	0
TOTAL	19	39574915154062	0
23	39574915154062	0	0
23	39574915154062	1	0
23	39574915154062	2	0
23	39574915154062	3	0
23	39574915154062	4	0
23	39574915154062	5	0
23	39574915154062	6	0
23	39574915154062	7	0
23	39574915154062	8	0
23	39574915154062	9	0
23	39574915154062	10	0
23	39574915154062	11	0
23	39574915154062	12	0
23	39574915154062	13	0
23	39574915154062	14	0
23	39574915154062	15	0
23	39574915154062	16	0
23	39574915154062	17	0
23	39574915154062	18	0
23	39574915154062	19	0
23	39574915154062	20	0
23	39574915154062	21	0
23	39574915154062	22	0
TOTAL	23	39574915154062	0
7	41439375601662	0	0
7	41439375601662	1	0
7	41439375601662	2	0
7	41439375601662	3	0
7	41439375601662	4	0
7	41439375601662	5	0
7	41439375601662	6	0
TOTAL	7	41439375601662	0
8	41439375601662	0	0
8	41439375601662	1	0
8	41439375601662	2	0
8	41439375601662	3	0
8	41439375601662	4	0
8	41439375601662	5	0
8	41439375601662	6	0
8	41439375601662	7	0
TOTAL	8	41439375601662	0
11	41439375601662	0	0
11	41439375601662	1	0
11	41439375601662	2	0
11	41439375601662	3	0
11	41439375601662	4	0
11	41439375601662	5	0
11	41439375601662	6	0
11	41439375601662	7	0
11	41439375601662	8	0
11	41439375601662	9	0
11	41439375601662	10	0
TOTAL	11	41439375601662	0
19	41439375601662	0	0
19	41439375601662	1	0
19	41439375601662	2	0
19	41439375601662	3	0
19	41439375601662	4	0
19	41439375601662	5	0
19	41439375601662	6	0
19	41439375601662	7	0
19	41439375601662	8	0
19	41439375601662	9	0
19	41439375601662	10	0
19	41439375601662	11	0
19	41439375601662	12	0
19	41439375601662	13	0
19	41439375601662	14	0
19	41439375601662	15	0
19	41439375601662	16	0
19	41439375601662	17	0
19	41439375601662	18	0
TOTAL	19	41439375601662	0
23	41439375601662	0	0
23	41439375601662	1	0
23	41439375601662	2	0
23	41439375601662	3	0
23	41439375601662	4	0
23	41439375601662	5	0
23	41439375601662	6	0
23	41439375601662	7	0
23	41439375601662	8	0
23	41439375601662	9	0
23	41439375601662	10	0
23	41439375601662	11	0
23	41439375601662	12	0
23	41439375601662	13	0
23	41439375601662	14	0
23	41439375601662	15	0
23	41439375601662	16	0
23	41439375601662	17	0
23	41439375601662	18	0
23	41439375601662	19	0
23	41439375601662	20	0
23	41439375601662	21	0
23	41439375601662	22	0
TOTAL	23	41439375601662	0
7	43391674841769	0	0
7	43391674841769	1	0
7	43391674841769	2	0
7	43391674841769	3	0
7	43391674841769	4	0
7	43391674841769	5	0
7	43391674841769	6	0
TOTAL	7	43391674841769	0
8	43391674841769	0	0
8	43391674841769	1	0
8	43391674841769	2	0
8	43391674841769	3	0
8	43391674841769	4	0
8	43391674841769	5	0
8	43391674841769	6	0
8	43391674841769	7	0
TOTAL	8	43391674841769	0
11	43391674841769	0	0
11	43391674841769	1	0
11	43391674841769	2	0
11	43391674841769	3	0
11	43391674841769	4	0
11	43391674841769	5	0
11	43391674841769	6	0
11	43391674841769	7	0
11	43391674841769	8	0
11	43391674841769	9	0
11	43391674841769	10	0
TOTAL	11	43391674841769	0
19	43391674841769	0	0
19	43391674841769	1	0
19	43391674841769	2	0
19	43391674841769	3	0
19	43391674841769	4	0
19	43391674841769	5	0
19	43391674841769	6	0
19	43391674841769	7	0
19	43391674841769	8	0
19	43391674841769	9	0
19	43391674841769	10	0
19	43391674841769	11	0
19	43391674841769	12	0
19	43391674841769	13	0
19	43391674841769	14	0
19	43391674841769	15	0
19	43391674841769	16	0
19	43391674841769	17	0
19	43391674841769	18	0
TOTAL	19	43391674841769	0
23	43391674841769	0	0
23	43391674841769	1	0
23	43391674841769	2	0
23	43391674841769	3	0
23	43391674841769	4	0
23	43391674841769	5	0
23	43391674841769	6	0
23	43391674841769	7	0
23	43391674841769	8	0
23	43391674841769	9	0
23	43391674841769	10	0
23	43391674841769	11	0
23	43391674841769	12	0
23	43391674841769	13	0
23	43391674841769	14	0
23	43391674841769	15	0
23	43391674841769	16	0
23	43391674841769	17	0
23	43391674841769	18	0
23	43391674841769	19	0
23	43391674841769	20	0
23	43391674841769	21	0
23	43391674841769	22	0
TOTAL	23	43391674841769	0
7	45435951151211	0	0
7	45435951151211	1	0
7	45435951151211	2	0
7	45435951151211	3	0
7	45435951151211	4	0
7	45435951151211	5	0
7	45435951151211	6	0
TOTAL	7	45435951151211	0
8	45435951151211	0	0
8	45435951151211	1	0
8	45435951151211	2	0
8	45435951151211	3	0
8	45435951151211	4	0
8	45435951151211	5	0
8	45435951151211	6	0
8	45435951151211	7	0
TOTAL	8	45435951151211	0
11	45435951151211	0	0
11	45435951151211	1	0
11	45435951151211	2	0
11	45435951151211	3	0
11	45435951151211	4	0
11	45435951151211	5	0
11	45435951151211	6	0
11	45435951151211	7	0
11	45435951151211	8	0
11	45435951151211	9	0
11	45435951151211	10	0
TOTAL	11	45435951151211	0
19	45435951151211	0	0
19	45435951151211	1	0
19	45435951151211	2	0
19	45435951151211	3	0
19	45435951151211	4	0
19	45435951151211	5	0
19	45435951151211	6	0
19	45435951151211	7	0
19	45435951151211	8	0
19	45435951151211	9	0
19	45435951151211	10	0
19	45435951151211	11	0
19	45435951151211	12	0
19	45435951151211	13	0
19	45435951151211	14	0
19	45435951151211	15	0
19	45435951151211	16	0
19	45435951151211	17	0
19	45435951151211	18	0
TOTAL	19	45435951151211	0
23	45435951151211	0	0
23	45435951151211	1	0
23	45435951151211	2	0
23	45435951151211	3	0
23	45435951151211	4	0
23	45435951151211	5	0
23	45435951151211	6	0
23	45435951151211	7	0
23	45435951151211	8	0
23	45435951151211	9	0
23	45435951151211	10	0
23	45435951151211	11	0
23	45435951151211	12	0
23	45435951151211	13	0
23	45435951151211	14	0
23	45435951151211	15	0
23	45435951151211	16	0
23	45435951151211	17	0
23	45435951151211	18	0
23	45435951151211	19	0
23	45435951151211	20	0
23	45435951151211	21	0
23	45435951151211	22	0
TOTAL	23	45435951151211	0
7	47576537770051	0	0
7	47576537770051	1	0
7	47576537770051	2	0
7	47576537770051	3	0
7	47576537770051	4	0
7	47576537770051	5	0
7	47576537770051	6	0
TOTAL	7	47576537770051	0
8	47576537770051	0	0
8	47576537770051	1	0
8	47576537770051	2	0
8	47576537770051	3	0
8	47576537770051	4	0
8	47576537770051	5	0
8	47576537770051	6	0
8	47576537770051	7	0
TOTAL	8	47576537770051	0
11	47576537770051	0	0
11	47576537770051	1	0
11	47576537770051	2	0
11	47576537770051	3	0
11	47576537770051	4	0
11	47576537770051	5	0
11	47576537770051	6	0
11	47576537770051	7	0
11	47576537770051	8	0
11	47576537770051	9	0
11	47576537770051	10	0
TOTAL	11	47576537770051	0
19	47576537770051	0	0
19	47576537770051	1	0
19	47576537770051	2	0
19	47576537770051	3	0
19	47576537770051	4	0
19	47576537770051	5	0
19	47576537770051	6	0
19	47576537770051	7	0
19	47576537770051	8	0
19	47576537770051	9	0
19	47576537770051	10	0
19	47576537770051	11	0
19	47576537770051	12	0
19	47576537770051	13	0
19	47576537770051	14	0
19	47576537770051	15	0
19	47576537770051	16	0
19	47576537770051	17	0
19	47576537770051	18	0
TOTAL	19	47576537770051	0
23	47576537770051	0	0
23	47576537770051	1	0
23	47576537770051	2	0
23	47576537770051	3	0
23	47576537770051	4	0
23	47576537770051	5	0
23	47576537770051	6	0
23	47576537770051	7	0
23	47576537770051	8	0
23	47576537770051	9	0
23	47576537770051	10	0
23	47576537770051	11	0
23	47576537770051	12	0
23	47576537770051	13	0
23	47576537770051	14	0
23	47576537770051	15	0
23	47576537770051	16	0
23	47576537770051	17	0
23	47576537770051	18	0
23	47576537770051	19	0
23	47576537770051	20	0
23	47576537770051	21	0
23	47576537770051	22	0
TOTAL	23	47576537770051	0
7	49817972086731	0	0
7	49817972086731	1	0
7	49817972086731	2	0
7	49817972086731	3	0
7	49817972086731	4	0
7	49817972086731	5	0
7	49817972086731	6	0
TOTAL	7	49817972086731	0
8	49817972086731	0	0
8	49817972086731	1	0
8	49817972086731	2	0
8	49817972086731	3	0
8	49817972086731	4	0
8	49817972086731	5	0
8	49817972086731	6	0
8	49817972086731	7	0
TOTAL	8	49817972086731	0
11	49817972086731	0	0
11	49817972086731	1	0
11	49817972086731	2	0
11	49817972086731	3	0
11	49817972086731	4	0
11	49817972086731	5	0
11	49817972086731	6	0
11	49817972086731	7	0
11	49817972086731	8	0
11	49817972086731	9	0
11	49817972086731	10	0
TOTAL	11	49817972086731	0
19	49817972086731	0	0
19	49817972086731	1	0
19	49817972086731	2	0
19	49817972086731	3	0
19	49817972086731	4	0
19	49817972086731	5	0
19	49817972086731	6	0
19	49817972086731	7	0
19	49817972086731	8	0
19	49817972086731	9	0
19	49817972086731	10	0
19	49817972086731	11	0
19	49817972086731	12	0
19	49817972086731	13	0
19	49817972086731	14	0
19	49817972086731	15	0
19	49817972086731	16	0
19	49817972086731	17	0
19	49817972086731	18	0
TOTAL	19	49817972086731	0
23	49817972086731	0	0
23	49817972086731	1	0
23	49817972086731	2	0
23	49817972086731	3	0
23	49817972086731	4	0
23	49817972086731	5	0
23	49817972086731	6	0
23	49817972086731	7	0
23	49817972086731	8	0
23	49817972086731	9	0
23	49817972086731	10	0
23	49817972086731	11	0
23	49817972086731	12	0
23	49817972086731	13	0
23	49817972086731	14	0
23	49817972086731	15	0
23	49817972086731	16	0
23	49817972086731	17	0
23	49817972086731	18	0
23	49817972086731	19	0
23	49817972086731	20	0
23	49817972086731	21	0
23	49817972086731	22	0
TOTAL	23	49817972086731	0
7	52165005255944	0	0
7	52165005255944	1	0
7	52165005255944	2	0
7	52165005255944	3	0
7	52165005255944	4	0
7	52165005255944	5	0
7	52165005255944	6	0
TOTAL	7	52165005255944	0
8	52165005255944	0	0
8	52165005255944	1	0
8	52165005255944	2	0
8	52165005255944	3	0
8	52165005255944	4	0
8	52165005255944	5	0
8	52165005255944	6	0
8	52165005255944	7	0
TOTAL	8	52165005255944	0
11	52165005255944	0	0
11	52165005255944	1	0
11	52165005255944	2	0
11	52165005255944	3	0
11	52165005255944	4	0
11	52165005255944	5	0
11	52165005255944	6	0
11	52165005255944	7	0
11	52165005255944	8	0
11	52165005255944	9	0
11	52165005255944	10	0
TOTAL	11	52165005255944	0
19	52165005255944	0	0
19	52165005255944	1	0
19	52165005255944	2	0
19	52165005255944	3	0
19	52165005255944	4	0
19	52165005255944	5	0
19	52165005255944	6	0
19	52165005255944	7	0
19	52165005255944	8	0
19	52165005255944	9	0
19	52165005255944	10	0
19	52165005255944	11	0
19	52165005255944	12	0
19	52165005255944	13	0
19	52165005255944	14	0
19	52165005255944	15	0
19	52165005255944	16	0
19	52165005255944	17	0
19	52165005255944	18	0
TOTAL	19	52165005255944	0
23	52165005255944	0	0
23	52165005255944	1	0
23	52165005255944	2	0
23	52165005255944	3	0
23	52165005255944	4	0
23	52165005255944	5	0
23	52165005255944	6	0
23	52165005255944	7	0
23	52165005255944	8	0
23	52165005255944	9	0
23	52165005255944	10	0
23	52165005255944	11	0
23	52165005255944	12	0
23	52165005255944	13	0
23	52165005255944	14	0
23	52165005255944	15	0
23	52165005255944	16	0
23	52165005255944	17	0
23	52165005255944	18	0
23	52165005255944	19	0
23	52165005255944	20	0
23	52165005255944	21	0
23	52165005255944	22	0
TOTAL	23	52165005255944	0
7	54622612269628	0	0
7	54622612269628	1	0
7	54622612269628	2	0
7	54622612269628	3	0
7	54622612269628	4	0
7	54622612269628	5	0
7	54622612269628	6	0
TOTAL	7	54622612269628	0
8	54622612269628	0	0
8	54622612269628	1	0
8	54622612269628	2	0
8	54622612269628	3	0
8	54622612269628	4	0
8	54622612269628	5	0
8	54622612269628	6	0
8	54622612269628	7	0
TOTAL	8	54622612269628	0
11	54622612269628	0	0
11	54622612269628	1	0
11	54622612269628	2	0
11	54622612269628	3	0
11	54622612269628	4	0
11	54622612269628	5	0
11	54622612269628	6	0
11	54622612269628	7	0
11	54622612269628	8	0
11	54622612269628	9	0
11	54622612269628	10	0
TOTAL	11	54622612269628	0
19	54622612269628	0	0
19	54622612269628	1	0
19	54622612269628	2	0
19	54622612269628	3	0
19	54622612269628	4	0
19	54622612269628	5	0
19	54622612269628	6	0
19	54622612269628	7	0
19	54622612269628	8	0
19	54622612269628	9	0
19	54622612269628	10	0
19	54622612269628	11	0
19	54622612269628	12	0
19	54622612269628	13	0
19	54622612269628	14	0
19	54622612269628	15	0
19	54622612269628	16	0
19	54622612269628	17	0
19	54622612269628	18	0
TOTAL	19	54622612269628	0
23	54622612269628	0	0
23	54622612269628	1	0
23	54622612269628	2	0
23	54622612269628	3	0
23	54622612269628	4	0
23	54622612269628	5	0
23	54622612269628	6	0
23	54622612269628	7	0
23	54622612269628	8	0
23	54622612269628	9	0
23	54622612269628	10	0
23	54622612269628	11	0
23	54622612269628	12	0
23	54622612269628	13	0
23	54622612269628	14	0
23	54622612269628	15	0
23	54622612269628	16	0
23	54622612269628	17	0
23	54622612269628	18	0
23	54622612269628	19	0
23	54622612269628	20	0
23	54622612269628	21	0
23	54622612269628	22	0
TOTAL	23	54622612269628	0
7	57196002502427	0	0
7	57196002502427	1	0
7	57196002502427	2	0
7	57196002502427	3	0
7	57196002502427	4	0
7	57196002502427	5	0
7	57196002502427	6	0
TOTAL	7	57196002502427	0
8	57196002502427	0	0
8	57196002502427	1	0
8	57196002502427	2	0
8	57196002502427	3	0
8	57196002502427	4	0
8	57196002502427	5	0
8	57196002502427	6	0
8	57196002502427	7	0
TOTAL	8	57196002502427	0
11	57196002502427	0	0
11	57196002502427	1	0
11	57196002502427	2	0
11	57196002502427	3	0
11	57196002502427	4	0
11	57196002502427	5	0
11	57196002502427	6	0
11	57196002502427	7	0
11	57196002502427	8	0
11	57196002502427	9	0
11	57196002502427	10	0
TOTAL	11	57196002502427	0
19	57196002502427	0	0
19	57196002502427	1	0
19	57196002502427	2	0
19	57196002502427	3	0
19	57196002502427	4	0
19	57196002502427	5	0
19	57196002502427	6	0
19	57196002502427	7	0
19	57196002502427	8	0
19	57196002502427	9	0
19	57196002502427	10	0
19	57196002502427	11	0
19	57196002502427	12	0
19	57196002502427	13	0
19	57196002502427	14	0
19	57196002502427	15	0
19	57196002502427	16	0
19	57196002502427	17	0
19	57196002502427	18	0
TOTAL	19	57196002502427	0
23	57196002502427	0	0
23	57196002502427	1	0
23	57196002502427	2	0
23	57196002502427	3	0
23	57196002502427	4	0
23	57196002502427	5	0
23	57196002502427	6	0
23	57196002502427	7	0
23	57196002502427	8	0
23	57196002502427	9	0
23	57196002502427	10	0
23	57196002502427	11	0
23	57196002502427	12	0
23	57196002502427	13	0
23	57196002502427	14	0
23	57196002502427	15	0
23	57196002502427	16	0
23	57196002502427	17	0
23	57196002502427	18	0
23	57196002502427	19	0
23	57196002502427	20	0
23	57196002502427	21	0
23	57196002502427	22	0
TOTAL	23	57196002502427	0
7	59890630753972	0	0
7	59890630753972	1	0
7	59890630753972	2	0
7	59890630753972	3	0
7	59890630753972	4	0
7	59890630753972	5	0
7	59890630753972	6	0
TOTAL	7	59890630753972	0
8	59890630753972	0	0
8	59890630753972	1	0
8	59890630753972	2	0
8	59890630753972	3	0
8	59890630753972	4	0
8	59890630753972	5	0
8	59890630753972	6	0
8	59890630753972	7	0
TOTAL	8	59890630753972	0
11	59890630753972	0	0
11	59890630753972	1	0
11	59890630753972	2	0
11	59890630753972	3	0
11	59890630753972	4	0
11	59890630753972	5	0
11	59890630753972	6	0
11	59890630753972	7	0
11	59890630753972	8	0
11	59890630753972	9	0
11	59890630753972	10	0
TOTAL	11	59890630753972	0
19	59890630753972	0	0
19	59890630753972	1	0
19	59890630753972	2	0
19	59890630753972	3	0
19	59890630753972	4	0
19	59890630753972	5	0
19	59890630753972	6	0
19	59890630753972	7	0
19	59890630753972	8	0
19	59890630753972	9	0
19	59890630753972	10	0
19	59890630753972	11	0
19	59890630753972	12	0
19	59890630753972	13	0
19	59890630753972	14	0
19	59890630753972	15	0
19	59890630753972	16	0
19	59890630753972	17	0
19	59890630753972	18	0
TOTAL	19	59890630753972	0
23	59890630753972	0	0
23	59890630753972	1	0
23	59890630753972	2	0
23	59890630753972	3	0
23	59890630753972	4	0
23	59890630753972	5	0
23	59890630753972	6	0
23	59890630753972	7	0
23	59890630753972	8	0
23	59890630753972	9	0
23	59890630753972	10	0
23	59890630753972	11	0
23	59890630753972	12	0
23	59890630753972	13	0
23	59890630753972	14	0
23	59890630753972	15	0
23	59890630753972	16	0
23	59890630753972	17	0
23	59890630753972	18	0
23	59890630753972	19	0
23	59890630753972	20	0
23	59890630753972	21	0
23	59890630753972	22	0
TOTAL	23	59890630753972	0
7	62712208811383	0	0
7	62712208811383	1	0
7	62712208811383	2	0
7	62712208811383	3	0
7	62712208811383	4	0
7	62712208811383	5	0
7	62712208811383	6	0
TOTAL	7	62712208811383	0
8	62712208811383	0	0
8	62712208811383	1	0
8	62712208811383	2	0
8	62712208811383	3	0
8	62712208811383	4	0
8	62712208811383	5	0
8	62712208811383	6	0
8	62712208811383	7	0
TOTAL	8	62712208811383	0
11	62712208811383	0	0
11	62712208811383	1	0
11	62712208811383	2	0
11	62712208811383	3	0
11	62712208811383	4	0
11	62712208811383	5	0
11	62712208811383	6	0
11	62712208811383	7	0
11	62712208811383	8	0
11	62712208811383	9	0
11	62712208811383	10	0
TOTAL	11	62712208811383	0
19	62712208811383	0	0
19	62712208811383	1	0
19	62712208811383	2	0
19	62712208811383	3	0
19	62712208811383	4	0
19	62712208811383	5	0
19	62712208811383	6	0
19	62712208811383	7	0
19	62712208811383	8	0
19	62712208811383	9	0
19	62712208811383	10	0
19	62712208811383	11	0
19	62712208811383	12	0
19	62712208811383	13	0
19	62712208811383	14	0
19	62712208811383	15	0
19	62712208811383	16	0
19	62712208811383	17	0
19	62712208811383	18	0
TOTAL	19	62712208811383	0
23	62712208811383	0	0
23	62712208811383	1	0
23	62712208811383	2	0
23	62712208811383	3	0
23	62712208811383	4	0
23	62712208811383	5	0
23	62712208811383	6	0
23	62712208811383	7	0
23	62712208811383	8	0
23	62712208811383	9	0
23	62712208811383	10	0
23	62712208811383	11	0
23	62712208811383	12	0
23	62712208811383	13	0
23	62712208811383	14	0
23	62712208811383	15	0
23	62712208811383	16	0
23	62712208811383	17	0
23	62712208811383	18	0
23	62712208811383	19	0
23	62712208811383	20	0
23	62712208811383	21	0
23	62712208811383	22	0
TOTAL	23	62712208811383	0
7	65666717556514	0	0
7	65666717556514	1	0
7	65666717556514	2	0
7	65666717556514	3	0
7	65666717556514	4	0
7	65666717556514	5	0
7	65666717556514	6	0
TOTAL	7	65666717556514	0
8	65666717556514	0	0
8	65666717556514	1	0
8	65666717556514	2	0
8	65666717556514	3	0
8	65666717556514	4	0
8	65666717556514	5	0
8	65666717556514	6	0
8	65666717556514	7	0
TOTAL	8	65666717556514	0
11	65666717556514	0	0
11	65666717556514	1	0
11	65666717556514	2	0
11	65666717556514	3	0
11	65666717556514	4	0
11	65666717556514	5	0
11	65666717556514	6	0
11	65666717556514	7	0
11	65666717556514	8	0
11	65666717556514	9	0
11	65666717556514	10	0
TOTAL	11	65666717556514	0
19	65666717556514	0	0
19	65666717556514	1	0
19	65666717556514	2	0
19	65666717556514	3	0
19	65666717556514	4	0
19	65666717556514	5	0
19	65666717556514	6	0
19	65666717556514	7	0
19	65666717556514	8	0
19	65666717556514	9	0
19	65666717556514	10	0
19	65666717556514	11	0
19	65666717556514	12	0
19	65666717556514	13	0
19	65666717556514	14	0
19	65666717556514	15	0
19	65666717556514	16	0
19	65666717556514	17	0
19	65666717556514	18	0
TOTAL	19	65666717556514	0
23	65666717556514	0	0
23	65666717556514	1	0
23	65666717556514	2	0
23	65666717556514	3	0
23	65666717556514	4	0
23	65666717556514	5	0
23	65666717556514	6	0
23	65666717556514	7	0
23	65666717556514	8	0
23	65666717556514	9	0
23	65666717556514	10	0
23	65666717556514	11	0
23	65666717556514	12	0
23	65666717556514	13	0
23	65666717556514	14	0
23	65666717556514	15	0
23	65666717556514	16	0
23	65666717556514	17	0
23	65666717556514	18	0
23	65666717556514	19	0
23	65666717556514	20	0
23	65666717556514	21	0
23	65666717556514	22	0
TOTAL	23	65666717556514	0
7	68760419643587	0	0
7	68760419643587	1	0
7	68760419643587	2	0
7	68760419643587	3	0
7	68760419643587	4	0
7	68760419643587	5	0
7	68760419643587	6	0
TOTAL	7	68760419643587	0
8	68760419643587	0	0
8	68760419643587	1	0
8	68760419643587	2	0
8	68760419643587	3	0
8	68760419643587	4	0
8	68760419643587	5	0
8	68760419643587	6	0
8	68760419643587	7	0
TOTAL	8	68760419643587	0
11	68760419643587	0	0
11	68760419643587	1	0
11	68760419643587	2	0
11	68760419643587	3	0
11	68760419643587	4	0
11	68760419643587	5	0
11	68760419643587	6	0
11	68760419643587	7	0
11	68760419643587	8	0
11	68760419643587	9	0
11	68760419643587	10	0
TOTAL	11	68760419643587	0
19	68760419643587	0	0
19	68760419643587	1	0
19	68760419643587	2	0
19	68760419643587	3	0
19	68760419643587	4	0
19	68760419643587	5	0
19	68760419643587	6	0
19	68760419643587	7	0
19	68760419643587	8	0
19	68760419643587	9	0
19	68760419643587	10	0
19	68760419643587	11	0
19	68760419643587	12	0
19	68760419643587	13	0
19	68760419643587	14	0
19	68760419643587	15	0
19	68760419643587	16	0
19	68760419643587	17	0
19	68760419643587	18	0
TOTAL	19	68760419643587	0
23	68760419643587	0	0
23	68760419643587	1	0
23	68760419643587	2	0
23	68760419643587	3	0
23	68760419643587	4	0
23	68760419643587	5	0
23	68760419643587	6	0
23	68760419643587	7	0
23	68760419643587	8	0
23	68760419643587	9	0
23	68760419643587	10	0
23	68760419643587	11	0
23	68760419643587	12	0
23	68760419643587	13	0
23	68760419643587	14	0
23	68760419643587	15	0
23	68760419643587	16	0
23	68760419643587	17	0
23	68760419643587	18	0
23	68760419643587	19	0
23	68760419643587	20	0
23	68760419643587	21	0
23	68760419643587	22	0
TOTAL	23	68760419643587	0
7	71999872774107	0	0
7	71999872774107	1	0
7	71999872774107	2	0
7	71999872774107	3	0
7	71999872774107	4	0
7	71999872774107	5	0
7	71999872774107	6	0
TOTAL	7	71999872774107	0
8	71999872774107	0	0
8	71999872774107	1	0
8	71999872774107	2	0
8	71999872774107	3	0
8	71999872774107	4	0
8	71999872774107	5	0
8	71999872774107	6	0
8	71999872774107	7	0
TOTAL	8	71999872774107	0
11	71999872774107	0	0
11	71999872774107	1	0
11	71999872774107	2	0
11	71999872774107	3	0
11	71999872774107	4	0
11	71999872774107	5	0
11	71999872774107	6	0
11	71999872774107	7	0
11	71999872774107	8	0
11	71999872774107	9	0
11	71999872774107	10	0
TOTAL	11	71999872774107	0
19	71999872774107	0	0
19	71999872774107	1	0
19	71999872774107	2	0
19	71999872774107	3	0
19	71999872774107	4	0
19	71999872774107	5	0
19	71999872774107	6	0
19	71999872774107	7	0
19	71999872774107	8	0
19	71999872774107	9	0
19	71999872774107	10	0
19	71999872774107	11	0
19	71999872774107	12	0
19	71999872774107	13	0
19	71999872774107	14	0
19	71999872774107	15	0
19	71999872774107	16	0
19	71999872774107	17	0
19	71999872774107	18	0
TOTAL	19	71999872774107	0
23	71999872774107	0	0
23	71999872774107	1	0
23	71999872774107	2	0
23	71999872774107	3	0
23	71999872774107	4	0
23	71999872774107	5	0
23	71999872774107	6	0
23	71999872774107	7	0
23	71999872774107	8	0
23	71999872774107	9	0
23	71999872774107	10	0
23	71999872774107	11	0
23	71999872774107	12	0
23	71999872774107	13	0
23	71999872774107	14	0
23	71999872774107	15	0
23	71999872774107	16	0
23	71999872774107	17	0
23	71999872774107	18	0
23	71999872774107	19	0
23	71999872774107	20	0
23	71999872774107	21	0
23	71999872774107	22	0
TOTAL	23	71999872774107	0
7	75391943597177	0	0
7	75391943597177	1	0
7	75391943597177	2	0
7	75391943597177	3	0
7	75391943597177	4	0
7	75391943597177	5	0
7	75391943597177	6	0
TOTAL	7	75391943597177	0
8	75391943597177	0	0
8	75391943597177	1	0
8	75391943597177	2	0
8	75391943597177	3	0
8	75391943597177	4	0
8	75391943597177	5	0
8	75391943597177	6	0
8	75391943597177	7	0
TOTAL	8	75391943597177	0
11	75391943597177	0	0
11	75391943597177	1	0
11	75391943597177	2	0
11	75391943597177	3	0
11	75391943597177	4	0
11	75391943597177	5	0
11	75391943597177	6	0
11	75391943597177	7	0
11	75391943597177	8	0
11	75391943597177	9	0
11	75391943597177	10	0
TOTAL	11	75391943597177	0
19	75391943597177	0	0
19	75391943597177	1	0
19	75391943597177	2	0
19	75391943597177	3	0
19	75391943597177	4	0
19	75391943597177	5	0
19	75391943597177	6	0
19	75391943597177	7	0
19	75391943597177	8	0
19	75391943597177	9	0
19	75391943597177	10	0
19	75391943597177	11	0
19	75391943597177	12	0
19	75391943597177	13	0
19	75391943597177	14	0
19	75391943597177	15	0
19	75391943597177	16	0
19	75391943597177	17	0
19	75391943597177	18	0
TOTAL	19	75391943597177	0
23	75391943597177	0	0
23	75391943597177	1	0
23	75391943597177	2	0
23	75391943597177	3	0
23	75391943597177	4	0
23	75391943597177	5	0
23	75391943597177	6	0
23	75391943597177	7	0
23	75391943597177	8	0
23	75391943597177	9	0
23	75391943597177	10	0
23	75391943597177	11	0
23	75391943597177	12	0
23	75391943597177	13	0
23	75391943597177	14	0
23	75391943597177	15	0
23	75391943597177	16	0
23	75391943597177	17	0
23	75391943597177	18	0
23	75391943597177	19	0
23	75391943597177	20	0
23	75391943597177	21	0
23	75391943597177	22	0
TOTAL	23	75391943597177	0
7	78943822264697	0	0
7	78943822264697	1	0
7	78943822264697	2	0
7	78943822264697	3	0
7	78943822264697	4	0
7	78943822264697	5	0
7	78943822264697	6	0
TOTAL	7	78943822264697	0
8	78943822264697	0	0
8	78943822264697	1	0
8	78943822264697	2	0
8	78943822264697	3	0
8	78943822264697	4	0
8	78943822264697	5	0
8	78943822264697	6	0
8	78943822264697	7	0
TOTAL	8	78943822264697	0
11	78943822264697	0	0
11	78943822264697	1	0
11	78943822264697	2	0
11	78943822264697	3	0
11	78943822264697	4	0
11	78943822264697	5	0
11	78943822264697	6	0
11	78943822264697	7	0
11	78943822264697	8	0
11	78943822264697	9	0
11	78943822264697	10	0
TOTAL	11	78943822264697	0
19	78943822264697	0	0
19	78943822264697	1	0
19	78943822264697	2	0
19	78943822264697	3	0
19	78943822264697	4	0
19	78943822264697	5	0
19	78943822264697	6	0
19	78943822264697	7	0
19	78943822264697	8	0
19	78943822264697	9	0
19	78943822264697	10	0
19	78943822264697	11	0
19	78943822264697	12	0
19	78943822264697	13	0
19	78943822264697	14	0
19	78943822264697	15	0
19	78943822264697	16	0
19	78943822264697	17	0
19	78943822264697	18	0
TOTAL	19	78943822264697	0
23	78943822264697	0	0
23	78943822264697	1	0
23	78943822264697	2	0
23	78943822264697	3	0
23	78943822264697	4	0
23	78943822264697	5	0
23	78943822264697	6	0
23	78943822264697	7	0
23	78943822264697	8	0
23	78943822264697	9	0
23	78943822264697	10	0
23	78943822264697	11	0
23	78943822264697	12	0
23	78943822264697	13	0
23	78943822264697	14	0
23	78943822264697	15	0
23	78943822264697	16	0
23	78943822264697	17	0
23	78943822264697	18	0
23	78943822264697	19	0
23	78943822264697	20	0
23	78943822264697	21	0
23	78943822264697	22	0
TOTAL	23	78943822264697	0
7	82663037672284	0	0
7	82663037672284	1	0
7	82663037672284	2	0
7	82663037672284	3	0
7	82663037672284	4	0
7	82663037672284	5	0
7	82663037672284	6	0
TOTAL	7	82663037672284	0
8	82663037672284	0	0
8	82663037672284	1	0
8	82663037672284	2	0
8	82663037672284	3	0
8	82663037672284	4	0
8	82663037672284	5	0
8	82663037672284	6	0
8	82663037672284	7	0
TOTAL	8	82663037672284	0
11	82663037672284	0	0
11	82663037672284	1	0
11	82663037672284	2	0
11	82663037672284	3	0
11	82663037672284	4	0
11	82663037672284	5	0
11	82663037672284	6	0
11	82663037672284	7	0
11	82663037672284	8	0
11	82663037672284	9	0
11	82663037672284	10	0
TOTAL	11	82663037672284	0
19	82663037672284	0	0
19	82663037672284	1	0
19	82663037672284	2	0
19	82663037672284	3	0
19	82663037672284	4	0
19	82663037672284	5	0
19	82663037672284	6	0
19	82663037672284	7	0
19	82663037672284	8	0
19	82663037672284	9	0
19	82663037672284	10	0
19	82663037672284	11	0
19	82663037672284	12	0
19	82663037672284	13	0
19	82663037672284	14	0
19	82663037672284	15	0
19	82663037672284	16	0
19	82663037672284	17	0
19	82663037672284	18	0
TOTAL	19	82663037672284	0
23	82663037672284	0	0
23	82663037672284	1	0
23	82663037672284	2	0
23	82663037672284	3	0
23	82663037672284	4	0
23	82663037672284	5	0
23	82663037672284	6	0
23	82663037672284	7	0
23	82663037672284	8	0
23	82663037672284	9	0
23	82663037672284	10	0
23	82663037672284	11	0
23	82663037672284	12	0
23	82663037672284	13	0
23	82663037672284	14	0
23	82663037672284	15	0
23	82663037672284	16	0
23	82663037672284	17	0
23	82663037672284	18	0
23	82663037672284	19	0
23	82663037672284	20	0
23	82663037672284	21	0
23	82663037672284	22	0
TOTAL	23	82663037672284	0
7	86557473418223	0	0
7	86557473418223	1	0
7	86557473418223	2	0
7	86557473418223	3	0
7	86557473418223	4	0
7	86557473418223	5	0
7	86557473418223	6	0
TOTAL	7	86557473418223	0
8	86557473418223	0	0
8	86557473418223	1	0
8	86557473418223	2	0
8	86557473418223	3	0
8	86557473418223	4	0
8	86557473418223	5	0
8	86557473418223	6	0
8	86557473418223	7	0
TOTAL	8	86557473418223	0
11	86557473418223	0	0
11	86557473418223	1	0
11	86557473418223	2	0
11	86557473418223	3	0
11	86557473418223	4	0
11	86557473418223	5	0
11	86557473418223	6	0
11	86557473418223	7	0
11	86557473418223	8	0
11	86557473418223	9	0
11	86557473418223	10	0
TOTAL	11	86557473418223	0
19	86557473418223	0	0
19	86557473418223	1	0
19	86557473418223	2	0
19	86557473418223	3	0
19	86557473418223	4	0
19	86557473418223	5	0
19	86557473418223	6	0
19	86557473418223	7	0
19	86557473418223	8	0
19	86557473418223	9	0
19	86557473418223	10	0
19	86557473418223	11	0
19	86557473418223	12	0
19	86557473418223	13	0
19	86557473418223	14	0
19	86557473418223	15	0
19	86557473418223	16	0
19	86557473418223	17	0
19	86557473418223	18	0
TOTAL	19	86557473418223	0
23	86557473418223	0	0
23	86557473418223	1	0
23	86557473418223	2	0
23	86557473418223	3	0
23	86557473418223	4	0
23	86557473418223	5	0
23	86557473418223	6	0
23	86557473418223	7	0
23	86557473418223	8	0
23	86557473418223	9	0
23	86557473418223	10	0
23	86557473418223	11	0
23	86557473418223	12	0
23	86557473418223	13	0
23	86557473418223	14	0
23	86557473418223	15	0
23	86557473418223	16	0
23	86557473418223	17	0
23	86557473418223	18	0
23	86557473418223	19	0
23	86557473418223	20	0
23	86557473418223	21	0
23	86557473418223	22	0
TOTAL	23	86557473418223	0
7	90635384514286	0	0
7	90635384514286	1	0
7	90635384514286	2	0
7	90635384514286	3	0
7	90635384514286	4	0
7	90635384514286	5	0
7	90635384514286	6	0
TOTAL	7	90635384514286	0
8	90635384514286	0	0
8	90635384514286	1	0
8	90635384514286	2	0
8	90635384514286	3	0
8	90635384514286	4	0
8	90635384514286	5	0
8	90635384514286	6	0
8	90635384514286	7	0
TOTAL	8	90635384514286	0
11	90635384514286	0	0
11	90635384514286	1	0
11	90635384514286	2	0
11	90635384514286	3	0
11	90635384514286	4	0
11	90635384514286	5	0
11	90635384514286	6	0
11	90635384514286	7	0
11	90635384514286	8	0
11	90635384514286	9	0
11	90635384514286	10	0
TOTAL	11	90635384514286	0
19	90635384514286	0	0
19	90635384514286	1	0
19	90635384514286	2	0
19	90635384514286	3	0
19	90635384514286	4	0
19	90635384514286	5	0
19	90635384514286	6	0
19	90635384514286	7	0
19	90635384514286	8	0
19	90635384514286	9	0
19	90635384514286	10	0
19	90635384514286	11	0
19	90635384514286	12	0
19	90635384514286	13	0
19	90635384514286	14	0
19	90635384514286	15	0
19	90635384514286	16	0
19	90635384514286	17	0
19	90635384514286	18	0
TOTAL	19	90635384514286	0
23	90635384514286	0	0
23	90635384514286	1	0
23	90635384514286	2	0
23	90635384514286	3	0
23	90635384514286	4	0
23	90635384514286	5	0
23	90635384514286	6	0
23	90635384514286	7	0
23	90635384514286	8	0
23	90635384514286	9	0
23	90635384514286	10	0
23	90635384514286	11	0
23	90635384514286	12	0
23	90635384514286	13	0
23	90635384514286	14	0
23	90635384514286	15	0
23	90635384514286	16	0
23	90635384514286	17	0
23	90635384514286	18	0
23	90635384514286	19	0
23	90635384514286	20	0
23	90635384514286	21	0
23	90635384514286	22	0
TOTAL	23	90635384514286	0
7	94905414883828	0	0
7	94905414883828	1	0
7	94905414883828	2	0
7	94905414883828	3	0
7	94905414883828	4	0
7	94905414883828	5	0
7	94905414883828	6	0
TOTAL	7	94905414883828	0
8	94905414883828	0	0
8	94905414883828	1	0
8	94905414883828	2	0
8	94905414883828	3	0
8	94905414883828	4	0
8	94905414883828	5	0
8	94905414883828	6	0
8	94905414883828	7	0
TOTAL	8	94905414883828	0
11	94905414883828	0	0
11	94905414883828	1	0
11	94905414883828	2	0
11	94905414883828	3	0
11	94905414883828	4	0
11	94905414883828	5	0
11	94905414883828	6	0
11	94905414883828	7	0
11	94905414883828	8	0
11	94905414883828	9	0
11	94905414883828	10	0
TOTAL	11	94905414883828	0
19	94905414883828	0	0
19	94905414883828	1	0
19	94905414883828	2	0
19	94905414883828	3	0
19	94905414883828	4	0
19	94905414883828	5	0
19	94905414883828	6	0
19	94905414883828	7	0
19	94905414883828	8	0
19	94905414883828	9	0
19	94905414883828	10	0
19	94905414883828	11	0
19	94905414883828	12	0
19	94905414883828	13	0
19	94905414883828	14	0
19	94905414883828	15	0
19	94905414883828	16	0
19	94905414883828	17	0
19	94905414883828	18	0
TOTAL	19	94905414883828	0
23	94905414883828	0	0
23	94905414883828	1	0
23	94905414883828	2	0
23	94905414883828	3	0
23	94905414883828	4	0
23	94905414883828	5	0
23	94905414883828	6	0
23	94905414883828	7	0
23	94905414883828	8	0
23	94905414883828	9	0
23	94905414883828	10	0
23	94905414883828	11	0
23	94905414883828	12	0
23	94905414883828	13	0
23	94905414883828	14	0
23	94905414883828	15	0
23	94905414883828	16	0
23	94905414883828	17	0
23	94905414883828	18	0
23	94905414883828	19	0
23	94905414883828	20	0
23	94905414883828	21	0
23	94905414883828	22	0
TOTAL	23	94905414883828	0
7	99376615684263	0	0
7	99376615684263	1	0
7	99376615684263	2	0
7	99376615684263	3	0
7	99376615684263	4	0
7	99376615684263	5	0
7	99376615684263	6	0
TOTAL	7	99376615684263	0
8	99376615684263	0	0
8	99376615684263	1	0
8	99376615684263	2	0
8	99376615684263	3	0
8	99376615684263	4	0
8	99376615684263	5	0
8	99376615684263	6	0
8	99376615684263	7	0
TOTAL	8	99376615684263	0
11	99376615684263	0	0
11	99376615684263	1	0
11	99376615684263	2	0
11	99376615684263	3	0
11	99376615684263	4	0
11	99376615684263	5	0
11	99376615684263	6	0
11	99376615684263	7	0
11	99376615684263	8	0
11	99376615684263	9	0
11	99376615684263	10	0
TOTAL	11	99376615684263	0
19	99376615684263	0	0
19	99376615684263	1	0
19	99376615684263	2	0
19	99376615684263	3	0
19	99376615684263	4	0
19	99376615684263	5	0
19	99376615684263	6	0
19	99376615684263	7	0
19	99376615684263	8	0
19	99376615684263	9	0
19	99376615684263	10	0
19	99376615684263	11	0
19	99376615684263	12	0
19	99376615684263	13	0
19	99376615684263	14	0
19	99376615684263	15	0
19	99376615684263	16	0
19	99376615684263	17	0
19	99376615684263	18	0
TOTAL	19	99376615684263	0
23	99376615684263	0	0
23	99376615684263	1	0
23	99376615684263	2	0
23	99376615684263	3	0
23	99376615684263	4	0
23	99376615684263	5	0
23	99376615684263	6	0
23	99376615684263	7	0
23	99376615684263	8	0
23	99376615684263	9	0
23	99376615684263	10	0
23	99376615684263	11	0
23	99376615684263	12	0
23	99376615684263	13	0
23	99376615684263	14	0
23	99376615684263	15	0
23	99376615684263	16	0
23	99376615684263	17	0
23	99376615684263	18	0
23	99376615684263	19	0
23	99376615684263	20	0
23	99376615684263	21	0
23	99376615684263	22	0
TOTAL	23	99376615684263	0
7	100000000000000	0	0
7	100000000000000	1	0
7	100000000000000	2	0
7	100000000000000	3	0
7	100000000000000	4	0
7	100000000000000	5	0
7	100000000000000	6	0
TOTAL	7	100000000000000	0
8	100000000000000	0	0
8	100000000000000	1	0
8	100000000000000	2	0
8	100000000000000	3	0
8	100000000000000	4	0
8	100000000000000	5	0
8	100000000000000	6	0
8	100000000000000	7	0
TOTAL	8	100000000000000	0
11	100000000000000	0	0
11	100000000000000	1	0
11	100000000000000	2	0
11	100000000000000	3	0
11	100000000000000	4	0
11	100000000000000	5	0
11	100000000000000	6	0
11	100000000000000	7	0
11	100000000000000	8	0
11	100000000000000	9	0
11	100000000000000	10	0
TOTAL	11	100000000000000	0
19	100000000000000	0	0
19	100000000000000	1	0
19	100000000000000	2	0
19	100000000000000	3	0
19	100000000000000	4	0
19	100000000000000	5	0
19	100000000000000	6	0
19	100000000000000	7	0
19	100000000000000	8	0
19	100000000000000	9	0
19	100000000000000	10	0
19	100000000000000	11	0
19	100000000000000	12	0
19	100000000000000	13	0
19	100000000000000	14	0
19	100000000000000	15	0
19	100000000000000	16	0
19	100000000000000	17	0
19	100000000000000	18	0
TOTAL	19	100000000000000	0
23	100000000000000	0	0
23	100000000000000	1	0
23	100000000000000	2	0
23	100000000000000	3	0
23	100000000000000	4	0
23	100000000000000	5	0
23	100000000000000	6	0
23	100000000000000	7	0
23	100000000000000	8	0
23	100000000000000	9	0
23	100000000000000	10	0
23	100000000000000	11	0
23	100000000000000	12	0
23	100000000000000	13	0
23	100000000000000	14	0
23	100000000000000	15	0
23	100000000000000	16	0
23	100000000000000	17	0
23	100000000000000	18	0
23	100000000000000	19	0
23	100000000000000	20	0
23	100000000000000	21	0
23	100000000000000	22	0
TOTAL	23	100000000000000	0
7	104058464492742	0	0
7	104058464492742	1	0
7	104058464492742	2	0
7	104058464492742	3	0
7	104058464492742	4	0
7	104058464492742	5	0
7	104058464492742	6	0
TOTAL	7	104058464492742	0
8	104058464492742	0	0
8	104058464492742	1	0
8	104058464492742	2	0
8	104058464492742	3	0
8	104058464492742	4	0
8	104058464492742	5	0
8	104058464492742	6	0
8	104058464492742	7	0
TOTAL	8	104058464492742	0
11	104058464492742	0	0
11	104058464492742	1	0
11	104058464492742	2	0
11	104058464492742	3	0
11	104058464492742	4	0
11	104058464492742	5	0
11	104058464492742	6	0
11	104058464492742	7	0
11	104058464492742	8	0
11	104058464492742	9	0
11	104058464492742	10	0
TOTAL	11	104058464492742	0
19	104058464492742	0	0
19	104058464492742	1	0
19	104058464492742	2	0
19	104058464492742	3	0
19	104058464492742	4	0
19	104058464492742	5	0
19	104058464492742	6	0
19	104058464492742	7	0
19	104058464492742	8	0
19	104058464492742	9	0
19	104058464492742	10	0
19	104058464492742	11	0
19	104058464492742	12	0
19	104058464492742	13	0
19	104058464492742	14	0
19	104058464492742	15	0
19	104058464492742	16	0
19	104058464492742	17	0
19	104058464492742	18	0
TOTAL	19	104058464492742	0
23	104058464492742	0	0
23	104058464492742	1	0
23	104058464492742	2	0
23	104058464492742	3	0
23	104058464492742	4	0
23	104058464492742	5	0
23	104058464492742	6	0
23	104058464492742	7	0
23	104058464492742	8	0
23	104058464492742	9	0
23	104058464492742	10	0
23	104058464492742	11	0
23	104058464492742	12	0
23	104058464492742	13	0
23	104058464492742	14	0
23	104058464492742	15	0
23	104058464492742	16	0
23	104058464492742	17	0
23	104058464492742	18	0
23	104058464492742	19	0
23	104058464492742	20	0
23	104058464492742	21	0
23	104058464492742	22	0
TOTAL	23	104058464492742	0
7	108960885395717	0	0
7	108960885395717	1	0
7	108960885395717	2	0
7	108960885395717	3	0
7	108960885395717	4	0
7	108960885395717	5	0
7	108960885395717	6	0
TOTAL	7	108960885395717	0
8	108960885395717	0	0
8	108960885395717	1	0
8	108960885395717	2	0
8	108960885395717	3	0
8	108960885395717	4	0
8	108960885395717	5	0
8	108960885395717	6	0
8	108960885395717	7	0
TOTAL	8	108960885395717	0
11	108960885395717	0	0
11	108960885395717	1	0
11	108960885395717	2	0
11	108960885395717	3	0
11	108960885395717	4	0
11	108960885395717	5	0
11	108960885395717	6	0
11	108960885395717	7	0
11	108960885395717	8	0
11	108960885395717	9	0
11	108960885395717	10	0
TOTAL	11	108960885395717	0
19	108960885395717	0	0
19	108960885395717	1	0
19	108960885395717	2	0
19	108960885395717	3	0
19	108960885395717	4	0
19	108960885395717	5	0
19	108960885395717	6	0
19	108960885395717	7	0
19	108960885395717	8	0
19	108960885395717	9	0
19	108960885395717	10	0
19	108960885395717	11	0
19	108960885395717	12	0
19	108960885395717	13	0
19	108960885395717	14	0
19	108960885395717	15	0
19	108960885395717	16	0
19	108960885395717	17	0
19	108960885395717	18	0
TOTAL	19	108960885395717	0
23	108960885395717	0	0
23	108960885395717	1	0
23	108960885395717	2	0
23	108960885395717	3	0
23	108960885395717	4	0
23	108960885395717	5	0
23	108960885395717	6	0
23	108960885395717	7	0
23	108960885395717	8	0
23	108960885395717	9	0
23	108960885395717	10	0
23	108960885395717	11	0
23	108960885395717	12	0
23	108960885395717	13	0
23	108960885395717	14	0
23	108960885395717	15	0
23	108960885395717	16	0
23	108960885395717	17	0
23	108960885395717	18	0
23	108960885395717	19	0
23	108960885395717	20	0
23	108960885395717	21	0
23	108960885395717	22	0
TOTAL	23	108960885395717	0
7	114094270024970	0	0
7	114094270024970	1	0
7	114094270024970	2	0
7	114094270024970	3	0
7	114094270024970	4	0
7	114094270024970	5	0
7	114094270024970	6	0
TOTAL	7	114094270024970	0
8	114094270024970	0	0
8	114094270024970	1	0
8	114094270024970	2	0
8	114094270024970	3	0
8	114094270024970	4	0
8	114094270024970	5	0
8	114094270024970	6	0
8	114094270024970	7	0
TOTAL	8	114094270024970	0
11	114094270024970	0	0
11	114094270024970	1	0
11	114094270024970	2	0
11	114094270024970	3	0
11	114094270024970	4	0
11	114094270024970	5	0
11	114094270024970	6	0
11	114094270024970	7	0
11	114094270024970	8	0
11	114094270024970	9	0
11	114094270024970	10	0
TOTAL	11	114094270024970	0
19	114094270024970	0	0
19	114094270024970	1	0
19	114094270024970	2	0
19	114094270024970	3	0
19	114094270024970	4	0
19	114094270024970	5	0
19	114094270024970	6	0
19	114094270024970	7	0
19	114094270024970	8	0
19	114094270024970	9	0
19	114094270024970	10	0
19	114094270024970	11	0
19	114094270024970	12	0
19	114094270024970	13	0
19	114094270024970	14	0
19	114094270024970	15	0
19	114094270024970	16	0
19	114094270024970	17	0
19	114094270024970	18	0
TOTAL	19	114094270024970	0
23	114094270024970	0	0
23	114094270024970	1	0
23	114094270024970	2	0
23	114094270024970	3	0
23	114094270024970	4	0
23	114094270024970	5	0
23	114094270024970	6	0
23	114094270024970	7	0
23	114094270024970	8	0
23	114094270024970	9	0
23	114094270024970	10	0
23	114094270024970	11	0
23	114094270024970	12	0
23	114094270024970	13	0
23	114094270024970	14	0
23	114094270024970	15	0
23	114094270024970	16	0
23	114094270024970	17	0
23	114094270024970	18	0
23	114094270024970	19	0
23	114094270024970	20	0
23	114094270024970	21	0
23	114094270024970	22	0
TOTAL	23	114094270024970	0
7	119469499584686	0	0
7	119469499584686	1	0
7	119469499584686	2	0
7	119469499584686	3	0
7	119469499584686	4	0
7	119469499584686	5	0
7	119469499584686	6	0
TOTAL	7	119469499584686	0
8	119469499584686	0	0
8	119469499584686	1	0
8	119469499584686	2	0
8	119469499584686	3	0
8	119469499584686	4	0
8	119469499584686	5	0
8	119469499584686	6	0
8	119469499584686	7	0
TOTAL	8	119469499584686	0
11	119469499584686	0	0
11	119469499584686	1	0
11	119469499584686	2	0
11	119469499584686	3	0
11	119469499584686	4	0
11	119469499584686	5	0
11	119469499584686	6	0
11	119469499584686	7	0
11	119469499584686	8	0
11	119469499584686	9	0
11	119469499584686	10	0
TOTAL	11	119469499584686	0
19	119469499584686	0	0
19	119469499584686	1	0
19	119469499584686	2	0
19	119469499584686	3	0
19	119469499584686	4	0
19	119469499584686	5	0
19	119469499584686	6	0
19	119469499584686	7	0
19	119469499584686	8	0
19	119469499584686	9	0
19	119469499584686	10	0
19	119469499584686	11	0
19	119469499584686	12	0
19	119469499584686	13	0
19	119469499584686	14	0
19	119469499584686	15	0
19	119469499584686	16	0
19	119469499584686	17	0
19	119469499584686	18	0
TOTAL	19	119469499584686	0
23	119469499584686	0	0
23	119469499584686	1	0
23	119469499584686	2	0
23	119469499584686	3	0
23	119469499584686	4	0
23	119469499584686	5	0
23	119469499584686	6	0
23	119469499584686	7	0
23	119469499584686	8	0
23	119469499584686	9	0
23	119469499584686	10	0
23	119469499584686	11	0
23	119469499584686	12	0
23	119469499584686	13	0
23	119469499584686	14	0
23	119469499584686	15	0
23	119469499584686	16	0
23	119469499584686	17	0
23	119469499584686	18	0
23	119469499584686	19	0
23	119469499584686	20	0
23	119469499584686	21	0
23	119469499584686	22	0
TOTAL	23	119469499584686	0
7	125097967916282	0	0
7	125097967916282	1	0
7	125097967916282	2	0
7	125097967916282	3	0
7	125097967916282	4	0
7	125097967916282	5	0
7	125097967916282	6	0
TOTAL	7	125097967916282	0
8	125097967916282	0	0
8	125097967916282	1	0
8	125097967916282	2	0
8	125097967916282	3	0
8	125097967916282	4	0
8	125097967916282	5	0
8	125097967916282	6	0
8	125097967916282	7	0
TOTAL	8	125097967916282	0
11	125097967916282	0	0
11	125097967916282	1	0
11	125097967916282	2	0
11	125097967916282	3	0
11	125097967916282	4	0
11	125097967916282	5	0
11	125097967916282	6	0
11	125097967916282	7	0
11	125097967916282	8	0
11	125097967916282	9	0
11	125097967916282	10	0
TOTAL	11	125097967916282	0
19	125097967916282	0	0
19	125097967916282	1	0
19	125097967916282	2	0
19	125097967916282	3	0
19	125097967916282	4	0
19	125097967916282	5	0
19	125097967916282	6	0
19	125097967916282	7	0
19	125097967916282	8	0
19	125097967916282	9	0
19	125097967916282	10	0
19	125097967916282	11	0
19	125097967916282	12	0
19	125097967916282	13	0
19	125097967916282	14	0
19	125097967916282	15	0
19	125097967916282	16	0
19	125097967916282	17	0
19	125097967916282	18	0
TOTAL	19	125097967916282	0
23	125097967916282	0	0
23	125097967916282	1	0
23	125097967916282	2	0
23	125097967916282	3	0
23	125097967916282	4	0
23	125097967916282	5	0
23	125097967916282	6	0
23	125097967916282	7	0
23	125097967916282	8	0
23	125097967916282	9	0
23	125097967916282	10	0
23	125097967916282	11	0
23	125097967916282	12	0
23	125097967916282	13	0
23	125097967916282	14	0
23	125097967916282	15	0
23	125097967916282	16	0
23	125097967916282	17	0
23	125097967916282	18	0
23	125097967916282	19	0
23	125097967916282	20	0
23	125097967916282	21	0
23	125097967916282	22	0
TOTAL	23	125097967916282	0
7	130991605649859	0	0
7	130991605649859	1	0
7	130991605649859	2	0
7	130991605649859	3	0
7	130991605649859	4	0
7	130991605649859	5	0
7	130991605649859	6	0
TOTAL	7	130991605649859	0
8	130991605649859	0	0
8	130991605649859	1	0
8	130991605649859	2	0
8	130991605649859	3	0
8	130991605649859	4	0
8	130991605649859	5	0
8	130991605649859	6	0
8	130991605649859	7	0
TOTAL	8	130991605649859	0
11	130991605649859	0	0
11	130991605649859	1	0
11	130991605649859	2	0
11	130991605649859	3	0
11	130991605649859	4	0
11	130991605649859	5	0
11	130991605649859	6	0
11	130991605649859	7	0
11	130991605649859	8	0
11	130991605649859	9	0
11	130991605649859	10	0
TOTAL	11	130991605649859	0
19	130991605649859	0	0
19	130991605649859	1	0
19	130991605649859	2	0
19	130991605649859	3	0
19	130991605649859	4	0
19	130991605649859	5	0
19	130991605649859	6	0
19	130991605649859	7	0
19	130991605649859	8	0
19	130991605649859	9	0
19	130991605649859	10	0
19	130991605649859	11	0
19	130991605649859	12	0
19	130991605649859	13	0
19	130991605649859	14	0
19	130991605649859	15	0
19	130991605649859	16	0
19	130991605649859	17	0
19	130991605649859	18	0
TOTAL	19	130991605649859	0
23	130991605649859	0	0
23	130991605649859	1	0
23	130991605649859	2	0
23	130991605649859	3	0
23	130991605649859	4	0
23	130991605649859	5	0
23	130991605649859	6	0
23	130991605649859	7	0
23	130991605649859	8	0
23	130991605649859	9	0
23	130991605649859	10	0
23	130991605649859	11	0
23	130991605649859	12	0
23	130991605649859	13	0
23	130991605649859	14	0
23	130991605649859	15	0
23	130991605649859	16	0
23	130991605649859	17	0
23	130991605649859	18	0
23	130991605649859	19	0
23	130991605649859	20	0
23	130991605649859	21	0
23	130991605649859	22	0
TOTAL	23	130991605649859	0
7	137162905493486	0	0
7	137162905493486	1	0
7	137162905493486	2	0
7	137162905493486	3	0
7	137162905493486	4	0
7	137162905493486	5	0
7	137162905493486	6	0
TOTAL	7	137162905493486	0
8	137162905493486	0	0
8	137162905493486	1	0
8	137162905493486	2	0
8	137162905493486	3	0
8	137162905493486	4	0
8	137162905493486	5	0
8	137162905493486	6	0
8	137162905493486	7	0
TOTAL	8	137162905493486	0
11	137162905493486	0	0
11	137162905493486	1	0
11	137162905493486	2	0
11	137162905493486	3	0
11	137162905493486	4	0
11	137162905493486	5	0
11	137162905493486	6	0
11	137162905493486	7	0
11	137162905493486	8	0
11	137162905493486	9	0
11	137162905493486	10	0
TOTAL	11	137162905493486	0
19	137162905493486	0	0
19	137162905493486	1	0
19	137162905493486	2	0
19	137162905493486	3	0
19	137162905493486	4	0
19	137162905493486	5	0
19	137162905493486	6	0
19	137162905493486	7	0
19	137162905493486	8	0
19	137162905493486	9	0
19	137162905493486	10	0
19	137162905493486	11	0
19	137162905493486	12	0
19	137162905493486	13	0
19	137162905493486	14	0
19	137162905493486	15	0
19	137162905493486	16	0
19	137162905493486	17	0
19	137162905493486	18	0
TOTAL	19	137162905493486	0
23	137162905493486	0	0
23	137162905493486	1	0
23	137162905493486	2	0
23	137162905493486	3	0
23	137162905493486	4	0
23	137162905493486	5	0
23	137162905493486	6	0
23	137162905493486	7	0
23	137162905493486	8	0
23	137162905493486	9	0
23	137162905493486	10	0
23	137162905493486	11	0
23	137162905493486	12	0
23	137162905493486	13	0
23	137162905493486	14	0
23	137162905493486	15	0
23	137162905493486	16	0
23	137162905493486	17	0
23	137162905493486	18	0
23	137162905493486	19	0
23	137162905493486	20	0
23	137162905493486	21	0
23	137162905493486	22	0
TOTAL	23	137162905493486	0
7	143624948713920	0	0
7	143624948713920	1	0
7	143624948713920	2	0
7	143624948713920	3	0
7	143624948713920	4	0
7	143624948713920	5	0
7	143624948713920	6	0
TOTAL	7	143624948713920	0
8	143624948713920	0	0
8	143624948713920	1	0
8	143624948713920	2	0
8	143624948713920	3	0
8	143624948713920	4	0
8	143624948713920	5	0
8	143624948713920	6	0
8	143624948713920	7	0
TOTAL	8	143624948713920	0
11	143624948713920	0	0
11	143624948713920	1	0
11	143624948713920	2	0
11	143624948713920	3	0
11	143624948713920	4	0
11	143624948713920	5	0
11	143624948713920	6	0
11	143624948713920	7	0
11	143624948713920	8	0
11	143624948713920	9	0
11	143624948713920	10	0
TOTAL	11	143624948713920	0
19	143624948713920	0	0
19	143624948713920	1	0
19	143624948713920	2	0
19	143624948713920	3	0
19	143624948713920	4	0
19	143624948713920	5	0
19	143624948713920	6	0
19	143624948713920	7	0
19	143624948713920	8	0
19	143624948713920	9	0
19	143624948713920	10	0
19	143624948713920	11	0
19	143624948713920	12	0
19	143624948713920	13	0
19	143624948713920	14	0
19	143624948713920	15	0
19	143624948713920	16	0
19	143624948713920	17	0
19	143624948713920	18	0
TOTAL	19	143624948713920	0
23	143624948713920	0	0
23	143624948713920	1	0
23	143624948713920	2	0
23	143624948713920	3	0
23	143624948713920	4	0
23	143624948713920	5	0
23	143624948713920	6	0
23	143624948713920	7	0
23	143624948713920	8	0
23	143624948713920	9	0
23	143624948713920	10	0
23	143624948713920	11	0
23	143624948713920	12	0
23	143624948713920	13	0
23	143624948713920	14	0
23	143624948713920	15	0
23	143624948713920	16	0
23	143624948713920	17	0
23	143624948713920	18	0
23	143624948713920	19	0
23	143624948713920	20	0
23	143624948713920	21	0
23	143624948713920	22	0
TOTAL	23	143624948713920	0
7	150391432864885	0	0
7	150391432864885	1	0
7	150391432864885	2	0
7	150391432864885	3	0
7	150391432864885	4	0
7	150391432864885	5	0
7	150391432864885	6	0
TOTAL	7	150391432864885	0
8	150391432864885	0	0
8	150391432864885	1	0
8	150391432864885	2	0
8	150391432864885	3	0
8	150391432864885	4	0
8	150391432864885	5	0
8	150391432864885	6	0
8	150391432864885	7	0
TOTAL	8	150391432864885	0
11	150391432864885	0	0
11	150391432864885	1	0
11	150391432864885	2	0
11	150391432864885	3	0
11	150391432864885	4	0
11	150391432864885	5	0
11	150391432864885	6	0
11	150391432864885	7	0
11	150391432864885	8	0
11	150391432864885	9	0
11	150391432864885	10	0
TOTAL	11	150391432864885	0
19	150391432864885	0	0
19	150391432864885	1	0
19	150391432864885	2	0
19	150391432864885	3	0
19	150391432864885	4	0
19	150391432864885	5	0
19	150391432864885	6	0
19	150391432864885	7	0
19	150391432864885	8	0
19	150391432864885	9	0
19	150391432864885	10	0
19	150391432864885	11	0
19	150391432864885	12	0
19	150391432864885	13	0
19	150391432864885	14	0
19	150391432864885	15	0
19	150391432864885	16	0
19	150391432864885	17	0
19	150391432864885	18	0
TOTAL	19	150391432864885	0
23	150391432864885	0	0
23	150391432864885	1	0
23	150391432864885	2	0
23	150391432864885	3	0
23	150391432864885	4	0
23	150391432864885	5	0
23	150391432864885	6	0
23	150391432864885	7	0
23	150391432864885	8	0
23	150391432864885	9	0
23	150391432864885	10	0
23	150391432864885	11	0
23	150391432864885	12	0
23	150391432864885	13	0
23	150391432864885	14	0
23	150391432864885	15	0
23	150391432864885	16	0
23	150391432864885	17	0
23	150391432864885	18	0
23	150391432864885	19	0
23	150391432864885	20	0
23	150391432864885	21	0
23	150391432864885	22	0
TOTAL	23	150391432864885	0
7	157476700821694	0	0
7	157476700821694	1	0
7	157476700821694	2	0
7	157476700821694	3	0
7	157476700821694	4	0
7	157476700821694	5	0
7	157476700821694	6	0
TOTAL	7	157476700821694	0
8	157476700821694	0	0
8	157476700821694	1	0
8	157476700821694	2	0
8	157476700821694	3	0
8	157476700821694	4	0
8	157476700821694	5	0
8	157476700821694	6	0
8	157476700821694	7	0
TOTAL	8	157476700821694	0
11	157476700821694	0	0
11	157476700821694	1	0
11	157476700821694	2	0
11	157476700821694	3	0
11	157476700821694	4	0
11	157476700821694	5	0
11	157476700821694	6	0
11	157476700821694	7	0
11	157476700821694	8	0
11	157476700821694	9	0
11	157476700821694	10	0
TOTAL	11	157476700821694	0
19	157476700821694	0	0
19	157476700821694	1	0
19	157476700821694	2	0
19	157476700821694	3	0
19	157476700821694	4	0
19	157476700821694	5	0
19	157476700821694	6	0
19	157476700821694	7	0
19	157476700821694	8	0
19	157476700821694	9	0
19	157476700821694	10	0
19	157476700821694	11	0
19	157476700821694	12	0
19	157476700821694	13	0
19	157476700821694	14	0
19	157476700821694	15	0
19	157476700821694	16	0
19	157476700821694	17	0
19	157476700821694	18	0
TOTAL	19	157476700821694	0
23	157476700821694	0	0
23	157476700821694	1	0
23	157476700821694	2	0
23	157476700821694	3	0
23	157476700821694	4	0
23	157476700821694	5	0
23	157476700821694	6	0
23	157476700821694	7	0
23	157476700821694	8	0
23	157476700821694	9	0
23	157476700821694	10	0
23	157476700821694	11	0
23	157476700821694	12	0
23	157476700821694	13	0
23	157476700821694	14	0
23	157476700821694	15	0
23	157476700821694	16	0
23	157476700821694	17	0
23	157476700821694	18	0
23	157476700821694	19	0
23	157476700821694	20	0
23	157476700821694	21	0
23	157476700821694	22	0
TOTAL	23	157476700821694	0
7	164895771183756	0	0
7	164895771183756	1	0
7	164895771183756	2	0
7	164895771183756	3	0
7	164895771183756	4	0
7	164895771183756	5	0
7	164895771183756	6	0
TOTAL	7	164895771183756	0
8	164895771183756	0	0
8	164895771183756	1	0
8	164895771183756	2	0
8	164895771183756	3	0
8	164895771183756	4	0
8	164895771183756	5	0
8	164895771183756	6	0
8	164895771183756	7	0
TOTAL	8	164895771183756	0
11	164895771183756	0	0
11	164895771183756	1	0
11	164895771183756	2	0
11	164895771183756	3	0
11	164895771183756	4	0
11	164895771183756	5	0
11	164895771183756	6	0
11	164895771183756	7	0
11	164895771183756	8	0
11	164895771183756	9	0
11	164895771183756	10	0
TOTAL	11	164895771183756	0
19	164895771183756	0	0
19	164895771183756	1	0
19	164895771183756	2	0
19	164895771183756	3	0
19	164895771183756	4	0
19	164895771183756	5	0
19	164895771183756	6	0
19	164895771183756	7	0
19	164895771183756	8	0
19	164895771183756	9	0
19	164895771183756	10	0
19	164895771183756	11	0
19	164895771183756	12	0
19	164895771183756	13	0
19	164895771183756	14	0
19	164895771183756	15	0
19	164895771183756	16	0
19	164895771183756	17	0
19	164895771183756	18	0
TOTAL	19	164895771183756	0
23	164895771183756	0	0
23	164895771183756	1	0
23	164895771183756	2	0
23	164895771183756	3	0
23	164895771183756	4	0
23	164895771183756	5	0
23	164895771183756	6	0
23	164895771183756	7	0
23	164895771183756	8	0
23	164895771183756	9	0
23	164895771183756	10	0
23	164895771183756	11	0
23	164895771183756	12	0
23	164895771183756	13	0
23	164895771183756	14	0
23	164895771183756	15	0
23	164895771183756	16	0
23	164895771183756	17	0
23	164895771183756	18	0
23	164895771183756	19	0
23	164895771183756	20	0
23	164895771183756	21	0
23	164895771183756	22	0
TOTAL	23	164895771183756	0
7	172664370109409	0	0
7	172664370109409	1	0
7	172664370109409	2	0
7	172664370109409	3	0
7	172664370109409	4	0
7	172664370109409	5	0
7	172664370109409	6	0
TOTAL	7	172664370109409	0
8	172664370109409	0	0
8	172664370109409	1	0
8	172664370109409	2	0
8	172664370109409	3	0
8	172664370109409	4	0
8	172664370109409	5	0
8	172664370109409	6	0
8	172664370109409	7	0
TOTAL	8	172664370109409	0
11	172664370109409	0	0
11	172664370109409	1	0
11	172664370109409	2	0
11	172664370109409	3	0
11	172664370109409	4	0
11	172664370109409	5	0
11	172664370109409	6	0
11	172664370109409	7	0
11	172664370109409	8	0
11	172664370109409	9	0
11	172664370109409	10	0
TOTAL	11	172664370109409	0
19	172664370109409	0	0
19	172664370109409	1	0
19	172664370109409	2	0
19	172664370109409	3	0
19	172664370109409	4	0
19	172664370109409	5	0
19	172664370109409	6	0
19	172664370109409	7	0
19	172664370109409	8	0
19	172664370109409	9	0
19	172664370109409	10	0
19	172664370109409	11	0
19	172664370109409	12	0
19	172664370109409	13	0
19	172664370109409	14	0
19	172664370109409	15	0
19	172664370109409	16	0
19	172664370109409	17	0
19	172664370109409	18	0
TOTAL	19	172664370109409	0
23	172664370109409	0	0
23	172664370109409	1	0
23	172664370109409	2	0
23	172664370109409	3	0
23	172664370109409	4	0
23	172664370109409	5	0
23	172664370109409	6	0
23	172664370109409	7	0
23	172664370109409	8	0
23	172664370109409	9	0
23	172664370109409	10	0
23	172664370109409	11	0
23	172664370109409	12	0
23	172664370109409	13	0
23	172664370109409	14	0
23	172664370109409	15	0
23	172664370109409	16	0
23	172664370109409	17	0
23	172664370109409	18	0
23	172664370109409	19	0
23	172664370109409	20	0
23	172664370109409	21	0
23	172664370109409	22	0
TOTAL	23	172664370109409	0
7	180798964650562	0	0
7	180798964650562	1	0
7	180798964650562	2	0
7	180798964650562	3	0
7	180798964650562	4	0
7	180798964650562	5	0
7	180798964650562	6	0
TOTAL	7	180798964650562	0
8	180798964650562	0	0
8	180798964650562	1	0
8	180798964650562	2	0
8	180798964650562	3	0
8	180798964650562	4	0
8	180798964650562	5	0
8	180798964650562	6	0
8	180798964650562	7	0
TOTAL	8	180798964650562	0
11	180798964650562	0	0
11	180798964650562	1	0
11	180798964650562	2	0
11	180798964650562	3	0
11	180798964650562	4	0
11	180798964650562	5	0
11	180798964650562	6	0
11	180798964650562	7	0
11	180798964650562	8	0
11	180798964650562	9	0
11	180798964650562	10	0
TOTAL	11	180798964650562	0
19	180798964650562	0	0
19	180798964650562	1	0
19	180798964650562	2	0
19	180798964650562	3	0
19	180798964650562	4	0
19	180798964650562	5	0
19	180798964650562	6	0
19	180798964650562	7	0
19	180798964650562	8	0
19	180798964650562	9	0
19	180798964650562	10	0
19	180798964650562	11	0
19	180798964650562	12	0
19	180798964650562	13	0
19	180798964650562	14	0
19	180798964650562	15	0
19	180798964650562	16	0
19	180798964650562	17	0
19	180798964650562	18	0
TOTAL	19	180798964650562	0
23	180798964650562	0	0
23	180798964650562	1	0
23	180798964650562	2	0
23	180798964650562	3	0
23	180798964650562	4	0
23	180798964650562	5	0
23	180798964650562	6	0
23	180798964650562	7	0
23	180798964650562	8	0
23	180798964650562	9	0
23	180798964650562	10	0
23	180798964650562	11	0
23	180798964650562	12	0
23	180798964650562	13	0
23	180798964650562	14	0
23	180798964650562	15	0
23	180798964650562	16	0
23	180798964650562	17	0
23	180798964650562	18	0
23	180798964650562	19	0
23	180798964650562	20	0
23	180798964650562	21	0
23	180798964650562	22	0
TOTAL	23	180798964650562	0
7	189316797657804	0	0
7	189316797657804	1	0
7	189316797657804	2	0
7	189316797657804	3	0
7	189316797657804	4	0
7	189316797657804	5	0
7	189316797657804	6	0
TOTAL	7	189316797657804	0
8	189316797657804	0	0
8	189316797657804	1	0
8	189316797657804	2	0
8	189316797657804	3	0
8	189316797657804	4	0
8	189316797657804	5	0
8	189316797657804	6	0
8	189316797657804	7	0
TOTAL	8	189316797657804	0
11	189316797657804	0	0
11	189316797657804	1	0
11	189316797657804	2	0
11	189316797657804	3	0
11	189316797657804	4	0
11	189316797657804	5	0
11	189316797657804	6	0
11	189316797657804	7	0
11	189316797657804	8	0
11	189316797657804	9	0
11	189316797657804	10	0
TOTAL	11	189316797657804	0
19	189316797657804	0	0
19	189316797657804	1	0
19	189316797657804	2	0
19	189316797657804	3	0
19	189316797657804	4	0
19	189316797657804	5	0
19	189316797657804	6	0
19	189316797657804	7	0
19	189316797657804	8	0
19	189316797657804	9	0
19	189316797657804	10	0
19	189316797657804	11	0
19	189316797657804	12	0
19	189316797657804	13	0
19	189316797657804	14	0
19	189316797657804	15	0
19	189316797657804	16	0
19	189316797657804	17	0
19	189316797657804	18	0
TOTAL	19	189316797657804	0
23	189316797657804	0	0
23	189316797657804	1	0
23	189316797657804	2	0
23	189316797657804	3	0
23	189316797657804	4	0
23	189316797657804	5	0
23	189316797657804	6	0
23	189316797657804	7	0
23	189316797657804	8	0
23	189316797657804	9	0
23	189316797657804	10	0
23	189316797657804	11	0
23	189316797657804	12	0
23	189316797657804	13	0
23	189316797657804	14	0
23	189316797657804	15	0
23	189316797657804	16	0
23	189316797657804	17	0
23	189316797657804	18	0
23	189316797657804	19	0
23	189316797657804	20	0
23	189316797657804	21	0
23	189316797657804	22	0
TOTAL	23	189316797657804	0
7	198235924329971	0	0
7	198235924329971	1	0
7	198235924329971	2	0
7	198235924329971	3	0
7	198235924329971	4	0
7	198235924329971	5	0
7	198235924329971	6	0
TOTAL	7	198235924329971	0
8	198235924329971	0	0
8	198235924329971	1	0
8	198235924329971	2	0
8	198235924329971	3	0
8	198235924329971	4	0
8	198235924329971	5	0
8	198235924329971	6	0
8	198235924329971	7	0
TOTAL	8	198235924329971	0
11	198235924329971	0	0
11	198235924329971	1	0
11	198235924329971	2	0
11	198235924329971	3	0
11	198235924329971	4	0
11	198235924329971	5	0
11	198235924329971	6	0
11	198235924329971	7	0
11	198235924329971	8	0
11	198235924329971	9	0
11	198235924329971	10	0
TOTAL	11	198235924329971	0
19	198235924329971	0	0
19	198235924329971	1	0
19	198235924329971	2	0
19	198235924329971	3	0
19	198235924329971	4	0
19	198235924329971	5	0
19	198235924329971	6	0
19	198235924329971	7	0
19	198235924329971	8	0
19	198235924329971	9	0
19	198235924329971	10	0
19	198235924329971	11	0
19	198235924329971	12	0
19	198235924329971	13	0
19	198235924329971	14	0
19	198235924329971	15	0
19	198235924329971	16	0
19	198235924329971	17	0
19	198235924329971	18	0
TOTAL	19	198235924329971	0
23	198235924329971	0	0
23	198235924329971	1	0
23	198235924329971	2	0
23	198235924329971	3	0
23	198235924329971	4	0
23	198235924329971	5	0
23	198235924329971	6	0
23	198235924329971	7	0
23	198235924329971	8	0
23	198235924329971	9	0
23	198235924329971	10	0
23	198235924329971	11	0
23	198235924329971	12	0
23	198235924329971	13	0
23	198235924329971	14	0
23	198235924329971	15	0
23	198235924329971	16	0
23	198235924329971	17	0
23	198235924329971	18	0
23	198235924329971	19	0
23	198235924329971	20	0
23	198235924329971	21	0
23	198235924329971	22	0
TOTAL	23	198235924329971	0
7	200000000000000	0	0
7	200000000000000	1	0
7	200000000000000	2	0
7	200000000000000	3	0
7	200000000000000	4	0
7	200000000000000	5	0
7	200000000000000	6	0
TOTAL	7	200000000000000	0
8	200000000000000	0	0
8	200000000000000	1	0
8	200000000000000	2	0
8	200000000000000	3	0
8	200000000000000	4	0
8	200000000000000	5	0
8	200000000000000	6	0
8	200000000000000	7	0
TOTAL	8	200000000000000	0
11	200000000000000	0	0
11	200000000000000	1	0
11	200000000000000	2	0
11	200000000000000	3	0
11	200000000000000	4	0
11	200000000000000	5	0
11	200000000000000	6	0
11	200000000000000	7	0
11	200000000000000	8	0
11	200000000000000	9	0
11	200000000000000	10	0
TOTAL	11	200000000000000	0
19	200000000000000	0	0
19	200000000000000	1	0
19	200000000000000	2	0
19	200000000000000	3	0
19	200000000000000	4	0
19	200000000000000	5	0
19	200000000000000	6	0
19	200000000000000	7	0
19	200000000000000	8	0
19	200000000000000	9	0
19	200000000000000	10	0
19	200000000000000	11	0
19	200000000000000	12	0
19	200000000000000	13	0
19	200000000000000	14	0
19	200000000000000	15	0
19	200000000000000	16	0
19	200000000000000	17	0
19	200000000000000	18	0
TOTAL	19	200000000000000	0
23	200000000000000	0	0
23	200000000000000	1	0
23	200000000000000	2	0
23	200000000000000	3	0
23	200000000000000	4	0
23	200000000000000	5	0
23	200000000000000	6	0
23	200000000000000	7	0
23	200000000000000	8	0
23	200000000000000	9	0
23	200000000000000	10	0
23	200000000000000	11	0
23	200000000000000	12	0
23	200000000000000	13	0
23	200000000000000	14	0
23	200000000000000	15	0
23	200000000000000	16	0
23	200000000000000	17	0
23	200000000000000	18	0
23	200000000000000	19	0
23	200000000000000	20	0
23	200000000000000	21	0
23	200000000000000	22	0
TOTAL	23	200000000000000	0
7	207575250485640	0	0
7	207575250485640	1	38319105211
7	207575250485640	2	38319186203
7	207575250485640	3	38319132885
7	207575250485640	4	38319159702
7	207575250485640	5	38319206281
7	207575250485640	6	38319221328
TOTAL	7	207575250485640	229915011610
8	207575250485640	0	0
8	207575250485640	1	57478724445
8	207575250485640	2	0
8	207575250485640	3	57478781665
8	207575250485640	4	0
8	207575250485640	5	57478720453
8	207575250485640	6	0
8	207575250485640	7	57478785047
TOTAL	8	207575250485640	229915011610
11	207575250485640	0	0
11	207575250485640	1	22991443814
11	207575250485640	2	22991417287
11	207575250485640	3	22991593766
11	207575250485640	4	22991533130
11	207575250485640	5	22991431872
11	207575250485640	6	22991559827
11	207575250485640	7	22991546769
11	207575250485640	8	22991430640
11	207575250485640	9	22991527079
11	207575250485640	10	22991527426
TOTAL	11	207575250485640	229915011610
19	207575250485640	0	0
19	207575250485640	1	12773093430
19	207575250485640	2	12773018570
19	207575250485640	3	12773057634
19	207575250485640	4	12773117936
19	207575250485640	5	12773072635
19	207575250485640	6	12772972787
19	207575250485640	7	12773102752
19	207575250485640	8	12773018801
19	207575250485640	9	12773061339
19	207575250485640	10	12773069637
19	207575250485640	11	12772997837
19	207575250485640	12	12773008487
19	207575250485640	13	12773112096
19	207575250485640	14	12773011246
19	207575250485640	15	12773064245
19	207575250485640	16	12773137330
19	207575250485640	17	12773055237
19	207575250485640	18	12773039611
TOTAL	19	207575250485640	229915011610
23	207575250485640	0	0
23	207575250485640	1	10450627815
23	207575250485640	2	10450663969
23	207575250485640	3	10450705191
23	207575250485640	4	10450657296
23	207575250485640	5	10450712974
23	207575250485640	6	10450646245
23	207575250485640	7	10450719353
23	207575250485640	8	10450681452
23	207575250485640	9	10450702805
23	207575250485640	10	10450699736
23	207575250485640	11	10450752453
23	207575250485640	12	10450672569
23	207575250485640	13	10450695253
23	207575250485640	14	10450700032
23	207575250485640	15	10450724653
23	207575250485640	16	10450635873
23	207575250485640	17	10450679982
23	207575250485640	18	10450725454
23	207575250485640	19	10450630950
23	207575250485640	20	10450633612
23	207575250485640	21	10450685255
23	207575250485640	22	10450658688
TOTAL	23	207575250485640	229915011610
7	217354572637679	0	0
7	217354572637679	1	87725106749
7	217354572637679	2	87725179346
7	217354572637679	3	87725046926
7	217354572637679	4	87725146475
7	217354572637679	5	87725028354
7	217354572637679	6	87725155418
TOTAL	7	217354572637679	526350663268
8	217354572637679	0	0
8	217354572637679	1	131587488892
8	217354572637679	2	0
8	217354572637679	3	131587699364
8	217354572637679	4	0
8	217354572637679	5	131587735109
8	217354572637679	6	0
8	217354572637679	7	131587739903
TOTAL	8	217354572637679	526350663268
11	217354572637679	0	0
11	217354572637679	1	52634996617
11	217354572637679	2	52634945198
11	217354572637679	3	52635192735
11	217354572637679	4	52635103711
11	217354572637679	5	52635030490
11	217354572637679	6	52635129854
11	217354572637679	7	52634997345
11	217354572637679	8	52635068533
11	217354572637679	9	52635117680
11	217354572637679	10	52635081105
TOTAL	11	217354572637679	526350663268
19	217354572637679	0	0
19	217354572637679	1	29241698506
19	217354572637679	2	29241783850
19	217354572637679	3	29241754840
19	217354572637679	4	29241745274
19	217354572637679	5	29241656038
19	217354572637679	6	29241656211
19	217354572637679	7	29241732137
19	217354572637679	8	29241615915
19	217354572637679	9	29241660728
19	217354572637679	10	29241717365
19	217354572637679	11	29241732180
19	217354572637679	12	29241625284
19	217354572637679	13	29241738789
19	217354572637679	14	29241700292
19	217354572637679	15	29241744982
19	217354572637679	16	29241780515
19	217354572637679	17	29241650658
19	217354572637679	18	29241669704
TOTAL	19	217354572637679	526350663268
23	217354572637679	0	0
23	217354572637679	1	23925005132
23	217354572637679	2	23924995249
23	217354572637679	3	23925030784
23	217354572637679	4	23924976612
23	217354572637679	5	23924989308
23	217354572637679	6	23925025368
23	217354572637679	7	23925096043
23	217354572637679	8	23925033319
23	217354572637679	9	23925030596
23	217354572637679	10	23925113956
23	217354572637679	11	23925033609
23	217354572637679	12	23925092474
23	217354572637679	13	23925036962
23	217354572637679	14	23925017647
23	217354572637679	15	23925090719
23	217354572637679	16	23924985549
23	217354572637679	17	23925034042
23	217354572637679	18	23925045010
23	217354572637679	19	23925006502
23	217354572637679	20	23925066766
23	217354572637679	21	23925000983
23	217354572637679	22	23924956638
TOTAL	23	217354572637679	526350663268
7	227594619955796	0	0
7	227594619955796	1	139386618819
7	227594619955796	2	139386779694
7	227594619955796	3	139386545281
7	227594619955796	4	139386551919
7	227594619955796	5	139386433467
7	227594619955796	6	139386605806
TOTAL	7	227594619955796	836319534986
8	227594619955796	0	0
8	227594619955796	1	209079694857
8	227594619955796	2	0
8	227594619955796	3	209079960587
8	227594619955796	4	0
8	227594619955796	5	209079927190
8	227594619955796	6	0
8	227594619955796	7	209079952352
TOTAL	8	227594619955796	836319534986
11	227594619955796	0	0
11	227594619955796	1	83631881361
11	227594619955796	2	83631772673
11	227594619955796	3	83632035543
11	227594619955796	4	83631968624
11	227594619955796	5	83632054987
11	227594619955796	6	83632023151
11	227594619955796	7	83631973573
11	227594619955796	8	83631892197
11	227594619955796	9	83631972347
11	227594619955796	10	83631960530
TOTAL	11	227594619955796	836319534986
19	227594619955796	0	0
19	227594619955796	1	46462217476
19	227594619955796	2	46462226485
19	227594619955796	3	46462189685
19	227594619955796	4	46462283970
19	227594619955796	5	46462270842
19	227594619955796	6	46462169449
19	227594619955796	7	46462130543
19	227594619955796	8	46462105142
19	227594619955796	9	46462088309
19	227594619955796	10	46462232743
19	227594619955796	11	46462255861
19	227594619955796	12	46462137311
19	227594619955796	13	46462245293
19	227594619955796	14	46462249912
19	227594619955796	15	46462234561
19	227594619955796	16	46462173574
19	227594619955796	17	46462176093
19	227594619955796	18	46462147737
TOTAL	19	227594619955796	836319534986
23	227594619955796	0	0
23	227594619955796	1	38014481205
23	227594619955796	2	38014480157
23	227594619955796	3	38014537375
23	227594619955796	4	38014435833
23	227594619955796	5	38014486734
23	227594619955796	6	38014542486
23	227594619955796	7	38014522769
23	227594619955796	8	38014477050
23	227594619955796	9	38014540371
23	227594619955796	10	38014740451
23	227594619955796	11	38014608727
23	227594619955796	12	38014507944
23	227594619955796	13	38014549564
23	227594619955796	14	38014591770
23	227594619955796	15	38014625230
23	227594619955796	16	38014426939
23	227594619955796	17	38014551491
23	227594619955796	18	38014516269
23	227594619955796	19	38014492642
23	227594619955796	20	38014578450
23	227594619955796	21	38014453803
23	227594619955796	22	38014387726
TOTAL	23	227594619955796	836319534986
7	238317098206027	0	0
7	238317098206027	1	193406705331
7	238317098206027	2	193406753836
7	238317098206027	3	193406610410
7	238317098206027	4	193406513263
7	238317098206027	5	193406569112
7	238317098206027	6	193406690292
TOTAL	7	238317098206027	1160439842244
8	238317098206027	0	0
8	238317098206027	1	290109743340
8	238317098206027	2	0
8	238317098206027	3	290110002497
8	238317098206027	4	0
8	238317098206027	5	290109989363
8	238317098206027	6	0
8	238317098206027	7	290110107044
TOTAL	8	238317098206027	1160439842244
11	238317098206027	0	0
11	238317098206027	1	116043880366
11	238317098206027	2	116043892955
11	238317098206027	3	116043993040
11	238317098206027	4	116043990828
11	238317098206027	5	116044008452
11	238317098206027	6	116044070717
11	238317098206027	7	116043911713
11	238317098206027	8	116043962227
11	238317098206027	9	116044074734
11	238317098206027	10	116044057212
TOTAL	11	238317098206027	1160439842244
19	238317098206027	0	0
19	238317098206027	1	64468879330
19	238317098206027	2	64468891944
19	238317098206027	3	64468828968
19	238317098206027	4	64468960551
19	238317098206027	5	64468976158
19	238317098206027	6	64468851017
19	238317098206027	7	64468790786
19	238317098206027	8	64468808978
19	238317098206027	9	64468821583
19	238317098206027	10	64468965642
19	238317098206027	11	64468928795
19	238317098206027	12	64468799236
19	238317098206027	13	64468905161
19	238317098206027	14	64468884057
19	238317098206027	15	64468992918
19	238317098206027	16	64468793234
19	238317098206027	17	64468960668
19	238317098206027	18	64468803218
TOTAL	19	238317098206027	1160439842244
23	238317098206027	0	0
23	238317098206027	1	52747207708
23	238317098206027	2	52747147987
23	238317098206027	3	52747227065
23	238317098206027	4	52747273081
23	238317098206027	5	52747224160
23	238317098206027	6	52747245692
23	238317098206027	7	52747219571
23	238317098206027	8	52747222109
23	238317098206027	9	52747381639
23	238317098206027	10	52747453874
23	238317098206027	11	52747381597
23	238317098206027	12	52747224561
23	238317098206027	13	52747284518
23	238317098206027	14	52747311577
23	238317098206027	15	52747394794
23	238317098206027	16	52747092015
23	238317098206027	17	52747261747
23	238317098206027	18	52747339462
23	238317098206027	19	52747212054
23	238317098206027	20	52747316165
23	238317098206027	21	52747238879
23	238317098206027	22	52747181989
TOTAL	23	238317098206027	1160439842244
7	249544735760329	0	0
7	249544735760329	1	249893131834
7	249544735760329	2	249893198673
7	249544735760329	3	249893145851
7	249544735760329	4	249892959827
7	249544735760329	5	249893173966
7	249544735760329	6	249893009911
TOTAL	7	249544735760329	1499358620062
8	249544735760329	0	0
8	249544735760329	1	374839376736
8	249544735760329	2	0
8	249544735760329	3	374839682282
8	249544735760329	4	0
8	249544735760329	5	374839879082
8	249544735760329	6	0
8	249544735760329	7	374839681962
TOTAL	8	249544735760329	1499358620062
11	249544735760329	0	0
11	249544735760329	1	149935789780
11	249544735760329	2	149935766818
11	249544735760329	3	149935866506
11	249544735760329	4	149935836749
11	249544735760329	5	149935892772
11	249544735760329	6	149935820829
11	249544735760329	7	149935938679
11	249544735760329	8	149935949622
11	249544735760329	9	149935879649
11	249544735760329	10	149935878658
TOTAL	11	249544735760329	1499358620062
19	249544735760329	0	0
19	249544735760329	1	83297759175
19	249544735760329	2	83297779739
19	249544735760329	3	83297654956
19	249544735760329	4	83297706703
19	249544735760329	5	83297663370
19	249544735760329	6	83297670969
19	249544735760329	7	83297626278
19	249544735760329	8	83297647913
19	249544735760329	9	83297647480
19	249544735760329	10	83297773193
19	249544735760329	11	83297797542
19	249544735760329	12	83297649551
19	249544735760329	13	83297683334
19	249544735760329	14	83297749581
19	249544735760329	15	83297742860
19	249544735760329	16	83297613265
19	249544735760329	17	83297867779
19	249544735760329	18	83297586374
TOTAL	19	249544735760329	1499358620062
23	249544735760329	0	0
23	249544735760329	1	68152602047
23	249544735760329	2	68152517290
23	249544735760329	3	68152589986
23	249544735760329	4	68152691192
23	249544735760329	5	68152642201
23	249544735760329	6	68152625284
23	249544735760329	7	68152566311
23	249544735760329	8	68152647672
23	249544735760329	9	68152743499
23	249544735760329	10	68152864428
23	249544735760329	11	68152765590
23	249544735760329	12	68152587829
23	249544735760329	13	68152678389
23	249544735760329	14	68152683603
23	249544735760329	15	68152786539
23	249544735760329	16	68152520057
23	249544735760329	17	68152710751
23	249544735760329	18	68152755461
23	249544735760329	19	68152633610
23	249544735760329	20	68152714622
23	249544735760329	21	68152655091
23	249544735760329	22	68152638610
TOTAL	23	249544735760329	1499358620062
7	261301331773756	0	0
7	261301331773756	1	308958716087
7	261301331773756	2	308958750040
7	261301331773756	3	308958673891
7	261301331773756	4	308958619487
7	261301331773756	5	308958776331
7	261301331773756	6	308958593497
TOTAL	7	261301331773756	1853752129333
8	261301331773756	0	0
8	261301331773756	1	463437747632
8	261301331773756	2	0
8	261301331773756	3	463438154950
8	261301331773756	4	0
8	261301331773756	5	463438184998
8	261301331773756	6	0
8	261301331773756	7	463438041753
TOTAL	8	261301331773756	1853752129333
11	261301331773756	0	0
11	261301331773756	1	185375081246
11	261301331773756	2	185375207593
11	261301331773756	3	185375210023
11	261301331773756	4	185375221617
11	261301331773756	5	185375303000
11	261301331773756	6	185375175473
11	261301331773756	7	185375202859
11	261301331773756	8	185375258753
11	261301331773756	9	185375210202
11	261301331773756	10	185375258567
TOTAL	11	261301331773756	1853752129333
19	261301331773756	0	0
19	261301331773756	1	102986264946
19	261301331773756	2	102986295285
19	261301331773756	3	102986236826
19	261301331773756	4	102986261073
19	261301331773756	5	102986285368
19	261301331773756	6	102986239799
19	261301331773756	7	102986144092
19	261301331773756	8	102986174934
19	261301331773756	9	102986109379
19	261301331773756	10	102986242543
19	261301331773756	11	102986252279
19	261301331773756	12	102986253913
19	261301331773756	13	102986174801
19	261301331773756	14	102986290493
19	261301331773756	15	102986297441
19	261301331773756	16	102986138274
19	261301331773756	17	102986304356
19	261301331773756	18	102986163531
TOTAL	19	261301331773756	1853752129333
23	261301331773756	0	0
23	261301331773756	1	84261441526
23	261301331773756	2	84261246365
23	261301331773756	3	84261448990
23	261301331773756	4	84261433808
23	261301331773756	5	84261417756
23	261301331773756	6	84261404629
23	261301331773756	7	84261335825
23	261301331773756	8	84261442416
23	261301331773756	9	84261534060
23	261301331773756	10	84261581648
23	261301331773756	11	84261652508
23	261301331773756	12	84261428096
23	261301331773756	13	84261505146
23	261301331773756	14	84261410437
23	261301331773756	15	84261590898
23	261301331773756	16	84261391108
23	261301331773756	17	84261561381
23	261301331773756	18	84261462221
23	261301331773756	19	84261441485
23	261301331773756	20	84261485130
23	261301331773756	21	84261459624
23	261301331773756	22	84261454276
TOTAL	23	261301331773756	1853752129333
7	273611806631400	0	0
7	273611806631400	1	370721313705
7	273611806631400	2	370721365408
7	273611806631400	3	370721247419
7	273611806631400	4	370721187751
7	273611806631400	5	370721366409
7	273611806631400	6	370721031082
TOTAL	7	273611806631400	2224327511774
8	273611806631400	0	0
8	273611806631400	1	556081420259
8	273611806631400	2	0
8	273611806631400	3	556081970542
8	273611806631400	4	0
8	273611806631400	5	556082147391
8	273611806631400	6	0
8	273611806631400	7	556081973582
TOTAL	8	273611806631400	2224327511774
11	273611806631400	0	0
11	273611806631400	1	222432681832
11	273611806631400	2	222432654017
11	273611806631400	3	222432728548
11	273611806631400	4	222432773067
11	273611806631400	5	222432848064
11	273611806631400	6	222432753735
11	273611806631400	7	222432779009
11	273611806631400	8	222432724217
11	273611806631400	9	222432722807
11	273611806631400	10	222432846478
TOTAL	11	273611806631400	2224327511774
19	273611806631400	0	0
19	273611806631400	1	123573834650
19	273611806631400	2	123573743373
19	273611806631400	3	123573804130
19	273611806631400	4	123573721885
19	273611806631400	5	123573755091
19	273611806631400	6	123573726876
19	273611806631400	7	123573718143
19	273611806631400	8	123573795573
19	273611806631400	9	123573664204
19	273611806631400	10	123573807992
19	273611806631400	11	123573754631
19	273611806631400	12	123573779212
19	273611806631400	13	123573775766
19	273611806631400	14	123573764513
19	273611806631400	15	123573833646
19	273611806631400	16	123573532202
19	273611806631400	17	123573796597
19	273611806631400	18	123573703290
TOTAL	19	273611806631400	2224327511774
23	273611806631400	0	0
23	273611806631400	1	101105782124
23	273611806631400	2	101105563898
23	273611806631400	3	101105859377
23	273611806631400	4	101105772707
23	273611806631400	5	101105787754
23	273611806631400	6	101105760478
23	273611806631400	7	101105761977
23	273611806631400	8	101105709019
23	273611806631400	9	101105906333
23	273611806631400	10	101105859177
23	273611806631400	11	101105914827
23	273611806631400	12	101105766982
23	273611806631400	13	101105827574
23	273611806631400	14	101105740872
23	273611806631400	15	101105882391
23	273611806631400	16	101105734994
23	273611806631400	17	101105830552
23	273611806631400	18	101105752719
23	273611806631400	19	101105776652
23	273611806631400	20	101105840985
23	273611806631400	21	101105838366
23	273611806631400	22	101105842016
TOTAL	23	273611806631400	2224327511774
7	286502254771965	0	0
7	286502254771965	1	435304139487
7	286502254771965	2	435304225700
7	286502254771965	3	435304131755
7	286502254771965	4	435303961966
7	286502254771965	5	435304219027
7	286502254771965	6	435303940554
TOTAL	7	286502254771965	2611824618489
8	286502254771965	0	0
8	286502254771965	1	652955754418
8	286502254771965	2	0
8	286502254771965	3	652956249223
8	286502254771965	4	0
8	286502254771965	5	652956393161
8	286502254771965	6	0
8	286502254771965	7	652956221687
TOTAL	8	286502254771965	2611824618489
11	286502254771965	0	0
11	286502254771965	1	261182318106
11	286502254771965	2	261182310120
11	286502254771965	3	261182509042
11	286502254771965	4	261182434420
11	286502254771965	5	261182573098
11	286502254771965	6	261182557952
11	286502254771965	7	261182473376
11	286502254771965	8	261182462321
11	286502254771965	9	261182364828
11	286502254771965	10	261182615226
TOTAL	11	286502254771965	2611824618489
19	286502254771965	0	0
19	286502254771965	1	145101485364
19	286502254771965	2	145101466437
19	286502254771965	3	145101370613
19	286502254771965	4	145101304980
19	286502254771965	5	145101309059
19	286502254771965	6	145101354815
19	286502254771965	7	145101278677
19	286502254771965	8	145101437626
19	286502254771965	9	145101244117
19	286502254771965	10	145101544179
19	286502254771965	11	145101381893
19	286502254771965	12	145101257399
19	286502254771965	13	145101432411
19	286502254771965	14	145101331312
19	286502254771965	15	145101449569
19	286502254771965	16	145101184941
19	286502254771965	17	145101401741
19	286502254771965	18	145101383356
TOTAL	19	286502254771965	2611824618489
23	286502254771965	0	0
23	286502254771965	1	118719280367
23	286502254771965	2	118719169138
23	286502254771965	3	118719161017
23	286502254771965	4	118719370450
23	286502254771965	5	118719258162
23	286502254771965	6	118719258056
23	286502254771965	7	118719308652
23	286502254771965	8	118719095798
23	286502254771965	9	118719355348
23	286502254771965	10	118719387885
23	286502254771965	11	118719344694
23	286502254771965	12	118719300209
23	286502254771965	13	118719422019
23	286502254771965	14	118719248072
23	286502254771965	15	118719378196
23	286502254771965	16	118719261403
23	286502254771965	17	118719335103
23	286502254771965	18	118719310285
23	286502254771965	19	118719224885
23	286502254771965	20	118719364005
23	286502254771965	21	118719404551
23	286502254771965	22	118719380194
TOTAL	23	286502254771965	2611824618489
7	300000000000000	0	0
7	300000000000000	1	502836144844
7	300000000000000	2	502836190533
7	300000000000000	3	502836302856
7	300000000000000	4	502835864990
7	300000000000000	5	502836320760
7	300000000000000	6	502836124982
TOTAL	7	300000000000000	3017016948965
8	300000000000000	0	0
8	300000000000000	1	754253872347
8	300000000000000	2	0
8	300000000000000	3	754254383542
8	300000000000000	4	0
8	300000000000000	5	754254483509
8	300000000000000	6	0
8	300000000000000	7	754254209567
TOTAL	8	300000000000000	3017016948965
11	300000000000000	0	0
11	300000000000000	1	301701586673
11	300000000000000	2	301701497896
11	300000000000000	3	301701722757
11	300000000000000	4	301701658138
11	300000000000000	5	301701847606
11	300000000000000	6	301701770576
11	300000000000000	7	301701758894
11	300000000000000	8	301701685561
11	300000000000000	9	301701600573
11	300000000000000	10	301701820291
TOTAL	11	300000000000000	3017016948965
19	300000000000000	0	0
19	300000000000000	1	167612216851
19	300000000000000	2	167612095087
19	300000000000000	3	167612045693
19	300000000000000	4	167612064898
19	300000000000000	5	167611949839
19	300000000000000	6	167612043498
19	300000000000000	7	167611947990
19	300000000000000	8	167612159678
19	300000000000000	9	167612018366
19	300000000000000	10	167612215900
19	300000000000000	11	167612092208
19	300000000000000	12	167611950307
19	300000000000000	13	167612090475
19	300000000000000	14	167611941194
19	300000000000000	15	167612107761
19	300000000000000	16	167611900969
19	300000000000000	17	167611959998
19	300000000000000	18	167612148253
TOTAL	19	300000000000000	3017016948965
23	300000000000000	0	0
23	300000000000000	1	137137020938
23	300000000000000	2	137136957454
23	300000000000000	3	137137001680
23	300000000000000	4	137137201730
23	300000000000000	5	137137117478
23	300000000000000	6	137137096567
23	300000000000000	7	137137139333
23	300000000000000	8	137136971543
23	300000000000000	9	137137291328
23	300000000000000	10	137137225574
23	300000000000000	11	137137189228
23	300000000000000	12	137137170454
23	300000000000000	13	137137183441
23	300000000000000	14	137137216620
23	300000000000000	15	137137243825
23	300000000000000	16	137137033971
23	300000000000000	17	137137089292
23	300000000000000	18	137137151888
23	300000000000000	19	137137018486
23	300000000000000	20	137137168537
23	300000000000000	21	137137264952
23	300000000000000	22	137137194646
TOTAL	23	300000000000000	3017016948965
