q	phi	n_nr	rank_minus1	is_max	V_minus1	argmax_m	V_argmax	margin
3	2	1	1	1	0.452916	1	0.452916	inf
7	6	3	1	1	3.731077	3	3.731077	0.726933
11	10	5	1	1	11.545808	5	11.545808	1.505633
19	18	9	1	1	55.396814	9	55.396814	6.474052
23	22	11	1	1	54.558031	11	54.558031	10.393985
31	30	15	1	1	107.312969	15	107.312969	19.815177
43	42	21	1	1	171.329376	21	171.329376	16.902875
47	46	23	1	1	195.923295	23	195.923295	19.041123
59	58	29	1	1	270.718588	29	270.718588	21.312563
67	66	33	1	1	326.101441	33	326.101441	31.996317
71	70	35	1	1	357.548133	35	357.548133	45.013580
79	78	39	1	1	418.485147	39	418.485147	46.925389
83	82	41	1	1	434.066285	41	434.066285	56.960824
103	102	51	1	1	591.097538	51	591.097538	67.874589
107	106	53	1	1	626.393876	53	626.393876	57.985536
127	126	63	1	1	785.239457	63	785.239457	78.607236
131	130	65	1	1	808.205477	65	808.205477	84.180317
139	138	69	1	1	892.517307	69	892.517307	94.348619
151	150	75	1	1	983.597835	75	983.597835	84.541338
163	162	81	1	1	1095.558857	81	1095.558857	95.869430
167	166	83	1	1	1137.320457	83	1137.320457	100.689115
179	178	89	1	1	1219.869645	89	1219.869645	106.096255
191	190	95	1	1	1329.337823	95	1329.337823	148.066453
199	198	99	1	1	1426.218211	99	1426.218211	132.865179
211	210	105	1	1	1542.938074	105	1542.938074	149.445486
223	222	111	1	1	1642.971428	111	1642.971428	123.395426
227	226	113	1	1	1689.084021	113	1689.084021	153.534152
239	238	119	1	1	1779.957367	119	1779.957367	203.492866
251	250	125	1	1	1895.256995	125	1895.256995	171.070788
263	262	131	1	1	2020.835786	131	2020.835786	186.629920
271	270	135	1	1	2103.782405	135	2103.782405	170.364815
283	282	141	1	1	2213.659509	141	2213.659509	175.550689
307	306	153	1	1	2454.182271	153	2454.182271	196.564189
311	310	155	1	1	2481.937467	155	2481.937467	278.303673
331	330	165	1	1	2703.212900	165	2703.212900	220.704444
347	346	173	1	1	2850.251577	173	2850.251577	223.788554
359	358	179	1	1	2972.625202	179	2972.625202	290.493470
367	366	183	1	1	3065.535288	183	3065.535288	240.687888
379	378	189	1	1	3205.454519	189	3205.454519	254.101892
383	382	191	1	1	3239.709183	191	3239.709183	282.332510
419	418	209	1	1	3600.513980	209	3600.513980	274.227076
431	430	215	1	1	3729.737310	215	3729.737310	352.027483
439	438	219	1	1	3843.398057	219	3843.398057	271.535370
443	442	221	1	1	3843.677531	221	3843.677531	299.096782
463	462	231	1	1	4081.966134	231	4081.966134	293.178124
467	466	233	1	1	4129.503102	233	4129.503102	325.292263
479	478	239	1	1	4246.797627	239	4246.797627	465.846841
487	486	243	1	1	4334.310332	243	4334.310332	305.690227
491	490	245	1	1	4371.976025	245	4371.976025	339.695171
499	498	249	1	1	4483.595351	249	4483.595351	333.150297
503	502	251	1	1	4508.912494	251	4508.912494	360.958461
523	522	261	1	1	4736.740488	261	4736.740488	320.863083
547	546	273	1	1	5022.389082	273	5022.389082	366.484836
563	562	281	1	1	5187.297234	281	5187.297234	399.101088
571	570	285	1	1	5272.662385	285	5272.662385	365.043766
587	586	293	1	1	5467.450865	293	5467.450865	401.340345
599	598	299	1	1	5591.465232	299	5591.465232	498.212911
607	606	303	1	1	5689.549313	303	5689.549313	391.010536
619	618	309	1	1	5830.164822	309	5830.164822	418.763248
631	630	315	1	1	5944.148113	315	5944.148113	387.140359
643	642	321	1	1	6090.523025	321	6090.523025	405.940734
647	646	323	1	1	6144.646952	323	6144.646952	478.911442
659	658	329	1	1	6255.791345	329	6255.791345	434.585489
683	682	341	1	1	6547.164360	341	6547.164360	471.447321
691	690	345	1	1	6661.562689	345	6661.562689	444.625802
719	718	359	1	1	6963.518232	359	6963.518232	668.315827
727	726	363	1	1	7064.397028	363	7064.397028	480.173392
739	738	369	1	1	7201.713562	369	7201.713562	472.525583
743	742	371	1	1	7254.517370	371	7254.517370	559.242578
751	750	375	1	1	7347.551999	375	7347.551999	487.568970
787	786	393	1	1	7777.827651	393	7777.827651	509.652851
811	810	405	1	1	8074.254212	405	8074.254212	522.565626
823	822	411	1	1	8207.068339	411	8207.068339	539.673068
827	826	413	1	1	8262.491824	413	8262.491824	561.058544
839	838	419	1	1	8403.432431	419	8403.432431	791.842447
859	858	429	1	1	8646.671116	429	8646.671116	562.696556
863	862	431	1	1	8682.526404	431	8682.526404	628.264478
883	882	441	1	1	8919.676577	441	8919.676577	579.634999
887	886	443	1	1	8978.630896	443	8978.630896	656.213681
907	906	453	1	1	9227.727062	453	9227.727062	596.220103
911	910	455	1	1	9265.349400	455	9265.349400	758.696163
919	918	459	1	1	9363.542853	459	9363.542853	583.110114
947	946	473	1	1	9693.806999	473	9693.806999	641.988426
967	966	483	1	1	9973.935574	483	9973.935574	644.370107
971	970	485	1	1	9998.176571	485	9998.176571	665.736045
983	982	491	1	1	10167.834970	491	10167.834970	734.199186
991	990	495	1	1	10256.956844	495	10256.956844	627.171245
1019	1018	509	1	1	10591.400406	509	10591.400406	692.919363
1031	1030	515	1	1	10730.214841	515	10730.214841	839.989377
1039	1038	519	1	1	10841.065083	519	10841.065083	669.236777
1051	1050	525	1	1	10999.576533	525	10999.576533	659.082952
1063	1062	531	1	1	11119.109445	531	11119.109445	662.605666
1087	1086	543	1	1	11443.866074	543	11443.866074	714.447628
1091	1090	545	1	1	11497.595207	545	11497.595207	739.856945
1103	1102	551	1	1	11623.150641	551	11623.150641	817.036695
1123	1122	561	1	1	11892.908527	561	11892.908527	732.587518
1151	1150	575	1	1	12243.096999	575	12243.096999	1143.472230
1163	1162	581	1	1	12420.064637	581	12420.064637	810.189732
1171	1170	585	1	1	12515.332524	585	12515.332524	776.672942
1187	1186	593	1	1	12712.544703	593	12712.544703	824.784174
1223	1222	611	1	1	13144.975527	611	13144.975527	903.443564
1231	1230	615	1	1	13266.436748	615	13266.436748	783.181065
1259	1258	629	1	1	13634.170486	629	13634.170486	861.316182
1279	1278	639	1	1	13897.738983	639	13897.738983	832.003778
1283	1282	641	1	1	13926.846175	641	13926.846175	874.843851
1291	1290	645	1	1	14034.332641	645	14034.332641	836.392165
1303	1302	651	1	1	14199.633888	651	14199.633888	844.020680
1307	1306	653	1	1	14256.354191	653	14256.354191	907.998709
1319	1318	659	1	1	14399.792814	659	14399.792814	1298.097569
1327	1326	663	1	1	14492.530028	663	14492.530028	860.869452
1367	1366	683	1	1	15015.373633	683	15015.373633	985.299558
1399	1398	699	1	1	15459.436275	699	15459.436275	920.635625
1423	1422	711	1	1	15737.623702	711	15737.623702	938.923562
1427	1426	713	1	1	15796.328987	713	15796.328987	952.578391
1439	1438	719	1	1	15945.543593	719	15945.543593	1181.956602
1447	1446	723	1	1	16068.875778	723	16068.875778	929.282340
1451	1450	725	1	1	16090.675066	725	16090.675066	983.881529
1459	1458	729	1	1	16239.669563	729	16239.669563	971.456538
1471	1470	735	1	1	16375.640148	735	16375.640148	953.131463
1483	1482	741	1	1	16539.087646	741	16539.087646	957.906264
1487	1486	743	1	1	16583.908073	743	16583.908073	1097.240467
1499	1498	749	1	1	16729.249335	749	16729.249335	1033.382804
1511	1510	755	1	1	16900.627907	755	16900.627907	1440.932730
1523	1522	761	1	1	17078.382878	761	17078.382878	1059.760299
1531	1530	765	1	1	17183.705457	765	17183.705457	992.644827
1543	1542	771	1	1	17337.844211	771	17337.844211	1010.595239
1559	1558	779	1	1	17523.448355	779	17523.448355	1639.787049
1567	1566	783	1	1	17635.350529	783	17635.350529	1011.835296
1571	1570	785	1	1	17698.582376	785	17698.582376	1073.119961
1579	1578	789	1	1	17801.255001	789	17801.255001	1022.742604
1583	1582	791	1	1	17850.927307	791	17850.927307	1171.760702
1607	1606	803	1	1	18187.935100	803	18187.935100	1169.823779
1619	1618	809	1	1	18339.403659	809	18339.403659	1116.307921
1627	1626	813	1	1	18463.849874	813	18463.849874	1063.761813
1663	1662	831	1	1	18910.395233	831	18910.395233	1048.672894
1667	1666	833	1	1	18969.993784	833	18969.993784	1123.176838
1699	1698	849	1	1	19417.211277	849	19417.211277	1115.465135
1723	1722	861	1	1	19739.941800	861	19739.941800	1130.663317
1747	1746	873	1	1	20056.048632	873	20056.048632	1141.351163
1759	1758	879	1	1	20241.159586	879	20241.159586	1157.928073
1783	1782	891	1	1	20533.325591	891	20533.325591	1159.796478
1787	1786	893	1	1	20595.909646	893	20595.909646	1217.702840
1811	1810	905	1	1	20904.866306	905	20904.866306	1262.927000
1823	1822	911	1	1	21087.056008	911	21087.056008	1340.844310
1831	1830	915	1	1	21188.003249	915	21188.003249	1197.210287
1847	1846	923	1	1	21402.529786	923	21402.529786	1324.032279
1867	1866	933	1	1	21699.480593	933	21699.480593	1235.663040
1871	1870	935	1	1	21727.193790	935	21727.193790	1549.023447
1879	1878	939	1	1	21848.663883	939	21848.663883	1216.272226
1907	1906	953	1	1	22224.586874	953	22224.586874	1311.121126
1931	1930	965	1	1	22545.041525	965	22545.041525	1328.040588
1951	1950	975	1	1	22833.459493	975	22833.459493	1251.670932
1979	1978	989	1	1	23223.360020	989	23223.360020	1356.891753
1987	1986	993	1	1	23306.851065	993	23306.851065	1293.550424
1999	1998	999	1	1	23490.699108	999	23490.699108	1294.997122
2003	2002	1001	1	1	23535.744183	1001	23535.744183	1388.628185
2011	2010	1005	1	1	23671.398531	1005	23671.398531	1327.778590
2027	2026	1013	1	1	23874.587671	1013	23874.587671	1385.971796
2039	2038	1019	1	1	24025.578936	1019	24025.578936	1678.120693
2063	2062	1031	1	1	24358.673594	1031	24358.673594	1520.211503
2083	2082	1041	1	1	24655.825170	1041	24655.825170	1368.236182
2087	2086	1043	1	1	24707.086328	1043	24707.086328	1536.553363
2099	2098	1049	1	1	24857.223323	1049	24857.223323	1452.142851
2111	2110	1055	1	1	25045.818394	1055	25045.818394	1746.696988
2131	2130	1065	1	1	25340.014851	1065	25340.014851	1397.049786
2143	2142	1071	1	1	25471.293746	1071	25471.293746	1368.236723
2179	2178	1089	1	1	26003.849830	1089	26003.849830	1413.561745
2203	2202	1101	1	1	26320.853691	1101	26320.853691	1444.149806
2207	2206	1103	1	1	26375.916048	1103	26375.916048	1599.381444
2239	2238	1119	1	1	26825.252349	1119	26825.252349	1437.719556
2243	2242	1121	1	1	26891.926733	1121	26891.926733	1565.868166
2251	2250	1125	1	1	26979.465890	1125	26979.465890	1466.560165
2267	2266	1133	1	1	27221.302627	1133	27221.302627	1560.062099
2287	2286	1143	1	1	27485.300750	1143	27485.300750	1493.432485
2311	2310	1155	1	1	27846.803305	1155	27846.803305	1523.776737
2339	2338	1169	1	1	28208.050230	1169	28208.050230	1605.992659
2347	2346	1173	1	1	28336.767650	1173	28336.767650	1530.171987
2351	2350	1175	1	1	28388.652205	1175	28388.652205	2334.191609
2371	2370	1185	1	1	28678.622354	1185	28678.622354	1550.001743
2383	2382	1191	1	1	28826.567032	1191	28826.567032	1551.878818
2399	2398	1199	1	1	29039.432596	1199	29039.432596	2266.771058
2411	2410	1205	1	1	29242.534437	1205	29242.534437	1670.808853
2423	2422	1211	1	1	29419.618276	1211	29419.618276	1797.489614
2447	2446	1223	1	1	29750.529499	1223	29750.529499	1823.399806
2459	2458	1229	1	1	29907.402365	1229	29907.402365	1704.017522
2467	2466	1233	1	1	30051.738117	1233	30051.738117	1615.842024
2503	2502	1251	1	1	30551.011963	1251	30551.011963	1609.284010
2531	2530	1265	1	1	30934.717048	1265	30934.717048	1745.060836
2543	2542	1271	1	1	31084.965607	1271	31084.965607	1875.482000
2539	2538	1269	1	1	31072.090780	1269	31072.090780	1647.202898
2551	2550	1275	1	1	31236.512454	1275	31236.512454	1676.413133
2579	2578	1289	1	1	31629.504768	1289	31629.504768	1795.466680
2591	2590	1295	1	1	31793.566397	1295	31793.566397	2128.780440
2647	2646	1323	1	1	32593.058072	1323	32593.058072	1719.934339
2659	2658	1329	1	1	32768.915425	1329	32768.915425	1735.779577
2663	2662	1331	1	1	32827.990750	1331	32827.990750	1962.463673
2671	2670	1335	1	1	32934.812587	1335	32934.812587	1738.107283
2683	2682	1341	1	1	33106.099763	1341	33106.099763	1732.618984
2687	2686	1343	1	1	33164.950491	1343	33164.950491	1971.864788
2699	2698	1349	1	1	33325.734468	1349	33325.734468	1859.547876
2707	2706	1353	1	1	33471.867508	1353	33471.867508	1765.667398
2711	2710	1355	1	1	33508.521216	1355	33508.521216	2250.390329
2719	2718	1359	1	1	33645.295572	1359	33645.295572	1781.980395
2731	2730	1365	1	1	33807.454424	1365	33807.454424	1779.360462
2767	2766	1383	1	1	34307.974311	1383	34307.974311	1810.418546
2791	2790	1395	1	1	34667.214047	1395	34667.214047	1816.588259
2803	2802	1401	1	1	34819.878490	1401	34819.878490	1832.676857
2819	2818	1409	1	1	35057.692882	1409	35057.692882	1944.508255
2843	2842	1421	1	1	35418.671880	1421	35418.671880	1965.662296
2851	2850	1425	1	1	35538.704401	1425	35538.704401	1847.418361
2879	2878	1439	1	1	35942.270884	1439	35942.270884	2382.461939
2887	2886	1443	1	1	36047.063459	1443	36047.063459	1878.751199
2903	2902	1451	1	1	36266.708140	1451	36266.708140	2152.822848
2927	2926	1463	1	1	36624.593462	1463	36624.593462	2134.631000
2939	2938	1469	1	1	36798.354553	1469	36798.354553	2026.240057
2963	2962	1481	1	1	37146.461361	1481	37146.461361	2053.663498
2971	2970	1485	1	1	37271.797490	1485	37271.797490	1942.713764
2999	2998	1499	1	1	37673.186908	1499	37673.186908	3155.222423
3011	3010	1505	1	1	37869.233237	1505	37869.233237	2085.066390
3019	3018	1509	1	1	37985.038344	1509	37985.038344	1989.260832
3023	3022	1511	1	1	38010.364645	1511	38010.364645	2229.102367
3067	3066	1533	1	1	38691.035802	1533	38691.035802	2024.701867
3079	3078	1539	1	1	38858.425723	1539	38858.425723	1989.959845
3083	3082	1541	1	1	38907.504541	1541	38907.504541	2135.313798
3119	3118	1559	1	1	39435.882669	1559	39435.882669	2584.649663
3163	3162	1581	1	1	40069.087150	1581	40069.087150	2063.020184
3167	3166	1583	1	1	40149.405880	1583	40149.405880	2358.977146
3187	3186	1593	1	1	40451.068432	1593	40451.068432	2103.330451
3191	3190	1595	1	1	40496.664559	1595	40496.664559	3027.730817
3203	3202	1601	1	1	40662.387680	1601	40662.387680	2217.772210
3251	3250	1625	1	1	41373.291513	1625	41373.291513	2224.538247
3259	3258	1629	1	1	41488.324977	1629	41488.324977	2124.380876
3271	3270	1635	1	1	41669.222222	1635	41669.222222	2130.514478
3299	3298	1649	1	1	42067.273590	1649	42067.273590	2278.724937
3307	3306	1653	1	1	42186.118632	1653	42186.118632	2149.888269
3319	3318	1659	1	1	42393.066342	1659	42393.066342	2173.862163
3323	3322	1661	1	1	42442.668834	1661	42442.668834	2315.109736
3331	3330	1665	1	1	42585.667675	1665	42585.667675	2181.472388
3343	3342	1671	1	1	42729.755497	1671	42729.755497	2169.646489
3347	3346	1673	1	1	42787.239457	1673	42787.239457	2306.335455
3359	3358	1679	1	1	42949.622517	1679	42949.622517	3183.342996
3371	3370	1685	1	1	43139.831362	1685	43139.831362	2307.831218
3391	3390	1695	1	1	43452.125497	1695	43452.125497	2224.236756
3407	3406	1703	1	1	43677.851131	1703	43677.851131	2535.885662
3463	3462	1731	1	1	44506.721362	1731	44506.721362	2235.595842
3467	3466	1733	1	1	44566.962962	1733	44566.962962	2387.501631
3491	3490	1745	1	1	44907.070169	1745	44907.070169	2409.232775
3499	3498	1749	1	1	45050.824866	1749	45050.824866	2264.347931
3511	3510	1755	1	1	45221.788606	1755	45221.788606	2281.339413
3527	3526	1763	1	1	45463.227070	1763	45463.227070	2627.588608
3539	3538	1769	1	1	45617.005200	1769	45617.005200	2420.605456
3547	3546	1773	1	1	45749.851941	1773	45749.851941	2313.081888
3559	3558	1779	1	1	45922.555322	1779	45922.555322	2299.392487
3571	3570	1785	1	1	46116.070434	1785	46116.070434	2308.250563
3583	3582	1791	1	1	46288.782724	1791	46288.782724	2316.976489
3607	3606	1803	1	1	46671.554781	1803	46671.554781	2366.097782
3623	3622	1811	1	1	46876.087536	1811	46876.087536	2688.144245
3631	3630	1815	1	1	47014.652699	1815	47014.652699	2375.061000
3643	3642	1821	1	1	47181.438885	1821	47181.438885	2379.478839
3659	3658	1829	1	1	47432.375353	1829	47432.375353	2527.496946
3671	3670	1835	1	1	47614.786343	1835	47614.786343	3643.936285
3691	3690	1845	1	1	47906.591758	1845	47906.591758	2409.491403
3719	3718	1859	1	1	48318.129528	1859	48318.129528	3083.414693
3727	3726	1863	1	1	48446.354094	1863	48446.354094	2417.319905
3739	3738	1869	1	1	48652.437446	1869	48652.437446	2457.779008
3767	3766	1883	1	1	49039.853174	1883	49039.853174	2778.896630
3779	3778	1889	1	1	49205.110476	1889	49205.110476	2603.523982
3803	3802	1901	1	1	49577.065556	1901	49577.065556	2629.283453
3823	3822	1911	1	1	49894.927950	1911	49894.927950	2476.032959
3847	3846	1923	1	1	50256.190155	1923	50256.190155	2509.046723
3851	3850	1925	1	1	50295.302408	1925	50295.302408	2652.462727
3863	3862	1931	1	1	50483.958613	1931	50483.958613	2869.511239
3907	3906	1953	1	1	51147.199242	1953	51147.199242	2538.927543
3911	3910	1955	1	1	51207.767611	1955	51207.767611	3878.484656
3919	3918	1959	1	1	51332.573182	1959	51332.573182	2544.827631
3923	3922	1961	1	1	51403.310631	1961	51403.310631	2721.380907
3931	3930	1965	1	1	51522.347780	1965	51522.347780	2538.720171
3943	3942	1971	1	1	51695.887319	1971	51695.887319	2575.941642
3947	3946	1973	1	1	51771.204466	1973	51771.204466	2744.560734
3967	3966	1983	1	1	52086.085244	1983	52086.085244	2606.803833
4003	4002	2001	1	1	52604.496616	2001	52604.496616	2598.873549
4007	4006	2003	1	1	52650.115576	2003	52650.115576	2969.538884
4019	4018	2009	1	1	52844.775859	2009	52844.775859	2767.311273
4027	4026	2013	1	1	52987.463573	2013	52987.463573	2635.372580
4051	4050	2025	1	1	53360.333895	2025	53360.333895	2669.586504
4079	4078	2039	1	1	53769.320886	2039	53769.320886	3875.050424
4091	4090	2045	1	1	53952.864668	2045	53952.864668	2825.135821
4099	4098	2049	1	1	54062.320657	2049	54062.320657	2678.675746
4111	4110	2055	1	1	54266.115943	2055	54266.115943	2677.858758
4127	4126	2063	1	1	54493.897116	2063	54493.897116	3061.754554
4139	4138	2069	1	1	54664.534896	2069	54664.534896	2870.686978
4159	4158	2079	1	1	55002.076797	2079	55002.076797	2742.809181
4211	4210	2105	1	1	55765.097345	2105	55765.097345	2915.257778
4219	4218	2109	1	1	55902.626873	2109	55902.626873	2752.419268
4231	4230	2115	1	1	56091.174329	2115	56091.174329	2776.294378
4243	4242	2121	1	1	56267.053532	2121	56267.053532	2771.789464
4259	4258	2129	1	1	56500.730146	2129	56500.730146	2922.600802
4271	4270	2135	1	1	56669.414180	2135	56669.414180	3536.042375
4283	4282	2141	1	1	56873.947812	2141	56873.947812	2967.857349
4327	4326	2163	1	1	57532.772056	2163	57532.772056	2826.320718
4339	4338	2169	1	1	57733.990272	2169	57733.990272	2834.732330
4363	4362	2181	1	1	58095.757269	2181	58095.757269	2830.494202
4391	4390	2195	1	1	58489.943851	2195	58489.943851	3647.930492
4423	4422	2211	1	1	59003.041953	2211	59003.041953	2876.622149
4447	4446	2223	1	1	59385.119286	2223	59385.119286	2921.947243
4451	4450	2225	1	1	59443.949004	2225	59443.949004	3079.585768
4463	4462	2231	1	1	59635.264033	2231	59635.264033	3316.937018
4483	4482	2241	1	1	59943.690907	2241	59943.690907	2924.797763
4507	4506	2253	1	1	60324.230686	2253	60324.230686	2966.441666
4519	4518	2259	1	1	60477.554794	2259	60477.554794	2944.222475
4523	4522	2261	1	1	60543.075388	2261	60543.075388	3122.183614
4547	4546	2273	1	1	60916.898123	2273	60916.898123	3136.764030
4567	4566	2283	1	1	61228.258009	2283	61228.258009	2984.505310
4583	4582	2291	1	1	61480.461214	2291	61480.461214	3391.329616
4591	4590	2295	1	1	61613.870916	2295	61613.870916	2986.842491
4603	4602	2301	1	1	61778.617056	2301	61778.617056	2998.904618
4639	4638	2319	1	1	62354.715967	2319	62354.715967	3039.007249
4643	4642	2321	1	1	62394.210964	2321	62394.210964	3212.967659
4651	4650	2325	1	1	62514.349251	2325	62514.349251	3040.505611
4663	4662	2331	1	1	62706.359313	2331	62706.359313	3018.671299
4679	4678	2339	1	1	62945.530691	2339	62945.530691	4444.061587
4691	4690	2345	1	1	63140.417014	2345	63140.417014	3249.256044
4703	4702	2351	1	1	63313.825348	2351	63313.825348	3480.371357
4723	4722	2361	1	1	63641.432102	2361	63641.432102	3086.863384
4751	4750	2375	1	1	64067.289718	2375	64067.289718	4705.902103
4759	4758	2379	1	1	64182.864444	2379	64182.864444	3102.169645
4783	4782	2391	1	1	64568.544087	2391	64568.544087	3129.196689
4787	4786	2393	1	1	64624.075619	2393	64624.075619	3298.353664
4799	4798	2399	1	1	64820.433441	2399	64820.433441	3989.316077
4831	4830	2415	1	1	65317.805245	2415	65317.805245	3145.441962
4871	4870	2435	1	1	65923.370738	2435	65923.370738	4610.728260
4903	4902	2451	1	1	66423.284268	2451	66423.284268	3199.294786
4919	4918	2459	1	1	66650.607125	2459	66650.607125	4855.410934
4931	4930	2465	1	1	66852.642653	2465	66852.642653	3391.789094
4943	4942	2471	1	1	67035.087447	2471	67035.087447	3663.394951
4951	4950	2475	1	1	67198.743800	2475	67198.743800	3234.383033
4967	4966	2483	1	1	67424.814535	2483	67424.814535	3661.918187
4987	4986	2493	1	1	67740.631637	2493	67740.631637	3276.106850
4999	4998	2499	1	1	67899.226583	2499	67899.226583	3255.674378
5003	5002	2501	1	1	67972.100369	2501	67972.100369	3475.584480
5011	5010	2505	1	1	68103.585918	2505	68103.585918	3274.916781
5023	5022	2511	1	1	68295.991124	2511	68295.991124	3289.832529
5039	5038	2519	1	1	68522.588242	2519	68522.588242	4783.842121
5051	5050	2525	1	1	68712.173374	2525	68712.173374	3494.847230
5059	5058	2529	1	1	68859.900530	2529	68859.900530	3276.146246
5087	5086	2543	1	1	69300.259799	2543	69300.259799	3778.755671
5099	5098	2549	1	1	69493.972656	2549	69493.972656	3504.649146
5107	5106	2553	1	1	69600.392136	2553	69600.392136	3321.747219
5119	5118	2559	1	1	69790.969629	2559	69790.969629	3314.326937
5147	5146	2573	1	1	70244.333846	2573	70244.333846	3566.336397
5167	5166	2583	1	1	70574.675334	2583	70574.675334	3383.573191
5171	5170	2585	1	1	70586.884448	2585	70586.884448	3566.298803
5179	5178	2589	1	1	70736.611052	2589	70736.611052	3389.552126
5227	5226	2613	1	1	71516.729300	2613	71516.729300	3423.486275
5231	5230	2615	1	1	71515.966486	2615	71515.966486	4335.383916
5279	5278	2639	1	1	72288.753119	2639	72288.753119	4375.723163
5303	5302	2651	1	1	72675.775869	2651	72675.775869	3948.571852
5323	5322	2661	1	1	72997.432780	2661	72997.432780	3470.887376
5347	5346	2673	1	1	73369.340563	2673	73369.340563	3488.506838
5351	5350	2675	1	1	73430.767838	2675	73430.767838	5074.791686
5387	5386	2693	1	1	73995.895473	2693	73995.895473	3719.321145
5399	5398	2699	1	1	74173.389396	2699	74173.389396	4474.418528
5407	5406	2703	1	1	74314.576560	2703	74314.576560	3533.973076
5419	5418	2709	1	1	74528.472555	2709	74528.472555	3537.200852
5431	5430	2715	1	1	74698.609344	2715	74698.609344	3562.080489
5443	5442	2721	1	1	74875.892751	2721	74875.892751	3555.243875
5471	5470	2735	1	1	75338.072314	2735	75338.072314	4536.164357
5479	5478	2739	1	1	75472.796817	2739	75472.796817	3599.996393
5483	5482	2741	1	1	75517.043215	2741	75517.043215	3799.399719
5503	5502	2751	1	1	75825.667208	2751	75825.667208	3604.163383
5507	5506	2753	1	1	75903.743344	2753	75903.743344	3829.846425
5519	5518	2759	1	1	76083.151571	2759	76083.151571	5470.567355
5527	5526	2763	1	1	76204.489071	2763	76204.489071	3594.857062
5531	5530	2765	1	1	76268.735610	2765	76268.735610	3828.019614
5563	5562	2781	1	1	76776.137467	2781	76776.137467	3605.660858
5591	5590	2795	1	1	77215.315638	2795	77215.315638	5308.677717
5623	5622	2811	1	1	77723.801623	2811	77723.801623	3680.573105
5639	5638	2819	1	1	77959.800876	2819	77959.800876	4675.041710
5647	5646	2823	1	1	78113.530204	2823	78113.530204	3693.792960
5651	5650	2825	1	1	78173.138976	2825	78173.138976	3895.493033
5659	5658	2829	1	1	78298.545672	2829	78298.545672	3689.933799
5683	5682	2841	1	1	78683.669037	2841	78683.669037	3707.156084
5711	5710	2855	1	1	79104.437133	2855	79104.437133	6120.736362
5743	5742	2871	1	1	79629.885596	2871	79629.885596	3753.095693
5779	5778	2889	1	1	80191.031802	2889	80191.031802	3754.335576
5783	5782	2891	1	1	80269.424044	2891	80269.424044	4297.105296
5791	5790	2895	1	1	80385.204074	2895	80385.204074	3779.797410
5807	5806	2903	1	1	80635.409774	2903	80635.409774	4314.946409
5827	5826	2913	1	1	80964.826349	2913	80964.826349	3799.077064
5839	5838	2919	1	1	81163.662565	2919	81163.662565	3818.560196
5843	5842	2921	1	1	81220.844488	2921	81220.844488	4060.516192
5851	5850	2925	1	1	81357.797769	2925	81357.797769	3848.359421
5867	5866	2933	1	1	81596.877278	2933	81596.877278	4049.039197
5879	5878	2939	1	1	81790.673152	2939	81790.673152	5513.129161
5903	5902	2951	1	1	82150.772535	2951	82150.772535	4382.143034
5923	5922	2961	1	1	82495.339787	2961	82495.339787	3866.795494
5927	5926	2963	1	1	82548.815130	2963	82548.815130	4354.483898
5939	5938	2969	1	1	82738.528924	2969	82738.528924	4107.356488
5987	5986	2993	1	1	83513.554719	2993	83513.554719	4152.217959
6007	6006	3003	1	1	83816.066044	3003	83816.066044	3929.419503
6011	6010	3005	1	1	83893.884559	3005	83893.884559	4166.001492
6043	6042	3021	1	1	84401.292072	3021	84401.292072	3941.106479
6047	6046	3023	1	1	84467.949311	3023	84467.949311	4487.251074
6067	6066	3033	1	1	84776.677919	3033	84776.677919	3959.727533
6079	6078	3039	1	1	84990.384900	3039	84990.384900	3992.254050
6091	6090	3045	1	1	85173.491604	3045	85173.491604	3978.264770
6131	6130	3065	1	1	85781.997092	3065	85781.997092	4226.977811
6143	6142	3071	1	1	86021.579358	3071	86021.579358	4561.516599
6151	6150	3075	1	1	86154.039517	3075	86154.039517	4040.482315
6163	6162	3081	1	1	86314.445235	3081	86314.445235	4020.025087
6199	6198	3099	1	1	86890.506213	3099	86890.506213	4013.089190
6203	6202	3101	1	1	86970.388629	3101	86970.388629	4300.875652
6211	6210	3105	1	1	87104.659607	3105	87104.659607	4077.220259
6247	6246	3123	1	1	87648.555291	3123	87648.555291	4068.638580
6263	6262	3131	1	1	87893.794006	3131	87893.794006	4638.550889
6271	6270	3135	1	1	88073.093185	3135	88073.093185	4116.333232
6287	6286	3143	1	1	88320.177679	3143	88320.177679	4670.214097
6299	6298	3149	1	1	88505.387813	3149	88505.387813	4342.611160
6311	6310	3155	1	1	88708.498033	3155	88708.498033	5248.948145
6323	6322	3161	1	1	88866.458888	3161	88866.458888	4375.999846
6343	6342	3171	1	1	89202.117924	3171	89202.117924	4118.288452
6359	6358	3179	1	1	89473.433683	3179	89473.433683	6043.011131
6367	6366	3183	1	1	89588.913347	3183	89588.913347	4163.738403
6379	6378	3189	1	1	89818.350332	3189	89818.350332	4166.829980
6427	6426	3213	1	1	90587.112543	3213	90587.112543	4228.282882
6451	6450	3225	1	1	90947.207966	3225	90947.207966	4214.859377
6491	6490	3245	1	1	91565.325441	3245	91565.325441	4493.739840
6547	6546	3273	1	1	92499.455200	3273	92499.455200	4289.025875
6551	6550	3275	1	1	92552.800001	3275	92552.800001	6900.521688
6563	6562	3281	1	1	92750.680323	3281	92750.680323	4552.396085
6571	6570	3285	1	1	92883.361613	3285	92883.361613	4296.991910
6599	6598	3299	1	1	93334.575559	3299	93334.575559	6539.454620
6607	6606	3303	1	1	93462.651510	3303	93462.651510	4303.411724
6619	6618	3309	1	1	93660.977712	3309	93660.977712	4317.586290
6659	6658	3329	1	1	94311.299901	3329	94311.299901	4597.833148
6679	6678	3339	1	1	94606.746076	3339	94606.746076	4366.880346
6691	6690	3345	1	1	94838.395327	3345	94838.395327	4400.482206
6703	6702	3351	1	1	95013.916639	3351	95013.916639	4380.734430
6719	6718	3359	1	1	95278.221859	3359	95278.221859	6391.133544
6763	6762	3381	1	1	95983.221283	3381	95983.221283	4422.415913
6779	6778	3389	1	1	96244.351273	3389	96244.351273	4672.247087
6791	6790	3395	1	1	96439.964689	3395	96439.964689	5601.549957
6803	6802	3401	1	1	96630.646089	3401	96630.646089	4711.165816
6823	6822	3411	1	1	96951.136650	3411	96951.136650	4427.111381
6827	6826	3413	1	1	97026.030809	3413	97026.030809	4707.377660
6863	6862	3431	1	1	97609.725027	3431	97609.725027	5093.450670
6871	6870	3435	1	1	97715.245582	3435	97715.245582	4480.893105
6883	6882	3441	1	1	97924.409622	3441	97924.409622	4498.726704
6899	6898	3449	1	1	98170.545929	3449	98170.545929	4785.727521
6907	6906	3453	1	1	98321.893284	3453	98321.893284	4508.389129
6911	6910	3455	1	1	98381.134460	3455	98381.134460	5725.594778
6947	6946	3473	1	1	98969.666848	3473	98969.666848	4797.818962
6959	6958	3479	1	1	99158.213063	3479	99158.213063	5768.895537
6967	6966	3483	1	1	99314.012607	3483	99314.012607	4573.449754
6971	6970	3485	1	1	99365.596756	3485	99365.596756	4821.321471
6983	6982	3491	1	1	99545.189102	3491	99545.189102	5176.303160
6991	6990	3495	1	1	99680.811674	3495	99680.811674	4568.342737
7019	7018	3509	1	1	100138.375019	3509	100138.375019	4848.872461
7027	7026	3513	1	1	100251.676953	3513	100251.676953	4577.914505
7039	7038	3519	1	1	100473.622926	3519	100473.622926	4600.241823
7043	7042	3521	1	1	100524.560017	3521	100524.560017	4885.187982
7079	7078	3539	1	1	101101.724407	3539	101101.724407	5885.266845
7103	7102	3551	1	1	101488.017103	3551	101488.017103	5277.175861
7127	7126	3563	1	1	101898.968334	3563	101898.968334	5244.765468
7151	7150	3575	1	1	102281.643287	3575	102281.643287	5937.797608
7159	7158	3579	1	1	102431.115430	3579	102431.115430	4674.902372
7187	7186	3593	1	1	102877.376636	3593	102877.376636	4959.747969
7207	7206	3603	1	1	103191.971122	3603	103191.971122	4701.590425
7211	7210	3605	1	1	103255.954941	3605	103255.954941	4991.906606
7219	7218	3609	1	1	103431.905421	3609	103431.905421	4721.291032
7247	7246	3623	1	1	103854.698663	3623	103854.698663	5371.689705
7243	7242	3621	1	1	103800.032804	3621	103800.032804	4732.614367
7283	7282	3641	1	1	104448.277991	3641	104448.277991	5040.245217
7307	7306	3653	1	1	104834.224529	3653	104834.224529	5044.545251
7331	7330	3665	1	1	105223.908132	3665	105223.908132	5064.652499
7351	7350	3675	1	1	105563.040294	3675	105563.040294	4803.931413
7411	7410	3705	1	1	106555.971900	3705	106555.971900	4854.658631
7451	7450	3725	1	1	107201.005744	3725	107201.005744	5165.656445
7459	7458	3729	1	1	107327.024962	3729	107327.024962	4849.749722
7487	7486	3743	1	1	107796.938897	3743	107796.938897	5565.275055
7499	7498	3749	1	1	107979.344387	3749	107979.344387	5197.805197
7507	7506	3753	1	1	108119.671836	3753	108119.671836	4914.697980
7523	7522	3761	1	1	108377.500018	3761	108377.500018	5216.556407
7559	7558	3779	1	1	108967.476897	3779	108967.476897	7391.997847
7547	7546	3773	1	1	108788.843194	3773	108788.843194	5212.628777
7583	7582	3791	1	1	109360.000702	3791	109360.000702	5623.888464
7591	7590	3795	1	1	109497.601898	3795	109497.601898	4957.320726
7603	7602	3801	1	1	109683.539159	3801	109683.539159	4976.962605
7607	7606	3803	1	1	109777.381669	3803	109777.381669	5656.797460
7639	7638	3819	1	1	110297.081449	3819	110297.081449	5015.369120
7643	7642	3821	1	1	110326.988501	3821	110326.988501	5296.882119
7687	7686	3843	1	1	111086.206499	3843	111086.206499	5030.041625
7691	7690	3845	1	1	111115.032437	3845	111115.032437	5334.449036
7699	7698	3849	1	1	111266.973174	3849	111266.973174	5026.729866
7703	7702	3851	1	1	111321.027829	3851	111321.027829	5710.414838
7723	7722	3861	1	1	111664.222443	3861	111664.222443	5054.669519
7727	7726	3863	1	1	111733.670147	3863	111733.670147	5744.094542
7759	7758	3879	1	1	112251.245598	3879	112251.245598	5062.459944
7823	7822	3911	1	1	113297.090957	3911	113297.090957	5799.043132
7867	7866	3933	1	1	114042.876112	3933	114042.876112	5147.054899
7879	7878	3939	1	1	114223.653841	3939	114223.653841	5142.091296
7883	7882	3941	1	1	114294.551326	3941	114294.551326	5469.221234
7907	7906	3953	1	1	114710.313481	3953	114710.313481	5489.890328
7919	7918	3959	1	1	114897.136695	3959	114897.136695	6575.294374
7927	7926	3963	1	1	115016.015039	3963	115016.015039	5170.656394
7951	7950	3975	1	1	115438.891225	3975	115438.891225	5211.777199
7963	7962	3981	1	1	115625.093922	3981	115625.093922	5186.953125
8011	8010	4005	1	1	116405.194962	4005	116405.194962	5235.636105
8039	8038	4019	1	1	116875.480492	4019	116875.480492	7635.321355
8087	8086	4043	1	1	117663.103915	4043	117663.103915	5992.451279
8059	8058	4029	1	1	117197.849055	4029	117197.849055	5268.981061
8111	8110	4055	1	1	118056.274348	4055	118056.274348	7708.666878
8123	8122	4061	1	1	118276.467209	4061	118276.467209	5631.854106
8147	8146	4073	1	1	118664.225285	4073	118664.225285	5641.640222
8167	8166	4083	1	1	118997.771662	4083	118997.771662	5349.704593
8171	8170	4085	1	1	119058.367444	4085	119058.367444	5657.408900
8179	8178	4089	1	1	119176.568597	4089	119176.568597	5330.371428
8191	8190	4095	1	1	119412.497146	4095	119412.497146	5372.229034
8219	8218	4109	1	1	119856.377014	4109	119856.377014	5659.510315
8231	8230	4115	1	1	120053.082526	4115	120053.082526	7810.236226
8243	8242	4121	1	1	120238.109173	4121	120238.109173	5714.784170
8263	8262	4131	1	1	120585.962761	4131	120585.962761	5388.751821
8287	8286	4143	1	1	120998.393287	4143	120998.393287	5432.062467
8291	8290	4145	1	1	121034.468649	4145	121034.468649	5713.051077
8311	8310	4155	1	1	121381.823673	4155	121381.823673	5424.672070
8363	8362	4181	1	1	122252.242363	4181	122252.242363	5796.139910
8387	8386	4193	1	1	122663.906355	4193	122663.906355	5805.688105
8419	8418	4209	1	1	123180.086162	4209	123180.086162	5499.948820
8423	8422	4211	1	1	123239.899674	4211	123239.899674	6229.167786
8431	8430	4215	1	1	123373.720469	4215	123373.720469	5507.999424
8447	8446	4223	1	1	123633.341739	4223	123633.341739	6274.396434
8443	8442	4221	1	1	123560.913056	4221	123560.913056	5500.967558
8467	8466	4233	1	1	123979.092761	4233	123979.092761	5522.011062
8527	8526	4263	1	1	124999.395360	4263	124999.395360	5584.041109
8539	8538	4269	1	1	125193.248645	4269	125193.248645	5578.483763
8543	8542	4271	1	1	125265.587024	4271	125265.587024	6340.903813
8563	8562	4281	1	1	125565.967873	4281	125565.967873	5595.082918
8599	8598	4299	1	1	126182.878135	4299	126182.878135	5626.437584
8623	8622	4311	1	1	126577.933065	4311	126577.933065	5604.194974
8627	8626	4313	1	1	126642.698488	4313	126642.698488	5952.619420
8647	8646	4323	1	1	126981.085481	4323	126981.085481	5650.952567
8663	8662	4331	1	1	127242.984431	4331	127242.984431	6447.191958
8699	8698	4349	1	1	127835.081701	4349	127835.081701	6004.805938
8707	8706	4353	1	1	127970.759717	4353	127970.759717	5676.390207
8719	8718	4359	1	1	128177.004314	4359	128177.004314	5677.252328
8731	8730	4365	1	1	128370.058759	4365	128370.058759	5679.640859
8747	8746	4373	1	1	128645.604204	4373	128645.604204	6037.531378
8779	8778	4389	1	1	129177.760874	4389	129177.760874	5745.833562
8783	8782	4391	1	1	129251.272058	4391	129251.272058	6521.636990
8803	8802	4401	1	1	129594.774014	4401	129594.774014	5722.828620
8807	8806	4403	1	1	129654.128215	4403	129654.128215	6560.967403
8819	8818	4409	1	1	129840.612485	4409	129840.612485	6066.679681
8831	8830	4415	1	1	130062.304857	4415	130062.304857	7316.690187
8839	8838	4419	1	1	130193.703334	4419	130193.703334	5775.971207
8863	8862	4431	1	1	130578.701755	4431	130578.701755	5779.329947
8867	8866	4433	1	1	130659.661329	4433	130659.661329	6155.491994
8887	8886	4443	1	1	130983.035534	4443	130983.035534	5812.060285
8923	8922	4461	1	1	131581.268556	4461	131581.268556	5825.588886
8951	8950	4475	1	1	132041.710564	4475	132041.710564	8875.197194
8963	8962	4481	1	1	132274.880790	4481	132274.880790	6212.464869
8971	8970	4485	1	1	132391.043467	4485	132391.043467	5836.190879
8999	8998	4499	1	1	132867.056540	4499	132867.056540	7463.426084
9007	9006	4503	1	1	133018.619960	4503	133018.619960	5900.289274
9011	9010	4505	1	1	133063.311450	4505	133063.311450	6230.713795
9043	9042	4521	1	1	133601.553542	4521	133601.553542	5876.890697
9059	9058	4529	1	1	133845.788084	4529	133845.788084	6268.958727
9067	9066	4533	1	1	134015.667776	4533	134015.667776	5953.434885
9091	9090	4545	1	1	134422.069856	4545	134422.069856	5961.112589
9103	9102	4551	1	1	134627.807908	4551	134627.807908	5962.912956
9127	9126	4563	1	1	135033.015228	4563	135033.015228	5969.076929
9151	9150	4575	1	1	135424.068095	4575	135424.068095	5965.010084
9187	9186	4593	1	1	136008.070057	4593	136008.070057	5990.607505
9199	9198	4599	1	1	136243.342413	4599	136243.342413	5989.964169
9203	9202	4601	1	1	136281.516422	4601	136281.516422	6374.285612
9227	9226	4613	1	1	136701.483925	4613	136701.483925	6379.839722
9239	9238	4619	1	1	136888.728150	4619	136888.728150	9941.290185
9283	9282	4641	1	1	137633.249357	4641	137633.249357	6072.975270
9311	9310	4655	1	1	138111.965688	4655	138111.965688	7742.692681
9319	9318	4659	1	1	138253.599659	4659	138253.599659	6112.942765
9323	9322	4661	1	1	138307.199955	4661	138307.199955	6469.097871
9343	9342	4671	1	1	138639.141892	4671	138639.141892	6077.253962
9371	9370	4685	1	1	139110.569187	4685	139110.569187	6492.076725
9391	9390	4695	1	1	139450.952100	4695	139450.952100	6135.452702
9403	9402	4701	1	1	139672.410240	4701	139672.410240	6126.103881
9419	9418	4709	1	1	139903.583384	4709	139903.583384	6512.947414
9431	9430	4715	1	1	140123.054877	4715	140123.054877	7823.111181
9439	9438	4719	1	1	140275.032860	4719	140275.032860	6173.207645
9463	9462	4731	1	1	140647.596440	4731	140647.596440	6188.802654
9467	9466	4733	1	1	140740.218854	4733	140740.218854	6544.344600
9479	9478	4739	1	1	140917.353908	4739	140917.353908	7882.765926
9511	9510	4755	1	1	141477.419992	4755	141477.419992	6211.244440
9491	9490	4745	1	1	141155.529692	4745	141155.529692	6587.457453
9539	9538	4769	1	1	141936.543041	4769	141936.543041	6608.770132
9547	9546	4773	1	1	142060.613253	4773	142060.613253	6236.344238
9551	9550	4775	1	1	142145.563719	4775	142145.563719	9059.483699
9587	9586	4793	1	1	142754.825267	4793	142754.825267	6641.033559
9619	9618	4809	1	1	143317.405680	4809	143317.405680	6314.286320
9623	9622	4811	1	1	143368.451891	4811	143368.451891	7143.556485
9631	9630	4815	1	1	143504.840706	4815	143504.840706	6278.020428
9643	9642	4821	1	1	143700.037714	4821	143700.037714	6300.335030
9679	9678	4839	1	1	144334.434326	4839	144334.434326	6342.006937
9719	9718	4859	1	1	144996.868607	4859	144996.868607	9612.437714
9739	9738	4869	1	1	145345.176905	4869	145345.176905	6386.073971
9743	9742	4871	1	1	145408.042750	4871	145408.042750	7239.488100
9767	9766	4883	1	1	145794.501395	4883	145794.501395	7217.263347
9787	9786	4893	1	1	146142.959534	4893	146142.959534	6379.296330
9791	9790	4895	1	1	146204.520128	4895	146204.520128	9312.400411
9803	9802	4901	1	1	146410.353629	4901	146410.353629	6778.784287
9811	9810	4905	1	1	146562.650299	4905	146562.650299	6422.258744
9839	9838	4919	1	1	147025.968977	4919	147025.968977	8174.141599
9851	9850	4925	1	1	147207.922511	4925	147207.922511	6817.928374
9859	9858	4929	1	1	147384.202983	4929	147384.202983	6462.032119
9871	9870	4935	1	1	147558.487063	4935	147558.487063	6423.514781
9883	9882	4941	1	1	147775.885761	4941	147775.885761	6469.622364
9887	9886	4943	1	1	147836.039190	4943	147836.039190	7340.241000
9907	9906	4953	1	1	148193.241952	4953	148193.241952	6495.190858
9923	9922	4961	1	1	148439.376854	4961	148439.376854	6874.613405
9931	9930	4965	1	1	148607.224498	4965	148607.224498	6506.120959
9967	9966	4983	1	1	149175.401988	4983	149175.401988	6500.462990
10007	10006	5003	1	1	149884.596780	5003	149884.596780	7393.447668
10039	10038	5019	1	1	150416.653194	5019	150416.653194	6564.223916
10067	10066	5033	1	1	150892.431674	5033	150892.431674	6935.466516
10079	10078	5039	1	1	151101.867687	5039	151101.867687	9568.266127
10091	10090	5045	1	1	151269.129834	5045	151269.129834	6946.437647
10099	10098	5049	1	1	151429.435974	5049	151429.435974	6562.812437
10103	10102	5051	1	1	151504.659015	5051	151504.659015	7499.325846
10111	10110	5055	1	1	151638.889235	5055	151638.889235	6606.425897
10139	10138	5069	1	1	152114.375506	5069	152114.375506	7007.475383
10151	10150	5075	1	1	152321.673786	5075	152321.673786	8421.229149
10159	10158	5079	1	1	152449.265215	5079	152449.265215	6634.404073
10163	10162	5081	1	1	152506.926785	5081	152506.926785	7029.060606
10211	10210	5105	1	1	153329.936786	5105	153329.936786	7068.462983
10223	10222	5111	1	1	153542.809438	5111	153542.809438	7584.861541
10243	10242	5121	1	1	153882.680139	5121	153882.680139	6680.321601
10247	10246	5123	1	1	153946.921739	5123	153946.921739	7545.483770
10267	10266	5133	1	1	154315.814725	5133	154315.814725	6731.316560
10259	10258	5129	1	1	154161.848011	5129	154161.848011	7112.292051
10271	10270	5135	1	1	154334.785089	5135	154334.785089	8516.394419
10303	10302	5151	1	1	154884.310274	5151	154884.310274	6705.126017
10331	10330	5165	1	1	155351.703145	5165	155351.703145	7126.822652
10343	10342	5171	1	1	155596.091769	5171	155596.091769	7686.473643
10391	10390	5195	1	1	156400.066150	5195	156400.066150	11176.689506
10399	10398	5199	1	1	156527.389534	5199	156527.389534	6793.162473
10427	10426	5213	1	1	157003.717454	5213	157003.717454	7184.442076
10459	10458	5229	1	1	157579.321760	5229	157579.321760	6831.410601
10463	10462	5231	1	1	157651.676213	5231	157651.676213	7765.928800
10487	10486	5243	1	1	158060.070818	5243	158060.070818	7783.045144
10499	10498	5249	1	1	158247.387238	5249	158247.387238	7243.021033
10531	10530	5265	1	1	158819.467910	5265	158819.467910	6904.177491
10559	10558	5279	1	1	159275.390364	5279	159275.390364	11754.986666
10567	10566	5283	1	1	159404.374243	5283	159404.374243	6909.489133
10607	10606	5303	1	1	160082.422343	5303	160082.422343	7816.397721
10627	10626	5313	1	1	160436.852557	5313	160436.852557	6951.901495
10631	10630	5315	1	1	160499.210139	5315	160499.210139	10008.277875
10639	10638	5319	1	1	160640.531871	5319	160640.531871	6973.069956
10651	10650	5325	1	1	160845.917062	5325	160845.917062	6957.835228
10663	10662	5331	1	1	161057.409364	5331	161057.409364	6948.228156
10667	10666	5333	1	1	161131.108993	5333	161131.108993	7389.834437
10687	10686	5343	1	1	161450.464881	5343	161450.464881	6967.457478
10691	10690	5345	1	1	161511.260963	5345	161511.260963	7403.739482
10711	10710	5355	1	1	161870.792970	5355	161870.792970	7003.887564
10723	10722	5361	1	1	162077.647692	5361	162077.647692	7012.873793
10739	10738	5369	1	1	162363.797261	5369	162363.797261	7453.137752
10771	10770	5385	1	1	162891.337898	5385	162891.337898	7022.993863
10799	10798	5399	1	1	163361.602772	5399	163361.602772	11570.784682
10831	10830	5415	1	1	163946.421353	5415	163946.421353	7102.134974
10847	10846	5423	1	1	164198.475110	5423	164198.475110	8009.889790
10859	10858	5429	1	1	164413.122998	5429	164413.122998	7506.606776
10867	10866	5433	1	1	164539.888863	5433	164539.888863	7083.167966
10883	10882	5441	1	1	164792.513316	5441	164792.513316	7541.316785
10891	10890	5445	1	1	164945.281354	5445	164945.281354	7118.844156
10939	10938	5469	1	1	165790.722944	5469	165790.722944	7155.454423
10903	10902	5451	1	1	165156.025784	5451	165156.025784	7137.883382
10979	10978	5489	1	1	166470.304881	5489	166470.304881	7612.356452
10987	10986	5493	1	1	166611.769055	5493	166611.769055	7171.651304
11003	11002	5501	1	1	166877.354843	5501	166877.354843	7618.803519
11027	11026	5513	1	1	167307.178640	5513	167307.178640	7642.008135
11047	11046	5523	1	1	167639.191692	5523	167639.191692	7235.689810
11059	11058	5529	1	1	167844.661150	5529	167844.661150	7234.761098
11071	11070	5535	1	1	168046.376095	5535	168046.376095	7242.388500
11083	11082	5541	1	1	168256.853622	5541	168256.853622	7247.553532
11087	11086	5543	1	1	168305.999960	5543	168305.999960	8223.133435
11119	11118	5559	1	1	168880.454008	5559	168880.454008	7280.903579
11131	11130	5565	1	1	169089.671469	5565	169089.671469	7279.199035
11159	11158	5579	1	1	169552.274803	5579	169552.274803	9248.897689
11171	11170	5585	1	1	169747.944835	5585	169747.944835	7726.853127
11239	11238	5619	1	1	170942.144300	5619	170942.144300	7338.120081
11243	11242	5621	1	1	171009.013276	5621	171009.013276	7797.412929
11251	11250	5625	1	1	171164.699362	5625	171164.699362	7371.939525
11279	11278	5639	1	1	171624.203955	5639	171624.203955	9366.146558
11287	11286	5643	1	1	171775.130623	5643	171775.130623	7393.557011
11299	11298	5649	1	1	171951.805771	5649	171951.805771	7387.134823
11311	11310	5655	1	1	172188.132781	5655	172188.132781	7382.752593
11351	11350	5675	1	1	172871.253069	5675	172871.253069	9423.081361
11383	11382	5691	1	1	173400.999411	5691	173400.999411	7402.435853
11399	11398	5699	1	1	173690.838975	5699	173690.838975	10830.590471
11411	11410	5705	1	1	173898.994007	5705	173898.994007	7889.527463
11423	11422	5711	1	1	174098.698880	5711	174098.698880	8478.465812
11443	11442	5721	1	1	174447.333906	5721	174447.333906	7476.293611
11447	11446	5723	1	1	174511.267591	5723	174511.267591	8499.415216
11467	11466	5733	1	1	174845.666713	5733	174845.666713	7483.997598
11471	11470	5735	1	1	174909.578157	5735	174909.578157	10865.033481
11483	11482	5741	1	1	175139.600111	5741	175139.600111	7966.142603
11491	11490	5745	1	1	175275.289165	5745	175275.289165	7500.619600
11503	11502	5751	1	1	175480.562002	5751	175480.562002	7486.813855
11519	11518	5759	1	1	175732.746406	5759	175732.746406	9559.584506
11527	11526	5763	1	1	175917.562837	5763	175917.562837	7541.620481
11551	11550	5775	1	1	176319.892547	5775	176319.892547	7544.793269
11579	11578	5789	1	1	176781.563432	5789	176781.563432	8017.828029
11587	11586	5793	1	1	176943.097704	5793	176943.097704	7583.325098
11699	11698	5849	1	1	178857.843043	5849	178857.843043	8085.080231
11719	11718	5859	1	1	179203.823529	5859	179203.823529	7663.847169
11731	11730	5865	1	1	179422.209332	5865	179422.209332	7667.548570
11743	11742	5871	1	1	179627.475738	5871	179627.475738	7657.301773
11779	11778	5889	1	1	180276.493392	5889	180276.493392	7678.593609
11783	11782	5891	1	1	180299.088243	5891	180299.088243	8741.967779
11807	11806	5903	1	1	180736.685127	5903	180736.685127	8725.576724
11827	11826	5913	1	1	181073.912911	5913	181073.912911	7720.378093
11831	11830	5915	1	1	181134.845313	5915	181134.845313	9794.305459
11839	11838	5919	1	1	181313.185162	5919	181313.185162	7755.098343
11863	11862	5931	1	1	181716.420882	5931	181716.420882	7759.337222
11867	11866	5933	1	1	181787.308676	5933	181787.308676	8212.885195
11887	11886	5943	1	1	182149.025199	5943	182149.025199	7788.315919
11903	11902	5951	1	1	182383.037835	5951	182383.037835	8831.274086
11923	11922	5961	1	1	182761.776626	5961	182761.776626	7779.994307
11927	11926	5963	1	1	182798.541791	5963	182798.541791	8841.340777
11939	11938	5969	1	1	183018.835784	5969	183018.835784	8248.583518
11959	11958	5979	1	1	183382.692806	5979	183382.692806	7836.312510
11971	11970	5985	1	1	183580.720358	5985	183580.720358	7830.122233
11987	11986	5993	1	1	183870.773417	5993	183870.773417	8293.647664
12007	12006	6003	1	1	184182.173341	6003	184182.173341	7847.806200
12011	12010	6005	1	1	184253.245307	6005	184253.245307	8318.689072
12043	12042	6021	1	1	184825.518210	6021	184825.518210	7873.530927
12071	12070	6035	1	1	185318.660423	6035	185318.660423	11446.370236
12107	12106	6053	1	1	185931.227645	6053	185931.227645	8366.236202
12119	12118	6059	1	1	186123.164518	6059	186123.164518	10058.987798
12143	12142	6071	1	1	186559.231191	6071	186559.231191	9008.860386
12163	12162	6081	1	1	186917.144578	6081	186917.144578	7949.308242
12203	12202	6101	1	1	187581.794017	6101	187581.794017	8452.588643
12211	12210	6105	1	1	187772.815903	6105	187772.815903	7995.976905
12227	12226	6113	1	1	188030.580657	6113	188030.580657	8469.415462
12239	12238	6119	1	1	188244.133361	6119	188244.133361	12144.880776
12251	12250	6125	1	1	188452.678878	6125	188452.678878	8486.163286
12263	12262	6131	1	1	188629.429763	6131	188629.429763	9095.299681
12343	12342	6171	1	1	190041.314830	6171	190041.314830	8060.079462
12323	12322	6161	1	1	189697.754563	6161	189697.754563	8534.610799
12347	12346	6173	1	1	190104.103066	6173	190104.103066	8545.953591
12379	12378	6189	1	1	190654.088071	6189	190654.088071	8093.104616
12451	12450	6225	1	1	191917.708416	6225	191917.708416	8126.475534
12391	12390	6195	1	1	190891.087418	6195	190891.087418	8128.099645
12479	12478	6239	1	1	192412.428258	6239	192412.428258	11769.375577
12487	12486	6243	1	1	192541.381573	6243	192541.381573	8156.441302
12491	12490	6245	1	1	192611.488147	6245	192611.488147	8653.500737
12503	12502	6251	1	1	192833.631368	6251	192833.631368	9291.682715
12511	12510	6255	1	1	192965.673591	6255	192965.673591	8167.471075
12527	12526	6263	1	1	193259.764500	6263	193259.764500	9260.110154
12539	12538	6269	1	1	193444.676483	6269	193444.676483	8661.208407
12547	12546	6273	1	1	193590.798730	6273	193590.798730	8189.383846
12583	12582	6291	1	1	194199.475834	6291	194199.475834	8188.092413
12611	12610	6305	1	1	194706.437759	6305	194706.437759	8701.229460
12619	12618	6309	1	1	194860.773074	6309	194860.773074	8258.145117
12647	12646	6323	1	1	195339.970487	6323	195339.970487	9346.556126
12659	12658	6329	1	1	195536.072119	6329	195536.072119	8769.140504
12671	12670	6335	1	1	195747.992033	6335	195747.992033	10499.270503
12703	12702	6351	1	1	196310.067029	6351	196310.067029	8286.538383
12739	12738	6369	1	1	196926.941325	6369	196926.941325	8320.930267
12743	12742	6371	1	1	197021.842750	6371	197021.842750	9451.974922
12763	12762	6381	1	1	197361.118495	6381	197361.118495	8338.138948
12791	12790	6395	1	1	197819.765374	6395	197819.765374	10602.002323
12799	12798	6399	1	1	197968.081386	6399	197968.081386	8346.631687
12823	12822	6411	1	1	198407.318053	6411	198407.318053	8378.071045
12899	12898	6449	1	1	199712.551658	6449	199712.551658	8933.841191
12907	12906	6453	1	1	199880.165118	6453	199880.165118	8429.623752
12911	12910	6455	1	1	199937.909516	6455	199937.909516	12797.910049
12919	12918	6459	1	1	200101.717599	6459	200101.717599	8429.038827
12923	12922	6461	1	1	200155.140091	6461	200155.140091	8973.357419
12959	12958	6479	1	1	200770.612144	6479	200770.612144	10761.399385
12967	12966	6483	1	1	200943.043811	6483	200943.043811	8503.344458
12979	12978	6489	1	1	201150.154984	6489	201150.154984	8490.223234
12983	12982	6491	1	1	201200.241436	6491	201200.241436	9625.081780
13003	13002	6501	1	1	201568.042203	6501	201568.042203	8484.149695
13007	13006	6503	1	1	201644.822286	6503	201644.822286	9680.540254
13043	13042	6521	1	1	202245.787602	6521	202245.787602	9035.762897
13063	13062	6531	1	1	202588.374464	6531	202588.374464	8527.975576
13099	13098	6549	1	1	203242.315715	6549	203242.315715	8562.748303
13103	13102	6551	1	1	203310.317894	6551	203310.317894	9723.669384
13127	13126	6563	1	1	203725.667086	6563	203725.667086	9748.592726
13147	13146	6573	1	1	204101.907681	6573	204101.907681	8602.856710
13151	13150	6575	1	1	204149.019838	6575	204149.019838	13010.815885
13159	13158	6579	1	1	204311.558177	6579	204311.558177	8607.289626
13163	13162	6581	1	1	204358.352622	6581	204358.352622	9127.025387
13171	13170	6585	1	1	204498.320911	6585	204498.320911	8613.421521
13183	13182	6591	1	1	204698.309895	6591	204698.309895	8615.249729
13187	13186	6593	1	1	204792.548134	6593	204792.548134	9135.948186
13219	13218	6609	1	1	205367.952340	6609	205367.952340	8650.979710
13259	13258	6629	1	1	206049.362243	6629	206049.362243	9174.184821
13267	13266	6633	1	1	206188.522826	6633	206188.522826	8686.538243
13291	13290	6645	1	1	206608.430552	6645	206608.430552	8664.285836
13327	13326	6663	1	1	207215.395679	6663	207215.395679	8713.869581
13331	13330	6665	1	1	207309.892422	6665	207309.892422	9232.555810
13339	13338	6669	1	1	207440.558063	6669	207440.558063	8679.296321
13367	13366	6683	1	1	207935.658798	6683	207935.658798	9877.809618
13399	13398	6699	1	1	208477.670323	6699	208477.670323	8708.011491
13411	13410	6705	1	1	208719.029290	6705	208719.029290	8756.267583
13451	13450	6725	1	1	209386.914126	6725	209386.914126	9305.763396
13463	13462	6731	1	1	209601.868131	6731	209601.868131	9994.041499
13487	13486	6743	1	1	210030.388811	6743	210030.388811	10002.547908
13499	13498	6749	1	1	210264.753742	6749	210264.753742	9341.193125
13523	13522	6761	1	1	210682.343640	6761	210682.343640	9373.688890
13567	13566	6783	1	1	211447.660467	6783	211447.660467	8872.253161
13591	13590	6795	1	1	211863.197660	6795	211863.197660	8885.312090
13619	13618	6809	1	1	212349.522864	6809	212349.522864	9441.883259
13627	13626	6813	1	1	212540.510755	6813	212540.510755	8940.600060
13679	13678	6839	1	1	213417.253515	6839	213417.253515	11363.561710
13687	13686	6843	1	1	213566.575358	6843	213566.575358	8945.757113
13691	13690	6845	1	1	213630.102414	6845	213630.102414	9471.721307
13711	13710	6855	1	1	213976.902265	6855	213976.902265	8959.977021
13723	13722	6861	1	1	214182.120725	6861	214182.120725	8960.880610
13751	13750	6875	1	1	214681.336578	6875	214681.336578	13062.237573
13759	13758	6879	1	1	214832.847967	6879	214832.847967	8954.343415
13763	13762	6881	1	1	214889.130016	6881	214889.130016	9547.021844
13799	13798	6899	1	1	215543.204507	6899	215543.204507	11466.775243
13807	13806	6903	1	1	215661.993715	6903	215661.993715	9004.942767
13831	13830	6915	1	1	216103.638572	6915	216103.638572	9013.898772
13859	13858	6929	1	1	216587.600330	6929	216587.600330	9580.949308
13879	13878	6939	1	1	216956.339400	6939	216956.339400	9082.864360
13883	13882	6941	1	1	216988.330426	6941	216988.330426	9616.106060
13903	13902	6951	1	1	217374.283246	6951	217374.283246	9080.236594
13907	13906	6953	1	1	217436.459925	6953	217436.459925	9640.840274
13931	13930	6965	1	1	217866.992643	6965	217866.992643	9628.834284
13963	13962	6981	1	1	218429.909662	6981	218429.909662	9134.158506
13967	13966	6983	1	1	218501.118970	6983	218501.118970	10357.666090
13999	13998	6999	1	1	219069.207455	6999	219069.207455	9160.247932
14011	14010	7005	1	1	219267.281524	7005	219267.281524	9128.416096
14051	14050	7025	1	1	219971.113180	7025	219971.113180	9734.262373
14071	14070	7035	1	1	220344.647252	7035	220344.647252	9203.715323
14083	14082	7041	1	1	220532.225368	7041	220532.225368	9204.751224
14087	14086	7043	1	1	220618.078933	7043	220618.078933	10456.272424
14107	14106	7053	1	1	220971.060634	7053	220971.060634	9206.507900
14143	14142	7071	1	1	221611.233677	7071	221611.233677	9242.866473
14159	14158	7079	1	1	221856.112290	7079	221856.112290	14036.486211
14207	14206	7103	1	1	222735.664564	7103	222735.664564	10517.892018
14243	14242	7121	1	1	223368.165093	7121	223368.165093	9857.780170
14251	14250	7125	1	1	223515.392874	7125	223515.392874	9317.080895
14303	14302	7151	1	1	224408.642368	7151	224408.642368	10620.103894
14323	14322	7161	1	1	224788.686582	7161	224788.686582	9344.020348
14327	14326	7163	1	1	224857.432114	7163	224857.432114	10638.756683
14347	14346	7173	1	1	225188.574626	7173	225188.574626	9365.916708
14387	14386	7193	1	1	225916.431747	7193	225916.431747	9953.885184
14407	14406	7203	1	1	226302.729175	7203	226302.729175	9431.794637
14411	14410	7205	1	1	226337.951272	7205	226337.951272	9973.747287
14423	14422	7211	1	1	226547.338622	7211	226547.338622	10694.606068
14419	14418	7209	1	1	226517.785995	7209	226517.785995	9411.984277
14431	14430	7215	1	1	226685.004643	7215	226685.004643	9427.336574
14447	14446	7223	1	1	226997.070996	7223	226997.070996	10674.525649
14479	14478	7239	1	1	227543.895329	7239	227543.895329	9453.858049
14503	14502	7251	1	1	227961.985785	7251	227961.985785	9462.933638
14519	14518	7259	1	1	228260.231290	7259	228260.231290	12044.383229
14543	14542	7271	1	1	228704.962293	7271	228704.962293	10799.239759
14551	14550	7275	1	1	228852.488286	7275	228852.488286	9518.373580
14563	14562	7281	1	1	229042.988582	7281	229042.988582	9504.567706
14591	14590	7295	1	1	229543.902315	7295	229543.902315	13866.260852
14627	14626	7313	1	1	230168.372485	7313	230168.372485	10115.728736
14639	14638	7319	1	1	230399.167878	7319	230399.167878	12160.268487
14683	14682	7341	1	1	231162.427142	7341	231162.427142	9592.883736
14699	14698	7349	1	1	231438.748443	7349	231438.748443	10195.978525
14723	14722	7361	1	1	231873.523624	7361	231873.523624	10204.244141
14731	14730	7365	1	1	232023.056816	7365	232023.056816	9622.677382
14747	14746	7373	1	1	232297.719997	7373	232297.719997	10214.217068
14759	14758	7379	1	1	232518.301373	7379	232518.301373	15531.782066
14767	14766	7383	1	1	232639.190740	7383	232639.190740	9643.846742
14771	14770	7385	1	1	232746.900550	7385	232746.900550	10241.001091
14779	14778	7389	1	1	232874.028925	7389	232874.028925	9659.011350
14783	14782	7391	1	1	232935.715200	7391	232935.715200	10982.903597
14827	14826	7413	1	1	233721.593814	7413	233721.593814	9687.872662
14831	14830	7415	1	1	233775.584618	7415	233775.584618	14089.826556
14843	14842	7421	1	1	234021.396035	7421	234021.396035	10276.428264
14851	14850	7425	1	1	234148.685053	7425	234148.685053	9675.888628
14879	14878	7439	1	1	234632.430561	7439	234632.430561	12352.692197
14867	14866	7433	1	1	234446.117707	7433	234446.117707	10298.918739
14887	14886	7443	1	1	234800.180305	7443	234800.180305	9726.510573
14891	14890	7445	1	1	234857.530688	7445	234857.530688	10313.369669
14923	14922	7461	1	1	235420.664462	7461	235420.664462	9725.184444
14939	14938	7469	1	1	235694.445253	7469	235694.445253	10340.750196
14947	14946	7473	1	1	235871.773549	7473	235871.773549	9776.944821
14951	14950	7475	1	1	235931.003347	7475	235931.003347	16083.924097
14983	14982	7491	1	1	236492.137791	7491	236492.137791	9791.915454
15031	15030	7515	1	1	237355.509624	7515	237355.509624	9825.435956
15083	15082	7541	1	1	238281.457932	7541	238281.457932	10461.220265
15091	15090	7545	1	1	238425.165725	7545	238425.165725	9857.088511
15107	15106	7553	1	1	238719.490088	7553	238719.490088	10488.396888
15131	15130	7565	1	1	239123.256983	7565	239123.256983	10470.241176
15139	15138	7569	1	1	239280.982272	7569	239280.982272	9877.332063
15187	15186	7593	1	1	240136.819054	7593	240136.819054	9940.685802
15199	15198	7599	1	1	240354.864173	7599	240354.864173	9917.537602
15227	15226	7613	1	1	240847.030948	7613	240847.030948	10554.726359
15259	15258	7629	1	1	241437.129397	7629	241437.129397	9997.007734
15263	15262	7631	1	1	241498.820256	7631	241498.820256	11328.474532
15271	15270	7635	1	1	241634.578777	7635	241634.578777	9956.908652
15287	15286	7643	1	1	241900.206100	7643	241900.206100	11333.453438
15299	15298	7649	1	1	242130.185799	7649	242130.185799	10608.503293
15307	15306	7653	1	1	242282.500671	7653	242282.500671	10009.083874
15319	15318	7659	1	1	242499.779535	7659	242499.779535	10035.255051
15331	15330	7665	1	1	242717.398423	7665	242717.398423	10033.513622
15359	15358	7679	1	1	243203.283585	7679	243203.283585	12763.417079
15383	15382	7691	1	1	243632.384908	7691	243632.384908	11423.115467
15391	15390	7695	1	1	243772.473838	7695	243772.473838	10082.125765
15427	15426	7713	1	1	244429.556411	7713	244429.556411	10105.041897
15439	15438	7719	1	1	244605.840199	7719	244605.840199	10081.711880
15443	15442	7721	1	1	244703.057345	7721	244703.057345	10711.216335
15451	15450	7725	1	1	244826.077194	7725	244826.077194	10063.675144
15467	15466	7733	1	1	245134.492603	7733	245134.492603	10711.811235
15511	15510	7755	1	1	245907.394538	7755	245907.394538	10132.346047
15527	15526	7763	1	1	246202.165389	7763	246202.165389	11490.311650
15551	15550	7775	1	1	246612.113877	7775	246612.113877	12913.467554
15559	15558	7779	1	1	246770.783826	7779	246770.783826	10159.559870
15583	15582	7791	1	1	247200.091995	7791	247200.091995	10193.051170
15607	15606	7803	1	1	247614.129573	7803	247614.129573	10197.456733
15619	15618	7809	1	1	247854.285688	7809	247854.285688	10224.511222
15643	15642	7821	1	1	248271.980219	7821	248271.980219	10199.963489
15647	15646	7823	1	1	248332.044000	7823	248332.044000	11616.468992
15667	15666	7833	1	1	248703.808789	7833	248703.808789	10249.288786
15671	15670	7835	1	1	248775.263656	7835	248775.263656	15445.917952
15679	15678	7839	1	1	248933.921917	7839	248933.921917	10242.687727
15683	15682	7841	1	1	248977.300520	7841	248977.300520	10867.013001
15727	15726	7863	1	1	249761.394291	7863	249761.394291	10276.270471
15731	15730	7865	1	1	249838.801794	7865	249838.801794	10881.141411
15739	15738	7869	1	1	250000.110154	7869	250000.110154	10305.759317
15767	15766	7883	1	1	250486.943419	7883	250486.943419	11712.380439
15787	15786	7893	1	1	250846.332695	7893	250846.332695	10334.914839
15791	15790	7895	1	1	250890.974620	7895	250890.974620	17579.294179
15803	15802	7901	1	1	251112.022747	7901	251112.022747	10961.129147
15823	15822	7911	1	1	251483.592884	7911	251483.592884	10339.650625
15859	15858	7929	1	1	252128.663064	7929	252128.663064	10356.539947
15887	15886	7943	1	1	252620.332635	7943	252620.332635	11782.956835
15907	15906	7953	1	1	252980.933670	7953	252980.933670	10397.356691
15919	15918	7959	1	1	253195.414930	7959	253195.414930	10372.029053
15923	15922	7961	1	1	253262.077501	7961	253262.077501	11049.981611
15959	15958	7979	1	1	253925.060183	7979	253925.060183	15171.800021
15971	15970	7985	1	1	254135.388734	7985	254135.388734	11030.739845
15991	15990	7995	1	1	254495.370646	7995	254495.370646	10466.134453
16007	16006	8003	1	1	254767.598330	8003	254767.598330	11877.153300
16063	16062	8031	1	1	255793.325672	8031	255793.325672	10482.466212
16067	16066	8033	1	1	255866.028945	8033	255866.028945	11128.294068
16087	16086	8043	1	1	256239.672822	8043	256239.672822	10535.296873
16091	16090	8045	1	1	256264.301603	8045	256264.301603	11144.335171
16103	16102	8051	1	1	256511.614693	8051	256511.614693	11956.546229
16111	16110	8055	1	1	256630.544461	8055	256630.544461	10526.997435
16127	16126	8063	1	1	256919.468222	8063	256919.468222	11924.952533
16139	16138	8069	1	1	257137.578558	8069	257137.578558	11162.088057
16183	16182	8091	1	1	257933.625568	8091	257933.625568	10543.088878
16187	16186	8093	1	1	258016.243590	8093	258016.243590	11197.238730
16223	16222	8111	1	1	258665.013176	8111	258665.013176	12048.883964
16231	16230	8115	1	1	258797.044015	8115	258797.044015	10613.437527
16267	16266	8133	1	1	259454.462753	8133	259454.462753	10638.214916
16319	16318	8159	1	1	260368.099363	8159	260368.099363	13542.876523
16339	16338	8169	1	1	260725.539871	8169	260725.539871	10675.326053
16363	16362	8181	1	1	261158.981197	8181	261158.981197	10667.468656
16411	16410	8205	1	1	262025.494589	8205	262025.494589	10725.635230
16427	16426	8213	1	1	262322.120727	8213	262322.120727	11396.940436
16447	16446	8223	1	1	262662.080510	8223	262662.080510	10755.392373
16451	16450	8225	1	1	262744.298616	8225	262744.298616	11362.952181
16487	16486	8243	1	1	263390.510865	8243	263390.510865	12225.062311
16519	16518	8259	1	1	263992.039940	8259	263992.039940	10820.005736
16547	16546	8273	1	1	264477.538983	8273	264477.538983	11451.828227
16603	16602	8301	1	1	265466.084476	8301	265466.084476	10832.653069
16567	16566	8283	1	1	264845.554342	8283	264845.554342	10830.716903
16607	16606	8303	1	1	265538.170195	8303	265538.170195	12322.681453
16619	16618	8309	1	1	265770.024302	8309	265770.024302	11524.304354
16631	16630	8315	1	1	265983.169410	8315	265983.169410	17515.227113
16651	16650	8325	1	1	266355.116394	8325	266355.116394	10908.595413
16691	16690	8345	1	1	267068.512360	8345	267068.512360	11542.619217
16699	16698	8349	1	1	267206.620801	8349	267206.620801	10916.045589
16703	16702	8351	1	1	267274.812076	8351	267274.812076	12397.687642
16747	16746	8373	1	1	268081.456846	8373	268081.456846	10972.425835
16759	16758	8379	1	1	268289.644469	8379	268289.644469	10913.474544
16763	16762	8381	1	1	268350.971784	8381	268350.971784	11608.452773
16787	16786	8393	1	1	268785.485430	8393	268785.485430	11617.192166
16811	16810	8405	1	1	269210.875927	8405	269210.875927	11656.136281
16823	16822	8411	1	1	269426.548643	8411	269426.548643	12490.395061
16831	16830	8415	1	1	269574.638839	8415	269574.638839	11002.260180
16843	16842	8421	1	1	269797.572278	8421	269797.572278	11005.163988
16871	16870	8435	1	1	270296.054214	8435	270296.054214	13970.078319
16879	16878	8439	1	1	270471.852151	8439	270471.852151	11057.056399
16883	16882	8441	1	1	270508.304290	8441	270508.304290	11698.996044
16903	16902	8451	1	1	270877.199497	8451	270877.199497	11038.381095
16927	16926	8463	1	1	271311.177253	8463	271311.177253	11056.543491
16931	16930	8465	1	1	271365.642841	8465	271365.642841	11742.582945
16943	16942	8471	1	1	271594.914554	8471	271594.914554	12550.936998
16963	16962	8481	1	1	271949.502562	8481	271949.502562	11089.626806
16979	16978	8489	1	1	272272.797069	8489	272272.797069	11745.203342
17011	17010	8505	1	1	272817.566063	8505	272817.566063	11114.248447
16987	16986	8493	1	1	272406.203751	8493	272406.203751	11100.770027
17027	17026	8513	1	1	273116.379496	8513	273116.379496	11769.322844
17047	17046	8523	1	1	273486.265040	8523	273486.265040	11145.308332
17099	17098	8549	1	1	274424.700499	8549	274424.700499	11859.395367
17107	17106	8553	1	1	274573.146782	8553	274573.146782	11188.959615
17123	17122	8561	1	1	274857.577913	8561	274857.577913	11879.616316
17159	17158	8579	1	1	275485.833975	8579	275485.833975	14244.244929
17167	17166	8583	1	1	275635.982105	8583	275635.982105	11207.229104
17183	17182	8591	1	1	275896.111656	8591	275896.111656	12750.143424
17191	17190	8595	1	1	276105.225205	8595	276105.225205	11258.554617
17203	17202	8601	1	1	276294.277518	8601	276294.277518	11259.328243
17207	17206	8603	1	1	276377.945143	8603	276377.945143	12733.572769
17231	17230	8615	1	1	276783.083695	8615	276783.083695	14289.267019
17239	17238	8619	1	1	276948.736559	8619	276948.736559	11263.199476
17291	17290	8645	1	1	277879.384841	8645	277879.384841	11965.752298
17299	17298	8649	1	1	278015.693904	8649	278015.693904	11304.495193
17327	17326	8663	1	1	278530.375602	8663	278530.375602	12857.529684
17351	17350	8675	1	1	278951.103266	8675	278951.103266	16474.561073
17359	17358	8679	1	1	279108.960629	8679	279108.960629	11325.233743
17383	17382	8691	1	1	279551.370961	8691	279551.370961	11368.778123
17387	17386	8693	1	1	279614.613431	8693	279614.613431	12017.528573
17419	17418	8709	1	1	280189.361211	8709	280189.361211	11374.125274
17431	17430	8715	1	1	280409.711225	8715	280409.711225	11368.964801
17443	17442	8721	1	1	280620.206185	8721	280620.206185	11399.730821
17467	17466	8733	1	1	281069.583278	8733	281069.583278	11415.828678
17471	17470	8735	1	1	281135.610337	8735	281135.610337	16598.456417
17483	17482	8741	1	1	281378.277737	8741	281378.277737	12122.537896
17491	17490	8745	1	1	281515.490176	8745	281515.490176	11451.753650
17519	17518	8759	1	1	282006.003816	8759	282006.003816	17331.799414
17539	17538	8769	1	1	282357.914687	8769	282357.914687	11445.270990
17579	17578	8789	1	1	283071.216923	8789	283071.216923	12162.815685
17551	17550	8775	1	1	282587.762809	8775	282587.762809	11439.289152
17599	17598	8799	1	1	283455.120796	8799	283455.120796	11492.722924
17623	17622	8811	1	1	283894.473961	8811	283894.473961	11520.851119
17627	17626	8813	1	1	283980.325072	8813	283980.325072	12224.025471
17659	17658	8829	1	1	284564.063878	8829	284564.063878	11561.664491
17683	17682	8841	1	1	284971.145126	8841	284971.145126	11527.797957
17707	17706	8853	1	1	285406.170756	8853	285406.170756	11573.525352
17747	17746	8873	1	1	286138.386695	8873	286138.386695	12271.153707
17783	17782	8891	1	1	286778.474899	8891	286778.474899	13188.985356
17791	17790	8895	1	1	286937.078184	8895	286937.078184	11635.693051
17807	17806	8903	1	1	287229.492817	8903	287229.492817	13209.509745
17827	17826	8913	1	1	287586.734871	8913	287586.734871	11656.100265
17839	17838	8919	1	1	287831.324521	8919	287831.324521	11679.644800
17851	17850	8925	1	1	288019.582374	8925	288019.582374	11673.474548
17863	17862	8931	1	1	288234.526813	8931	288234.526813	11636.648145
17891	17890	8945	1	1	288760.821079	8945	288760.821079	12426.625448
17903	17902	8951	1	1	288965.177813	8951	288965.177813	13282.914606
17911	17910	8955	1	1	289109.203964	8955	289109.203964	11681.329169
17923	17922	8961	1	1	289317.386672	8961	289317.386672	11707.407047
17939	17938	8969	1	1	289597.945335	8969	289597.945335	12423.287972
17959	17958	8979	1	1	289966.557054	8979	289966.557054	11738.701132
17971	17970	8985	1	1	290186.552862	8985	290186.552862	11717.837035
17987	17986	8993	1	1	290496.903707	8993	290496.903707	12442.203042
18043	18042	9021	1	1	291489.108251	9021	291489.108251	11795.458542
18047	18046	9023	1	1	291580.351538	9023	291580.351538	13339.680818
18059	18058	9029	1	1	291788.483143	9029	291788.483143	12492.267207
18119	18118	9059	1	1	292879.752580	9059	292879.752580	19070.468715
18127	18126	9063	1	1	293036.441077	9063	293036.441077	11858.276070
18131	18130	9065	1	1	293080.843709	9065	293080.843709	12524.667566
18143	18142	9071	1	1	293305.540014	9071	293305.540014	13451.988071
18191	18190	9095	1	1	294175.181087	9095	294175.181087	20996.864091
18199	18198	9099	1	1	294324.660795	9099	294324.660795	11896.129693
18223	18222	9111	1	1	294763.571024	9111	294763.571024	11880.889761
18211	18210	9105	1	1	294549.838761	9105	294549.838761	11910.198741
18251	18250	9125	1	1	295272.958067	9125	295272.958067	12629.121849
18287	18286	9143	1	1	295938.720996	9143	295938.720996	13572.788075
18307	18306	9153	1	1	296311.299972	9153	296311.299972	11976.145528
18311	18310	9155	1	1	296388.218424	9155	296388.218424	18173.310509
18367	18366	9183	1	1	297399.517703	9183	297399.517703	12007.240953
18371	18370	9185	1	1	297487.355299	9185	297487.355299	12745.774360
18379	18378	9189	1	1	297618.948777	9189	297618.948777	11982.329319
18427	18426	9213	1	1	298468.722743	9213	298468.722743	12023.993500
18439	18438	9219	1	1	298705.796877	9219	298705.796877	12065.295572
18443	18442	9221	1	1	298770.578542	9221	298770.578542	12786.212979
18451	18450	9225	1	1	298959.463712	9225	298959.463712	12066.341171
18503	18502	9251	1	1	299869.736228	9251	299869.736228	13732.272895
18523	18522	9261	1	1	300224.682059	9261	300224.682059	12092.352816
18539	18538	9269	1	1	300533.710290	9269	300533.710290	12814.737623
18583	18582	9291	1	1	301338.100145	9291	301338.100145	12153.911383
18587	18586	9293	1	1	301417.475771	9293	301417.475771	12884.638921
18671	18670	9335	1	1	302934.856223	9335	302934.856223	15505.351167
18679	18678	9339	1	1	303079.505213	9339	303079.505213	12208.985057
18691	18690	9345	1	1	303305.046022	9345	303305.046022	12218.252049
18719	18718	9359	1	1	303805.919224	9359	303805.919224	15538.319035
18731	18730	9365	1	1	304021.961683	9365	304021.961683	12978.840927
18743	18742	9371	1	1	304229.740085	9371	304229.740085	13901.269810
18787	18786	9393	1	1	305044.713827	9393	305044.713827	12297.520712
18803	18802	9401	1	1	305327.093842	9401	305327.093842	13042.043883
18839	18838	9419	1	1	306002.203489	9419	306002.203489	15639.037393
18859	18858	9429	1	1	306378.642365	9429	306378.642365	12350.050394
18899	18898	9449	1	1	307058.557393	9449	307058.557393	13071.771483
18911	18910	9455	1	1	307298.919485	9455	307298.919485	15695.096119
18919	18918	9459	1	1	307467.641603	9459	307467.641603	12341.376946
18947	18946	9473	1	1	307979.381251	9473	307979.381251	13141.380642
18959	18958	9479	1	1	308183.568127	9479	308183.568127	18787.094041
18979	18978	9489	1	1	308569.239744	9489	308569.239744	12399.606923
19031	19030	9515	1	1	309504.050957	9515	309504.050957	18083.540222
19051	19050	9525	1	1	309869.576977	9525	309869.576977	12456.184882
19079	19078	9539	1	1	310381.900713	9539	310381.900713	15833.698073
19087	19086	9543	1	1	310521.754238	9543	310521.754238	12471.543695
19139	19138	9569	1	1	311474.855450	9569	311474.855450	13253.992661
19163	19162	9581	1	1	311894.457454	9581	311894.457454	13293.836580
19183	19182	9591	1	1	312252.410599	9591	312252.410599	12535.264288
19207	19206	9603	1	1	312701.474409	9603	312701.474409	12544.853339
19211	19210	9605	1	1	312781.075645	9605	312781.075645	13275.616331
19219	19218	9609	1	1	312934.579025	9609	312934.579025	12561.976030
19231	19230	9615	1	1	313174.184533	9615	313174.184533	12554.315572
19259	19258	9629	1	1	313675.721504	9629	313675.721504	13364.159502
19267	19266	9633	1	1	313801.001503	9633	313801.001503	12604.203900
19319	19318	9659	1	1	314752.842113	9659	314752.842113	18365.248103
19379	19378	9689	1	1	315868.328330	9689	315868.328330	13418.433930
19387	19386	9693	1	1	315997.349702	9693	315997.349702	12667.401024
19391	19390	9695	1	1	316073.346853	9695	316073.346853	16106.846554
19403	19402	9701	1	1	316313.408155	9701	316313.408155	13458.085536
19423	19422	9711	1	1	316670.729284	9711	316670.729284	12705.755293
19427	19426	9713	1	1	316749.269057	9713	316749.269057	13450.844886
19447	19446	9723	1	1	317107.730904	9723	317107.730904	12710.708796
19463	19462	9731	1	1	317396.601489	9731	317396.601489	14444.711146
19471	19470	9735	1	1	317533.672909	9735	317533.672909	12729.412842
19483	19482	9741	1	1	317767.493995	9741	317767.493995	12745.493877
19507	19506	9753	1	1	318204.983624	9753	318204.983624	12750.254809
19531	19530	9765	1	1	318636.901431	9765	318636.901431	12768.083214
19543	19542	9771	1	1	318850.610049	9771	318850.610049	12767.361592
19559	19558	9779	1	1	319146.990338	9779	319146.990338	16243.886576
19571	19570	9785	1	1	319392.153036	9785	319392.153036	13575.675909
19583	19582	9791	1	1	319592.646793	9791	319592.646793	14530.846219
19603	19602	9801	1	1	319973.141924	9801	319973.141924	12821.388465
19687	19686	9843	1	1	321522.522141	9843	321522.522141	12887.795448
19699	19698	9849	1	1	321734.319080	9849	321734.319080	12900.969830
19727	19726	9863	1	1	322250.332395	9863	322250.332395	14657.698485
19739	19738	9869	1	1	322458.528976	9869	322458.528976	13675.961228
19751	19750	9875	1	1	322653.554776	9875	322653.554776	16384.993563
19759	19758	9879	1	1	322823.298486	9879	322823.298486	12895.875480
19763	19762	9881	1	1	322890.124144	9881	322890.124144	13692.900720
19819	19818	9909	1	1	323937.327294	9909	323937.327294	12960.202563
19843	19842	9921	1	1	324358.671613	9921	324358.671613	12941.973558
19867	19866	9933	1	1	324827.667889	9933	324827.667889	13003.666117
19891	19890	9945	1	1	325255.277540	9945	325255.277540	13004.368185
19919	19918	9959	1	1	325751.262041	9959	325751.262041	16538.531089
19927	19926	9963	1	1	325902.431545	9963	325902.431545	13012.764867
19963	19962	9981	1	1	326562.879183	9981	326562.879183	13007.210496
19979	19978	9989	1	1	326849.599970	9989	326849.599970	13841.756785
19991	19990	9995	1	1	327063.861109	9995	327063.861109	18993.136433
20011	20010	10005	1	1	327449.322754	10005	327449.322754	13084.137201
20023	20022	10011	1	1	327664.088506	10011	327664.088506	13099.700153
20047	20046	10023	1	1	328119.316981	10023	328119.316981	13112.503190
20051	20050	10025	1	1	328177.918815	10025	328177.918815	13889.450745
20063	20062	10031	1	1	328392.902579	10031	328392.902579	14901.325166
20071	20070	10035	1	1	328536.539096	10035	328536.539096	13081.926601
20107	20106	10053	1	1	329226.506125	10053	329226.506125	13175.923707
20123	20122	10061	1	1	329519.311328	10061	329519.311328	13965.768617
20143	20142	10071	1	1	329872.864747	10071	329872.864747	13158.562567
20183	20182	10091	1	1	330598.435716	10091	330598.435716	14973.630340
20147	20146	10073	1	1	329938.925003	10073	329938.925003	13938.621938
20219	20218	10109	1	1	331274.009614	10109	331274.009614	14014.999129
20231	20230	10115	1	1	331499.526444	10115	331499.526444	16779.441585
20287	20286	10143	1	1	332524.933938	10143	332524.933938	13261.935608
20323	20322	10161	1	1	333181.186878	10161	333181.186878	13286.601461
20327	20326	10163	1	1	333267.975311	10163	333267.975311	15101.608331
20347	20346	10173	1	1	333656.311731	10173	333656.311731	13317.966430
20359	20358	10179	1	1	333842.232595	10179	333842.232595	13299.942512
20399	20398	10199	1	1	334593.322455	10199	334593.322455	16947.176815
20407	20406	10203	1	1	334733.046085	10203	334733.046085	13350.694528
20411	20410	10205	1	1	334779.629463	10205	334779.629463	14136.257523
20431	20430	10215	1	1	335162.264734	10215	335162.264734	13355.293193
20443	20442	10221	1	1	335378.564925	10221	335378.564925	13367.489672
20479	20478	10239	1	1	336054.953665	10239	336054.953665	13374.834996
20483	20482	10241	1	1	336133.979311	10241	336133.979311	14200.270714
20507	20506	10253	1	1	336561.082460	10253	336561.082460	14192.982182
20543	20542	10271	1	1	337239.308609	10271	337239.308609	15246.529321
20551	20550	10275	1	1	337373.075947	10275	337373.075947	13437.770487
20563	20562	10281	1	1	337611.395259	10281	337611.395259	13430.108450
20599	20598	10299	1	1	338261.778570	10299	338261.778570	13455.513616
20611	20610	10305	1	1	338502.177629	10305	338502.177629	13493.575556
20627	20626	10313	1	1	338788.244912	10313	338788.244912	14283.925059
20639	20638	10319	1	1	338995.924809	10319	338995.924809	19590.555649
20663	20662	10331	1	1	339442.638610	10331	339442.638610	15347.747094
20707	20706	10353	1	1	340278.852765	10353	340278.852765	13547.616254
20719	20718	10359	1	1	340469.152126	10359	340469.152126	13550.165515
20731	20730	10365	1	1	340698.339563	10365	340698.339563	13557.395543
20743	20742	10371	1	1	340906.539629	10371	340906.539629	13528.058827
20747	20746	10373	1	1	340988.680134	10373	340988.680134	14344.214975
20759	20758	10379	1	1	341199.876616	10379	341199.876616	17240.004452
20771	20770	10385	1	1	341406.414959	10385	341406.414959	14371.731139
20807	20806	10403	1	1	342095.955188	10403	342095.955188	15437.831134
20879	20878	10439	1	1	343398.024610	10439	343398.024610	19831.313777
20887	20886	10443	1	1	343579.734563	10443	343579.734563	13649.455499
20899	20898	10449	1	1	343785.954146	10449	343785.954146	13628.650478
20903	20902	10451	1	1	343873.508683	10451	343873.508683	15513.703036
20939	20938	10469	1	1	344506.525624	10469	344506.525624	14505.735578
20947	20946	10473	1	1	344685.883056	10473	344685.883056	13704.169172
20959	20958	10479	1	1	344899.947244	10479	344899.947244	13703.527923
20963	20962	10481	1	1	344957.467859	10481	344957.467859	14531.137193
20983	20982	10491	1	1	345331.647306	10491	345331.647306	13716.724244
21011	21010	10505	1	1	345828.492163	10505	345828.492163	14528.682967
21019	21018	10509	1	1	346007.831290	10509	346007.831290	13744.480116
21023	21022	10511	1	1	346080.849198	10511	346080.849198	15585.566867
21031	21030	10515	1	1	346254.853231	10515	346254.853231	13763.193898
21059	21058	10529	1	1	346745.869128	10529	346745.869128	14569.092224
21067	21066	10533	1	1	346892.587473	10533	346892.587473	13774.158746
21107	21106	10553	1	1	347637.943574	10553	347637.943574	14628.385099
21139	21138	10569	1	1	348226.831933	10569	348226.831933	13811.495049
21143	21142	10571	1	1	348300.696808	10571	348300.696808	15691.445345
21163	21162	10581	1	1	348656.380446	10581	348656.380446	13835.135412
21179	21178	10589	1	1	348939.973658	10589	348939.973658	14667.649281
21187	21186	10593	1	1	349118.193380	10593	349118.193380	13859.349871
21191	21190	10595	1	1	349188.808822	10595	349188.808822	17599.173707
21211	21210	10605	1	1	349557.090415	10605	349557.090415	13862.335862
21227	21226	10613	1	1	349837.925503	10613	349837.925503	14711.654470
21247	21246	10623	1	1	350236.026100	10623	350236.026100	13896.330954
21283	21282	10641	1	1	350877.581257	10641	350877.581257	13908.040436
21319	21318	10659	1	1	351560.721392	10659	351560.721392	13937.841681
21323	21322	10661	1	1	351626.076905	10661	351626.076905	14780.477712
21347	21346	10673	1	1	352063.388049	10673	352063.388049	14797.356741
21379	21378	10689	1	1	352660.146697	10689	352660.146697	13990.318767
21383	21382	10691	1	1	352720.264828	10691	352720.264828	15872.550041
21391	21390	10695	1	1	352868.912123	10695	352868.912123	13980.896679
21407	21406	10703	1	1	353183.767377	10703	353183.767377	15860.690715
21419	21418	10709	1	1	353382.685754	10709	353382.685754	14847.749003
21467	21466	10733	1	1	354297.882685	10733	354297.882685	14872.303978
21487	21486	10743	1	1	354653.518278	10743	354653.518278	14050.436223
21491	21490	10745	1	1	354727.105439	10745	354727.105439	14861.666371
21499	21498	10749	1	1	354893.958726	10749	354893.958726	14056.411176
21503	21502	10751	1	1	354962.554582	10751	354962.554582	15963.289318
21523	21522	10761	1	1	355313.668232	10761	355313.668232	14056.892547
21559	21558	10779	1	1	356016.552401	10779	356016.552401	14106.042030
21563	21562	10781	1	1	356062.911937	10781	356062.911937	14941.150194
21587	21586	10793	1	1	356510.058647	10793	356510.058647	14919.287864
21599	21598	10799	1	1	356739.204380	10799	356739.204380	17935.961577
21611	21610	10805	1	1	356934.867948	10805	356934.867948	14950.152794
21647	21646	10823	1	1	357632.871776	10823	357632.871776	16083.315550
21683	21682	10841	1	1	358284.330951	10841	358284.330951	15027.971950
21727	21726	10863	1	1	359094.398185	10863	359094.398185	14195.229705
21751	21750	10875	1	1	359543.946591	10875	359543.946591	14226.031333
21739	21738	10869	1	1	359324.199089	10869	359324.199089	14190.336618
21767	21766	10883	1	1	359829.973328	10883	359829.973328	16109.895351
21787	21786	10893	1	1	360237.956983	10893	360237.956983	14243.770129
21799	21798	10899	1	1	360462.149911	10899	360462.149911	14245.690986
21803	21802	10901	1	1	360494.418995	10901	360494.418995	15122.333514
21839	21838	10919	1	1	361173.000538	10919	361173.000538	20740.683516
21851	21850	10925	1	1	361418.239383	10925	361418.239383	15141.737898
21859	21858	10929	1	1	361567.038460	10929	361567.038460	14298.320213
21863	21862	10931	1	1	361619.109890	10931	361619.109890	16214.416294
21871	21870	10935	1	1	361776.319616	10935	361776.319616	14301.865231
21911	21910	10955	1	1	362524.667511	10955	362524.667511	18185.076803
21943	21942	10971	1	1	363113.141991	10971	363113.141991	14313.945766
21991	21990	10995	1	1	363990.740217	10995	363990.740217	14377.834707
22003	22002	11001	1	1	364215.274653	11001	364215.274653	14367.232932
22027	22026	11013	1	1	364689.520483	11013	364689.520483	14418.703712
22031	22030	11015	1	1	364742.185088	11015	364742.185088	18287.342638
22039	22038	11019	1	1	364893.378921	11019	364893.378921	14408.099635
22051	22050	11025	1	1	365128.157577	11025	365128.157577	14440.398312
22063	22062	11031	1	1	365337.269287	11031	365337.269287	14408.677718
22067	22066	11033	1	1	365388.046990	11033	365388.046990	15287.513957
22079	22078	11039	1	1	365610.313846	11039	365610.313846	18334.693145
22091	22090	11045	1	1	365842.935531	11045	365842.935531	15292.140725
22111	22110	11055	1	1	366236.122264	11055	366236.122264	14445.175024
22123	22122	11061	1	1	366435.174014	11061	366435.174014	14455.206744
22147	22146	11073	1	1	366897.414588	11073	366897.414588	14495.215806
22159	22158	11079	1	1	367117.561518	11079	367117.561518	14479.949900
22171	22170	11085	1	1	367339.439320	11085	367339.439320	14488.222292
22247	22246	11123	1	1	368765.664870	11123	368765.664870	16520.929161
22259	22258	11129	1	1	368956.934883	11129	368956.934883	15421.097899
22271	22270	11135	1	1	369182.490985	11135	369182.490985	18473.553325
22279	22278	11139	1	1	369349.223467	11139	369349.223467	14565.827409
22283	22282	11141	1	1	369425.871649	11141	369425.871649	15435.272494
22291	22290	11145	1	1	369580.069422	11145	369580.069422	14574.831059
22303	22302	11151	1	1	369777.158449	11151	369777.158449	14558.532944
22307	22306	11153	1	1	369858.106350	11153	369858.106350	15437.154978
22343	22342	11171	1	1	370517.919871	11171	370517.919871	16604.749284
22367	22366	11183	1	1	370985.073043	11183	370985.073043	16595.736038
22391	22390	11195	1	1	371441.061345	11195	371441.061345	22211.761246
22447	22446	11223	1	1	372490.916020	11223	372490.916020	14704.240984
22483	22482	11241	1	1	373142.804470	11241	373142.804470	14709.701608
22511	22510	11255	1	1	373663.933052	11255	373663.933052	21291.980122
22543	22542	11271	1	1	374244.639109	11271	374244.639109	14740.742668
22531	22530	11265	1	1	374060.585245	11265	374060.585245	14747.274649
22567	22566	11283	1	1	374693.423258	11283	374693.423258	14738.427858
22571	22570	11285	1	1	374760.600842	11285	374760.600842	15592.891636
22619	22618	11309	1	1	375670.278472	11309	375670.278472	15667.105773
22639	22638	11319	1	1	376040.146823	11319	376040.146823	14789.745663
22643	22642	11321	1	1	376110.565475	11321	376110.565475	15689.672400
22651	22650	11325	1	1	376261.663944	11325	376261.663944	14777.950723
22679	22678	11339	1	1	376792.658486	11339	376792.658486	22494.501184
22691	22690	11345	1	1	377013.356339	11345	377013.356339	15721.813429
22699	22698	11349	1	1	377162.316717	11349	377162.316717	14840.898550
22727	22726	11363	1	1	377687.183030	11363	377687.183030	16847.849388
22739	22738	11369	1	1	377900.893670	11369	377900.893670	15737.204950
22751	22750	11375	1	1	378094.026437	11375	378094.026437	18854.981695
22783	22782	11391	1	1	378728.958788	11391	378728.958788	14883.392980
22787	22786	11393	1	1	378793.437238	11393	378793.437238	15791.165502
22807	22806	11403	1	1	379182.229916	11403	379182.229916	14933.249070
22811	22810	11405	1	1	379250.009900	11405	379250.009900	15811.061928
22859	22858	11429	1	1	380141.625258	11429	380141.625258	15822.558242
22871	22870	11435	1	1	380349.576107	11435	380349.576107	18993.112595
22907	22906	11453	1	1	381026.500003	11453	381026.500003	15859.266836
22943	22942	11471	1	1	381685.946088	11471	381685.946088	17028.510879
22963	22962	11481	1	1	382073.542862	11481	382073.542862	15016.418625
23003	23002	11501	1	1	382815.058294	11501	382815.058294	15928.467095
23011	23010	11505	1	1	382989.584917	11505	382989.584917	15060.671526
23027	23026	11513	1	1	383269.636069	11513	383269.636069	15952.776247
23039	23038	11519	1	1	383496.437944	11519	383496.437944	19123.528898
23059	23058	11529	1	1	383856.135199	11529	383856.135199	15040.076597
23063	23062	11531	1	1	383951.986971	11531	383951.986971	17126.654889
23071	23070	11535	1	1	384106.753558	11535	384106.753558	15106.527781
23087	23086	11543	1	1	384397.382107	11543	384397.382107	17152.198886
23099	23098	11549	1	1	384584.585764	11549	384584.585764	15995.240307
23131	23130	11565	1	1	385223.375397	11565	385223.375397	15138.405878
23143	23142	11571	1	1	385429.171083	11571	385429.171083	15130.030793
23159	23158	11579	1	1	385731.633387	11579	385731.633387	21966.548874
23167	23166	11583	1	1	385862.592133	11583	385862.592133	15129.593111
23203	23202	11601	1	1	386542.760319	11601	386542.760319	15166.870073
23227	23226	11613	1	1	387006.090065	11613	387006.090065	15185.704970
23251	23250	11625	1	1	387453.142357	11625	387453.142357	15197.308218
23279	23278	11639	1	1	387942.440147	11639	387942.440147	19314.220937
23291	23290	11645	1	1	388183.977947	11645	388183.977947	16118.718694
23327	23326	11663	1	1	388870.450990	11663	388870.450990	17324.940345
23311	23310	11655	1	1	388575.517693	11655	388575.517693	15221.335314
23339	23338	11669	1	1	389062.898110	11669	389062.898110	16163.912390
23371	23370	11685	1	1	389682.278018	11685	389682.278018	15240.689756
23399	23398	11699	1	1	390204.983982	11699	390204.983982	24633.443785
23431	23430	11715	1	1	390827.649145	11715	390827.649145	15333.289559
23447	23446	11723	1	1	391114.982493	11723	391114.982493	17423.315554
23459	23458	11729	1	1	391309.699223	11729	391309.699223	16253.895188
23531	23530	11765	1	1	392669.641259	11765	392669.641259	16312.749812
23539	23538	11769	1	1	392837.508496	11769	392837.508496	15397.491900
23563	23562	11781	1	1	393262.427110	11781	393262.427110	15398.583194
23567	23566	11783	1	1	393348.869775	11783	393348.869775	17487.444690
23599	23598	11799	1	1	393940.677276	11799	393940.677276	15390.150573
23603	23602	11801	1	1	393989.353040	11801	393989.353040	16353.457990
23623	23622	11811	1	1	394405.330863	11811	394405.330863	15428.020744
23627	23626	11813	1	1	394476.739141	11813	394476.739141	16362.423793
23663	23662	11831	1	1	395142.502843	11831	395142.502843	17560.186759
23671	23670	11835	1	1	395296.980628	11835	395296.980628	15477.115199
23687	23686	11843	1	1	395603.087821	11843	395603.087821	17596.806225
23719	23718	11859	1	1	396192.529230	11859	396192.529230	15497.440316
23743	23742	11871	1	1	396635.263335	11871	396635.263335	15525.921318
23747	23746	11873	1	1	396709.898846	11873	396709.898846	16454.153738
23767	23766	11883	1	1	397120.120228	11883	397120.120228	15557.793894
23819	23818	11909	1	1	398044.703950	11909	398044.703950	16496.541413
23827	23826	11913	1	1	398223.347045	11913	398223.347045	15579.792747
23831	23830	11915	1	1	398278.395790	11915	398278.395790	22634.432054
23879	23878	11939	1	1	399181.876682	11939	399181.876682	19822.567347
23887	23886	11943	1	1	399319.977934	11943	399319.977934	15597.938498
23899	23898	11949	1	1	399558.751859	11949	399558.751859	15646.322125
23911	23910	11955	1	1	399778.621582	11955	399778.621582	15634.247445
23971	23970	11985	1	1	400890.997748	11985	400890.997748	15676.487664
24007	24006	12003	1	1	401579.103851	12003	401579.103851	15675.915357
24019	24018	12009	1	1	401806.819290	12009	401806.819290	15705.928835
24023	24022	12011	1	1	401872.066964	12011	401872.066964	17840.227905
24043	24042	12021	1	1	402245.356373	12021	402245.356373	15714.549191
24071	24070	12035	1	1	402774.876360	12035	402774.876360	22879.896149
24083	24082	12041	1	1	403031.746965	12041	403031.746965	16709.987317
24091	24090	12045	1	1	403153.136186	12045	403153.136186	15717.590954
24103	24102	12051	1	1	403376.923453	12051	403376.923453	15715.769527
24107	24106	12053	1	1	403464.425774	12053	403464.425774	16672.729528
24151	24150	12075	1	1	404270.400275	12075	404270.400275	15780.534758
24179	24178	12089	1	1	404797.308240	12089	404797.308240	16723.042352
24203	24202	12101	1	1	405224.971106	12101	405224.971106	16768.757194
24223	24222	12111	1	1	405620.228093	12111	405620.228093	15829.810545
24239	24238	12119	1	1	405910.329780	12119	405910.329780	24034.760968
24247	24246	12123	1	1	406066.380345	12123	406066.380345	15839.550578
24251	24250	12125	1	1	406156.986387	12125	406156.986387	16817.585905
24359	24358	12179	1	1	408172.213468	12179	408172.213468	23138.807551
24371	24370	12185	1	1	408405.533902	12185	408405.533902	16869.024338
24379	24378	12189	1	1	408581.002362	12189	408581.002362	15913.646965
24391	24390	12195	1	1	408792.974543	12195	408792.974543	15971.504656
24407	24406	12203	1	1	409084.594086	12203	409084.594086	18122.803838
24419	24418	12209	1	1	409304.652800	12209	409304.652800	16892.070206
24439	24438	12219	1	1	409677.145851	12219	409677.145851	15976.290193
24443	24442	12221	1	1	409765.819133	12221	409765.819133	16944.561435
24499	24498	12249	1	1	410800.427964	12249	410800.427964	15981.415316
24527	24526	12263	1	1	411319.408987	12263	411319.408987	18167.397999
24547	24546	12273	1	1	411697.973821	12273	411697.973821	16043.958828
24551	24550	12275	1	1	411758.758089	12275	411758.758089	20364.086079
24571	24570	12285	1	1	412147.414504	12285	412147.414504	16033.292849
24611	24610	12305	1	1	412895.377255	12305	412895.377255	17064.569217
24623	24622	12311	1	1	413133.830823	12311	413133.830823	18262.919497
24631	24630	12315	1	1	413302.837316	12315	413302.837316	16102.507270
24659	24658	12329	1	1	413791.363854	12329	413791.363854	17087.433587
24671	24670	12335	1	1	414032.645813	12335	414032.645813	23411.578159
24683	24682	12341	1	1	414254.670287	12341	414254.670287	17103.080425
24691	24690	12345	1	1	414406.977514	12345	414406.977514	16136.667861
24763	24762	12381	1	1	415745.497967	12381	415745.497967	16172.036214
24767	24766	12383	1	1	415832.734663	12383	415832.734663	18330.398267
24799	24798	12399	1	1	416453.900335	12399	416453.900335	16243.701571
24847	24846	12423	1	1	417340.174474	12423	417340.174474	16227.690664
24851	24850	12425	1	1	417416.727063	12425	417416.727063	17222.886177
24859	24858	12429	1	1	417573.372187	12429	417573.372187	16220.010248
24907	24906	12453	1	1	418472.889150	12453	418472.889150	16290.575371
24919	24918	12459	1	1	418690.723320	12459	418690.723320	16290.715622
24923	24922	12461	1	1	418774.206822	12461	418774.206822	17265.573472
24943	24942	12471	1	1	419150.390088	12471	419150.390088	16305.485103
24967	24966	12483	1	1	419582.702963	12483	419582.702963	16311.322754
24971	24970	12485	1	1	419646.861501	12485	419646.861501	17300.928708
24979	24978	12489	1	1	419857.892736	12489	419857.892736	16363.421606
25031	25030	12515	1	1	420804.792885	12515	420804.792885	24710.631143
25087	25086	12543	1	1	421847.184169	12543	421847.184169	16390.760174
25111	25110	12555	1	1	422326.858571	12555	422326.858571	16403.888572
25127	25126	12563	1	1	422603.712510	12563	422603.712510	18643.626155
25147	25146	12573	1	1	422989.633421	12573	422989.633421	16443.146324
25163	25162	12581	1	1	423274.189466	12581	423274.189466	17442.893407
25171	25170	12585	1	1	423448.404287	12585	423448.404287	16471.548735
25183	25182	12591	1	1	423647.263803	12591	423647.263803	16459.916062
25219	25218	12609	1	1	424334.983436	12609	424334.983436	16468.902105
25243	25242	12621	1	1	424782.386178	12621	424782.386178	16472.815643
25247	25246	12623	1	1	424867.144633	12623	424867.144633	18706.932105
25303	25302	12651	1	1	425926.023709	12651	425926.023709	16545.680693
25307	25306	12653	1	1	426007.970076	12653	426007.970076	17531.475222
25339	25338	12669	1	1	426600.021863	12669	426600.021863	16555.890245
25343	25342	12671	1	1	426675.022744	12671	426675.022744	18813.007816
25367	25366	12683	1	1	427129.485152	12683	427129.485152	18845.813831
25391	25390	12695	1	1	427577.388969	12695	427577.388969	21071.294633
25411	25410	12705	1	1	427973.088679	12705	427973.088679	16632.590124
25423	25422	12711	1	1	428163.507825	12711	428163.507825	16606.116257
25439	25438	12719	1	1	428494.993547	12719	428494.993547	21131.091862
25447	25446	12723	1	1	428650.641494	12723	428650.641494	16667.860789
25463	25462	12731	1	1	428946.196453	12731	428946.196453	18906.920517
25471	25470	12735	1	1	429090.728105	12735	429090.728105	16622.634520
25523	25522	12761	1	1	430046.649309	12761	430046.649309	17693.971312
25579	25578	12789	1	1	431135.357485	12789	431135.357485	16716.201714
25583	25582	12791	1	1	431191.702181	12791	431191.702181	18974.148591
25603	25602	12801	1	1	431578.637173	12801	431578.637173	16740.575773
25639	25638	12819	1	1	432246.257914	12819	432246.257914	16721.263216
25643	25642	12821	1	1	432306.035642	12821	432306.035642	17775.130344
25667	25666	12833	1	1	432810.272349	12833	432810.272349	17788.310747
25679	25678	12839	1	1	433010.412065	12839	433010.412065	24405.899747
25703	25702	12851	1	1	433452.455843	12851	433452.455843	19095.961915
25747	25746	12873	1	1	434291.110209	12873	434291.110209	16823.032090
25759	25758	12879	1	1	434530.736853	12879	434530.736853	16850.372798
25763	25762	12881	1	1	434582.028053	12881	434582.028053	17842.461286
25771	25770	12885	1	1	434741.412896	12885	434741.412896	16846.877509
25799	25798	12899	1	1	435253.026136	12899	435253.026136	21414.604011
25819	25818	12909	1	1	435674.322560	12909	435674.322560	16904.531988
25847	25846	12923	1	1	436196.074054	12923	436196.074054	19204.773687
25867	25866	12933	1	1	436556.702814	12933	436556.702814	16905.816930
25903	25902	12951	1	1	437220.256399	12951	437220.256399	16927.015365
25919	25918	12959	1	1	437521.918877	12959	437521.918877	24624.605254
25931	25930	12965	1	1	437770.133097	12965	437770.133097	17965.726549
25939	25938	12969	1	1	437922.242936	12969	437922.242936	16938.555187
25943	25942	12971	1	1	438002.510835	12971	438002.510835	19268.776244
25951	25950	12975	1	1	438132.088070	12975	438132.088070	16959.506798
25999	25998	12999	1	1	439032.657512	12999	439032.657512	16960.686739
26003	26002	13001	1	1	439116.168311	13001	439116.168311	18009.428416
26083	26082	13041	1	1	440638.716296	13041	440638.716296	17016.130302
26099	26098	13049	1	1	440945.416377	13049	440945.416377	18091.850638
26107	26106	13053	1	1	441085.636508	13053	441085.636508	17066.110176
26111	26110	13055	1	1	441137.006685	13055	441137.006685	21659.119470
26119	26118	13059	1	1	441330.862929	13059	441330.862929	17085.877180
26171	26170	13085	1	1	442308.093520	13085	442308.093520	18145.758229
26183	26182	13091	1	1	442530.572140	13091	442530.572140	19427.646897
26203	26202	13101	1	1	442910.584588	13101	442910.584588	17143.181563
26227	26226	13113	1	1	443365.833407	13113	443365.833407	17143.665698
26251	26250	13125	1	1	443829.735296	13125	443829.735296	17173.699837
26263	26262	13131	1	1	444030.497440	13131	444030.497440	17122.261288
26267	26266	13133	1	1	444111.771624	13133	444111.771624	18191.120478
26339	26338	13169	1	1	445477.460718	13169	445477.460718	18246.248869
26347	26346	13173	1	1	445615.897681	13173	445615.897681	17213.844852
26371	26370	13185	1	1	446072.924809	13185	446072.924809	17211.946573
26387	26386	13193	1	1	446381.854970	13193	446381.854970	18278.622552
26399	26398	13199	1	1	446611.785791	13199	446611.785791	21920.339568
26407	26406	13203	1	1	446765.022382	13203	446765.022382	17271.631967
26423	26422	13211	1	1	447082.721714	13211	447082.721714	19633.115930
26431	26430	13215	1	1	447238.909360	13215	447238.909360	17301.694099
26459	26458	13229	1	1	447714.315055	13229	447714.315055	18323.447906
26479	26478	13239	1	1	448139.693588	13239	448139.693588	17333.643157
26539	26538	13269	1	1	449285.547036	13269	449285.547036	17376.203139
26591	26590	13295	1	1	450258.033515	13295	450258.033515	25277.836461
26627	26626	13313	1	1	450916.043031	13313	450916.043031	18446.648363
26647	26646	13323	1	1	451302.662588	13323	451302.662588	17403.561430
26683	26682	13341	1	1	451985.657489	13341	451985.657489	17413.683093
26687	26686	13343	1	1	452066.265837	13343	452066.265837	19811.709027
26699	26698	13349	1	1	452284.461041	13349	452284.461041	18486.726251
26711	26710	13355	1	1	452507.461095	13355	452507.461095	25374.311399
26723	26722	13361	1	1	452744.314454	13361	452744.314454	18521.428917
26731	26730	13365	1	1	452899.074903	13365	452899.074903	17485.933453
26759	26758	13379	1	1	453426.047759	13379	453426.047759	26541.357389
26783	26782	13391	1	1	453892.585977	13391	453892.585977	19875.519000
26839	26838	13419	1	1	454937.637097	13419	454937.637097	17547.662766
26879	26878	13439	1	1	455674.450599	13439	455674.450599	26662.431260
26863	26862	13431	1	1	455378.403600	13431	455378.403600	17535.555793
26891	26890	13445	1	1	455928.685329	13445	455928.685329	18637.313249
26903	26902	13451	1	1	456160.540614	13451	456160.540614	19973.326570
26927	26926	13463	1	1	456608.057384	13463	456608.057384	19949.659361
26947	26946	13473	1	1	456988.044194	13473	456988.044194	17601.983468
26951	26950	13475	1	1	457061.752703	13475	457061.752703	22365.394332
26959	26958	13479	1	1	457231.876750	13479	457231.876750	17650.757426
26987	26986	13493	1	1	457746.760586	13493	457746.760586	18692.764834
27011	27010	13505	1	1	458210.981197	13505	458210.981197	18725.050699
27031	27030	13515	1	1	458570.365002	13515	458570.365002	17665.065941
27059	27058	13529	1	1	459115.583304	13529	459115.583304	18736.860365
27043	27042	13521	1	1	458823.029245	13521	458823.029245	17688.187802
27067	27066	13533	1	1	459280.715086	13533	459280.715086	17712.469814
27091	27090	13545	1	1	459741.836345	13545	459741.836345	17702.507027
27103	27102	13551	1	1	459936.504376	13551	459936.504376	17708.415101
27107	27106	13553	1	1	460025.267003	13553	460025.267003	18778.403465
27127	27126	13563	1	1	460403.823528	13563	460403.823528	17733.768932
27143	27142	13571	1	1	460690.458646	13571	460690.458646	20169.301280
27179	27178	13589	1	1	461389.229677	13589	461389.229677	18834.760330
27191	27190	13595	1	1	461612.844995	13595	461612.844995	26961.203894
27211	27210	13605	1	1	462018.081547	13605	462018.081547	17810.383511
27239	27238	13619	1	1	462528.467864	13619	462528.467864	22619.915877
27259	27258	13629	1	1	462915.637217	13629	462915.637217	17839.519495
27271	27270	13635	1	1	463157.788160	13635	463157.788160	17834.655540
27299	27298	13649	1	1	463672.134582	13649	463672.134582	18902.302486
27283	27282	13641	1	1	463358.171478	13641	463358.171478	17835.762987
27367	27366	13683	1	1	464951.619351	13683	464951.619351	17893.523811
27427	27426	13713	1	1	466092.261449	13713	466092.261449	17930.875816
27407	27406	13703	1	1	465714.288931	13703	465714.288931	20340.538354
27431	27430	13715	1	1	466162.812386	13715	466162.812386	28875.528234
27479	27478	13739	1	1	467067.321162	13739	467067.321162	22808.384825
27487	27486	13743	1	1	467258.364698	13743	467258.364698	17989.359217
27527	27526	13763	1	1	468001.302159	13763	468001.302159	20449.734509
27539	27538	13769	1	1	468217.024212	13769	468217.024212	19066.989882
27551	27550	13775	1	1	468441.967879	13775	468441.967879	28995.254525
27583	27582	13791	1	1	469065.407572	13791	469065.407572	18040.626926
27611	27610	13805	1	1	469568.916659	13805	469568.916659	19140.173686
27631	27630	13815	1	1	469972.326993	13815	469972.326993	18062.997240
27647	27646	13823	1	1	470280.717115	13823	470280.717115	20482.502456
27691	27690	13845	1	1	471121.571740	13845	471121.571740	18092.317696
27739	27738	13869	1	1	472029.861269	13869	472029.861269	18103.853334
27743	27742	13871	1	1	472080.959530	13871	472080.959530	20580.897989
27751	27750	13875	1	1	472272.894491	13875	472272.894491	18159.261246
27763	27762	13881	1	1	472462.343414	13881	472462.343414	18137.045663
27767	27766	13883	1	1	472562.245008	13883	472562.245008	20629.877248
27779	27778	13889	1	1	472792.803655	13889	472792.803655	19234.955425
27791	27790	13895	1	1	473010.805747	13895	473010.805747	23072.933575
27799	27798	13899	1	1	473161.912107	13899	473161.912107	18159.698986
27803	27802	13901	1	1	473258.132940	13901	473258.132940	19284.010830
27823	27822	13911	1	1	473611.156384	13911	473611.156384	18177.362131
27827	27826	13913	1	1	473705.373083	13913	473705.373083	19295.370732
27847	27846	13923	1	1	474095.901033	13923	474095.901033	18200.887978
27851	27850	13925	1	1	474153.219465	13925	474153.219465	19291.458261
27883	27882	13941	1	1	474751.965648	13941	474751.965648	18227.756681
27919	27918	13959	1	1	475463.761128	13959	475463.761128	18269.108125
27943	27942	13971	1	1	475900.148123	13971	475900.148123	18253.334657
27947	27946	13973	1	1	475962.575240	13973	475962.575240	19360.570608
27967	27966	13983	1	1	476384.007578	13983	476384.007578	18308.118097
27983	27982	13991	1	1	476640.222114	13991	476640.222114	20759.304244
28019	28018	14009	1	1	477328.093636	14009	477328.093636	19413.343615
28027	28026	14013	1	1	477530.730781	14013	477530.730781	18336.310156
28031	28030	14015	1	1	477582.009365	14015	477582.009365	26619.077096
28051	28050	14025	1	1	477983.472124	14025	477983.472124	18324.327259
28087	28086	14043	1	1	478622.582498	14043	478622.582498	18353.026050
28099	28098	14049	1	1	478887.613445	14049	478887.613445	18386.873582
28111	28110	14055	1	1	479104.702258	14055	479104.702258	18375.837798
28123	28122	14061	1	1	479343.884014	14061	479343.884014	18353.101999
28151	28150	14075	1	1	479882.176492	14075	479882.176492	23367.510676
28163	28162	14081	1	1	480100.365925	14081	480100.365925	19519.395847
28183	28182	14091	1	1	480480.009086	14091	480480.009086	18421.051958
28211	28210	14105	1	1	481022.492366	14105	481022.492366	19554.674077
28219	28218	14109	1	1	481190.393586	14109	481190.393586	18475.636745
28279	28278	14139	1	1	482296.427050	14139	482296.427050	18478.573838
28283	28282	14141	1	1	482389.295396	14141	482389.295396	19606.899150
28307	28306	14153	1	1	482836.505919	14153	482836.505919	19592.065577
28319	28318	14159	1	1	483076.774233	14159	483076.774233	23523.003901
28351	28350	14175	1	1	483691.605145	14175	483691.605145	18561.186349
28387	28386	14193	1	1	484389.442244	14193	484389.442244	18581.330805
28403	28402	14201	1	1	484634.249293	14201	484634.249293	19673.246118
28411	28410	14205	1	1	484841.640969	14205	484841.640969	18593.918099
28439	28438	14219	1	1	485362.137935	14219	485362.137935	27034.323591
28447	28446	14223	1	1	485523.940274	14223	485523.940274	18609.170421
28463	28462	14231	1	1	485824.302711	14231	485824.302711	21131.850735
28499	28498	14249	1	1	486471.560824	14249	486471.560824	19742.854556
28547	28546	14273	1	1	487416.938819	14273	487416.938819	19740.192804
28559	28558	14279	1	1	487624.582557	14279	487624.582557	27139.789615
28571	28570	14285	1	1	487852.061044	14285	487852.061044	19772.812730
28579	28578	14289	1	1	488031.883777	14289	488031.883777	18686.132816
28591	28590	14295	1	1	488245.239882	14295	488245.239882	18674.525192
28603	28602	14301	1	1	488495.889949	14301	488495.889949	18683.604737
28607	28606	14303	1	1	488574.478233	14303	488574.478233	21200.216513
28619	28618	14309	1	1	488796.571722	14309	488796.571722	19809.050479
28627	28626	14313	1	1	488942.868706	14313	488942.868706	18726.440535
28631	28630	14315	1	1	489019.564817	14315	489019.564817	23754.973198
28643	28642	14321	1	1	489234.116214	14321	489234.116214	19853.012733
28663	28662	14331	1	1	489621.863500	14331	489621.863500	18721.395323
28687	28686	14343	1	1	490097.102504	14343	490097.102504	18768.724516
28703	28702	14351	1	1	490391.930223	14351	490391.930223	21312.329132
28711	28710	14355	1	1	490548.136346	14355	490548.136346	18741.151908
28723	28722	14361	1	1	490771.792806	14361	490771.792806	18779.462534
28751	28750	14375	1	1	491284.435964	14375	491284.435964	23871.048343
28759	28758	14379	1	1	491462.926656	14379	491462.926656	18808.136866
28771	28770	14385	1	1	491690.181336	14385	491690.181336	18783.198587
28807	28806	14403	1	1	492370.965457	14403	492370.965457	18821.995142
28843	28842	14421	1	1	493057.393695	14421	493057.393695	18846.733883
28859	28858	14429	1	1	493332.162925	14429	493332.162925	19984.394963
28867	28866	14433	1	1	493514.681067	14433	493514.681067	18854.641825
28871	28870	14435	1	1	493586.206494	14435	493586.206494	28606.015241
28879	28878	14439	1	1	493764.851995	14439	493764.851995	18894.269669
28927	28926	14463	1	1	494696.980244	14463	494696.980244	18931.502200
28979	28978	14489	1	1	495671.919719	14489	495671.919719	20085.264460
29023	29022	14511	1	1	496513.201921	14511	496513.201921	18970.556880
29027	29026	14513	1	1	496586.810549	14513	496586.810549	20111.724978
29059	29058	14529	1	1	497180.226333	14529	497180.226333	18949.885497
29063	29062	14531	1	1	497257.692636	14531	497257.692636	21572.596992
29123	29122	14561	1	1	498428.147839	14561	498428.147839	20194.903889
29131	29130	14565	1	1	498568.235311	14565	498568.235311	19018.712994
29147	29146	14573	1	1	498874.554089	14573	498874.554089	20176.560045
29167	29166	14583	1	1	499247.902135	14583	499247.902135	19064.993047
29179	29178	14589	1	1	499483.002301	14589	499483.002301	19075.575446
29191	29190	14595	1	1	499709.113121	14595	499709.113121	19081.768082
29207	29206	14603	1	1	500030.113669	14603	500030.113669	21686.883561
29231	29230	14615	1	1	500494.936408	14615	500494.936408	27797.013024
29243	29242	14621	1	1	500707.431707	14621	500707.431707	20269.483112
29251	29250	14625	1	1	500868.711605	14625	500868.711605	19100.644917
29287	29286	14643	1	1	501562.063677	14643	501562.063677	19172.303804
29303	29302	14651	1	1	501854.720035	14651	501854.720035	21754.351162
29311	29310	14655	1	1	502012.129454	14655	502012.129454	19132.964257
29327	29326	14663	1	1	502329.511365	14663	502329.511365	21748.971903
29339	29338	14669	1	1	502509.514854	14669	502509.514854	20317.482610
29347	29346	14673	1	1	502717.568981	14673	502717.568981	19212.753306
29363	29362	14681	1	1	502964.685843	14681	502964.685843	20348.245258
29383	29382	14691	1	1	503382.526967	14691	503382.526967	19212.472311
29387	29386	14693	1	1	503468.056999	14693	503468.056999	20348.556797
29399	29398	14699	1	1	503699.923570	14699	503699.923570	29044.664253
29411	29410	14705	1	1	503919.626682	14705	503919.626682	20395.598737
29423	29422	14711	1	1	504159.236418	14711	504159.236418	21851.027484
29443	29442	14721	1	1	504511.697355	14721	504511.697355	19235.739411
29483	29482	14741	1	1	505271.343036	14741	505271.343036	20436.171615
29527	29526	14763	1	1	506165.423125	14763	506165.423125	19327.420136
29531	29530	14765	1	1	506194.887625	14765	506194.887625	20468.802734
29567	29566	14783	1	1	506908.031044	14783	506908.031044	21897.062720
29587	29586	14793	1	1	507294.155426	14793	507294.155426	19343.376816
29599	29598	14799	1	1	507530.872930	14799	507530.872930	19362.717411
29611	29610	14805	1	1	507779.319165	14805	507779.319165	19387.408026
29663	29662	14831	1	1	508732.147152	14831	508732.147152	22017.721744
29671	29670	14835	1	1	508924.482918	14835	508924.482918	19413.304592
29683	29682	14841	1	1	509116.112926	14841	509116.112926	19382.983587
29723	29722	14861	1	1	509888.454355	14861	509888.454355	20605.438998
29759	29758	14879	1	1	510586.991514	14879	510586.991514	24701.886828
29803	29802	14901	1	1	511429.450106	14901	511429.450106	19500.461400
29819	29818	14909	1	1	511722.149463	14909	511722.149463	20642.224755
29851	29850	14925	1	1	512338.698102	14925	512338.698102	19516.692060
29863	29862	14931	1	1	512564.670856	14931	512564.670856	19503.852159
29867	29866	14933	1	1	512648.382987	14933	512648.382987	20686.316098
29879	29878	14939	1	1	512889.125485	14939	512889.125485	28390.206623
29927	29926	14963	1	1	513792.676888	14963	513792.676888	22164.290954
29947	29946	14973	1	1	514174.860267	14973	514174.860267	19567.354809
29959	29958	14979	1	1	514427.034192	14979	514427.034192	19555.957740
29983	29982	14991	1	1	514871.994823	14991	514871.994823	19599.761975
30011	30010	15005	1	1	515408.735240	15005	515408.735240	20788.976933
30047	30046	15023	1	1	516107.028838	15023	516107.028838	22301.787674
30059	30058	15029	1	1	516332.457644	15029	516332.457644	20838.094002
30071	30070	15035	1	1	516585.785033	15035	516585.785033	29784.499823
30091	30090	15045	1	1	516954.725165	15045	516954.725165	19689.549360
30103	30102	15051	1	1	517171.097048	15051	517171.097048	19672.410739
30119	30118	15059	1	1	517488.726510	15059	517488.726510	28629.771258
30139	30138	15069	1	1	517864.210623	15069	517864.210623	19707.313992
30187	30186	15093	1	1	518794.616684	15093	518794.616684	19759.329360
30203	30202	15101	1	1	519104.594715	15101	519104.594715	20943.036292
30211	30210	15105	1	1	519249.554101	15105	519249.554101	19755.033663
30223	30222	15111	1	1	519492.365638	15111	519492.365638	19723.985890
30259	30258	15129	1	1	520178.569818	15129	520178.569818	19738.129205
30271	30270	15135	1	1	520393.069225	15135	520393.069225	19781.686914
30307	30306	15153	1	1	521087.157623	15153	521087.157623	19796.943288
30319	30318	15159	1	1	521354.105949	15159	521354.105949	19854.911811
30323	30322	15161	1	1	521387.870446	15161	521387.870446	21022.607466
30347	30346	15173	1	1	521865.545403	15173	521865.545403	21029.878532
30367	30366	15183	1	1	522261.772295	15183	522261.772295	19873.332577
30391	30390	15195	1	1	522724.138603	15195	522724.138603	19846.143224
30403	30402	15201	1	1	522945.757863	15201	522945.757863	19847.914862
30427	30426	15213	1	1	523406.036775	15213	523406.036775	19899.682905
30431	30430	15215	1	1	523463.584933	15215	523463.584933	25253.115714
30467	30466	15233	1	1	524170.345614	15233	524170.345614	21112.409746
30491	30490	15245	1	1	524637.202187	15245	524637.202187	21107.372866
30539	30538	15269	1	1	525548.172371	15269	525548.172371	21170.144963
30559	30558	15279	1	1	525932.044545	15279	525932.044545	19966.666466
30631	30630	15315	1	1	527335.954960	15315	527335.954960	20053.755651
30643	30642	15321	1	1	527539.121754	15321	527539.121754	20031.858802
30671	30670	15335	1	1	528062.455770	15335	528062.455770	25447.188965
30703	30702	15351	1	1	528694.635816	15351	528694.635816	20046.032152
30707	30706	15353	1	1	528791.819495	15353	528791.819495	21284.584931
30727	30726	15363	1	1	529157.538611	15363	529157.538611	20087.060550
30763	30762	15381	1	1	529860.850140	15381	529860.850140	20094.663725
30803	30802	15401	1	1	530618.870288	15401	530618.870288	21354.302343
30839	30838	15419	1	1	531310.026281	15419	531310.026281	25601.239879
30851	30850	15425	1	1	531519.356459	15425	531519.356459	21360.784017
30859	30858	15429	1	1	531730.411457	15429	531730.411457	20205.219157
30871	30870	15435	1	1	531936.192906	15435	531936.192906	20189.304745
30911	30910	15455	1	1	532689.758786	15455	532689.758786	29359.293156
30931	30930	15465	1	1	533109.452371	15465	533109.452371	20228.647573
30971	30970	15485	1	1	533846.082921	15485	533846.082921	21444.768657
30983	30982	15491	1	1	534084.923788	15491	534084.923788	23020.658488
31019	31018	15509	1	1	534759.655415	15509	534759.655415	21497.800061
31039	31038	15519	1	1	535157.810265	15519	535157.810265	20252.296596
31051	31050	15525	1	1	535395.280316	15525	535395.280316	20312.033308
31063	31062	15531	1	1	535634.146327	15531	535634.146327	20305.055934
31091	31090	15545	1	1	536177.317230	15545	536177.317230	21565.198293
31079	31078	15539	1	1	535941.625354	15539	535941.625354	29533.702197
31123	31122	15561	1	1	536761.536373	15561	536761.536373	20317.208521
31139	31138	15569	1	1	537077.769999	15569	537077.769999	21575.887141
31147	31146	15573	1	1	537232.349126	15573	537232.349126	20340.325037
31151	31150	15575	1	1	537291.065851	15575	537291.065851	25831.550755
31159	31158	15579	1	1	537466.112135	15579	537466.112135	20348.969720
31183	31182	15591	1	1	537938.965332	15591	537938.965332	20364.344280
31219	31218	15609	1	1	538618.350368	15609	538618.350368	20410.179357
31223	31222	15611	1	1	538705.610140	15611	538705.610140	23168.407764
31231	31230	15615	1	1	538846.408086	15615	538846.408086	20417.331385
31259	31258	15629	1	1	539390.523686	15629	539390.523686	21652.439109
31247	31246	15623	1	1	539181.467473	15623	539181.467473	23215.566700
31267	31266	15633	1	1	539574.899862	15633	539574.899862	20466.556245
31271	31270	15635	1	1	539631.981943	15635	539631.981943	25962.552656
31307	31306	15653	1	1	540322.969315	15653	540322.969315	21695.833889
31319	31318	15659	1	1	540526.914494	15659	540526.914494	25998.953877
31327	31326	15663	1	1	540722.050057	15663	540722.050057	20498.174208
31379	31378	15689	1	1	541714.872284	15689	541714.872284	21757.930785
31387	31386	15693	1	1	541877.769944	15693	541877.769944	20537.743254
31391	31390	15695	1	1	541941.209726	15695	541941.209726	36556.454472
31511	31510	15755	1	1	544252.802933	15755	544252.802933	26151.088308
31531	31530	15765	1	1	544628.036891	15765	544628.036891	20607.647636
31543	31542	15771	1	1	544858.359095	15771	544858.359095	20626.708808
31547	31546	15773	1	1	544940.077589	15773	544940.077589	21863.578491
31567	31566	15783	1	1	545332.992246	15783	545332.992246	20640.085458
31583	31582	15791	1	1	545643.277170	15791	545643.277170	23449.571506
31607	31606	15803	1	1	546093.379382	15803	546093.379382	23464.264888
31627	31626	15813	1	1	546485.307716	15813	546485.307716	20681.333549
31643	31642	15821	1	1	546796.944276	15821	546796.944276	21932.382045
31663	31662	15831	1	1	547183.395296	15831	547183.395296	20706.385537
31667	31666	15833	1	1	547262.720865	15833	547262.720865	21915.501951
31687	31686	15843	1	1	547643.696879	15843	547643.696879	20701.191595
31699	31698	15849	1	1	547886.660656	15849	547886.660656	20743.187540
31723	31722	15861	1	1	548332.817094	15861	548332.817094	20709.577549
31727	31726	15863	1	1	548421.794665	15863	548421.794665	23554.061371
31751	31750	15875	1	1	548870.407651	15875	548870.407651	30167.461580
31771	31770	15885	1	1	549278.642465	15885	549278.642465	20795.433832
31799	31798	15899	1	1	549786.779130	15899	549786.779130	30211.109737
31847	31846	15923	1	1	550734.545889	15923	550734.545889	23605.332460
31859	31858	15929	1	1	550939.907298	15929	550939.907298	22078.304702
31883	31882	15941	1	1	551423.911541	15941	551423.911541	22098.557749
31891	31890	15945	1	1	551609.212774	15945	551609.212774	20880.204775
31907	31906	15953	1	1	551904.153373	15953	551904.153373	22119.101906
31963	31962	15981	1	1	552972.061355	15981	552972.061355	20889.820775
31991	31990	15995	1	1	553516.785274	15995	553516.785274	26565.425939
32003	32002	16001	1	1	553711.013670	16001	553711.013670	22174.896404
32027	32026	16013	1	1	554216.262374	16013	554216.262374	22187.723404
32051	32050	16025	1	1	554672.575813	16025	554672.575813	22218.805115
32059	32058	16029	1	1	554813.534577	16029	554813.534577	20956.144840
32063	32062	16031	1	1	554894.396366	16031	554894.396366	23803.776776
32083	32082	16041	1	1	555287.402815	16041	555287.402815	20976.144477
32099	32098	16049	1	1	555592.203639	16049	555592.203639	22243.713828
32119	32118	16059	1	1	555986.666902	16059	555986.666902	21015.091961
32143	32142	16071	1	1	556442.395614	16071	556442.395614	21019.928148
32159	32158	16079	1	1	556733.842524	16079	556733.842524	26709.512571
32183	32182	16091	1	1	557215.467825	16091	557215.467825	23898.959770
32191	32190	16095	1	1	557378.509632	16095	557378.509632	21053.333977
32251	32250	16125	1	1	558522.505979	16125	558522.505979	21088.981720
32203	32202	16101	1	1	557587.248529	16101	557587.248529	21053.405185
32299	32298	16149	1	1	559459.692516	16149	559459.692516	21108.467328
32303	32302	16151	1	1	559536.030891	16151	559536.030891	23983.989632
32323	32322	16161	1	1	559905.750025	16161	559905.750025	21140.782336
32327	32326	16163	1	1	559990.612409	16163	559990.612409	23997.285512
32359	32358	16179	1	1	560636.998285	16179	560636.998285	21164.362783
32363	32362	16181	1	1	560678.750261	16181	560678.750261	22426.239630
32371	32370	16185	1	1	560848.385282	16185	560848.385282	21159.238335
32411	32410	16205	1	1	561638.641426	16205	561638.641426	22456.513864
32423	32422	16211	1	1	561848.305208	16211	561848.305208	24066.527890
32443	32442	16221	1	1	562221.569320	16221	562221.569320	21206.238663
32467	32466	16233	1	1	562703.928519	16233	562703.928519	21202.733910
32479	32478	16239	1	1	562918.961978	16239	562918.961978	21227.755122
32491	32490	16245	1	1	563172.147564	16245	563172.147564	21209.660054
32503	32502	16251	1	1	563412.807495	16251	563412.807495	21257.625786
32507	32506	16253	1	1	563487.474330	16253	563487.474330	22529.726870
32563	32562	16281	1	1	564543.522979	16281	564543.522979	21284.560963
32531	32530	16265	1	1	563920.779156	16265	563920.779156	22527.061707
32579	32578	16289	1	1	564862.671785	16289	564862.671785	22560.604880
32587	32586	16293	1	1	565028.246394	16293	565028.246394	21331.610838
32603	32602	16301	1	1	565344.420050	16301	565344.420050	22598.662271
32611	32610	16305	1	1	565492.915053	16305	565492.915053	21319.667454
32647	32646	16323	1	1	566183.217061	16323	566183.217061	21369.099418
32687	32686	16343	1	1	566955.364746	16343	566955.364746	24269.943973
32707	32706	16353	1	1	567347.870032	16353	567347.870032	21399.455558
32719	32718	16359	1	1	567599.705303	16359	567599.705303	21404.693845
32771	32770	16385	1	1	568560.606838	16385	568560.606838	22691.566242
32779	32778	16389	1	1	568767.357635	16389	568767.357635	21455.025454
32783	32782	16391	1	1	568804.296093	16391	568804.296093	24327.553167
32803	32802	16401	1	1	569194.098274	16401	569194.098274	21440.719842
32831	32830	16415	1	1	569731.567947	16415	569731.567947	27255.121234
32839	32838	16419	1	1	569917.891789	16419	569917.891789	21468.500318
32843	32842	16421	1	1	569960.419386	16421	569960.419386	22776.064691
32887	32886	16443	1	1	570836.596417	16443	570836.596417	21502.273871
32911	32910	16455	1	1	571301.237719	16455	571301.237719	21525.078455
32939	32938	16469	1	1	571818.914782	16469	571818.914782	22789.608223
32971	32970	16485	1	1	572449.806251	16485	572449.806251	21548.881424
32983	32982	16491	1	1	572677.185235	16491	572677.185235	21568.451057
32987	32986	16493	1	1	572774.421135	16493	572774.421135	22857.943315
32999	32998	16499	1	1	572995.666409	16499	572995.666409	27395.305146
33023	33022	16511	1	1	573437.934346	16511	573437.934346	24510.565705
33071	33070	16535	1	1	574398.567659	16535	574398.567659	31433.325973
33083	33082	16541	1	1	574630.296782	16541	574630.296782	22929.730485
33091	33090	16545	1	1	574770.640601	16545	574770.640601	21619.231059
33107	33106	16553	1	1	575083.785412	16553	575083.785412	22948.051280
33119	33118	16559	1	1	575297.236491	16559	575297.236491	27497.246710
33151	33150	16575	1	1	575969.758872	16575	575969.758872	21698.017084
33179	33178	16589	1	1	576466.065220	16589	576466.065220	22977.548638
33191	33190	16595	1	1	576709.518746	16595	576709.518746	27572.120530
33199	33198	16599	1	1	576880.021323	16599	576880.021323	21682.406482
33203	33202	16601	1	1	576942.738631	16601	576942.738631	23000.129744
33211	33210	16605	1	1	577105.812353	16605	577105.812353	21715.387620
33223	33222	16611	1	1	577326.928780	16611	577326.928780	21711.208472
33247	33246	16623	1	1	577779.734203	16623	577779.734203	21733.312292
33287	33286	16643	1	1	578574.953725	16643	578574.953725	24704.066062
33311	33310	16655	1	1	579040.787015	16655	579040.787015	31661.208536
33331	33330	16665	1	1	579426.006109	16665	579426.006109	21783.862664
33343	33342	16671	1	1	579665.780008	16671	579665.780008	21770.186197
33347	33346	16673	1	1	579740.452033	16673	579740.452033	23074.659607
33359	33358	16679	1	1	579984.145998	16679	579984.145998	27710.856287
33391	33390	16695	1	1	580590.930371	16695	580590.930371	21834.598728
33403	33402	16701	1	1	580820.692646	16701	580820.692646	21830.814856
33427	33426	16713	1	1	581305.921564	16713	581305.921564	21874.495312
33479	33478	16739	1	1	582272.121932	16739	582272.121932	35242.746900
33487	33486	16743	1	1	582464.085403	16743	582464.085403	21902.343819
33503	33502	16751	1	1	582766.944884	16751	582766.944884	24877.277912
33547	33546	16773	1	1	583624.440599	16773	583624.440599	21931.102837
33563	33562	16781	1	1	583920.702320	16781	583920.702320	23261.704497
33587	33586	16793	1	1	584395.835582	16793	584395.835582	23260.926096
33599	33598	16799	1	1	584627.643096	16799	584627.643096	31933.743309
33619	33618	16809	1	1	585008.774395	16809	585008.774395	21979.957592
33623	33622	16811	1	1	585073.470991	16811	585073.470991	24956.009906
33647	33646	16823	1	1	585570.628509	16823	585570.628509	24994.742327
33679	33678	16839	1	1	586184.590417	16839	586184.590417	21992.098567
33703	33702	16851	1	1	586645.480224	16851	586645.480224	22008.829607
33739	33738	16869	1	1	587366.893146	16869	587366.893146	22079.399314
33751	33750	16875	1	1	587582.900239	16875	587582.900239	22038.146587
33767	33766	16883	1	1	587892.202844	16883	587892.202844	25071.924405
33791	33790	16895	1	1	588344.572388	16895	588344.572388	28038.359857
33811	33810	16905	1	1	588742.732544	16905	588742.732544	22072.109455
33827	33826	16913	1	1	589058.884987	16913	589058.884987	23403.267274
33851	33850	16925	1	1	589530.557156	16925	589530.557156	23458.234538
33863	33862	16931	1	1	589751.881713	16931	589751.881713	25126.276765
33871	33870	16935	1	1	589924.816418	16935	589924.816418	22168.084240
33911	33910	16955	1	1	590675.620537	16955	590675.620537	32224.666345
33923	33922	16961	1	1	590911.156390	16961	590911.156390	23501.254098
33931	33930	16965	1	1	591064.068423	16965	591064.068423	22139.252349
33967	33966	16983	1	1	591791.250412	16983	591791.250412	22230.320761
34019	34018	17009	1	1	592777.068519	17009	592777.068519	23567.291541
34031	34030	17015	1	1	593001.576132	17015	593001.576132	28247.375761
34039	34038	17019	1	1	593168.707922	17019	593168.707922	22253.958114
34123	34122	17061	1	1	594804.294350	17061	594804.294350	22315.633496
34127	34126	17063	1	1	594894.007946	17063	594894.007946	25349.253896
34147	34146	17073	1	1	595259.644170	17073	595259.644170	22318.880897
34159	34158	17079	1	1	595505.292893	17079	595505.292893	22343.822120
34171	34170	17085	1	1	595733.231251	17085	595733.231251	22342.452014
34183	34182	17091	1	1	595961.755269	17091	595961.755269	22350.184453
34211	34210	17105	1	1	596497.521903	17105	596497.521903	23688.976072
34231	34230	17115	1	1	596899.961554	17115	596899.961554	22369.030352
34259	34258	17129	1	1	597456.653440	17129	597456.653440	23732.028092
34267	34266	17133	1	1	597593.143355	17133	597593.143355	22403.472157
34283	34282	17141	1	1	597898.391818	17141	597898.391818	23769.503611
34303	34302	17151	1	1	598312.342140	17151	598312.342140	22436.678703
34319	34318	17159	1	1	598599.043108	17159	598599.043108	36937.593621
34327	34326	17163	1	1	598755.872554	17163	598755.872554	22442.030193
34351	34350	17175	1	1	599233.344396	17175	599233.344396	22430.166715
34367	34366	17183	1	1	599528.986758	17183	599528.986758	25507.952072
34403	34402	17201	1	1	600242.196627	17201	600242.196627	23843.319161
34439	34438	17219	1	1	600924.487904	17219	600924.487904	32724.109287
34471	34470	17235	1	1	601559.229041	17235	601559.229041	22544.411818
34483	34482	17241	1	1	601796.605219	17241	601796.605219	22552.780787
34487	34486	17243	1	1	601874.932924	17243	601874.932924	25616.101759
34499	34498	17249	1	1	602117.072416	17249	602117.072416	23882.480519
34511	34510	17255	1	1	602355.295864	17255	602355.295864	28622.981046
34519	34518	17259	1	1	602499.003042	17259	602499.003042	22566.147498
34543	34542	17271	1	1	602969.999141	17271	602969.999141	22558.190933
34583	34582	17291	1	1	603750.901673	17291	603750.901673	25667.633269
34591	34590	17295	1	1	603889.460854	17295	603889.460854	22612.560966
34603	34602	17301	1	1	604133.581763	17301	604133.581763	22628.206218
34607	34606	17303	1	1	604215.890856	17303	604215.890856	25706.450534
34631	34630	17315	1	1	604660.804366	17315	604660.804366	28758.332994
34651	34650	17325	1	1	605072.630407	17325	605072.630407	22657.568874
34667	34666	17333	1	1	605379.041174	17333	605379.041174	24021.714715
34679	34678	17339	1	1	605615.726809	17339	605615.726809	28792.786595
34687	34686	17343	1	1	605788.910190	17343	605788.910190	22686.007932
34703	34702	17351	1	1	606087.364159	17351	606087.364159	25764.417569
34739	34738	17369	1	1	606788.419784	17369	606788.419784	24080.378855
34747	34746	17373	1	1	606963.711502	17373	606963.711502	22731.564072
34759	34758	17379	1	1	607176.942357	17379	607176.942357	22706.945596
34763	34762	17381	1	1	607258.718469	17381	607258.718469	24095.783773
34807	34806	17403	1	1	608092.214795	17403	608092.214795	22754.930065
34819	34818	17409	1	1	608342.067851	17409	608342.067851	22770.037954
34843	34842	17421	1	1	608806.042753	17421	608806.042753	22782.623951
34847	34846	17423	1	1	608901.259371	17423	608901.259371	25881.615554
34871	34870	17435	1	1	609360.445865	17435	609360.445865	28949.324007
34883	34882	17441	1	1	609548.905339	17441	609548.905339	24167.387101
34919	34918	17459	1	1	610280.907835	17459	610280.907835	33177.361698
34939	34938	17469	1	1	610707.178948	17469	610707.178948	22835.599060
34963	34962	17481	1	1	611141.086894	17481	611141.086894	22845.883394
35023	35022	17511	1	1	612315.679042	17511	612315.679042	22907.371866
35027	35026	17513	1	1	612400.357572	17513	612400.357572	24268.657487
35051	35050	17525	1	1	612839.020282	17525	612839.020282	24261.149518
35059	35058	17529	1	1	613019.291099	17529	613019.291099	22916.871005
35083	35082	17541	1	1	613456.486961	17541	613456.486961	22938.018104
35099	35098	17549	1	1	613764.987848	17549	613764.987848	24322.765541
35107	35106	17553	1	1	613940.308362	17553	613940.308362	22952.019310
35111	35110	17555	1	1	614021.260370	17555	614021.260370	34831.231616
35159	35158	17579	1	1	614960.929290	17579	614960.929290	33413.519216
35171	35170	17585	1	1	615199.987439	17585	615199.987439	24365.985913
35227	35226	17613	1	1	616279.975174	17613	616279.975174	23023.330383
35251	35250	17625	1	1	616754.056510	17625	616754.056510	23065.202055
35267	35266	17633	1	1	617080.742097	17633	617080.742097	24441.705278
35279	35278	17639	1	1	617317.968816	17639	617317.968816	40720.280769
35291	35290	17645	1	1	617513.778424	17645	617513.778424	24448.911161
35311	35310	17655	1	1	617947.829597	17655	617947.829597	23114.297413
35323	35322	17661	1	1	618167.286597	17661	618167.286597	23067.385898
35327	35326	17663	1	1	618243.934885	17663	618243.934885	26231.894467
35339	35338	17669	1	1	618468.962058	17669	618468.962058	24485.220829
35363	35362	17681	1	1	618940.130051	17681	618940.130051	24513.873925
35407	35406	17703	1	1	619790.246625	17703	619790.246625	23149.955554
35419	35418	17709	1	1	620020.795069	17709	620020.795069	23145.659188
35423	35422	17711	1	1	620109.593599	17711	620109.593599	26297.703603
35447	35446	17723	1	1	620572.932413	17723	620572.932413	26320.322796
35491	35490	17745	1	1	621440.228032	17745	621440.228032	23219.938968
35507	35506	17753	1	1	621735.635028	17753	621735.635028	24587.846850
35527	35526	17763	1	1	622136.984423	17763	622136.984423	23223.396691
35531	35530	17765	1	1	622229.850912	17765	622229.850912	24613.296404
35543	35542	17771	1	1	622445.889469	17771	622445.889469	26386.092662
35591	35590	17795	1	1	623388.363402	17795	623388.363402	37460.756322
35603	35602	17801	1	1	623621.557467	17801	623621.557467	24673.192249
35731	35730	17865	1	1	626128.906093	17865	626128.906093	23360.192779
35671	35670	17835	1	1	624963.533715	17835	624963.533715	23344.354232
35747	35746	17873	1	1	626422.653951	17873	626422.653951	24779.198503
35759	35758	17879	1	1	626659.703462	17879	626659.703462	33976.393399
35771	35770	17885	1	1	626900.559550	17885	626900.559550	24775.036093
35803	35802	17901	1	1	627523.981975	17901	627523.981975	23379.247477
35831	35830	17915	1	1	628037.960928	17915	628037.960928	34053.429979
35839	35838	17919	1	1	628223.674611	17919	628223.674611	23400.981260
35851	35850	17925	1	1	628462.714545	17925	628462.714545	23437.164891
35863	35862	17931	1	1	628688.065795	17931	628688.065795	23418.303903
35879	35878	17939	1	1	629017.990132	17939	629017.990132	29778.313145
35899	35898	17949	1	1	629414.837826	17949	629414.837826	23475.567407
35911	35910	17955	1	1	629652.665347	17955	629652.665347	23503.406182
35923	35922	17961	1	1	629867.823768	17961	629867.823768	23471.997527
35951	35950	17975	1	1	630427.452380	17975	630427.452380	34167.601096
35963	35962	17981	1	1	630654.118073	17981	630654.118073	24917.940448
35983	35982	17991	1	1	631035.747240	17991	631035.747240	23533.737222
35999	35998	17999	1	1	631332.259212	17999	631332.259212	35696.909848
36007	36006	18003	1	1	631506.913707	18003	631506.913707	23536.892475
36011	36010	18005	1	1	631582.456833	18005	631582.456833	24928.102442
36067	36066	18033	1	1	632692.065294	18033	632692.065294	23570.183447
36083	36082	18041	1	1	632967.734784	18041	632967.734784	25007.103443
36107	36106	18053	1	1	633496.667725	18053	633496.667725	25024.892647
36131	36130	18065	1	1	633923.048242	18065	633923.048242	25040.321016
36151	36150	18075	1	1	634315.073324	18075	634315.073324	23638.375082
36187	36186	18093	1	1	635039.017841	18093	635039.017841	23666.053337
36191	36190	18095	1	1	635100.642098	18095	635100.642098	30067.678324
36251	36250	18125	1	1	636259.512262	18125	636259.512262	25109.796607
36263	36262	18131	1	1	636523.219774	18131	636523.219774	26921.138062
36299	36298	18149	1	1	637213.190031	18149	637213.190031	25149.115311
36307	36306	18153	1	1	637396.029954	18153	637396.029954	23749.935624
36319	36318	18159	1	1	637608.027221	18159	637608.027221	23732.207436
36343	36342	18171	1	1	638084.408187	18171	638084.408187	23721.978304
36383	36382	18191	1	1	638850.018143	18191	638850.018143	27026.564639
36451	36450	18225	1	1	640210.379064	18225	640210.379064	23849.762086
36467	36466	18233	1	1	640503.921799	18233	640503.921799	25250.376308
36479	36478	18239	1	1	640713.574022	18239	640713.574022	30289.148988
36523	36522	18261	1	1	641595.426336	18261	641595.426336	23876.855666
36527	36526	18263	1	1	641683.767091	18263	641683.767091	27115.516865
36551	36550	18275	1	1	642168.487407	18275	642168.487407	30348.873797
36559	36558	18279	1	1	642320.803450	18279	642320.803450	23870.086518
36563	36562	18281	1	1	642366.139839	18281	642366.139839	25350.760139
36571	36570	18285	1	1	642558.815840	18285	642558.815840	23927.701007
36583	36582	18291	1	1	642772.403851	18291	642772.403851	23901.563497
36587	36586	18293	1	1	642859.746775	18293	642859.746775	25354.978976
36599	36598	18299	1	1	643078.898985	18299	643078.898985	39383.576343
36607	36606	18303	1	1	643252.116539	18303	643252.116539	23943.461884
36643	36642	18321	1	1	643949.197216	18321	643949.197216	23950.927722
36671	36670	18335	1	1	644503.564136	18335	644503.564136	36349.729239
36683	36682	18341	1	1	644736.202637	18341	644736.202637	25412.789528
36691	36690	18345	1	1	644878.190606	18345	644878.190606	23975.883834
36739	36738	18369	1	1	645847.721232	18369	645847.721232	24038.254185
36767	36766	18383	1	1	646375.253519	18383	646375.253519	27278.860232
36779	36778	18389	1	1	646618.499156	18389	646618.499156	25472.234563
36787	36786	18393	1	1	646779.341255	18393	646779.341255	24053.222733
36791	36790	18395	1	1	646833.436040	18395	646833.436040	38756.561146
36847	36846	18423	1	1	647954.350282	18423	647954.350282	24112.688666
36871	36870	18435	1	1	648409.989658	18435	648409.989658	24095.304878
36887	36886	18443	1	1	648734.414475	18443	648734.414475	27384.325687
36899	36898	18449	1	1	648965.569351	18449	648965.569351	25568.177872
36919	36918	18459	1	1	649351.814470	18459	649351.814470	24139.595996
36923	36922	18461	1	1	649413.670089	18461	649413.670089	25591.547076
36931	36930	18465	1	1	649588.297479	18465	649588.297479	24142.239276
36943	36942	18471	1	1	649809.963007	18471	649809.963007	24159.035233
36947	36946	18473	1	1	649920.069528	18473	649920.069528	25616.555237
36979	36978	18489	1	1	650537.360291	18489	650537.360291	24175.678872
37003	37002	18501	1	1	650986.807765	18501	650986.807765	24182.812409
37019	37018	18509	1	1	651320.498711	18509	651320.498711	25626.148435
37039	37038	18519	1	1	651710.469351	18519	651710.469351	24238.028925
37087	37086	18543	1	1	652641.248804	18543	652641.248804	24227.155418
37123	37122	18561	1	1	653353.713191	18561	653353.713191	24240.412276
37139	37138	18569	1	1	653638.106319	18569	653638.106319	25742.626331
37159	37158	18579	1	1	654093.393023	18579	654093.393023	24328.181223
37171	37170	18585	1	1	654295.914700	18585	654295.914700	24272.312016
37199	37198	18599	1	1	654841.072262	18599	654841.072262	30894.727145
37223	37222	18611	1	1	655325.393214	18611	655325.393214	27647.899679
37243	37242	18621	1	1	655711.894593	18621	655711.894593	24345.933694
37307	37306	18653	1	1	656965.291665	18653	656965.291665	25852.631617
37339	37338	18669	1	1	657593.859482	18669	657593.859482	24411.513183
37363	37362	18681	1	1	658062.973821	18681	658062.973821	24431.858680
37379	37378	18689	1	1	658346.826029	18689	658346.826029	25897.315540
37447	37446	18723	1	1	659701.900035	18723	659701.900035	24464.137728
37423	37422	18711	1	1	659233.623322	18711	659233.623322	24469.538573
37463	37462	18731	1	1	660018.693945	18731	660018.693945	27811.469499
37483	37482	18741	1	1	660414.130935	18741	660414.130935	24485.680553
37507	37506	18753	1	1	660906.800534	18753	660906.800534	24530.773481
37511	37510	18755	1	1	660950.396563	18755	660950.396563	35644.583991
37547	37546	18773	1	1	661678.790226	18773	661678.790226	26006.017276
37567	37566	18783	1	1	662087.990546	18783	662087.990546	24584.217464
37571	37570	18785	1	1	662130.711182	18785	662130.711182	26017.017283
37579	37578	18789	1	1	662305.587319	18789	662305.587319	24568.757270
37591	37590	18795	1	1	662543.047903	18795	662543.047903	24593.955627
37607	37606	18803	1	1	662842.920017	18803	662842.920017	27931.316659
37619	37618	18809	1	1	663045.201773	18809	663045.201773	26061.221947
37643	37642	18821	1	1	663552.222956	18821	663552.222956	26093.781978
37663	37662	18831	1	1	663949.723608	18831	663949.723608	24629.736066
37691	37690	18845	1	1	664486.552583	18845	664486.552583	26098.517002
37699	37698	18849	1	1	664650.727046	18849	664650.727046	24652.728686
37747	37746	18873	1	1	665573.418613	18873	665573.418613	24670.680456
37783	37782	18891	1	1	666290.537059	18891	666290.537059	24668.318993
37799	37798	18899	1	1	666608.242117	18899	666608.242117	35908.968230
37811	37810	18905	1	1	666860.072703	18905	666860.072703	26191.344567
37831	37830	18915	1	1	667249.203521	18915	667249.203521	24739.985945
37847	37846	18923	1	1	667565.207420	18923	667565.207420	28051.550282
37871	37870	18935	1	1	668019.694297	18935	668019.694297	31447.432994
37879	37878	18939	1	1	668178.331311	18939	668178.331311	24743.130520
37907	37906	18953	1	1	668723.889467	18953	668723.889467	26261.543398
37951	37950	18975	1	1	669590.558422	18975	669590.558422	24767.443796
37963	37962	18981	1	1	669841.577161	18981	669841.577161	24797.066963
37967	37966	18983	1	1	669911.524490	18983	669911.524490	28133.743955
37987	37986	18993	1	1	670304.379281	18993	670304.379281	24836.867260
37991	37990	18995	1	1	670360.283336	18995	670360.283336	31528.541912
38011	38010	19005	1	1	670774.361150	19005	670774.361150	24845.258194
38039	38038	19019	1	1	671308.728912	19019	671308.728912	31593.919463
38047	38046	19023	1	1	671488.065525	19023	671488.065525	24882.984439
38083	38082	19041	1	1	672202.556642	19041	672202.556642	24906.764187
38119	38118	19059	1	1	672909.517923	19059	672909.517923	24926.238073
38167	38166	19083	1	1	673856.458058	19083	673856.458058	24964.466602
38183	38182	19091	1	1	674126.348696	19091	674126.348696	28344.254118
38219	38218	19109	1	1	674867.386079	19109	674867.386079	26469.091866
38231	38230	19115	1	1	675072.059357	19115	675072.059357	31725.553616
38239	38238	19119	1	1	675252.955866	19119	675252.955866	24981.910746
38287	38286	19143	1	1	676201.397235	19143	676201.397235	25027.456814
38299	38298	19149	1	1	676455.094873	19149	676455.094873	25059.974081
38303	38302	19151	1	1	676493.417335	19151	676493.417335	28438.791001
38327	38326	19163	1	1	676994.301780	19163	676994.301780	28411.251276
38351	38350	19175	1	1	677449.057130	19175	677449.057130	36438.210680
38371	38370	19185	1	1	677847.830652	19185	677847.830652	25079.615515
38431	38430	19215	1	1	679031.274310	19215	679031.274310	25097.455121
38447	38446	19223	1	1	679335.901433	19223	679335.901433	28554.847045
38543	38542	19271	1	1	681228.622766	19271	681228.622766	28614.029663
38459	38458	19229	1	1	679569.248497	19229	679569.248497	26629.271755
38567	38566	19283	1	1	681714.378245	19283	681714.378245	28603.622083
38603	38602	19301	1	1	682417.030312	19301	682417.030312	26748.070728
38611	38610	19305	1	1	682579.437589	19305	682579.437589	25219.545032
38639	38638	19319	1	1	683096.765283	19319	683096.765283	44585.714142
38651	38650	19325	1	1	683357.683426	19325	683357.683426	26752.577119
38671	38670	19335	1	1	683770.418167	19335	683770.418167	25280.032243
38699	38698	19349	1	1	684312.573540	19349	684312.573540	26795.254785
38707	38706	19353	1	1	684451.666603	19353	684451.666603	25295.438958
38711	38710	19355	1	1	684551.327281	19355	684551.327281	32107.700999
38723	38722	19361	1	1	684752.350617	19361	684752.350617	26837.279978
38747	38746	19373	1	1	685244.918207	19373	685244.918207	26829.587320
38767	38766	19383	1	1	685632.279476	19383	685632.279476	25350.111129
38783	38782	19391	1	1	685948.812531	19391	685948.812531	28763.064654
38791	38790	19395	1	1	686098.928266	19395	686098.928266	25344.630122
38803	38802	19401	1	1	686347.878858	19401	686347.878858	25378.082394
38839	38838	19419	1	1	687054.971676	19419	687054.971676	25381.753354
38851	38850	19425	1	1	687290.981702	19425	687290.981702	25400.238549
38867	38866	19433	1	1	687623.023649	19433	687623.023649	26942.837793
38891	38890	19445	1	1	688060.169967	19445	688060.169967	26937.270257
38903	38902	19451	1	1	688330.965925	19451	688330.965925	28893.083338
38923	38922	19461	1	1	688701.543409	19461	688701.543409	25439.444155
38959	38958	19479	1	1	689420.089869	19479	689420.089869	25471.910543
38971	38970	19485	1	1	689661.369939	19485	689661.369939	25442.836490
39019	39018	19509	1	1	690609.480862	19509	690609.480862	25499.138500
39023	39022	19511	1	1	690678.281266	19511	690678.281266	28974.035774
39043	39042	19521	1	1	691077.785463	19521	691077.785463	25499.752151
39047	39046	19523	1	1	691162.105997	19523	691162.105997	28948.974416
39079	39078	19539	1	1	691816.866814	19539	691816.866814	25545.969913
39103	39102	19551	1	1	692245.549523	19551	692245.549523	25559.188625
39107	39106	19553	1	1	692329.368264	19553	692329.368264	27095.202231
39119	39118	19559	1	1	692578.348020	19559	692578.348020	37155.042404
39139	39138	19569	1	1	692996.409407	19569	692996.409407	25610.528268
39163	39162	19581	1	1	693435.127482	19581	693435.127482	25611.395406
39191	39190	19595	1	1	693997.940986	19595	693997.940986	37194.290609
39199	39198	19599	1	1	694141.911755	19599	694141.911755	25614.030603
39227	39226	19613	1	1	694700.908076	19613	694700.908076	27163.673327
39239	39238	19619	1	1	694934.658464	19619	694934.658464	32589.887837
39251	39250	19625	1	1	695183.289904	19625	695183.289904	27202.049050
39323	39322	19661	1	1	696610.131563	19661	696610.131563	27258.162061
39343	39342	19671	1	1	696994.828998	19671	696994.828998	25725.048066
39359	39358	19679	1	1	697309.239973	19679	697309.239973	37407.740237
39367	39366	19683	1	1	697458.136397	19683	697458.136397	25720.043019
39371	39370	19685	1	1	697563.913399	19685	697563.913399	27280.155731
39383	39382	19691	1	1	697788.416271	19691	697788.416271	29243.987737
39419	39418	19709	1	1	698477.847214	19709	698477.847214	27315.720992
39439	39438	19719	1	1	698914.522831	19719	698914.522831	25776.769457
39443	39442	19721	1	1	698948.183923	19721	698948.183923	27350.569820
39451	39450	19725	1	1	699141.077960	19725	699141.077960	25818.535804
39499	39498	19749	1	1	700088.432976	19749	700088.432976	25818.415276
39503	39502	19751	1	1	700137.433879	19751	700137.433879	29315.861733
39511	39510	19755	1	1	700309.684889	19755	700309.684889	25839.752958
39551	39550	19775	1	1	701079.791655	19775	701079.791655	32834.654301
39563	39562	19781	1	1	701317.654506	19781	701317.654506	27411.506063
39607	39606	19803	1	1	702186.198973	19803	702186.198973	25885.809891
39619	39618	19809	1	1	702445.523846	19809	702445.523846	25897.823317
39623	39622	19811	1	1	702523.842286	19811	702523.842286	29419.228500
39631	39630	19815	1	1	702675.636001	19815	702675.636001	25912.470047
39659	39658	19829	1	1	703201.208675	19829	703201.208675	27491.279234
39667	39666	19833	1	1	703414.387102	19833	703414.387102	25955.504606
39671	39670	19835	1	1	703466.908701	19835	703466.908701	32920.660689
39679	39678	19839	1	1	703642.500066	19839	703642.500066	25967.552264
39703	39702	19851	1	1	704092.076699	19851	704092.076699	25958.824685
39719	39718	19859	1	1	704418.002311	19859	704418.002311	32979.446022
39727	39726	19863	1	1	704561.434974	19863	704561.434974	25985.837754
39779	39778	19889	1	1	705573.239283	19889	705573.239283	27561.609814
39791	39790	19895	1	1	705817.375435	19895	705817.375435	37804.882834
39799	39798	19899	1	1	705982.015221	19899	705982.015221	26002.860565
39827	39826	19913	1	1	706545.083736	19913	706545.083736	27581.443187
39839	39838	19919	1	1	706767.375207	19919	706767.375207	33081.219549
39847	39846	19923	1	1	706954.912975	19923	706954.912975	26072.546782
39863	39862	19931	1	1	707238.473801	19931	707238.473801	29574.523117
39883	39882	19941	1	1	707651.313584	19941	707651.313584	26068.496609
39887	39886	19943	1	1	707715.991105	19943	707715.991105	29601.669527
39971	39970	19985	1	1	709362.191518	19985	709362.191518	27685.219285
39979	39978	19989	1	1	709559.821499	19989	709559.821499	26154.958649
39983	39982	19991	1	1	709602.899032	19991	709602.899032	29682.615630
40031	40030	20015	1	1	710566.826303	20015	710566.826303	43076.657855
40063	40062	20031	1	1	711186.361679	20031	711186.361679	26202.803930
40039	40038	20019	1	1	710732.775529	20019	710732.775529	26153.347737
40087	40086	20043	1	1	711701.882658	20043	711701.882658	26222.565140
40099	40098	20049	1	1	711904.157802	20049	711904.157802	26213.371900
40111	40110	20055	1	1	712174.550955	20055	712174.550955	26239.104434
40123	40122	20061	1	1	712368.732367	20061	712368.732367	26233.136566
40127	40126	20063	1	1	712464.167782	20063	712464.167782	29804.004717
40151	40150	20075	1	1	712945.259758	20075	712945.259758	38154.401898
40163	40162	20081	1	1	713189.644875	20081	713189.644875	27846.829471
40231	40230	20115	1	1	714522.060564	20115	714522.060564	26270.205583
40283	40282	20141	1	1	715518.750224	20141	715518.750224	27905.015466
40343	40342	20171	1	1	716710.898577	20171	716710.898577	29955.221417
40351	40350	20175	1	1	716917.954198	20175	716917.954198	26393.028202
40387	40386	20193	1	1	717605.989979	20193	717605.989979	26383.700436
40423	40422	20211	1	1	718337.748308	20211	718337.748308	26437.153398
40459	40458	20229	1	1	719045.564432	20229	719045.564432	26469.321814
40427	40426	20213	1	1	718406.650456	20213	718406.650456	27996.031480
40471	40470	20235	1	1	719274.912038	20235	719274.912038	26433.080689
40483	40482	20241	1	1	719504.029617	20241	719504.029617	26462.957654
40487	40486	20243	1	1	719578.678283	20243	719578.678283	30050.576656
40499	40498	20249	1	1	719810.568660	20249	719810.568660	28065.074872
40507	40506	20253	1	1	720002.071959	20253	720002.071959	26495.666280
40519	40518	20259	1	1	720230.459735	20259	720230.459735	26484.700714
40531	40530	20265	1	1	720455.181430	20265	720455.181430	26498.315538
40543	40542	20271	1	1	720673.949015	20271	720673.949015	26508.615954
40559	40558	20279	1	1	720976.229635	20279	720976.229635	33660.095444
40583	40582	20291	1	1	721480.343797	20291	721480.343797	30129.350837
40591	40590	20295	1	1	721657.279898	20295	721657.279898	26543.429303
40627	40626	20313	1	1	722341.768903	20313	722341.768903	26554.037301
40639	40638	20319	1	1	722571.107534	20319	722571.107534	26560.788942
40699	40698	20349	1	1	723766.420363	20349	723766.420363	26588.408711
40739	40738	20369	1	1	724567.982462	20369	724567.982462	28226.823032
40751	40750	20375	1	1	724818.838949	20375	724818.838949	33835.289797
40759	40758	20379	1	1	724988.417022	20379	724988.417022	26683.781167
40763	40762	20381	1	1	725012.778792	20381	725012.778792	28241.069169
40771	40770	20385	1	1	725192.399096	20385	725192.399096	26642.723668
40787	40786	20393	1	1	725534.444715	20393	725534.444715	28281.464322
40819	40818	20409	1	1	726167.280474	20409	726167.280474	26708.324537
40823	40822	20411	1	1	726208.716730	20411	726208.716730	30311.738273
40847	40846	20423	1	1	726700.528560	20423	726700.528560	30277.388272
40867	40866	20433	1	1	727081.605206	20433	727081.605206	26699.469438
40879	40878	20439	1	1	727321.060056	20439	727321.060056	26682.699243
40903	40902	20451	1	1	727796.590750	20451	727796.590750	26752.288381
40883	40882	20441	1	1	727411.152316	20441	727411.152316	28321.657162
40927	40926	20463	1	1	728307.318565	20463	728307.318565	26777.835402
40939	40938	20469	1	1	728519.296340	20469	728519.296340	26764.152259
41011	41010	20505	1	1	729974.468113	20505	729974.468113	26828.566154
41023	41022	20511	1	1	730175.825480	20511	730175.825480	26813.698782
41039	41038	20519	1	1	730502.302600	20519	730502.302600	38994.449278
41047	41046	20523	1	1	730661.321660	20523	730661.321660	26840.626452
41051	41050	20525	1	1	730740.740770	20525	730740.740770	28449.089110
41131	41130	20565	1	1	732329.466987	20565	732329.466987	26916.029581
41143	41142	20571	1	1	732569.377331	20571	732569.377331	26909.515324
41179	41178	20589	1	1	733298.275377	20589	733298.275377	26930.363440
41183	41182	20591	1	1	733341.805721	20591	733341.805721	30574.552323
41203	41202	20601	1	1	733747.138417	20601	733747.138417	26930.433542
41227	41226	20613	1	1	734227.257900	20613	734227.257900	26940.837049
41231	41230	20615	1	1	734285.805001	20615	734285.805001	34217.969398
41243	41242	20621	1	1	734512.409876	20621	734512.409876	28571.551794
41263	41262	20631	1	1	734938.219129	20631	734938.219129	26942.047358
41299	41298	20649	1	1	735654.676018	20649	735654.676018	26989.869642
41351	41350	20675	1	1	736686.914328	20675	736686.914328	34336.203903
41387	41386	20693	1	1	737392.384333	20693	737392.384333	28652.947378
41399	41398	20699	1	1	737603.189452	20699	737603.189452	34362.768786
41411	41410	20705	1	1	737875.670372	20705	737875.670372	28680.101612
41443	41442	20721	1	1	738530.788063	20721	738530.788063	27106.131280
41467	41466	20733	1	1	738990.578242	20733	738990.578242	27113.763256
41479	41478	20739	1	1	739220.838620	20739	739220.838620	27083.697564
41491	41490	20745	1	1	739478.255475	20745	739478.255475	27148.841075
41507	41506	20753	1	1	739782.880388	20753	739782.880388	28776.833223
41519	41518	20759	1	1	740020.631120	20759	740020.631120	34473.517307
41539	41538	20769	1	1	740422.564567	20769	740422.564567	27185.379466
41543	41542	20771	1	1	740497.590507	20771	740497.590507	30847.793350
41579	41578	20789	1	1	741206.889267	20789	741206.889267	28809.437260
41603	41602	20801	1	1	741652.744074	20801	741652.744074	28826.320849
41611	41610	20805	1	1	741864.229629	20805	741864.229629	27229.227671
41627	41626	20813	1	1	742149.468743	20813	742149.468743	28850.548761
41647	41646	20823	1	1	742552.236739	20823	742552.236739	27228.060503
41651	41650	20825	1	1	742643.321787	20825	742643.321787	28859.532915
41659	41658	20829	1	1	742794.907333	20829	742794.907333	27203.945969
41719	41718	20859	1	1	743984.367968	20859	743984.367968	27300.856309
41687	41686	20843	1	1	743328.078188	20843	743328.078188	30937.477804
41759	41758	20879	1	1	744772.818559	20879	744772.818559	34671.405714
41771	41770	20885	1	1	745012.072396	20885	745012.072396	28955.671843
41843	41842	20921	1	1	746437.306340	20921	746437.306340	28999.959603
41851	41850	20925	1	1	746618.988569	20925	746618.988569	27349.627485
41863	41862	20931	1	1	746830.930988	20931	746830.930988	27378.047618
41879	41878	20939	1	1	747147.863072	20939	747147.863072	41518.661210
41887	41886	20943	1	1	747320.647911	20943	747320.647911	27400.037591
41903	41902	20951	1	1	747657.517822	20951	747657.517822	31134.248995
41911	41910	20955	1	1	747767.023454	20955	747767.023454	27363.533752
41927	41926	20963	1	1	748108.682823	20963	748108.682823	31135.231260
41947	41946	20973	1	1	748502.587641	20973	748502.587641	27416.666200
41959	41958	20979	1	1	748730.193458	20979	748730.193458	27410.380301
41983	41982	20991	1	1	749217.673153	20991	749217.673153	27444.611943
41999	41998	20999	1	1	749525.955360	20999	749525.955360	39905.697020
42019	42018	21009	1	1	749929.523772	21009	749929.523772	27473.481896
42023	42022	21011	1	1	749977.205011	21011	749977.205011	31192.329887
42043	42042	21021	1	1	750411.333522	21021	750411.333522	27471.360194
42083	42082	21041	1	1	751204.863158	21041	751204.863158	29178.791835
42071	42070	21035	1	1	750936.209553	21035	750936.209553	34907.186029
42131	42130	21065	1	1	752132.273748	21065	752132.273748	29197.477085
42139	42138	21069	1	1	752312.369886	21069	752312.369886	27542.947677
42179	42178	21089	1	1	753115.998082	21089	753115.998082	29212.817639
42187	42186	21093	1	1	753261.214373	21093	753261.214373	27568.456949
42223	42222	21111	1	1	753964.148746	21111	753964.148746	27590.458337
42227	42226	21113	1	1	754061.594813	21113	754061.594813	29256.636255
42239	42238	21119	1	1	754313.472576	21119	754313.472576	35077.900072
42283	42282	21141	1	1	755182.053037	21141	755182.053037	27647.022887
42299	42298	21149	1	1	755480.592207	21149	755480.592207	29311.266598
42307	42306	21153	1	1	755650.372709	21153	755650.372709	27658.844712
42323	42322	21161	1	1	755976.412643	21161	755976.412643	29338.402272
42331	42330	21165	1	1	756124.829930	21165	756124.829930	27678.429280
42359	42358	21179	1	1	756657.153312	21179	756657.153312	35159.821587
42379	42378	21189	1	1	757069.498372	21189	757069.498372	27687.414435
42391	42390	21195	1	1	757318.979728	21195	757318.979728	27715.983392
42403	42402	21201	1	1	757558.835464	21201	757558.835464	27719.596528
42407	42406	21203	1	1	757635.578896	21203	757635.578896	31433.268338
42443	42442	21221	1	1	758339.588545	21221	758339.588545	29411.844699
42451	42450	21225	1	1	758507.705092	21225	758507.705092	27751.667177
42463	42462	21231	1	1	758748.959525	21231	758748.959525	27737.232577
42467	42466	21233	1	1	758822.657652	21233	758822.657652	29423.947787
42487	42486	21243	1	1	759229.256051	21243	759229.256051	27770.130879
42491	42490	21245	1	1	759313.478995	21245	759313.478995	29441.354012
42499	42498	21249	1	1	759478.766176	21249	759478.766176	27801.782502
42571	42570	21285	1	1	760897.205854	21285	760897.205854	27831.024170
42611	42610	21305	1	1	761642.788550	21305	761642.788550	29522.190831
42643	42642	21321	1	1	762311.448977	21321	762311.448977	27846.713667
42667	42666	21333	1	1	762811.093650	21333	762811.093650	27903.727636
42683	42682	21341	1	1	763122.131351	21341	763122.131351	29582.707930
42703	42702	21351	1	1	763512.310917	21351	763512.310917	27930.404197
42719	42718	21359	1	1	763827.311153	21359	763827.311153	45934.954154
42727	42726	21363	1	1	764010.942922	21363	764010.942922	27954.682303
42743	42742	21371	1	1	764306.520601	21371	764306.520601	31734.750396
42751	42750	21375	1	1	764461.171379	21375	764461.171379	27943.532182
42767	42766	21383	1	1	764779.235100	21383	764779.235100	31700.916374
42787	42786	21393	1	1	765185.713148	21393	765185.713148	27962.886020
42839	42838	21419	1	1	766226.738145	21419	766226.738145	40609.796711
42859	42858	21429	1	1	766641.168381	21429	766641.168381	28011.107837
42863	42862	21431	1	1	766709.056096	21431	766709.056096	31816.879680
42899	42898	21449	1	1	767413.290807	21449	767413.290807	29713.355507
42923	42922	21461	1	1	767866.226977	21461	767866.226977	29742.574475
42943	42942	21471	1	1	768305.229766	21471	768305.229766	28074.282840
42967	42966	21483	1	1	768775.065854	21483	768775.065854	28106.630238
42979	42978	21489	1	1	768996.361632	21489	768996.361632	28104.827803
43003	43002	21501	1	1	769481.721965	21501	769481.721965	28085.003918
43019	43018	21509	1	1	769798.474497	21509	769798.474497	29825.242717
43051	43050	21525	1	1	770444.905760	21525	770444.905760	28158.080769
43063	43062	21531	1	1	770671.888522	21531	770671.888522	28147.452576
43067	43066	21533	1	1	770755.364524	21533	770755.364524	29829.155395
43151	43150	21575	1	1	772436.644998	21575	772436.644998	40959.224971
43103	43102	21551	1	1	771492.744909	21551	771492.744909	32007.865532
43159	43158	21579	1	1	772603.313169	21579	772603.313169	28234.956523
43207	43206	21603	1	1	773556.165831	21603	773556.165831	28263.506855
43223	43222	21611	1	1	773856.748675	21611	773856.748675	32094.037004
43271	43270	21635	1	1	774797.741585	21635	774797.741585	35926.715976
43283	43282	21641	1	1	775065.116874	21641	775065.116874	30008.626912
43291	43290	21645	1	1	775213.436211	21645	775213.436211	28302.325648
43319	43318	21659	1	1	775773.031858	21659	775773.031858	41162.628353
43331	43330	21665	1	1	776019.552540	21665	776019.552540	30015.505401
43391	43390	21695	1	1	777181.979722	21695	777181.979722	45678.669491
43399	43398	21699	1	1	777366.404428	21699	777366.404428	28342.524767
43403	43402	21701	1	1	777451.366142	21701	777451.366142	30088.985245
43411	43410	21705	1	1	777602.661642	21705	777602.661642	28380.526232
43427	43426	21713	1	1	777941.002445	21713	777941.002445	30097.349328
43451	43450	21725	1	1	778394.023166	21725	778394.023166	30109.824885
43487	43486	21743	1	1	779131.876752	21743	779131.876752	32288.339081
43499	43498	21749	1	1	779353.955710	21749	779353.955710	30157.407887
43543	43542	21771	1	1	780232.863299	21771	780232.863299	28469.619805
43579	43578	21789	1	1	780949.022333	21789	780949.022333	28489.771485
43591	43590	21795	1	1	781208.118015	21795	781208.118015	28504.905806
43607	43606	21803	1	1	781506.268784	21803	781506.268784	32337.576899
43627	43626	21813	1	1	781932.375944	21813	781932.375944	28536.682666
43651	43650	21825	1	1	782393.362356	21825	782393.362356	28505.637286
43691	43690	21845	1	1	783163.207171	21845	783163.207171	30278.279245
43711	43710	21855	1	1	783598.944200	21855	783598.944200	28599.311795
43759	43758	21879	1	1	784566.362101	21879	784566.362101	28599.956540
43783	43782	21891	1	1	785021.825012	21891	785021.825012	28632.848512
43787	43786	21893	1	1	785088.073256	21893	785088.073256	30310.447288
43867	43866	21933	1	1	786694.734323	21933	786694.734323	28689.202777
43891	43890	21945	1	1	787165.371206	21945	787165.371206	28685.527642
43943	43942	21971	1	1	788194.837314	21971	788194.837314	32621.123104
43951	43950	21975	1	1	788364.339117	21975	788364.339117	28733.754886
43963	43962	21981	1	1	788581.112045	21981	788581.112045	28736.199389
43987	43986	21993	1	1	789097.782771	21993	789097.782771	28772.594445
43991	43990	21995	1	1	789168.399067	21995	789168.399067	46323.846391
44027	44026	22013	1	1	789877.050376	22013	789877.050376	30482.770143
44059	44058	22029	1	1	790540.680395	22029	790540.680395	28838.996038
44071	44070	22035	1	1	790751.924645	22035	790751.924645	28812.356463
44087	44086	22043	1	1	791090.667432	22043	791090.667432	32731.654840
44111	44110	22055	1	1	791538.496250	22055	791538.496250	36612.407372
44119	44118	22059	1	1	791741.357261	22059	791741.357261	28863.363803
44123	44122	22061	1	1	791786.178117	22061	791786.178117	30579.148771
44131	44130	22065	1	1	791972.498755	22065	791972.498755	28876.186323
44159	44158	22079	1	1	792505.259718	22079	792505.259718	41956.077875
44171	44170	22085	1	1	792761.282316	22085	792761.282316	30616.939012
44179	44178	22089	1	1	792909.674561	22089	792909.674561	28848.166566
44203	44202	22101	1	1	793391.785827	22101	793391.785827	28895.165974
44207	44206	22103	1	1	793473.146075	22103	793473.146075	32776.668361
44263	44262	22131	1	1	794585.950535	22131	794585.950535	28940.359799
44267	44266	22133	1	1	794665.854638	22133	794665.854638	30656.941647
44279	44278	22139	1	1	794921.182229	22139	794921.182229	36775.524169
44351	44350	22175	1	1	796342.481774	22175	796342.481774	43977.160677
44371	44370	22185	1	1	796764.649907	22185	796764.649907	29001.285690
44383	44382	22191	1	1	796986.733723	22191	796986.733723	29031.524343
44483	44482	22241	1	1	798975.230483	22241	798975.230483	30830.505441
44491	44490	22245	1	1	799125.524004	22245	799125.524004	29076.554846
44507	44506	22253	1	1	799457.827414	22253	799457.827414	30843.150941
44519	44518	22259	1	1	799694.794239	22259	799694.794239	44115.537360
44531	44530	22265	1	1	799935.628478	22265	799935.628478	30836.565396
44543	44542	22271	1	1	800150.117623	22271	800150.117623	33070.387398
44563	44562	22281	1	1	800579.053852	22281	800579.053852	29142.008530
44587	44586	22293	1	1	801041.457464	22293	801041.457464	29148.209861
44579	44578	22289	1	1	800900.085325	22289	800900.085325	30900.372179
44623	44622	22311	1	1	801773.225904	22311	801773.225904	29188.324393
44647	44646	22323	1	1	802279.404153	22323	802279.404153	29214.996840
44651	44650	22325	1	1	802324.822619	22325	802324.822619	30954.199469
44683	44682	22341	1	1	802981.295421	22341	802981.295421	29182.985980
44699	44698	22349	1	1	803274.306899	22349	803274.306899	30953.510812
44687	44686	22343	1	1	803046.796323	22343	803046.796323	33170.340447
44711	44710	22355	1	1	803518.504433	22355	803518.504433	37122.379220
44771	44770	22385	1	1	804746.266408	22385	804746.266408	31002.520399
44819	44818	22409	1	1	805701.137503	22409	805701.137503	31076.559813
44839	44838	22419	1	1	806079.820296	22419	806079.820296	29298.289661
44843	44842	22421	1	1	806169.129935	22421	806169.129935	31083.019916
44851	44850	22425	1	1	806326.989963	22425	806326.989963	29317.208293
44867	44866	22433	1	1	806652.209123	22433	806652.209123	31099.195547
44879	44878	22439	1	1	806868.535578	22439	806868.535578	37252.916994
44887	44886	22443	1	1	807032.155332	22443	807032.155332	29338.383849
44927	44926	22463	1	1	807854.230569	22463	807854.230569	33316.116863
44939	44938	22469	1	1	808088.738701	22469	808088.738701	31133.052459
44959	44958	22479	1	1	808508.772649	22479	808508.772649	29413.175394
44963	44962	22481	1	1	808561.496925	22481	808561.496925	31168.454018
44971	44970	22485	1	1	808726.777943	22485	808726.777943	29395.615695
44983	44982	22491	1	1	808975.246710	22491	808975.246710	29390.133612
44987	44986	22493	1	1	809042.602110	22493	809042.602110	31179.275227
45007	45006	22503	1	1	809443.071813	22503	809443.071813	29414.035783
45083	45082	22541	1	1	810985.066031	22541	810985.066031	31262.794264
45119	45118	22559	1	1	811651.598822	22559	811651.598822	37442.110072
45127	45126	22563	1	1	811854.071902	22563	811854.071902	29517.786095
45131	45130	22565	1	1	811906.733947	22565	811906.733947	31285.680754
45139	45138	22569	1	1	812087.397351	22569	812087.397351	29513.268329
45179	45178	22589	1	1	812847.936930	22589	812847.936930	31292.027101
45191	45190	22595	1	1	813121.986394	22595	813121.986394	42940.085392
45247	45246	22623	1	1	814234.632568	22623	814234.632568	29577.204442
45259	45258	22629	1	1	814484.149106	22629	814484.149106	29584.644755
45263	45262	22631	1	1	814535.507457	22631	814535.507457	33584.013151
45307	45306	22653	1	1	815448.569479	22653	815448.569479	29609.296281
45319	45318	22659	1	1	815671.187355	22659	815671.187355	29607.561576
45343	45342	22671	1	1	816150.725599	22671	816150.725599	29643.882332
45403	45402	22701	1	1	817368.106488	22701	817368.106488	29668.327830
45427	45426	22713	1	1	817833.850502	22713	817833.850502	29692.198475
45439	45438	22719	1	1	818070.851214	22719	818070.851214	29660.383008
45491	45490	22745	1	1	819113.986570	22745	819113.986570	31527.111569
45503	45502	22751	1	1	819379.140591	22751	819379.140591	33788.943972
45523	45522	22761	1	1	819772.695486	22761	819772.695486	29771.442218
45587	45586	22793	1	1	821055.918196	22793	821055.918196	31587.309672
45599	45598	22799	1	1	821264.414529	22799	821264.414529	37850.839167
45631	45630	22815	1	1	821917.967020	22815	821917.967020	29838.407979
45659	45658	22829	1	1	822481.197474	22829	822481.197474	31625.593320
45667	45666	22833	1	1	822654.061170	22833	822654.061170	29870.886198
45691	45690	22845	1	1	823144.930529	22845	823144.930529	29897.573986
45707	45706	22853	1	1	823434.967946	22853	823434.967946	31672.124856
45751	45750	22875	1	1	824317.979209	22875	824317.979209	29914.397930
45763	45762	22881	1	1	824561.633170	22881	824561.633170	29884.606900
45767	45766	22883	1	1	824667.234960	22883	824667.234960	33937.239397
45779	45778	22889	1	1	824886.092822	22889	824886.092822	31711.377754
45823	45822	22911	1	1	825769.616929	22911	825769.616929	29963.677557
45827	45826	22913	1	1	825866.314381	22913	825866.314381	31774.250342
45863	45862	22931	1	1	826593.581721	22931	826593.581721	34063.285625
45887	45886	22943	1	1	827035.502002	22943	827035.502002	34056.962561
45943	45942	22971	1	1	828177.632243	22971	828177.632243	30046.874749
45959	45958	22979	1	1	828482.117046	22979	828482.117046	38142.400722
45971	45970	22985	1	1	828695.696243	22985	828695.696243	31859.022078
45979	45978	22989	1	1	828898.163400	22989	828898.163400	30066.554275
46027	46026	23013	1	1	829860.599311	23013	829860.599311	30087.389349
46051	46050	23025	1	1	830342.108058	23025	830342.108058	30118.232802
46091	46090	23045	1	1	831114.496796	23045	831114.496796	31915.048132
46099	46098	23049	1	1	831302.387899	23049	831302.387899	30153.150426
46103	46102	23051	1	1	831370.608459	23051	831370.608459	34220.302660
46147	46146	23073	1	1	832253.437174	23073	832253.437174	30149.848897
46171	46170	23085	1	1	832743.638624	23085	832743.638624	30153.844657
46183	46182	23091	1	1	832965.567193	23091	832965.567193	30185.917237
46187	46186	23093	1	1	833051.173216	23093	833051.173216	32003.473644
46199	46198	23099	1	1	833271.026792	23099	833271.026792	48632.571862
46219	46218	23109	1	1	833708.018241	23109	833708.018241	30216.845534
46271	46270	23135	1	1	834732.635462	23135	834732.635462	38426.093793
46307	46306	23153	1	1	835467.105527	23153	835467.105527	32067.941033
46279	46278	23139	1	1	834921.361967	23139	834921.361967	30249.306028
46327	46326	23163	1	1	835848.605587	23163	835848.605587	30284.703011
46351	46350	23175	1	1	836343.665163	23175	836343.665163	30303.035640
46399	46398	23199	1	1	837309.306802	23199	837309.306802	30322.210103
46411	46410	23205	1	1	837571.036603	23205	837571.036603	30338.753432
46439	46438	23219	1	1	838094.927307	23219	838094.927307	38550.418973
46447	46446	23223	1	1	838279.648888	23223	838279.648888	30385.646598
46451	46450	23225	1	1	838356.081271	23225	838356.081271	32182.344980
46471	46470	23235	1	1	838767.618760	23235	838767.618760	30404.066140
46507	46506	23253	1	1	839466.098564	23253	839466.098564	30404.665075
46499	46498	23249	1	1	839317.588138	23249	839317.588138	32229.513114
46511	46510	23255	1	1	839545.739742	23255	839545.739742	44189.637670
46523	46522	23261	1	1	839773.359267	23261	839773.359267	32233.099027
46559	46558	23279	1	1	840504.620607	23279	840504.620607	38653.583206
46567	46566	23283	1	1	840693.081735	23283	840693.081735	30448.590150
46591	46590	23295	1	1	841157.554087	23295	841157.554087	30462.418230
46619	46618	23309	1	1	841694.481814	23309	841694.481814	32296.009291
46639	46638	23319	1	1	842120.412884	23319	842120.412884	30482.113820
46643	46642	23321	1	1	842184.747120	23321	842184.747120	32333.754717
46663	46662	23331	1	1	842593.584984	23331	842593.584984	30511.259314
46679	46678	23339	1	1	842904.161794	23339	842904.161794	49135.319229
46687	46686	23343	1	1	843096.543965	23343	843096.543965	30530.840934
46691	46690	23345	1	1	843149.896038	23345	843149.896038	32367.673294
46703	46702	23351	1	1	843369.329604	23351	843369.329604	34673.308757
46723	46722	23361	1	1	843811.403385	23361	843811.403385	30562.172505
46727	46726	23363	1	1	843890.734192	23363	843890.734192	34641.856891
46747	46746	23373	1	1	844296.303088	23373	844296.303088	30571.258742
46751	46750	23375	1	1	844334.831903	23375	844334.831903	44433.358916
46771	46770	23385	1	1	844755.022855	23385	844755.022855	30550.681070
46807	46806	23403	1	1	845473.048346	23403	845473.048346	30587.134994
46811	46810	23405	1	1	845565.258547	23405	845565.258547	32445.976912
46819	46818	23409	1	1	845742.740628	23409	845742.740628	30642.043375
46831	46830	23415	1	1	845969.870335	23415	845969.870335	30622.710217
46867	46866	23433	1	1	846679.618581	23433	846679.618581	30627.661765
46919	46918	23459	1	1	847734.795340	23459	847734.795340	44548.848271
47051	47050	23525	1	1	850384.549053	23525	850384.549053	32607.541085
47059	47058	23529	1	1	850577.631062	23529	850577.631062	30784.011654
47087	47086	23543	1	1	851105.006930	23543	851105.006930	34959.238380
47111	47110	23555	1	1	851595.362029	23555	851595.362029	39121.303578
47119	47118	23559	1	1	851752.688988	23559	851752.688988	30803.503243
47143	47142	23571	1	1	852230.608561	23571	852230.608561	30825.524848
47123	47122	23561	1	1	851837.945530	23561	851837.945530	32658.229856
47147	47146	23573	1	1	852324.658255	23573	852324.658255	32649.902188
47207	47206	23603	1	1	853526.484618	23603	853526.484618	35054.746797
47251	47250	23625	1	1	854404.347748	23625	854404.347748	30892.993251
47279	47278	23639	1	1	854940.774617	23639	854940.774617	39245.353042
47287	47286	23643	1	1	855147.981862	23643	855147.981862	30939.063449
47303	47302	23651	1	1	855458.927835	23651	855458.927835	35125.122120
47339	47338	23669	1	1	856162.886569	23669	856162.886569	32806.221571
47351	47350	23675	1	1	856406.039223	23675	856406.039223	46930.222839
47363	47362	23681	1	1	856626.743273	23681	856626.743273	32821.330128
47387	47386	23693	1	1	857140.781395	23693	857140.781395	32822.399435
47407	47406	23703	1	1	857541.870886	23703	857541.870886	30993.914419
47419	47418	23709	1	1	857795.821851	23709	857795.821851	31011.338255
47431	47430	23715	1	1	858002.792022	23715	858002.792022	31006.495827
47459	47458	23729	1	1	858580.076947	23729	858580.076947	32904.817951
47491	47490	23745	1	1	859218.749339	23745	859218.749339	31045.625189
47507	47506	23753	1	1	859559.331100	23753	859559.331100	32930.588723
47527	47526	23763	1	1	859940.830096	23763	859940.830096	31061.409150
47543	47542	23771	1	1	860251.486197	23771	860251.486197	35303.566939
47563	47562	23781	1	1	860688.115611	23781	860688.115611	31113.308177
47591	47590	23795	1	1	861228.884751	23795	861228.884751	45218.097729
47599	47598	23799	1	1	861382.957827	23799	861382.957827	31117.800151
47623	47622	23811	1	1	861882.017123	23811	861882.017123	31136.124948
47639	47638	23819	1	1	862170.471448	23819	862170.471448	39530.919642
47659	47658	23829	1	1	862626.735518	23829	862626.735518	31189.958935
47699	47698	23849	1	1	863409.986720	23849	863409.986720	33039.550859
47711	47710	23855	1	1	863653.360203	23855	863653.360203	45343.697649
47743	47742	23871	1	1	864300.345537	23871	864300.345537	31235.020854
47779	47778	23889	1	1	865004.400697	23889	865004.400697	31230.335563
47791	47790	23895	1	1	865267.826102	23895	865267.826102	31264.040739
47807	47806	23903	1	1	865584.748212	23903	865584.748212	35509.544482
47819	47818	23909	1	1	865810.137811	23909	865810.137811	33145.238818
47843	47842	23921	1	1	866299.601331	23921	866299.601331	33165.526971
47903	47902	23951	1	1	867502.364686	23951	867502.364686	35567.291559
47911	47910	23955	1	1	867663.434728	23955	867663.434728	31318.442225
47939	47938	23969	1	1	868229.100442	23969	868229.100442	33210.683491
47947	47946	23973	1	1	868392.886248	23973	868392.886248	31334.495433
47951	47950	23975	1	1	868476.284882	23975	868476.284882	39824.527163
47963	47962	23981	1	1	868718.145654	23981	868718.145654	33248.330944
48023	48022	24011	1	1	869937.188430	24011	869937.188430	35647.479938
48079	48078	24039	1	1	871047.717551	24039	871047.717551	31447.654603
48091	48090	24045	1	1	871302.631837	24045	871302.631837	31469.554446
48119	48118	24059	1	1	871856.619774	24059	871856.619774	39950.295948
48131	48130	24065	1	1	872065.529836	24065	872065.529836	33353.937666
48163	48162	24081	1	1	872720.694634	24081	872720.694634	31475.340119
48179	48178	24089	1	1	873049.730724	24089	873049.730724	33374.513813
48187	48186	24093	1	1	873204.753858	24093	873204.753858	31491.828507
48239	48238	24119	1	1	874237.591902	24119	874237.591902	40041.718365
48247	48246	24123	1	1	874452.473416	24123	874452.473416	31546.623860
48259	48258	24129	1	1	874691.378208	24129	874691.378208	31547.703824
48271	48270	24135	1	1	874904.755328	24135	874904.755328	31559.694860
48299	48298	24149	1	1	875478.351701	24149	875478.351701	33475.401573
48311	48310	24155	1	1	875718.125749	24155	875718.125749	40121.351256
48371	48370	24185	1	1	876924.686501	24185	876924.686501	33527.028495
48407	48406	24203	1	1	877648.560054	24203	877648.560054	35938.408184
48383	48382	24191	1	1	877168.440969	24191	877168.440969	35923.008153
48463	48462	24231	1	1	878781.540959	24231	878781.540959	31660.201501
48479	48478	24239	1	1	879071.062312	24239	879071.062312	40247.332610
48487	48486	24243	1	1	879277.570039	24243	879277.570039	31721.531836
48491	48490	24245	1	1	879331.668865	24245	879331.668865	33599.503405
48523	48522	24261	1	1	879975.008639	24261	879975.008639	31727.365351
48527	48526	24263	1	1	880061.584485	24263	880061.584485	36023.277100
48539	48538	24269	1	1	880293.929026	24269	880293.929026	33623.876561
48563	48562	24281	1	1	880765.859767	24281	880765.859767	33655.462762
48571	48570	24285	1	1	880955.194553	24285	880955.194553	31743.480558
48619	48618	24309	1	1	881917.508252	24309	881917.508252	31742.238972
48611	48610	24305	1	1	881759.971496	24305	881759.971496	33701.431649
48623	48622	24311	1	1	881997.208002	24311	881997.208002	36088.167138
48647	48646	24323	1	1	882472.728313	24323	882472.728313	36115.534181
48679	48678	24339	1	1	883108.401465	24339	883108.401465	31828.965029
48731	48730	24365	1	1	884135.484662	24365	884135.484662	33747.011533
48751	48750	24375	1	1	884591.663597	24375	884591.663597	31887.259324
48767	48766	24383	1	1	884902.201250	24383	884902.201250	36162.223942
48779	48778	24389	1	1	885151.861772	24389	885151.861772	33803.717768
48787	48786	24393	1	1	885298.655999	24393	885298.655999	31880.108651
48799	48798	24399	1	1	885544.996929	24399	885544.996929	31889.075880
48823	48822	24411	1	1	886007.964763	24411	886007.964763	31899.896346
48847	48846	24423	1	1	886502.874731	24423	886502.874731	31930.741737
48859	48858	24429	1	1	886747.430260	24429	886747.430260	31917.869165
48871	48870	24435	1	1	886985.436332	24435	886985.436332	31955.842018
48907	48906	24453	1	1	887747.470406	24453	887747.470406	32004.420585
48883	48882	24441	1	1	887234.372321	24441	887234.372321	31954.621593
48947	48946	24473	1	1	888542.899601	24473	888542.899601	33915.190104
48991	48990	24495	1	1	889406.957458	24495	889406.957458	32021.606702
49003	49002	24501	1	1	889645.292463	24501	889645.292463	32019.521750
49019	49018	24509	1	1	889963.090960	24509	889963.090960	33965.615545
49031	49030	24515	1	1	890220.477929	24515	890220.477929	46595.873365
49043	49042	24521	1	1	890469.921245	24521	890469.921245	34005.692590
49103	49102	24551	1	1	891636.961219	24551	891636.961219	36451.747200
49123	49122	24561	1	1	892073.107310	24561	892073.107310	32095.224385
49139	49138	24569	1	1	892397.960296	24569	892397.960296	34040.038963
49171	49170	24585	1	1	893041.381620	24585	893041.381620	32147.415444
49199	49198	24599	1	1	893596.214012	24599	893596.214012	48775.164553
49207	49206	24603	1	1	893759.593681	24603	893759.593681	32165.362147
49211	49210	24605	1	1	893841.496622	24605	893841.496622	34105.245477
49223	49222	24611	1	1	894087.911948	24611	894087.911948	36542.869540
49279	49278	24639	1	1	895198.299936	24639	895198.299936	32210.582447
49331	49330	24665	1	1	896236.928030	24665	896236.928030	34165.997721
49307	49306	24653	1	1	895770.710972	24653	895770.710972	34155.697105
49339	49338	24669	1	1	896415.128061	24669	896415.128061	32243.859602
49363	49362	24681	1	1	896896.170418	24681	896896.170418	32232.722995
49367	49366	24683	1	1	896991.584002	24683	896991.584002	36654.523520
49391	49390	24695	1	1	897462.630715	24695	897462.630715	46940.355082
49411	49410	24705	1	1	897882.798898	24705	897882.798898	32278.752226
49451	49450	24725	1	1	898694.020719	24725	898694.020719	34264.242668
49459	49458	24729	1	1	898847.153132	24729	898847.153132	32341.750437
49463	49462	24731	1	1	898907.702542	24731	898907.702542	36721.453897
49499	49498	24749	1	1	899631.967054	24749	899631.967054	34316.078962
49523	49522	24761	1	1	900143.970649	24761	900143.970649	34336.014269
49531	49530	24765	1	1	900305.402232	24765	900305.402232	32388.372504
49547	49546	24773	1	1	900624.423059	24773	900624.423059	34329.499777
49559	49558	24779	1	1	900828.956665	24779	900828.956665	47091.287238
49603	49602	24801	1	1	901738.518562	24801	901738.518562	32433.785669
49627	49626	24813	1	1	902240.195302	24813	902240.195302	32442.306869
49639	49638	24819	1	1	902504.976315	24819	902504.976315	32477.048729
49663	49662	24831	1	1	902962.447540	24831	902962.447540	32487.431833
49667	49666	24833	1	1	903033.763499	24833	903033.763499	34402.657052
49711	49710	24855	1	1	903934.307865	24855	903934.307865	32503.203624
49727	49726	24863	1	1	904256.364676	24863	904256.364676	36876.532075
49739	49738	24869	1	1	904502.225529	24869	904502.225529	34437.359413
49747	49746	24873	1	1	904658.985938	24873	904658.985938	32512.285288
49783	49782	24891	1	1	905384.602893	24891	905384.602893	32549.400767
49787	49786	24893	1	1	905458.508007	24893	905458.508007	34492.358551
49807	49806	24903	1	1	905874.490987	24903	905874.490987	32557.601641
49811	49810	24905	1	1	905936.165292	24905	905936.165292	34512.446192
49823	49822	24911	1	1	906198.724569	24911	906198.724569	37002.325748
49831	49830	24915	1	1	906369.114515	24915	906369.114515	32593.253627
49843	49842	24921	1	1	906581.904309	24921	906581.904309	32579.585394
49871	49870	24935	1	1	907169.381612	24935	907169.381612	52515.285958
49891	49890	24945	1	1	907560.210703	24945	907560.210703	32609.308067
49919	49918	24959	1	1	908106.721878	24959	908106.721878	41450.188154
49927	49926	24963	1	1	908297.052919	24963	908297.052919	32656.391382
49939	49938	24969	1	1	908553.967059	24969	908553.967059	32663.469292
49943	49942	24971	1	1	908614.217340	24971	908614.217340	37069.505148
49991	49990	24995	1	1	909585.512820	24995	909585.512820	41492.167466
49999	49998	24999	1	1	909761.325957	24999	909761.325957	32692.422021
50023	50022	25011	1	1	910231.536780	25011	910231.536780	32667.543522
50047	50046	25023	1	1	910707.041367	25023	910707.041367	32708.752034
50051	50050	25025	1	1	910772.943628	25025	910772.943628	34678.813458
50087	50086	25043	1	1	911521.054694	25043	911521.054694	37179.096835
50111	50110	25055	1	1	912017.727870	25055	912017.727870	52773.431127
50119	50118	25059	1	1	912185.774187	25059	912185.774187	32756.056960
50123	50122	25061	1	1	912246.753689	25061	912246.753689	34733.443499
50131	50130	25065	1	1	912405.860570	25065	912405.860570	32782.566616
50147	50146	25073	1	1	912752.465531	25073	912752.465531	34767.753148
50159	50158	25079	1	1	912982.803903	25079	912982.803903	41645.809277
50207	50206	25103	1	1	913941.402984	25103	913941.402984	37276.301223
50227	50226	25113	1	1	914338.124224	25113	914338.124224	32852.918843
50231	50230	25115	1	1	914429.512648	25115	914429.512648	47632.180311
50263	50262	25131	1	1	915070.251645	25131	915070.251645	32869.037685
50287	50286	25143	1	1	915571.115458	25143	915571.115458	32870.703607
50291	50290	25145	1	1	915644.476238	25145	915644.476238	34851.476485
50311	50310	25155	1	1	916067.876648	25155	916067.876648	32918.869340
50359	50358	25179	1	1	917009.633349	25179	917009.633349	32918.583605
50363	50362	25181	1	1	917122.477833	25181	917122.477833	34913.795283
50383	50382	25191	1	1	917502.163973	25191	917502.163973	32912.416679
50387	50386	25193	1	1	917593.106257	25193	917593.106257	34927.805788
50411	50410	25205	1	1	918039.517846	25205	918039.517846	34920.588388
50423	50422	25211	1	1	918289.163493	25211	918289.163493	37417.200770
50459	50458	25229	1	1	919032.599334	25229	919032.599334	34924.515306
50503	50502	25251	1	1	919911.022186	25251	919911.022186	33005.252045
50527	50526	25263	1	1	920407.712575	25263	920407.712575	33037.411493
50543	50542	25271	1	1	920754.508784	25271	920754.508784	37541.237646
50539	50538	25269	1	1	920655.643554	25269	920655.643554	33021.057034
50551	50550	25275	1	1	920892.569777	25275	920892.569777	33054.380339
50587	50586	25293	1	1	921649.093663	25293	921649.093663	33099.586149
50591	50590	25295	1	1	921674.107116	25295	921674.107116	41999.489652
50599	50598	25299	1	1	921905.658636	25299	921905.658636	33105.291622
50627	50626	25313	1	1	922445.817928	25313	922445.817928	35067.980574
50647	50646	25323	1	1	922858.535481	25323	922858.535481	33122.261333
50651	50650	25325	1	1	922910.478157	25325	922910.478157	35096.567810
50671	50670	25335	1	1	923342.419336	25335	923342.419336	33153.312700
50683	50682	25341	1	1	923545.717525	25341	923545.717525	33130.010293
50707	50706	25353	1	1	924049.907032	25353	924049.907032	33157.929251
50723	50722	25361	1	1	924375.194457	25361	924375.194457	35148.435762
50767	50766	25383	1	1	925292.541758	25383	925292.541758	33198.930303
50839	50838	25419	1	1	926732.121192	25419	926732.121192	33187.370966
50867	50866	25433	1	1	927290.210752	25433	927290.210752	35254.939826
50891	50890	25445	1	1	927796.919155	25445	927796.919155	35274.704335
50923	50922	25461	1	1	928438.235368	25461	928438.235368	33308.159734
50951	50950	25475	1	1	929003.135048	25475	929003.135048	56746.417693
50971	50970	25485	1	1	929395.434897	25485	929395.434897	33318.681090
51031	51030	25515	1	1	930622.035680	25515	930622.035680	33394.562430
51043	51042	25521	1	1	930830.754802	25521	930830.754802	33368.012248
51047	51046	25523	1	1	930928.603683	25523	930928.603683	37899.245881
51059	51058	25529	1	1	931174.308360	25529	931174.308360	35371.912886
51071	51070	25535	1	1	931422.979931	25535	931422.979931	48533.240470
51131	51130	25565	1	1	932633.940379	25565	932633.940379	35399.805243
51151	51150	25575	1	1	933055.471409	25575	933055.471409	33458.546501
51199	51198	25599	1	1	934019.483147	25599	934019.483147	33495.802981
51203	51202	25601	1	1	934057.000198	25601	934057.000198	35475.314884
51239	51238	25619	1	1	934826.351997	25619	934826.351997	48695.915499
51263	51262	25631	1	1	935310.759453	25631	935310.759453	38052.047911
51283	51282	25641	1	1	935700.146597	25641	935700.146597	33537.485557
51287	51286	25643	1	1	935788.936746	25643	935788.936746	38075.868568
51307	51306	25653	1	1	936193.864591	25653	936193.864591	33544.684579
51343	51342	25671	1	1	936923.205251	25671	936923.205251	33580.106650
51347	51346	25673	1	1	937015.327483	25673	937015.327483	35563.602050
51383	51382	25691	1	1	937734.901132	25691	937734.901132	38141.001621
51407	51406	25703	1	1	938226.236727	25703	938226.236727	38108.215623
51419	51418	25709	1	1	938465.643144	25709	938465.643144	35619.166204
51431	51430	25715	1	1	938701.584755	25715	938701.584755	42707.792674
51427	51426	25713	1	1	938617.708606	25713	938617.708606	33618.908345
51439	51438	25719	1	1	938886.687455	25719	938886.687455	33638.091565
51479	51478	25739	1	1	939668.748576	25739	939668.748576	42740.027601
51487	51486	25743	1	1	939813.982069	25743	939813.982069	33655.712937
51503	51502	25751	1	1	940119.664835	25751	940119.664835	38232.268296
51511	51510	25755	1	1	940331.752952	25755	940331.752952	33673.382602
51539	51538	25769	1	1	940867.891349	25769	940867.891349	35709.282699
51551	51550	25775	1	1	941144.739114	25775	941144.739114	48993.775175
51563	51562	25781	1	1	941386.091536	25781	941386.091536	35735.105474
51599	51598	25799	1	1	942097.738692	25799	942097.738692	42844.400115
51607	51606	25803	1	1	942263.788589	25803	942263.788589	33721.840772
51631	51630	25815	1	1	942751.787627	25815	942751.787627	33716.575374
51647	51646	25823	1	1	943092.363615	25823	943092.363615	38347.283518
51659	51658	25829	1	1	943293.327523	25829	943293.327523	35796.465434
51679	51678	25839	1	1	943742.554622	25839	943742.554622	33799.570616
51683	51682	25841	1	1	943813.504746	25841	943813.504746	35827.470329
51691	51690	25845	1	1	943974.462842	25845	943974.462842	33806.921429
51719	51718	25859	1	1	944539.310956	25859	944539.310956	51276.656217
51767	51766	25883	1	1	945510.222152	25883	945510.222152	38374.973862
51787	51786	25893	1	1	945947.735292	25893	945947.735292	33878.940186
51803	51802	25901	1	1	946231.136795	25901	946231.136795	35903.219037
51827	51826	25913	1	1	946736.951760	25913	946736.951760	35911.333551
51839	51838	25919	1	1	946991.076702	25919	946991.076702	43042.099988
51859	51858	25929	1	1	947392.132102	25929	947392.132102	33913.826536
51871	51870	25935	1	1	947622.106121	25935	947622.106121	33905.849379
51899	51898	25949	1	1	948207.449060	25949	948207.449060	35962.243151
51907	51906	25953	1	1	948358.219353	25953	948358.219353	33965.922054
51971	51970	25985	1	1	949631.144187	25985	949631.144187	35986.693312
51991	51990	25995	1	1	950067.252172	25995	950067.252172	34002.072621
52027	52026	26013	1	1	950811.204027	26013	950811.204027	34027.451705
52051	52050	26025	1	1	951276.646910	26025	951276.646910	34038.260590
52067	52066	26033	1	1	951603.719643	26033	951603.719643	36050.864052
52103	52102	26051	1	1	952294.625516	26051	952294.625516	38688.370876
52127	52126	26063	1	1	952802.739371	26063	952802.739371	38690.916330
52147	52146	26073	1	1	953204.766621	26073	953204.766621	34084.445343
52163	52162	26081	1	1	953507.566783	26081	953507.566783	36147.750805
52183	52182	26091	1	1	953944.248038	26091	953944.248038	34098.476931
52223	52222	26111	1	1	954774.529239	26111	954774.529239	38769.823064
52259	52258	26129	1	1	955480.937837	26129	955480.937837	36219.402930
52267	52266	26133	1	1	955645.827998	26133	955645.827998	34155.553321
52291	52290	26145	1	1	956144.685004	26145	956144.685004	34202.262299
52363	52362	26181	1	1	957585.272359	26181	957585.272359	34225.139074
52379	52378	26189	1	1	957904.473466	26189	957904.473466	36289.860680
52387	52386	26193	1	1	958095.099807	26193	958095.099807	34271.093926
52391	52390	26195	1	1	958177.940347	26195	958177.940347	49786.829530
52511	52510	26255	1	1	960570.892311	26255	960570.892311	43586.716948
52543	52542	26271	1	1	961235.720063	26271	961235.720063	34356.025145
52567	52566	26283	1	1	961735.479343	26283	961735.479343	34363.933803
52571	52570	26285	1	1	961811.386937	26285	961811.386937	36435.591290
52579	52578	26289	1	1	961974.445242	26289	961974.445242	34336.917661
52583	52582	26291	1	1	962034.314890	26291	962034.314890	39037.443326
52627	52626	26313	1	1	962980.477963	26313	962980.477963	34422.563890
52631	52630	26315	1	1	963012.447982	26315	963012.447982	52198.671429
52639	52638	26319	1	1	963213.427214	26319	963213.427214	34450.835894
52667	52666	26333	1	1	963749.579293	26333	963749.579293	36490.196243
52691	52690	26345	1	1	964251.306449	26345	964251.306449	36523.349484
52711	52710	26355	1	1	964663.638630	26355	964663.638630	34431.831842
52727	52726	26363	1	1	964986.911285	26363	964986.911285	39154.251030
52783	52782	26391	1	1	966123.044600	26391	966123.044600	34515.665285
52747	52746	26373	1	1	965393.055607	26373	965393.055607	34486.677664
52807	52806	26403	1	1	966614.805863	26403	966614.805863	34537.581725
52859	52858	26429	1	1	967668.461260	26429	967668.461260	36610.406225
52879	52878	26439	1	1	968058.363801	26439	968058.363801	34558.721526
52883	52882	26441	1	1	968129.446998	26441	968129.446998	36653.571887
52903	52902	26451	1	1	968554.318607	26451	968554.318607	34590.194745
52919	52918	26459	1	1	968886.289106	26459	968886.289106	50288.345455
52951	52950	26475	1	1	969523.527212	26475	969523.527212	34613.404143
52963	52962	26481	1	1	969797.513266	26481	969797.513266	34624.369932
52967	52966	26483	1	1	969879.055823	26483	969879.055823	39287.534852
52999	52998	26499	1	1	970516.443752	26499	970516.443752	34683.962168
53003	53002	26501	1	1	970590.260457	26501	970590.260457	36736.379608
53047	53046	26523	1	1	971503.035303	26523	971503.035303	34696.603276
53051	53050	26525	1	1	971547.455334	26525	971547.455334	36774.482904
53087	53086	26543	1	1	972305.304669	26543	972305.304669	39420.799291
53147	53146	26573	1	1	973525.995217	26573	973525.995217	36829.185154
53171	53170	26585	1	1	974015.748104	26585	974015.748104	36827.479908
53231	53230	26615	1	1	975228.565818	26615	975228.565818	59291.698063
53239	53238	26619	1	1	975389.650784	26619	975389.650784	34810.455390
53267	53266	26633	1	1	975969.876563	26633	975969.876563	36895.166124
53279	53278	26639	1	1	976205.890815	26639	976205.890815	44247.419712
53299	53298	26649	1	1	976596.271817	26649	976596.271817	34816.965739
53323	53322	26661	1	1	977100.770850	26661	977100.770850	34865.771969
53327	53326	26663	1	1	977184.695696	26663	977184.695696	39596.516850
53359	53358	26679	1	1	977845.952304	26679	977845.952304	34864.675545
53407	53406	26703	1	1	978799.222182	26703	978799.222182	34912.820144
53411	53410	26705	1	1	978851.558774	26705	978851.558774	37023.067735
53419	53418	26709	1	1	979061.150368	26709	979061.150368	34944.482412
53479	53478	26739	1	1	980288.408685	26739	980288.408685	34974.903450
53503	53502	26751	1	1	980762.936314	26751	980762.936314	34985.204742
53507	53506	26753	1	1	980835.958548	26753	980835.958548	37089.944730
53527	53526	26763	1	1	981251.664806	26763	981251.664806	35007.371999
53551	53550	26775	1	1	981741.751304	26775	981741.751304	35034.037753
53591	53590	26795	1	1	982515.647856	26795	982515.647856	53130.802311
53611	53610	26805	1	1	982950.426855	26805	982950.426855	35051.099011
53623	53622	26811	1	1	983188.984532	26811	983188.984532	35062.045537
53639	53638	26819	1	1	983509.960167	26819	983509.960167	50976.826568
53699	53698	26849	1	1	984742.366139	26849	984742.366139	37230.995855
53719	53718	26859	1	1	985134.745041	26859	985134.745041	35110.557070
53731	53730	26865	1	1	985381.425471	26865	985381.425471	35124.845638
53759	53758	26879	1	1	985954.506235	26879	985954.506235	56601.636330
53783	53782	26891	1	1	986443.820705	26891	986443.820705	39927.685180
53791	53790	26895	1	1	986621.383491	26895	986621.383491	35183.269267
53819	53818	26909	1	1	987169.401459	26909	987169.401459	37289.033465
53831	53830	26915	1	1	987414.876173	26915	987414.876173	44676.667643
53887	53886	26943	1	1	988585.232387	26943	988585.232387	35232.503994
53891	53890	26945	1	1	988649.692239	26945	988649.692239	37362.333724
53899	53898	26949	1	1	988804.893272	26949	988804.893272	35205.280944
53923	53922	26961	1	1	989286.056575	26961	989286.056575	35260.409876
53927	53926	26963	1	1	989373.283836	26963	989373.283836	40033.034426
53939	53938	26969	1	1	989614.549688	26969	989614.549688	37369.993743
53951	53950	26975	1	1	989828.417578	26975	989828.417578	44802.822080
53959	53958	26979	1	1	990025.399329	26979	990025.399329	35282.074655
53987	53986	26993	1	1	990587.195869	26993	990587.195869	37410.806844
54011	54010	27005	1	1	991048.658271	27005	991048.658271	37402.208428
54059	54058	27029	1	1	992060.895130	27029	992060.895130	37471.615118
54083	54082	27041	1	1	992552.717733	27041	992552.717733	37480.480369
54091	54090	27045	1	1	992711.783213	27045	992711.783213	35343.812615
54139	54138	27069	1	1	993690.138537	27069	993690.138537	35397.165100
54151	54150	27075	1	1	993951.053912	27075	993951.053912	35432.646875
54163	54162	27081	1	1	994159.943771	27081	994159.943771	35381.981921
54167	54166	27083	1	1	994259.638452	27083	994259.638452	40219.163172
54251	54250	27125	1	1	995947.324901	27125	995947.324901	37598.737785
54287	54286	27143	1	1	996685.088406	27143	996685.088406	40300.581852
54311	54310	27155	1	1	997193.047329	27155	997193.047329	51576.949478
54319	54318	27159	1	1	997377.411723	27159	997377.411723	35540.041628
54323	54322	27161	1	1	997426.749047	27161	997426.749047	37640.151104
54331	54330	27165	1	1	997596.800619	27165	997596.800619	35521.237551
54347	54346	27173	1	1	997926.745063	27173	997926.745063	37681.295781
54367	54366	27183	1	1	998321.814162	27183	998321.814162	35543.963472
54371	54370	27185	1	1	998408.156747	27185	998408.156747	37687.273709
54403	54402	27201	1	1	999060.441574	27201	999060.441574	35542.164478
54419	54418	27209	1	1	999392.540233	27209	999392.540233	37681.818941
54443	54442	27221	1	1	999868.805729	27221	999868.805729	37749.494485
54499	54498	27249	1	1	1001024.541919	27249	1001024.541919	35615.058411
54503	54502	27251	1	1	1001106.713764	27251	1001106.713764	40474.521343
54539	54538	27269	1	1	1001831.098636	27269	1001831.098636	37778.301371
54547	54546	27273	1	1	1002001.184765	27273	1002001.184765	35638.969514
54559	54558	27279	1	1	1002241.375357	27279	1002241.375357	35633.644343
54563	54562	27281	1	1	1002313.772267	27281	1002313.772267	37810.904428
54583	54582	27291	1	1	1002726.925963	27291	1002726.925963	35645.157692
54623	54622	27311	1	1	1003536.457768	27311	1003536.457768	40557.562394
54631	54630	27315	1	1	1003711.497685	27315	1003711.497685	35711.418122
54647	54646	27323	1	1	1004046.193991	27323	1004046.193991	40540.274479
54667	54666	27333	1	1	1004429.238838	27333	1004429.238838	35738.019015
54679	54678	27339	1	1	1004697.325081	27339	1004697.325081	35775.022947
54727	54726	27363	1	1	1005684.967437	27363	1005684.967437	35805.781959
54751	54750	27375	1	1	1006150.622002	27375	1006150.622002	35793.676467
54767	54766	27383	1	1	1006466.904593	27383	1006466.904593	40655.844189
54779	54778	27389	1	1	1006714.475756	27389	1006714.475756	37967.794829
54787	54786	27393	1	1	1006888.236623	27393	1006888.236623	35825.274063
54799	54798	27399	1	1	1007157.382806	27399	1007157.382806	35862.001555
54851	54850	27425	1	1	1008199.699549	27425	1008199.699549	38025.126285
54907	54906	27453	1	1	1009320.620074	27453	1009320.620074	35907.251639
54919	54918	27459	1	1	1009569.591001	27459	1009569.591001	35882.547967
54959	54958	27479	1	1	1010377.851151	27479	1010377.851151	45628.750705
54979	54978	27489	1	1	1010794.637946	27489	1010794.637946	35915.169512
54983	54982	27491	1	1	1010883.565789	27491	1010883.565789	40816.228319
55051	55050	27525	1	1	1012265.387604	27525	1012265.387604	35987.414363
55079	55078	27539	1	1	1012843.995177	27539	1012843.995177	54606.629605
55103	55102	27551	1	1	1013333.712701	27551	1013333.712701	40918.844778
55127	55126	27563	1	1	1013827.380751	27563	1013827.380751	40879.033911
55147	55146	27573	1	1	1014213.719135	27573	1014213.719135	36049.900478
55163	55162	27581	1	1	1014555.997192	27581	1014555.997192	38227.436193
55171	55170	27585	1	1	1014702.238256	27585	1014702.238256	36037.082155
55207	55206	27603	1	1	1015462.834294	27603	1015462.834294	36110.125157
55219	55218	27609	1	1	1015710.298158	27609	1015710.298158	36115.501701
55243	55242	27621	1	1	1016158.277198	27621	1016158.277198	36114.151447
55259	55258	27629	1	1	1016516.703557	27629	1016516.703557	38288.762201
55291	55290	27645	1	1	1017193.320268	27645	1017193.320268	36177.392177
55331	55330	27665	1	1	1017965.737271	27665	1017965.737271	38316.372840
55339	55338	27669	1	1	1018145.886170	27669	1018145.886170	36168.504069
55343	55342	27671	1	1	1018221.067277	27671	1018221.067277	41095.462747
55351	55350	27675	1	1	1018396.762249	27675	1018396.762249	36162.184775
55399	55398	27699	1	1	1019364.134844	27699	1019364.134844	36230.341936
55411	55410	27705	1	1	1019621.288377	27705	1019621.288377	36245.172805
55439	55438	27719	1	1	1020161.862103	27719	1020161.862103	54975.763491
55487	55486	27743	1	1	1021171.999319	27743	1021171.999319	41192.086621
55511	55510	27755	1	1	1021657.286305	27755	1021657.286305	46065.513734
55547	55546	27773	1	1	1022385.049257	27773	1022385.049257	38499.341046
55579	55578	27789	1	1	1023026.557002	27789	1023026.557002	36337.361022
55603	55602	27801	1	1	1023524.657097	27801	1023524.657097	36352.702111
55619	55618	27809	1	1	1023854.630407	27809	1023854.630407	38531.559342
55631	55630	27815	1	1	1024069.978635	27815	1024069.978635	46168.034299
55639	55638	27819	1	1	1024254.025171	27819	1024254.025171	36382.857762
55663	55662	27831	1	1	1024752.722263	27831	1024752.722263	36386.441910
55667	55666	27833	1	1	1024836.173143	27833	1024836.173143	38583.562148
55691	55690	27845	1	1	1025327.805767	27845	1025327.805767	38576.717681
55711	55710	27855	1	1	1025727.334238	27855	1025727.334238	36428.599906
55763	55762	27881	1	1	1026800.328394	27881	1026800.328394	38659.202893
55787	55786	27893	1	1	1027293.703721	27893	1027293.703721	38666.304655
55799	55798	27899	1	1	1027519.352788	27899	1027519.352788	46333.721960
55807	55806	27903	1	1	1027668.280850	27903	1027668.280850	36489.866436
55819	55818	27909	1	1	1027939.670855	27909	1027939.670855	36498.263543
55823	55822	27911	1	1	1028019.854451	27911	1028019.854451	41440.680732
55843	55842	27921	1	1	1028433.530430	27921	1028433.530430	36526.627883
55871	55870	27935	1	1	1028992.809396	27935	1028992.809396	46384.068798
55903	55902	27951	1	1	1029671.653059	27951	1029671.653059	36563.164732
55927	55926	27963	1	1	1030145.442721	27963	1030145.442721	36548.782588
55931	55930	27965	1	1	1030194.906119	27965	1030194.906119	38735.682125
55967	55966	27983	1	1	1030967.502491	27983	1030967.502491	41563.650870
55987	55986	27993	1	1	1031384.949413	27993	1031384.949413	36621.014806
56003	56002	28001	1	1	1031719.000083	28001	1031719.000083	38832.966051
56039	56038	28019	1	1	1032421.934339	28019	1032421.934339	46523.557207
56087	56086	28043	1	1	1033407.636853	28043	1033407.636853	41643.450679
56099	56098	28049	1	1	1033634.832211	28049	1033634.832211	38867.789348
56123	56122	28061	1	1	1034134.307498	28061	1034134.307498	38912.686831
56131	56130	28065	1	1	1034329.572524	28065	1034329.572524	36710.777822
56167	56166	28083	1	1	1035036.203973	28083	1035036.203973	36714.586872
56171	56170	28085	1	1	1035129.514579	28085	1035129.514579	38945.048433
56179	56178	28089	1	1	1035279.681805	28089	1035279.681805	36724.822721
56207	56206	28103	1	1	1035865.436499	28103	1035865.436499	41687.121205
56263	56262	28131	1	1	1037011.212419	28131	1037011.212419	36797.558149
56239	56238	28119	1	1	1036515.052125	28119	1036515.052125	36724.005706
56267	56266	28133	1	1	1037099.335607	28133	1037099.335607	38963.612724
56299	56298	28149	1	1	1037758.320285	28149	1037758.320285	36809.329459
56311	56310	28155	1	1	1038006.393836	28155	1038006.393836	36844.432279
56359	56358	28179	1	1	1038970.940440	28179	1038970.940440	36817.389468
56383	56382	28191	1	1	1039459.624718	28191	1039459.624718	36846.121038
56431	56430	28215	1	1	1040441.389130	28215	1040441.389130	36894.264838
56443	56442	28221	1	1	1040671.229347	28221	1040671.229347	36899.993869
56467	56466	28233	1	1	1041158.808385	28233	1041158.808385	36901.686095
56479	56478	28239	1	1	1041424.473301	28239	1041424.473301	36919.749819
56503	56502	28251	1	1	1041887.813213	28251	1041887.813213	36935.968261
56519	56518	28259	1	1	1042219.851515	28259	1042219.851515	46927.686526
56527	56526	28263	1	1	1042413.506553	28263	1042413.506553	36970.131688
56531	56530	28265	1	1	1042467.315839	28265	1042467.315839	39173.635695
56543	56542	28271	1	1	1042741.623981	28271	1042741.623981	41974.477756
56591	56590	28295	1	1	1043718.333374	28295	1043718.333374	56073.254854
56599	56598	28299	1	1	1043860.775855	28299	1043860.775855	37006.006302
56611	56610	28305	1	1	1044115.717613	28305	1044115.717613	37012.261408
56659	56658	28329	1	1	1045086.348031	28329	1045086.348031	37040.991809
56663	56662	28331	1	1	1045152.117440	28331	1045152.117440	42063.176899
56671	56670	28335	1	1	1045368.065138	28335	1045368.065138	37050.326181
56687	56686	28343	1	1	1045682.535404	28343	1045682.535404	42089.971975
56711	56710	28355	1	1	1046174.506294	28355	1046174.506294	47101.918488
56731	56730	28365	1	1	1046568.382772	28365	1046568.382772	37099.855797
56747	56746	28373	1	1	1046897.007280	28373	1046897.007280	39314.835966
56767	56766	28383	1	1	1047314.785502	28383	1047314.785502	37100.794760
56783	56782	28391	1	1	1047629.516562	28391	1047629.516562	42178.042185
56779	56778	28389	1	1	1047577.022665	28389	1047577.022665	37115.930466
56807	56806	28403	1	1	1048126.707753	28403	1048126.707753	42167.141257
56827	56826	28413	1	1	1048529.713711	28413	1048529.713711	37136.934419
56843	56842	28421	1	1	1048868.566306	28421	1048868.566306	39415.792586
56891	56890	28445	1	1	1049819.771983	28445	1049819.771983	39409.569935
56911	56910	28455	1	1	1050229.862842	28455	1050229.862842	37206.740143
56923	56922	28461	1	1	1050487.608335	28461	1050487.608335	37221.694802
56951	56950	28475	1	1	1051044.406639	28475	1051044.406639	54114.125198
56963	56962	28481	1	1	1051328.750888	28481	1051328.750888	39488.027026
56983	56982	28491	1	1	1051723.789914	28491	1051723.789914	37244.796208
56999	56998	28499	1	1	1052050.448023	28499	1052050.448023	56524.257048
57047	57046	28523	1	1	1053024.330160	28523	1053024.330160	42355.901304
57059	57058	28529	1	1	1053279.559602	28529	1053279.559602	39531.966236
57107	57106	28553	1	1	1054278.546440	28553	1054278.546440	39578.321764
57119	57118	28559	1	1	1054507.983728	28559	1054507.983728	61468.407398
57131	57130	28565	1	1	1054759.920728	28565	1054759.920728	39613.890391
57139	57138	28569	1	1	1054940.520229	28569	1054940.520229	37361.493951
57143	57142	28571	1	1	1054996.190231	28571	1054996.190231	42419.270849
57163	57162	28581	1	1	1055404.534903	28581	1055404.534903	37355.932342
57179	57178	28589	1	1	1055739.536189	28589	1055739.536189	39632.527268
57191	57190	28595	1	1	1055975.131878	28595	1055975.131878	47474.762550
57203	57202	28601	1	1	1056198.074996	28601	1056198.074996	39651.150824
57223	57222	28611	1	1	1056646.893822	28611	1056646.893822	37386.941564
57251	57250	28625	1	1	1057208.580723	28625	1057208.580723	39687.743354
57259	57258	28629	1	1	1057353.195635	28629	1057353.195635	37437.886967
57271	57270	28635	1	1	1057595.119827	28635	1057595.119827	37430.545372
57283	57282	28641	1	1	1057852.216533	28641	1057852.216533	37427.783069
57287	57286	28643	1	1	1057946.939571	28643	1057946.939571	42528.917046
57331	57330	28665	1	1	1058862.224944	28665	1058862.224944	37500.083309
57347	57346	28673	1	1	1059163.910075	28673	1059163.910075	39721.862252
57383	57382	28691	1	1	1059917.105893	28691	1059917.105893	42604.129500
57367	57366	28683	1	1	1059569.997719	28683	1059569.997719	37508.320818
57427	57426	28713	1	1	1060811.821496	28713	1060811.821496	37544.642063
57467	57466	28733	1	1	1061644.278032	28733	1061644.278032	39828.626897
57487	57486	28743	1	1	1062053.278648	28743	1062053.278648	37618.162639
57503	57502	28751	1	1	1062362.630062	28751	1062362.630062	42698.845597
57527	57526	28763	1	1	1062862.153312	28763	1062862.153312	42679.544063
57559	57558	28779	1	1	1063538.487091	28779	1063538.487091	37649.262096
57571	57570	28785	1	1	1063754.085881	28785	1063754.085881	37627.734650
57587	57586	28793	1	1	1064085.269028	28793	1064085.269028	39899.290353
57667	57666	28833	1	1	1065720.636985	28833	1065720.636985	37693.861845
57679	57678	28839	1	1	1065965.320803	28839	1065965.320803	37664.106165
57719	57718	28859	1	1	1066788.360732	28859	1066788.360732	47904.191398
57727	57726	28863	1	1	1066959.316459	28863	1066959.316459	37741.747543
57731	57730	28865	1	1	1067038.438711	28865	1067038.438711	40007.207194
57751	57750	28875	1	1	1067458.755107	28875	1067458.755107	37732.540230
57787	57786	28893	1	1	1068188.608973	28893	1068188.608973	37786.649318
57791	57790	28895	1	1	1068270.553791	28895	1068270.553791	57312.967832
57803	57802	28901	1	1	1068516.876016	28901	1068516.876016	40068.300990
57839	57838	28919	1	1	1069218.245866	28919	1069218.245866	54952.843402
57847	57846	28923	1	1	1069431.066704	28923	1069431.066704	37837.305585
57859	57858	28929	1	1	1069667.060226	28929	1069667.060226	37831.325108
57899	57898	28949	1	1	1070464.598138	28949	1070464.598138	40096.861062
57923	57922	28961	1	1	1070962.743407	28961	1070962.743407	40153.199417
57943	57942	28971	1	1	1071376.157735	28971	1071376.157735	37850.245103
57947	57946	28973	1	1	1071449.757512	28973	1071449.757512	40164.362787
57991	57990	28995	1	1	1072388.606651	28995	1072388.606651	37929.066925
58027	58026	29013	1	1	1073080.423318	29013	1073080.423318	37946.919229
58043	58042	29021	1	1	1073419.471248	29021	1073419.471248	40235.293089
58031	58030	29015	1	1	1073175.488341	29015	1073175.488341	48154.507974
58067	58066	29033	1	1	1073925.064449	29033	1073925.064449	40251.880182
58099	58098	29049	1	1	1074582.186326	29049	1074582.186326	37974.827205
58111	58110	29055	1	1	1074822.438103	29055	1074822.438103	38002.595475
58147	58146	29073	1	1	1075573.898470	29073	1075573.898470	38032.563429
58151	58150	29075	1	1	1075643.435031	29075	1075643.435031	48280.627967
58171	58170	29085	1	1	1076083.986554	29085	1076083.986554	38067.849817
58199	58198	29099	1	1	1076632.498224	29099	1076632.498224	48320.730140
58207	58206	29103	1	1	1076797.009447	29103	1076797.009447	38055.009337
58211	58210	29105	1	1	1076848.376084	29105	1076848.376084	40337.634545
58231	58230	29115	1	1	1077294.268086	29115	1077294.268086	38062.525821
58243	58242	29121	1	1	1077531.928983	29121	1077531.928983	38078.346066
58271	58270	29135	1	1	1078113.403737	29135	1078113.403737	55352.443769
58363	58362	29181	1	1	1079973.040075	29181	1079973.040075	38158.972410
58367	58366	29183	1	1	1080071.953138	29183	1080071.953138	43342.557158
58379	58378	29189	1	1	1080317.910544	29189	1080317.910544	40464.246558
58391	58390	29195	1	1	1080561.151758	29195	1080561.151758	48476.418871
58403	58402	29201	1	1	1080802.841855	29201	1080802.841855	40468.221248
58411	58410	29205	1	1	1080965.991331	29205	1080965.991331	38192.340901
58427	58426	29213	1	1	1081289.605213	29213	1081289.605213	40486.598495
58439	58438	29219	1	1	1081550.578604	29219	1081550.578604	61537.870480
58451	58450	29225	1	1	1081768.402080	29225	1081768.402080	40499.807637
58511	58510	29255	1	1	1083014.031749	29255	1083014.031749	58018.134867
58543	58542	29271	1	1	1083675.773172	29271	1083675.773172	38284.696600
58567	58566	29283	1	1	1084206.354778	29283	1084206.354778	38319.522014
58579	58578	29289	1	1	1084407.779224	29289	1084407.779224	38296.049947
58603	58602	29301	1	1	1084918.064561	29301	1084918.064561	38311.043493
58631	58630	29315	1	1	1085493.574284	29315	1085493.574284	55719.873669
58679	58678	29339	1	1	1086474.656331	29339	1086474.656331	55756.333474
58687	58686	29343	1	1	1086641.084495	29343	1086641.084495	38396.204198
58699	58698	29349	1	1	1086894.352217	29349	1086894.352217	38354.780470
58711	58710	29355	1	1	1087123.716297	29355	1087123.716297	38383.968965
58727	58726	29363	1	1	1087476.510515	29363	1087476.510515	43624.913344
58763	58762	29381	1	1	1088189.775036	29381	1088189.775036	40734.718900
58771	58770	29385	1	1	1088379.403313	29385	1088379.403313	38431.079982
58787	58786	29393	1	1	1088674.273204	29393	1088674.273204	40713.640931
58831	58830	29415	1	1	1089581.449419	29415	1089581.449419	38463.146930
58907	58906	29453	1	1	1091139.378869	29453	1091139.378869	40811.578849
58943	58942	29471	1	1	1091894.909978	29471	1091894.909978	43763.998407
58963	58962	29481	1	1	1092313.931652	29481	1092313.931652	38562.241889
58967	58966	29483	1	1	1092381.856597	29483	1092381.856597	43779.313423
58979	58978	29489	1	1	1092604.609070	29489	1092604.609070	40872.722706
58991	58990	29495	1	1	1092870.542771	29495	1092870.542771	48962.724036
59011	59010	29505	1	1	1093299.171002	29505	1093299.171002	38556.970646
59051	59050	29525	1	1	1094099.588613	29525	1094099.588613	40903.613576
59023	59022	29511	1	1	1093522.122512	29511	1093522.122512	38590.984117
59063	59062	29531	1	1	1094330.198696	29531	1094330.198696	43848.514505
59083	59082	29541	1	1	1094742.883285	29541	1094742.883285	38616.354311
59107	59106	29553	1	1	1095259.843448	29553	1095259.843448	38673.400748
59119	59118	29559	1	1	1095488.541096	29559	1095488.541096	38645.291784
59123	59122	29561	1	1	1095565.984622	29561	1095565.984622	40981.596896
59159	59158	29579	1	1	1096329.069715	29579	1096329.069715	49119.902099
59167	59166	29583	1	1	1096478.693946	29583	1096478.693946	38673.188751
59183	59182	29591	1	1	1096804.930945	29591	1096804.930945	43926.797379
59207	59206	29603	1	1	1097309.407544	29603	1097309.407544	43950.828511
59219	59218	29609	1	1	1097561.110806	29609	1097561.110806	41027.305849
59239	59238	29619	1	1	1097967.336585	29619	1097967.336585	38734.175841
59243	59242	29621	1	1	1098056.552589	29621	1098056.552589	41068.843725
59263	59262	29631	1	1	1098443.860142	29631	1098443.860142	38704.140332
59351	59350	29675	1	1	1100259.348240	29675	1100259.348240	58855.869534
59359	59358	29679	1	1	1100452.067635	29679	1100452.067635	38836.220106
59387	59386	29693	1	1	1101018.426225	29693	1101018.426225	41178.756108
59399	59398	29699	1	1	1101221.868179	29699	1101221.868179	49321.440254
59407	59406	29703	1	1	1101413.169858	29703	1101413.169858	38841.935708
59419	59418	29709	1	1	1101662.202226	29709	1101662.202226	38851.361202
59443	59442	29721	1	1	1102151.879409	29721	1102151.879409	38866.794067
59447	59446	29723	1	1	1102250.573685	29723	1102250.573685	44136.572126
59467	59466	29733	1	1	1102643.858960	29733	1102643.858960	38880.522741
59471	59470	29735	1	1	1102741.978741	29735	1102741.978741	56526.305095
59539	59538	29769	1	1	1104103.981991	29769	1104103.981991	38913.945989
59567	59566	29783	1	1	1104709.605695	29783	1104709.605695	44182.270158
59611	59610	29805	1	1	1105601.003430	29805	1105601.003430	38981.010351
59627	59626	29813	1	1	1105932.603216	29813	1105932.603216	41305.187395
59651	59650	29825	1	1	1106422.515003	29825	1106422.515003	41327.520729
59659	59658	29829	1	1	1106593.784302	29829	1106593.784302	38987.007439
59663	59662	29831	1	1	1106675.266550	29831	1106675.266550	44279.036298
59671	59670	29835	1	1	1106836.570073	29835	1106836.570073	39012.097582
59699	59698	29849	1	1	1107407.089775	29849	1107407.089775	41370.285367
59707	59706	29853	1	1	1107562.700068	29853	1107562.700068	39030.928507
59723	59722	29861	1	1	1107892.206245	29861	1107892.206245	41395.944524
59743	59742	29871	1	1	1108295.912826	29871	1108295.912826	39001.668853
59747	59746	29873	1	1	1108390.766316	29873	1108390.766316	41407.605547
59771	59770	29885	1	1	1108891.147086	29885	1108891.147086	41414.482187
59779	59778	29889	1	1	1109082.067197	29889	1109082.067197	39103.918642
59791	59790	29895	1	1	1109301.134850	29895	1109301.134850	39092.627944
59863	59862	29931	1	1	1110789.477336	29931	1110789.477336	39142.752317
59879	59878	29939	1	1	1111101.473377	29939	1111101.473377	49731.560392
59887	59886	29943	1	1	1111290.291602	29943	1111290.291602	39180.223290
59951	59950	29975	1	1	1112604.192975	29975	1112604.192975	56979.079040
59971	59970	29985	1	1	1112998.690538	29985	1112998.690538	39203.093162
59999	59998	29999	1	1	1113568.690385	29999	1113568.690385	49810.126092
60083	60082	30041	1	1	1115280.960913	30041	1115280.960913	41651.421318
60091	60090	30045	1	1	1115501.128961	30045	1115501.128961	39299.341344
60103	60102	30051	1	1	1115718.117823	30051	1115718.117823	39285.305780
60107	60106	30053	1	1	1115806.014084	30053	1115806.014084	41662.675590
60127	60126	30063	1	1	1116200.463939	30063	1116200.463939	39313.233694
60139	60138	30069	1	1	1116483.658840	30069	1116483.658840	39309.010320
60167	60166	30083	1	1	1117036.402540	30083	1117036.402540	44684.101461
60223	60222	30111	1	1	1118182.473958	30111	1118182.473958	39383.805453
60251	60250	30125	1	1	1118728.062574	30125	1118728.062574	41757.568662
60259	60258	30129	1	1	1118925.115427	30129	1118925.115427	39411.428362
60271	60270	30135	1	1	1119169.095828	30135	1119169.095828	39395.596667
60331	60330	30165	1	1	1120427.062161	30165	1120427.062161	39462.849145
60343	60342	30171	1	1	1120641.602478	30171	1120641.602478	39442.064640
60383	60382	30191	1	1	1121453.425451	30191	1121453.425451	44828.034818
60427	60426	30213	1	1	1122384.403667	30213	1122384.403667	39500.067881
60527	60526	30263	1	1	1124451.650745	30263	1124451.650745	44949.303797
60443	60442	30221	1	1	1122729.168191	30221	1122729.168191	41909.397471
60539	60538	30269	1	1	1124684.824934	30269	1124684.824934	41948.322540
60607	60606	30303	1	1	1126083.713921	30303	1126083.713921	39622.508156
60611	60610	30305	1	1	1126166.010312	30305	1126166.010312	41996.522001
60623	60622	30311	1	1	1126424.865816	30311	1126424.865816	45003.688856
60631	60630	30315	1	1	1126568.934804	30315	1126568.934804	39636.405502
60647	60646	30323	1	1	1126924.027419	30323	1126924.027419	45032.385252
60659	60658	30329	1	1	1127162.008517	30329	1127162.008517	41997.087777
60679	60678	30339	1	1	1127600.400526	30339	1127600.400526	39701.712980
60703	60702	30351	1	1	1128050.550311	30351	1128050.550311	39687.040914
60719	60718	30359	1	1	1128376.130111	30359	1128376.130111	50411.321270
60727	60726	30363	1	1	1128589.464766	30363	1128589.464766	39725.452562
60763	60762	30381	1	1	1129305.391324	30381	1129305.391324	39732.682354
60779	60778	30389	1	1	1129598.957866	30389	1129598.957866	42114.709378
60811	60810	30405	1	1	1130303.765236	30405	1130303.765236	39776.609717
60859	60858	30429	1	1	1131258.805230	30429	1131258.805230	39782.274188
60887	60886	30443	1	1	1131854.110157	30443	1131854.110157	45202.436026
60899	60898	30449	1	1	1132110.184934	30449	1132110.184934	42194.707360
60919	60918	30459	1	1	1132520.573714	30459	1132520.573714	39828.667890
60923	60922	30461	1	1	1132599.857146	30461	1132599.857146	42223.906100
60943	60942	30471	1	1	1132998.489096	30471	1132998.489096	39833.846125
61007	61006	30503	1	1	1134310.539459	30503	1134310.539459	45278.428893
61027	61026	30513	1	1	1134752.358048	30513	1134752.358048	39930.436281
61031	61030	30515	1	1	1134799.567709	30515	1134799.567709	57993.853490
61043	61042	30521	1	1	1135067.302995	30521	1135067.302995	42317.987725
61051	61050	30525	1	1	1135224.784798	30525	1135224.784798	39932.760667
61091	61090	30545	1	1	1136030.899226	30545	1136030.899226	42343.068644
61099	61098	30549	1	1	1136225.006462	30549	1136225.006462	39947.717228
61151	61150	30575	1	1	1137282.908441	30575	1137282.908441	65809.030434
61223	61222	30611	1	1	1138776.553906	30611	1138776.553906	45454.154347
61211	61210	30605	1	1	1138523.611886	30605	1138523.611886	42441.237311
61231	61230	30615	1	1	1138946.051521	30615	1138946.051521	40044.655600
61283	61282	30641	1	1	1139999.190108	30641	1139999.190108	42481.613497
61291	61290	30645	1	1	1140181.888622	30645	1140181.888622	40084.161922
61331	61330	30665	1	1	1140971.870590	30665	1140971.870590	42464.929805
61339	61338	30669	1	1	1141163.128589	30669	1141163.128589	40106.601333
61343	61342	30671	1	1	1141229.982140	30671	1141229.982140	45534.434868
61363	61362	30681	1	1	1141652.279034	30681	1141652.279034	40121.174665
61379	61378	30689	1	1	1141990.903902	30689	1141990.903902	42531.105070
61403	61402	30701	1	1	1142479.492910	30701	1142479.492910	42543.304563
61463	61462	30731	1	1	1143726.247317	30731	1143726.247317	45641.738888
61471	61470	30735	1	1	1143884.077867	30735	1143884.077867	40194.942149
61483	61482	30741	1	1	1144112.420165	30741	1144112.420165	40193.206250
61487	61486	30743	1	1	1144215.567120	30743	1144215.567120	45663.155015
61507	61506	30753	1	1	1144624.355129	30753	1144624.355129	40207.465463
61511	61510	30755	1	1	1144692.444138	30755	1144692.444138	51068.126492
61519	61518	30759	1	1	1144873.094212	30759	1144873.094212	40217.275611
61543	61542	30771	1	1	1145348.791367	30771	1145348.791367	40241.616080
61547	61546	30773	1	1	1145432.766367	30773	1145432.766367	42666.594128
61559	61558	30779	1	1	1145710.716683	30779	1145710.716683	51123.729600
61583	61582	30791	1	1	1146192.878488	30791	1146192.878488	45713.137152
61603	61602	30801	1	1	1146604.422945	30801	1146604.422945	40265.565690
61627	61626	30813	1	1	1147088.445526	30813	1147088.445526	40297.506574
61631	61630	30815	1	1	1147185.892856	30815	1147185.892856	58542.580760
61643	61642	30821	1	1	1147420.869072	30821	1147420.869072	42726.872706
61651	61650	30825	1	1	1147587.842842	30825	1147587.842842	40299.063457
61667	61666	30833	1	1	1147912.019465	30833	1147912.019465	42737.732199
61687	61686	30843	1	1	1148359.097784	30843	1148359.097784	40346.248497
61703	61702	30851	1	1	1148659.687982	30851	1148659.687982	45832.499740
61723	61722	30861	1	1	1149071.608753	30861	1149071.608753	40312.899012
61751	61750	30875	1	1	1149634.087644	30875	1149634.087644	51273.606104
61819	61818	30909	1	1	1151083.696356	30909	1151083.696356	40402.989020
61843	61842	30921	1	1	1151565.168066	30921	1151565.168066	40455.220356
61871	61870	30935	1	1	1152118.723343	30935	1152118.723343	66584.751924
61879	61878	30939	1	1	1152306.526193	30939	1152306.526193	40472.128028
61927	61926	30963	1	1	1153318.691384	30963	1153318.691384	40519.964202
61967	61966	30983	1	1	1154108.754960	30983	1154108.754960	46005.584254
61979	61978	30989	1	1	1154368.994902	30989	1154368.994902	42942.538354
61987	61986	30993	1	1	1154543.116457	30993	1154543.116457	40545.417310
61991	61990	30995	1	1	1154582.401191	30995	1154582.401191	61475.866578
62003	62002	31001	1	1	1154853.253305	31001	1154853.253305	42972.622561
62011	62010	31005	1	1	1155019.918606	31005	1155019.918606	40534.686279
62039	62038	31019	1	1	1155595.523563	31019	1155595.523563	65330.265711
62047	62046	31023	1	1	1155738.482918	31023	1155738.482918	40554.397702
62071	62070	31035	1	1	1156240.845667	31035	1156240.845667	40538.628331
62099	62098	31049	1	1	1156803.046969	31049	1156803.046969	43020.609928
62119	62118	31059	1	1	1157232.785418	31059	1157232.785418	40585.251327
62131	62130	31065	1	1	1157490.738533	31065	1157490.738533	40626.890170
62143	62142	31071	1	1	1157724.818324	31071	1157724.818324	40638.654550
62171	62170	31085	1	1	1158313.546754	31085	1158313.546754	43088.969681
62191	62190	31095	1	1	1158731.486269	31095	1158731.486269	40657.864355
62207	62206	31103	1	1	1159064.075659	31103	1159064.075659	46194.610900
62219	62218	31109	1	1	1159306.119650	31109	1159306.119650	43107.791714
62303	62302	31151	1	1	1161048.270459	31151	1161048.270459	46256.247546
62299	62298	31149	1	1	1160963.261093	31149	1160963.261093	40726.772110
62311	62310	31155	1	1	1161211.170352	31155	1161211.170352	40750.419519
62323	62322	31161	1	1	1161465.495903	31161	1161465.495903	40738.824648
62327	62326	31163	1	1	1161533.118780	31163	1161533.118780	46281.953358
62351	62350	31175	1	1	1162011.552347	31175	1162011.552347	51768.679857
62347	62346	31173	1	1	1161954.702798	31173	1161954.702798	40776.130645
62383	62382	31191	1	1	1162660.253471	31191	1162660.253471	40768.815400
62423	62422	31211	1	1	1163504.436685	31211	1163504.436685	46351.088310
62459	62458	31229	1	1	1164234.593472	31229	1164234.593472	43294.651031
62467	62466	31233	1	1	1164435.583397	31233	1164435.583397	40838.095932
62483	62482	31241	1	1	1164754.026494	31241	1164754.026494	43311.696554
62507	62506	31253	1	1	1165244.687015	31253	1165244.687015	43323.166514
62539	62538	31269	1	1	1165924.362874	31269	1165924.362874	40908.206623
62563	62562	31281	1	1	1166390.308800	31281	1166390.308800	40907.597880
62591	62590	31295	1	1	1166960.367849	31295	1166960.367849	51969.223066
62603	62602	31301	1	1	1167203.448992	31301	1167203.448992	43397.686777
62627	62626	31313	1	1	1167738.303690	31313	1167738.303690	43392.060040
62639	62638	31319	1	1	1167975.971102	31319	1167975.971102	59536.682539
62659	62658	31329	1	1	1168383.980845	31329	1168383.980845	40972.908802
62683	62682	31341	1	1	1168877.930038	31341	1168877.930038	40990.201969
62687	62686	31343	1	1	1168964.700634	31343	1168964.700634	46529.434814
62723	62722	31361	1	1	1169708.662966	31361	1169708.662966	43459.118389
62731	62730	31365	1	1	1169876.067487	31365	1169876.067487	41017.517791
62743	62742	31371	1	1	1170121.276891	31371	1170121.276891	41011.405146
62791	62790	31395	1	1	1171108.799118	31395	1171108.799118	41053.063669
62819	62818	31409	1	1	1171667.339896	31409	1171667.339896	43522.673303
62827	62826	31413	1	1	1171845.334520	31413	1171845.334520	41068.247040
62851	62850	31425	1	1	1172357.858669	31425	1172357.858669	41103.267002
62903	62902	31451	1	1	1173439.404824	31451	1173439.404824	46706.173803
62927	62926	31463	1	1	1173933.694534	31463	1173933.694534	46694.783555
62939	62938	31469	1	1	1174174.274734	31469	1174174.274734	43631.371047
62971	62970	31485	1	1	1174843.775190	31485	1174843.775190	41157.305816
62983	62982	31491	1	1	1175078.947868	31491	1175078.947868	41182.486138
62987	62986	31493	1	1	1175177.780867	31493	1175177.780867	43643.745702
63031	63030	31515	1	1	1176075.549089	31515	1176075.549089	41216.091831
63059	63058	31529	1	1	1176645.218571	31529	1176645.218571	43713.900230
63067	63066	31533	1	1	1176815.974422	31533	1176815.974422	41240.774528
63079	63078	31539	1	1	1177066.243519	31539	1177066.243519	41233.425757
63103	63102	31551	1	1	1177552.225039	31551	1177552.225039	41255.036898
63127	63126	31563	1	1	1178037.742916	31563	1178037.742916	41267.321172
63131	63130	31565	1	1	1178127.120195	31565	1178127.120195	43757.426012
63179	63178	31589	1	1	1179116.992304	31589	1179116.992304	43801.771504
63199	63198	31599	1	1	1179559.880277	31599	1179559.880277	41340.893562
63211	63210	31605	1	1	1179805.310884	31605	1179805.310884	41350.299462
63247	63246	31623	1	1	1180568.247963	31623	1180568.247963	41375.310801
63299	63298	31649	1	1	1181586.969089	31649	1181586.969089	43852.128483
63311	63310	31655	1	1	1181864.344670	31655	1181864.344670	66668.565254
63331	63330	31665	1	1	1182269.993997	31665	1182269.993997	41378.445755
63347	63346	31673	1	1	1182621.243647	31673	1182621.243647	43908.859248
63367	63366	31683	1	1	1183025.073047	31683	1183025.073047	41462.078629
63391	63390	31695	1	1	1183527.890502	31695	1183527.890502	41465.147781
63419	63418	31709	1	1	1184062.289429	31709	1184062.289429	43935.539523
63439	63438	31719	1	1	1184499.008351	31719	1184499.008351	41441.815431
63443	63442	31721	1	1	1184595.094443	31721	1184595.094443	43968.431034
63463	63462	31731	1	1	1184991.698347	31731	1184991.698347	41504.379690
63467	63466	31733	1	1	1185094.196127	31733	1185094.196127	43995.723460
63487	63486	31743	1	1	1185472.086302	31743	1185472.086302	41497.026252
63499	63498	31749	1	1	1185734.983009	31749	1185734.983009	41512.534987
63527	63526	31763	1	1	1186309.128639	31763	1186309.128639	47100.646652
63559	63558	31779	1	1	1186992.597756	31779	1186992.597756	41528.003403
63587	63586	31793	1	1	1187557.162252	31793	1187557.162252	44044.613426
63599	63598	31799	1	1	1187806.220618	31799	1187806.220618	52801.616520
63607	63606	31803	1	1	1187962.415749	31803	1187962.415749	41566.525516
63611	63610	31805	1	1	1188060.612916	31805	1188060.612916	44087.407967
63647	63646	31823	1	1	1188802.993222	31823	1188802.993222	47246.419008
63659	63658	31829	1	1	1189057.755937	31829	1189057.755937	44114.915049
63667	63666	31833	1	1	1189220.915701	31833	1189220.915701	41630.153980
63671	63670	31835	1	1	1189276.996241	31835	1189276.996241	60510.948232
63691	63690	31845	1	1	1189704.404751	31845	1189704.404751	41601.301718
63703	63702	31851	1	1	1189965.749584	31851	1189965.749584	41656.513423
63719	63718	31859	1	1	1190293.935883	31859	1190293.935883	63075.461519
63727	63726	31863	1	1	1190465.568673	31863	1190465.568673	41689.428384
63743	63742	31871	1	1	1190785.253426	31871	1190785.253426	47333.487735
63799	63798	31899	1	1	1191960.914955	31899	1191960.914955	41699.190414
63803	63802	31901	1	1	1192015.663134	31901	1192015.663134	44229.918651
63823	63822	31911	1	1	1192441.004764	31911	1192441.004764	41723.962178
63839	63838	31919	1	1	1192754.650712	31919	1192754.650712	73659.408749
63863	63862	31931	1	1	1193231.467745	31931	1193231.467745	47397.138335
63907	63906	31953	1	1	1194183.724729	31953	1194183.724729	41779.003061
64007	64006	32003	1	1	1196251.357380	32003	1196251.357380	47473.676128
64019	64018	32009	1	1	1196500.974113	32009	1196500.974113	44381.101107
64063	64062	32031	1	1	1197404.890085	32031	1197404.890085	41861.199802
64067	64066	32033	1	1	1197478.408707	32033	1197478.408707	44400.205806
64091	64090	32045	1	1	1197987.328296	32045	1197987.328296	44418.391243
64123	64122	32061	1	1	1198647.141572	32061	1198647.141572	41941.144579
64151	64150	32075	1	1	1199226.266393	32075	1199226.266393	67554.429179
64171	64170	32085	1	1	1199658.500543	32085	1199658.500543	41976.850563
64187	64186	32093	1	1	1199969.042026	32093	1199969.042026	44440.061253
64223	64222	32111	1	1	1200718.590427	32111	1200718.590427	47689.712934
64231	64230	32115	1	1	1200912.920503	32115	1200912.920503	41997.494092
64271	64270	32135	1	1	1201707.697398	32135	1201707.697398	53346.535195
64279	64278	32139	1	1	1201867.922869	32139	1201867.922869	41995.513080
64283	64282	32141	1	1	1201957.299297	32141	1201957.299297	44544.854562
64303	64302	32151	1	1	1202370.184303	32151	1202370.184303	42053.747224
64319	64318	32159	1	1	1202706.878552	32159	1202706.878552	63744.688861
64327	64326	32163	1	1	1202876.803915	32163	1202876.803915	42031.291207
64399	64398	32199	1	1	1204360.731002	32199	1204360.731002	42113.887129
64403	64402	32201	1	1	1204451.234039	32201	1204451.234039	44653.986933
64439	64438	32219	1	1	1205162.850573	32219	1205162.850573	53490.984905
64451	64450	32225	1	1	1205415.530592	32225	1205415.530592	44642.236735
64483	64482	32241	1	1	1206098.836981	32241	1206098.836981	42117.301205
64567	64566	32283	1	1	1207829.755612	32283	1207829.755612	42214.820223
64499	64498	32249	1	1	1206426.825813	32249	1206426.825813	44702.740885
64579	64578	32289	1	1	1208072.911351	32289	1208072.911351	42219.021604
64591	64590	32295	1	1	1208343.027992	32295	1208343.027992	42238.970798
64627	64626	32313	1	1	1209068.786763	32313	1209068.786763	42256.137549
64663	64662	32331	1	1	1209838.521429	32331	1209838.521429	42299.496720
64667	64666	32333	1	1	1209910.625635	32333	1209910.625635	44796.966294
64679	64678	32339	1	1	1210162.646368	32339	1210162.646368	68105.689360
64747	64746	32373	1	1	1211559.185128	32373	1211559.185128	42327.432560
64763	64762	32381	1	1	1211871.118672	32381	1211871.118672	44876.945277
64783	64782	32391	1	1	1212313.346609	32391	1212313.346609	42330.892453
64811	64810	32405	1	1	1212893.455892	32405	1212893.455892	44923.529859
64871	64870	32435	1	1	1214128.547303	32435	1214128.547303	53855.331566
64879	64878	32439	1	1	1214319.968231	32439	1214319.968231	42453.951968
64891	64890	32445	1	1	1214529.476557	32445	1214529.476557	42392.256248
64919	64918	32459	1	1	1215127.724257	32459	1215127.724257	53895.915601
64927	64926	32463	1	1	1215311.664711	32463	1215311.664711	42477.729762
64951	64950	32475	1	1	1215808.339336	32475	1215808.339336	42488.500650
65003	65002	32501	1	1	1216879.247518	32501	1216879.247518	45061.088597
65011	65010	32505	1	1	1217053.615633	32505	1217053.615633	42526.542636
65027	65026	32513	1	1	1217384.374451	32513	1217384.374451	45058.117907
65063	65062	32531	1	1	1218089.412428	32531	1218089.412428	48309.362584
65071	65070	32535	1	1	1218278.014718	32535	1218278.014718	42548.989430
65099	65098	32549	1	1	1218832.177155	32549	1218832.177155	45081.849490
65111	65110	32555	1	1	1219072.230877	32555	1219072.230877	54060.866860
65119	65118	32559	1	1	1219276.282498	32559	1219276.282498	42551.294267
65123	65122	32561	1	1	1219347.224233	32561	1219347.224233	45142.432750
65147	65146	32573	1	1	1219847.946226	32573	1219847.946226	45153.651316
65167	65166	32583	1	1	1220279.833550	32583	1220279.833550	42594.557667
65171	65170	32585	1	1	1220306.873934	32585	1220306.873934	45132.467093
65179	65178	32589	1	1	1220508.630257	32589	1220508.630257	42615.186326
65183	65182	32591	1	1	1220571.988371	32591	1220571.988371	48384.876120
65203	65202	32601	1	1	1221007.543162	32601	1221007.543162	42624.148654
65239	65238	32619	1	1	1221787.950478	32619	1221787.950478	42674.926753
65267	65266	32633	1	1	1222342.888829	32633	1222342.888829	45215.596137
65287	65286	32643	1	1	1222747.733929	32643	1222747.733929	42682.072206
65323	65322	32661	1	1	1223498.038076	32661	1223498.038076	42713.331286
65327	65326	32663	1	1	1223589.311069	32663	1223589.311069	48510.410326
65371	65370	32685	1	1	1224498.093724	32685	1224498.093724	42744.478868
65407	65406	32703	1	1	1225235.368898	32703	1225235.368898	42754.130744
65419	65418	32709	1	1	1225490.063654	32709	1225490.063654	42728.260075
65423	65422	32711	1	1	1225582.929294	32711	1225582.929294	48553.308658
65447	65446	32723	1	1	1226070.720025	32723	1226070.720025	48604.431940
65479	65478	32739	1	1	1226749.468424	32739	1226749.468424	42836.335220
65519	65518	32759	1	1	1227557.652769	32759	1227557.652769	62257.793598
65539	65538	32769	1	1	1227979.465774	32769	1227979.465774	42849.577343
65543	65542	32771	1	1	1228067.734963	32771	1228067.734963	48655.686094
65551	65550	32775	1	1	1228246.679168	32775	1228246.679168	42879.341877
65563	65562	32781	1	1	1228475.808116	32781	1228475.808116	42861.143329
65579	65578	32789	1	1	1228810.450399	32789	1228810.450399	45421.840134
65587	65586	32793	1	1	1228971.456029	32793	1228971.456029	42891.371265
65599	65598	32799	1	1	1229244.371628	32799	1229244.371628	42888.335984
65647	65646	32823	1	1	1230232.251383	32823	1230232.251383	42936.934842
65687	65686	32843	1	1	1231052.347520	32843	1231052.347520	48768.350413
65651	65650	32825	1	1	1230273.062768	32825	1230273.062768	45504.536459
65699	65698	32849	1	1	1231302.625451	32849	1231302.625451	45516.823153
65707	65706	32853	1	1	1231489.763122	32853	1231489.763122	42983.117757
65719	65718	32859	1	1	1231729.926351	32859	1231729.926351	42974.800703
65731	65730	32865	1	1	1231957.394213	32865	1231957.394213	42980.296371
65827	65826	32913	1	1	1233945.021847	32913	1233945.021847	43033.380853
65831	65830	32915	1	1	1234034.031350	32915	1234034.031350	69331.370429
65839	65838	32919	1	1	1234203.565489	32919	1234203.565489	43050.908026
65843	65842	32921	1	1	1234263.125766	32921	1234263.125766	45628.725951
65851	65850	32925	1	1	1234468.618689	32925	1234468.618689	43079.228024
65867	65866	32933	1	1	1234786.544540	32933	1234786.544540	45642.217730
65899	65898	32949	1	1	1235451.854905	32949	1235451.854905	43077.645191
65927	65926	32963	1	1	1236028.633805	32963	1236028.633805	48901.609683
65951	65950	32975	1	1	1236550.663615	32975	1236550.663615	54765.437804
65963	65962	32981	1	1	1236758.147579	32981	1236758.147579	45717.547271
65983	65982	32991	1	1	1237176.641120	32991	1237176.641120	43130.603617
66047	66046	33023	1	1	1238525.572484	33023	1238525.572484	49043.225347
66067	66066	33033	1	1	1238915.184108	33033	1238915.184108	43166.997426
66071	66070	33035	1	1	1239022.410757	33035	1239022.410757	62800.521967
66083	66082	33041	1	1	1239265.644767	33041	1239265.644767	45796.124143
66103	66102	33051	1	1	1239682.575343	33051	1239682.575343	43228.477422
66107	66106	33053	1	1	1239764.362359	33053	1239764.362359	45778.606780
66179	66178	33089	1	1	1241257.789053	33089	1241257.789053	45874.143374
66191	66190	33095	1	1	1241502.783006	33095	1241502.783006	62912.749648
66239	66238	33119	1	1	1242513.490745	33119	1242513.490745	69716.622053
66271	66270	33135	1	1	1243190.425753	33135	1243190.425753	43358.905767
66343	66342	33171	1	1	1244665.863769	33171	1244665.863769	43371.925289
66347	66346	33173	1	1	1244740.954684	33173	1244740.954684	45979.177166
66359	66358	33179	1	1	1245003.086652	33179	1245003.086652	65804.625417
66383	66382	33191	1	1	1245495.056557	33191	1245495.056557	49266.399142
66403	66402	33201	1	1	1245904.602449	33201	1245904.602449	43398.446360
66431	66430	33215	1	1	1246468.705352	33215	1246468.705352	55132.487669
66463	66462	33231	1	1	1247152.631764	33231	1247152.631764	43443.668236
66467	66466	33233	1	1	1247248.657851	33233	1247248.657851	46058.707243
66491	66490	33245	1	1	1247736.883693	33245	1247736.883693	46087.483035
66499	66498	33249	1	1	1247904.711703	33249	1247904.711703	43475.994693
66523	66522	33261	1	1	1248398.164645	33261	1248398.164645	43496.672789
66571	66570	33285	1	1	1249398.170725	33285	1249398.170725	43496.796187
66587	66586	33293	1	1	1249716.266814	33293	1249716.266814	46135.738887
66643	66642	33321	1	1	1250892.560463	33321	1250892.560463	43571.698828
66683	66682	33341	1	1	1251724.923944	33341	1251724.923944	46226.222409
66739	66738	33369	1	1	1252874.054810	33369	1252874.054810	43621.714576
66751	66750	33375	1	1	1253139.370831	33375	1253139.370831	43613.374883
66763	66762	33381	1	1	1253376.285599	33381	1253376.285599	43651.702036
66791	66790	33395	1	1	1253940.552853	33395	1253940.552853	55454.768034
66863	66862	33431	1	1	1255466.879706	33431	1255466.879706	49652.355370
66851	66850	33425	1	1	1255226.648546	33425	1255226.648546	46323.786609
66883	66882	33441	1	1	1255876.915446	33441	1255876.915446	43717.465177
66919	66918	33459	1	1	1256626.152413	33459	1256626.152413	43760.658762
66923	66922	33461	1	1	1256708.347874	33461	1256708.347874	46379.424694
66931	66930	33465	1	1	1256873.782196	33465	1256873.782196	43733.781655
66943	66942	33471	1	1	1257129.269256	33471	1257129.269256	43761.361125
66947	66946	33473	1	1	1257205.452187	33473	1257205.452187	46372.162460
66959	66958	33479	1	1	1257435.503578	33479	1257435.503578	55595.371106
67003	67002	33501	1	1	1258364.070603	33501	1258364.070603	43815.711257
67043	67042	33521	1	1	1259188.061551	33521	1259188.061551	46473.490661
67079	67078	33539	1	1	1259943.179668	33539	1259943.179668	63742.151843
67103	67102	33551	1	1	1260427.545534	33551	1260427.545534	49832.363050
67139	67138	33569	1	1	1261196.373143	33569	1261196.373143	46508.514464
67187	67186	33593	1	1	1262199.315498	33593	1262199.315498	46562.799856
67211	67210	33605	1	1	1262697.264229	33605	1262697.264229	46570.533962
67219	67218	33609	1	1	1262885.068639	33609	1262885.068639	43969.668926
67231	67230	33615	1	1	1263100.996062	33615	1263100.996062	43950.998493
67247	67246	33623	1	1	1263434.720761	33623	1263434.720761	49923.207880
67271	67270	33635	1	1	1263944.694636	33635	1263944.694636	55859.793937
67307	67306	33653	1	1	1264683.047159	33653	1264683.047159	46646.174688
67339	67338	33669	1	1	1265371.273439	33669	1265371.273439	44007.110162
67343	67342	33671	1	1	1265444.443193	33671	1265444.443193	50003.904993
67391	67390	33695	1	1	1266425.485209	33695	1266425.485209	55930.465387
67399	67398	33699	1	1	1266580.466911	33699	1266580.466911	44064.419498
67411	67410	33705	1	1	1266847.543324	33705	1266847.543324	44072.213936
67427	67426	33713	1	1	1267187.394140	33713	1267187.394140	46698.959803
67447	67446	33723	1	1	1267599.500303	33723	1267599.500303	44098.310833
67499	67498	33749	1	1	1268652.762437	33749	1268652.762437	46787.448140
67511	67510	33755	1	1	1268934.796606	33755	1268934.796606	64152.776353
67523	67522	33761	1	1	1269180.813003	33761	1269180.813003	46799.364721
67531	67530	33765	1	1	1269347.345968	33765	1269347.345968	44149.531715
67547	67546	33773	1	1	1269677.547048	33773	1269677.547048	46809.080785
67559	67558	33779	1	1	1269910.822843	33779	1269910.822843	56087.365407
67567	67566	33783	1	1	1270093.054638	33783	1270093.054638	44165.156590
67579	67578	33789	1	1	1270348.294077	33789	1270348.294077	44148.002274
67607	67606	33803	1	1	1270940.733739	33803	1270940.733739	50143.922942
67619	67618	33809	1	1	1271170.729995	33809	1271170.729995	46842.022729
67631	67630	33815	1	1	1271409.583873	33815	1271409.583873	56142.614715
67651	67650	33825	1	1	1271865.629791	33825	1271865.629791	44251.560994
67679	67678	33839	1	1	1272438.265704	33839	1272438.265704	72850.563281
67699	67698	33849	1	1	1272830.518990	33849	1272830.518990	44261.432859
67723	67722	33861	1	1	1273327.923681	33861	1273327.923681	44260.368311
67751	67750	33875	1	1	1273921.855524	33875	1273921.855524	67191.213366
67759	67758	33879	1	1	1274099.904105	33879	1274099.904105	44311.358832
67763	67762	33881	1	1	1274163.275776	33881	1274163.275776	46960.238359
67783	67782	33891	1	1	1274601.273500	33891	1274601.273500	44336.526852
67807	67806	33903	1	1	1275112.571015	33903	1275112.571015	44341.519206
67819	67818	33909	1	1	1275341.941278	33909	1275341.941278	44365.955572
67843	67842	33921	1	1	1275831.343196	33921	1275831.343196	44356.721384
67867	67866	33933	1	1	1276327.872533	33933	1276327.872533	44368.578941
67883	67882	33941	1	1	1276657.218991	33941	1276657.218991	47043.382587
67891	67890	33945	1	1	1276853.692788	33945	1276853.692788	44405.708104
67927	67926	33963	1	1	1277596.934982	33963	1277596.934982	44423.028966
67939	67938	33969	1	1	1277841.963438	33969	1277841.963438	44399.494652
67931	67930	33965	1	1	1277676.087706	33965	1277676.087706	47073.689538
67943	67942	33971	1	1	1277908.389221	33971	1277908.389221	50454.475654
67967	67966	33983	1	1	1278443.955860	33983	1278443.955860	50482.083424
67979	67978	33989	1	1	1278662.974704	33989	1278662.974704	47106.902988
67987	67986	33993	1	1	1278825.265399	33993	1278825.265399	44436.873320
68023	68022	34011	1	1	1279584.401425	34011	1279584.401425	44490.019227
68059	68058	34029	1	1	1280335.330435	34029	1280335.330435	44504.147768
68071	68070	34035	1	1	1280574.444585	34035	1280574.444585	44495.168762
68087	68086	34043	1	1	1280925.755012	34043	1280925.755012	50546.456020
68099	68098	34049	1	1	1281164.315504	34049	1281164.315504	47178.618333
68111	68110	34055	1	1	1281391.010358	34055	1281391.010358	56558.246935
68147	68146	34073	1	1	1282155.063804	34073	1282155.063804	47218.078983
68171	68170	34085	1	1	1282651.115681	34085	1282651.115681	47268.390442
68207	68206	34103	1	1	1283407.913625	34103	1283407.913625	50581.132921
68219	68218	34109	1	1	1283660.254495	34109	1283660.254495	47269.881384
68227	68226	34113	1	1	1283854.298712	34113	1283854.298712	44622.772861
68239	68238	34119	1	1	1284081.950998	34119	1284081.950998	44610.154855
68279	68278	34139	1	1	1284887.813100	34139	1284887.813100	56691.192881
68311	68310	34155	1	1	1285593.025545	34155	1285593.025545	44661.535461
68351	68350	34175	1	1	1286406.249344	34175	1286406.249344	71967.650154
68371	68370	34185	1	1	1286834.911517	34185	1286834.911517	44711.955749
68399	68398	34199	1	1	1287417.987561	34199	1287417.987561	56791.400388
68443	68442	34221	1	1	1288303.719543	34221	1288303.719543	44739.105480
68447	68446	34223	1	1	1288413.457088	34223	1288413.457088	50835.478166
68483	68482	34241	1	1	1289158.412243	34241	1289158.412243	47473.487880
68491	68490	34245	1	1	1289327.864475	34245	1289327.864475	44769.836671
68507	68506	34253	1	1	1289664.216008	34253	1289664.216008	47476.252283
68531	68530	34265	1	1	1290169.989959	34265	1290169.989959	47490.186126
68539	68538	34269	1	1	1290360.688672	34269	1290360.688672	44839.921073
68543	68542	34271	1	1	1290385.167263	34271	1290385.167263	50904.407233
68567	68566	34283	1	1	1290922.396827	34283	1290922.396827	50865.087865
68611	68610	34305	1	1	1291813.360984	34305	1291813.360984	44859.495352
68639	68638	34319	1	1	1292399.067483	34319	1292399.067483	57004.045703
68659	68658	34329	1	1	1292824.694113	34329	1292824.694113	44871.154044
68683	68682	34341	1	1	1293319.803365	34341	1293319.803365	44892.569765
68687	68686	34343	1	1	1293399.388264	34343	1293399.388264	50994.401477
68699	68698	34349	1	1	1293645.646259	34349	1293645.646259	47612.601199
68711	68710	34355	1	1	1293928.268527	34355	1293928.268527	65306.101625
68743	68742	34371	1	1	1294574.160871	34371	1294574.160871	44964.256622
68767	68766	34383	1	1	1295072.107556	34383	1295072.107556	44955.093003
68771	68770	34385	1	1	1295160.093191	34385	1295160.093191	47675.736562
68791	68790	34395	1	1	1295582.445679	34395	1295582.445679	44984.968372
68819	68818	34409	1	1	1296128.198083	34409	1296128.198083	47677.169183
68863	68862	34431	1	1	1297065.319338	34431	1297065.319338	45030.406846
68879	68878	34439	1	1	1297404.692288	34439	1297404.692288	68284.898837
68891	68890	34445	1	1	1297656.108687	34445	1297656.108687	47747.630186
68899	68898	34449	1	1	1297829.512865	34449	1297829.512865	45045.516508
68903	68902	34451	1	1	1297918.872421	34451	1297918.872421	51168.028807
68927	68926	34463	1	1	1298403.519832	34463	1298403.519832	51175.978971
68947	68946	34473	1	1	1298830.814625	34473	1298830.814625	45090.277687
68963	68962	34481	1	1	1299127.032637	34481	1299127.032637	47800.635450
69011	69010	34505	1	1	1300160.752910	34505	1300160.752910	47845.878461
69019	69018	34509	1	1	1300326.228251	34509	1300326.228251	45107.103113
69031	69030	34515	1	1	1300582.812048	34515	1300582.812048	45113.359788
69067	69066	34533	1	1	1301327.930372	34533	1301327.930372	45158.420604
69119	69118	34559	1	1	1302387.577386	34559	1302387.577386	57391.235730
69127	69126	34563	1	1	1302568.782445	34563	1302568.782445	45200.579392
69143	69142	34571	1	1	1302920.400703	34571	1302920.400703	51332.085338
69151	69150	34575	1	1	1303090.413831	34575	1303090.413831	45223.355184
69163	69162	34581	1	1	1303327.990934	34581	1303327.990934	45226.304836
69191	69190	34595	1	1	1303902.110148	34595	1303902.110148	65753.214536
69203	69202	34601	1	1	1304139.111574	34601	1304139.111574	47971.114442
69239	69238	34619	1	1	1304906.232346	34619	1304906.232346	57486.371067
69247	69246	34623	1	1	1305107.538586	34623	1305107.538586	45294.405046
69259	69258	34629	1	1	1305351.002224	34629	1305351.002224	45321.401633
69263	69262	34631	1	1	1305441.201513	34631	1305441.201513	51437.972951
69371	69370	34685	1	1	1307672.360734	34685	1307672.360734	48092.737893
69379	69378	34689	1	1	1307832.836865	34689	1307832.836865	45359.385521
69383	69382	34691	1	1	1307931.918981	34691	1307931.918981	51524.325935
69403	69402	34701	1	1	1308324.300920	34701	1308324.300920	45387.140288
69427	69426	34713	1	1	1308829.592424	34713	1308829.592424	45391.531647
69431	69430	34715	1	1	1308901.097986	34715	1308901.097986	68851.026722
69439	69438	34719	1	1	1309066.657164	34719	1309066.657164	45407.175428
69463	69462	34731	1	1	1309580.290908	34731	1309580.290908	45381.271733
69467	69466	34733	1	1	1309659.342218	34733	1309659.342218	48138.315797
69491	69490	34745	1	1	1310149.011694	34745	1310149.011694	48136.027366
69539	69538	34769	1	1	1311132.696398	34769	1311132.696398	48191.115628
69499	69498	34749	1	1	1310327.565086	34749	1310327.565086	45432.176534
69623	69622	34811	1	1	1312935.620887	34811	1312935.620887	51698.515382
69691	69690	34845	1	1	1314342.150519	34845	1314342.150519	45565.195878
69739	69738	34869	1	1	1315340.586716	34869	1315340.586716	45588.636534
69763	69762	34881	1	1	1315827.833882	34881	1315827.833882	45608.561824
69767	69766	34883	1	1	1315929.491997	34883	1315929.491997	51796.322701
69779	69778	34889	1	1	1316167.721518	34889	1316167.721518	48356.533304
69827	69826	34913	1	1	1317185.773198	34913	1317185.773198	48386.699852
69847	69846	34923	1	1	1317584.685242	34923	1317584.685242	45650.868097
69859	69858	34929	1	1	1317832.540503	34929	1317832.540503	45635.386584
69899	69898	34949	1	1	1318674.695606	34949	1318674.695606	48433.957022
69911	69910	34955	1	1	1318922.683946	34955	1318922.683946	58044.827137
69931	69930	34965	1	1	1319364.913576	34965	1319364.913576	45740.406879
69959	69958	34979	1	1	1319934.099326	34979	1319934.099326	58090.893465
69991	69990	34995	1	1	1320627.770805	34995	1320627.770805	45785.318087
70003	70002	35001	1	1	1320842.801083	35001	1320842.801083	45763.614323
70019	70018	35009	1	1	1321190.165307	35009	1321190.165307	48537.306562
70039	70038	35019	1	1	1321605.385130	35019	1321605.385130	45802.014496
70051	70050	35025	1	1	1321844.450997	35025	1321844.450997	45796.211999
70067	70066	35033	1	1	1322179.621727	35033	1322179.621727	48560.568889
70079	70078	35039	1	1	1322414.819056	35039	1322414.819056	58173.663376
70099	70098	35049	1	1	1322878.145897	35049	1322878.145897	45863.059067
70111	70110	35055	1	1	1323132.659730	35055	1323132.659730	45873.597523
70123	70122	35061	1	1	1323362.771402	35061	1323362.771402	45846.924024
70139	70138	35069	1	1	1323683.686139	35069	1323683.686139	48588.755287
70163	70162	35081	1	1	1324200.206971	35081	1324200.206971	48630.897488
70183	70182	35091	1	1	1324598.827583	35091	1324598.827583	45885.966716
70199	70198	35099	1	1	1324932.380170	35099	1324932.380170	73910.675181
70207	70206	35103	1	1	1325117.762330	35103	1325117.762330	45897.400006
70223	70222	35111	1	1	1325432.689137	35111	1325432.689137	52138.929909
70271	70270	35135	1	1	1326433.802397	35135	1326433.802397	66775.134741
70327	70326	35163	1	1	1327604.936556	35163	1327604.936556	45985.494591
70351	70350	35175	1	1	1328108.604240	35175	1328108.604240	45968.330124
70379	70378	35189	1	1	1328665.864776	35189	1328665.864776	48757.197829
70423	70422	35211	1	1	1329620.685214	35211	1329620.685214	46045.588325
70439	70438	35219	1	1	1329943.449613	35219	1329943.449613	69846.945397
70451	70450	35225	1	1	1330205.840443	35225	1330205.840443	48836.756451
70459	70458	35229	1	1	1330367.505540	35229	1330367.505540	46073.401432
70487	70486	35243	1	1	1330937.959415	35243	1330937.959415	52341.048978
70507	70506	35253	1	1	1331367.238038	35253	1331367.238038	46098.810489
70571	70570	35285	1	1	1332697.444809	35285	1332697.444809	48892.801491
70583	70582	35291	1	1	1332960.107077	35291	1332960.107077	52412.154882
70607	70606	35303	1	1	1333471.576271	35303	1333471.576271	52429.649178
70619	70618	35309	1	1	1333712.525389	35309	1333712.525389	48904.558989
70627	70626	35313	1	1	1333864.619599	35313	1333864.619599	46168.806547
70639	70638	35319	1	1	1334148.946322	35319	1334148.946322	46172.619014
70663	70662	35331	1	1	1334632.072423	35331	1334632.072423	46203.649533
70667	70666	35333	1	1	1334704.566075	35333	1334704.566075	48984.200260
70687	70686	35343	1	1	1335128.351734	35343	1335128.351734	46220.168613
70783	70782	35391	1	1	1337117.091194	35391	1337117.091194	46257.120978
70823	70822	35411	1	1	1337957.729700	35411	1337957.729700	52582.174262
70843	70842	35421	1	1	1338387.559701	35421	1338387.559701	46322.847954
70867	70866	35433	1	1	1338898.283680	35433	1338898.283680	46336.119836
70879	70878	35439	1	1	1339149.699549	35439	1339149.699549	46327.463854
70891	70890	35445	1	1	1339392.147988	35445	1339392.147988	46347.927154
70919	70918	35459	1	1	1339970.442433	35459	1339970.442433	58881.195464
70951	70950	35475	1	1	1340637.631305	35475	1340637.631305	46384.580841
70979	70978	35489	1	1	1341218.948243	35489	1341218.948243	49186.090746
70991	70990	35495	1	1	1341498.130881	35495	1341498.130881	58954.375220
71011	71010	35505	1	1	1341896.573264	35505	1341896.573264	46431.198281
70999	70998	35499	1	1	1341642.370957	35499	1341642.370957	46425.371215
71023	71022	35511	1	1	1342138.038182	35511	1342138.038182	46427.232895
71039	71038	35519	1	1	1342500.503778	35519	1342500.503778	67525.004788
71059	71058	35529	1	1	1342896.594524	35529	1342896.594524	46457.703635
71119	71118	35559	1	1	1344163.125808	35559	1344163.125808	46521.040991
71147	71146	35573	1	1	1344760.534473	35573	1344760.534473	49317.802592
71143	71142	35571	1	1	1344635.405770	35571	1344635.405770	46515.934676
71167	71166	35583	1	1	1345164.534478	35583	1345164.534478	46539.832305
71171	71170	35585	1	1	1345233.047355	35585	1345233.047355	49324.766255
71191	71190	35595	1	1	1345682.331222	35595	1345682.331222	46569.893894
71263	71262	35631	1	1	1347156.238479	35631	1347156.238479	46577.738543
71287	71286	35643	1	1	1347681.786563	35643	1347681.786563	46632.371303
71327	71326	35663	1	1	1348505.880087	35663	1348505.880087	52957.844088
71339	71338	35669	1	1	1348765.761828	35669	1348765.761828	49435.625942
71347	71346	35673	1	1	1348909.581734	35673	1348909.581734	46641.004734
71359	71358	35679	1	1	1349165.780896	35679	1349165.780896	46653.740889
71363	71362	35681	1	1	1349271.871145	35681	1349271.871145	49474.376782
71387	71386	35693	1	1	1349752.257659	35693	1349752.257659	49444.757852
71399	71398	35699	1	1	1349983.400673	35699	1349983.400673	67856.095081
71411	71410	35705	1	1	1350275.238452	35705	1350275.238452	49480.057994
71419	71418	35709	1	1	1350447.391257	35709	1350447.391257	46710.401462
71443	71442	35721	1	1	1350915.794548	35721	1350915.794548	46688.955875
71471	71470	35735	1	1	1351506.168110	35735	1351506.168110	59297.851606
71479	71478	35739	1	1	1351680.990113	35739	1351680.990113	46714.166567
71483	71482	35741	1	1	1351753.677297	35741	1351753.677297	49534.352996
71503	71502	35751	1	1	1352200.589969	35751	1352200.589969	46766.696716
71527	71526	35763	1	1	1352712.872099	35763	1352712.872099	46794.863158
71551	71550	35775	1	1	1353190.668893	35775	1353190.668893	46752.011593
71563	71562	35781	1	1	1353434.913207	35781	1353434.913207	46784.665986
71647	71646	35823	1	1	1355187.704288	35823	1355187.704288	46843.450570
71663	71662	35831	1	1	1355550.394124	35831	1355550.394124	53206.898363
71671	71670	35835	1	1	1355696.349317	35835	1355696.349317	46847.207040
71699	71698	35849	1	1	1356294.666524	35849	1356294.666524	49702.889562
71707	71706	35853	1	1	1356469.905343	35853	1356469.905343	46901.243240
71711	71710	35855	1	1	1356524.567210	35855	1356524.567210	75499.665558
71719	71718	35859	1	1	1356690.477798	35859	1356690.477798	46875.794010
71807	71806	35903	1	1	1358549.643843	35903	1358549.643843	53261.710100
71843	71842	35921	1	1	1359269.678356	35921	1359269.678356	49778.455237
71867	71866	35933	1	1	1359789.091933	35933	1359789.091933	49813.532508
71879	71878	35939	1	1	1360044.967300	35939	1360044.967300	68307.380829
71887	71886	35943	1	1	1360199.872949	35943	1360199.872949	46991.621678
71899	71898	35949	1	1	1360470.725192	35949	1360470.725192	46997.259936
71947	71946	35973	1	1	1361459.684114	35973	1361459.684114	47048.628231
71963	71962	35981	1	1	1361822.640942	35981	1361822.640942	49895.021238
71971	71970	35985	1	1	1361964.150944	35985	1361964.150944	47013.438306
71983	71982	35991	1	1	1362211.152632	35991	1362211.152632	47066.091727
71987	71986	35993	1	1	1362308.603919	35993	1362308.603919	49875.739819
71999	71998	35999	1	1	1362548.157503	35999	1362548.157503	59765.352671
72019	72018	36009	1	1	1362994.703514	36009	1362994.703514	47120.507420
72031	72030	36015	1	1	1363250.180541	36015	1363250.180541	47129.640993
72043	72042	36021	1	1	1363474.200144	36021	1363474.200144	47067.710097
72047	72046	36023	1	1	1363565.990597	36023	1363565.990597	53501.488538
72091	72090	36045	1	1	1364486.280186	36045	1364486.280186	47140.742631
72103	72102	36051	1	1	1364728.400052	36051	1364728.400052	47152.264910
72139	72138	36069	1	1	1365501.298443	36069	1365501.298443	47170.867484
72167	72166	36083	1	1	1366065.161359	36083	1366065.161359	53533.860502
72211	72210	36105	1	1	1366987.100703	36105	1366987.100703	47216.773618
72223	72222	36111	1	1	1367243.969424	36111	1367243.969424	47230.980616
72227	72226	36113	1	1	1367347.806162	36113	1367347.806162	50061.094440
72251	72250	36125	1	1	1367832.734846	36125	1367832.734846	50038.683692
72271	72270	36135	1	1	1368271.027875	36135	1368271.027875	47282.038464
72287	72286	36143	1	1	1368576.372260	36143	1368576.372260	53675.771088
72307	72306	36153	1	1	1368988.693445	36153	1368988.693445	47272.287853
72367	72366	36183	1	1	1370247.995206	36183	1370247.995206	47304.889404
72379	72378	36189	1	1	1370527.968797	36189	1370527.968797	47347.102529
72383	72382	36191	1	1	1370608.581335	36191	1370608.581335	53747.414728
72431	72430	36215	1	1	1371597.781065	36215	1371597.781065	60136.408595
72467	72466	36233	1	1	1372333.990662	36233	1372333.990662	50196.215803
72503	72502	36251	1	1	1373090.718738	36251	1373090.718738	53838.034441
72547	72546	36273	1	1	1374012.519671	36273	1374012.519671	47434.107616
72551	72550	36275	1	1	1374091.767876	36275	1374091.767876	71946.603336
72559	72558	36279	1	1	1374284.309465	36279	1374284.309465	47427.253535
72623	72622	36311	1	1	1375604.432103	36311	1375604.432103	53913.355656
72643	72642	36321	1	1	1376039.066138	36321	1376039.066138	47504.103296
72647	72646	36323	1	1	1376125.728534	36323	1376125.728534	53894.624835
72671	72670	36335	1	1	1376612.927168	36335	1376612.927168	60322.955754
72679	72678	36339	1	1	1376786.845225	36339	1376786.845225	47502.863451
72707	72706	36353	1	1	1377393.086320	36353	1377393.086320	50404.212972
72719	72718	36359	1	1	1377632.529257	36359	1377632.529257	69119.351626
72727	72726	36363	1	1	1377800.818307	36363	1377800.818307	47553.933607
72739	72738	36369	1	1	1378069.785970	36369	1378069.785970	47575.158039
72763	72762	36381	1	1	1378544.773522	36381	1378544.773522	47570.356570
72767	72766	36383	1	1	1378624.122473	36383	1378624.122473	54024.143930
72823	72822	36411	1	1	1379788.493949	36411	1379788.493949	47603.278113
72859	72858	36429	1	1	1380557.495487	36429	1380557.495487	47626.705657
72871	72870	36435	1	1	1380813.065785	36435	1380813.065785	47631.370585
72883	72882	36441	1	1	1381053.262759	36441	1381053.262759	47614.716416
72907	72906	36453	1	1	1381569.855166	36453	1381569.855166	47665.479718
72911	72910	36455	1	1	1381624.291201	36455	1381624.291201	69281.090742
72923	72922	36461	1	1	1381901.393522	36461	1381901.393522	50541.497827
72931	72930	36465	1	1	1382101.747102	36465	1382101.747102	47707.135090
72959	72958	36479	1	1	1382657.225071	36479	1382657.225071	76794.229707
73039	73038	36519	1	1	1384348.371107	36519	1384348.371107	47775.764167
73019	73018	36509	1	1	1383905.527473	36509	1383905.527473	50596.117988
73043	73042	36521	1	1	1384404.123481	36521	1384404.123481	50619.288966
73063	73062	36531	1	1	1384847.479257	36531	1384847.479257	47783.485871
73079	73078	36539	1	1	1385177.776979	36539	1385177.776979	72356.901606
73091	73090	36545	1	1	1385443.829269	36545	1385443.829269	50680.668221
73127	73126	36563	1	1	1386188.512497	36563	1386188.512497	54250.333696
73243	73242	36621	1	1	1388586.241711	36621	1388586.241711	47880.981648
73259	73258	36629	1	1	1388910.920022	36629	1388910.920022	50771.943584
73291	73290	36645	1	1	1389638.367187	36645	1389638.367187	47945.817809
73303	73302	36651	1	1	1389855.676036	36651	1389855.676036	47881.989219
73327	73326	36663	1	1	1390385.747881	36663	1390385.747881	47939.096180
73331	73330	36665	1	1	1390445.688502	36665	1390445.688502	50823.571829
73351	73350	36675	1	1	1390892.221337	36675	1390892.221337	47976.669737
73363	73362	36681	1	1	1391120.817297	36681	1391120.817297	47978.029670
73379	73378	36689	1	1	1391446.208002	36689	1391446.208002	50839.247168
73387	73386	36693	1	1	1391631.261559	36693	1391631.261559	47981.562737
73459	73458	36729	1	1	1393161.028927	36729	1393161.028927	48019.985168
73471	73470	36735	1	1	1393412.720479	36735	1393412.720479	48053.018804
73483	73482	36741	1	1	1393647.052842	36741	1393647.052842	48023.407050
73523	73522	36761	1	1	1394449.159161	36761	1394449.159161	50950.922563
73547	73546	36773	1	1	1394993.109285	36773	1394993.109285	50969.066274
73571	73570	36785	1	1	1395486.234320	36785	1395486.234320	51000.607423
73583	73582	36791	1	1	1395730.733523	36791	1395730.733523	54620.497836
73607	73606	36803	1	1	1396252.021565	36803	1396252.021565	54600.572369
73643	73642	36821	1	1	1396999.094001	36821	1396999.094001	51034.518511
73651	73650	36825	1	1	1397158.314057	36825	1397158.314057	48166.855182
73679	73678	36839	1	1	1397745.116206	36839	1397745.116206	61156.959419
73699	73698	36849	1	1	1398207.917303	36849	1398207.917303	48201.914164
73751	73750	36875	1	1	1399239.210161	36875	1399239.210161	73082.637591
73727	73726	36863	1	1	1398750.848949	36863	1398750.848949	54732.382250
73771	73770	36885	1	1	1399716.233363	36885	1399716.233363	48267.443983
73783	73782	36891	1	1	1399931.316597	36891	1399931.316597	48246.415167
73819	73818	36909	1	1	1400678.004885	36909	1400678.004885	48270.904698
73823	73822	36911	1	1	1400760.725960	36911	1400760.725960	54824.591571
73847	73846	36923	1	1	1401298.742763	36923	1401298.742763	54849.133864
73859	73858	36929	1	1	1401536.146438	36929	1401536.146438	51207.364177
73867	73866	36933	1	1	1401685.124659	36933	1401685.124659	48300.534797
73883	73882	36941	1	1	1402022.104173	36941	1402022.104173	51198.022957
73907	73906	36953	1	1	1402535.721977	36953	1402535.721977	51214.859686
73939	73938	36969	1	1	1403196.983214	36969	1403196.983214	48329.032237
73943	73942	36971	1	1	1403271.390501	36971	1403271.390501	54890.375788
73951	73950	36975	1	1	1403449.865876	36975	1403449.865876	48340.269712
73999	73998	36999	1	1	1404478.300172	36999	1404478.300172	48369.384897
74027	74026	37013	1	1	1405046.045895	37013	1405046.045895	51305.964243
74047	74046	37023	1	1	1405468.277226	37023	1405468.277226	48418.610122
74051	74050	37025	1	1	1405539.293824	37025	1405539.293824	51317.676832
74071	74070	37035	1	1	1405968.990744	37035	1405968.990744	48422.162212
74099	74098	37049	1	1	1406529.225939	37049	1406529.225939	51317.566873
74131	74130	37065	1	1	1407228.258922	37065	1407228.258922	48459.103721
74143	74142	37071	1	1	1407484.853966	37071	1407484.853966	48454.410616
74159	74158	37079	1	1	1407817.363293	37079	1407817.363293	61584.274394
74167	74166	37083	1	1	1407986.185059	37083	1407986.185059	48507.279413
74203	74202	37101	1	1	1408729.124279	37101	1408729.124279	48511.052717
74219	74218	37109	1	1	1409056.026619	37109	1409056.026619	51439.775171
74231	74230	37115	1	1	1409332.872197	37115	1409332.872197	70522.142784
74279	74278	37139	1	1	1410335.598275	37139	1410335.598275	61682.366875
74287	74286	37143	1	1	1410527.976100	37143	1410527.976100	48582.884351
74311	74310	37155	1	1	1411007.694704	37155	1411007.694704	48574.857490
74323	74322	37161	1	1	1411278.639455	37161	1411278.639455	48580.123748
74363	74362	37181	1	1	1412065.356167	37181	1412065.356167	51539.464501
74383	74382	37191	1	1	1412502.811597	37191	1412502.811597	48630.213546
74411	74410	37205	1	1	1413094.955167	37205	1413094.955167	51537.968949
74419	74418	37209	1	1	1413277.235376	37209	1413277.235376	48628.921439
74471	74470	37235	1	1	1414355.715065	37235	1414355.715065	70767.122133
74507	74506	37253	1	1	1415129.264883	37253	1415129.264883	51612.602406
74527	74526	37263	1	1	1415568.264955	37263	1415568.264955	48743.056310
74531	74530	37265	1	1	1415630.605244	37265	1415630.605244	51654.114280
74551	74550	37275	1	1	1416065.509272	37275	1416065.509272	48771.505814
74567	74566	37283	1	1	1416380.940607	37283	1416380.940607	55365.202925
74587	74586	37293	1	1	1416831.091404	37293	1416831.091404	48795.513101
74611	74610	37305	1	1	1417301.111510	37305	1417301.111510	48752.941799
74623	74622	37311	1	1	1417564.119681	37311	1417564.119681	48774.880893
74687	74686	37343	1	1	1418904.435949	37343	1418904.435949	55463.493998
74699	74698	37349	1	1	1419134.510730	37349	1419134.510730	51782.013915
74707	74706	37353	1	1	1419323.889001	37353	1419323.889001	48839.400218
74719	74718	37359	1	1	1419577.983707	37359	1419577.983707	48850.104501
74731	74730	37365	1	1	1419824.900668	37365	1419824.900668	48864.804769
74747	74746	37373	1	1	1420163.352683	37373	1420163.352683	51798.523895
74759	74758	37379	1	1	1420382.867523	37379	1420382.867523	71035.150694
74771	74770	37385	1	1	1420634.431191	37385	1420634.431191	51822.654393
74779	74778	37389	1	1	1420829.331721	37389	1420829.331721	48840.755188
74827	74826	37413	1	1	1421836.893546	37413	1421836.893546	48912.356647
74831	74830	37415	1	1	1421927.689579	37415	1421927.689579	62133.444635
74843	74842	37421	1	1	1422185.589107	37421	1422185.589107	51869.078390
74887	74886	37443	1	1	1423100.297930	37443	1423100.297930	48976.821923
74891	74890	37445	1	1	1423189.815215	37445	1423189.815215	51898.064943
74903	74902	37451	1	1	1423434.342994	37451	1423434.342994	55602.808570
74923	74922	37461	1	1	1423863.736018	37461	1423863.736018	48993.083630
75011	75010	37505	1	1	1425709.007944	37505	1425709.007944	51974.369057
74959	74958	37479	1	1	1424613.058012	37479	1424613.058012	48999.209708
75079	75078	37539	1	1	1427130.448629	37539	1427130.448629	49067.805028
75083	75082	37541	1	1	1427243.056389	37541	1427243.056389	52059.355559
75167	75166	37583	1	1	1429001.485148	37583	1429001.485148	55823.746557
75211	75210	37605	1	1	1429905.590459	37605	1429905.590459	49183.023292
75223	75222	37611	1	1	1430154.476567	37611	1430154.476567	49181.460210
75227	75226	37613	1	1	1430251.640711	37613	1430251.640711	52146.781984
75239	75238	37619	1	1	1430500.511571	37619	1430500.511571	74574.220834
75307	75306	37653	1	1	1431922.079531	37653	1431922.079531	49224.070024
75323	75322	37661	1	1	1432258.218850	37661	1432258.218850	52203.926580
75347	75346	37673	1	1	1432764.030078	37673	1432764.030078	52217.082010
75367	75366	37683	1	1	1433203.884778	37683	1433203.884778	49284.650902
75391	75390	37695	1	1	1433684.106735	37695	1433684.106735	49259.283714
75403	75402	37701	1	1	1433940.698919	37701	1433940.698919	49294.823449
75407	75406	37703	1	1	1434028.057270	37703	1434028.057270	56009.354881
75431	75430	37715	1	1	1434519.312111	37715	1434519.312111	71664.158923
75479	75478	37739	1	1	1435508.363920	37739	1435508.363920	81236.793788
75503	75502	37751	1	1	1436017.261262	37751	1436017.261262	56048.584707
75511	75510	37755	1	1	1436206.410039	37755	1436206.410039	49337.583578
75527	75526	37763	1	1	1436558.576283	37763	1436558.576283	56036.549339
75539	75538	37769	1	1	1436793.861233	37769	1436793.861233	52329.577528
75571	75570	37785	1	1	1437508.061348	37785	1437508.061348	49437.506695
75583	75582	37791	1	1	1437725.599780	37791	1437725.599780	49407.873243
75611	75610	37805	1	1	1438322.953078	37805	1438322.953078	52406.813220
75619	75618	37809	1	1	1438507.600457	37809	1438507.600457	49458.276327
75659	75658	37829	1	1	1439316.602399	37829	1439316.602399	52422.433093
75679	75678	37839	1	1	1439762.795218	37839	1439762.795218	49500.505421
75683	75682	37841	1	1	1439831.959469	37841	1439831.959469	52457.270491
75703	75702	37851	1	1	1440244.975218	37851	1440244.975218	49493.749294
75707	75706	37853	1	1	1440336.230268	37853	1440336.230268	52446.367235
75731	75730	37865	1	1	1440842.247906	37865	1440842.247906	52496.497040
75743	75742	37871	1	1	1441104.737829	37871	1441104.737829	56232.597205
75787	75786	37893	1	1	1442046.325916	37893	1442046.325916	49566.563291
75767	75766	37883	1	1	1441582.272754	37883	1441582.272754	56199.402029
75931	75930	37965	1	1	1445047.377544	37965	1445047.377544	49642.325373
75883	75882	37941	1	1	1444044.207396	37941	1444044.207396	49603.749537
75967	75966	37983	1	1	1445804.965054	37983	1445804.965054	49653.764161
75979	75978	37989	1	1	1446037.517125	37989	1446037.517125	49662.930191
75983	75982	37991	1	1	1446119.393325	37991	1446119.393325	56416.849843
75991	75990	37995	1	1	1446305.714083	37995	1446305.714083	49682.651699
76003	76002	38001	1	1	1446549.071872	38001	1446549.071872	49693.004759
76031	76030	38015	1	1	1447123.002858	38015	1447123.002858	63123.532015
76039	76038	38019	1	1	1447352.741118	38019	1447352.741118	49742.335244
76079	76078	38039	1	1	1448142.233512	38039	1448142.233512	72272.651615
76091	76090	38045	1	1	1448401.164485	38045	1448401.164485	52745.941263
76099	76098	38049	1	1	1448600.310389	38049	1448600.310389	49767.459957
76103	76102	38051	1	1	1448681.665699	38051	1448681.665699	56502.694210
76123	76122	38061	1	1	1449089.965564	38061	1449089.965564	49768.904454
76147	76146	38073	1	1	1449613.157775	38073	1449613.157775	49800.771818
76159	76158	38079	1	1	1449833.802834	38079	1449833.802834	49771.784292
76163	76162	38081	1	1	1449928.749271	38081	1449928.749271	52801.030249
76207	76206	38103	1	1	1450855.979591	38103	1450855.979591	49811.018359
76231	76230	38115	1	1	1451377.526800	38115	1451377.526800	49837.165898
76243	76242	38121	1	1	1451602.506255	38121	1451602.506255	49853.277098
76259	76258	38129	1	1	1451934.598429	38129	1451934.598429	52841.863351
76283	76282	38141	1	1	1452448.291965	38141	1452448.291965	52892.952621
76303	76302	38151	1	1	1452872.757745	38151	1452872.757745	49896.626609
76343	76342	38171	1	1	1453729.737902	38171	1453729.737902	56674.307271
76367	76366	38183	1	1	1454214.315212	38183	1454214.315212	56690.242467
76379	76378	38189	1	1	1454464.836107	38189	1454464.836107	52926.714247
76387	76386	38193	1	1	1454630.419740	38193	1454630.419740	49925.616223
76403	76402	38201	1	1	1454978.253089	38201	1454978.253089	52971.784733
76423	76422	38211	1	1	1455398.230717	38211	1455398.230717	49978.373457
76463	76462	38231	1	1	1456241.355722	38231	1456241.355722	56769.435335
76471	76470	38235	1	1	1456427.293169	38235	1456427.293169	50024.388223
76487	76486	38243	1	1	1456763.491877	38243	1456763.491877	56801.712291
76507	76506	38253	1	1	1457146.040183	38253	1457146.040183	50008.260393
76511	76510	38255	1	1	1457255.284651	38255	1457255.284651	63506.976757
76519	76518	38259	1	1	1457428.295003	38259	1457428.295003	50036.150571
76543	76542	38271	1	1	1457933.436337	38271	1457933.436337	50045.043577
76579	76578	38289	1	1	1458678.450622	38289	1458678.450622	50079.474974
76607	76606	38303	1	1	1459265.700971	38303	1459265.700971	56828.049750
76603	76602	38301	1	1	1459181.400593	38301	1459181.400593	50092.005068
76631	76630	38315	1	1	1459768.114732	38315	1459768.114732	63614.429111
76651	76650	38325	1	1	1460197.526345	38325	1460197.526345	50130.292824
76667	76666	38333	1	1	1460520.318979	38333	1460520.318979	53111.925053
76679	76678	38339	1	1	1460765.200503	38339	1460765.200503	63661.933681
76771	76770	38385	1	1	1462717.511732	38385	1462717.511732	50204.582830
76819	76818	38409	1	1	1463722.149341	38409	1463722.149341	50219.425160
76831	76830	38415	1	1	1463974.760403	38415	1463974.760403	50239.588651
76847	76846	38423	1	1	1464308.914894	38423	1464308.914894	57052.882286
76871	76870	38435	1	1	1464801.774140	38435	1464801.774140	63788.848111
76883	76882	38441	1	1	1465077.758775	38441	1465077.758775	53284.675726
76907	76906	38453	1	1	1465597.020156	38453	1465597.020156	53313.787262
76919	76918	38459	1	1	1465832.820040	38459	1465832.820040	76276.331785
76943	76942	38471	1	1	1466320.737096	38471	1466320.737096	57126.950925
76963	76962	38481	1	1	1466769.810708	38481	1466769.810708	50317.785647
76991	76990	38495	1	1	1467351.288927	38495	1467351.288927	76340.717296
77003	77002	38501	1	1	1467602.848547	38501	1467602.848547	53374.818433
77023	77022	38511	1	1	1468018.252245	38511	1468018.252245	50324.159714
77047	77046	38523	1	1	1468534.196191	38523	1468534.196191	50363.470488
77167	77166	38583	1	1	1471069.608560	38583	1471069.608560	50478.332707
77171	77170	38585	1	1	1471135.678914	38585	1471135.678914	53473.832316
77191	77190	38595	1	1	1471556.769913	38595	1471556.769913	50437.306809
77239	77238	38619	1	1	1472580.818219	38619	1472580.818219	50512.765337
77243	77242	38621	1	1	1472639.352723	38621	1472639.352723	53546.462456
77263	77262	38631	1	1	1473069.311635	38631	1473069.311635	50522.308374
77267	77266	38633	1	1	1473173.177969	38633	1473173.177969	53519.407680
77279	77278	38639	1	1	1473413.822456	38639	1473413.822456	73428.121247
77291	77290	38645	1	1	1473659.381922	38645	1473659.381922	53573.958082
77323	77322	38661	1	1	1474332.447572	38661	1474332.447572	50551.038182
77339	77338	38669	1	1	1474692.367724	38669	1474692.367724	53601.075564
77347	77346	38673	1	1	1474871.359507	38673	1474871.359507	50580.479340
77351	77350	38675	1	1	1474947.459120	38675	1474947.459120	64204.066383
77359	77358	38679	1	1	1475088.928739	38679	1475088.928739	50575.586085
77383	77382	38691	1	1	1475599.250853	38691	1475599.250853	50580.140749
77419	77418	38709	1	1	1476351.503890	38709	1476351.503890	50571.241041
77431	77430	38715	1	1	1476624.370234	38715	1476624.370234	50624.713749
77447	77446	38723	1	1	1476958.324393	38723	1476958.324393	57496.997091
77471	77470	38735	1	1	1477447.295142	38735	1477447.295142	64323.343852
77479	77478	38739	1	1	1477631.783144	38739	1477631.783144	50668.631463
77491	77490	38745	1	1	1477911.220470	38745	1477911.220470	50698.077729
77527	77526	38763	1	1	1478646.271132	38763	1478646.271132	50694.157408
77543	77542	38771	1	1	1478944.811260	38771	1478944.811260	57577.467470
77551	77550	38775	1	1	1479144.045306	38775	1479144.045306	50697.417844
77563	77562	38781	1	1	1479402.150049	38781	1479402.150049	50702.582640
77587	77586	38793	1	1	1479892.937069	38793	1479892.937069	50733.383522
77591	77590	38795	1	1	1480002.923293	38795	1480002.923293	76946.411689
77611	77610	38805	1	1	1480412.292244	38805	1480412.292244	50736.158173
77647	77646	38823	1	1	1481172.131498	38823	1481172.131498	50759.166264
77659	77658	38829	1	1	1481453.291224	38829	1481453.291224	50804.595915
77687	77686	38843	1	1	1482046.129416	38843	1482046.129416	57709.444817
77699	77698	38849	1	1	1482241.822310	38849	1482241.822310	53837.695927
77711	77710	38855	1	1	1482497.477312	38855	1482497.477312	64524.183607
77719	77718	38859	1	1	1482686.874318	38859	1482686.874318	50816.955914
77723	77722	38861	1	1	1482749.536931	38861	1482749.536931	53860.572940
77731	77730	38865	1	1	1482972.841738	38865	1482972.841738	50836.240265
77743	77742	38871	1	1	1483183.176212	38871	1483183.176212	50792.599159
77747	77746	38873	1	1	1483297.950280	38873	1483297.950280	53919.027983
77783	77782	38891	1	1	1484035.358088	38891	1484035.358088	57749.022082
77839	77838	38919	1	1	1485214.726135	38919	1485214.726135	50858.809223
77863	77862	38931	1	1	1485706.263794	38931	1485706.263794	50905.271157
77867	77866	38933	1	1	1485806.947973	38933	1485806.947973	53975.118495
77899	77898	38949	1	1	1486507.070390	38949	1486507.070390	50937.111373
77951	77950	38975	1	1	1487586.942438	38975	1487586.942438	73968.526575
77983	77982	38991	1	1	1488260.077400	38991	1488260.077400	50998.861287
77999	77998	38999	1	1	1488596.491630	38999	1488596.491630	74114.720330
78007	78006	39003	1	1	1488743.502246	39003	1488743.502246	50995.264130
78031	78030	39015	1	1	1489284.800444	39015	1489284.800444	51016.075001
78059	78058	39029	1	1	1489837.735450	39029	1489837.735450	54111.402534
78079	78078	39039	1	1	1490315.893922	39039	1490315.893922	51092.662351
78139	78138	39069	1	1	1491546.167479	39069	1491546.167479	51098.303897
78163	78162	39081	1	1	1492048.286389	39081	1492048.286389	51094.982810
78167	78166	39083	1	1	1492124.501576	39083	1492124.501576	57970.715523
78179	78178	39089	1	1	1492392.409858	39089	1492392.409858	54165.430793
78191	78190	39095	1	1	1492622.151320	39095	1492622.151320	64882.297833
78203	78202	39101	1	1	1492877.652909	39101	1492877.652909	54203.313319
78259	78258	39129	1	1	1494061.899819	39129	1494061.899819	51157.525821
78283	78282	39141	1	1	1494574.523387	39141	1494574.523387	51155.832090
78307	78306	39153	1	1	1495095.594347	39153	1495095.594347	51205.812825
78311	78310	39155	1	1	1495150.120551	39155	1495150.120551	65020.775403
78347	78346	39173	1	1	1495943.988084	39173	1495943.988084	54311.649184
78367	78366	39183	1	1	1496396.198961	39183	1496396.198961	51271.349241
78427	78426	39213	1	1	1497619.844679	39213	1497619.844679	51278.886558
78439	78438	39219	1	1	1497884.223730	39219	1497884.223730	51296.796209
78467	78466	39233	1	1	1498463.430194	39233	1498463.430194	54369.811251
78479	78478	39239	1	1	1498724.585013	39239	1498724.585013	65162.704753
78487	78486	39243	1	1	1498866.653054	39243	1498866.653054	51310.263296
78511	78510	39255	1	1	1499396.140751	39255	1499396.140751	51339.276135
78539	78538	39269	1	1	1499979.117558	39269	1499979.117558	54399.807525
78571	78570	39285	1	1	1500679.701139	39285	1500679.701139	51392.891139
78583	78582	39291	1	1	1500913.527003	39291	1500913.527003	51377.162566
78607	78606	39303	1	1	1501419.173870	39303	1501419.173870	51392.536239
78623	78622	39311	1	1	1501740.946697	39311	1501740.946697	58377.161699
78643	78642	39321	1	1	1502172.467649	39321	1502172.467649	51411.561179
78691	78690	39345	1	1	1503182.881189	39345	1503182.881189	51449.675702
78707	78706	39353	1	1	1503547.548837	39353	1503547.548837	54551.365831
78779	78778	39389	1	1	1505008.025663	39389	1505008.025663	54547.165037
78787	78786	39393	1	1	1505223.273056	39393	1505223.273056	51517.040533
78791	78790	39395	1	1	1505296.883834	39395	1505296.883834	74870.845843
78803	78802	39401	1	1	1505570.384553	39401	1505570.384553	54630.936375
78823	78822	39411	1	1	1505968.259363	39411	1505968.259363	51533.566910
78839	78838	39419	1	1	1506282.724765	39419	1506282.724765	78161.215450
78887	78886	39443	1	1	1507344.765311	39443	1507344.765311	58588.640231
78919	78918	39459	1	1	1508029.339201	39459	1508029.339201	51631.095345
78979	78978	39489	1	1	1509276.741846	39489	1509276.741846	51647.193171
79031	79030	39515	1	1	1510362.752942	39515	1510362.752942	65588.771344
79039	79038	39519	1	1	1510549.633823	39519	1510549.633823	51702.289999
79043	79042	39521	1	1	1510622.162892	39521	1510622.162892	54796.146486
79063	79062	39531	1	1	1511045.872590	39531	1511045.872590	51658.228304
79087	79086	39543	1	1	1511552.388024	39543	1511552.388024	51717.446586
79103	79102	39551	1	1	1511888.511420	39551	1511888.511420	58744.987670
79111	79110	39555	1	1	1512040.722138	39555	1512040.722138	51721.911927
79139	79138	39569	1	1	1512650.582971	39569	1512650.582971	54835.977149
79147	79146	39573	1	1	1512842.307975	39573	1512842.307975	51771.869707
79151	79150	39575	1	1	1512871.701206	39575	1512871.701206	65722.160966
79159	79158	39579	1	1	1513062.393629	39579	1513062.393629	51758.071613
79187	79186	39593	1	1	1513638.557759	39593	1513638.557759	54865.186271
79231	79230	39615	1	1	1514592.066817	39615	1514592.066817	51793.986372
79259	79258	39629	1	1	1515159.946313	39629	1515159.946313	54944.263292
79279	79278	39639	1	1	1515603.328128	39639	1515603.328128	51833.913707
79283	79282	39641	1	1	1515673.174811	39641	1515673.174811	54952.502955
79319	79318	39659	1	1	1516439.174793	39659	1516439.174793	65859.269983
79367	79366	39683	1	1	1517457.003456	39683	1517457.003456	58933.247235
79379	79378	39689	1	1	1517707.757790	39689	1517707.757790	55019.487164
79399	79398	39699	1	1	1518131.235466	39699	1518131.235466	51904.566871
79411	79410	39705	1	1	1518380.637531	39705	1518380.637531	51923.927578
79423	79422	39711	1	1	1518623.372272	39711	1518623.372272	51922.190032
79427	79426	39713	1	1	1518724.956274	39713	1518724.956274	55045.223489
79451	79450	39725	1	1	1519244.530646	39725	1519244.530646	55068.853401
79531	79530	39765	1	1	1520932.984245	39765	1520932.984245	51999.357399
79559	79558	39779	1	1	1521496.070079	39779	1521496.070079	66059.814559
79579	79578	39789	1	1	1521961.559191	39789	1521961.559191	52031.894403
79627	79626	39813	1	1	1522947.084350	39813	1522947.084350	52064.199700
79631	79630	39815	1	1	1523052.030244	39815	1523052.030244	78855.902262
79687	79686	39843	1	1	1524199.169915	39843	1524199.169915	52088.014917
79691	79690	39845	1	1	1524297.444614	39845	1524297.444614	55206.333054
79699	79698	39849	1	1	1524476.881310	39849	1524476.881310	52110.873844
79811	79810	39905	1	1	1526815.458262	39905	1526815.458262	55289.092514
79823	79822	39911	1	1	1527098.256979	39911	1527098.256979	59259.798193
79843	79842	39921	1	1	1527523.237426	39921	1527523.237426	52204.392408
79847	79846	39923	1	1	1527625.844586	39923	1527625.844586	59305.820623
79867	79866	39933	1	1	1528015.621877	39933	1528015.621877	52214.063865
79903	79902	39951	1	1	1528774.836155	39951	1528774.836155	52208.570155
79907	79906	39953	1	1	1528878.731792	39953	1528878.731792	55395.491417
79939	79938	39969	1	1	1529537.942184	39969	1529537.942184	52279.184347
79943	79942	39971	1	1	1529639.823286	39971	1529639.823286	59363.592342
79967	79966	39983	1	1	1530140.262245	39983	1530140.262245	59382.826745
79979	79978	39989	1	1	1530389.641847	39989	1530389.641847	55428.398375
79987	79986	39993	1	1	1530553.982254	39993	1530553.982254	52274.771264
79999	79998	39999	1	1	1530809.684274	39999	1530809.684274	52290.278685
80039	80038	40019	1	1	1531639.007744	40019	1531639.007744	66458.492513
80051	80050	40025	1	1	1531917.891545	40025	1531917.891545	55472.135805
80071	80070	40035	1	1	1532346.958877	40035	1532346.958877	52335.877289
80107	80106	40053	1	1	1533105.581879	40053	1533105.581879	52356.388317
80111	80110	40055	1	1	1533178.328656	40055	1533178.328656	76126.884695
80147	80146	40073	1	1	1533950.586254	40073	1533950.586254	55534.211248
80167	80166	40083	1	1	1534353.933552	40083	1534353.933552	52429.362352
80191	80190	40095	1	1	1534866.601265	40095	1534866.601265	52427.923577
80207	80206	40103	1	1	1535201.689297	40103	1535201.689297	59481.667014
80231	80230	40115	1	1	1535718.157210	40115	1535718.157210	66622.824208
80239	80238	40119	1	1	1535896.209791	40119	1535896.209791	52464.851837
80251	80250	40125	1	1	1536138.950288	40125	1536138.950288	52455.347958
80263	80262	40131	1	1	1536386.059564	40131	1536386.059564	52486.547830
80279	80278	40139	1	1	1536732.224152	40139	1536732.224152	76297.308218
80287	80286	40143	1	1	1536911.874301	40143	1536911.874301	52501.898403
80347	80346	40173	1	1	1538168.807804	40173	1538168.807804	52505.735388
80363	80362	40181	1	1	1538501.646453	40181	1538501.646453	55705.616115
80387	80386	40193	1	1	1539021.168743	40193	1539021.168743	55733.712873
80407	80406	40203	1	1	1539480.668298	40203	1539480.668298	52589.101663
80447	80446	40223	1	1	1540267.921512	40223	1540267.921512	59712.509272
80471	80470	40235	1	1	1540791.273691	40235	1540791.273691	84733.071082
80491	80490	40245	1	1	1541229.093668	40245	1541229.093668	52656.561037
80527	80526	40263	1	1	1541975.969763	40263	1541975.969763	52672.553505
80567	80566	40283	1	1	1542831.256285	40283	1542831.256285	59819.006915
80599	80598	40299	1	1	1543478.735370	40299	1543478.735370	52686.222325
80603	80602	40301	1	1	1543577.157052	40301	1543577.157052	55862.074695
80611	80610	40305	1	1	1543776.127852	40305	1543776.127852	52736.433056
80627	80626	40313	1	1	1544102.234566	40313	1544102.234566	55849.156348
80651	80650	40325	1	1	1544571.946131	40325	1544571.946131	55881.875535
80671	80670	40335	1	1	1545041.977152	40335	1545041.977152	52765.942751
80683	80682	40341	1	1	1545275.408791	40341	1545275.408791	52757.809629
80687	80686	40343	1	1	1545346.603934	40343	1545346.603934	59910.457869
80747	80746	40373	1	1	1546640.149485	40373	1546640.149485	55936.004334
80779	80778	40389	1	1	1547321.062682	40389	1547321.062682	52810.366565
80783	80782	40391	1	1	1547402.863958	40391	1547402.863958	59980.290163
80803	80802	40401	1	1	1547818.376666	40401	1547818.376666	52838.313269
80831	80830	40415	1	1	1548398.240093	40415	1548398.240093	67107.451818
80819	80818	40409	1	1	1548122.846466	40409	1548122.846466	56001.061925
80863	80862	40431	1	1	1549083.246923	40431	1549083.246923	52863.793106
80911	80910	40455	1	1	1550104.331026	40455	1550104.331026	52901.088902
80923	80922	40461	1	1	1550342.543635	40461	1550342.543635	52910.821083
80963	80962	40481	1	1	1551212.813014	40481	1551212.813014	56131.220804
81019	81018	40509	1	1	1552378.177394	40509	1552378.177394	52940.110336
81023	81022	40511	1	1	1552449.835115	40511	1552449.835115	60151.049684
81031	81030	40515	1	1	1552637.684309	40515	1552637.684309	52980.001686
81043	81042	40521	1	1	1552894.048784	40521	1552894.048784	53000.438215
81071	81070	40535	1	1	1553462.184032	40535	1553462.184032	67308.454500
81047	81046	40523	1	1	1552977.513147	40523	1552977.513147	60188.092310
81083	81082	40541	1	1	1553738.279086	40541	1553738.279086	56192.886866
81119	81118	40559	1	1	1554505.514604	40559	1554505.514604	77089.812718
81131	81130	40565	1	1	1554746.534197	40565	1554746.534197	56226.095890
81163	81162	40581	1	1	1555434.168470	40581	1555434.168470	53063.944772
81199	81198	40599	1	1	1556193.843099	40599	1556193.843099	53054.864359
81203	81202	40601	1	1	1556276.359028	40601	1556276.359028	56298.918858
81223	81222	40611	1	1	1556691.397064	40611	1556691.397064	53102.826547
81239	81238	40619	1	1	1557049.198433	40619	1557049.198433	67440.294217
81283	81282	40641	1	1	1557963.567177	40641	1557963.567177	53147.493116
81299	81298	40649	1	1	1558316.375198	40649	1558316.375198	56332.720303
81307	81306	40653	1	1	1558458.835409	40653	1558458.835409	53149.071190
81331	81330	40665	1	1	1558980.303700	40665	1558980.303700	53174.509613
81343	81342	40671	1	1	1559248.794433	40671	1559248.794433	53197.065895
81359	81358	40679	1	1	1559583.933150	40679	1559583.933150	77315.698569
81371	81370	40685	1	1	1559824.349311	40685	1559824.349311	56367.896161
81439	81438	40719	1	1	1561279.772763	40719	1561279.772763	53209.609667
81463	81462	40731	1	1	1561768.746590	40731	1561768.746590	53261.639380
81527	81526	40763	1	1	1563133.570951	40763	1563133.570951	60478.742168
81547	81546	40773	1	1	1563532.047602	40773	1563532.047602	53321.316252
81551	81550	40775	1	1	1563657.311641	40775	1563657.311641	67708.489753
81559	81558	40779	1	1	1563836.480560	40779	1563836.480560	53350.341722
81563	81562	40781	1	1	1563883.111626	40781	1563883.111626	56525.824474
81611	81610	40805	1	1	1564891.005506	40805	1564891.005506	56555.808960
81619	81618	40809	1	1	1565084.036733	40809	1565084.036733	53325.940297
81667	81666	40833	1	1	1566102.712425	40833	1566102.712425	53395.170706
81647	81646	40823	1	1	1565679.098430	40823	1565679.098430	60611.204671
81671	81670	40835	1	1	1566192.637936	40835	1566192.637936	67810.222626
81703	81702	40851	1	1	1566871.782165	40851	1566871.782165	53384.749249
81707	81706	40853	1	1	1566950.638193	40853	1566950.638193	56626.534047
81727	81726	40863	1	1	1567366.714074	40863	1567366.714074	53427.404809
81799	81798	40899	1	1	1568907.261462	40899	1568907.261462	53467.827891
81839	81838	40919	1	1	1569715.823793	40919	1569715.823793	67940.582179
81847	81846	40923	1	1	1569911.641071	40923	1569911.641071	53501.812948
81883	81882	40941	1	1	1570672.574667	40941	1570672.574667	53542.484620
81899	81898	40949	1	1	1571022.668570	40949	1571022.668570	56730.804640
81919	81918	40959	1	1	1571447.777678	40959	1571447.777678	53561.163672
81931	81930	40965	1	1	1571706.884257	40965	1571706.884257	53597.869880
81943	81942	40971	1	1	1571932.383798	40971	1571932.383798	53539.997986
81967	81966	40983	1	1	1572438.622498	40983	1572438.622498	53575.009732
81971	81970	40985	1	1	1572541.864883	40985	1572541.864883	56775.337307
82003	82002	41001	1	1	1573230.188536	41001	1573230.188536	53626.773786
82007	82006	41003	1	1	1573303.735702	41003	1573303.735702	60823.840432
82031	82030	41015	1	1	1573812.650426	41015	1573812.650426	77918.973263
82039	82038	41019	1	1	1573983.967338	41019	1573983.967338	53651.090510
82051	82050	41025	1	1	1574239.887945	41025	1574239.887945	53661.515923
82067	82066	41033	1	1	1574564.274541	41033	1574564.274541	56874.195056
82139	82138	41069	1	1	1576078.719074	41069	1576078.719074	56896.953489
82163	82162	41081	1	1	1576617.174439	41081	1576617.174439	56957.120993
82171	82170	41085	1	1	1576791.743312	41085	1576791.743312	53743.158021
82183	82182	41091	1	1	1577035.288778	41091	1577035.288778	53730.743290
82207	82206	41103	1	1	1577545.275170	41103	1577545.275170	53767.749312
82219	82218	41109	1	1	1577799.762321	41109	1577799.762321	53753.134489
82223	82222	41111	1	1	1577870.518005	41111	1577870.518005	61063.253261
82231	82230	41115	1	1	1578040.358882	41115	1578040.358882	53757.203489
82267	82266	41133	1	1	1578813.557087	41133	1578813.557087	53792.514090
82279	82278	41139	1	1	1579063.495765	41139	1579063.495765	53785.995090
82307	82306	41153	1	1	1579664.298425	41153	1579664.298425	57036.392497
82339	82338	41169	1	1	1580363.932718	41169	1580363.932718	53856.054413
82351	82350	41175	1	1	1580611.366096	41175	1580611.366096	53874.945782
82387	82386	41193	1	1	1581352.474285	41193	1581352.474285	53851.603239
82463	82462	41231	1	1	1582968.986815	41231	1582968.986815	61213.864703
82471	82470	41235	1	1	1583137.815471	41235	1583137.815471	53928.284370
82483	82482	41241	1	1	1583381.002532	41241	1583381.002532	53935.380373
82487	82486	41243	1	1	1583480.507552	41243	1583480.507552	61246.018381
82499	82498	41249	1	1	1583693.220431	41249	1583693.220431	57175.490180
82507	82506	41253	1	1	1583898.212751	41253	1583898.212751	53943.142552
82531	82530	41265	1	1	1584415.704849	41265	1584415.704849	53935.470684
82559	82558	41279	1	1	1584997.004286	41279	1584997.004286	68547.702041
82567	82566	41283	1	1	1585209.415252	41283	1585209.415252	54011.383775
82571	82570	41285	1	1	1585259.678946	41285	1585259.678946	57228.411691
82591	82590	41295	1	1	1585715.574414	41295	1585715.574414	53987.042002
82619	82618	41309	1	1	1586283.718841	41309	1586283.718841	57274.098965
82651	82650	41325	1	1	1586960.546492	41325	1586960.546492	54025.751263
82699	82698	41349	1	1	1588001.284888	41349	1588001.284888	54105.787538
82723	82722	41361	1	1	1588468.859725	41361	1588468.859725	54072.322784
82727	82726	41363	1	1	1588590.887082	41363	1588590.887082	61396.905682
82759	82758	41379	1	1	1589245.617437	41379	1589245.617437	54120.313763
82763	82762	41381	1	1	1589295.532486	41381	1589295.532486	57360.103731
82787	82786	41393	1	1	1589847.870929	41393	1589847.870929	57380.399192
82799	82798	41399	1	1	1590092.693754	41399	1590092.693754	82110.604106
82811	82810	41405	1	1	1590351.476765	41405	1590351.476765	57369.472821
82847	82846	41423	1	1	1591120.261662	41423	1591120.261662	61513.116512
82883	82882	41441	1	1	1591874.164405	41441	1591874.164405	57455.306034
82891	82890	41445	1	1	1592052.342566	41445	1592052.342566	54205.962227
82903	82902	41451	1	1	1592285.886394	41451	1592285.886394	54215.457984
82939	82938	41469	1	1	1593096.963591	41469	1593096.963591	54255.679791
82963	82962	41481	1	1	1593575.135979	41481	1593575.135979	54247.921583
83003	83002	41501	1	1	1594421.581500	41501	1594421.581500	57532.342495
83023	83022	41511	1	1	1594844.413394	41511	1594844.413394	54281.956073
83047	83046	41523	1	1	1595357.608582	41523	1595357.608582	54297.394963
83059	83058	41529	1	1	1595606.129749	41529	1595606.129749	54281.440638
83063	83062	41531	1	1	1595697.639124	41531	1595697.639124	61680.118183
83071	83070	41535	1	1	1595848.543213	41535	1595848.543213	54273.439229
83203	83202	41601	1	1	1598656.548580	41601	1598656.548580	54360.254084
83207	83206	41603	1	1	1598738.345243	41603	1598738.345243	61763.528634
83227	83226	41613	1	1	1599165.740125	41613	1599165.740125	54411.129414
83219	83218	41609	1	1	1598999.789023	41609	1598999.789023	57653.101619
83231	83230	41615	1	1	1599257.364676	41615	1599257.364676	69077.008095
83243	83242	41621	1	1	1599469.828207	41621	1599469.828207	57689.928320
83267	83266	41633	1	1	1600020.620820	41633	1600020.620820	57694.664106
83299	83298	41649	1	1	1600700.928884	41649	1600700.928884	54475.711157
83311	83310	41655	1	1	1600945.372943	41655	1600945.372943	54427.346664
83339	83338	41669	1	1	1601525.650341	41669	1601525.650341	57747.071927
83383	83382	41691	1	1	1602464.278550	41691	1602464.278550	54491.781802
83399	83398	41699	1	1	1602794.808132	41699	1602794.808132	69249.312240
83407	83406	41703	1	1	1602986.741700	41703	1602986.741700	54522.776593
83423	83422	41711	1	1	1603322.512769	41711	1603322.512769	61945.723844
83431	83430	41715	1	1	1603503.072279	41715	1603503.072279	54543.227555
83443	83442	41721	1	1	1603748.320251	41721	1603748.320251	54548.425238
83459	83458	41729	1	1	1604069.176393	41729	1604069.176393	57845.663841
83471	83470	41735	1	1	1604344.049386	41735	1604344.049386	79321.520988
83563	83562	41781	1	1	1606298.531033	41781	1606298.531033	54626.900878
83579	83578	41789	1	1	1606619.082943	41789	1606619.082943	57931.892859
83591	83590	41795	1	1	1606914.818345	41795	1606914.818345	69425.050695
83639	83638	41819	1	1	1607903.518434	41819	1607903.518434	90019.618424
83663	83662	41831	1	1	1608425.719483	41831	1608425.719483	62130.391378
83719	83718	41859	1	1	1609614.212210	41859	1609614.212210	54715.331562
83791	83790	41895	1	1	1611137.110014	41895	1611137.110014	54784.584485
83843	83842	41921	1	1	1612243.483553	41921	1612243.483553	58110.862661
83891	83890	41945	1	1	1613263.805403	41945	1613263.805403	58150.222434
83911	83910	41955	1	1	1613690.832822	41955	1613690.832822	54870.292136
83903	83902	41951	1	1	1613516.207946	41951	1613516.207946	62293.616989
83939	83938	41969	1	1	1614261.910146	41969	1614261.910146	58178.993831
83983	83982	41991	1	1	1615210.222106	41991	1615210.222106	54911.775913
83987	83986	41993	1	1	1615296.728586	41993	1615296.728586	58213.187486
84011	84010	42005	1	1	1615797.903149	42005	1615797.903149	58233.419571
84047	84046	42023	1	1	1616571.586584	42023	1616571.586584	62354.539030
84059	84058	42029	1	1	1616838.170023	42029	1616838.170023	58255.377110
84067	84066	42033	1	1	1616983.835081	42033	1616983.835081	54967.537984
84127	84126	42063	1	1	1618304.755214	42063	1618304.755214	55023.960333
84131	84130	42065	1	1	1618310.721862	42065	1618310.721862	58303.383778
84143	84142	42071	1	1	1618626.529269	42071	1618626.529269	62489.489923
84163	84162	42081	1	1	1619031.648412	42081	1619031.648412	55029.895036
84179	84178	42089	1	1	1619379.593109	42089	1619379.593109	58333.102049
84199	84198	42099	1	1	1619799.012058	42099	1619799.012058	55041.906374
84191	84190	42095	1	1	1619632.652360	42095	1619632.652360	69909.042241
84211	84210	42105	1	1	1620048.918282	42105	1620048.918282	55050.597535
84223	84222	42111	1	1	1620302.509799	42111	1620302.509799	55020.460155
84239	84238	42119	1	1	1620646.658901	42119	1620646.658901	69932.635483
84247	84246	42123	1	1	1620815.231297	42123	1620815.231297	55092.195323
84263	84262	42131	1	1	1621134.731978	42131	1621134.731978	62559.658767
84299	84298	42149	1	1	1621892.894379	42149	1621892.894379	58426.513058
84307	84306	42153	1	1	1622088.691203	42153	1622088.691203	55113.446197
84319	84318	42159	1	1	1622348.427247	42159	1622348.427247	55133.815863
84347	84346	42173	1	1	1622938.314807	42173	1622938.314807	58441.527186
84391	84390	42195	1	1	1623883.820535	42195	1623883.820535	55195.924376
84407	84406	42203	1	1	1624235.452564	42203	1624235.452564	62677.223178
84431	84430	42215	1	1	1624706.189515	42215	1624706.189515	70094.739018
84443	84442	42221	1	1	1624966.124699	42221	1624966.124699	58533.177882
84463	84462	42231	1	1	1625392.754558	42231	1625392.754558	55229.231323
84467	84466	42233	1	1	1625510.822561	42233	1625510.822561	58561.225825
84499	84498	42249	1	1	1626175.584614	42249	1626175.584614	55214.462229
84503	84502	42251	1	1	1626230.994561	42251	1626230.994561	62728.566814
84523	84522	42261	1	1	1626673.310584	42261	1626673.310584	55254.569726
84551	84550	42275	1	1	1627284.369994	42275	1627284.369994	80246.198592
84559	84558	42279	1	1	1627427.402051	42279	1627427.402051	55285.921508
84631	84630	42315	1	1	1628977.497942	42315	1628977.497942	55328.758722
84659	84658	42329	1	1	1629571.458972	42329	1629571.458972	58682.066833
84691	84690	42345	1	1	1630251.858218	42345	1630251.858218	55363.148609
84719	84718	42359	1	1	1630843.453695	42359	1630843.453695	83986.268712
84731	84730	42365	1	1	1631106.111360	42365	1631106.111360	58735.282751
84751	84750	42375	1	1	1631551.935702	42375	1631551.935702	55408.783098
84787	84786	42393	1	1	1632290.464114	42393	1632290.464114	55422.462377
84811	84810	42405	1	1	1632795.454451	42405	1632795.454451	55449.521386
84827	84826	42413	1	1	1633175.262778	42413	1633175.262778	58810.127385
84859	84858	42429	1	1	1633820.330628	42429	1633820.330628	55484.371906
84871	84870	42435	1	1	1634077.805568	42435	1634077.805568	55494.700551
84919	84918	42459	1	1	1635131.596829	42459	1635131.596829	55543.256592
84947	84946	42473	1	1	1635705.788954	42473	1635705.788954	58879.602957
84967	84966	42483	1	1	1636150.430705	42483	1636150.430705	55572.572041
84979	84978	42489	1	1	1636400.677859	42489	1636400.677859	55587.935048
84991	84990	42495	1	1	1636614.146123	42495	1636614.146123	55557.075494
85027	85026	42513	1	1	1637386.534466	42513	1637386.534466	55569.614143
85087	85086	42543	1	1	1638664.754553	42543	1638664.754553	55627.079796
85091	85090	42545	1	1	1638762.707182	42545	1638762.707182	58940.592921
85103	85102	42551	1	1	1638984.537962	42551	1638984.537962	63195.063388
85147	85146	42573	1	1	1639955.808021	42573	1639955.808021	55684.021684
85159	85158	42579	1	1	1640207.115748	42579	1640207.115748	55657.527431
85199	85198	42599	1	1	1641062.547764	42599	1641062.547764	70753.928307
85223	85222	42611	1	1	1641541.138040	42611	1641541.138040	63282.922475
85243	85242	42621	1	1	1641999.796046	42621	1641999.796046	55753.054200
85247	85246	42623	1	1	1642058.502998	42623	1642058.502998	63291.434012
85259	85258	42629	1	1	1642333.456880	42629	1642333.456880	59107.273707
85303	85302	42651	1	1	1643265.662255	42651	1643265.662255	55757.917777
85331	85330	42665	1	1	1643856.204107	42665	1643856.204107	59108.042496
85363	85362	42681	1	1	1644533.578763	42681	1644533.578763	55780.576989
85411	85410	42705	1	1	1645551.679785	42705	1645551.679785	55822.649214
85427	85426	42713	1	1	1645898.890911	42713	1645898.890911	59183.830362
85439	85438	42719	1	1	1646146.711276	42719	1646146.711276	70932.717459
85447	85446	42723	1	1	1646311.383944	42723	1646311.383944	55874.825251
85451	85450	42725	1	1	1646410.808731	42725	1646410.808731	59207.309706
85487	85486	42743	1	1	1647195.008211	42743	1647195.008211	63486.441533
85523	85522	42761	1	1	1647930.640744	42761	1647930.640744	59291.649510
85531	85530	42765	1	1	1648123.590764	42765	1648123.590764	55940.096739
85571	85570	42785	1	1	1648967.496766	42785	1648967.496766	59327.862766
85607	85606	42803	1	1	1649719.994747	42803	1649719.994747	63565.529085
85619	85618	42809	1	1	1649979.851147	42809	1649979.851147	59313.856781
85627	85626	42813	1	1	1650189.708708	42813	1650189.708708	56016.118358
85639	85638	42819	1	1	1650397.147278	42819	1650397.147278	55983.376190
85643	85642	42821	1	1	1650490.450535	42821	1650490.450535	59353.697084
85667	85666	42833	1	1	1651006.655242	42833	1651006.655242	59361.903176
85703	85702	42851	1	1	1651763.831351	42851	1651763.831351	63642.992990
85691	85690	42845	1	1	1651485.581606	42845	1651485.581606	59386.584482
85711	85710	42855	1	1	1651943.392459	42855	1651943.392459	56039.993019
85751	85750	42875	1	1	1652780.623508	42875	1652780.623508	71197.206241
85819	85818	42909	1	1	1654277.204605	42909	1654277.204605	56139.577611
85831	85830	42915	1	1	1654490.058003	42915	1654490.058003	56069.834257
85843	85842	42921	1	1	1654743.090430	42921	1654743.090430	56122.881688
85847	85846	42923	1	1	1654828.360723	42923	1654828.360723	63723.174189
85903	85902	42951	1	1	1656026.300562	42951	1656026.300562	56130.275943
85931	85930	42965	1	1	1656587.055697	42965	1656587.055697	59541.030997
85991	85990	42995	1	1	1657908.599336	42995	1657908.599336	81698.007429
85999	85998	42999	1	1	1658064.910613	42999	1658064.910613	56221.375381
86011	86010	43005	1	1	1658366.616683	43005	1658366.616683	56279.620402
86027	86026	43013	1	1	1658654.858907	43013	1658654.858907	59609.538737
86083	86082	43041	1	1	1659848.716270	43041	1659848.716270	56242.544742
86111	86110	43055	1	1	1660425.387693	43055	1660425.387693	71497.386705
86131	86130	43065	1	1	1660874.390599	43065	1660874.390599	56319.278271
86143	86142	43071	1	1	1661132.169930	43071	1661132.169930	56323.356461
86171	86170	43085	1	1	1661709.578334	43085	1661709.578334	59735.836043
86179	86178	43089	1	1	1661936.296781	43089	1661936.296781	56384.674431
86183	86182	43091	1	1	1661976.561039	43091	1661976.561039	63996.223697
86239	86238	43119	1	1	1663165.997831	43119	1663165.997831	56352.467380
86263	86262	43131	1	1	1663714.520025	43131	1663714.520025	56425.750636
86243	86242	43121	1	1	1663258.999073	43121	1663258.999073	59786.466393
86287	86286	43143	1	1	1664233.422196	43143	1664233.422196	56449.937013
86291	86290	43145	1	1	1664253.086337	43145	1664253.086337	59792.942888
86311	86310	43155	1	1	1664708.156295	43155	1664708.156295	56431.865146
86323	86322	43161	1	1	1664961.080511	43161	1664961.080511	56432.168329
86351	86350	43175	1	1	1665562.615696	43175	1665562.615696	82051.173849
86371	86370	43185	1	1	1665995.997302	43185	1665995.997302	56490.424359
86399	86398	43199	1	1	1666578.852463	43199	1666578.852463	82108.785932
86423	86422	43211	1	1	1667096.730971	43211	1667096.730971	64158.013691
86467	86466	43233	1	1	1668036.385651	43233	1668036.385651	56561.195131
86491	86490	43245	1	1	1668554.407618	43245	1668554.407618	56579.609768
86531	86530	43265	1	1	1669373.485757	43265	1669373.485757	59943.812790
86539	86538	43269	1	1	1669558.653363	43269	1669558.653363	56551.391462
86579	86578	43289	1	1	1670408.704336	43289	1670408.704336	60004.621746
86587	86586	43293	1	1	1670565.660553	43293	1670565.660553	56613.542156
86599	86598	43299	1	1	1670835.426761	43299	1670835.426761	56620.548850
86627	86626	43313	1	1	1671433.907463	43313	1671433.907463	60018.777332
86711	86710	43355	1	1	1673216.173112	43355	1673216.173112	71978.944228
86719	86718	43359	1	1	1673388.415264	43359	1673388.415264	56713.160634
86767	86766	43383	1	1	1674417.410477	43383	1674417.410477	56727.103957
86743	86742	43371	1	1	1673903.897906	43371	1673903.897906	56695.340985
86771	86770	43385	1	1	1674471.440606	43385	1674471.440606	60144.534518
86783	86782	43391	1	1	1674760.440516	43391	1674760.440516	64446.881751
86843	86842	43421	1	1	1676021.427162	43421	1676021.427162	60192.007009
86851	86850	43425	1	1	1676200.696578	43425	1676200.696578	56756.651225
86923	86922	43461	1	1	1677733.126755	43461	1677733.126755	56832.865215
86927	86926	43463	1	1	1677840.281663	43463	1677840.281663	64550.020331
86939	86938	43469	1	1	1678082.700950	43469	1678082.700950	60250.012992
86951	86950	43475	1	1	1678333.607265	43475	1678333.607265	72171.822233
86959	86958	43479	1	1	1678536.980288	43479	1678536.980288	56860.935209
87011	87010	43505	1	1	1679622.269980	43505	1679622.269980	60284.027971
87071	87070	43535	1	1	1680861.184532	43535	1680861.184532	91683.954586
87083	87082	43541	1	1	1681157.456963	43541	1681157.456963	60360.465181
87103	87102	43551	1	1	1681568.157162	43551	1681568.157162	56939.719680
87107	87106	43553	1	1	1681662.561971	43553	1681662.561971	60363.315648
87119	87118	43559	1	1	1681920.595572	43559	1681920.595572	72335.739660
87151	87150	43575	1	1	1682598.517650	43575	1682598.517650	56978.931245
87179	87178	43589	1	1	1683189.155254	43589	1683189.155254	60388.959201
87187	87186	43593	1	1	1683362.656424	43593	1683362.656424	57000.897351
87211	87210	43605	1	1	1683877.824603	43605	1683877.824603	57027.477568
87223	87222	43611	1	1	1684119.873822	43611	1684119.873822	57023.021510
87251	87250	43625	1	1	1684732.333579	43625	1684732.333579	60457.108319
87299	87298	43649	1	1	1685716.621646	43649	1685716.621646	60509.014699
87323	87322	43661	1	1	1686278.675372	43661	1686278.675372	60531.606319
87359	87358	43679	1	1	1687027.647753	43679	1687027.647753	94014.597871
87383	87382	43691	1	1	1687519.496451	43691	1687519.496451	64863.157703
87403	87402	43701	1	1	1687956.272685	43701	1687956.272685	57148.605327
87407	87406	43703	1	1	1688042.920981	43703	1688042.920981	64835.203819
87427	87426	43713	1	1	1688459.778110	43713	1688459.778110	57162.064373
87443	87442	43721	1	1	1688817.204238	43721	1688817.204238	60601.441604
87491	87490	43745	1	1	1689845.838991	43745	1689845.838991	60647.625565
87511	87510	43755	1	1	1690271.699934	43755	1690271.699934	57226.323557
87523	87522	43761	1	1	1690518.134880	43761	1690518.134880	57234.915411
87539	87538	43769	1	1	1690845.696051	43769	1690845.696051	60657.367124
87547	87546	43773	1	1	1691037.810899	43773	1691037.810899	57235.402598
87559	87558	43779	1	1	1691291.892652	43779	1691291.892652	57254.550459
87583	87582	43791	1	1	1691806.101089	43791	1691806.101089	57267.032858
87587	87586	43793	1	1	1691903.210980	43793	1691903.210980	60685.251730
87623	87622	43811	1	1	1692654.341918	43811	1692654.341918	65049.220573
87631	87630	43815	1	1	1692857.564462	43815	1692857.564462	57325.160420
87643	87642	43821	1	1	1693074.865688	43821	1693074.865688	57308.312571
87671	87670	43835	1	1	1693670.701332	43835	1693670.701332	83296.743045
87679	87678	43839	1	1	1693857.511059	43839	1693857.511059	57290.443648
87683	87682	43841	1	1	1693943.328056	43841	1693943.328056	60789.945387
87691	87690	43845	1	1	1694105.995008	43845	1694105.995008	57333.235685
87719	87718	43859	1	1	1694694.927210	43859	1694694.927210	72829.940231
87739	87738	43869	1	1	1695127.156672	43869	1695127.156672	57350.638144
87743	87742	43871	1	1	1695217.955726	43871	1695217.955726	65155.888001
87751	87750	43875	1	1	1695399.611202	43875	1695399.611202	57383.148333
87803	87802	43901	1	1	1696491.627004	43901	1696491.627004	60840.230039
87767	87766	43883	1	1	1695729.259116	43883	1695729.259116	65124.519250
87811	87810	43905	1	1	1696686.590478	43905	1696686.590478	57433.267800
87911	87910	43955	1	1	1698806.444698	43955	1698806.444698	87189.273151
87887	87886	43943	1	1	1698289.392393	43943	1698289.392393	65238.695047
87931	87930	43965	1	1	1699220.496663	43965	1699220.496663	57496.929061
87943	87942	43971	1	1	1699470.903139	43971	1699470.903139	57492.926701
87959	87958	43979	1	1	1699793.583833	43979	1699793.583833	73030.634490
87991	87990	43995	1	1	1700505.463819	43995	1700505.463819	57504.592552
88003	88002	44001	1	1	1700758.181431	44001	1700758.181431	57542.985390
88007	88006	44003	1	1	1700849.968820	44003	1700849.968820	65350.962518
88019	88018	44009	1	1	1701087.851556	44009	1701087.851556	60996.356914
88079	88078	44039	1	1	1702355.847662	44039	1702355.847662	98081.214584
88211	88210	44105	1	1	1705181.803803	44105	1705181.803803	61131.944720
88223	88222	44111	1	1	1705448.394040	44111	1705448.394040	65491.327265
88259	88258	44129	1	1	1706218.936562	44129	1706218.936562	61149.948777
88327	88326	44163	1	1	1707675.810449	44163	1707675.810449	57754.807788
88339	88338	44169	1	1	1707950.992862	44169	1707950.992862	57774.263224
88379	88378	44189	1	1	1708777.687714	44189	1708777.687714	61248.665815
88411	88410	44205	1	1	1709448.834316	44205	1709448.834316	57806.554630
88423	88422	44211	1	1	1709709.771018	44211	1709709.771018	57807.323524
88427	88426	44213	1	1	1709808.065975	44213	1709808.065975	61288.117960
88463	88462	44231	1	1	1710548.644107	44231	1710548.644107	65676.991541
88471	88470	44235	1	1	1710749.188860	44235	1710749.188860	57849.857351
88499	88498	44249	1	1	1711338.201392	44249	1711338.201392	61320.775988
88523	88522	44261	1	1	1711858.479784	44261	1711858.479784	61362.718698
88547	88546	44273	1	1	1712375.769191	44273	1712375.769191	61373.643651
88591	88590	44295	1	1	1713293.616428	44295	1713293.616428	57930.142072
88607	88606	44303	1	1	1713643.357011	44303	1713643.357011	65801.137330
88643	88642	44321	1	1	1714426.367103	44321	1714426.367103	61458.070649
88651	88650	44325	1	1	1714585.864595	44325	1714585.864595	57984.424571
88663	88662	44331	1	1	1714850.708697	44331	1714850.708697	57975.321717
88667	88666	44333	1	1	1714933.414636	44333	1714933.414636	61461.173382
88747	88746	44373	1	1	1716654.761270	44373	1716654.761270	58046.283221
88771	88770	44385	1	1	1717146.617332	44385	1717146.617332	58031.200965
88799	88798	44399	1	1	1717751.104113	44399	1717751.104113	73729.287022
88807	88806	44403	1	1	1717920.128429	44403	1717920.128429	58058.777023
88811	88810	44405	1	1	1717969.387041	44405	1717969.387041	61528.623577
88819	88818	44409	1	1	1718160.366321	44409	1718160.366321	58074.133585
88843	88842	44421	1	1	1718673.778468	44421	1718673.778468	58088.561007
88867	88866	44433	1	1	1719188.554375	44433	1719188.554375	58107.718786
88883	88882	44441	1	1	1719546.949809	44441	1719546.949809	61617.405145
88903	88902	44451	1	1	1719973.957133	44451	1719973.957133	58140.808836
88919	88918	44459	1	1	1720265.998702	44459	1720265.998702	99022.013997
88951	88950	44475	1	1	1720990.837505	44475	1720990.837505	58156.500622
89003	89002	44501	1	1	1722079.174042	44501	1722079.174042	61687.479660
89051	89050	44525	1	1	1723082.694633	44525	1723082.694633	61722.427922
89071	89070	44535	1	1	1723565.578427	44535	1723565.578427	58248.017857
89083	89082	44541	1	1	1723794.466937	44541	1723794.466937	58229.773575
89087	89086	44543	1	1	1723888.018744	44543	1723888.018744	66147.195649
89107	89106	44553	1	1	1724317.006908	44553	1724317.006908	58250.175852
89119	89118	44559	1	1	1724579.668286	44559	1724579.668286	58276.438190
89123	89122	44561	1	1	1724624.890775	44561	1724624.890775	61768.469605
89203	89202	44601	1	1	1726356.515118	44601	1726356.515118	58316.059830
89227	89226	44613	1	1	1726879.860667	44613	1726879.860667	58341.404969
89231	89230	44615	1	1	1726959.774856	44615	1726959.774856	74070.645824
89303	89302	44651	1	1	1728514.815640	44651	1728514.815640	66323.191885
89363	89362	44681	1	1	1729772.834161	44681	1729772.834161	61914.052139
89371	89370	44685	1	1	1729938.008281	44685	1729938.008281	58394.328249
89387	89386	44693	1	1	1730284.488882	44693	1730284.488882	61941.714466
89399	89398	44699	1	1	1730525.680777	44699	1730525.680777	74225.670326
89431	89430	44715	1	1	1731238.085618	44715	1731238.085618	58432.633633
89443	89442	44721	1	1	1731490.354395	44721	1731490.354395	58441.663055
89459	89458	44729	1	1	1731836.683000	44729	1731836.683000	62011.322622
89491	89490	44745	1	1	1732511.996394	44745	1732511.996394	58514.885084
89519	89518	44759	1	1	1733120.851816	44759	1733120.851816	85064.955532
89527	89526	44763	1	1	1733281.293347	44763	1733281.293347	58525.731458
89563	89562	44781	1	1	1734049.266177	44781	1734049.266177	58556.767527
89567	89566	44783	1	1	1734154.273074	44783	1734154.273074	66516.728158
89591	89590	44795	1	1	1734642.339554	44795	1734642.339554	88844.455615
89599	89598	44799	1	1	1734827.217273	44799	1734827.217273	58586.490308
89603	89602	44801	1	1	1734910.721227	44801	1734910.721227	62104.803943
89611	89610	44805	1	1	1735072.889113	44805	1735072.889113	58585.722520
89627	89626	44813	1	1	1735416.693281	44813	1735416.693281	62108.614739
89659	89658	44829	1	1	1736119.652228	44829	1736119.652228	58644.699801
89671	89670	44835	1	1	1736367.840815	44835	1736367.840815	58640.505917
89759	89758	44879	1	1	1738229.959203	44879	1738229.959203	88995.583434
89767	89766	44883	1	1	1738424.941473	44883	1738424.941473	58723.630882
89779	89778	44889	1	1	1738676.215310	44889	1738676.215310	58705.893087
89783	89782	44891	1	1	1738768.601525	44891	1738768.601525	66656.132570
89819	89818	44909	1	1	1739545.368099	44909	1739545.368099	62242.805428
89839	89838	44919	1	1	1739943.107678	44919	1739943.107678	58739.031335
89867	89866	44933	1	1	1740549.280387	44933	1740549.280387	62294.527893
89891	89890	44945	1	1	1741063.836315	44945	1741063.836315	62301.450339
89899	89898	44949	1	1	1741240.513868	44949	1741240.513868	58762.307745
89923	89922	44961	1	1	1741744.644611	44961	1741744.644611	58778.959461
89939	89938	44969	1	1	1742096.087089	44969	1742096.087089	62334.567828
89959	89958	44979	1	1	1742528.080974	44979	1742528.080974	58846.341785
89963	89962	44981	1	1	1742607.307906	44981	1742607.307906	62357.222486
89983	89982	44991	1	1	1743010.852289	44991	1743010.852289	58823.078064
90011	90010	45005	1	1	1743597.646723	45005	1743597.646723	62366.753475
90007	90006	45003	1	1	1743557.022965	45003	1743557.022965	58860.397310
90019	90018	45009	1	1	1743810.100997	45009	1743810.100997	58837.295255
90023	90022	45011	1	1	1743887.334469	45011	1743887.334469	66839.932590
90031	90030	45015	1	1	1744045.763430	45015	1744045.763430	58863.368170
90059	90058	45029	1	1	1744655.746492	45029	1744655.746492	62409.192808
90067	90066	45033	1	1	1744825.644792	45033	1744825.644792	58869.243053
90071	90070	45035	1	1	1744899.905226	45035	1744899.905226	74772.828551
90107	90106	45053	1	1	1745668.703274	45053	1745668.703274	62438.288968
90127	90126	45063	1	1	1746094.332452	45063	1746094.332452	58923.951992
90163	90162	45081	1	1	1746870.268604	45081	1746870.268604	58952.656964
90187	90186	45093	1	1	1747381.394629	45093	1747381.394629	58966.943900
90191	90190	45095	1	1	1747480.437586	45095	1747480.437586	94966.990670
90199	90198	45099	1	1	1747662.921309	45099	1747662.921309	58951.007774
90203	90202	45101	1	1	1747743.291986	45101	1747743.291986	62531.200715
90227	90226	45113	1	1	1748253.164031	45113	1748253.164031	62553.195638
90239	90238	45119	1	1	1748502.502675	45119	1748502.502675	74922.882984
90247	90246	45123	1	1	1748649.877427	45123	1748649.877427	58983.298385
90263	90262	45131	1	1	1749010.099218	45131	1749010.099218	67025.513209
90271	90270	45135	1	1	1749216.984762	45135	1749216.984762	59055.176391
90359	90358	45179	1	1	1751070.776917	45179	1751070.776917	85853.866293
90371	90370	45185	1	1	1751333.312691	45185	1751333.312691	62615.500859
90379	90378	45189	1	1	1751504.838785	45189	1751504.838785	59102.600775
90403	90402	45201	1	1	1752006.455155	45201	1752006.455155	59114.105668
90407	90406	45203	1	1	1752098.123111	45203	1752098.123111	67132.386942
90439	90438	45219	1	1	1752773.886395	45219	1752773.886395	59105.663356
90499	90498	45249	1	1	1754052.988732	45249	1754052.988732	59163.672457
90511	90510	45255	1	1	1754311.525459	45255	1754311.525459	59179.005892
90523	90522	45261	1	1	1754549.065701	45261	1754549.065701	59180.459960
90527	90526	45263	1	1	1754684.159126	45263	1754684.159126	67245.382708
90547	90546	45273	1	1	1755092.727035	45273	1755092.727035	59203.045910
90599	90598	45299	1	1	1756188.805831	45299	1756188.805831	86105.820427
90583	90582	45291	1	1	1755845.229061	45291	1755845.229061	59230.799066
90619	90618	45309	1	1	1756631.681574	45309	1756631.681574	59215.896029
90631	90630	45315	1	1	1756867.152805	45315	1756867.152805	59254.419968
90647	90646	45323	1	1	1757212.884948	45323	1757212.884948	67303.083681
90659	90658	45329	1	1	1757495.505760	45329	1757495.505760	62852.286013
90679	90678	45339	1	1	1757900.836149	45339	1757900.836149	59267.770030
90703	90702	45351	1	1	1758412.650936	45351	1758412.650936	59290.928026
90731	90730	45365	1	1	1759026.820264	45365	1759026.820264	62879.329294
90787	90786	45393	1	1	1760195.268454	45393	1760195.268454	59367.029839
90803	90802	45401	1	1	1760556.323928	45401	1760556.323928	62945.064887
90823	90822	45411	1	1	1760996.179297	45411	1760996.179297	59397.435358
90847	90846	45423	1	1	1761518.046894	45423	1761518.046894	59421.652088
90863	90862	45431	1	1	1761844.946337	45431	1761844.946337	67449.651125
90887	90886	45443	1	1	1762365.873671	45443	1762365.873671	67489.296610
90907	90906	45453	1	1	1762797.549897	45453	1762797.549897	59463.937899
90911	90910	45455	1	1	1762866.268786	45455	1762866.268786	75478.262572
90947	90946	45473	1	1	1763636.545820	45473	1763636.545820	63015.477636
90931	90930	45465	1	1	1763297.546915	45465	1763297.546915	59449.043813
90971	90970	45485	1	1	1764119.710673	45485	1764119.710673	63047.371704
91019	91018	45509	1	1	1765174.785120	45509	1765174.785120	63073.876688
91079	91078	45539	1	1	1766433.261881	45539	1766433.261881	75617.789279
91099	91098	45549	1	1	1766891.512122	45549	1766891.512122	59513.362426
91127	91126	45563	1	1	1767495.168003	45563	1767495.168003	67599.490628
91139	91138	45569	1	1	1767718.145374	45569	1767718.145374	63129.943013
91151	91150	45575	1	1	1767998.537126	45575	1767998.537126	75653.541809
91159	91158	45579	1	1	1768183.696480	45579	1768183.696480	59566.649241
91163	91162	45581	1	1	1768270.818303	45581	1768270.818303	63203.078939
91183	91182	45591	1	1	1768692.842828	45591	1768692.842828	59624.869891
91199	91198	45599	1	1	1769030.086664	45599	1769030.086664	86662.085244
91243	91242	45621	1	1	1769986.719015	45621	1769986.719015	59648.615252
91283	91282	45641	1	1	1770828.806564	45641	1770828.806564	63268.674847
91291	91290	45645	1	1	1770991.567780	45645	1770991.567780	59701.506323
91303	91302	45651	1	1	1771244.548502	45651	1771244.548502	59676.479728
91331	91330	45665	1	1	1771849.938925	45665	1771849.938925	63294.940435
91367	91366	45683	1	1	1772642.331890	45683	1772642.331890	67837.286180
91411	91410	45705	1	1	1773604.421704	45705	1773604.421704	59797.269876
91387	91386	45693	1	1	1773067.733422	45693	1773067.733422	59781.230172
91423	91422	45711	1	1	1773836.695279	45711	1773836.695279	59781.902912
91459	91458	45729	1	1	1774592.135522	45729	1774592.135522	59795.106594
91463	91462	45731	1	1	1774665.316558	45731	1774665.316558	67911.724624
91499	91498	45749	1	1	1775431.715987	45749	1775431.715987	63424.163462
91571	91570	45785	1	1	1776995.763946	45785	1776995.763946	63450.740381
91583	91582	45791	1	1	1777226.620862	45791	1777226.620862	67996.873337
91591	91590	45795	1	1	1777409.831040	45795	1777409.831040	59869.567758
91631	91630	45815	1	1	1778246.086101	45815	1778246.086101	76059.485511
91639	91638	45819	1	1	1778466.818390	45819	1778466.818390	59941.326417
91691	91690	45845	1	1	1779543.814799	45845	1779543.814799	63540.256129
91703	91702	45851	1	1	1779832.899077	45851	1779832.899077	68090.944446
91711	91710	45855	1	1	1779986.350254	45855	1779986.350254	59938.427887
91771	91770	45885	1	1	1781277.356874	45885	1781277.356874	60001.386884
91807	91806	45903	1	1	1782028.193384	45903	1782028.193384	60024.608314
91811	91810	45905	1	1	1782146.034836	45905	1782146.034836	63629.983658
91823	91822	45911	1	1	1782389.711632	45911	1782389.711632	68164.703397
91867	91866	45933	1	1	1783317.710081	45933	1783317.710081	60063.576394
91939	91938	45969	1	1	1784889.919235	45969	1784889.919235	60115.004503
91943	91942	45971	1	1	1784960.026366	45971	1784960.026366	68269.189774
91951	91950	45975	1	1	1785131.818034	45975	1785131.818034	60125.528575
91967	91966	45983	1	1	1785497.031568	45983	1785497.031568	68245.774803
92003	92002	46001	1	1	1786220.045952	46001	1786220.045952	63757.401447
92051	92050	46025	1	1	1787264.003510	46025	1787264.003510	63788.966875
92083	92082	46041	1	1	1787954.803078	46041	1787954.803078	60204.438172
92107	92106	46053	1	1	1788465.902241	46053	1788465.902241	60228.038652
92111	92110	46055	1	1	1788552.404231	46055	1788552.404231	91349.101099
92119	92118	46059	1	1	1788734.403664	46059	1788734.403664	60224.256811
92143	92142	46071	1	1	1789228.875841	46071	1789228.875841	60240.892363
92179	92178	46089	1	1	1790015.709440	46089	1790015.709440	60285.947342
92203	92202	46101	1	1	1790531.909698	46101	1790531.909698	60234.618053
92219	92218	46109	1	1	1790862.893815	46109	1790862.893815	63895.779490
92227	92226	46113	1	1	1791034.904087	46113	1791034.904087	60292.438915
92243	92242	46121	1	1	1791360.944488	46121	1791360.944488	63939.755746
92251	92250	46125	1	1	1791544.854937	46125	1791544.854937	60308.430346
92311	92310	46155	1	1	1792843.505965	46155	1792843.505965	60359.814681
92347	92346	46173	1	1	1793637.318424	46173	1793637.318424	60413.385609
92363	92362	46181	1	1	1793920.463439	46181	1793920.463439	64020.472232
92383	92382	46191	1	1	1794380.899274	46191	1794380.899274	60410.084357
92387	92386	46193	1	1	1794469.457085	46193	1794469.457085	64010.858099
92399	92398	46199	1	1	1794719.727444	46199	1794719.727444	91627.772615
92419	92418	46209	1	1	1795179.521949	46209	1795179.521949	60425.332148
92431	92430	46215	1	1	1795410.512972	46215	1795410.512972	60430.499347
92459	92458	46229	1	1	1796015.852107	46229	1796015.852107	64070.439089
92467	92466	46233	1	1	1796166.909510	46233	1796166.909510	60453.068849
92479	92478	46239	1	1	1796449.824504	46239	1796449.824504	60480.243261
92503	92502	46251	1	1	1796958.401382	46251	1796958.401382	60484.755319
92507	92506	46253	1	1	1797041.999802	46253	1797041.999802	64120.055188
92551	92550	46275	1	1	1797977.282344	46275	1797977.282344	60503.763268
92567	92566	46283	1	1	1798343.213351	46283	1798343.213351	68733.278013
92623	92622	46311	1	1	1799515.547410	46311	1799515.547410	60557.147085
92627	92626	46313	1	1	1799618.459757	46313	1799618.459757	64195.595967
92639	92638	46319	1	1	1799879.896589	46319	1799879.896589	76923.840430
92647	92646	46323	1	1	1800033.757703	46323	1800033.757703	60575.711491
92671	92670	46335	1	1	1800541.484032	46335	1800541.484032	60556.805035
92683	92682	46341	1	1	1800807.560076	46341	1800807.560076	60585.068726
92699	92698	46349	1	1	1801139.200533	46349	1801139.200533	64245.901499
92707	92706	46353	1	1	1801318.285297	46353	1801318.285297	60621.843266
92723	92722	46361	1	1	1801679.438287	46361	1801679.438287	64275.701190
92767	92766	46383	1	1	1802629.576619	46383	1802629.576619	60688.755127
92779	92778	46389	1	1	1802876.459414	46389	1802876.459414	60685.463522
92791	92790	46395	1	1	1803133.766437	46395	1803133.766437	60651.331512
92831	92830	46415	1	1	1803983.639612	46415	1803983.639612	77077.946014
92863	92862	46431	1	1	1804654.316418	46431	1804654.316418	60683.372511
92867	92866	46433	1	1	1804763.448468	46433	1804763.448468	64358.063352
92899	92898	46449	1	1	1805466.420935	46449	1805466.420935	60734.673468
92927	92926	46463	1	1	1806036.159608	46463	1806036.159608	68939.889166
92951	92950	46475	1	1	1806521.136628	46475	1806521.136628	88325.518045
92959	92958	46479	1	1	1806739.339912	46479	1806739.339912	60811.935432
92987	92986	46493	1	1	1807335.765721	46493	1807335.765721	64457.511686
93047	93046	46523	1	1	1808607.807729	46523	1808607.807729	69080.486004
93059	93058	46529	1	1	1808841.915605	46529	1808841.915605	64474.846338
93083	93082	46541	1	1	1809372.329587	46541	1809372.329587	64518.780460
93103	93102	46551	1	1	1809808.137035	46551	1809808.137035	60875.606405
93131	93130	46565	1	1	1810418.441931	46565	1810418.441931	64532.293251
93139	93138	46569	1	1	1810589.297245	46569	1810589.297245	60892.056993
93151	93150	46575	1	1	1810872.491721	46575	1810872.491721	60927.845052
93179	93178	46589	1	1	1811447.736042	46589	1811447.736042	64590.989640
93187	93186	46593	1	1	1811596.778153	46593	1811596.778153	60899.326852
93199	93198	46599	1	1	1811876.877193	46599	1811876.877193	60965.124024
93239	93238	46619	1	1	1812707.686341	46619	1812707.686341	88601.428559
93251	93250	46625	1	1	1813002.595584	46625	1813002.595584	64614.164998
93263	93262	46631	1	1	1813248.920918	46631	1813248.920918	69243.207522
93283	93282	46641	1	1	1813676.538327	46641	1813676.538327	60953.442305
93287	93286	46643	1	1	1813756.590241	46643	1813756.590241	69260.671403
93307	93306	46653	1	1	1814177.070429	46653	1814177.070429	61008.261149
93319	93318	46659	1	1	1814449.416416	46659	1814449.416416	60984.091680
93323	93322	46661	1	1	1814510.065052	46661	1814510.065052	64694.116132
93371	93370	46685	1	1	1815511.266253	46685	1815511.266253	64694.418871
93383	93382	46691	1	1	1815818.802799	46691	1815818.802799	69346.583770
93407	93406	46703	1	1	1816343.640977	46703	1816343.640977	69294.771190
93419	93418	46709	1	1	1816589.628161	46709	1816589.628161	64752.539518
93427	93426	46713	1	1	1816764.909569	46713	1816764.909569	61084.266003
93463	93462	46731	1	1	1817529.864422	46731	1817529.864422	61108.860841
93479	93478	46739	1	1	1817843.916143	46739	1817843.916143	77613.462140
93487	93486	46743	1	1	1818043.976115	46743	1818043.976115	61116.836849
93491	93490	46745	1	1	1818154.860991	46745	1818154.860991	64769.270050
93503	93502	46751	1	1	1818382.695295	46751	1818382.695295	69424.134217
93523	93522	46761	1	1	1818812.322572	46761	1818812.322572	61144.020870
93559	93558	46779	1	1	1819581.639947	46779	1819581.639947	61167.293452
93563	93562	46781	1	1	1819653.389324	46781	1819653.389324	64853.156793
93607	93606	46803	1	1	1820623.165859	46803	1820623.165859	61183.743805
93683	93682	46841	1	1	1822228.452972	46841	1822228.452972	64935.320496
93703	93702	46851	1	1	1822673.916485	46851	1822673.916485	61253.811213
93719	93718	46859	1	1	1823030.541148	46859	1823030.541148	92935.606940
93739	93738	46869	1	1	1823473.335407	46869	1823473.335407	61315.073931
93763	93762	46881	1	1	1823973.577828	46881	1823973.577828	61319.194647
93787	93786	46893	1	1	1824499.777708	46893	1824499.777708	61354.493957
93811	93810	46905	1	1	1825003.034461	46905	1825003.034461	61334.488070
93827	93826	46913	1	1	1825316.597741	46913	1825316.597741	65005.376450
93851	93850	46925	1	1	1825848.377174	46925	1825848.377174	65045.988414
93871	93870	46935	1	1	1826277.559560	46935	1826277.559560	61337.540746
93887	93886	46943	1	1	1826633.167735	46943	1826633.167735	69696.199752
93911	93910	46955	1	1	1827131.432698	46955	1827131.432698	89247.986911
93923	93922	46961	1	1	1827399.771398	46961	1827399.771398	65100.069919
93967	93966	46983	1	1	1828350.757878	46983	1828350.757878	61445.755339
93971	93970	46985	1	1	1828422.592203	46985	1828422.592203	65126.795102
93979	93978	46989	1	1	1828596.471029	46989	1828596.471029	61410.456146
93983	93982	46991	1	1	1828714.925870	46991	1828714.925870	69785.368015
94007	94006	47003	1	1	1829212.277834	47003	1829212.277834	69809.003113
94063	94062	47031	1	1	1830419.266395	47031	1830419.266395	61513.585979
94079	94078	47039	1	1	1830718.790056	47039	1830718.790056	93266.555286
94099	94098	47049	1	1	1831213.454784	47049	1831213.454784	61557.043400
94111	94110	47055	1	1	1831423.117629	47055	1831423.117629	61525.489794
94151	94150	47075	1	1	1832285.868738	47075	1832285.868738	78156.806166
94207	94206	47103	1	1	1833502.435956	47103	1833502.435956	61581.653429
94219	94218	47109	1	1	1833784.782461	47109	1833784.782461	61635.920717
94291	94290	47145	1	1	1835293.915973	47145	1835293.915973	61612.687065
94307	94306	47153	1	1	1835646.097163	47153	1835646.097163	65333.946388
94327	94326	47163	1	1	1836092.341373	47163	1836092.341373	61689.695643
94331	94330	47165	1	1	1836152.837547	47165	1836152.837547	65371.241781
94343	94342	47171	1	1	1836417.382952	47171	1836417.382952	70072.015368
94351	94350	47175	1	1	1836593.596774	47175	1836593.596774	61709.277877
94379	94378	47189	1	1	1837188.692666	47189	1837188.692666	65414.059046
94399	94398	47199	1	1	1837630.247456	47199	1837630.247456	61720.945560
94427	94426	47213	1	1	1838213.324088	47213	1838213.324088	65444.333514
94439	94438	47219	1	1	1838480.050210	47219	1838480.050210	78420.447712
94447	94446	47223	1	1	1838648.174976	47223	1838648.174976	61760.598294
94463	94462	47231	1	1	1838974.537186	47231	1838974.537186	70129.037709
94483	94482	47241	1	1	1839425.265723	47241	1839425.265723	61749.624013
94531	94530	47265	1	1	1840474.680407	47265	1840474.680407	61828.364336
94543	94542	47271	1	1	1840704.300665	47271	1840704.300665	61784.646491
94547	94546	47273	1	1	1840786.583698	47273	1840786.583698	65531.204585
94559	94558	47279	1	1	1841062.162134	47279	1841062.162134	89849.675647
94583	94582	47291	1	1	1841551.068982	47291	1841551.068982	70227.121573
94603	94602	47301	1	1	1841985.022113	47301	1841985.022113	61860.490599
94651	94650	47325	1	1	1843017.991636	47325	1843017.991636	61890.395785
94687	94686	47343	1	1	1843806.053258	47343	1843806.053258	61894.118708
94723	94722	47361	1	1	1844568.838326	47361	1844568.838326	61905.712425
94727	94726	47363	1	1	1844644.047194	47363	1844644.047194	70331.425724
94747	94746	47373	1	1	1845122.865284	47373	1845122.865284	61983.311601
94771	94770	47385	1	1	1845585.026962	47385	1845585.026962	61960.460313
94811	94810	47405	1	1	1846459.060040	47405	1846459.060040	65705.889327
94819	94818	47409	1	1	1846633.797071	47409	1846633.797071	62010.465425
94823	94822	47411	1	1	1846718.199618	47411	1846718.199618	70383.746455
94847	94846	47423	1	1	1847255.931328	47423	1847255.931328	70446.275926
94903	94902	47451	1	1	1848443.549159	47451	1848443.549159	62066.132020
94907	94906	47453	1	1	1848529.940788	47453	1848529.940788	65776.256691
94951	94950	47475	1	1	1849494.770669	47475	1849494.770669	62106.976079
94999	94998	47499	1	1	1850508.675392	47499	1850508.675392	62133.997610
95003	95002	47501	1	1	1850593.788865	47501	1850593.788865	65853.060231
95027	95026	47513	1	1	1851112.026914	47513	1851112.026914	65880.483764
95063	95062	47531	1	1	1851876.207814	47531	1851876.207814	70593.226056
95071	95070	47535	1	1	1852059.780505	47535	1852059.780505	62171.773195
95083	95082	47541	1	1	1852298.021096	47541	1852298.021096	62151.844607
95087	95086	47543	1	1	1852402.676558	47543	1852402.676558	70608.661942
95107	95106	47553	1	1	1852826.923666	47553	1852826.923666	62196.856969
95111	95110	47555	1	1	1852903.128843	47555	1852903.128843	78976.800458
95131	95130	47565	1	1	1853353.822177	47565	1853353.822177	62190.091895
95143	95142	47571	1	1	1853583.716118	47571	1853583.716118	62209.019345
95191	95190	47595	1	1	1854614.588652	47595	1854614.588652	62243.603501
95203	95202	47601	1	1	1854888.335331	47601	1854888.335331	62237.079226
95219	95218	47609	1	1	1855232.549354	47609	1855232.549354	65996.883719
95231	95230	47615	1	1	1855471.806429	47615	1855471.806429	90459.642413
95239	95238	47619	1	1	1855652.864059	47619	1855652.864059	62240.057780
95267	95266	47633	1	1	1856266.081857	47633	1856266.081857	66035.482961
95279	95278	47639	1	1	1856527.821469	47639	1856527.821469	79116.549795
95287	95286	47643	1	1	1856722.514021	47643	1856722.514021	62322.770012
95311	95310	47655	1	1	1857186.381406	47655	1857186.381406	62288.574550
95327	95326	47663	1	1	1857539.464947	47663	1857539.464947	70782.105884
95339	95338	47669	1	1	1857800.656071	47669	1857800.656071	66071.811039
95383	95382	47691	1	1	1858733.424263	47691	1858733.424263	62327.619235
95443	95442	47721	1	1	1860035.283746	47721	1860035.283746	62366.536708
95419	95418	47709	1	1	1859546.688160	47709	1859546.688160	62410.615350
95467	95466	47733	1	1	1860551.574768	47733	1860551.574768	62425.664715
95471	95470	47735	1	1	1860635.617971	47735	1860635.617971	110182.538970
95479	95478	47739	1	1	1860802.699282	47739	1860802.699282	62434.932458
95483	95482	47741	1	1	1860905.787554	47741	1860905.787554	66185.349450
95507	95506	47753	1	1	1861422.189486	47753	1861422.189486	66194.193056
95527	95526	47763	1	1	1861852.850896	47763	1861852.850896	62465.962505
95531	95530	47765	1	1	1861929.516193	47765	1861929.516193	66215.739717
95539	95538	47769	1	1	1862092.320458	47769	1862092.320458	62466.805714
95603	95602	47801	1	1	1863469.496710	47801	1863469.496710	66257.437586
95651	95650	47825	1	1	1864503.599536	47825	1864503.599536	66282.064192
95707	95706	47853	1	1	1865733.798445	47853	1865733.798445	62593.473047
95723	95722	47861	1	1	1866029.571309	47861	1866029.571309	66343.480315
95731	95730	47865	1	1	1866250.670492	47865	1866250.670492	62622.531408
95747	95746	47873	1	1	1866570.096365	47873	1866570.096365	66359.976042
95783	95782	47891	1	1	1867337.425364	47891	1867337.425364	71106.753576
95791	95790	47895	1	1	1867516.447801	47895	1867516.447801	62627.838350
95803	95802	47901	1	1	1867772.964154	47901	1867772.964154	62649.639027
95819	95818	47909	1	1	1868120.615947	47909	1868120.615947	66410.315103
95891	95890	47945	1	1	1869647.469632	47945	1869647.469632	66459.522884
95911	95910	47955	1	1	1870108.601010	47955	1870108.601010	62712.787307
95923	95922	47961	1	1	1870345.343793	47961	1870345.343793	62681.179981
95959	95958	47979	1	1	1871129.933119	47979	1871129.933119	62756.875206
95947	95946	47973	1	1	1870868.290741	47973	1870868.290741	62717.141767
95971	95970	47985	1	1	1871385.732232	47985	1871385.732232	62748.562240
95987	95986	47993	1	1	1871745.653055	47993	1871745.653055	66501.496670
96043	96042	48021	1	1	1872933.249151	48021	1872933.249151	62806.951256
96059	96058	48029	1	1	1873286.648352	48029	1873286.648352	66575.117910
96079	96078	48039	1	1	1873710.134356	48039	1873710.134356	62811.116868
96167	96166	48083	1	1	1875597.929336	48083	1875597.929336	71389.135294
96179	96178	48089	1	1	1875871.150009	48089	1875871.150009	66644.604859
96199	96198	48099	1	1	1876306.679097	48099	1876306.679097	62914.199092
96211	96210	48105	1	1	1876557.520919	48105	1876557.520919	62910.408278
96223	96222	48111	1	1	1876806.278969	48111	1876806.278969	62913.432758
96259	96258	48129	1	1	1877585.783343	48129	1877585.783343	62933.731743
96263	96262	48131	1	1	1877668.723972	48131	1877668.723972	71466.233285
96323	96322	48161	1	1	1878966.679277	48161	1878966.679277	66776.180641
96331	96330	48165	1	1	1879127.035123	48165	1879127.035123	62985.394439
96419	96418	48209	1	1	1881031.203401	48209	1881031.203401	66822.628689
96431	96430	48215	1	1	1881276.973997	48215	1881276.973997	91635.864786
96443	96442	48221	1	1	1881513.313610	48221	1881513.313610	66855.079548
96451	96450	48225	1	1	1881711.462106	48225	1881711.462106	63036.521103
96479	96478	48239	1	1	1882316.267790	48239	1882316.267790	91682.887137
96487	96486	48243	1	1	1882459.897263	48243	1882459.897263	63068.466435
96527	96526	48263	1	1	1883351.816933	48263	1883351.816933	71620.914161
96587	96586	48293	1	1	1884629.373465	48293	1884629.373465	66910.011380
96643	96642	48321	1	1	1885837.195775	48321	1885837.195775	63191.225272
96667	96666	48333	1	1	1886361.714728	48333	1886361.714728	63201.661115
96671	96670	48335	1	1	1886449.988708	48335	1886449.988708	80261.178915
96703	96702	48351	1	1	1887115.497548	48351	1887115.497548	63220.141515
96731	96730	48365	1	1	1887711.121717	48365	1887711.121717	67048.875817
96739	96738	48369	1	1	1887901.610451	48369	1887901.610451	63250.933265
96763	96762	48381	1	1	1888438.627440	48381	1888438.627440	63278.967546
96779	96778	48389	1	1	1888751.928277	48389	1888751.928277	67086.289154
96787	96786	48393	1	1	1888968.418749	48393	1888968.418749	63291.511069
96799	96798	48399	1	1	1889206.774695	48399	1889206.774695	63296.800606
96823	96822	48411	1	1	1889704.895779	48411	1889704.895779	63301.181359
96827	96826	48413	1	1	1889807.232091	48413	1889807.232091	67124.326881
96847	96846	48423	1	1	1890227.640029	48423	1890227.640029	63322.196939
96851	96850	48425	1	1	1890306.696956	48425	1890306.696956	67135.892421
96907	96906	48453	1	1	1891527.447719	48453	1891527.447719	63374.732261
96911	96910	48455	1	1	1891618.528616	48455	1891618.528616	92092.556094
96931	96930	48465	1	1	1892050.787872	48465	1892050.787872	63352.611228
96959	96958	48479	1	1	1892650.773732	48479	1892650.773732	80517.589356
96979	96978	48489	1	1	1893080.328700	48489	1893080.328700	63433.842927
97003	97002	48501	1	1	1893587.574311	48501	1893587.574311	63430.066262
97007	97006	48503	1	1	1893662.888946	48503	1893662.888946	71972.085045
97039	97038	48519	1	1	1894363.293564	48519	1894363.293564	63413.509880
97103	97102	48551	1	1	1895742.909094	48551	1895742.909094	72102.081809
97127	97126	48563	1	1	1896254.364166	48563	1896254.364166	72067.495831
97151	97150	48575	1	1	1896755.966438	48575	1896755.966438	96291.524428
97159	97158	48579	1	1	1896935.735800	48579	1896935.735800	63526.975925
97171	97170	48585	1	1	1897200.163333	48585	1897200.163333	63495.140888
97187	97186	48593	1	1	1897543.917607	48593	1897543.917607	67347.497982
97231	97230	48615	1	1	1898478.326615	48615	1898478.326615	63569.685257
97259	97258	48629	1	1	1899098.437586	48629	1899098.437586	67399.144049
97283	97282	48641	1	1	1899615.115576	48641	1899615.115576	67441.863374
97303	97302	48651	1	1	1900035.080940	48651	1900035.080940	63602.838933
97327	97326	48663	1	1	1900576.444890	48663	1900576.444890	63657.899420
97367	97366	48683	1	1	1901420.800605	48683	1901420.800605	72301.090083
97379	97378	48689	1	1	1901679.607354	48689	1901679.607354	67479.390565
97387	97386	48693	1	1	1901847.468493	48693	1901847.468493	63673.310871
97423	97422	48711	1	1	1902628.860005	48711	1902628.860005	63699.694173
97459	97458	48729	1	1	1903421.380488	48729	1903421.380488	63745.748233
97463	97462	48731	1	1	1903492.706192	48731	1903492.706192	72376.757115
97499	97498	48749	1	1	1904277.824578	48749	1904277.824578	67548.900703
97511	97510	48755	1	1	1904524.441572	48755	1904524.441572	80969.114886
97547	97546	48773	1	1	1905283.793546	48773	1905283.793546	67588.240126
97523	97522	48761	1	1	1904751.176331	48761	1904751.176331	67587.749288
97571	97570	48785	1	1	1905813.555019	48785	1905813.555019	67634.901288
97579	97578	48789	1	1	1906019.852915	48789	1906019.852915	63788.370891
97583	97582	48791	1	1	1906069.117117	48791	1906069.117117	72454.408945
97607	97606	48803	1	1	1906580.942217	48803	1906580.942217	72414.951001
97651	97650	48825	1	1	1907535.422385	48825	1907535.422385	63812.042714
97687	97686	48843	1	1	1908309.029590	48843	1908309.029590	63874.037919
97711	97710	48855	1	1	1908836.180379	48855	1908836.180379	63864.800419
97771	97770	48885	1	1	1910133.575384	48885	1910133.575384	63944.244316
97843	97842	48921	1	1	1911672.978470	48921	1911672.978470	63995.990934
97787	97786	48893	1	1	1910447.449503	48893	1910447.449503	67736.488154
97847	97846	48923	1	1	1911763.018365	48923	1911763.018365	72590.357080
97859	97858	48929	1	1	1912018.909810	48929	1912018.909810	67807.963183
97871	97870	48935	1	1	1912256.149370	48935	1912256.149370	81255.103866
97879	97878	48939	1	1	1912450.099257	48939	1912450.099257	63972.301713
97883	97882	48941	1	1	1912533.077990	48941	1912533.077990	67835.516440
97919	97918	48959	1	1	1913317.871467	48959	1913317.871467	109027.742108
97927	97926	48963	1	1	1913479.458440	48963	1913479.458440	64027.475365
97931	97930	48965	1	1	1913535.066841	48965	1913535.066841	67866.947937
97943	97942	48971	1	1	1913789.799096	48971	1913789.799096	72727.498404
97967	97966	48983	1	1	1914340.944140	48983	1914340.944140	72741.272030
97987	97986	48993	1	1	1914806.700088	48993	1914806.700088	64079.405263
98011	98010	49005	1	1	1915287.474445	49005	1915287.474445	64086.717417
98047	98046	49023	1	1	1916060.624981	49023	1916060.624981	64092.258284
98123	98122	49061	1	1	1917683.093943	49061	1917683.093943	68010.096123
98143	98142	49071	1	1	1918138.506506	49071	1918138.506506	64182.789750
98207	98206	49103	1	1	1919533.086615	49103	1919533.086615	72945.859774
98179	98178	49089	1	1	1918914.736305	49089	1918914.736305	64192.821048
98227	98226	49113	1	1	1919966.147791	49113	1919966.147791	64244.099509
98251	98250	49125	1	1	1920487.665004	49125	1920487.665004	64275.066700
98299	98298	49149	1	1	1921526.251530	49149	1921526.251530	64305.779987
98323	98322	49161	1	1	1922013.410603	49161	1922013.410603	64284.454138
98327	98326	49163	1	1	1922091.310594	49163	1922091.310594	72995.682164
98347	98346	49173	1	1	1922526.545737	49173	1922526.545737	64307.027036
98387	98386	49193	1	1	1923397.405516	49193	1923397.405516	68175.551591
98407	98406	49203	1	1	1923812.057050	49203	1923812.057050	64330.314906
98411	98410	49205	1	1	1923907.751213	49205	1923907.751213	68194.557002
98419	98418	49209	1	1	1924090.052208	49209	1924090.052208	64380.062540
98443	98442	49221	1	1	1924595.793711	49221	1924595.793711	64341.318881
98459	98458	49229	1	1	1924921.584222	49229	1924921.584222	68225.609485
98467	98466	49233	1	1	1925105.180943	49233	1925105.180943	64372.830074
98491	98490	49245	1	1	1925621.066903	49245	1925621.066903	64390.243676
98479	98478	49239	1	1	1925372.347586	49239	1925372.347586	64371.627937
98507	98506	49253	1	1	1925975.108084	49253	1925975.108084	68257.996747
98519	98518	49259	1	1	1926237.089377	49259	1926237.089377	81802.258687
98543	98542	49271	1	1	1926743.673521	49271	1926743.673521	73157.138621
98563	98562	49281	1	1	1927185.542137	49281	1927185.542137	64445.887565
98627	98626	49313	1	1	1928565.069725	49313	1928565.069725	68371.937203
98639	98638	49319	1	1	1928788.457466	49319	1928788.457466	81890.247817
98663	98662	49331	1	1	1929339.853356	49331	1929339.853356	73262.918503
98711	98710	49355	1	1	1930341.829207	49355	1930341.829207	81940.756836
98731	98730	49365	1	1	1930798.280054	49365	1930798.280054	64554.297092
98779	98778	49389	1	1	1931836.120158	49389	1931836.120158	64562.287458
98807	98806	49403	1	1	1932442.812679	49403	1932442.812679	73358.020465
98867	98866	49433	1	1	1933738.310550	49433	1933738.310550	68488.641773
98887	98886	49443	1	1	1934191.502647	49443	1934191.502647	64690.346104
98899	98898	49449	1	1	1934418.742458	49449	1934418.742458	64668.058852
98911	98910	49455	1	1	1934683.128710	49455	1934683.128710	64676.998183
98927	98926	49463	1	1	1935015.899878	49463	1935015.899878	73445.911643
98939	98938	49469	1	1	1935299.967908	49469	1935299.967908	68581.642413
98947	98946	49473	1	1	1935484.052369	49473	1935484.052369	64727.964741
98963	98962	49481	1	1	1935805.778316	49481	1935805.778316	68613.589275
98999	98998	49499	1	1	1936581.708322	49499	1936581.708322	106555.362091
99023	99022	49511	1	1	1937107.880971	49511	1937107.880971	73555.609849
99079	99078	49539	1	1	1938311.232868	49539	1938311.232868	64780.944002
99083	99082	49541	1	1	1938383.417834	49541	1938383.417834	68664.815469
99103	99102	49551	1	1	1938809.993159	49551	1938809.993159	64800.511365
99119	99118	49559	1	1	1939163.200193	49559	1939163.200193	94184.264384
99131	99130	49565	1	1	1939436.568134	49565	1939436.568134	68694.899040
99139	99138	49569	1	1	1939627.702988	49569	1939627.702988	64826.068379
99191	99190	49595	1	1	1940724.223058	49595	1940724.223058	82330.581481
99223	99222	49611	1	1	1941396.581587	49611	1941396.581587	64876.278843
99251	99250	49625	1	1	1941986.964966	49625	1941986.964966	68792.088734
99259	99258	49629	1	1	1942171.241516	49629	1942171.241516	64873.620723
99347	99346	49673	1	1	1944084.227263	49673	1944084.227263	68816.558263
99367	99366	49683	1	1	1944529.962857	49683	1944529.962857	64998.424336
99371	99370	49685	1	1	1944588.834611	49685	1944588.834611	68851.033663
99391	99390	49695	1	1	1945051.000752	49695	1945051.000752	64991.985358
99431	99430	49715	1	1	1945903.995616	49715	1945903.995616	98603.925624
99439	99438	49719	1	1	1946073.886356	49719	1946073.886356	64995.051474
99487	99486	49743	1	1	1947109.687713	49743	1947109.687713	65040.534566
99523	99522	49761	1	1	1947890.264871	49761	1947890.264871	65072.119533
99527	99526	49763	1	1	1947959.268813	49763	1947959.268813	73892.861756
99551	99550	49775	1	1	1948444.431795	49775	1948444.431795	82638.749007
99559	99558	49779	1	1	1948671.127086	49779	1948671.127086	65080.069496
99563	99562	49781	1	1	1948739.229033	49781	1948739.229033	68987.788505
99571	99570	49785	1	1	1948927.547552	49785	1948927.547552	65102.993673
99607	99606	49803	1	1	1949680.911980	49803	1949680.911980	65117.320635
99611	99610	49805	1	1	1949777.710823	49805	1949777.710823	69031.730434
99623	99622	49811	1	1	1950027.562499	49811	1950027.562499	73981.316723
99643	99642	49821	1	1	1950460.312579	49821	1950460.312579	65151.808062
99667	99666	49833	1	1	1950993.622882	49833	1950993.622882	65170.513792
99679	99678	49839	1	1	1951270.879178	49839	1951270.879178	65185.816358
99707	99706	49853	1	1	1951873.056187	49853	1951873.056187	69083.780972
99719	99718	49859	1	1	1952109.419261	49859	1952109.419261	82787.022559
99767	99766	49883	1	1	1953163.512011	49883	1953163.512011	74073.954357
99787	99786	49893	1	1	1953577.485922	49893	1953577.485922	65236.364392
99823	99822	49911	1	1	1954359.797941	49911	1954359.797941	65268.131636
99839	99838	49919	1	1	1954666.901988	49919	1954666.901988	94873.651103
99859	99858	49929	1	1	1955148.325623	49929	1955148.325623	65276.313513
99871	99870	49935	1	1	1955426.265770	49935	1955426.265770	65334.121787
99907	99906	49953	1	1	1956187.709677	49953	1956187.709677	65345.361268
99923	99922	49961	1	1	1956546.986757	49961	1956546.986757	69267.096292
99971	99970	49985	1	1	1957557.506747	49985	1957557.506747	69295.984167
99991	99990	49995	1	1	1957972.381536	49995	1957972.381536	65377.500031
