# primesieve INDEPENDENT frontier cross-check of mr1_par; LIMIT=300000000000000
# schema: N<TAB>x<TAB>a<TAB>count  and  TOTAL<TAB>N<TAB>x<TAB>pi_x
7	13000000000000	0	0
7	13000000000000	1	0
7	13000000000000	2	0
7	13000000000000	3	0
7	13000000000000	4	0
7	13000000000000	5	0
7	13000000000000	6	0
TOTAL	7	13000000000000	0
8	13000000000000	0	0
8	13000000000000	1	0
8	13000000000000	2	0
8	13000000000000	3	0
8	13000000000000	4	0
8	13000000000000	5	0
8	13000000000000	6	0
8	13000000000000	7	0
TOTAL	8	13000000000000	0
11	13000000000000	0	0
11	13000000000000	1	0
11	13000000000000	2	0
11	13000000000000	3	0
11	13000000000000	4	0
11	13000000000000	5	0
11	13000000000000	6	0
11	13000000000000	7	0
11	13000000000000	8	0
11	13000000000000	9	0
11	13000000000000	10	0
TOTAL	11	13000000000000	0
19	13000000000000	0	0
19	13000000000000	1	0
19	13000000000000	2	0
19	13000000000000	3	0
19	13000000000000	4	0
19	13000000000000	5	0
19	13000000000000	6	0
19	13000000000000	7	0
19	13000000000000	8	0
19	13000000000000	9	0
19	13000000000000	10	0
19	13000000000000	11	0
19	13000000000000	12	0
19	13000000000000	13	0
19	13000000000000	14	0
19	13000000000000	15	0
19	13000000000000	16	0
19	13000000000000	17	0
19	13000000000000	18	0
TOTAL	19	13000000000000	0
23	13000000000000	0	0
23	13000000000000	1	0
23	13000000000000	2	0
23	13000000000000	3	0
23	13000000000000	4	0
23	13000000000000	5	0
23	13000000000000	6	0
23	13000000000000	7	0
23	13000000000000	8	0
23	13000000000000	9	0
23	13000000000000	10	0
23	13000000000000	11	0
23	13000000000000	12	0
23	13000000000000	13	0
23	13000000000000	14	0
23	13000000000000	15	0
23	13000000000000	16	0
23	13000000000000	17	0
23	13000000000000	18	0
23	13000000000000	19	0
23	13000000000000	20	0
23	13000000000000	21	0
23	13000000000000	22	0
TOTAL	23	13000000000000	0
7	13109403780009	0	0
7	13109403780009	1	0
7	13109403780009	2	0
7	13109403780009	3	0
7	13109403780009	4	0
7	13109403780009	5	0
7	13109403780009	6	0
TOTAL	7	13109403780009	0
8	13109403780009	0	0
8	13109403780009	1	0
8	13109403780009	2	0
8	13109403780009	3	0
8	13109403780009	4	0
8	13109403780009	5	0
8	13109403780009	6	0
8	13109403780009	7	0
TOTAL	8	13109403780009	0
11	13109403780009	0	0
11	13109403780009	1	0
11	13109403780009	2	0
11	13109403780009	3	0
11	13109403780009	4	0
11	13109403780009	5	0
11	13109403780009	6	0
11	13109403780009	7	0
11	13109403780009	8	0
11	13109403780009	9	0
11	13109403780009	10	0
TOTAL	11	13109403780009	0
19	13109403780009	0	0
19	13109403780009	1	0
19	13109403780009	2	0
19	13109403780009	3	0
19	13109403780009	4	0
19	13109403780009	5	0
19	13109403780009	6	0
19	13109403780009	7	0
19	13109403780009	8	0
19	13109403780009	9	0
19	13109403780009	10	0
19	13109403780009	11	0
19	13109403780009	12	0
19	13109403780009	13	0
19	13109403780009	14	0
19	13109403780009	15	0
19	13109403780009	16	0
19	13109403780009	17	0
19	13109403780009	18	0
TOTAL	19	13109403780009	0
23	13109403780009	0	0
23	13109403780009	1	0
23	13109403780009	2	0
23	13109403780009	3	0
23	13109403780009	4	0
23	13109403780009	5	0
23	13109403780009	6	0
23	13109403780009	7	0
23	13109403780009	8	0
23	13109403780009	9	0
23	13109403780009	10	0
23	13109403780009	11	0
23	13109403780009	12	0
23	13109403780009	13	0
23	13109403780009	14	0
23	13109403780009	15	0
23	13109403780009	16	0
23	13109403780009	17	0
23	13109403780009	18	0
23	13109403780009	19	0
23	13109403780009	20	0
23	13109403780009	21	0
23	13109403780009	22	0
TOTAL	23	13109403780009	0
7	13727016344541	0	0
7	13727016344541	1	0
7	13727016344541	2	0
7	13727016344541	3	0
7	13727016344541	4	0
7	13727016344541	5	0
7	13727016344541	6	0
TOTAL	7	13727016344541	0
8	13727016344541	0	0
8	13727016344541	1	0
8	13727016344541	2	0
8	13727016344541	3	0
8	13727016344541	4	0
8	13727016344541	5	0
8	13727016344541	6	0
8	13727016344541	7	0
TOTAL	8	13727016344541	0
11	13727016344541	0	0
11	13727016344541	1	0
11	13727016344541	2	0
11	13727016344541	3	0
11	13727016344541	4	0
11	13727016344541	5	0
11	13727016344541	6	0
11	13727016344541	7	0
11	13727016344541	8	0
11	13727016344541	9	0
11	13727016344541	10	0
TOTAL	11	13727016344541	0
19	13727016344541	0	0
19	13727016344541	1	0
19	13727016344541	2	0
19	13727016344541	3	0
19	13727016344541	4	0
19	13727016344541	5	0
19	13727016344541	6	0
19	13727016344541	7	0
19	13727016344541	8	0
19	13727016344541	9	0
19	13727016344541	10	0
19	13727016344541	11	0
19	13727016344541	12	0
19	13727016344541	13	0
19	13727016344541	14	0
19	13727016344541	15	0
19	13727016344541	16	0
19	13727016344541	17	0
19	13727016344541	18	0
TOTAL	19	13727016344541	0
23	13727016344541	0	0
23	13727016344541	1	0
23	13727016344541	2	0
23	13727016344541	3	0
23	13727016344541	4	0
23	13727016344541	5	0
23	13727016344541	6	0
23	13727016344541	7	0
23	13727016344541	8	0
23	13727016344541	9	0
23	13727016344541	10	0
23	13727016344541	11	0
23	13727016344541	12	0
23	13727016344541	13	0
23	13727016344541	14	0
23	13727016344541	15	0
23	13727016344541	16	0
23	13727016344541	17	0
23	13727016344541	18	0
23	13727016344541	19	0
23	13727016344541	20	0
23	13727016344541	21	0
23	13727016344541	22	0
TOTAL	23	13727016344541	0
7	14373725982157	0	0
7	14373725982157	1	0
7	14373725982157	2	0
7	14373725982157	3	0
7	14373725982157	4	0
7	14373725982157	5	0
7	14373725982157	6	0
TOTAL	7	14373725982157	0
8	14373725982157	0	0
8	14373725982157	1	0
8	14373725982157	2	0
8	14373725982157	3	0
8	14373725982157	4	0
8	14373725982157	5	0
8	14373725982157	6	0
8	14373725982157	7	0
TOTAL	8	14373725982157	0
11	14373725982157	0	0
11	14373725982157	1	0
11	14373725982157	2	0
11	14373725982157	3	0
11	14373725982157	4	0
11	14373725982157	5	0
11	14373725982157	6	0
11	14373725982157	7	0
11	14373725982157	8	0
11	14373725982157	9	0
11	14373725982157	10	0
TOTAL	11	14373725982157	0
19	14373725982157	0	0
19	14373725982157	1	0
19	14373725982157	2	0
19	14373725982157	3	0
19	14373725982157	4	0
19	14373725982157	5	0
19	14373725982157	6	0
19	14373725982157	7	0
19	14373725982157	8	0
19	14373725982157	9	0
19	14373725982157	10	0
19	14373725982157	11	0
19	14373725982157	12	0
19	14373725982157	13	0
19	14373725982157	14	0
19	14373725982157	15	0
19	14373725982157	16	0
19	14373725982157	17	0
19	14373725982157	18	0
TOTAL	19	14373725982157	0
23	14373725982157	0	0
23	14373725982157	1	0
23	14373725982157	2	0
23	14373725982157	3	0
23	14373725982157	4	0
23	14373725982157	5	0
23	14373725982157	6	0
23	14373725982157	7	0
23	14373725982157	8	0
23	14373725982157	9	0
23	14373725982157	10	0
23	14373725982157	11	0
23	14373725982157	12	0
23	14373725982157	13	0
23	14373725982157	14	0
23	14373725982157	15	0
23	14373725982157	16	0
23	14373725982157	17	0
23	14373725982157	18	0
23	14373725982157	19	0
23	14373725982157	20	0
23	14373725982157	21	0
23	14373725982157	22	0
TOTAL	23	14373725982157	0
7	15050903519343	0	0
7	15050903519343	1	0
7	15050903519343	2	0
7	15050903519343	3	0
7	15050903519343	4	0
7	15050903519343	5	0
7	15050903519343	6	0
TOTAL	7	15050903519343	0
8	15050903519343	0	0
8	15050903519343	1	0
8	15050903519343	2	0
8	15050903519343	3	0
8	15050903519343	4	0
8	15050903519343	5	0
8	15050903519343	6	0
8	15050903519343	7	0
TOTAL	8	15050903519343	0
11	15050903519343	0	0
11	15050903519343	1	0
11	15050903519343	2	0
11	15050903519343	3	0
11	15050903519343	4	0
11	15050903519343	5	0
11	15050903519343	6	0
11	15050903519343	7	0
11	15050903519343	8	0
11	15050903519343	9	0
11	15050903519343	10	0
TOTAL	11	15050903519343	0
19	15050903519343	0	0
19	15050903519343	1	0
19	15050903519343	2	0
19	15050903519343	3	0
19	15050903519343	4	0
19	15050903519343	5	0
19	15050903519343	6	0
19	15050903519343	7	0
19	15050903519343	8	0
19	15050903519343	9	0
19	15050903519343	10	0
19	15050903519343	11	0
19	15050903519343	12	0
19	15050903519343	13	0
19	15050903519343	14	0
19	15050903519343	15	0
19	15050903519343	16	0
19	15050903519343	17	0
19	15050903519343	18	0
TOTAL	19	15050903519343	0
23	15050903519343	0	0
23	15050903519343	1	0
23	15050903519343	2	0
23	15050903519343	3	0
23	15050903519343	4	0
23	15050903519343	5	0
23	15050903519343	6	0
23	15050903519343	7	0
23	15050903519343	8	0
23	15050903519343	9	0
23	15050903519343	10	0
23	15050903519343	11	0
23	15050903519343	12	0
23	15050903519343	13	0
23	15050903519343	14	0
23	15050903519343	15	0
23	15050903519343	16	0
23	15050903519343	17	0
23	15050903519343	18	0
23	15050903519343	19	0
23	15050903519343	20	0
23	15050903519343	21	0
23	15050903519343	22	0
TOTAL	23	15050903519343	0
7	15759984365207	0	0
7	15759984365207	1	0
7	15759984365207	2	0
7	15759984365207	3	0
7	15759984365207	4	0
7	15759984365207	5	0
7	15759984365207	6	0
TOTAL	7	15759984365207	0
8	15759984365207	0	0
8	15759984365207	1	0
8	15759984365207	2	0
8	15759984365207	3	0
8	15759984365207	4	0
8	15759984365207	5	0
8	15759984365207	6	0
8	15759984365207	7	0
TOTAL	8	15759984365207	0
11	15759984365207	0	0
11	15759984365207	1	0
11	15759984365207	2	0
11	15759984365207	3	0
11	15759984365207	4	0
11	15759984365207	5	0
11	15759984365207	6	0
11	15759984365207	7	0
11	15759984365207	8	0
11	15759984365207	9	0
11	15759984365207	10	0
TOTAL	11	15759984365207	0
19	15759984365207	0	0
19	15759984365207	1	0
19	15759984365207	2	0
19	15759984365207	3	0
19	15759984365207	4	0
19	15759984365207	5	0
19	15759984365207	6	0
19	15759984365207	7	0
19	15759984365207	8	0
19	15759984365207	9	0
19	15759984365207	10	0
19	15759984365207	11	0
19	15759984365207	12	0
19	15759984365207	13	0
19	15759984365207	14	0
19	15759984365207	15	0
19	15759984365207	16	0
19	15759984365207	17	0
19	15759984365207	18	0
TOTAL	19	15759984365207	0
23	15759984365207	0	0
23	15759984365207	1	0
23	15759984365207	2	0
23	15759984365207	3	0
23	15759984365207	4	0
23	15759984365207	5	0
23	15759984365207	6	0
23	15759984365207	7	0
23	15759984365207	8	0
23	15759984365207	9	0
23	15759984365207	10	0
23	15759984365207	11	0
23	15759984365207	12	0
23	15759984365207	13	0
23	15759984365207	14	0
23	15759984365207	15	0
23	15759984365207	16	0
23	15759984365207	17	0
23	15759984365207	18	0
23	15759984365207	19	0
23	15759984365207	20	0
23	15759984365207	21	0
23	15759984365207	22	0
TOTAL	23	15759984365207	0
7	16502471554108	0	0
7	16502471554108	1	0
7	16502471554108	2	0
7	16502471554108	3	0
7	16502471554108	4	0
7	16502471554108	5	0
7	16502471554108	6	0
TOTAL	7	16502471554108	0
8	16502471554108	0	0
8	16502471554108	1	0
8	16502471554108	2	0
8	16502471554108	3	0
8	16502471554108	4	0
8	16502471554108	5	0
8	16502471554108	6	0
8	16502471554108	7	0
TOTAL	8	16502471554108	0
11	16502471554108	0	0
11	16502471554108	1	0
11	16502471554108	2	0
11	16502471554108	3	0
11	16502471554108	4	0
11	16502471554108	5	0
11	16502471554108	6	0
11	16502471554108	7	0
11	16502471554108	8	0
11	16502471554108	9	0
11	16502471554108	10	0
TOTAL	11	16502471554108	0
19	16502471554108	0	0
19	16502471554108	1	0
19	16502471554108	2	0
19	16502471554108	3	0
19	16502471554108	4	0
19	16502471554108	5	0
19	16502471554108	6	0
19	16502471554108	7	0
19	16502471554108	8	0
19	16502471554108	9	0
19	16502471554108	10	0
19	16502471554108	11	0
19	16502471554108	12	0
19	16502471554108	13	0
19	16502471554108	14	0
19	16502471554108	15	0
19	16502471554108	16	0
19	16502471554108	17	0
19	16502471554108	18	0
TOTAL	19	16502471554108	0
23	16502471554108	0	0
23	16502471554108	1	0
23	16502471554108	2	0
23	16502471554108	3	0
23	16502471554108	4	0
23	16502471554108	5	0
23	16502471554108	6	0
23	16502471554108	7	0
23	16502471554108	8	0
23	16502471554108	9	0
23	16502471554108	10	0
23	16502471554108	11	0
23	16502471554108	12	0
23	16502471554108	13	0
23	16502471554108	14	0
23	16502471554108	15	0
23	16502471554108	16	0
23	16502471554108	17	0
23	16502471554108	18	0
23	16502471554108	19	0
23	16502471554108	20	0
23	16502471554108	21	0
23	16502471554108	22	0
TOTAL	23	16502471554108	0
7	17279938931625	0	0
7	17279938931625	1	0
7	17279938931625	2	0
7	17279938931625	3	0
7	17279938931625	4	0
7	17279938931625	5	0
7	17279938931625	6	0
TOTAL	7	17279938931625	0
8	17279938931625	0	0
8	17279938931625	1	0
8	17279938931625	2	0
8	17279938931625	3	0
8	17279938931625	4	0
8	17279938931625	5	0
8	17279938931625	6	0
8	17279938931625	7	0
TOTAL	8	17279938931625	0
11	17279938931625	0	0
11	17279938931625	1	0
11	17279938931625	2	0
11	17279938931625	3	0
11	17279938931625	4	0
11	17279938931625	5	0
11	17279938931625	6	0
11	17279938931625	7	0
11	17279938931625	8	0
11	17279938931625	9	0
11	17279938931625	10	0
TOTAL	11	17279938931625	0
19	17279938931625	0	0
19	17279938931625	1	0
19	17279938931625	2	0
19	17279938931625	3	0
19	17279938931625	4	0
19	17279938931625	5	0
19	17279938931625	6	0
19	17279938931625	7	0
19	17279938931625	8	0
19	17279938931625	9	0
19	17279938931625	10	0
19	17279938931625	11	0
19	17279938931625	12	0
19	17279938931625	13	0
19	17279938931625	14	0
19	17279938931625	15	0
19	17279938931625	16	0
19	17279938931625	17	0
19	17279938931625	18	0
TOTAL	19	17279938931625	0
23	17279938931625	0	0
23	17279938931625	1	0
23	17279938931625	2	0
23	17279938931625	3	0
23	17279938931625	4	0
23	17279938931625	5	0
23	17279938931625	6	0
23	17279938931625	7	0
23	17279938931625	8	0
23	17279938931625	9	0
23	17279938931625	10	0
23	17279938931625	11	0
23	17279938931625	12	0
23	17279938931625	13	0
23	17279938931625	14	0
23	17279938931625	15	0
23	17279938931625	16	0
23	17279938931625	17	0
23	17279938931625	18	0
23	17279938931625	19	0
23	17279938931625	20	0
23	17279938931625	21	0
23	17279938931625	22	0
TOTAL	23	17279938931625	0
7	18094034490631	0	0
7	18094034490631	1	0
7	18094034490631	2	0
7	18094034490631	3	0
7	18094034490631	4	0
7	18094034490631	5	0
7	18094034490631	6	0
TOTAL	7	18094034490631	0
8	18094034490631	0	0
8	18094034490631	1	0
8	18094034490631	2	0
8	18094034490631	3	0
8	18094034490631	4	0
8	18094034490631	5	0
8	18094034490631	6	0
8	18094034490631	7	0
TOTAL	8	18094034490631	0
11	18094034490631	0	0
11	18094034490631	1	0
11	18094034490631	2	0
11	18094034490631	3	0
11	18094034490631	4	0
11	18094034490631	5	0
11	18094034490631	6	0
11	18094034490631	7	0
11	18094034490631	8	0
11	18094034490631	9	0
11	18094034490631	10	0
TOTAL	11	18094034490631	0
19	18094034490631	0	0
19	18094034490631	1	0
19	18094034490631	2	0
19	18094034490631	3	0
19	18094034490631	4	0
19	18094034490631	5	0
19	18094034490631	6	0
19	18094034490631	7	0
19	18094034490631	8	0
19	18094034490631	9	0
19	18094034490631	10	0
19	18094034490631	11	0
19	18094034490631	12	0
19	18094034490631	13	0
19	18094034490631	14	0
19	18094034490631	15	0
19	18094034490631	16	0
19	18094034490631	17	0
19	18094034490631	18	0
TOTAL	19	18094034490631	0
23	18094034490631	0	0
23	18094034490631	1	0
23	18094034490631	2	0
23	18094034490631	3	0
23	18094034490631	4	0
23	18094034490631	5	0
23	18094034490631	6	0
23	18094034490631	7	0
23	18094034490631	8	0
23	18094034490631	9	0
23	18094034490631	10	0
23	18094034490631	11	0
23	18094034490631	12	0
23	18094034490631	13	0
23	18094034490631	14	0
23	18094034490631	15	0
23	18094034490631	16	0
23	18094034490631	17	0
23	18094034490631	18	0
23	18094034490631	19	0
23	18094034490631	20	0
23	18094034490631	21	0
23	18094034490631	22	0
TOTAL	23	18094034490631	0
7	18946483864533	0	0
7	18946483864533	1	0
7	18946483864533	2	0
7	18946483864533	3	0
7	18946483864533	4	0
7	18946483864533	5	0
7	18946483864533	6	0
TOTAL	7	18946483864533	0
8	18946483864533	0	0
8	18946483864533	1	0
8	18946483864533	2	0
8	18946483864533	3	0
8	18946483864533	4	0
8	18946483864533	5	0
8	18946483864533	6	0
8	18946483864533	7	0
TOTAL	8	18946483864533	0
11	18946483864533	0	0
11	18946483864533	1	0
11	18946483864533	2	0
11	18946483864533	3	0
11	18946483864533	4	0
11	18946483864533	5	0
11	18946483864533	6	0
11	18946483864533	7	0
11	18946483864533	8	0
11	18946483864533	9	0
11	18946483864533	10	0
TOTAL	11	18946483864533	0
19	18946483864533	0	0
19	18946483864533	1	0
19	18946483864533	2	0
19	18946483864533	3	0
19	18946483864533	4	0
19	18946483864533	5	0
19	18946483864533	6	0
19	18946483864533	7	0
19	18946483864533	8	0
19	18946483864533	9	0
19	18946483864533	10	0
19	18946483864533	11	0
19	18946483864533	12	0
19	18946483864533	13	0
19	18946483864533	14	0
19	18946483864533	15	0
19	18946483864533	16	0
19	18946483864533	17	0
19	18946483864533	18	0
TOTAL	19	18946483864533	0
23	18946483864533	0	0
23	18946483864533	1	0
23	18946483864533	2	0
23	18946483864533	3	0
23	18946483864533	4	0
23	18946483864533	5	0
23	18946483864533	6	0
23	18946483864533	7	0
23	18946483864533	8	0
23	18946483864533	9	0
23	18946483864533	10	0
23	18946483864533	11	0
23	18946483864533	12	0
23	18946483864533	13	0
23	18946483864533	14	0
23	18946483864533	15	0
23	18946483864533	16	0
23	18946483864533	17	0
23	18946483864533	18	0
23	18946483864533	19	0
23	18946483864533	20	0
23	18946483864533	21	0
23	18946483864533	22	0
TOTAL	23	18946483864533	0
7	19839093985085	0	0
7	19839093985085	1	0
7	19839093985085	2	0
7	19839093985085	3	0
7	19839093985085	4	0
7	19839093985085	5	0
7	19839093985085	6	0
TOTAL	7	19839093985085	0
8	19839093985085	0	0
8	19839093985085	1	0
8	19839093985085	2	0
8	19839093985085	3	0
8	19839093985085	4	0
8	19839093985085	5	0
8	19839093985085	6	0
8	19839093985085	7	0
TOTAL	8	19839093985085	0
11	19839093985085	0	0
11	19839093985085	1	0
11	19839093985085	2	0
11	19839093985085	3	0
11	19839093985085	4	0
11	19839093985085	5	0
11	19839093985085	6	0
11	19839093985085	7	0
11	19839093985085	8	0
11	19839093985085	9	0
11	19839093985085	10	0
TOTAL	11	19839093985085	0
19	19839093985085	0	0
19	19839093985085	1	0
19	19839093985085	2	0
19	19839093985085	3	0
19	19839093985085	4	0
19	19839093985085	5	0
19	19839093985085	6	0
19	19839093985085	7	0
19	19839093985085	8	0
19	19839093985085	9	0
19	19839093985085	10	0
19	19839093985085	11	0
19	19839093985085	12	0
19	19839093985085	13	0
19	19839093985085	14	0
19	19839093985085	15	0
19	19839093985085	16	0
19	19839093985085	17	0
19	19839093985085	18	0
TOTAL	19	19839093985085	0
23	19839093985085	0	0
23	19839093985085	1	0
23	19839093985085	2	0
23	19839093985085	3	0
23	19839093985085	4	0
23	19839093985085	5	0
23	19839093985085	6	0
23	19839093985085	7	0
23	19839093985085	8	0
23	19839093985085	9	0
23	19839093985085	10	0
23	19839093985085	11	0
23	19839093985085	12	0
23	19839093985085	13	0
23	19839093985085	14	0
23	19839093985085	15	0
23	19839093985085	16	0
23	19839093985085	17	0
23	19839093985085	18	0
23	19839093985085	19	0
23	19839093985085	20	0
23	19839093985085	21	0
23	19839093985085	22	0
TOTAL	23	19839093985085	0
7	20773756912534	0	0
7	20773756912534	1	0
7	20773756912534	2	0
7	20773756912534	3	0
7	20773756912534	4	0
7	20773756912534	5	0
7	20773756912534	6	0
TOTAL	7	20773756912534	0
8	20773756912534	0	0
8	20773756912534	1	0
8	20773756912534	2	0
8	20773756912534	3	0
8	20773756912534	4	0
8	20773756912534	5	0
8	20773756912534	6	0
8	20773756912534	7	0
TOTAL	8	20773756912534	0
11	20773756912534	0	0
11	20773756912534	1	0
11	20773756912534	2	0
11	20773756912534	3	0
11	20773756912534	4	0
11	20773756912534	5	0
11	20773756912534	6	0
11	20773756912534	7	0
11	20773756912534	8	0
11	20773756912534	9	0
11	20773756912534	10	0
TOTAL	11	20773756912534	0
19	20773756912534	0	0
19	20773756912534	1	0
19	20773756912534	2	0
19	20773756912534	3	0
19	20773756912534	4	0
19	20773756912534	5	0
19	20773756912534	6	0
19	20773756912534	7	0
19	20773756912534	8	0
19	20773756912534	9	0
19	20773756912534	10	0
19	20773756912534	11	0
19	20773756912534	12	0
19	20773756912534	13	0
19	20773756912534	14	0
19	20773756912534	15	0
19	20773756912534	16	0
19	20773756912534	17	0
19	20773756912534	18	0
TOTAL	19	20773756912534	0
23	20773756912534	0	0
23	20773756912534	1	0
23	20773756912534	2	0
23	20773756912534	3	0
23	20773756912534	4	0
23	20773756912534	5	0
23	20773756912534	6	0
23	20773756912534	7	0
23	20773756912534	8	0
23	20773756912534	9	0
23	20773756912534	10	0
23	20773756912534	11	0
23	20773756912534	12	0
23	20773756912534	13	0
23	20773756912534	14	0
23	20773756912534	15	0
23	20773756912534	16	0
23	20773756912534	17	0
23	20773756912534	18	0
23	20773756912534	19	0
23	20773756912534	20	0
23	20773756912534	21	0
23	20773756912534	22	0
TOTAL	23	20773756912534	0
7	21752453846202	0	0
7	21752453846202	1	0
7	21752453846202	2	0
7	21752453846202	3	0
7	21752453846202	4	0
7	21752453846202	5	0
7	21752453846202	6	0
TOTAL	7	21752453846202	0
8	21752453846202	0	0
8	21752453846202	1	0
8	21752453846202	2	0
8	21752453846202	3	0
8	21752453846202	4	0
8	21752453846202	5	0
8	21752453846202	6	0
8	21752453846202	7	0
TOTAL	8	21752453846202	0
11	21752453846202	0	0
11	21752453846202	1	0
11	21752453846202	2	0
11	21752453846202	3	0
11	21752453846202	4	0
11	21752453846202	5	0
11	21752453846202	6	0
11	21752453846202	7	0
11	21752453846202	8	0
11	21752453846202	9	0
11	21752453846202	10	0
TOTAL	11	21752453846202	0
19	21752453846202	0	0
19	21752453846202	1	0
19	21752453846202	2	0
19	21752453846202	3	0
19	21752453846202	4	0
19	21752453846202	5	0
19	21752453846202	6	0
19	21752453846202	7	0
19	21752453846202	8	0
19	21752453846202	9	0
19	21752453846202	10	0
19	21752453846202	11	0
19	21752453846202	12	0
19	21752453846202	13	0
19	21752453846202	14	0
19	21752453846202	15	0
19	21752453846202	16	0
19	21752453846202	17	0
19	21752453846202	18	0
TOTAL	19	21752453846202	0
23	21752453846202	0	0
23	21752453846202	1	0
23	21752453846202	2	0
23	21752453846202	3	0
23	21752453846202	4	0
23	21752453846202	5	0
23	21752453846202	6	0
23	21752453846202	7	0
23	21752453846202	8	0
23	21752453846202	9	0
23	21752453846202	10	0
23	21752453846202	11	0
23	21752453846202	12	0
23	21752453846202	13	0
23	21752453846202	14	0
23	21752453846202	15	0
23	21752453846202	16	0
23	21752453846202	17	0
23	21752453846202	18	0
23	21752453846202	19	0
23	21752453846202	20	0
23	21752453846202	21	0
23	21752453846202	22	0
TOTAL	23	21752453846202	0
7	22777259324031	0	0
7	22777259324031	1	0
7	22777259324031	2	0
7	22777259324031	3	0
7	22777259324031	4	0
7	22777259324031	5	0
7	22777259324031	6	0
TOTAL	7	22777259324031	0
8	22777259324031	0	0
8	22777259324031	1	0
8	22777259324031	2	0
8	22777259324031	3	0
8	22777259324031	4	0
8	22777259324031	5	0
8	22777259324031	6	0
8	22777259324031	7	0
TOTAL	8	22777259324031	0
11	22777259324031	0	0
11	22777259324031	1	0
11	22777259324031	2	0
11	22777259324031	3	0
11	22777259324031	4	0
11	22777259324031	5	0
11	22777259324031	6	0
11	22777259324031	7	0
11	22777259324031	8	0
11	22777259324031	9	0
11	22777259324031	10	0
TOTAL	11	22777259324031	0
19	22777259324031	0	0
19	22777259324031	1	0
19	22777259324031	2	0
19	22777259324031	3	0
19	22777259324031	4	0
19	22777259324031	5	0
19	22777259324031	6	0
19	22777259324031	7	0
19	22777259324031	8	0
19	22777259324031	9	0
19	22777259324031	10	0
19	22777259324031	11	0
19	22777259324031	12	0
19	22777259324031	13	0
19	22777259324031	14	0
19	22777259324031	15	0
19	22777259324031	16	0
19	22777259324031	17	0
19	22777259324031	18	0
TOTAL	19	22777259324031	0
23	22777259324031	0	0
23	22777259324031	1	0
23	22777259324031	2	0
23	22777259324031	3	0
23	22777259324031	4	0
23	22777259324031	5	0
23	22777259324031	6	0
23	22777259324031	7	0
23	22777259324031	8	0
23	22777259324031	9	0
23	22777259324031	10	0
23	22777259324031	11	0
23	22777259324031	12	0
23	22777259324031	13	0
23	22777259324031	14	0
23	22777259324031	15	0
23	22777259324031	16	0
23	22777259324031	17	0
23	22777259324031	18	0
23	22777259324031	19	0
23	22777259324031	20	0
23	22777259324031	21	0
23	22777259324031	22	0
TOTAL	23	22777259324031	0
7	23850345619961	0	0
7	23850345619961	1	0
7	23850345619961	2	0
7	23850345619961	3	0
7	23850345619961	4	0
7	23850345619961	5	0
7	23850345619961	6	0
TOTAL	7	23850345619961	0
8	23850345619961	0	0
8	23850345619961	1	0
8	23850345619961	2	0
8	23850345619961	3	0
8	23850345619961	4	0
8	23850345619961	5	0
8	23850345619961	6	0
8	23850345619961	7	0
TOTAL	8	23850345619961	0
11	23850345619961	0	0
11	23850345619961	1	0
11	23850345619961	2	0
11	23850345619961	3	0
11	23850345619961	4	0
11	23850345619961	5	0
11	23850345619961	6	0
11	23850345619961	7	0
11	23850345619961	8	0
11	23850345619961	9	0
11	23850345619961	10	0
TOTAL	11	23850345619961	0
19	23850345619961	0	0
19	23850345619961	1	0
19	23850345619961	2	0
19	23850345619961	3	0
19	23850345619961	4	0
19	23850345619961	5	0
19	23850345619961	6	0
19	23850345619961	7	0
19	23850345619961	8	0
19	23850345619961	9	0
19	23850345619961	10	0
19	23850345619961	11	0
19	23850345619961	12	0
19	23850345619961	13	0
19	23850345619961	14	0
19	23850345619961	15	0
19	23850345619961	16	0
19	23850345619961	17	0
19	23850345619961	18	0
TOTAL	19	23850345619961	0
23	23850345619961	0	0
23	23850345619961	1	0
23	23850345619961	2	0
23	23850345619961	3	0
23	23850345619961	4	0
23	23850345619961	5	0
23	23850345619961	6	0
23	23850345619961	7	0
23	23850345619961	8	0
23	23850345619961	9	0
23	23850345619961	10	0
23	23850345619961	11	0
23	23850345619961	12	0
23	23850345619961	13	0
23	23850345619961	14	0
23	23850345619961	15	0
23	23850345619961	16	0
23	23850345619961	17	0
23	23850345619961	18	0
23	23850345619961	19	0
23	23850345619961	20	0
23	23850345619961	21	0
23	23850345619961	22	0
TOTAL	23	23850345619961	0
7	24973987348488	0	0
7	24973987348488	1	0
7	24973987348488	2	0
7	24973987348488	3	0
7	24973987348488	4	0
7	24973987348488	5	0
7	24973987348488	6	0
TOTAL	7	24973987348488	0
8	24973987348488	0	0
8	24973987348488	1	0
8	24973987348488	2	0
8	24973987348488	3	0
8	24973987348488	4	0
8	24973987348488	5	0
8	24973987348488	6	0
8	24973987348488	7	0
TOTAL	8	24973987348488	0
11	24973987348488	0	0
11	24973987348488	1	0
11	24973987348488	2	0
11	24973987348488	3	0
11	24973987348488	4	0
11	24973987348488	5	0
11	24973987348488	6	0
11	24973987348488	7	0
11	24973987348488	8	0
11	24973987348488	9	0
11	24973987348488	10	0
TOTAL	11	24973987348488	0
19	24973987348488	0	0
19	24973987348488	1	0
19	24973987348488	2	0
19	24973987348488	3	0
19	24973987348488	4	0
19	24973987348488	5	0
19	24973987348488	6	0
19	24973987348488	7	0
19	24973987348488	8	0
19	24973987348488	9	0
19	24973987348488	10	0
19	24973987348488	11	0
19	24973987348488	12	0
19	24973987348488	13	0
19	24973987348488	14	0
19	24973987348488	15	0
19	24973987348488	16	0
19	24973987348488	17	0
19	24973987348488	18	0
TOTAL	19	24973987348488	0
23	24973987348488	0	0
23	24973987348488	1	0
23	24973987348488	2	0
23	24973987348488	3	0
23	24973987348488	4	0
23	24973987348488	5	0
23	24973987348488	6	0
23	24973987348488	7	0
23	24973987348488	8	0
23	24973987348488	9	0
23	24973987348488	10	0
23	24973987348488	11	0
23	24973987348488	12	0
23	24973987348488	13	0
23	24973987348488	14	0
23	24973987348488	15	0
23	24973987348488	16	0
23	24973987348488	17	0
23	24973987348488	18	0
23	24973987348488	19	0
23	24973987348488	20	0
23	24973987348488	21	0
23	24973987348488	22	0
TOTAL	23	24973987348488	0
7	26150566286152	0	0
7	26150566286152	1	0
7	26150566286152	2	0
7	26150566286152	3	0
7	26150566286152	4	0
7	26150566286152	5	0
7	26150566286152	6	0
TOTAL	7	26150566286152	0
8	26150566286152	0	0
8	26150566286152	1	0
8	26150566286152	2	0
8	26150566286152	3	0
8	26150566286152	4	0
8	26150566286152	5	0
8	26150566286152	6	0
8	26150566286152	7	0
TOTAL	8	26150566286152	0
11	26150566286152	0	0
11	26150566286152	1	0
11	26150566286152	2	0
11	26150566286152	3	0
11	26150566286152	4	0
11	26150566286152	5	0
11	26150566286152	6	0
11	26150566286152	7	0
11	26150566286152	8	0
11	26150566286152	9	0
11	26150566286152	10	0
TOTAL	11	26150566286152	0
19	26150566286152	0	0
19	26150566286152	1	0
19	26150566286152	2	0
19	26150566286152	3	0
19	26150566286152	4	0
19	26150566286152	5	0
19	26150566286152	6	0
19	26150566286152	7	0
19	26150566286152	8	0
19	26150566286152	9	0
19	26150566286152	10	0
19	26150566286152	11	0
19	26150566286152	12	0
19	26150566286152	13	0
19	26150566286152	14	0
19	26150566286152	15	0
19	26150566286152	16	0
19	26150566286152	17	0
19	26150566286152	18	0
TOTAL	19	26150566286152	0
23	26150566286152	0	0
23	26150566286152	1	0
23	26150566286152	2	0
23	26150566286152	3	0
23	26150566286152	4	0
23	26150566286152	5	0
23	26150566286152	6	0
23	26150566286152	7	0
23	26150566286152	8	0
23	26150566286152	9	0
23	26150566286152	10	0
23	26150566286152	11	0
23	26150566286152	12	0
23	26150566286152	13	0
23	26150566286152	14	0
23	26150566286152	15	0
23	26150566286152	16	0
23	26150566286152	17	0
23	26150566286152	18	0
23	26150566286152	19	0
23	26150566286152	20	0
23	26150566286152	21	0
23	26150566286152	22	0
TOTAL	23	26150566286152	0
7	27382576420175	0	0
7	27382576420175	1	0
7	27382576420175	2	0
7	27382576420175	3	0
7	27382576420175	4	0
7	27382576420175	5	0
7	27382576420175	6	0
TOTAL	7	27382576420175	0
8	27382576420175	0	0
8	27382576420175	1	0
8	27382576420175	2	0
8	27382576420175	3	0
8	27382576420175	4	0
8	27382576420175	5	0
8	27382576420175	6	0
8	27382576420175	7	0
TOTAL	8	27382576420175	0
11	27382576420175	0	0
11	27382576420175	1	0
11	27382576420175	2	0
11	27382576420175	3	0
11	27382576420175	4	0
11	27382576420175	5	0
11	27382576420175	6	0
11	27382576420175	7	0
11	27382576420175	8	0
11	27382576420175	9	0
11	27382576420175	10	0
TOTAL	11	27382576420175	0
19	27382576420175	0	0
19	27382576420175	1	0
19	27382576420175	2	0
19	27382576420175	3	0
19	27382576420175	4	0
19	27382576420175	5	0
19	27382576420175	6	0
19	27382576420175	7	0
19	27382576420175	8	0
19	27382576420175	9	0
19	27382576420175	10	0
19	27382576420175	11	0
19	27382576420175	12	0
19	27382576420175	13	0
19	27382576420175	14	0
19	27382576420175	15	0
19	27382576420175	16	0
19	27382576420175	17	0
19	27382576420175	18	0
TOTAL	19	27382576420175	0
23	27382576420175	0	0
23	27382576420175	1	0
23	27382576420175	2	0
23	27382576420175	3	0
23	27382576420175	4	0
23	27382576420175	5	0
23	27382576420175	6	0
23	27382576420175	7	0
23	27382576420175	8	0
23	27382576420175	9	0
23	27382576420175	10	0
23	27382576420175	11	0
23	27382576420175	12	0
23	27382576420175	13	0
23	27382576420175	14	0
23	27382576420175	15	0
23	27382576420175	16	0
23	27382576420175	17	0
23	27382576420175	18	0
23	27382576420175	19	0
23	27382576420175	20	0
23	27382576420175	21	0
23	27382576420175	22	0
TOTAL	23	27382576420175	0
7	28672629234945	0	0
7	28672629234945	1	0
7	28672629234945	2	0
7	28672629234945	3	0
7	28672629234945	4	0
7	28672629234945	5	0
7	28672629234945	6	0
TOTAL	7	28672629234945	0
8	28672629234945	0	0
8	28672629234945	1	0
8	28672629234945	2	0
8	28672629234945	3	0
8	28672629234945	4	0
8	28672629234945	5	0
8	28672629234945	6	0
8	28672629234945	7	0
TOTAL	8	28672629234945	0
11	28672629234945	0	0
11	28672629234945	1	0
11	28672629234945	2	0
11	28672629234945	3	0
11	28672629234945	4	0
11	28672629234945	5	0
11	28672629234945	6	0
11	28672629234945	7	0
11	28672629234945	8	0
11	28672629234945	9	0
11	28672629234945	10	0
TOTAL	11	28672629234945	0
19	28672629234945	0	0
19	28672629234945	1	0
19	28672629234945	2	0
19	28672629234945	3	0
19	28672629234945	4	0
19	28672629234945	5	0
19	28672629234945	6	0
19	28672629234945	7	0
19	28672629234945	8	0
19	28672629234945	9	0
19	28672629234945	10	0
19	28672629234945	11	0
19	28672629234945	12	0
19	28672629234945	13	0
19	28672629234945	14	0
19	28672629234945	15	0
19	28672629234945	16	0
19	28672629234945	17	0
19	28672629234945	18	0
TOTAL	19	28672629234945	0
23	28672629234945	0	0
23	28672629234945	1	0
23	28672629234945	2	0
23	28672629234945	3	0
23	28672629234945	4	0
23	28672629234945	5	0
23	28672629234945	6	0
23	28672629234945	7	0
23	28672629234945	8	0
23	28672629234945	9	0
23	28672629234945	10	0
23	28672629234945	11	0
23	28672629234945	12	0
23	28672629234945	13	0
23	28672629234945	14	0
23	28672629234945	15	0
23	28672629234945	16	0
23	28672629234945	17	0
23	28672629234945	18	0
23	28672629234945	19	0
23	28672629234945	20	0
23	28672629234945	21	0
23	28672629234945	22	0
TOTAL	23	28672629234945	0
7	30023459247572	0	0
7	30023459247572	1	0
7	30023459247572	2	0
7	30023459247572	3	0
7	30023459247572	4	0
7	30023459247572	5	0
7	30023459247572	6	0
TOTAL	7	30023459247572	0
8	30023459247572	0	0
8	30023459247572	1	0
8	30023459247572	2	0
8	30023459247572	3	0
8	30023459247572	4	0
8	30023459247572	5	0
8	30023459247572	6	0
8	30023459247572	7	0
TOTAL	8	30023459247572	0
11	30023459247572	0	0
11	30023459247572	1	0
11	30023459247572	2	0
11	30023459247572	3	0
11	30023459247572	4	0
11	30023459247572	5	0
11	30023459247572	6	0
11	30023459247572	7	0
11	30023459247572	8	0
11	30023459247572	9	0
11	30023459247572	10	0
TOTAL	11	30023459247572	0
19	30023459247572	0	0
19	30023459247572	1	0
19	30023459247572	2	0
19	30023459247572	3	0
19	30023459247572	4	0
19	30023459247572	5	0
19	30023459247572	6	0
19	30023459247572	7	0
19	30023459247572	8	0
19	30023459247572	9	0
19	30023459247572	10	0
19	30023459247572	11	0
19	30023459247572	12	0
19	30023459247572	13	0
19	30023459247572	14	0
19	30023459247572	15	0
19	30023459247572	16	0
19	30023459247572	17	0
19	30023459247572	18	0
TOTAL	19	30023459247572	0
23	30023459247572	0	0
23	30023459247572	1	0
23	30023459247572	2	0
23	30023459247572	3	0
23	30023459247572	4	0
23	30023459247572	5	0
23	30023459247572	6	0
23	30023459247572	7	0
23	30023459247572	8	0
23	30023459247572	9	0
23	30023459247572	10	0
23	30023459247572	11	0
23	30023459247572	12	0
23	30023459247572	13	0
23	30023459247572	14	0
23	30023459247572	15	0
23	30023459247572	16	0
23	30023459247572	17	0
23	30023459247572	18	0
23	30023459247572	19	0
23	30023459247572	20	0
23	30023459247572	21	0
23	30023459247572	22	0
TOTAL	23	30023459247572	0
7	31437929804219	0	0
7	31437929804219	1	0
7	31437929804219	2	0
7	31437929804219	3	0
7	31437929804219	4	0
7	31437929804219	5	0
7	31437929804219	6	0
TOTAL	7	31437929804219	0
8	31437929804219	0	0
8	31437929804219	1	0
8	31437929804219	2	0
8	31437929804219	3	0
8	31437929804219	4	0
8	31437929804219	5	0
8	31437929804219	6	0
8	31437929804219	7	0
TOTAL	8	31437929804219	0
11	31437929804219	0	0
11	31437929804219	1	0
11	31437929804219	2	0
11	31437929804219	3	0
11	31437929804219	4	0
11	31437929804219	5	0
11	31437929804219	6	0
11	31437929804219	7	0
11	31437929804219	8	0
11	31437929804219	9	0
11	31437929804219	10	0
TOTAL	11	31437929804219	0
19	31437929804219	0	0
19	31437929804219	1	0
19	31437929804219	2	0
19	31437929804219	3	0
19	31437929804219	4	0
19	31437929804219	5	0
19	31437929804219	6	0
19	31437929804219	7	0
19	31437929804219	8	0
19	31437929804219	9	0
19	31437929804219	10	0
19	31437929804219	11	0
19	31437929804219	12	0
19	31437929804219	13	0
19	31437929804219	14	0
19	31437929804219	15	0
19	31437929804219	16	0
19	31437929804219	17	0
19	31437929804219	18	0
TOTAL	19	31437929804219	0
23	31437929804219	0	0
23	31437929804219	1	0
23	31437929804219	2	0
23	31437929804219	3	0
23	31437929804219	4	0
23	31437929804219	5	0
23	31437929804219	6	0
23	31437929804219	7	0
23	31437929804219	8	0
23	31437929804219	9	0
23	31437929804219	10	0
23	31437929804219	11	0
23	31437929804219	12	0
23	31437929804219	13	0
23	31437929804219	14	0
23	31437929804219	15	0
23	31437929804219	16	0
23	31437929804219	17	0
23	31437929804219	18	0
23	31437929804219	19	0
23	31437929804219	20	0
23	31437929804219	21	0
23	31437929804219	22	0
TOTAL	23	31437929804219	0
7	32919039149526	0	0
7	32919039149526	1	0
7	32919039149526	2	0
7	32919039149526	3	0
7	32919039149526	4	0
7	32919039149526	5	0
7	32919039149526	6	0
TOTAL	7	32919039149526	0
8	32919039149526	0	0
8	32919039149526	1	0
8	32919039149526	2	0
8	32919039149526	3	0
8	32919039149526	4	0
8	32919039149526	5	0
8	32919039149526	6	0
8	32919039149526	7	0
TOTAL	8	32919039149526	0
11	32919039149526	0	0
11	32919039149526	1	0
11	32919039149526	2	0
11	32919039149526	3	0
11	32919039149526	4	0
11	32919039149526	5	0
11	32919039149526	6	0
11	32919039149526	7	0
11	32919039149526	8	0
11	32919039149526	9	0
11	32919039149526	10	0
TOTAL	11	32919039149526	0
19	32919039149526	0	0
19	32919039149526	1	0
19	32919039149526	2	0
19	32919039149526	3	0
19	32919039149526	4	0
19	32919039149526	5	0
19	32919039149526	6	0
19	32919039149526	7	0
19	32919039149526	8	0
19	32919039149526	9	0
19	32919039149526	10	0
19	32919039149526	11	0
19	32919039149526	12	0
19	32919039149526	13	0
19	32919039149526	14	0
19	32919039149526	15	0
19	32919039149526	16	0
19	32919039149526	17	0
19	32919039149526	18	0
TOTAL	19	32919039149526	0
23	32919039149526	0	0
23	32919039149526	1	0
23	32919039149526	2	0
23	32919039149526	3	0
23	32919039149526	4	0
23	32919039149526	5	0
23	32919039149526	6	0
23	32919039149526	7	0
23	32919039149526	8	0
23	32919039149526	9	0
23	32919039149526	10	0
23	32919039149526	11	0
23	32919039149526	12	0
23	32919039149526	13	0
23	32919039149526	14	0
23	32919039149526	15	0
23	32919039149526	16	0
23	32919039149526	17	0
23	32919039149526	18	0
23	32919039149526	19	0
23	32919039149526	20	0
23	32919039149526	21	0
23	32919039149526	22	0
TOTAL	23	32919039149526	0
7	34469926781966	0	0
7	34469926781966	1	0
7	34469926781966	2	0
7	34469926781966	3	0
7	34469926781966	4	0
7	34469926781966	5	0
7	34469926781966	6	0
TOTAL	7	34469926781966	0
8	34469926781966	0	0
8	34469926781966	1	0
8	34469926781966	2	0
8	34469926781966	3	0
8	34469926781966	4	0
8	34469926781966	5	0
8	34469926781966	6	0
8	34469926781966	7	0
TOTAL	8	34469926781966	0
11	34469926781966	0	0
11	34469926781966	1	0
11	34469926781966	2	0
11	34469926781966	3	0
11	34469926781966	4	0
11	34469926781966	5	0
11	34469926781966	6	0
11	34469926781966	7	0
11	34469926781966	8	0
11	34469926781966	9	0
11	34469926781966	10	0
TOTAL	11	34469926781966	0
19	34469926781966	0	0
19	34469926781966	1	0
19	34469926781966	2	0
19	34469926781966	3	0
19	34469926781966	4	0
19	34469926781966	5	0
19	34469926781966	6	0
19	34469926781966	7	0
19	34469926781966	8	0
19	34469926781966	9	0
19	34469926781966	10	0
19	34469926781966	11	0
19	34469926781966	12	0
19	34469926781966	13	0
19	34469926781966	14	0
19	34469926781966	15	0
19	34469926781966	16	0
19	34469926781966	17	0
19	34469926781966	18	0
TOTAL	19	34469926781966	0
23	34469926781966	0	0
23	34469926781966	1	0
23	34469926781966	2	0
23	34469926781966	3	0
23	34469926781966	4	0
23	34469926781966	5	0
23	34469926781966	6	0
23	34469926781966	7	0
23	34469926781966	8	0
23	34469926781966	9	0
23	34469926781966	10	0
23	34469926781966	11	0
23	34469926781966	12	0
23	34469926781966	13	0
23	34469926781966	14	0
23	34469926781966	15	0
23	34469926781966	16	0
23	34469926781966	17	0
23	34469926781966	18	0
23	34469926781966	19	0
23	34469926781966	20	0
23	34469926781966	21	0
23	34469926781966	22	0
TOTAL	23	34469926781966	0
7	36093880108624	0	0
7	36093880108624	1	0
7	36093880108624	2	0
7	36093880108624	3	0
7	36093880108624	4	0
7	36093880108624	5	0
7	36093880108624	6	0
TOTAL	7	36093880108624	0
8	36093880108624	0	0
8	36093880108624	1	0
8	36093880108624	2	0
8	36093880108624	3	0
8	36093880108624	4	0
8	36093880108624	5	0
8	36093880108624	6	0
8	36093880108624	7	0
TOTAL	8	36093880108624	0
11	36093880108624	0	0
11	36093880108624	1	0
11	36093880108624	2	0
11	36093880108624	3	0
11	36093880108624	4	0
11	36093880108624	5	0
11	36093880108624	6	0
11	36093880108624	7	0
11	36093880108624	8	0
11	36093880108624	9	0
11	36093880108624	10	0
TOTAL	11	36093880108624	0
19	36093880108624	0	0
19	36093880108624	1	0
19	36093880108624	2	0
19	36093880108624	3	0
19	36093880108624	4	0
19	36093880108624	5	0
19	36093880108624	6	0
19	36093880108624	7	0
19	36093880108624	8	0
19	36093880108624	9	0
19	36093880108624	10	0
19	36093880108624	11	0
19	36093880108624	12	0
19	36093880108624	13	0
19	36093880108624	14	0
19	36093880108624	15	0
19	36093880108624	16	0
19	36093880108624	17	0
19	36093880108624	18	0
TOTAL	19	36093880108624	0
23	36093880108624	0	0
23	36093880108624	1	0
23	36093880108624	2	0
23	36093880108624	3	0
23	36093880108624	4	0
23	36093880108624	5	0
23	36093880108624	6	0
23	36093880108624	7	0
23	36093880108624	8	0
23	36093880108624	9	0
23	36093880108624	10	0
23	36093880108624	11	0
23	36093880108624	12	0
23	36093880108624	13	0
23	36093880108624	14	0
23	36093880108624	15	0
23	36093880108624	16	0
23	36093880108624	17	0
23	36093880108624	18	0
23	36093880108624	19	0
23	36093880108624	20	0
23	36093880108624	21	0
23	36093880108624	22	0
TOTAL	23	36093880108624	0
7	37794341413493	0	0
7	37794341413493	1	0
7	37794341413493	2	0
7	37794341413493	3	0
7	37794341413493	4	0
7	37794341413493	5	0
7	37794341413493	6	0
TOTAL	7	37794341413493	0
8	37794341413493	0	0
8	37794341413493	1	0
8	37794341413493	2	0
8	37794341413493	3	0
8	37794341413493	4	0
8	37794341413493	5	0
8	37794341413493	6	0
8	37794341413493	7	0
TOTAL	8	37794341413493	0
11	37794341413493	0	0
11	37794341413493	1	0
11	37794341413493	2	0
11	37794341413493	3	0
11	37794341413493	4	0
11	37794341413493	5	0
11	37794341413493	6	0
11	37794341413493	7	0
11	37794341413493	8	0
11	37794341413493	9	0
11	37794341413493	10	0
TOTAL	11	37794341413493	0
19	37794341413493	0	0
19	37794341413493	1	0
19	37794341413493	2	0
19	37794341413493	3	0
19	37794341413493	4	0
19	37794341413493	5	0
19	37794341413493	6	0
19	37794341413493	7	0
19	37794341413493	8	0
19	37794341413493	9	0
19	37794341413493	10	0
19	37794341413493	11	0
19	37794341413493	12	0
19	37794341413493	13	0
19	37794341413493	14	0
19	37794341413493	15	0
19	37794341413493	16	0
19	37794341413493	17	0
19	37794341413493	18	0
TOTAL	19	37794341413493	0
23	37794341413493	0	0
23	37794341413493	1	0
23	37794341413493	2	0
23	37794341413493	3	0
23	37794341413493	4	0
23	37794341413493	5	0
23	37794341413493	6	0
23	37794341413493	7	0
23	37794341413493	8	0
23	37794341413493	9	0
23	37794341413493	10	0
23	37794341413493	11	0
23	37794341413493	12	0
23	37794341413493	13	0
23	37794341413493	14	0
23	37794341413493	15	0
23	37794341413493	16	0
23	37794341413493	17	0
23	37794341413493	18	0
23	37794341413493	19	0
23	37794341413493	20	0
23	37794341413493	21	0
23	37794341413493	22	0
TOTAL	23	37794341413493	0
7	39574915154062	0	0
7	39574915154062	1	0
7	39574915154062	2	0
7	39574915154062	3	0
7	39574915154062	4	0
7	39574915154062	5	0
7	39574915154062	6	0
TOTAL	7	39574915154062	0
8	39574915154062	0	0
8	39574915154062	1	0
8	39574915154062	2	0
8	39574915154062	3	0
8	39574915154062	4	0
8	39574915154062	5	0
8	39574915154062	6	0
8	39574915154062	7	0
TOTAL	8	39574915154062	0
11	39574915154062	0	0
11	39574915154062	1	0
11	39574915154062	2	0
11	39574915154062	3	0
11	39574915154062	4	0
11	39574915154062	5	0
11	39574915154062	6	0
11	39574915154062	7	0
11	39574915154062	8	0
11	39574915154062	9	0
11	39574915154062	10	0
TOTAL	11	39574915154062	0
19	39574915154062	0	0
19	39574915154062	1	0
19	39574915154062	2	0
19	39574915154062	3	0
19	39574915154062	4	0
19	39574915154062	5	0
19	39574915154062	6	0
19	39574915154062	7	0
19	39574915154062	8	0
19	39574915154062	9	0
19	39574915154062	10	0
19	39574915154062	11	0
19	39574915154062	12	0
19	39574915154062	13	0
19	39574915154062	14	0
19	39574915154062	15	0
19	39574915154062	16	0
19	39574915154062	17	0
19	39574915154062	18	0
TOTAL	19	39574915154062	0
23	39574915154062	0	0
23	39574915154062	1	0
23	39574915154062	2	0
23	39574915154062	3	0
23	39574915154062	4	0
23	39574915154062	5	0
23	39574915154062	6	0
23	39574915154062	7	0
23	39574915154062	8	0
23	39574915154062	9	0
23	39574915154062	10	0
23	39574915154062	11	0
23	39574915154062	12	0
23	39574915154062	13	0
23	39574915154062	14	0
23	39574915154062	15	0
23	39574915154062	16	0
23	39574915154062	17	0
23	39574915154062	18	0
23	39574915154062	19	0
23	39574915154062	20	0
23	39574915154062	21	0
23	39574915154062	22	0
TOTAL	23	39574915154062	0
7	41439375601662	0	0
7	41439375601662	1	0
7	41439375601662	2	0
7	41439375601662	3	0
7	41439375601662	4	0
7	41439375601662	5	0
7	41439375601662	6	0
TOTAL	7	41439375601662	0
8	41439375601662	0	0
8	41439375601662	1	0
8	41439375601662	2	0
8	41439375601662	3	0
8	41439375601662	4	0
8	41439375601662	5	0
8	41439375601662	6	0
8	41439375601662	7	0
TOTAL	8	41439375601662	0
11	41439375601662	0	0
11	41439375601662	1	0
11	41439375601662	2	0
11	41439375601662	3	0
11	41439375601662	4	0
11	41439375601662	5	0
11	41439375601662	6	0
11	41439375601662	7	0
11	41439375601662	8	0
11	41439375601662	9	0
11	41439375601662	10	0
TOTAL	11	41439375601662	0
19	41439375601662	0	0
19	41439375601662	1	0
19	41439375601662	2	0
19	41439375601662	3	0
19	41439375601662	4	0
19	41439375601662	5	0
19	41439375601662	6	0
19	41439375601662	7	0
19	41439375601662	8	0
19	41439375601662	9	0
19	41439375601662	10	0
19	41439375601662	11	0
19	41439375601662	12	0
19	41439375601662	13	0
19	41439375601662	14	0
19	41439375601662	15	0
19	41439375601662	16	0
19	41439375601662	17	0
19	41439375601662	18	0
TOTAL	19	41439375601662	0
23	41439375601662	0	0
23	41439375601662	1	0
23	41439375601662	2	0
23	41439375601662	3	0
23	41439375601662	4	0
23	41439375601662	5	0
23	41439375601662	6	0
23	41439375601662	7	0
23	41439375601662	8	0
23	41439375601662	9	0
23	41439375601662	10	0
23	41439375601662	11	0
23	41439375601662	12	0
23	41439375601662	13	0
23	41439375601662	14	0
23	41439375601662	15	0
23	41439375601662	16	0
23	41439375601662	17	0
23	41439375601662	18	0
23	41439375601662	19	0
23	41439375601662	20	0
23	41439375601662	21	0
23	41439375601662	22	0
TOTAL	23	41439375601662	0
7	43391674841769	0	0
7	43391674841769	1	0
7	43391674841769	2	0
7	43391674841769	3	0
7	43391674841769	4	0
7	43391674841769	5	0
7	43391674841769	6	0
TOTAL	7	43391674841769	0
8	43391674841769	0	0
8	43391674841769	1	0
8	43391674841769	2	0
8	43391674841769	3	0
8	43391674841769	4	0
8	43391674841769	5	0
8	43391674841769	6	0
8	43391674841769	7	0
TOTAL	8	43391674841769	0
11	43391674841769	0	0
11	43391674841769	1	0
11	43391674841769	2	0
11	43391674841769	3	0
11	43391674841769	4	0
11	43391674841769	5	0
11	43391674841769	6	0
11	43391674841769	7	0
11	43391674841769	8	0
11	43391674841769	9	0
11	43391674841769	10	0
TOTAL	11	43391674841769	0
19	43391674841769	0	0
19	43391674841769	1	0
19	43391674841769	2	0
19	43391674841769	3	0
19	43391674841769	4	0
19	43391674841769	5	0
19	43391674841769	6	0
19	43391674841769	7	0
19	43391674841769	8	0
19	43391674841769	9	0
19	43391674841769	10	0
19	43391674841769	11	0
19	43391674841769	12	0
19	43391674841769	13	0
19	43391674841769	14	0
19	43391674841769	15	0
19	43391674841769	16	0
19	43391674841769	17	0
19	43391674841769	18	0
TOTAL	19	43391674841769	0
23	43391674841769	0	0
23	43391674841769	1	0
23	43391674841769	2	0
23	43391674841769	3	0
23	43391674841769	4	0
23	43391674841769	5	0
23	43391674841769	6	0
23	43391674841769	7	0
23	43391674841769	8	0
23	43391674841769	9	0
23	43391674841769	10	0
23	43391674841769	11	0
23	43391674841769	12	0
23	43391674841769	13	0
23	43391674841769	14	0
23	43391674841769	15	0
23	43391674841769	16	0
23	43391674841769	17	0
23	43391674841769	18	0
23	43391674841769	19	0
23	43391674841769	20	0
23	43391674841769	21	0
23	43391674841769	22	0
TOTAL	23	43391674841769	0
7	45435951151211	0	0
7	45435951151211	1	0
7	45435951151211	2	0
7	45435951151211	3	0
7	45435951151211	4	0
7	45435951151211	5	0
7	45435951151211	6	0
TOTAL	7	45435951151211	0
8	45435951151211	0	0
8	45435951151211	1	0
8	45435951151211	2	0
8	45435951151211	3	0
8	45435951151211	4	0
8	45435951151211	5	0
8	45435951151211	6	0
8	45435951151211	7	0
TOTAL	8	45435951151211	0
11	45435951151211	0	0
11	45435951151211	1	0
11	45435951151211	2	0
11	45435951151211	3	0
11	45435951151211	4	0
11	45435951151211	5	0
11	45435951151211	6	0
11	45435951151211	7	0
11	45435951151211	8	0
11	45435951151211	9	0
11	45435951151211	10	0
TOTAL	11	45435951151211	0
19	45435951151211	0	0
19	45435951151211	1	0
19	45435951151211	2	0
19	45435951151211	3	0
19	45435951151211	4	0
19	45435951151211	5	0
19	45435951151211	6	0
19	45435951151211	7	0
19	45435951151211	8	0
19	45435951151211	9	0
19	45435951151211	10	0
19	45435951151211	11	0
19	45435951151211	12	0
19	45435951151211	13	0
19	45435951151211	14	0
19	45435951151211	15	0
19	45435951151211	16	0
19	45435951151211	17	0
19	45435951151211	18	0
TOTAL	19	45435951151211	0
23	45435951151211	0	0
23	45435951151211	1	0
23	45435951151211	2	0
23	45435951151211	3	0
23	45435951151211	4	0
23	45435951151211	5	0
23	45435951151211	6	0
23	45435951151211	7	0
23	45435951151211	8	0
23	45435951151211	9	0
23	45435951151211	10	0
23	45435951151211	11	0
23	45435951151211	12	0
23	45435951151211	13	0
23	45435951151211	14	0
23	45435951151211	15	0
23	45435951151211	16	0
23	45435951151211	17	0
23	45435951151211	18	0
23	45435951151211	19	0
23	45435951151211	20	0
23	45435951151211	21	0
23	45435951151211	22	0
TOTAL	23	45435951151211	0
7	47576537770051	0	0
7	47576537770051	1	0
7	47576537770051	2	0
7	47576537770051	3	0
7	47576537770051	4	0
7	47576537770051	5	0
7	47576537770051	6	0
TOTAL	7	47576537770051	0
8	47576537770051	0	0
8	47576537770051	1	0
8	47576537770051	2	0
8	47576537770051	3	0
8	47576537770051	4	0
8	47576537770051	5	0
8	47576537770051	6	0
8	47576537770051	7	0
TOTAL	8	47576537770051	0
11	47576537770051	0	0
11	47576537770051	1	0
11	47576537770051	2	0
11	47576537770051	3	0
11	47576537770051	4	0
11	47576537770051	5	0
11	47576537770051	6	0
11	47576537770051	7	0
11	47576537770051	8	0
11	47576537770051	9	0
11	47576537770051	10	0
TOTAL	11	47576537770051	0
19	47576537770051	0	0
19	47576537770051	1	0
19	47576537770051	2	0
19	47576537770051	3	0
19	47576537770051	4	0
19	47576537770051	5	0
19	47576537770051	6	0
19	47576537770051	7	0
19	47576537770051	8	0
19	47576537770051	9	0
19	47576537770051	10	0
19	47576537770051	11	0
19	47576537770051	12	0
19	47576537770051	13	0
19	47576537770051	14	0
19	47576537770051	15	0
19	47576537770051	16	0
19	47576537770051	17	0
19	47576537770051	18	0
TOTAL	19	47576537770051	0
23	47576537770051	0	0
23	47576537770051	1	0
23	47576537770051	2	0
23	47576537770051	3	0
23	47576537770051	4	0
23	47576537770051	5	0
23	47576537770051	6	0
23	47576537770051	7	0
23	47576537770051	8	0
23	47576537770051	9	0
23	47576537770051	10	0
23	47576537770051	11	0
23	47576537770051	12	0
23	47576537770051	13	0
23	47576537770051	14	0
23	47576537770051	15	0
23	47576537770051	16	0
23	47576537770051	17	0
23	47576537770051	18	0
23	47576537770051	19	0
23	47576537770051	20	0
23	47576537770051	21	0
23	47576537770051	22	0
TOTAL	23	47576537770051	0
7	49817972086731	0	0
7	49817972086731	1	0
7	49817972086731	2	0
7	49817972086731	3	0
7	49817972086731	4	0
7	49817972086731	5	0
7	49817972086731	6	0
TOTAL	7	49817972086731	0
8	49817972086731	0	0
8	49817972086731	1	0
8	49817972086731	2	0
8	49817972086731	3	0
8	49817972086731	4	0
8	49817972086731	5	0
8	49817972086731	6	0
8	49817972086731	7	0
TOTAL	8	49817972086731	0
11	49817972086731	0	0
11	49817972086731	1	0
11	49817972086731	2	0
11	49817972086731	3	0
11	49817972086731	4	0
11	49817972086731	5	0
11	49817972086731	6	0
11	49817972086731	7	0
11	49817972086731	8	0
11	49817972086731	9	0
11	49817972086731	10	0
TOTAL	11	49817972086731	0
19	49817972086731	0	0
19	49817972086731	1	0
19	49817972086731	2	0
19	49817972086731	3	0
19	49817972086731	4	0
19	49817972086731	5	0
19	49817972086731	6	0
19	49817972086731	7	0
19	49817972086731	8	0
19	49817972086731	9	0
19	49817972086731	10	0
19	49817972086731	11	0
19	49817972086731	12	0
19	49817972086731	13	0
19	49817972086731	14	0
19	49817972086731	15	0
19	49817972086731	16	0
19	49817972086731	17	0
19	49817972086731	18	0
TOTAL	19	49817972086731	0
23	49817972086731	0	0
23	49817972086731	1	0
23	49817972086731	2	0
23	49817972086731	3	0
23	49817972086731	4	0
23	49817972086731	5	0
23	49817972086731	6	0
23	49817972086731	7	0
23	49817972086731	8	0
23	49817972086731	9	0
23	49817972086731	10	0
23	49817972086731	11	0
23	49817972086731	12	0
23	49817972086731	13	0
23	49817972086731	14	0
23	49817972086731	15	0
23	49817972086731	16	0
23	49817972086731	17	0
23	49817972086731	18	0
23	49817972086731	19	0
23	49817972086731	20	0
23	49817972086731	21	0
23	49817972086731	22	0
TOTAL	23	49817972086731	0
7	52165005255944	0	0
7	52165005255944	1	0
7	52165005255944	2	0
7	52165005255944	3	0
7	52165005255944	4	0
7	52165005255944	5	0
7	52165005255944	6	0
TOTAL	7	52165005255944	0
8	52165005255944	0	0
8	52165005255944	1	0
8	52165005255944	2	0
8	52165005255944	3	0
8	52165005255944	4	0
8	52165005255944	5	0
8	52165005255944	6	0
8	52165005255944	7	0
TOTAL	8	52165005255944	0
11	52165005255944	0	0
11	52165005255944	1	0
11	52165005255944	2	0
11	52165005255944	3	0
11	52165005255944	4	0
11	52165005255944	5	0
11	52165005255944	6	0
11	52165005255944	7	0
11	52165005255944	8	0
11	52165005255944	9	0
11	52165005255944	10	0
TOTAL	11	52165005255944	0
19	52165005255944	0	0
19	52165005255944	1	0
19	52165005255944	2	0
19	52165005255944	3	0
19	52165005255944	4	0
19	52165005255944	5	0
19	52165005255944	6	0
19	52165005255944	7	0
19	52165005255944	8	0
19	52165005255944	9	0
19	52165005255944	10	0
19	52165005255944	11	0
19	52165005255944	12	0
19	52165005255944	13	0
19	52165005255944	14	0
19	52165005255944	15	0
19	52165005255944	16	0
19	52165005255944	17	0
19	52165005255944	18	0
TOTAL	19	52165005255944	0
23	52165005255944	0	0
23	52165005255944	1	0
23	52165005255944	2	0
23	52165005255944	3	0
23	52165005255944	4	0
23	52165005255944	5	0
23	52165005255944	6	0
23	52165005255944	7	0
23	52165005255944	8	0
23	52165005255944	9	0
23	52165005255944	10	0
23	52165005255944	11	0
23	52165005255944	12	0
23	52165005255944	13	0
23	52165005255944	14	0
23	52165005255944	15	0
23	52165005255944	16	0
23	52165005255944	17	0
23	52165005255944	18	0
23	52165005255944	19	0
23	52165005255944	20	0
23	52165005255944	21	0
23	52165005255944	22	0
TOTAL	23	52165005255944	0
7	54622612269628	0	0
7	54622612269628	1	0
7	54622612269628	2	0
7	54622612269628	3	0
7	54622612269628	4	0
7	54622612269628	5	0
7	54622612269628	6	0
TOTAL	7	54622612269628	0
8	54622612269628	0	0
8	54622612269628	1	0
8	54622612269628	2	0
8	54622612269628	3	0
8	54622612269628	4	0
8	54622612269628	5	0
8	54622612269628	6	0
8	54622612269628	7	0
TOTAL	8	54622612269628	0
11	54622612269628	0	0
11	54622612269628	1	0
11	54622612269628	2	0
11	54622612269628	3	0
11	54622612269628	4	0
11	54622612269628	5	0
11	54622612269628	6	0
11	54622612269628	7	0
11	54622612269628	8	0
11	54622612269628	9	0
11	54622612269628	10	0
TOTAL	11	54622612269628	0
19	54622612269628	0	0
19	54622612269628	1	0
19	54622612269628	2	0
19	54622612269628	3	0
19	54622612269628	4	0
19	54622612269628	5	0
19	54622612269628	6	0
19	54622612269628	7	0
19	54622612269628	8	0
19	54622612269628	9	0
19	54622612269628	10	0
19	54622612269628	11	0
19	54622612269628	12	0
19	54622612269628	13	0
19	54622612269628	14	0
19	54622612269628	15	0
19	54622612269628	16	0
19	54622612269628	17	0
19	54622612269628	18	0
TOTAL	19	54622612269628	0
23	54622612269628	0	0
23	54622612269628	1	0
23	54622612269628	2	0
23	54622612269628	3	0
23	54622612269628	4	0
23	54622612269628	5	0
23	54622612269628	6	0
23	54622612269628	7	0
23	54622612269628	8	0
23	54622612269628	9	0
23	54622612269628	10	0
23	54622612269628	11	0
23	54622612269628	12	0
23	54622612269628	13	0
23	54622612269628	14	0
23	54622612269628	15	0
23	54622612269628	16	0
23	54622612269628	17	0
23	54622612269628	18	0
23	54622612269628	19	0
23	54622612269628	20	0
23	54622612269628	21	0
23	54622612269628	22	0
TOTAL	23	54622612269628	0
7	57196002502427	0	0
7	57196002502427	1	0
7	57196002502427	2	0
7	57196002502427	3	0
7	57196002502427	4	0
7	57196002502427	5	0
7	57196002502427	6	0
TOTAL	7	57196002502427	0
8	57196002502427	0	0
8	57196002502427	1	0
8	57196002502427	2	0
8	57196002502427	3	0
8	57196002502427	4	0
8	57196002502427	5	0
8	57196002502427	6	0
8	57196002502427	7	0
TOTAL	8	57196002502427	0
11	57196002502427	0	0
11	57196002502427	1	0
11	57196002502427	2	0
11	57196002502427	3	0
11	57196002502427	4	0
11	57196002502427	5	0
11	57196002502427	6	0
11	57196002502427	7	0
11	57196002502427	8	0
11	57196002502427	9	0
11	57196002502427	10	0
TOTAL	11	57196002502427	0
19	57196002502427	0	0
19	57196002502427	1	0
19	57196002502427	2	0
19	57196002502427	3	0
19	57196002502427	4	0
19	57196002502427	5	0
19	57196002502427	6	0
19	57196002502427	7	0
19	57196002502427	8	0
19	57196002502427	9	0
19	57196002502427	10	0
19	57196002502427	11	0
19	57196002502427	12	0
19	57196002502427	13	0
19	57196002502427	14	0
19	57196002502427	15	0
19	57196002502427	16	0
19	57196002502427	17	0
19	57196002502427	18	0
TOTAL	19	57196002502427	0
23	57196002502427	0	0
23	57196002502427	1	0
23	57196002502427	2	0
23	57196002502427	3	0
23	57196002502427	4	0
23	57196002502427	5	0
23	57196002502427	6	0
23	57196002502427	7	0
23	57196002502427	8	0
23	57196002502427	9	0
23	57196002502427	10	0
23	57196002502427	11	0
23	57196002502427	12	0
23	57196002502427	13	0
23	57196002502427	14	0
23	57196002502427	15	0
23	57196002502427	16	0
23	57196002502427	17	0
23	57196002502427	18	0
23	57196002502427	19	0
23	57196002502427	20	0
23	57196002502427	21	0
23	57196002502427	22	0
TOTAL	23	57196002502427	0
7	59890630753972	0	0
7	59890630753972	1	0
7	59890630753972	2	0
7	59890630753972	3	0
7	59890630753972	4	0
7	59890630753972	5	0
7	59890630753972	6	0
TOTAL	7	59890630753972	0
8	59890630753972	0	0
8	59890630753972	1	0
8	59890630753972	2	0
8	59890630753972	3	0
8	59890630753972	4	0
8	59890630753972	5	0
8	59890630753972	6	0
8	59890630753972	7	0
TOTAL	8	59890630753972	0
11	59890630753972	0	0
11	59890630753972	1	0
11	59890630753972	2	0
11	59890630753972	3	0
11	59890630753972	4	0
11	59890630753972	5	0
11	59890630753972	6	0
11	59890630753972	7	0
11	59890630753972	8	0
11	59890630753972	9	0
11	59890630753972	10	0
TOTAL	11	59890630753972	0
19	59890630753972	0	0
19	59890630753972	1	0
19	59890630753972	2	0
19	59890630753972	3	0
19	59890630753972	4	0
19	59890630753972	5	0
19	59890630753972	6	0
19	59890630753972	7	0
19	59890630753972	8	0
19	59890630753972	9	0
19	59890630753972	10	0
19	59890630753972	11	0
19	59890630753972	12	0
19	59890630753972	13	0
19	59890630753972	14	0
19	59890630753972	15	0
19	59890630753972	16	0
19	59890630753972	17	0
19	59890630753972	18	0
TOTAL	19	59890630753972	0
23	59890630753972	0	0
23	59890630753972	1	0
23	59890630753972	2	0
23	59890630753972	3	0
23	59890630753972	4	0
23	59890630753972	5	0
23	59890630753972	6	0
23	59890630753972	7	0
23	59890630753972	8	0
23	59890630753972	9	0
23	59890630753972	10	0
23	59890630753972	11	0
23	59890630753972	12	0
23	59890630753972	13	0
23	59890630753972	14	0
23	59890630753972	15	0
23	59890630753972	16	0
23	59890630753972	17	0
23	59890630753972	18	0
23	59890630753972	19	0
23	59890630753972	20	0
23	59890630753972	21	0
23	59890630753972	22	0
TOTAL	23	59890630753972	0
7	62712208811383	0	0
7	62712208811383	1	0
7	62712208811383	2	0
7	62712208811383	3	0
7	62712208811383	4	0
7	62712208811383	5	0
7	62712208811383	6	0
TOTAL	7	62712208811383	0
8	62712208811383	0	0
8	62712208811383	1	0
8	62712208811383	2	0
8	62712208811383	3	0
8	62712208811383	4	0
8	62712208811383	5	0
8	62712208811383	6	0
8	62712208811383	7	0
TOTAL	8	62712208811383	0
11	62712208811383	0	0
11	62712208811383	1	0
11	62712208811383	2	0
11	62712208811383	3	0
11	62712208811383	4	0
11	62712208811383	5	0
11	62712208811383	6	0
11	62712208811383	7	0
11	62712208811383	8	0
11	62712208811383	9	0
11	62712208811383	10	0
TOTAL	11	62712208811383	0
19	62712208811383	0	0
19	62712208811383	1	0
19	62712208811383	2	0
19	62712208811383	3	0
19	62712208811383	4	0
19	62712208811383	5	0
19	62712208811383	6	0
19	62712208811383	7	0
19	62712208811383	8	0
19	62712208811383	9	0
19	62712208811383	10	0
19	62712208811383	11	0
19	62712208811383	12	0
19	62712208811383	13	0
19	62712208811383	14	0
19	62712208811383	15	0
19	62712208811383	16	0
19	62712208811383	17	0
19	62712208811383	18	0
TOTAL	19	62712208811383	0
23	62712208811383	0	0
23	62712208811383	1	0
23	62712208811383	2	0
23	62712208811383	3	0
23	62712208811383	4	0
23	62712208811383	5	0
23	62712208811383	6	0
23	62712208811383	7	0
23	62712208811383	8	0
23	62712208811383	9	0
23	62712208811383	10	0
23	62712208811383	11	0
23	62712208811383	12	0
23	62712208811383	13	0
23	62712208811383	14	0
23	62712208811383	15	0
23	62712208811383	16	0
23	62712208811383	17	0
23	62712208811383	18	0
23	62712208811383	19	0
23	62712208811383	20	0
23	62712208811383	21	0
23	62712208811383	22	0
TOTAL	23	62712208811383	0
7	65666717556514	0	0
7	65666717556514	1	0
7	65666717556514	2	0
7	65666717556514	3	0
7	65666717556514	4	0
7	65666717556514	5	0
7	65666717556514	6	0
TOTAL	7	65666717556514	0
8	65666717556514	0	0
8	65666717556514	1	0
8	65666717556514	2	0
8	65666717556514	3	0
8	65666717556514	4	0
8	65666717556514	5	0
8	65666717556514	6	0
8	65666717556514	7	0
TOTAL	8	65666717556514	0
11	65666717556514	0	0
11	65666717556514	1	0
11	65666717556514	2	0
11	65666717556514	3	0
11	65666717556514	4	0
11	65666717556514	5	0
11	65666717556514	6	0
11	65666717556514	7	0
11	65666717556514	8	0
11	65666717556514	9	0
11	65666717556514	10	0
TOTAL	11	65666717556514	0
19	65666717556514	0	0
19	65666717556514	1	0
19	65666717556514	2	0
19	65666717556514	3	0
19	65666717556514	4	0
19	65666717556514	5	0
19	65666717556514	6	0
19	65666717556514	7	0
19	65666717556514	8	0
19	65666717556514	9	0
19	65666717556514	10	0
19	65666717556514	11	0
19	65666717556514	12	0
19	65666717556514	13	0
19	65666717556514	14	0
19	65666717556514	15	0
19	65666717556514	16	0
19	65666717556514	17	0
19	65666717556514	18	0
TOTAL	19	65666717556514	0
23	65666717556514	0	0
23	65666717556514	1	0
23	65666717556514	2	0
23	65666717556514	3	0
23	65666717556514	4	0
23	65666717556514	5	0
23	65666717556514	6	0
23	65666717556514	7	0
23	65666717556514	8	0
23	65666717556514	9	0
23	65666717556514	10	0
23	65666717556514	11	0
23	65666717556514	12	0
23	65666717556514	13	0
23	65666717556514	14	0
23	65666717556514	15	0
23	65666717556514	16	0
23	65666717556514	17	0
23	65666717556514	18	0
23	65666717556514	19	0
23	65666717556514	20	0
23	65666717556514	21	0
23	65666717556514	22	0
TOTAL	23	65666717556514	0
7	68760419643587	0	0
7	68760419643587	1	0
7	68760419643587	2	0
7	68760419643587	3	0
7	68760419643587	4	0
7	68760419643587	5	0
7	68760419643587	6	0
TOTAL	7	68760419643587	0
8	68760419643587	0	0
8	68760419643587	1	0
8	68760419643587	2	0
8	68760419643587	3	0
8	68760419643587	4	0
8	68760419643587	5	0
8	68760419643587	6	0
8	68760419643587	7	0
TOTAL	8	68760419643587	0
11	68760419643587	0	0
11	68760419643587	1	0
11	68760419643587	2	0
11	68760419643587	3	0
11	68760419643587	4	0
11	68760419643587	5	0
11	68760419643587	6	0
11	68760419643587	7	0
11	68760419643587	8	0
11	68760419643587	9	0
11	68760419643587	10	0
TOTAL	11	68760419643587	0
19	68760419643587	0	0
19	68760419643587	1	0
19	68760419643587	2	0
19	68760419643587	3	0
19	68760419643587	4	0
19	68760419643587	5	0
19	68760419643587	6	0
19	68760419643587	7	0
19	68760419643587	8	0
19	68760419643587	9	0
19	68760419643587	10	0
19	68760419643587	11	0
19	68760419643587	12	0
19	68760419643587	13	0
19	68760419643587	14	0
19	68760419643587	15	0
19	68760419643587	16	0
19	68760419643587	17	0
19	68760419643587	18	0
TOTAL	19	68760419643587	0
23	68760419643587	0	0
23	68760419643587	1	0
23	68760419643587	2	0
23	68760419643587	3	0
23	68760419643587	4	0
23	68760419643587	5	0
23	68760419643587	6	0
23	68760419643587	7	0
23	68760419643587	8	0
23	68760419643587	9	0
23	68760419643587	10	0
23	68760419643587	11	0
23	68760419643587	12	0
23	68760419643587	13	0
23	68760419643587	14	0
23	68760419643587	15	0
23	68760419643587	16	0
23	68760419643587	17	0
23	68760419643587	18	0
23	68760419643587	19	0
23	68760419643587	20	0
23	68760419643587	21	0
23	68760419643587	22	0
TOTAL	23	68760419643587	0
7	71999872774107	0	0
7	71999872774107	1	0
7	71999872774107	2	0
7	71999872774107	3	0
7	71999872774107	4	0
7	71999872774107	5	0
7	71999872774107	6	0
TOTAL	7	71999872774107	0
8	71999872774107	0	0
8	71999872774107	1	0
8	71999872774107	2	0
8	71999872774107	3	0
8	71999872774107	4	0
8	71999872774107	5	0
8	71999872774107	6	0
8	71999872774107	7	0
TOTAL	8	71999872774107	0
11	71999872774107	0	0
11	71999872774107	1	0
11	71999872774107	2	0
11	71999872774107	3	0
11	71999872774107	4	0
11	71999872774107	5	0
11	71999872774107	6	0
11	71999872774107	7	0
11	71999872774107	8	0
11	71999872774107	9	0
11	71999872774107	10	0
TOTAL	11	71999872774107	0
19	71999872774107	0	0
19	71999872774107	1	0
19	71999872774107	2	0
19	71999872774107	3	0
19	71999872774107	4	0
19	71999872774107	5	0
19	71999872774107	6	0
19	71999872774107	7	0
19	71999872774107	8	0
19	71999872774107	9	0
19	71999872774107	10	0
19	71999872774107	11	0
19	71999872774107	12	0
19	71999872774107	13	0
19	71999872774107	14	0
19	71999872774107	15	0
19	71999872774107	16	0
19	71999872774107	17	0
19	71999872774107	18	0
TOTAL	19	71999872774107	0
23	71999872774107	0	0
23	71999872774107	1	0
23	71999872774107	2	0
23	71999872774107	3	0
23	71999872774107	4	0
23	71999872774107	5	0
23	71999872774107	6	0
23	71999872774107	7	0
23	71999872774107	8	0
23	71999872774107	9	0
23	71999872774107	10	0
23	71999872774107	11	0
23	71999872774107	12	0
23	71999872774107	13	0
23	71999872774107	14	0
23	71999872774107	15	0
23	71999872774107	16	0
23	71999872774107	17	0
23	71999872774107	18	0
23	71999872774107	19	0
23	71999872774107	20	0
23	71999872774107	21	0
23	71999872774107	22	0
TOTAL	23	71999872774107	0
7	75391943597177	0	0
7	75391943597177	1	0
7	75391943597177	2	0
7	75391943597177	3	0
7	75391943597177	4	0
7	75391943597177	5	0
7	75391943597177	6	0
TOTAL	7	75391943597177	0
8	75391943597177	0	0
8	75391943597177	1	0
8	75391943597177	2	0
8	75391943597177	3	0
8	75391943597177	4	0
8	75391943597177	5	0
8	75391943597177	6	0
8	75391943597177	7	0
TOTAL	8	75391943597177	0
11	75391943597177	0	0
11	75391943597177	1	0
11	75391943597177	2	0
11	75391943597177	3	0
11	75391943597177	4	0
11	75391943597177	5	0
11	75391943597177	6	0
11	75391943597177	7	0
11	75391943597177	8	0
11	75391943597177	9	0
11	75391943597177	10	0
TOTAL	11	75391943597177	0
19	75391943597177	0	0
19	75391943597177	1	0
19	75391943597177	2	0
19	75391943597177	3	0
19	75391943597177	4	0
19	75391943597177	5	0
19	75391943597177	6	0
19	75391943597177	7	0
19	75391943597177	8	0
19	75391943597177	9	0
19	75391943597177	10	0
19	75391943597177	11	0
19	75391943597177	12	0
19	75391943597177	13	0
19	75391943597177	14	0
19	75391943597177	15	0
19	75391943597177	16	0
19	75391943597177	17	0
19	75391943597177	18	0
TOTAL	19	75391943597177	0
23	75391943597177	0	0
23	75391943597177	1	0
23	75391943597177	2	0
23	75391943597177	3	0
23	75391943597177	4	0
23	75391943597177	5	0
23	75391943597177	6	0
23	75391943597177	7	0
23	75391943597177	8	0
23	75391943597177	9	0
23	75391943597177	10	0
23	75391943597177	11	0
23	75391943597177	12	0
23	75391943597177	13	0
23	75391943597177	14	0
23	75391943597177	15	0
23	75391943597177	16	0
23	75391943597177	17	0
23	75391943597177	18	0
23	75391943597177	19	0
23	75391943597177	20	0
23	75391943597177	21	0
23	75391943597177	22	0
TOTAL	23	75391943597177	0
7	78943822264697	0	0
7	78943822264697	1	0
7	78943822264697	2	0
7	78943822264697	3	0
7	78943822264697	4	0
7	78943822264697	5	0
7	78943822264697	6	0
TOTAL	7	78943822264697	0
8	78943822264697	0	0
8	78943822264697	1	0
8	78943822264697	2	0
8	78943822264697	3	0
8	78943822264697	4	0
8	78943822264697	5	0
8	78943822264697	6	0
8	78943822264697	7	0
TOTAL	8	78943822264697	0
11	78943822264697	0	0
11	78943822264697	1	0
11	78943822264697	2	0
11	78943822264697	3	0
11	78943822264697	4	0
11	78943822264697	5	0
11	78943822264697	6	0
11	78943822264697	7	0
11	78943822264697	8	0
11	78943822264697	9	0
11	78943822264697	10	0
TOTAL	11	78943822264697	0
19	78943822264697	0	0
19	78943822264697	1	0
19	78943822264697	2	0
19	78943822264697	3	0
19	78943822264697	4	0
19	78943822264697	5	0
19	78943822264697	6	0
19	78943822264697	7	0
19	78943822264697	8	0
19	78943822264697	9	0
19	78943822264697	10	0
19	78943822264697	11	0
19	78943822264697	12	0
19	78943822264697	13	0
19	78943822264697	14	0
19	78943822264697	15	0
19	78943822264697	16	0
19	78943822264697	17	0
19	78943822264697	18	0
TOTAL	19	78943822264697	0
23	78943822264697	0	0
23	78943822264697	1	0
23	78943822264697	2	0
23	78943822264697	3	0
23	78943822264697	4	0
23	78943822264697	5	0
23	78943822264697	6	0
23	78943822264697	7	0
23	78943822264697	8	0
23	78943822264697	9	0
23	78943822264697	10	0
23	78943822264697	11	0
23	78943822264697	12	0
23	78943822264697	13	0
23	78943822264697	14	0
23	78943822264697	15	0
23	78943822264697	16	0
23	78943822264697	17	0
23	78943822264697	18	0
23	78943822264697	19	0
23	78943822264697	20	0
23	78943822264697	21	0
23	78943822264697	22	0
TOTAL	23	78943822264697	0
7	82663037672284	0	0
7	82663037672284	1	0
7	82663037672284	2	0
7	82663037672284	3	0
7	82663037672284	4	0
7	82663037672284	5	0
7	82663037672284	6	0
TOTAL	7	82663037672284	0
8	82663037672284	0	0
8	82663037672284	1	0
8	82663037672284	2	0
8	82663037672284	3	0
8	82663037672284	4	0
8	82663037672284	5	0
8	82663037672284	6	0
8	82663037672284	7	0
TOTAL	8	82663037672284	0
11	82663037672284	0	0
11	82663037672284	1	0
11	82663037672284	2	0
11	82663037672284	3	0
11	82663037672284	4	0
11	82663037672284	5	0
11	82663037672284	6	0
11	82663037672284	7	0
11	82663037672284	8	0
11	82663037672284	9	0
11	82663037672284	10	0
TOTAL	11	82663037672284	0
19	82663037672284	0	0
19	82663037672284	1	0
19	82663037672284	2	0
19	82663037672284	3	0
19	82663037672284	4	0
19	82663037672284	5	0
19	82663037672284	6	0
19	82663037672284	7	0
19	82663037672284	8	0
19	82663037672284	9	0
19	82663037672284	10	0
19	82663037672284	11	0
19	82663037672284	12	0
19	82663037672284	13	0
19	82663037672284	14	0
19	82663037672284	15	0
19	82663037672284	16	0
19	82663037672284	17	0
19	82663037672284	18	0
TOTAL	19	82663037672284	0
23	82663037672284	0	0
23	82663037672284	1	0
23	82663037672284	2	0
23	82663037672284	3	0
23	82663037672284	4	0
23	82663037672284	5	0
23	82663037672284	6	0
23	82663037672284	7	0
23	82663037672284	8	0
23	82663037672284	9	0
23	82663037672284	10	0
23	82663037672284	11	0
23	82663037672284	12	0
23	82663037672284	13	0
23	82663037672284	14	0
23	82663037672284	15	0
23	82663037672284	16	0
23	82663037672284	17	0
23	82663037672284	18	0
23	82663037672284	19	0
23	82663037672284	20	0
23	82663037672284	21	0
23	82663037672284	22	0
TOTAL	23	82663037672284	0
7	86557473418223	0	0
7	86557473418223	1	0
7	86557473418223	2	0
7	86557473418223	3	0
7	86557473418223	4	0
7	86557473418223	5	0
7	86557473418223	6	0
TOTAL	7	86557473418223	0
8	86557473418223	0	0
8	86557473418223	1	0
8	86557473418223	2	0
8	86557473418223	3	0
8	86557473418223	4	0
8	86557473418223	5	0
8	86557473418223	6	0
8	86557473418223	7	0
TOTAL	8	86557473418223	0
11	86557473418223	0	0
11	86557473418223	1	0
11	86557473418223	2	0
11	86557473418223	3	0
11	86557473418223	4	0
11	86557473418223	5	0
11	86557473418223	6	0
11	86557473418223	7	0
11	86557473418223	8	0
11	86557473418223	9	0
11	86557473418223	10	0
TOTAL	11	86557473418223	0
19	86557473418223	0	0
19	86557473418223	1	0
19	86557473418223	2	0
19	86557473418223	3	0
19	86557473418223	4	0
19	86557473418223	5	0
19	86557473418223	6	0
19	86557473418223	7	0
19	86557473418223	8	0
19	86557473418223	9	0
19	86557473418223	10	0
19	86557473418223	11	0
19	86557473418223	12	0
19	86557473418223	13	0
19	86557473418223	14	0
19	86557473418223	15	0
19	86557473418223	16	0
19	86557473418223	17	0
19	86557473418223	18	0
TOTAL	19	86557473418223	0
23	86557473418223	0	0
23	86557473418223	1	0
23	86557473418223	2	0
23	86557473418223	3	0
23	86557473418223	4	0
23	86557473418223	5	0
23	86557473418223	6	0
23	86557473418223	7	0
23	86557473418223	8	0
23	86557473418223	9	0
23	86557473418223	10	0
23	86557473418223	11	0
23	86557473418223	12	0
23	86557473418223	13	0
23	86557473418223	14	0
23	86557473418223	15	0
23	86557473418223	16	0
23	86557473418223	17	0
23	86557473418223	18	0
23	86557473418223	19	0
23	86557473418223	20	0
23	86557473418223	21	0
23	86557473418223	22	0
TOTAL	23	86557473418223	0
7	90635384514286	0	0
7	90635384514286	1	0
7	90635384514286	2	0
7	90635384514286	3	0
7	90635384514286	4	0
7	90635384514286	5	0
7	90635384514286	6	0
TOTAL	7	90635384514286	0
8	90635384514286	0	0
8	90635384514286	1	0
8	90635384514286	2	0
8	90635384514286	3	0
8	90635384514286	4	0
8	90635384514286	5	0
8	90635384514286	6	0
8	90635384514286	7	0
TOTAL	8	90635384514286	0
11	90635384514286	0	0
11	90635384514286	1	0
11	90635384514286	2	0
11	90635384514286	3	0
11	90635384514286	4	0
11	90635384514286	5	0
11	90635384514286	6	0
11	90635384514286	7	0
11	90635384514286	8	0
11	90635384514286	9	0
11	90635384514286	10	0
TOTAL	11	90635384514286	0
19	90635384514286	0	0
19	90635384514286	1	0
19	90635384514286	2	0
19	90635384514286	3	0
19	90635384514286	4	0
19	90635384514286	5	0
19	90635384514286	6	0
19	90635384514286	7	0
19	90635384514286	8	0
19	90635384514286	9	0
19	90635384514286	10	0
19	90635384514286	11	0
19	90635384514286	12	0
19	90635384514286	13	0
19	90635384514286	14	0
19	90635384514286	15	0
19	90635384514286	16	0
19	90635384514286	17	0
19	90635384514286	18	0
TOTAL	19	90635384514286	0
23	90635384514286	0	0
23	90635384514286	1	0
23	90635384514286	2	0
23	90635384514286	3	0
23	90635384514286	4	0
23	90635384514286	5	0
23	90635384514286	6	0
23	90635384514286	7	0
23	90635384514286	8	0
23	90635384514286	9	0
23	90635384514286	10	0
23	90635384514286	11	0
23	90635384514286	12	0
23	90635384514286	13	0
23	90635384514286	14	0
23	90635384514286	15	0
23	90635384514286	16	0
23	90635384514286	17	0
23	90635384514286	18	0
23	90635384514286	19	0
23	90635384514286	20	0
23	90635384514286	21	0
23	90635384514286	22	0
TOTAL	23	90635384514286	0
7	94905414883828	0	0
7	94905414883828	1	0
7	94905414883828	2	0
7	94905414883828	3	0
7	94905414883828	4	0
7	94905414883828	5	0
7	94905414883828	6	0
TOTAL	7	94905414883828	0
8	94905414883828	0	0
8	94905414883828	1	0
8	94905414883828	2	0
8	94905414883828	3	0
8	94905414883828	4	0
8	94905414883828	5	0
8	94905414883828	6	0
8	94905414883828	7	0
TOTAL	8	94905414883828	0
11	94905414883828	0	0
11	94905414883828	1	0
11	94905414883828	2	0
11	94905414883828	3	0
11	94905414883828	4	0
11	94905414883828	5	0
11	94905414883828	6	0
11	94905414883828	7	0
11	94905414883828	8	0
11	94905414883828	9	0
11	94905414883828	10	0
TOTAL	11	94905414883828	0
19	94905414883828	0	0
19	94905414883828	1	0
19	94905414883828	2	0
19	94905414883828	3	0
19	94905414883828	4	0
19	94905414883828	5	0
19	94905414883828	6	0
19	94905414883828	7	0
19	94905414883828	8	0
19	94905414883828	9	0
19	94905414883828	10	0
19	94905414883828	11	0
19	94905414883828	12	0
19	94905414883828	13	0
19	94905414883828	14	0
19	94905414883828	15	0
19	94905414883828	16	0
19	94905414883828	17	0
19	94905414883828	18	0
TOTAL	19	94905414883828	0
23	94905414883828	0	0
23	94905414883828	1	0
23	94905414883828	2	0
23	94905414883828	3	0
23	94905414883828	4	0
23	94905414883828	5	0
23	94905414883828	6	0
23	94905414883828	7	0
23	94905414883828	8	0
23	94905414883828	9	0
23	94905414883828	10	0
23	94905414883828	11	0
23	94905414883828	12	0
23	94905414883828	13	0
23	94905414883828	14	0
23	94905414883828	15	0
23	94905414883828	16	0
23	94905414883828	17	0
23	94905414883828	18	0
23	94905414883828	19	0
23	94905414883828	20	0
23	94905414883828	21	0
23	94905414883828	22	0
TOTAL	23	94905414883828	0
7	99376615684263	0	0
7	99376615684263	1	0
7	99376615684263	2	0
7	99376615684263	3	0
7	99376615684263	4	0
7	99376615684263	5	0
7	99376615684263	6	0
TOTAL	7	99376615684263	0
8	99376615684263	0	0
8	99376615684263	1	0
8	99376615684263	2	0
8	99376615684263	3	0
8	99376615684263	4	0
8	99376615684263	5	0
8	99376615684263	6	0
8	99376615684263	7	0
TOTAL	8	99376615684263	0
11	99376615684263	0	0
11	99376615684263	1	0
11	99376615684263	2	0
11	99376615684263	3	0
11	99376615684263	4	0
11	99376615684263	5	0
11	99376615684263	6	0
11	99376615684263	7	0
11	99376615684263	8	0
11	99376615684263	9	0
11	99376615684263	10	0
TOTAL	11	99376615684263	0
19	99376615684263	0	0
19	99376615684263	1	0
19	99376615684263	2	0
19	99376615684263	3	0
19	99376615684263	4	0
19	99376615684263	5	0
19	99376615684263	6	0
19	99376615684263	7	0
19	99376615684263	8	0
19	99376615684263	9	0
19	99376615684263	10	0
19	99376615684263	11	0
19	99376615684263	12	0
19	99376615684263	13	0
19	99376615684263	14	0
19	99376615684263	15	0
19	99376615684263	16	0
19	99376615684263	17	0
19	99376615684263	18	0
TOTAL	19	99376615684263	0
23	99376615684263	0	0
23	99376615684263	1	0
23	99376615684263	2	0
23	99376615684263	3	0
23	99376615684263	4	0
23	99376615684263	5	0
23	99376615684263	6	0
23	99376615684263	7	0
23	99376615684263	8	0
23	99376615684263	9	0
23	99376615684263	10	0
23	99376615684263	11	0
23	99376615684263	12	0
23	99376615684263	13	0
23	99376615684263	14	0
23	99376615684263	15	0
23	99376615684263	16	0
23	99376615684263	17	0
23	99376615684263	18	0
23	99376615684263	19	0
23	99376615684263	20	0
23	99376615684263	21	0
23	99376615684263	22	0
TOTAL	23	99376615684263	0
7	100000000000000	0	0
7	100000000000000	1	0
7	100000000000000	2	0
7	100000000000000	3	0
7	100000000000000	4	0
7	100000000000000	5	0
7	100000000000000	6	0
TOTAL	7	100000000000000	0
8	100000000000000	0	0
8	100000000000000	1	0
8	100000000000000	2	0
8	100000000000000	3	0
8	100000000000000	4	0
8	100000000000000	5	0
8	100000000000000	6	0
8	100000000000000	7	0
TOTAL	8	100000000000000	0
11	100000000000000	0	0
11	100000000000000	1	0
11	100000000000000	2	0
11	100000000000000	3	0
11	100000000000000	4	0
11	100000000000000	5	0
11	100000000000000	6	0
11	100000000000000	7	0
11	100000000000000	8	0
11	100000000000000	9	0
11	100000000000000	10	0
TOTAL	11	100000000000000	0
19	100000000000000	0	0
19	100000000000000	1	0
19	100000000000000	2	0
19	100000000000000	3	0
19	100000000000000	4	0
19	100000000000000	5	0
19	100000000000000	6	0
19	100000000000000	7	0
19	100000000000000	8	0
19	100000000000000	9	0
19	100000000000000	10	0
19	100000000000000	11	0
19	100000000000000	12	0
19	100000000000000	13	0
19	100000000000000	14	0
19	100000000000000	15	0
19	100000000000000	16	0
19	100000000000000	17	0
19	100000000000000	18	0
TOTAL	19	100000000000000	0
23	100000000000000	0	0
23	100000000000000	1	0
23	100000000000000	2	0
23	100000000000000	3	0
23	100000000000000	4	0
23	100000000000000	5	0
23	100000000000000	6	0
23	100000000000000	7	0
23	100000000000000	8	0
23	100000000000000	9	0
23	100000000000000	10	0
23	100000000000000	11	0
23	100000000000000	12	0
23	100000000000000	13	0
23	100000000000000	14	0
23	100000000000000	15	0
23	100000000000000	16	0
23	100000000000000	17	0
23	100000000000000	18	0
23	100000000000000	19	0
23	100000000000000	20	0
23	100000000000000	21	0
23	100000000000000	22	0
TOTAL	23	100000000000000	0
7	104058464492742	0	0
7	104058464492742	1	20969874868
7	104058464492742	2	20969874106
7	104058464492742	3	20969882262
7	104058464492742	4	20969998776
7	104058464492742	5	20970004885
7	104058464492742	6	20969940539
TOTAL	7	104058464492742	125819575436
8	104058464492742	0	0
8	104058464492742	1	31454941514
8	104058464492742	2	0
8	104058464492742	3	31454938178
8	104058464492742	4	0
8	104058464492742	5	31454826559
8	104058464492742	6	0
8	104058464492742	7	31454869185
TOTAL	8	104058464492742	125819575436
11	104058464492742	0	0
11	104058464492742	1	12581909683
11	104058464492742	2	12581957252
11	104058464492742	3	12581946973
11	104058464492742	4	12581961762
11	104058464492742	5	12581919608
11	104058464492742	6	12581998869
11	104058464492742	7	12581988166
11	104058464492742	8	12582000097
11	104058464492742	9	12581936935
11	104058464492742	10	12581956091
TOTAL	11	104058464492742	125819575436
19	104058464492742	0	0
19	104058464492742	1	6989973162
19	104058464492742	2	6990001057
19	104058464492742	3	6989955416
19	104058464492742	4	6990004471
19	104058464492742	5	6989958675
19	104058464492742	6	6989997581
19	104058464492742	7	6989961052
19	104058464492742	8	6989985553
19	104058464492742	9	6989937934
19	104058464492742	10	6989990240
19	104058464492742	11	6989905906
19	104058464492742	12	6989979518
19	104058464492742	13	6989961639
19	104058464492742	14	6989900591
19	104058464492742	15	6990077327
19	104058464492742	16	6989963657
19	104058464492742	17	6990024091
19	104058464492742	18	6989997566
TOTAL	19	104058464492742	125819575436
23	104058464492742	0	0
23	104058464492742	1	5719070373
23	104058464492742	2	5719036187
23	104058464492742	3	5719086290
23	104058464492742	4	5719048682
23	104058464492742	5	5719096075
23	104058464492742	6	5719103236
23	104058464492742	7	5719045805
23	104058464492742	8	5719042129
23	104058464492742	9	5719080603
23	104058464492742	10	5719106712
23	104058464492742	11	5719079807
23	104058464492742	12	5719106440
23	104058464492742	13	5719078251
23	104058464492742	14	5719075434
23	104058464492742	15	5719097274
23	104058464492742	16	5719015983
23	104058464492742	17	5718998977
23	104058464492742	18	5719078764
23	104058464492742	19	5719062435
23	104058464492742	20	5719079564
23	104058464492742	21	5719059246
23	104058464492742	22	5719127169
TOTAL	23	104058464492742	125819575436
7	108960885395717	0	0
7	108960885395717	1	46266760763
7	108960885395717	2	46266829906
7	108960885395717	3	46266825750
7	108960885395717	4	46266963801
7	108960885395717	5	46266972854
7	108960885395717	6	46266920801
TOTAL	7	108960885395717	277601273875
8	108960885395717	0	0
8	108960885395717	1	69400402066
8	108960885395717	2	0
8	108960885395717	3	69400300620
8	108960885395717	4	0
8	108960885395717	5	69400244675
8	108960885395717	6	0
8	108960885395717	7	69400326514
TOTAL	8	108960885395717	277601273875
11	108960885395717	0	0
11	108960885395717	1	27760045616
11	108960885395717	2	27760162159
11	108960885395717	3	27760115705
11	108960885395717	4	27760114076
11	108960885395717	5	27760123123
11	108960885395717	6	27760221100
11	108960885395717	7	27760157469
11	108960885395717	8	27760141449
11	108960885395717	9	27760147391
11	108960885395717	10	27760045787
TOTAL	11	108960885395717	277601273875
19	108960885395717	0	0
19	108960885395717	1	15422273680
19	108960885395717	2	15422320121
19	108960885395717	3	15422321279
19	108960885395717	4	15422296454
19	108960885395717	5	15422271243
19	108960885395717	6	15422360222
19	108960885395717	7	15422282561
19	108960885395717	8	15422322676
19	108960885395717	9	15422261869
19	108960885395717	10	15422301263
19	108960885395717	11	15422244695
19	108960885395717	12	15422247605
19	108960885395717	13	15422253848
19	108960885395717	14	15422195201
19	108960885395717	15	15422352217
19	108960885395717	16	15422279717
19	108960885395717	17	15422364451
19	108960885395717	18	15422324773
TOTAL	19	108960885395717	277601273875
23	108960885395717	0	0
23	108960885395717	1	12618227075
23	108960885395717	2	12618141467
23	108960885395717	3	12618280691
23	108960885395717	4	12618242325
23	108960885395717	5	12618241587
23	108960885395717	6	12618259375
23	108960885395717	7	12618229261
23	108960885395717	8	12618279300
23	108960885395717	9	12618205387
23	108960885395717	10	12618285671
23	108960885395717	11	12618248286
23	108960885395717	12	12618278509
23	108960885395717	13	12618230945
23	108960885395717	14	12618237367
23	108960885395717	15	12618231211
23	108960885395717	16	12618210157
23	108960885395717	17	12618163197
23	108960885395717	18	12618210290
23	108960885395717	19	12618243827
23	108960885395717	20	12618247369
23	108960885395717	21	12618273793
23	108960885395717	22	12618306785
TOTAL	23	108960885395717	277601273875
7	114094270024970	0	0
7	114094270024970	1	72717850949
7	114094270024970	2	72717869480
7	114094270024970	3	72717848433
7	114094270024970	4	72718016896
7	114094270024970	5	72718026596
7	114094270024970	6	72717942804
TOTAL	7	114094270024970	436307555158
8	114094270024970	0	0
8	114094270024970	1	109076938764
8	114094270024970	2	0
8	114094270024970	3	109076925418
8	114094270024970	4	0
8	114094270024970	5	109076752967
8	114094270024970	6	0
8	114094270024970	7	109076938009
TOTAL	8	114094270024970	436307555158
11	114094270024970	0	0
11	114094270024970	1	43630630097
11	114094270024970	2	43630849282
11	114094270024970	3	43630708692
11	114094270024970	4	43630747748
11	114094270024970	5	43630823272
11	114094270024970	6	43630927987
11	114094270024970	7	43630756442
11	114094270024970	8	43630746458
11	114094270024970	9	43630710265
11	114094270024970	10	43630654915
TOTAL	11	114094270024970	436307555158
19	114094270024970	0	0
19	114094270024970	1	24239312021
19	114094270024970	2	24239379581
19	114094270024970	3	24239300322
19	114094270024970	4	24239270452
19	114094270024970	5	24239299339
19	114094270024970	6	24239332108
19	114094270024970	7	24239341864
19	114094270024970	8	24239319327
19	114094270024970	9	24239312718
19	114094270024970	10	24239318819
19	114094270024970	11	24239193144
19	114094270024970	12	24239309372
19	114094270024970	13	24239305436
19	114094270024970	14	24239221357
19	114094270024970	15	24239367565
19	114094270024970	16	24239317342
19	114094270024970	17	24239340291
19	114094270024970	18	24239314100
TOTAL	19	114094270024970	436307555158
23	114094270024970	0	0
23	114094270024970	1	19832201336
23	114094270024970	2	19832068720
23	114094270024970	3	19832253777
23	114094270024970	4	19832191986
23	114094270024970	5	19832105616
23	114094270024970	6	19832145366
23	114094270024970	7	19832204593
23	114094270024970	8	19832200992
23	114094270024970	9	19832139932
23	114094270024970	10	19832236014
23	114094270024970	11	19832157589
23	114094270024970	12	19832164648
23	114094270024970	13	19832149682
23	114094270024970	14	19832090494
23	114094270024970	15	19832203582
23	114094270024970	16	19832099827
23	114094270024970	17	19832073853
23	114094270024970	18	19832088814
23	114094270024970	19	19832180308
23	114094270024970	20	19832196654
23	114094270024970	21	19832184600
23	114094270024970	22	19832216775
TOTAL	23	114094270024970	436307555158
7	119469499584686	0	0
7	119469499584686	1	100375730045
7	119469499584686	2	100375650967
7	119469499584686	3	100375679529
7	119469499584686	4	100375825938
7	119469499584686	5	100375833143
7	119469499584686	6	100375829918
TOTAL	7	119469499584686	602254549540
8	119469499584686	0	0
8	119469499584686	1	150563686963
8	119469499584686	2	0
8	119469499584686	3	150563697839
8	119469499584686	4	0
8	119469499584686	5	150563526030
8	119469499584686	6	0
8	119469499584686	7	150563638708
TOTAL	8	119469499584686	602254549540
11	119469499584686	0	0
11	119469499584686	1	60225308458
11	119469499584686	2	60225632795
11	119469499584686	3	60225403305
11	119469499584686	4	60225416065
11	119469499584686	5	60225490244
11	119469499584686	6	60225622077
11	119469499584686	7	60225438992
11	119469499584686	8	60225400911
11	119469499584686	9	60225481685
11	119469499584686	10	60225355008
TOTAL	11	119469499584686	602254549540
19	119469499584686	0	0
19	119469499584686	1	33458562195
19	119469499584686	2	33458653931
19	119469499584686	3	33458606034
19	119469499584686	4	33458566926
19	119469499584686	5	33458614790
19	119469499584686	6	33458643193
19	119469499584686	7	33458580422
19	119469499584686	8	33458594094
19	119469499584686	9	33458569921
19	119469499584686	10	33458610622
19	119469499584686	11	33458468794
19	119469499584686	12	33458561784
19	119469499584686	13	33458638812
19	119469499584686	14	33458467092
19	119469499584686	15	33458605175
19	119469499584686	16	33458621460
19	119469499584686	17	33458668653
19	119469499584686	18	33458515642
TOTAL	19	119469499584686	602254549540
23	119469499584686	0	0
23	119469499584686	1	27375256652
23	119469499584686	2	27375080620
23	119469499584686	3	27375274109
23	119469499584686	4	27375203294
23	119469499584686	5	27375184682
23	119469499584686	6	27375171618
23	119469499584686	7	27375237354
23	119469499584686	8	27375232400
23	119469499584686	9	27375182164
23	119469499584686	10	27375255055
23	119469499584686	11	27375214512
23	119469499584686	12	27375237693
23	119469499584686	13	27375185669
23	119469499584686	14	27375128419
23	119469499584686	15	27375258095
23	119469499584686	16	27375181733
23	119469499584686	17	27375111623
23	119469499584686	18	27375155986
23	119469499584686	19	27375215961
23	119469499584686	20	27375283622
23	119469499584686	21	27375237270
23	119469499584686	22	27375261009
TOTAL	23	119469499584686	602254549540
7	125097967916282	0	0
7	125097967916282	1	129295495444
7	125097967916282	2	129295468214
7	125097967916282	3	129295415120
7	125097967916282	4	129295529309
7	125097967916282	5	129295603815
7	125097967916282	6	129295520778
TOTAL	7	125097967916282	775773032680
8	125097967916282	0	0
8	125097967916282	1	193943328117
8	125097967916282	2	0
8	125097967916282	3	193943408350
8	125097967916282	4	0
8	125097967916282	5	193943057852
8	125097967916282	6	0
8	125097967916282	7	193943238361
TOTAL	8	125097967916282	775773032680
11	125097967916282	0	0
11	125097967916282	1	77577319672
11	125097967916282	2	77577448779
11	125097967916282	3	77577196743
11	125097967916282	4	77577245124
11	125097967916282	5	77577342174
11	125097967916282	6	77577405258
11	125097967916282	7	77577258628
11	125097967916282	8	77577272743
11	125097967916282	9	77577278693
11	125097967916282	10	77577264866
TOTAL	11	125097967916282	775773032680
19	125097967916282	0	0
19	125097967916282	1	43098457469
19	125097967916282	2	43098584337
19	125097967916282	3	43098465264
19	125097967916282	4	43098463137
19	125097967916282	5	43098484673
19	125097967916282	6	43098551178
19	125097967916282	7	43098521746
19	125097967916282	8	43098530818
19	125097967916282	9	43098515819
19	125097967916282	10	43098526506
19	125097967916282	11	43098430497
19	125097967916282	12	43098471327
19	125097967916282	13	43098589771
19	125097967916282	14	43098439063
19	125097967916282	15	43098508818
19	125097967916282	16	43098494249
19	125097967916282	17	43098589967
19	125097967916282	18	43098408041
TOTAL	19	125097967916282	775773032680
23	125097967916282	0	0
23	125097967916282	1	35262415380
23	125097967916282	2	35262295624
23	125097967916282	3	35262429202
23	125097967916282	4	35262413900
23	125097967916282	5	35262447912
23	125097967916282	6	35262351777
23	125097967916282	7	35262388962
23	125097967916282	8	35262409195
23	125097967916282	9	35262330100
23	125097967916282	10	35262496365
23	125097967916282	11	35262458990
23	125097967916282	12	35262384293
23	125097967916282	13	35262451326
23	125097967916282	14	35262346443
23	125097967916282	15	35262444153
23	125097967916282	16	35262389031
23	125097967916282	17	35262386668
23	125097967916282	18	35262313268
23	125097967916282	19	35262437595
23	125097967916282	20	35262455667
23	125097967916282	21	35262470421
23	125097967916282	22	35262516408
TOTAL	23	125097967916282	775773032680
7	130991605649859	0	0
7	130991605649859	1	159534842419
7	130991605649859	2	159534805458
7	130991605649859	3	159534711155
7	130991605649859	4	159534786001
7	130991605649859	5	159534906231
7	130991605649859	6	159534841011
TOTAL	7	130991605649859	957208892275
8	130991605649859	0	0
8	130991605649859	1	239302304965
8	130991605649859	2	0
8	130991605649859	3	239302291163
8	130991605649859	4	0
8	130991605649859	5	239302016091
8	130991605649859	6	0
8	130991605649859	7	239302280056
TOTAL	8	130991605649859	957208892275
11	130991605649859	0	0
11	130991605649859	1	95720856909
11	130991605649859	2	95721004767
11	130991605649859	3	95720804449
11	130991605649859	4	95720795913
11	130991605649859	5	95720940928
11	130991605649859	6	95721015211
11	130991605649859	7	95720812748
11	130991605649859	8	95720916189
11	130991605649859	9	95720901027
11	130991605649859	10	95720844134
TOTAL	11	130991605649859	957208892275
19	130991605649859	0	0
19	130991605649859	1	53178196615
19	130991605649859	2	53178337293
19	130991605649859	3	53178287943
19	130991605649859	4	53178209680
19	130991605649859	5	53178239194
19	130991605649859	6	53178276941
19	130991605649859	7	53178313394
19	130991605649859	8	53178338186
19	130991605649859	9	53178239679
19	130991605649859	10	53178339966
19	130991605649859	11	53178232528
19	130991605649859	12	53178245087
19	130991605649859	13	53178347370
19	130991605649859	14	53178241927
19	130991605649859	15	53178282329
19	130991605649859	16	53178291375
19	130991605649859	17	53178331763
19	130991605649859	18	53178141005
TOTAL	19	130991605649859	957208892275
23	130991605649859	0	0
23	130991605649859	1	43509591877
23	130991605649859	2	43509441418
23	130991605649859	3	43509496911
23	130991605649859	4	43509439102
23	130991605649859	5	43509551655
23	130991605649859	6	43509542691
23	130991605649859	7	43509518587
23	130991605649859	8	43509473296
23	130991605649859	9	43509403375
23	130991605649859	10	43509578037
23	130991605649859	11	43509467880
23	130991605649859	12	43509458600
23	130991605649859	13	43509504298
23	130991605649859	14	43509429324
23	130991605649859	15	43509458702
23	130991605649859	16	43509487633
23	130991605649859	17	43509442289
23	130991605649859	18	43509414653
23	130991605649859	19	43509523802
23	130991605649859	20	43509489305
23	130991605649859	21	43509560675
23	130991605649859	22	43509618165
TOTAL	23	130991605649859	957208892275
7	137162905493486	0	0
7	137162905493486	1	191153939420
7	137162905493486	2	191153972580
7	137162905493486	3	191153880038
7	137162905493486	4	191153946268
7	137162905493486	5	191154071296
7	137162905493486	6	191153950365
TOTAL	7	137162905493486	1146923759967
8	137162905493486	0	0
8	137162905493486	1	286730961433
8	137162905493486	2	0
8	137162905493486	3	286731133842
8	137162905493486	4	0
8	137162905493486	5	286730642703
8	137162905493486	6	0
8	137162905493486	7	286731021989
TOTAL	8	137162905493486	1146923759967
11	137162905493486	0	0
11	137162905493486	1	114692322939
11	137162905493486	2	114692500154
11	137162905493486	3	114692261838
11	137162905493486	4	114692272383
11	137162905493486	5	114692402204
11	137162905493486	6	114692473111
11	137162905493486	7	114692365935
11	137162905493486	8	114692363571
11	137162905493486	9	114692451564
11	137162905493486	10	114692346268
TOTAL	11	137162905493486	1146923759967
19	137162905493486	0	0
19	137162905493486	1	63717863721
19	137162905493486	2	63717952000
19	137162905493486	3	63718043287
19	137162905493486	4	63717891841
19	137162905493486	5	63717972307
19	137162905493486	6	63717952205
19	137162905493486	7	63718004026
19	137162905493486	8	63718025689
19	137162905493486	9	63718006027
19	137162905493486	10	63717997327
19	137162905493486	11	63717960914
19	137162905493486	12	63718048115
19	137162905493486	13	63718053816
19	137162905493486	14	63717952373
19	137162905493486	15	63718046705
19	137162905493486	16	63718004917
19	137162905493486	17	63718068309
19	137162905493486	18	63717916388
TOTAL	19	137162905493486	1146923759967
23	137162905493486	0	0
23	137162905493486	1	52132951987
23	137162905493486	2	52132833994
23	137162905493486	3	52132909217
23	137162905493486	4	52132929489
23	137162905493486	5	52132887237
23	137162905493486	6	52132946968
23	137162905493486	7	52132896205
23	137162905493486	8	52132864358
23	137162905493486	9	52132776208
23	137162905493486	10	52133024340
23	137162905493486	11	52132891498
23	137162905493486	12	52132924903
23	137162905493486	13	52132923429
23	137162905493486	14	52132874370
23	137162905493486	15	52132855924
23	137162905493486	16	52132835219
23	137162905493486	17	52132880137
23	137162905493486	18	52132806377
23	137162905493486	19	52132945387
23	137162905493486	20	52132869242
23	137162905493486	21	52132925294
23	137162905493486	22	52133008184
TOTAL	23	137162905493486	1146923759967
7	143624948713920	0	0
7	143624948713920	1	224215905792
7	143624948713920	2	224215979228
7	143624948713920	3	224215925371
7	143624948713920	4	224215988672
7	143624948713920	5	224216017394
7	143624948713920	6	224215972033
TOTAL	7	143624948713920	1345295788490
8	143624948713920	0	0
8	143624948713920	1	336324014898
8	143624948713920	2	0
8	143624948713920	3	336324023736
8	143624948713920	4	0
8	143624948713920	5	336323721975
8	143624948713920	6	0
8	143624948713920	7	336324027881
TOTAL	8	143624948713920	1345295788490
11	143624948713920	0	0
11	143624948713920	1	134529573055
11	143624948713920	2	134529629194
11	143624948713920	3	134529388125
11	143624948713920	4	134529434105
11	143624948713920	5	134529590849
11	143624948713920	6	134529755766
11	143624948713920	7	134529553534
11	143624948713920	8	134529521510
11	143624948713920	9	134529694600
11	143624948713920	10	134529647752
TOTAL	11	143624948713920	1345295788490
19	143624948713920	0	0
19	143624948713920	1	74738533642
19	143624948713920	2	74738628640
19	143624948713920	3	74738726424
19	143624948713920	4	74738588272
19	143624948713920	5	74738682386
19	143624948713920	6	74738611649
19	143624948713920	7	74738672468
19	143624948713920	8	74738739566
19	143624948713920	9	74738673544
19	143624948713920	10	74738689830
19	143624948713920	11	74738599777
19	143624948713920	12	74738683284
19	143624948713920	13	74738683440
19	143624948713920	14	74738637370
19	143624948713920	15	74738694943
19	143624948713920	16	74738628612
19	143624948713920	17	74738764206
19	143624948713920	18	74738550437
TOTAL	19	143624948713920	1345295788490
23	143624948713920	0	0
23	143624948713920	1	61149838995
23	143624948713920	2	61149732087
23	143624948713920	3	61149826542
23	143624948713920	4	61149788823
23	143624948713920	5	61149767712
23	143624948713920	6	61149811506
23	143624948713920	7	61149827175
23	143624948713920	8	61149727659
23	143624948713920	9	61149653605
23	143624948713920	10	61149891075
23	143624948713920	11	61149857562
23	143624948713920	12	61149740485
23	143624948713920	13	61149855474
23	143624948713920	14	61149820458
23	143624948713920	15	61149862901
23	143624948713920	16	61149779887
23	143624948713920	17	61149856519
23	143624948713920	18	61149743455
23	143624948713920	19	61149861736
23	143624948713920	20	61149768574
23	143624948713920	21	61149827162
23	143624948713920	22	61149949098
TOTAL	23	143624948713920	1345295788490
7	150391432864885	0	0
7	150391432864885	1	258786651583
7	150391432864885	2	258786724681
7	150391432864885	3	258786670788
7	150391432864885	4	258786772810
7	150391432864885	5	258786670785
7	150391432864885	6	258786797011
TOTAL	7	150391432864885	1552720287658
8	150391432864885	0	0
8	150391432864885	1	388180107737
8	150391432864885	2	0
8	150391432864885	3	388180127780
8	150391432864885	4	0
8	150391432864885	5	388179806649
8	150391432864885	6	0
8	150391432864885	7	388180245492
TOTAL	8	150391432864885	1552720287658
11	150391432864885	0	0
11	150391432864885	1	155272012275
11	150391432864885	2	155272077843
11	150391432864885	3	155271859363
11	150391432864885	4	155271941054
11	150391432864885	5	155271978335
11	150391432864885	6	155272220794
11	150391432864885	7	155271975850
11	150391432864885	8	155272011829
11	150391432864885	9	155272168530
11	150391432864885	10	155272041785
TOTAL	11	150391432864885	1552720287658
19	150391432864885	0	0
19	150391432864885	1	86262106217
19	150391432864885	2	86262230852
19	150391432864885	3	86262307945
19	150391432864885	4	86262208503
19	150391432864885	5	86262244651
19	150391432864885	6	86262185492
19	150391432864885	7	86262210065
19	150391432864885	8	86262337479
19	150391432864885	9	86262269675
19	150391432864885	10	86262277478
19	150391432864885	11	86262154501
19	150391432864885	12	86262242580
19	150391432864885	13	86262319888
19	150391432864885	14	86262215273
19	150391432864885	15	86262269817
19	150391432864885	16	86262165037
19	150391432864885	17	86262317483
19	150391432864885	18	86262224722
TOTAL	19	150391432864885	1552720287658
23	150391432864885	0	0
23	150391432864885	1	70578279216
23	150391432864885	2	70578049439
23	150391432864885	3	70578219393
23	150391432864885	4	70578166963
23	150391432864885	5	70578165451
23	150391432864885	6	70578226719
23	150391432864885	7	70578238126
23	150391432864885	8	70578182294
23	150391432864885	9	70578025310
23	150391432864885	10	70578309643
23	150391432864885	11	70578234176
23	150391432864885	12	70578107107
23	150391432864885	13	70578236562
23	150391432864885	14	70578193551
23	150391432864885	15	70578222292
23	150391432864885	16	70578189662
23	150391432864885	17	70578166092
23	150391432864885	18	70578106054
23	150391432864885	19	70578274825
23	150391432864885	20	70578167224
23	150391432864885	21	70578198085
23	150391432864885	22	70578329474
TOTAL	23	150391432864885	1552720287658
7	157476700821694	0	0
7	157476700821694	1	294935150691
7	157476700821694	2	294935136824
7	157476700821694	3	294935239276
7	157476700821694	4	294935230056
7	157476700821694	5	294935218412
7	157476700821694	6	294935230218
TOTAL	7	157476700821694	1769611205477
8	157476700821694	0	0
8	157476700821694	1	442402818050
8	157476700821694	2	0
8	157476700821694	3	442402976828
8	157476700821694	4	0
8	157476700821694	5	442402522846
8	157476700821694	6	0
8	157476700821694	7	442402887753
TOTAL	8	157476700821694	1769611205477
11	157476700821694	0	0
11	157476700821694	1	176961196051
11	157476700821694	2	176961197022
11	157476700821694	3	176961067357
11	157476700821694	4	176961015689
11	157476700821694	5	176961063558
11	157476700821694	6	176961283572
11	157476700821694	7	176961036980
11	157476700821694	8	176961062501
11	157476700821694	9	176961249257
11	157476700821694	10	176961033490
TOTAL	11	157476700821694	1769611205477
19	157476700821694	0	0
19	157476700821694	1	98311584994
19	157476700821694	2	98311698946
19	157476700821694	3	98311783589
19	157476700821694	4	98311671145
19	157476700821694	5	98311760460
19	157476700821694	6	98311730056
19	157476700821694	7	98311706193
19	157476700821694	8	98311847865
19	157476700821694	9	98311764807
19	157476700821694	10	98311744097
19	157476700821694	11	98311715607
19	157476700821694	12	98311757139
19	157476700821694	13	98311747867
19	157476700821694	14	98311680549
19	157476700821694	15	98311732769
19	157476700821694	16	98311691292
19	157476700821694	17	98311873014
19	157476700821694	18	98311715088
TOTAL	19	157476700821694	1769611205477
23	157476700821694	0	0
23	157476700821694	1	80436892862
23	157476700821694	2	80436788660
23	157476700821694	3	80436917938
23	157476700821694	4	80436878213
23	157476700821694	5	80436830613
23	157476700821694	6	80436872629
23	157476700821694	7	80436940336
23	157476700821694	8	80436786315
23	157476700821694	9	80436733749
23	157476700821694	10	80436973435
23	157476700821694	11	80436947770
23	157476700821694	12	80436844620
23	157476700821694	13	80436930904
23	157476700821694	14	80436902026
23	157476700821694	15	80436868100
23	157476700821694	16	80436854465
23	157476700821694	17	80436812179
23	157476700821694	18	80436750126
23	157476700821694	19	80436980713
23	157476700821694	20	80436822804
23	157476700821694	21	80436907585
23	157476700821694	22	80436969435
TOTAL	23	157476700821694	1769611205477
7	164895771183756	0	0
7	164895771183756	1	332733328448
7	164895771183756	2	332733346381
7	164895771183756	3	332733428951
7	164895771183756	4	332733537406
7	164895771183756	5	332733349104
7	164895771183756	6	332733421929
TOTAL	7	164895771183756	1996400412219
8	164895771183756	0	0
8	164895771183756	1	499100194634
8	164895771183756	2	0
8	164895771183756	3	499100256959
8	164895771183756	4	0
8	164895771183756	5	499099873696
8	164895771183756	6	0
8	164895771183756	7	499100086930
TOTAL	8	164895771183756	1996400412219
11	164895771183756	0	0
11	164895771183756	1	199640050348
11	164895771183756	2	199640127860
11	164895771183756	3	199640009654
11	164895771183756	4	199639960708
11	164895771183756	5	199639969059
11	164895771183756	6	199640167536
11	164895771183756	7	199640013042
11	164895771183756	8	199640031600
11	164895771183756	9	199640115520
11	164895771183756	10	199639966892
TOTAL	11	164895771183756	1996400412219
19	164895771183756	0	0
19	164895771183756	1	110911014338
19	164895771183756	2	110911107910
19	164895771183756	3	110911169260
19	164895771183756	4	110911154764
19	164895771183756	5	110911218188
19	164895771183756	6	110911094378
19	164895771183756	7	110911071132
19	164895771183756	8	110911236456
19	164895771183756	9	110911190795
19	164895771183756	10	110911128071
19	164895771183756	11	110911060659
19	164895771183756	12	110911112660
19	164895771183756	13	110911189308
19	164895771183756	14	110911033660
19	164895771183756	15	110911125743
19	164895771183756	16	110911134297
19	164895771183756	17	110911273504
19	164895771183756	18	110911097096
TOTAL	19	164895771183756	1996400412219
23	164895771183756	0	0
23	164895771183756	1	90745529030
23	164895771183756	2	90745476261
23	164895771183756	3	90745490260
23	164895771183756	4	90745378669
23	164895771183756	5	90745434946
23	164895771183756	6	90745453446
23	164895771183756	7	90745526778
23	164895771183756	8	90745402587
23	164895771183756	9	90745287627
23	164895771183756	10	90745570062
23	164895771183756	11	90745565318
23	164895771183756	12	90745456174
23	164895771183756	13	90745534516
23	164895771183756	14	90745565550
23	164895771183756	15	90745470884
23	164895771183756	16	90745481766
23	164895771183756	17	90745426922
23	164895771183756	18	90745374779
23	164895771183756	19	90745574070
23	164895771183756	20	90745366611
23	164895771183756	21	90745466541
23	164895771183756	22	90745579422
TOTAL	23	164895771183756	1996400412219
7	172664370109409	0	0
7	172664370109409	1	372256603740
7	172664370109409	2	372256738310
7	172664370109409	3	372256829514
7	172664370109409	4	372256977530
7	172664370109409	5	372256702850
7	172664370109409	6	372256912031
TOTAL	7	172664370109409	2233540763975
8	172664370109409	0	0
8	172664370109409	1	558385298697
8	172664370109409	2	0
8	172664370109409	3	558385389042
8	172664370109409	4	0
8	172664370109409	5	558384900681
8	172664370109409	6	0
8	172664370109409	7	558385175555
TOTAL	8	172664370109409	2233540763975
11	172664370109409	0	0
11	172664370109409	1	223353999679
11	172664370109409	2	223354219629
11	172664370109409	3	223354044860
11	172664370109409	4	223354051808
11	172664370109409	5	223354064840
11	172664370109409	6	223354173755
11	172664370109409	7	223354056491
11	172664370109409	8	223354053149
11	172664370109409	9	223354173230
11	172664370109409	10	223353926534
TOTAL	11	172664370109409	2233540763975
19	172664370109409	0	0
19	172664370109409	1	124085404488
19	172664370109409	2	124085523143
19	172664370109409	3	124085619155
19	172664370109409	4	124085654686
19	172664370109409	5	124085629793
19	172664370109409	6	124085552723
19	172664370109409	7	124085573304
19	172664370109409	8	124085705826
19	172664370109409	9	124085608680
19	172664370109409	10	124085656249
19	172664370109409	11	124085552069
19	172664370109409	12	124085664981
19	172664370109409	13	124085570591
19	172664370109409	14	124085587985
19	172664370109409	15	124085602178
19	172664370109409	16	124085537022
19	172664370109409	17	124085735430
19	172664370109409	18	124085585672
TOTAL	19	172664370109409	2233540763975
23	172664370109409	0	0
23	172664370109409	1	101524617640
23	172664370109409	2	101524521136
23	172664370109409	3	101524592011
23	172664370109409	4	101524512175
23	172664370109409	5	101524595659
23	172664370109409	6	101524523630
23	172664370109409	7	101524647617
23	172664370109409	8	101524462546
23	172664370109409	9	101524377889
23	172664370109409	10	101524727085
23	172664370109409	11	101524672330
23	172664370109409	12	101524503614
23	172664370109409	13	101524660738
23	172664370109409	14	101524670008
23	172664370109409	15	101524566330
23	172664370109409	16	101524628401
23	172664370109409	17	101524565711
23	172664370109409	18	101524445988
23	172664370109409	19	101524711522
23	172664370109409	20	101524480672
23	172664370109409	21	101524607564
23	172664370109409	22	101524673709
TOTAL	23	172664370109409	2233540763975
7	180798964650562	0	0
7	180798964650562	1	413583911167
7	180798964650562	2	413584081213
7	180798964650562	3	413584082911
7	180798964650562	4	413584238124
7	180798964650562	5	413584037934
7	180798964650562	6	413584225091
TOTAL	7	180798964650562	2481504576440
8	180798964650562	0	0
8	180798964650562	1	620376397247
8	180798964650562	2	0
8	180798964650562	3	620376303272
8	180798964650562	4	0
8	180798964650562	5	620375816530
8	180798964650562	6	0
8	180798964650562	7	620376059391
TOTAL	8	180798964650562	2481504576440
11	180798964650562	0	0
11	180798964650562	1	248150458621
11	180798964650562	2	248150667858
11	180798964650562	3	248150440548
11	180798964650562	4	248150350736
11	180798964650562	5	248150441727
11	180798964650562	6	248150577788
11	180798964650562	7	248150431307
11	180798964650562	8	248150467735
11	180798964650562	9	248150468064
11	180798964650562	10	248150272056
TOTAL	11	180798964650562	2481504576440
19	180798964650562	0	0
19	180798964650562	1	137861190971
19	180798964650562	2	137861408096
19	180798964650562	3	137861446154
19	180798964650562	4	137861427601
19	180798964650562	5	137861436538
19	180798964650562	6	137861325142
19	180798964650562	7	137861393455
19	180798964650562	8	137861408893
19	180798964650562	9	137861311379
19	180798964650562	10	137861404858
19	180798964650562	11	137861259702
19	180798964650562	12	137861429917
19	180798964650562	13	137861377175
19	180798964650562	14	137861324033
19	180798964650562	15	137861368404
19	180798964650562	16	137861315948
19	180798964650562	17	137861525717
19	180798964650562	18	137861222457
TOTAL	19	180798964650562	2481504576440
23	180798964650562	0	0
23	180798964650562	1	112795661954
23	180798964650562	2	112795539676
23	180798964650562	3	112795634937
23	180798964650562	4	112795640277
23	180798964650562	5	112795673526
23	180798964650562	6	112795569189
23	180798964650562	7	112795785833
23	180798964650562	8	112795568320
23	180798964650562	9	112795530776
23	180798964650562	10	112795740160
23	180798964650562	11	112795717927
23	180798964650562	12	112795628035
23	180798964650562	13	112795685545
23	180798964650562	14	112795726251
23	180798964650562	15	112795674005
23	180798964650562	16	112795723899
23	180798964650562	17	112795682668
23	180798964650562	18	112795536597
23	180798964650562	19	112795825164
23	180798964650562	20	112795541674
23	180798964650562	21	112795680261
23	180798964650562	22	112795809766
TOTAL	23	180798964650562	2481504576440
7	189316797657804	0	0
7	189316797657804	1	456797748662
7	189316797657804	2	456797641597
7	189316797657804	3	456797790302
7	189316797657804	4	456797932167
7	189316797657804	5	456797625915
7	189316797657804	6	456797878212
TOTAL	7	189316797657804	2740786616855
8	189316797657804	0	0
8	189316797657804	1	685196831064
8	189316797657804	2	0
8	189316797657804	3	685196769170
8	189316797657804	4	0
8	189316797657804	5	685196418164
8	189316797657804	6	0
8	189316797657804	7	685196598457
TOTAL	8	189316797657804	2740786616855
11	189316797657804	0	0
11	189316797657804	1	274078681341
11	189316797657804	2	274078938627
11	189316797657804	3	274078563959
11	189316797657804	4	274078547276
11	189316797657804	5	274078617907
11	189316797657804	6	274078799014
11	189316797657804	7	274078659801
11	189316797657804	8	274078610119
11	189316797657804	9	274078673692
11	189316797657804	10	274078525119
TOTAL	11	189316797657804	2740786616855
19	189316797657804	0	0
19	189316797657804	1	152265733879
19	189316797657804	2	152265962211
19	189316797657804	3	152266095836
19	189316797657804	4	152265912090
19	189316797657804	5	152265982525
19	189316797657804	6	152265806990
19	189316797657804	7	152265954492
19	189316797657804	8	152266009363
19	189316797657804	9	152265854976
19	189316797657804	10	152265960007
19	189316797657804	11	152265811662
19	189316797657804	12	152266010322
19	189316797657804	13	152265995075
19	189316797657804	14	152265896952
19	189316797657804	15	152265949174
19	189316797657804	16	152265871933
19	189316797657804	17	152266065644
19	189316797657804	18	152265743724
TOTAL	19	189316797657804	2740786616855
23	189316797657804	0	0
23	189316797657804	1	124581245602
23	189316797657804	2	124581187375
23	189316797657804	3	124581165994
23	189316797657804	4	124581171475
23	189316797657804	5	124581247423
23	189316797657804	6	124581127394
23	189316797657804	7	124581271609
23	189316797657804	8	124581090200
23	189316797657804	9	124581105975
23	189316797657804	10	124581227598
23	189316797657804	11	124581284575
23	189316797657804	12	124581182613
23	189316797657804	13	124581275063
23	189316797657804	14	124581250216
23	189316797657804	15	124581180828
23	189316797657804	16	124581260893
23	189316797657804	17	124581195165
23	189316797657804	18	124581027372
23	189316797657804	19	124581376179
23	189316797657804	20	124581056676
23	189316797657804	21	124581293747
23	189316797657804	22	124581392883
TOTAL	23	189316797657804	2740786616855
7	198235924329971	0	0
7	198235924329971	1	501983980221
7	198235924329971	2	501983880129
7	198235924329971	3	501983996728
7	198235924329971	4	501984272805
7	198235924329971	5	501983923576
7	198235924329971	6	501984189051
TOTAL	7	198235924329971	3011904242510
8	198235924329971	0	0
8	198235924329971	1	752976281914
8	198235924329971	2	0
8	198235924329971	3	752976135975
8	198235924329971	4	0
8	198235924329971	5	752975826841
8	198235924329971	6	0
8	198235924329971	7	752975997780
TOTAL	8	198235924329971	3011904242510
11	198235924329971	0	0
11	198235924329971	1	301190430384
11	198235924329971	2	301190687129
11	198235924329971	3	301190305710
11	198235924329971	4	301190292375
11	198235924329971	5	301190361587
11	198235924329971	6	301190595391
11	198235924329971	7	301190530044
11	198235924329971	8	301190401079
11	198235924329971	9	301190403877
11	198235924329971	10	301190234934
TOTAL	11	198235924329971	3011904242510
19	198235924329971	0	0
19	198235924329971	1	167327839638
19	198235924329971	2	167328064485
19	198235924329971	3	167328191432
19	198235924329971	4	167327995293
19	198235924329971	5	167328123327
19	198235924329971	6	167327907863
19	198235924329971	7	167328098816
19	198235924329971	8	167328065573
19	198235924329971	9	167327888540
19	198235924329971	10	167327991484
19	198235924329971	11	167327897487
19	198235924329971	12	167328149560
19	198235924329971	13	167328067896
19	198235924329971	14	167327984967
19	198235924329971	15	167328001863
19	198235924329971	16	167328070154
19	198235924329971	17	167328118190
19	198235924329971	18	167327785942
TOTAL	19	198235924329971	3011904242510
23	198235924329971	0	0
23	198235924329971	1	136904763753
23	198235924329971	2	136904792914
23	198235924329971	3	136904743108
23	198235924329971	4	136904693772
23	198235924329971	5	136904797963
23	198235924329971	6	136904572489
23	198235924329971	7	136904820916
23	198235924329971	8	136904688610
23	198235924329971	9	136904582089
23	198235924329971	10	136904811689
23	198235924329971	11	136904744332
23	198235924329971	12	136904669174
23	198235924329971	13	136904759199
23	198235924329971	14	136904752409
23	198235924329971	15	136904717389
23	198235924329971	16	136904825265
23	198235924329971	17	136904757608
23	198235924329971	18	136904581001
23	198235924329971	19	136904927843
23	198235924329971	20	136904572871
23	198235924329971	21	136904812561
23	198235924329971	22	136904855555
TOTAL	23	198235924329971	3011904242510
7	200000000000000	0	0
7	200000000000000	1	510913709980
7	200000000000000	2	510913702987
7	200000000000000	3	510913758719
7	200000000000000	4	510914033069
7	200000000000000	5	510913714404
7	200000000000000	6	510913981354
TOTAL	7	200000000000000	3065482900513
8	200000000000000	0	0
8	200000000000000	1	766370987622
8	200000000000000	2	0
8	200000000000000	3	766370716264
8	200000000000000	4	0
8	200000000000000	5	766370468208
8	200000000000000	6	0
8	200000000000000	7	766370728419
TOTAL	8	200000000000000	3065482900513
11	200000000000000	0	0
11	200000000000000	1	306548285769
11	200000000000000	2	306548555518
11	200000000000000	3	306548138805
11	200000000000000	4	306548129641
11	200000000000000	5	306548255115
11	200000000000000	6	306548497183
11	200000000000000	7	306548400540
11	200000000000000	8	306548296674
11	200000000000000	9	306548265715
11	200000000000000	10	306548075553
TOTAL	11	200000000000000	3065482900513
19	200000000000000	0	0
19	200000000000000	1	170304452106
19	200000000000000	2	170304636172
19	200000000000000	3	170304793434
19	200000000000000	4	170304616569
19	200000000000000	5	170304691398
19	200000000000000	6	170304467409
19	200000000000000	7	170304683217
19	200000000000000	8	170304627163
19	200000000000000	9	170304541134
19	200000000000000	10	170304610820
19	200000000000000	11	170304475121
19	200000000000000	12	170304754136
19	200000000000000	13	170304653918
19	200000000000000	14	170304560729
19	200000000000000	15	170304587694
19	200000000000000	16	170304617536
19	200000000000000	17	170304732714
19	200000000000000	18	170304399243
TOTAL	19	200000000000000	3065482900513
23	200000000000000	0	0
23	200000000000000	1	139340153795
23	200000000000000	2	139340211859
23	200000000000000	3	139340139661
23	200000000000000	4	139340056887
23	200000000000000	5	139340175012
23	200000000000000	6	139340001325
23	200000000000000	7	139340205773
23	200000000000000	8	139340038305
23	200000000000000	9	139339977769
23	200000000000000	10	139340165452
23	200000000000000	11	139340154389
23	200000000000000	12	139340083304
23	200000000000000	13	139340195260
23	200000000000000	14	139340130899
23	200000000000000	15	139340107205
23	200000000000000	16	139340195933
23	200000000000000	17	139340156196
23	200000000000000	18	139339972285
23	200000000000000	19	139340314672
23	200000000000000	20	139339979552
23	200000000000000	21	139340208357
23	200000000000000	22	139340276623
TOTAL	23	200000000000000	3065482900513
7	207575250485640	0	0
7	207575250485640	1	510913709980
7	207575250485640	2	510913702987
7	207575250485640	3	510913758719
7	207575250485640	4	510914033069
7	207575250485640	5	510913714404
7	207575250485640	6	510913981354
TOTAL	7	207575250485640	3065482900513
8	207575250485640	0	0
8	207575250485640	1	766370987622
8	207575250485640	2	0
8	207575250485640	3	766370716264
8	207575250485640	4	0
8	207575250485640	5	766370468208
8	207575250485640	6	0
8	207575250485640	7	766370728419
TOTAL	8	207575250485640	3065482900513
11	207575250485640	0	0
11	207575250485640	1	306548285769
11	207575250485640	2	306548555518
11	207575250485640	3	306548138805
11	207575250485640	4	306548129641
11	207575250485640	5	306548255115
11	207575250485640	6	306548497183
11	207575250485640	7	306548400540
11	207575250485640	8	306548296674
11	207575250485640	9	306548265715
11	207575250485640	10	306548075553
TOTAL	11	207575250485640	3065482900513
19	207575250485640	0	0
19	207575250485640	1	170304452106
19	207575250485640	2	170304636172
19	207575250485640	3	170304793434
19	207575250485640	4	170304616569
19	207575250485640	5	170304691398
19	207575250485640	6	170304467409
19	207575250485640	7	170304683217
19	207575250485640	8	170304627163
19	207575250485640	9	170304541134
19	207575250485640	10	170304610820
19	207575250485640	11	170304475121
19	207575250485640	12	170304754136
19	207575250485640	13	170304653918
19	207575250485640	14	170304560729
19	207575250485640	15	170304587694
19	207575250485640	16	170304617536
19	207575250485640	17	170304732714
19	207575250485640	18	170304399243
TOTAL	19	207575250485640	3065482900513
23	207575250485640	0	0
23	207575250485640	1	139340153795
23	207575250485640	2	139340211859
23	207575250485640	3	139340139661
23	207575250485640	4	139340056887
23	207575250485640	5	139340175012
23	207575250485640	6	139340001325
23	207575250485640	7	139340205773
23	207575250485640	8	139340038305
23	207575250485640	9	139339977769
23	207575250485640	10	139340165452
23	207575250485640	11	139340154389
23	207575250485640	12	139340083304
23	207575250485640	13	139340195260
23	207575250485640	14	139340130899
23	207575250485640	15	139340107205
23	207575250485640	16	139340195933
23	207575250485640	17	139340156196
23	207575250485640	18	139339972285
23	207575250485640	19	139340314672
23	207575250485640	20	139339979552
23	207575250485640	21	139340208357
23	207575250485640	22	139340276623
TOTAL	23	207575250485640	3065482900513
7	217354572637679	0	0
7	217354572637679	1	510913709980
7	217354572637679	2	510913702987
7	217354572637679	3	510913758719
7	217354572637679	4	510914033069
7	217354572637679	5	510913714404
7	217354572637679	6	510913981354
TOTAL	7	217354572637679	3065482900513
8	217354572637679	0	0
8	217354572637679	1	766370987622
8	217354572637679	2	0
8	217354572637679	3	766370716264
8	217354572637679	4	0
8	217354572637679	5	766370468208
8	217354572637679	6	0
8	217354572637679	7	766370728419
TOTAL	8	217354572637679	3065482900513
11	217354572637679	0	0
11	217354572637679	1	306548285769
11	217354572637679	2	306548555518
11	217354572637679	3	306548138805
11	217354572637679	4	306548129641
11	217354572637679	5	306548255115
11	217354572637679	6	306548497183
11	217354572637679	7	306548400540
11	217354572637679	8	306548296674
11	217354572637679	9	306548265715
11	217354572637679	10	306548075553
TOTAL	11	217354572637679	3065482900513
19	217354572637679	0	0
19	217354572637679	1	170304452106
19	217354572637679	2	170304636172
19	217354572637679	3	170304793434
19	217354572637679	4	170304616569
19	217354572637679	5	170304691398
19	217354572637679	6	170304467409
19	217354572637679	7	170304683217
19	217354572637679	8	170304627163
19	217354572637679	9	170304541134
19	217354572637679	10	170304610820
19	217354572637679	11	170304475121
19	217354572637679	12	170304754136
19	217354572637679	13	170304653918
19	217354572637679	14	170304560729
19	217354572637679	15	170304587694
19	217354572637679	16	170304617536
19	217354572637679	17	170304732714
19	217354572637679	18	170304399243
TOTAL	19	217354572637679	3065482900513
23	217354572637679	0	0
23	217354572637679	1	139340153795
23	217354572637679	2	139340211859
23	217354572637679	3	139340139661
23	217354572637679	4	139340056887
23	217354572637679	5	139340175012
23	217354572637679	6	139340001325
23	217354572637679	7	139340205773
23	217354572637679	8	139340038305
23	217354572637679	9	139339977769
23	217354572637679	10	139340165452
23	217354572637679	11	139340154389
23	217354572637679	12	139340083304
23	217354572637679	13	139340195260
23	217354572637679	14	139340130899
23	217354572637679	15	139340107205
23	217354572637679	16	139340195933
23	217354572637679	17	139340156196
23	217354572637679	18	139339972285
23	217354572637679	19	139340314672
23	217354572637679	20	139339979552
23	217354572637679	21	139340208357
23	217354572637679	22	139340276623
TOTAL	23	217354572637679	3065482900513
7	227594619955796	0	0
7	227594619955796	1	510913709980
7	227594619955796	2	510913702987
7	227594619955796	3	510913758719
7	227594619955796	4	510914033069
7	227594619955796	5	510913714404
7	227594619955796	6	510913981354
TOTAL	7	227594619955796	3065482900513
8	227594619955796	0	0
8	227594619955796	1	766370987622
8	227594619955796	2	0
8	227594619955796	3	766370716264
8	227594619955796	4	0
8	227594619955796	5	766370468208
8	227594619955796	6	0
8	227594619955796	7	766370728419
TOTAL	8	227594619955796	3065482900513
11	227594619955796	0	0
11	227594619955796	1	306548285769
11	227594619955796	2	306548555518
11	227594619955796	3	306548138805
11	227594619955796	4	306548129641
11	227594619955796	5	306548255115
11	227594619955796	6	306548497183
11	227594619955796	7	306548400540
11	227594619955796	8	306548296674
11	227594619955796	9	306548265715
11	227594619955796	10	306548075553
TOTAL	11	227594619955796	3065482900513
19	227594619955796	0	0
19	227594619955796	1	170304452106
19	227594619955796	2	170304636172
19	227594619955796	3	170304793434
19	227594619955796	4	170304616569
19	227594619955796	5	170304691398
19	227594619955796	6	170304467409
19	227594619955796	7	170304683217
19	227594619955796	8	170304627163
19	227594619955796	9	170304541134
19	227594619955796	10	170304610820
19	227594619955796	11	170304475121
19	227594619955796	12	170304754136
19	227594619955796	13	170304653918
19	227594619955796	14	170304560729
19	227594619955796	15	170304587694
19	227594619955796	16	170304617536
19	227594619955796	17	170304732714
19	227594619955796	18	170304399243
TOTAL	19	227594619955796	3065482900513
23	227594619955796	0	0
23	227594619955796	1	139340153795
23	227594619955796	2	139340211859
23	227594619955796	3	139340139661
23	227594619955796	4	139340056887
23	227594619955796	5	139340175012
23	227594619955796	6	139340001325
23	227594619955796	7	139340205773
23	227594619955796	8	139340038305
23	227594619955796	9	139339977769
23	227594619955796	10	139340165452
23	227594619955796	11	139340154389
23	227594619955796	12	139340083304
23	227594619955796	13	139340195260
23	227594619955796	14	139340130899
23	227594619955796	15	139340107205
23	227594619955796	16	139340195933
23	227594619955796	17	139340156196
23	227594619955796	18	139339972285
23	227594619955796	19	139340314672
23	227594619955796	20	139339979552
23	227594619955796	21	139340208357
23	227594619955796	22	139340276623
TOTAL	23	227594619955796	3065482900513
7	238317098206027	0	0
7	238317098206027	1	510913709980
7	238317098206027	2	510913702987
7	238317098206027	3	510913758719
7	238317098206027	4	510914033069
7	238317098206027	5	510913714404
7	238317098206027	6	510913981354
TOTAL	7	238317098206027	3065482900513
8	238317098206027	0	0
8	238317098206027	1	766370987622
8	238317098206027	2	0
8	238317098206027	3	766370716264
8	238317098206027	4	0
8	238317098206027	5	766370468208
8	238317098206027	6	0
8	238317098206027	7	766370728419
TOTAL	8	238317098206027	3065482900513
11	238317098206027	0	0
11	238317098206027	1	306548285769
11	238317098206027	2	306548555518
11	238317098206027	3	306548138805
11	238317098206027	4	306548129641
11	238317098206027	5	306548255115
11	238317098206027	6	306548497183
11	238317098206027	7	306548400540
11	238317098206027	8	306548296674
11	238317098206027	9	306548265715
11	238317098206027	10	306548075553
TOTAL	11	238317098206027	3065482900513
19	238317098206027	0	0
19	238317098206027	1	170304452106
19	238317098206027	2	170304636172
19	238317098206027	3	170304793434
19	238317098206027	4	170304616569
19	238317098206027	5	170304691398
19	238317098206027	6	170304467409
19	238317098206027	7	170304683217
19	238317098206027	8	170304627163
19	238317098206027	9	170304541134
19	238317098206027	10	170304610820
19	238317098206027	11	170304475121
19	238317098206027	12	170304754136
19	238317098206027	13	170304653918
19	238317098206027	14	170304560729
19	238317098206027	15	170304587694
19	238317098206027	16	170304617536
19	238317098206027	17	170304732714
19	238317098206027	18	170304399243
TOTAL	19	238317098206027	3065482900513
23	238317098206027	0	0
23	238317098206027	1	139340153795
23	238317098206027	2	139340211859
23	238317098206027	3	139340139661
23	238317098206027	4	139340056887
23	238317098206027	5	139340175012
23	238317098206027	6	139340001325
23	238317098206027	7	139340205773
23	238317098206027	8	139340038305
23	238317098206027	9	139339977769
23	238317098206027	10	139340165452
23	238317098206027	11	139340154389
23	238317098206027	12	139340083304
23	238317098206027	13	139340195260
23	238317098206027	14	139340130899
23	238317098206027	15	139340107205
23	238317098206027	16	139340195933
23	238317098206027	17	139340156196
23	238317098206027	18	139339972285
23	238317098206027	19	139340314672
23	238317098206027	20	139339979552
23	238317098206027	21	139340208357
23	238317098206027	22	139340276623
TOTAL	23	238317098206027	3065482900513
7	249544735760329	0	0
7	249544735760329	1	510913709980
7	249544735760329	2	510913702987
7	249544735760329	3	510913758719
7	249544735760329	4	510914033069
7	249544735760329	5	510913714404
7	249544735760329	6	510913981354
TOTAL	7	249544735760329	3065482900513
8	249544735760329	0	0
8	249544735760329	1	766370987622
8	249544735760329	2	0
8	249544735760329	3	766370716264
8	249544735760329	4	0
8	249544735760329	5	766370468208
8	249544735760329	6	0
8	249544735760329	7	766370728419
TOTAL	8	249544735760329	3065482900513
11	249544735760329	0	0
11	249544735760329	1	306548285769
11	249544735760329	2	306548555518
11	249544735760329	3	306548138805
11	249544735760329	4	306548129641
11	249544735760329	5	306548255115
11	249544735760329	6	306548497183
11	249544735760329	7	306548400540
11	249544735760329	8	306548296674
11	249544735760329	9	306548265715
11	249544735760329	10	306548075553
TOTAL	11	249544735760329	3065482900513
19	249544735760329	0	0
19	249544735760329	1	170304452106
19	249544735760329	2	170304636172
19	249544735760329	3	170304793434
19	249544735760329	4	170304616569
19	249544735760329	5	170304691398
19	249544735760329	6	170304467409
19	249544735760329	7	170304683217
19	249544735760329	8	170304627163
19	249544735760329	9	170304541134
19	249544735760329	10	170304610820
19	249544735760329	11	170304475121
19	249544735760329	12	170304754136
19	249544735760329	13	170304653918
19	249544735760329	14	170304560729
19	249544735760329	15	170304587694
19	249544735760329	16	170304617536
19	249544735760329	17	170304732714
19	249544735760329	18	170304399243
TOTAL	19	249544735760329	3065482900513
23	249544735760329	0	0
23	249544735760329	1	139340153795
23	249544735760329	2	139340211859
23	249544735760329	3	139340139661
23	249544735760329	4	139340056887
23	249544735760329	5	139340175012
23	249544735760329	6	139340001325
23	249544735760329	7	139340205773
23	249544735760329	8	139340038305
23	249544735760329	9	139339977769
23	249544735760329	10	139340165452
23	249544735760329	11	139340154389
23	249544735760329	12	139340083304
23	249544735760329	13	139340195260
23	249544735760329	14	139340130899
23	249544735760329	15	139340107205
23	249544735760329	16	139340195933
23	249544735760329	17	139340156196
23	249544735760329	18	139339972285
23	249544735760329	19	139340314672
23	249544735760329	20	139339979552
23	249544735760329	21	139340208357
23	249544735760329	22	139340276623
TOTAL	23	249544735760329	3065482900513
7	261301331773756	0	0
7	261301331773756	1	510913709980
7	261301331773756	2	510913702987
7	261301331773756	3	510913758719
7	261301331773756	4	510914033069
7	261301331773756	5	510913714404
7	261301331773756	6	510913981354
TOTAL	7	261301331773756	3065482900513
8	261301331773756	0	0
8	261301331773756	1	766370987622
8	261301331773756	2	0
8	261301331773756	3	766370716264
8	261301331773756	4	0
8	261301331773756	5	766370468208
8	261301331773756	6	0
8	261301331773756	7	766370728419
TOTAL	8	261301331773756	3065482900513
11	261301331773756	0	0
11	261301331773756	1	306548285769
11	261301331773756	2	306548555518
11	261301331773756	3	306548138805
11	261301331773756	4	306548129641
11	261301331773756	5	306548255115
11	261301331773756	6	306548497183
11	261301331773756	7	306548400540
11	261301331773756	8	306548296674
11	261301331773756	9	306548265715
11	261301331773756	10	306548075553
TOTAL	11	261301331773756	3065482900513
19	261301331773756	0	0
19	261301331773756	1	170304452106
19	261301331773756	2	170304636172
19	261301331773756	3	170304793434
19	261301331773756	4	170304616569
19	261301331773756	5	170304691398
19	261301331773756	6	170304467409
19	261301331773756	7	170304683217
19	261301331773756	8	170304627163
19	261301331773756	9	170304541134
19	261301331773756	10	170304610820
19	261301331773756	11	170304475121
19	261301331773756	12	170304754136
19	261301331773756	13	170304653918
19	261301331773756	14	170304560729
19	261301331773756	15	170304587694
19	261301331773756	16	170304617536
19	261301331773756	17	170304732714
19	261301331773756	18	170304399243
TOTAL	19	261301331773756	3065482900513
23	261301331773756	0	0
23	261301331773756	1	139340153795
23	261301331773756	2	139340211859
23	261301331773756	3	139340139661
23	261301331773756	4	139340056887
23	261301331773756	5	139340175012
23	261301331773756	6	139340001325
23	261301331773756	7	139340205773
23	261301331773756	8	139340038305
23	261301331773756	9	139339977769
23	261301331773756	10	139340165452
23	261301331773756	11	139340154389
23	261301331773756	12	139340083304
23	261301331773756	13	139340195260
23	261301331773756	14	139340130899
23	261301331773756	15	139340107205
23	261301331773756	16	139340195933
23	261301331773756	17	139340156196
23	261301331773756	18	139339972285
23	261301331773756	19	139340314672
23	261301331773756	20	139339979552
23	261301331773756	21	139340208357
23	261301331773756	22	139340276623
TOTAL	23	261301331773756	3065482900513
7	273611806631400	0	0
7	273611806631400	1	510913709980
7	273611806631400	2	510913702987
7	273611806631400	3	510913758719
7	273611806631400	4	510914033069
7	273611806631400	5	510913714404
7	273611806631400	6	510913981354
TOTAL	7	273611806631400	3065482900513
8	273611806631400	0	0
8	273611806631400	1	766370987622
8	273611806631400	2	0
8	273611806631400	3	766370716264
8	273611806631400	4	0
8	273611806631400	5	766370468208
8	273611806631400	6	0
8	273611806631400	7	766370728419
TOTAL	8	273611806631400	3065482900513
11	273611806631400	0	0
11	273611806631400	1	306548285769
11	273611806631400	2	306548555518
11	273611806631400	3	306548138805
11	273611806631400	4	306548129641
11	273611806631400	5	306548255115
11	273611806631400	6	306548497183
11	273611806631400	7	306548400540
11	273611806631400	8	306548296674
11	273611806631400	9	306548265715
11	273611806631400	10	306548075553
TOTAL	11	273611806631400	3065482900513
19	273611806631400	0	0
19	273611806631400	1	170304452106
19	273611806631400	2	170304636172
19	273611806631400	3	170304793434
19	273611806631400	4	170304616569
19	273611806631400	5	170304691398
19	273611806631400	6	170304467409
19	273611806631400	7	170304683217
19	273611806631400	8	170304627163
19	273611806631400	9	170304541134
19	273611806631400	10	170304610820
19	273611806631400	11	170304475121
19	273611806631400	12	170304754136
19	273611806631400	13	170304653918
19	273611806631400	14	170304560729
19	273611806631400	15	170304587694
19	273611806631400	16	170304617536
19	273611806631400	17	170304732714
19	273611806631400	18	170304399243
TOTAL	19	273611806631400	3065482900513
23	273611806631400	0	0
23	273611806631400	1	139340153795
23	273611806631400	2	139340211859
23	273611806631400	3	139340139661
23	273611806631400	4	139340056887
23	273611806631400	5	139340175012
23	273611806631400	6	139340001325
23	273611806631400	7	139340205773
23	273611806631400	8	139340038305
23	273611806631400	9	139339977769
23	273611806631400	10	139340165452
23	273611806631400	11	139340154389
23	273611806631400	12	139340083304
23	273611806631400	13	139340195260
23	273611806631400	14	139340130899
23	273611806631400	15	139340107205
23	273611806631400	16	139340195933
23	273611806631400	17	139340156196
23	273611806631400	18	139339972285
23	273611806631400	19	139340314672
23	273611806631400	20	139339979552
23	273611806631400	21	139340208357
23	273611806631400	22	139340276623
TOTAL	23	273611806631400	3065482900513
7	286502254771965	0	0
7	286502254771965	1	510913709980
7	286502254771965	2	510913702987
7	286502254771965	3	510913758719
7	286502254771965	4	510914033069
7	286502254771965	5	510913714404
7	286502254771965	6	510913981354
TOTAL	7	286502254771965	3065482900513
8	286502254771965	0	0
8	286502254771965	1	766370987622
8	286502254771965	2	0
8	286502254771965	3	766370716264
8	286502254771965	4	0
8	286502254771965	5	766370468208
8	286502254771965	6	0
8	286502254771965	7	766370728419
TOTAL	8	286502254771965	3065482900513
11	286502254771965	0	0
11	286502254771965	1	306548285769
11	286502254771965	2	306548555518
11	286502254771965	3	306548138805
11	286502254771965	4	306548129641
11	286502254771965	5	306548255115
11	286502254771965	6	306548497183
11	286502254771965	7	306548400540
11	286502254771965	8	306548296674
11	286502254771965	9	306548265715
11	286502254771965	10	306548075553
TOTAL	11	286502254771965	3065482900513
19	286502254771965	0	0
19	286502254771965	1	170304452106
19	286502254771965	2	170304636172
19	286502254771965	3	170304793434
19	286502254771965	4	170304616569
19	286502254771965	5	170304691398
19	286502254771965	6	170304467409
19	286502254771965	7	170304683217
19	286502254771965	8	170304627163
19	286502254771965	9	170304541134
19	286502254771965	10	170304610820
19	286502254771965	11	170304475121
19	286502254771965	12	170304754136
19	286502254771965	13	170304653918
19	286502254771965	14	170304560729
19	286502254771965	15	170304587694
19	286502254771965	16	170304617536
19	286502254771965	17	170304732714
19	286502254771965	18	170304399243
TOTAL	19	286502254771965	3065482900513
23	286502254771965	0	0
23	286502254771965	1	139340153795
23	286502254771965	2	139340211859
23	286502254771965	3	139340139661
23	286502254771965	4	139340056887
23	286502254771965	5	139340175012
23	286502254771965	6	139340001325
23	286502254771965	7	139340205773
23	286502254771965	8	139340038305
23	286502254771965	9	139339977769
23	286502254771965	10	139340165452
23	286502254771965	11	139340154389
23	286502254771965	12	139340083304
23	286502254771965	13	139340195260
23	286502254771965	14	139340130899
23	286502254771965	15	139340107205
23	286502254771965	16	139340195933
23	286502254771965	17	139340156196
23	286502254771965	18	139339972285
23	286502254771965	19	139340314672
23	286502254771965	20	139339979552
23	286502254771965	21	139340208357
23	286502254771965	22	139340276623
TOTAL	23	286502254771965	3065482900513
7	300000000000000	0	0
7	300000000000000	1	510913709980
7	300000000000000	2	510913702987
7	300000000000000	3	510913758719
7	300000000000000	4	510914033069
7	300000000000000	5	510913714404
7	300000000000000	6	510913981354
TOTAL	7	300000000000000	3065482900513
8	300000000000000	0	0
8	300000000000000	1	766370987622
8	300000000000000	2	0
8	300000000000000	3	766370716264
8	300000000000000	4	0
8	300000000000000	5	766370468208
8	300000000000000	6	0
8	300000000000000	7	766370728419
TOTAL	8	300000000000000	3065482900513
11	300000000000000	0	0
11	300000000000000	1	306548285769
11	300000000000000	2	306548555518
11	300000000000000	3	306548138805
11	300000000000000	4	306548129641
11	300000000000000	5	306548255115
11	300000000000000	6	306548497183
11	300000000000000	7	306548400540
11	300000000000000	8	306548296674
11	300000000000000	9	306548265715
11	300000000000000	10	306548075553
TOTAL	11	300000000000000	3065482900513
19	300000000000000	0	0
19	300000000000000	1	170304452106
19	300000000000000	2	170304636172
19	300000000000000	3	170304793434
19	300000000000000	4	170304616569
19	300000000000000	5	170304691398
19	300000000000000	6	170304467409
19	300000000000000	7	170304683217
19	300000000000000	8	170304627163
19	300000000000000	9	170304541134
19	300000000000000	10	170304610820
19	300000000000000	11	170304475121
19	300000000000000	12	170304754136
19	300000000000000	13	170304653918
19	300000000000000	14	170304560729
19	300000000000000	15	170304587694
19	300000000000000	16	170304617536
19	300000000000000	17	170304732714
19	300000000000000	18	170304399243
TOTAL	19	300000000000000	3065482900513
23	300000000000000	0	0
23	300000000000000	1	139340153795
23	300000000000000	2	139340211859
23	300000000000000	3	139340139661
23	300000000000000	4	139340056887
23	300000000000000	5	139340175012
23	300000000000000	6	139340001325
23	300000000000000	7	139340205773
23	300000000000000	8	139340038305
23	300000000000000	9	139339977769
23	300000000000000	10	139340165452
23	300000000000000	11	139340154389
23	300000000000000	12	139340083304
23	300000000000000	13	139340195260
23	300000000000000	14	139340130899
23	300000000000000	15	139340107205
23	300000000000000	16	139340195933
23	300000000000000	17	139340156196
23	300000000000000	18	139339972285
23	300000000000000	19	139340314672
23	300000000000000	20	139339979552
23	300000000000000	21	139340208357
23	300000000000000	22	139340276623
TOTAL	23	300000000000000	3065482900513
