p,M,M_over_sqrtp,A_raw,B_raw,C_raw,N_raw,NA,CA,BA,margin,deltaW_sign
13,-3,-0.832050,2.3024920942e+01,7.0389610390e-01,5.8709956710e+00,2.5692307692e+01,1.1158478136,0.2549844008,0.0305710541,0.4014032686,-1
19,-3,-0.688247,6.3227349540e+01,4.2687004172e+00,1.2859392079e+01,7.4684210526e+01,1.1812010320,0.2033833803,0.0675135119,0.4520979242,-1
31,-4,-0.718421,2.1055521867e+02,6.2005757970e+01,3.9849403788e+01,2.3074193548e+02,1.0958737425,0.1892586849,0.2944869206,0.5796193480,-1
43,-3,-0.457496,4.5315548799e+02,1.1206162775e+02,8.2794939490e+01,4.8946511628e+02,1.0801262023,0.1827075732,0.2472917811,0.5101255566,-1
47,-3,-0.437595,5.5766289955e+02,1.3648290546e+02,8.7396811888e+01,6.1261702128e+02,1.0985436216,0.1567197889,0.2447408741,0.5000042845,-1
53,-3,-0.412082,7.3417144781e+02,1.6961198251e+02,1.2117345991e+02,8.0298113208e+02,1.0937242717,0.1650479057,0.2310250324,0.4897972098,-1
71,-3,-0.356034,1.3877497503e+03,3.9477487014e+02,2.1716328192e+02,1.4974225352e+03,1.0790292233,0.1564859096,0.2844712241,0.5199863570,-1
73,-4,-0.468165,1.5411760260e+03,7.3040519853e+02,2.6102579265e+02,1.5434520548e+03,1.0014768130,0.1693679296,0.4739271739,0.6447719165,-1
79,-4,-0.450035,1.7913816299e+03,7.0534533302e+02,2.7522623908e+02,1.8737341772e+03,1.0459715261,0.1536390876,0.3937437569,0.5933543706,-1
83,-4,-0.439057,2.0638077039e+03,8.6757971794e+02,2.9864994893e+02,2.2037951807e+03,1.0678297094,0.1447082247,0.4203781759,0.6329161100,-1
107,-3,-0.290021,3.5401874378e+03,1.4679869677e+03,5.0839138217e+02,3.7224205607e+03,1.0514755578,0.1436057811,0.4146636283,0.6097449671,-1
109,-4,-0.383131,3.8231245452e+03,2.1076772863e+03,5.7160030633e+02,3.9116880734e+03,1.0231652218,0.1495112962,0.5512970507,0.7239735688,-1
113,-5,-0.470360,4.1568073175e+03,2.7282042628e+03,6.1789857803e+02,4.1856991150e+03,1.0069504779,0.1486473947,0.6563220410,0.8119199137,-1
131,-3,-0.262111,5.5263603529e+03,2.2241572958e+03,8.0664694270e+02,5.6532137405e+03,1.0229542374,0.1459635078,0.4024633129,0.5713810581,-1
139,-4,-0.339276,6.3092493307e+03,3.3870557045e+03,8.9719820655e+02,6.5036762590e+03,1.0308161745,0.1422036378,0.5368397296,0.7098595419,-1
173,-3,-0.228086,1.0009849481e+04,5.0084143683e+03,1.4369211632e+03,1.0140104046e+04,1.0130126398,0.1435507263,0.5003486194,0.6569119855,-1
179,-3,-0.224231,1.0708082752e+04,5.0642284424e+03,1.4687302963e+03,1.1164106145e+04,1.0425868387,0.1371609027,0.4729351238,0.6526828653,-1
181,-4,-0.297318,1.1227907147e+04,7.0934588186e+03,1.6183588706e+03,1.1263878453e+04,1.0032037409,0.1441371797,0.6317703491,0.7791112698,-1
191,-5,-0.361787,1.2119443762e+04,6.7099582951e+03,1.7277978844e+03,1.2412654450e+04,1.0241934114,0.1425641241,0.5536523315,0.7204098670,-1
193,-6,-0.431889,1.2717988003e+04,8.8430231276e+03,1.8617809049e+03,1.2648393782e+04,0.9945278907,0.1463895786,0.6953162029,0.8362336722,-1
197,-7,-0.498729,1.3475858223e+04,1.0704410508e+04,1.8482637081e+03,1.3780517766e+04,1.0226078026,0.1371536920,0.7943397986,0.9541012933,-1
199,-8,-0.567105,1.4206788402e+04,1.3064397939e+04,1.8948220120e+03,1.4372989950e+04,1.0116987417,0.1333744094,0.9195884087,1.0646615597,-1
271,-3,-0.182237,2.5908054486e+04,1.4530402162e+04,3.6447746927e+03,2.6356298893e+04,1.0173013534,0.1406811420,0.5608449747,0.7188274701,-1
277,-4,-0.240337,2.6914975377e+04,1.9320324872e+04,3.7801696616e+03,2.7130620939e+04,1.0080121032,0.1404485647,0.7178280716,0.8662887396,-1
281,-4,-0.238620,2.8271151968e+04,2.1719535188e+04,3.9598970589e+03,2.7805750890e+04,0.9835379514,0.1400684720,0.7682578769,0.8918643003,-1
283,-6,-0.356663,2.9400021907e+04,2.6308838889e+04,3.9210768384e+03,2.9814187279e+04,1.0140872471,0.1333698611,0.8948577988,1.0423149070,-1
293,-8,-0.467365,3.1433690783e+04,2.9598676814e+04,4.1359916146e+03,3.2176539249e+04,1.0236322381,0.1315783006,0.9416227009,1.0968332396,-1
311,-3,-0.170114,3.3931879671e+04,1.9185331733e+04,4.6943995089e+03,3.4304659164e+04,1.0109861138,0.1383477589,0.5654072783,0.7147411511,-1
313,-4,-0.226093,3.4965104593e+04,2.4766755577e+04,4.8983499742e+03,3.4947514377e+04,0.9994969208,0.1400925303,0.7083277990,0.8479172501,-1
317,-4,-0.224662,3.6395436942e+04,2.6592125784e+04,4.9183013103e+03,3.7103880126e+04,1.0194651650,0.1351351082,0.7306444988,0.8852447720,-1
379,-3,-0.154100,5.1396279834e+04,3.3361750172e+04,7.1212613723e+03,5.1738118734e+04,1.0066510436,0.1385559693,0.6491082677,0.7943152807,-1
389,-3,-0.152106,5.5082686330e+04,3.9502511112e+04,7.3967757297e+03,5.5987820051e+04,1.0164322727,0.1342849491,0.7171493212,0.8678665430,-1
431,-3,-0.144505,6.6696304572e+04,3.4659084089e+04,9.0616058231e+03,6.8033060325e+04,1.0200424261,0.1358636866,0.5196552389,0.6755613516,-1
433,-4,-0.192228,6.8052689366e+04,4.5090223462e+04,9.3415507893e+03,6.8245792148e+04,1.0028375481,0.1372693846,0.6625781271,0.8026850598,-1
439,-7,-0.334092,7.0782534861e+04,5.7097057244e+04,9.4456321608e+03,7.0759182232e+04,0.9996700792,0.1334458024,0.8066545986,0.9397704802,-1
443,-9,-0.427603,7.2927123651e+04,7.2429154739e+04,9.7052238054e+03,7.2943627540e+04,1.0002263066,0.1330811270,0.9931716913,1.1264791249,-1
449,-7,-0.330350,7.4274224617e+04,6.6071572373e+04,9.9597497970e+03,7.4775198218e+04,1.0067449186,0.1340942951,0.8895626001,1.0304018139,-1
457,-6,-0.280668,7.6768061886e+04,6.2648831301e+04,1.0453318052e+04,7.6939063457e+04,1.0022275093,0.1361675389,0.8160793664,0.9544744145,-1
461,-6,-0.279448,7.8247212110e+04,6.9907550090e+04,1.0486516451e+04,7.9111284165e+04,1.0110428478,0.1340177646,0.8934190523,1.0384796647,-1
463,-6,-0.278844,7.9874018510e+04,7.9142884283e+04,1.0726367940e+04,7.9559112311e+04,0.9960574639,0.1342910766,0.9908464074,1.1211949479,-1
467,-7,-0.323921,8.2463128895e+04,8.9601338431e+04,1.0641852518e+04,8.3363321199e+04,1.0109163006,0.1290498270,1.0865624387,1.2265285663,-1
479,-6,-0.274147,8.5043632786e+04,7.7969349178e+04,1.1115695163e+04,8.6692461378e+04,1.0193880310,0.1307057895,0.9168158347,1.0669096552,-1
487,-5,-0.226572,8.7330067551e+04,7.4009116808e+04,1.1717307483e+04,8.7777143737e+04,1.0051193844,0.1341726602,0.8474643257,0.9867563703,-1
491,-5,-0.225647,8.9330834787e+04,7.7795196546e+04,1.2007985378e+04,9.0094580448e+04,1.0085496309,0.1344215064,0.8708661095,1.0138372467,-1
499,-6,-0.268597,9.1463026524e+04,8.4595783347e+04,1.2289924935e+04,9.1940390782e+04,1.0052192047,0.1343704161,0.9249178227,1.0645074435,-1
503,-5,-0.222939,9.3974431198e+04,8.2074124022e+04,1.2290302590e+04,9.5947827038e+04,1.0209992847,0.1307834741,0.8733665421,1.0251493010,-1
509,-6,-0.265945,9.6228530285e+04,8.9239611410e+04,1.2689331663e+04,9.7777442043e+04,1.0160961801,0.1318666265,0.9273716552,1.0753344619,-1
523,-3,-0.131181,1.0156396953e+05,7.8765719287e+04,1.3739147826e+04,1.0121170746e+05,0.9965316236,0.1352758059,0.7755281686,0.9073355980,-1
617,-3,-0.120775,1.4132018464e+05,1.1200532162e+05,1.9056496187e+04,1.4240250891e+05,1.0076586672,0.1348462446,0.7925642179,0.9350691298,-1
619,-5,-0.200967,1.4377263886e+05,1.3873500532e+05,1.9066403782e+04,1.4414959451e+05,1.0026218873,0.1326149672,0.9649611110,1.1001979654,-1
631,-3,-0.119428,1.4826672294e+05,1.1943380033e+05,2.0184264169e+04,1.4631139937e+05,0.9868121212,0.1361348236,0.8055334196,0.9284803643,-1
643,-4,-0.157745,1.5489945969e+05,1.3141390845e+05,2.0418761079e+04,1.5639106532e+05,1.0096295083,0.1318194468,0.8483819680,0.9898309230,-1
647,-7,-0.275198,1.5825828247e+05,1.7826508447e+05,2.0681304237e+04,1.5983607573e+05,1.0099697358,0.1306807070,1.1264186726,1.2670691153,-1
653,-8,-0.313064,1.6153316599e+05,1.9425810273e+05,2.1237792367e+04,1.6050995100e+05,0.9936656043,0.1314763580,1.2025895830,1.3277315453,-1
659,-10,-0.389545,1.6644479222e+05,2.1027689715e+05,2.1388588599e+04,1.6715233839e+05,1.0042509361,0.1285026003,1.2633432043,1.3960967406,-1
661,-11,-0.427850,1.6963636964e+05,2.3368949452e+05,2.1915718957e+04,1.6620616944e+05,0.9797790992,0.1291923365,1.3775907549,1.4865621907,-1
673,-11,-0.424019,1.7322670501e+05,2.2967084157e+05,2.2873175848e+04,1.6936561070e+05,0.9777107444,0.1320418572,1.3258396940,1.4355922956,-1
677,-11,-0.422764,1.7663765806e+05,2.4187687100e+05,2.2969909383e+04,1.7379713146e+05,0.9839189070,0.1300397075,1.3693392091,1.4832978236,-1
683,-12,-0.459167,1.8047042875e+05,2.5287044726e+05,2.3129409198e+04,1.7911287116e+05,0.9924776729,0.1281617679,1.4011738599,1.5218133007,-1
691,-9,-0.342376,1.8211175515e+05,2.1976050203e+05,2.3931421521e+04,1.8116883213e+05,0.9948222836,0.1314106357,1.2067343036,1.3329672229,-1
701,-5,-0.188847,1.8553515851e+05,1.6782893226e+05,2.4459992258e+04,1.8577796006e+05,1.0013086552,0.1318348094,0.9045667334,1.0377101980,-1
709,-4,-0.150223,1.8830679500e+05,1.5776390175e+05,2.4998262373e+04,1.8886946968e+05,1.0029880742,0.1327528429,0.8378024900,0.9735434071,-1
719,-3,-0.111881,1.9267520560e+05,1.3693724827e+05,2.5319449234e+04,1.9624835744e+05,1.0185449489,0.1314100024,0.7107154646,0.8606704160,-1
733,-3,-0.110808,2.0104264454e+05,1.3993729372e+05,2.6796222805e+04,2.0181297954e+05,1.0038316995,0.1332862631,0.6960577645,0.8331757270,-1
743,-5,-0.183432,2.0711328158e+05,1.9910017642e+05,2.7462671566e+04,2.0677973755e+05,0.9983895575,0.1325973465,0.9613105200,1.0922974240,-1
751,-3,-0.109472,2.1156730310e+05,1.7321268945e+05,2.8257360011e+04,2.1091949001e+05,0.9969380283,0.1335620372,0.8187119981,0.9492120637,-1
757,-3,-0.109037,2.1545847964e+05,1.7442016674e+05,2.8934550505e+04,2.1420526552e+05,0.9941835006,0.1342929299,0.8095302957,0.9380067262,-1
761,-4,-0.145000,2.1944679357e+05,2.1014169778e+05,2.9107601967e+04,2.1810422602e+05,0.9938820361,0.1326408169,0.9575974857,1.0841203388,-1
769,-3,-0.108183,2.2378565643e+05,1.8368513374e+05,2.9544975084e+04,2.2343189077e+05,0.9984191764,0.1320235423,0.8208083426,0.9512510613,-1
829,-3,-0.104194,2.5918933933e+05,2.0368260385e+05,3.4537069481e+04,2.6084919421e+05,1.0064040245,0.1332503473,0.7858448359,0.9254992078,-1
839,-3,-0.103572,2.6495496705e+05,2.0094497811e+05,3.4620612970e+04,2.6744445888e+05,1.0093959055,0.1306660273,0.7584118175,0.8984737503,-1
863,-3,-0.102121,2.8547490605e+05,2.7094438901e+05,3.6751781305e+04,2.8621496292e+05,1.0025923710,0.1287390959,0.9491005453,1.0804320122,-1
1031,-5,-0.155719,4.0551419178e+05,3.8646464485e+05,5.2994920611e+04,4.0697134530e+05,1.0035933478,0.1306857360,0.9530237232,1.0873028069,-1
1033,-6,-0.186681,4.1035803612e+05,4.4820528388e+05,5.3448120754e+04,4.0837427686e+05,0.9951657843,0.1302475303,1.0922298199,1.2176431345,-1
1039,-8,-0.248189,4.1517957704e+05,5.1949323402e+05,5.3720970519e+04,4.1460435515e+05,0.9986145227,0.1293921317,1.2512494900,1.3792561444,-1
1049,-5,-0.154377,4.2142775996e+05,4.4419776430e+05,5.4767112519e+04,4.2248325262e+05,1.0025045637,0.1299561104,1.0540306228,1.1864912969,-1
1051,-6,-0.185076,4.2627820473e+05,5.0071529612e+05,5.5719283100e+04,4.2355975928e+05,0.9936228373,0.1307110767,1.1746209179,1.2989548319,-1
1061,-5,-0.153501,4.3184166447e+05,4.5590403372e+05,5.6541096228e+04,4.3155044486e+05,0.9993256334,0.1309301554,1.0557203513,1.1859761401,-1
1063,-6,-0.184028,4.3633449848e+05,5.2069286563e+05,5.6537518234e+04,4.3551058231e+05,0.9981117327,0.1295737982,1.1933341678,1.3210196987,-1
1069,-8,-0.244682,4.4138828607e+05,6.0659506462e+05,5.7307577995e+04,4.3800682694e+05,0.9923390375,0.1298348411,1.3742889963,1.4964628748,-1
1087,-8,-0.242647,4.5088360792e+05,5.2111089661e+05,5.9038036256e+04,4.5198236707e+05,1.0024369020,0.1309385287,1.1557548056,1.2891302363,-1
1091,-10,-0.302752,4.5801100195e+05,6.0417689693e+05,5.9184334705e+04,4.6056150229e+05,1.0055686443,0.1292203341,1.3191318426,1.4539208210,-1
1093,-11,-0.332723,4.6444557842e+05,6.6942728310e+05,6.0441318202e+04,4.5319297530e+05,0.9757719663,0.1301364918,1.4413470904,1.5472555485,-1
1097,-12,-0.362308,4.7213399351e+05,7.1840206258e+05,6.0209856566e+04,4.7054858341e+05,0.9966420336,0.1275270525,1.5216063076,1.6457753937,-1
1103,-12,-0.361321,4.7862165304e+05,7.3277136918e+05,6.0739739369e+04,4.7533042339e+05,0.9931235254,0.1269055401,1.5310033813,1.6510324468,-1
1109,-15,-0.450428,4.9037569218e+05,8.5167685962e+05,6.1329089530e+04,4.8719740126e+05,0.9935186614,0.1250655171,1.7367844149,1.8553685934,-1
1117,-13,-0.388971,4.9069390932e+05,8.0836759439e+05,6.2702437706e+04,4.8484319248e+05,0.9880766467,0.1277831995,1.6473968375,1.7632566837,-1
1123,-12,-0.358089,4.9544627077e+05,7.9409224468e+05,6.3244099502e+04,4.8678659573e+05,0.9825214649,0.1276507731,1.6027817576,1.7129539956,-1
1129,-12,-0.357137,5.0246287634e+05,8.1495730461e+05,6.4001653348e+04,4.9396161559e+05,0.9830808182,0.1273758846,1.6219254058,1.7323821086,-1
1151,-6,-0.176853,5.0740915130e+05,4.7714632369e+05,6.6018136564e+04,5.0828849088e+05,1.0017329991,0.1301082891,0.9403581360,1.0721994241,-1
1153,-7,-0.206150,5.1249347263e+05,5.4945131583e+05,6.7237855736e+04,5.0756868690e+05,0.9903905396,0.1311974870,1.0721137833,1.1937018099,-1
1163,-6,-0.175939,5.2040082354e+05,4.8920594397e+05,6.7864888215e+04,5.1791333706e+05,0.9952200566,0.1304088794,0.9400560526,1.0656849886,-1
1171,-5,-0.146114,5.2730108862e+05,4.3914731245e+05,6.9105692643e+04,5.2246677284e+05,0.9908319632,0.1310554712,0.8328207962,0.9547082306,-1
1181,-6,-0.174593,5.3404937730e+05,4.6022018511e+05,7.0017524021e+04,5.3387688230e+05,0.9996770055,0.1311068358,0.8617558688,0.9925397101,-1
1187,-8,-0.232201,5.4141317911e+05,5.5411158822e+05,7.0217823446e+04,5.4203000084e+05,1.0011392810,0.1296935984,1.0234541928,1.1542870723,-1
1193,-6,-0.173712,5.4472833370e+05,4.8533797379e+05,7.1258154472e+04,5.4582321542e+05,1.0020099592,0.1308141142,0.8909725156,1.0237965890,-1
1201,-5,-0.144277,5.5200926292e+05,4.6284738563e+05,7.2832904122e+04,5.4787512739e+05,0.9925107497,0.1319414528,0.8384775704,0.9629297730,-1
1223,-3,-0.085784,5.6987259080e+05,4.5944177704e+05,7.4586036079e+04,5.6932845544e+05,0.9990451631,0.1308819503,0.8062184152,0.9361455286,-1
1237,-3,-0.085298,5.8919507898e+05,5.8091446424e+05,7.6754766128e+04,5.9237123848e+05,1.0053906755,0.1302705485,0.9859458861,1.1216071102,-1
1249,-3,-0.084887,5.9852372758e+05,5.3027446054e+05,7.8730442275e+04,5.9650451241e+05,0.9966263406,0.1315410545,0.8859706576,1.0141380528,-1
1499,-3,-0.077485,8.7421450017e+05,9.7518273007e+05,1.1242111859e+05,8.7323540427e+05,0.9988800278,0.1285967215,1.1154959451,1.2429726944,-1
1511,-3,-0.077177,8.8423620512e+05,9.1657387463e+05,1.1382241512e+05,8.8725182594e+05,1.0034104245,0.1287239930,1.0365713022,1.1687057198,-1
1553,-4,-0.101502,9.3086682476e+05,9.4627240889e+05,1.2114831947e+05,9.2374454862e+05,0.9923487700,0.1301457053,1.0165497187,1.1390441941,-1
1559,-4,-0.101306,9.3801526205e+05,9.3760895228e+05,1.2132799771e+05,9.3740309237e+05,0.9993473777,0.1293454410,0.9995668410,1.1282596596,-1
1567,-3,-0.075786,9.4676556940e+05,8.6081892507e+05,1.2320012041e+05,9.4885389470e+05,1.0022057470,0.1301273772,0.9092207753,1.0415538996,-1
1571,-4,-0.100919,9.5538611773e+05,9.6032889846e+05,1.2424576446e+05,9.5126364799e+05,0.9956850224,0.1300476971,1.0051735949,1.1309063144,-1
1579,-4,-0.100663,9.6602195132e+05,9.5216747025e+05,1.2502150166e+05,9.6623299493e+05,1.0002184667,0.1294189035,0.9856582130,1.1152955831,-1
1583,-7,-0.175937,9.7626609617e+05,1.2404124306e+06,1.2517012740e+05,9.7394741693e+05,0.9976249516,0.1282131254,1.2705679686,1.3964060456,-1
1597,-5,-0.125117,9.8646878254e+05,1.0318941198e+06,1.2852736302e+05,9.8350000626e+05,0.9969905015,0.1302903501,1.0460484285,1.1733292802,-1
1601,-8,-0.199938,9.9596091694e+05,1.3084217104e+06,1.2938401882e+05,9.8652998126e+05,0.9905308175,0.1299087310,1.3137279667,1.4341675152,-1
1607,-10,-0.249455,1.0079395436e+06,1.4404834602e+06,1.2970946003e+05,1.0032976036e+06,0.9953946246,0.1286877381,1.4291367665,1.5532191293,-1
1609,-11,-0.274230,1.0162335775e+06,1.5863268112e+06,1.2995610962e+05,1.0088957439e+06,0.9927793829,0.1278801572,1.5609864172,1.6816459573,-1
1613,-11,-0.273890,1.0240484897e+06,1.6837606951e+06,1.3116898016e+05,1.0140702678e+06,0.9902561041,0.1280886418,1.6442196947,1.7625644406,-1
1619,-13,-0.323087,1.0360783952e+06,1.8914119962e+06,1.3080432516e+05,1.0365681377e+06,1.0004726887,0.1262494477,1.8255491138,1.9522712501,-1
1621,-14,-0.347725,1.0471814934e+06,2.0529134822e+06,1.3294980149e+05,1.0187637372e+06,0.9728626257,0.1269596554,1.9604180318,2.0602403128,-1
1627,-14,-0.347084,1.0572100769e+06,2.0816298164e+06,1.3292527047e+05,1.0472481272e+06,0.9905771332,0.1257321259,1.9689840854,2.0852933445,-1
1637,-16,-0.395454,1.0727703110e+06,2.1529861736e+06,1.3408363576e+05,1.0654890226e+06,0.9932126306,0.1249882052,2.0069404899,2.1251413257,-1
1657,-10,-0.245662,1.0686679559e+06,1.6406929361e+06,1.3841688236e+05,1.0624239276e+06,0.9941571858,0.1295228154,1.5352691424,1.6589491436,-1
1663,-11,-0.269741,1.0849592882e+06,1.7445899899e+06,1.3858191929e+05,1.0802818551e+06,0.9956888400,0.1277300640,1.6079773765,1.7313962805,-1
1667,-12,-0.293909,1.0929202158e+06,1.9295926768e+06,1.3976891988e+05,1.0816931104e+06,0.9897274245,0.1278857485,1.7655384619,1.8831516350,-1
1669,-13,-0.318211,1.1060351068e+06,2.0961399784e+06,1.4007791811e+05,1.0927013529e+06,0.9879445473,0.1266487087,1.8951839461,2.0097772022,-1
1693,-9,-0.218733,1.1136103094e+06,1.5401149469e+06,1.4419312065e+05,1.1080867773e+06,0.9950399776,0.1294825662,1.3829927165,1.5075152603,-1
1697,-11,-0.267025,1.1275082279e+06,1.7638646533e+06,1.4475633912e+05,1.1248950737e+06,0.9976823635,0.1283860601,1.5643918240,1.6904602476,-1
1699,-13,-0.315389,1.1417452881e+06,1.9613133286e+06,1.4478979075e+05,1.1357428011e+06,0.9947427092,0.1268144412,1.7178203835,1.8393775339,-1
1709,-13,-0.314465,1.1520585327e+06,2.0395340372e+06,1.4640323313e+05,1.1527645161e+06,1.0006128017,0.1270796830,1.7703389015,1.8980313862,-1
1721,-9,-0.216946,1.1597287777e+06,1.6340924740e+06,1.4904619377e+05,1.1527250738e+06,0.9939609122,0.1285181472,1.4090298572,1.5315089166,-1
1723,-9,-0.216820,1.1669584391e+06,1.7548076414e+06,1.4987517818e+05,1.1489923360e+06,0.9846043334,0.1284323187,1.5037447630,1.6167814152,-1
1733,-9,-0.216194,1.1762009511e+06,1.7145866033e+06,1.5094072226e+05,1.1727761650e+06,0.9970882645,0.1283290258,1.4577327128,1.5831500032,-1
1741,-9,-0.215697,1.1864399462e+06,1.6557674913e+06,1.5289926010e+05,1.1760252533e+06,0.9912218963,0.1288723130,1.3955763177,1.5156705269,-1
1747,-11,-0.263176,1.1975399785e+06,1.8574340644e+06,1.5316849949e+05,1.1923980074e+06,0.9957062218,0.1279026189,1.5510413829,1.6746502236,-1
1753,-12,-0.286609,1.2102441450e+06,2.0307093135e+06,1.5480338248e+05,1.1950931592e+06,0.9874810501,0.1279108708,1.6779335987,1.7933255196,-1
1759,-12,-0.286120,1.2246233993e+06,1.9986476572e+06,1.5477072542e+05,1.2196385657e+06,0.9959294966,0.1263823029,1.6320508479,1.7543626474,-1
1777,-7,-0.166056,1.2398277935e+06,1.5431775494e+06,1.5937343345e+05,1.2191352009e+06,0.9833101075,0.1285448143,1.2446708789,1.3565258007,-1
1783,-7,-0.165776,1.2456059157e+06,1.5481588532e+06,1.6043405626e+05,1.2401338536e+06,0.9956069074,0.1288000115,1.2428961950,1.3673031139,-1
1787,-8,-0.189246,1.2502737949e+06,1.7068769305e+06,1.6054198055e+05,1.2409073996e+06,0.9925085246,0.1284054590,1.3652025160,1.4861164997,-1
1789,-9,-0.212783,1.2595444462e+06,1.8990410911e+06,1.6103927525e+05,1.2479483857e+06,0.9907934487,0.1278551747,1.5077205865,1.6263692099,-1
1801,-7,-0.164946,1.2698718808e+06,1.5862080226e+06,1.6418542676e+05,1.2500566330e+06,0.9843958685,0.1292929068,1.2491087067,1.3627974820,-1
1811,-7,-0.164490,1.2800295484e+06,1.5971541546e+06,1.6474874399e+05,1.2773905218e+06,0.9979383080,0.1287069851,1.2477478794,1.3743931725,-1
1823,-3,-0.070263,1.2895454214e+06,1.1749506459e+06,1.6646159623e+05,1.2927432523e+06,1.0024798125,0.1290854851,0.9111355260,1.0427008236,-1
1831,-3,-0.070110,1.2996717746e+06,1.1957060339e+06,1.6872892371e+05,1.2974293528e+06,0.9982746246,0.1298242579,0.9200061564,1.0481050389,-1
1873,-3,-0.069319,1.3639519183e+06,1.0902156542e+06,1.7762129759e+05,1.3500409034e+06,0.9898009492,0.1302254832,0.7993065148,0.9193329472,-1
1877,-3,-0.069245,1.3704440219e+06,1.2156252687e+06,1.7758452152e+05,1.3624743708e+06,0.9941846212,0.1295817404,0.8870302247,1.0107965864,-1
1879,-5,-0.115347,1.3798163604e+06,1.4468891226e+06,1.7718566312e+05,1.3794703699e+06,0.9997492489,0.1284124962,1.0486099195,1.1767716646,-1
1889,-7,-0.161058,1.3873159729e+06,1.7995034309e+06,1.7848342648e+05,1.3897974082e+06,1.0017886591,0.1286537674,1.2971114484,1.4275538748,-1
1901,-4,-0.091742,1.4024093621e+06,1.4241732694e+06,1.8231321776e+05,1.3965151510e+06,0.9957970823,0.1300000005,1.0155189404,1.1413160231,-1
1907,-5,-0.114497,1.4132196173e+06,1.5262589251e+06,1.8280211504e+05,1.4075988416e+06,0.9960227161,0.1293515267,1.0799870780,1.2053613208,-1
1913,-6,-0.137181,1.4241941180e+06,1.6161462186e+06,1.8389603654e+05,1.4223918055e+06,0.9987345036,0.1291228732,1.1347794504,1.2626368273,-1
1933,-3,-0.068235,1.4553443817e+06,1.1654605015e+06,1.8866937219e+05,1.4516568060e+06,0.9974661835,0.1296389876,0.8008142376,0.9279194087,-1
2143,-3,-0.064805,1.8059722440e+06,2.4300532384e+06,2.3170110627e+05,1.7951009113e+06,0.9939803434,0.1282971580,1.3455651085,1.4678426098,-1
2347,-3,-0.061925,2.1566226291e+06,2.3453338003e+06,2.7811795833e+05,2.1565711184e+06,0.9999761151,0.1289599555,1.0875031026,1.2164391732,-1
2351,-4,-0.082496,2.1677798142e+06,2.5922357461e+06,2.7753113916e+05,2.1543168801e+06,0.9937895288,0.1280255206,1.1958021424,1.3176171917,-1
2357,-6,-0.123587,2.1840262263e+06,2.9764841305e+06,2.7926084031e+05,2.1614567866e+06,0.9896661315,0.1278651497,1.3628426686,1.4803739498,-1
2377,-3,-0.061533,2.2162222051e+06,2.5936857406e+06,2.8592612944e+05,2.1999408936e+06,0.9926535744,0.1290151000,1.1703184521,1.2919871266,-1
2381,-6,-0.122962,2.2257560893e+06,3.1686443463e+06,2.8649148619e+05,2.1923210861e+06,0.9849781369,0.1287164787,1.4236260485,1.5373206641,-1
2383,-8,-0.163881,2.2408542211e+06,3.5302968476e+06,2.8566770571e+05,2.2307289471e+06,0.9954815115,0.1274816108,1.5754245923,1.6983877146,-1
2389,-9,-0.184134,2.2663202636e+06,3.9996853348e+06,2.8728269058e+05,2.2401444713e+06,0.9884500912,0.1267617358,1.7648367704,1.8800485975,-1
2393,-10,-0.204422,2.2785284425e+06,4.2562513310e+06,2.8845810910e+05,2.2516149302e+06,0.9881882044,0.1265984237,1.8679825328,1.9827691609,-1
2399,-12,-0.245000,2.2994867237e+06,4.5328486239e+06,2.8864180867e+05,2.2836449158e+06,0.9931107200,0.1255244510,1.9712436594,2.0898788304,-1
2411,-15,-0.305487,2.3290332634e+06,4.9850885078e+06,2.9230315298e+05,2.3081964276e+06,0.9910534400,0.1255040697,2.1404110392,2.2569685489,-1
2417,-15,-0.305108,2.3372876236e+06,5.0500871919e+06,2.9393402028e+05,2.3012411568e+06,0.9845776504,0.1257586004,2.1606614183,2.2709976691,-1
2423,-15,-0.304730,2.3505616892e+06,5.0647129081e+06,2.9558317755e+05,2.3136316554e+06,0.9842888472,0.1257500192,2.1546819773,2.2647208437,-1
2437,-11,-0.222826,2.3491665431e+06,4.3227798786e+06,3.0002427349e+05,2.3237919549e+06,0.9891984720,0.1277151994,1.8401334258,1.9570470972,-1
2441,-13,-0.263123,2.3699609668e+06,4.7353328073e+06,2.9994424144e+05,2.3477782810e+06,0.9906400628,0.1265608361,1.9980636279,2.1152645269,-1
2447,-12,-0.242585,2.3808475153e+06,4.7678212068e+06,3.0012949134e+05,2.3831925546e+06,1.0009849599,0.1260599385,2.0025731073,2.1296180056,-1
2459,-11,-0.221826,2.3937269018e+06,4.3690366613e+06,3.0346808340e+05,2.3862938524e+06,0.9968947797,0.1267764018,1.8252026403,1.9488738217,-1
2467,-10,-0.201333,2.4018316232e+06,4.2946114113e+06,3.0703554099e+05,2.3812960531e+06,0.9914500376,0.1278339156,1.7880568187,1.9073407719,-1
2473,-8,-0.160871,2.4148137155e+06,3.9941384083e+06,3.0859648055e+05,2.3936127861e+06,0.9912204700,0.1277930793,1.6540151245,1.7730286738,-1
2477,-8,-0.160741,2.4327078043e+06,4.0878687720e+06,3.0886817062e+05,2.4146109350e+06,0.9925610181,0.1269647633,1.6803780400,1.7999038214,-1
2543,-3,-0.059491,2.5125988185e+06,2.1664994565e+06,3.2521557031e+05,2.5000075946e+06,0.9949887647,0.1294339422,0.8622544278,0.9866771347,-1
2549,-4,-0.079227,2.5339201759e+06,2.3474445652e+06,3.2724555572e+05,2.5150784064e+06,0.9925641819,0.1291459608,0.9264082537,1.0481183964,-1
2551,-5,-0.098995,2.5432123591e+06,2.6493419908e+06,3.2803533544e+05,2.5364582803e+06,0.9973442726,0.1289846419,1.0417305426,1.1680594571,-1
2557,-7,-0.138431,2.5522613266e+06,3.3193674678e+06,3.2990828092e+05,2.5383441885e+06,0.9945471344,0.1292611683,1.3005594032,1.4243677059,-1
2699,-6,-0.115491,2.8589942842e+06,3.3058290623e+06,3.6575568085e+05,2.8517345813e+06,0.9974607494,0.1279315887,1.1562908959,1.2816832340,-1
2707,-6,-0.115321,2.8717080413e+06,3.3352638748e+06,3.6964389305e+05,2.8496801917e+06,0.9923293562,0.1287191761,1.1614216441,1.2824701764,-1
2711,-8,-0.153647,2.8936611609e+06,3.8301686522e+06,3.6986281282e+05,2.8778252398e+06,0.9945273754,0.1278182870,1.3236410344,1.4459866969,-1
2713,-9,-0.172790,2.9127793794e+06,4.2426516536e+06,3.7111075501e+05,2.8864247401e+06,0.9909520647,0.1274077802,1.4565647105,1.5749245555,-1
2719,-13,-0.249309,2.9335096950e+06,5.4258565412e+06,3.7191956226e+05,2.9067419290e+06,0.9908751738,0.1267831372,1.8496126160,1.9672709271,-1
2729,-12,-0.229710,2.9516064305e+06,5.2684592038e+06,3.7421303552e+05,2.9428974995e+06,0.9970494267,0.1267828365,1.7849463767,1.9087786400,-1
2731,-14,-0.267897,2.9756220184e+06,5.7812224163e+06,3.7756929257e+05,2.9066991369e+06,0.9768374878,0.1268875181,1.9428618221,2.0465868279,-1
2741,-14,-0.267407,2.9950297594e+06,5.9270471601e+06,3.7902149282e+05,2.9593783663e+06,0.9880964812,0.1265501592,1.9789610241,2.0936076645,-1
2749,-13,-0.247945,3.0037677909e+06,5.6796626314e+06,3.8019898589e+05,2.9852605216e+06,0.9938386485,0.1265740271,1.8908461062,2.0112587818,-1
2753,-15,-0.285883,3.0281260558e+06,6.3032386665e+06,3.8192863154e+05,2.9954473447e+06,0.9892082725,0.1261270583,2.0815641589,2.1968994898,-1
2767,-16,-0.304169,3.0588323037e+06,6.3051259136e+06,3.8548709307e+05,3.0262974460e+06,0.9893636347,0.1260242651,2.0612852512,2.1766731510,-1
2777,-18,-0.341574,3.0817493738e+06,6.5315726592e+06,3.8891406156e+05,3.0429791530e+06,0.9874194115,0.1261991208,2.1194366793,2.2330552116,-1
2789,-19,-0.359774,3.1053649818e+06,6.6590938269e+06,3.9163365092e+05,3.0727348204e+06,0.9894923265,0.1261151759,2.1443836283,2.2599911306,-1
2791,-20,-0.378573,3.1276718034e+06,7.0528780290e+06,3.9382350753e+05,3.0612559086e+06,0.9787650690,0.1259158672,2.2549930019,2.3596739382,-1
2797,-23,-0.434892,3.1698154307e+06,7.9814933661e+06,3.9488211198e+05,3.0979547637e+06,0.9773296999,0.1245757428,2.5179678567,2.6198732994,-1
2801,-23,-0.434582,3.1868651921e+06,8.1163595560e+06,3.9637871981e+05,3.1134137751e+06,0.9769518280,0.1243788789,2.5468160926,2.6481467995,-1
2803,-25,-0.472203,3.2237750537e+06,8.6502901402e+06,3.9596825874e+05,3.1445039526e+06,0.9754104738,0.1228275088,2.6832796942,2.7815176768,-1
2819,-21,-0.395523,3.2104641492e+06,7.5861377449e+06,3.9992071186e+05,3.1671817606e+06,0.9865183392,0.1245678797,2.3629411177,2.4740273365,-1
2833,-23,-0.432120,3.2495050882e+06,7.9675189227e+06,4.0488990777e+05,3.1740604518e+06,0.9767827302,0.1246004843,2.4519176633,2.5533008778,-1
2837,-25,-0.469365,3.2917390384e+06,8.4529454395e+06,4.0483241399e+05,3.2369042376e+06,0.9833416926,0.1229843585,2.5679269653,2.6742530164,-1
2843,-23,-0.431360,3.2901303333e+06,8.2044367847e+06,4.0715523447e+05,3.2240832722e+06,0.9799257007,0.1237504880,2.4936509966,2.5973271854,-1
2851,-24,-0.449482,3.3165420002e+06,8.6943148931e+06,4.1007333456e+05,3.2287336342e+06,0.9735241206,0.1236448489,2.6215000119,2.7186689814,-1
2857,-23,-0.430301,3.3212558319e+06,8.5946698600e+06,4.1293733001e+05,3.2262175695e+06,0.9713848414,0.1243316838,2.5877771226,2.6834936478,-1
2861,-22,-0.411305,3.3330417432e+06,8.4480247130e+06,4.1296002293e+05,3.2707466292e+06,0.9813098308,0.1238988452,2.5346291358,2.6398378118,-1
2879,-20,-0.372743,3.3335852728e+06,7.7650176774e+06,4.1579599381e+05,3.3271210910e+06,0.9980608920,0.1247293709,2.3293292482,2.4521195111,-1
2887,-19,-0.353615,3.3399260160e+06,7.6706476263e+06,4.1947058254e+05,3.3001983225e+06,0.9881052175,0.1255927768,2.2966519586,2.4103499529,-1
2897,-19,-0.353004,3.3612051774e+06,7.7470385104e+06,4.2218923525e+05,3.3212626510e+06,0.9881166057,0.1256065051,2.3048395149,2.4185626257,-1
2903,-17,-0.315519,3.3649129794e+06,7.2776994912e+06,4.2384668275e+05,3.3467859363e+06,0.9946129236,0.1259606668,2.1628195248,2.2833931153,-1
2909,-18,-0.333734,3.3932981561e+06,7.7950701477e+06,4.2620887668e+05,3.3649771653e+06,0.9916538455,0.1256031321,2.2971957633,2.4144527409,-1
2917,-18,-0.333276,3.4109945414e+06,8.0093965605e+06,4.3030119767e+05,3.3468044505e+06,0.9811814149,0.1261512419,2.3481118083,2.4554444651,-1
2927,-17,-0.314223,3.4266878126e+06,7.8332523141e+06,4.3207535020e+05,3.3729890649e+06,0.9843292559,0.1260912502,2.2859544676,2.3963749737,-1
2939,-17,-0.313581,3.4418220591e+06,7.4161303565e+06,4.3404948058e+05,3.4215196635e+06,0.9941012652,0.1261103779,2.1547105659,2.2749222090,-1
2953,-15,-0.276032,3.4528292451e+06,6.8137566586e+06,4.4030664102e+05,3.4170151141e+06,0.9896275986,0.1275205374,1.9733836153,2.0905317513,-1
2957,-18,-0.331014,3.4917882566e+06,7.5677868453e+06,4.4063460171e+05,3.4630075773e+06,0.9917576104,0.1261916730,2.1673097821,2.2852590654,-1
2963,-16,-0.293937,3.4972552063e+06,7.3915985213e+06,4.4184608768e+05,3.4696545727e+06,0.9921079155,0.1263408192,2.1135427886,2.2319915234,-1
2969,-16,-0.293640,3.5161976102e+06,7.5457686031e+06,4.4334452821e+05,3.4886934591e+06,0.9921778710,0.1260863516,2.1460024263,2.2642666490,-1
2971,-17,-0.311887,3.5398944379e+06,8.0310011881e+06,4.4683436008e+05,3.4602779680e+06,0.9775088011,0.1262281596,2.2687120560,2.3724490167,-1
2999,-6,-0.109563,3.5330986889e+06,4.6583064162e+06,4.5192460276e+05,3.5270680483e+06,0.9982931016,0.1279116839,1.3184761668,1.4446809523,-1
3001,-7,-0.127781,3.5495468025e+06,5.1306490028e+06,4.5513457415e+05,3.5267276628e+06,0.9935712526,0.1282232914,1.4454377666,1.5672323107,-1
3011,-6,-0.109344,3.5575352728e+06,4.8765781626e+06,4.5754081133e+05,3.5359879306e+06,0.9939431824,0.1286117427,1.3707743673,1.4933292924,-1
3019,-7,-0.127399,3.5730835104e+06,5.0908495502e+06,4.5896299362e+05,3.5653989530e+06,0.9978493205,0.1284501166,1.4247776564,1.5510770936,-1
3023,-8,-0.145503,3.5985739930e+06,5.7004762441e+06,4.5898962190e+05,3.5991153202e+06,1.0001504282,0.1275476405,1.5840931033,1.7117911720,-1
3037,-6,-0.108875,3.6052164377e+06,4.6992182805e+06,4.6513809084e+05,3.5893484208e+06,0.9955985952,0.1290180767,1.3034496990,1.4280663709,-1
3041,-6,-0.108804,3.6258856740e+06,4.8988497977e+06,4.6676629236e+05,3.6121640132e+06,0.9962156389,0.1287316629,1.3510767404,1.4760240422,-1
3049,-3,-0.054330,3.6480072269e+06,4.0125147033e+06,4.6893451865e+05,3.6306242742e+06,0.9952349456,0.1285453919,1.0999196147,1.2236999522,-1
3061,-6,-0.108448,3.6718533144e+06,4.9023078178e+06,4.7383282856e+05,3.6355485992e+06,0.9901127000,0.1290445963,1.3351044821,1.4542617784,-1
3067,-3,-0.054171,3.6963087313e+06,4.2403473861e+06,4.7464534883e+05,3.6842753945e+06,0.9967444990,0.1284106343,1.1471843113,1.2723394446,-1
3079,-3,-0.054065,3.7213412581e+06,3.9918115908e+06,4.7746033220e+05,3.7094667012e+06,0.9968090653,0.1283032915,1.0726808734,1.1977932302,-1
3083,-6,-0.108060,3.7396673049e+06,4.9818311417e+06,4.7945964007e+05,3.7062191758e+06,0.9910558544,0.1282091697,1.3321589156,1.4514239397,-1
3089,-5,-0.089962,3.7585615921e+06,4.8897622973e+06,4.8114663849e+05,3.7387797242e+06,0.9947368515,0.1280135038,1.3009663877,1.4237167429,-1
3617,-3,-0.049882,5.1429179394e+06,6.3448969564e+06,6.6021073563e+05,5.1102008294e+06,0.9936384149,0.1283727921,1.2337153793,1.3557265864,-1
3623,-5,-0.083068,5.1735938775e+06,7.7628668242e+06,6.6293547946e+05,5.1439670132e+06,0.9942734461,0.1281382913,1.5004785857,1.6228903231,-1
3631,-5,-0.082977,5.1920092004e+06,7.8719599973e+06,6.6593556751e+05,5.1528121303e+06,0.9924505006,0.1282616309,1.5161683451,1.6368804766,-1
3637,-7,-0.116072,5.2097689549e+06,8.7109269806e+06,6.6742554485e+05,5.1851496877e+06,0.9952744033,0.1281103923,1.6720371011,1.7954218967,-1
3643,-8,-0.132544,5.2300727691e+06,8.8487104620e+06,6.6924371262e+05,5.1945530340e+06,0.9932085582,0.1279606885,1.6918905057,1.8130597524,-1
3659,-7,-0.115722,5.2618760121e+06,8.0836934348e+06,6.7497169317e+05,5.2453027108e+06,0.9968503056,0.1282758643,1.5362759244,1.6614020944,-1
3671,-3,-0.049514,5.2880152525e+06,6.4579142748e+06,6.7812424147e+05,5.2826853972e+06,0.9989920878,0.1282379511,1.2212359395,1.3484659783,-1
3673,-4,-0.066001,5.3063851248e+06,7.1846160936e+06,6.8187762683e+05,5.2622953705e+06,0.9916911884,0.1285013452,1.3539567756,1.4741493092,-1
3677,-6,-0.098947,5.3287657456e+06,7.9956730253e+06,6.8180793961e+05,5.3173932581e+06,0.9978658308,0.1279485667,1.5004737320,1.6262881296,-1
3691,-9,-0.148139,5.3610694846e+06,8.7184692236e+06,6.8858006695e+05,5.3371174595e+06,0.9955322301,0.1284408025,1.6262555911,1.7502286237,-1
3697,-7,-0.115126,5.3831724724e+06,8.2170688079e+06,6.9157565541e+05,5.3529433638e+06,0.9943845179,0.1284699049,1.5264361025,1.6492905253,-1
3701,-8,-0.131501,5.4057996780e+06,8.9045939254e+06,6.9188104156e+05,5.3645564566e+06,0.9923705605,0.1279886571,1.6472297266,1.7675889442,-1
3709,-9,-0.147779,5.4455132994e+06,9.1636585508e+06,6.9408747869e+05,5.3992212095e+06,0.9914990402,0.1274604322,1.6827905924,1.8017500647,-1
3719,-7,-0.114785,5.4742338334e+06,8.1735227408e+06,6.9661370043e+05,5.4364133383e+06,0.9930911802,0.1272531868,1.4930898076,1.6134341745,-1
3727,-8,-0.131042,5.5097608228e+06,8.8967772751e+06,7.0199774022e+05,5.4458173858e+06,0.9883945167,0.1274098392,1.6147302145,1.7305345704,-1
3733,-12,-0.196405,5.5438372794e+06,1.0933860687e+07,7.0263609986e+05,5.4942961495e+06,0.9910637475,0.1267418332,1.9722549808,2.0900605615,-1
3739,-10,-0.163539,5.5642370283e+06,1.0460950222e+07,7.0438478917e+05,5.5311080800e+06,0.9940460933,0.1265914420,1.8800331778,2.0006707131,-1
3761,-6,-0.097836,5.6026843327e+06,8.5986957180e+06,7.1320334195e+05,5.5753100643e+06,0.9951140798,0.1272967206,1.5347457053,1.6571565057,-1
3767,-8,-0.130344,5.6240724260e+06,9.0945690825e+06,7.1612600446e+05,5.5903646533e+06,0.9940065187,0.1273322870,1.6170789410,1.7384177468,-1
3769,-9,-0.146598,5.6447612148e+06,9.8913297692e+06,7.1667156301e+05,5.5972859719e+06,0.9915895038,0.1269622462,1.7523026029,1.8708543528,-1
3779,-6,-0.097603,5.6664904604e+06,9.1797820388e+06,7.1790987978e+05,5.6606084454e+06,0.9989619651,0.1266939184,1.6200119109,1.7456677943,-1
3793,-7,-0.113660,5.6810526312e+06,8.5387626599e+06,7.2696367555e+05,5.6292213667e+06,0.9908764682,0.1279628482,1.5030247410,1.6218640574,-1
3797,-8,-0.129828,5.7007366831e+06,9.4149344967e+06,7.2772673988e+05,5.6563544035e+06,0.9922146413,0.1276548594,1.6515294461,1.7713989469,-1
3803,-8,-0.129726,5.7321640332e+06,9.6072181437e+06,7.3001136940e+05,5.6950835043e+06,0.9935311466,0.1273535379,1.6760194035,1.7969040880,-1
3821,-8,-0.129420,5.7747662439e+06,9.4555068850e+06,7.3622426523e+05,5.7232774651e+06,0.9910838332,0.1274898817,1.6373834863,1.7559572012,-1
3823,-9,-0.145559,5.8019989594e+06,1.0172930563e+07,7.3817923663e+05,5.7441241499e+06,0.9900250224,0.1272284331,1.7533492568,1.8706027124,-1
3833,-7,-0.113065,5.8112946892e+06,8.8086396483e+06,7.4007508609e+05,5.7785637777e+06,0.9943677075,0.1273511542,1.5157792057,1.6374980674,-1
3847,-8,-0.128982,5.8323251215e+06,8.9563578568e+06,7.4601253880e+05,5.8017421900e+06,0.9947563054,0.1279099713,1.5356410471,1.6583073238,-1
3851,-8,-0.128915,5.8505428046e+06,9.2612374212e+06,7.4924908794e+05,5.8170461935e+06,0.9942746148,0.1280648844,1.5829706286,1.7053101279,-1
3853,-9,-0.144992,5.8757428039e+06,1.0078098180e+07,7.5033858065e+05,5.8198103903e+06,0.9904807927,0.1277010594,1.7152041056,1.8333859577,-1
3863,-12,-0.193072,5.9132483195e+06,1.1532896397e+07,7.5120287527e+05,5.8805120355e+06,0.9944639084,0.1270372619,1.9503487379,2.0718499082,-1
3877,-9,-0.144542,5.9384178147e+06,9.4738541422e+06,7.5929396080e+05,5.8845235249e+06,0.9909244699,0.1278613234,1.5953498790,1.7141356723,-1
3881,-11,-0.176572,5.9648024725e+06,1.0482941645e+07,7.6134080529e+05,5.9095666210e+06,0.9907397015,0.1276388965,1.7574666879,1.8758452859,-1
3889,-12,-0.192425,5.9887141119e+06,1.0655897814e+07,7.6531259046e+05,5.9094594806e+06,0.9867660019,0.1277924737,1.7793298552,1.8938883308,-1
3907,-8,-0.127988,6.0094506981e+06,8.5656997050e+06,7.7168466352e+05,5.9700315206e+06,0.9934404691,0.1284118470,1.4253714916,1.5472238076,-1
3911,-7,-0.111932,6.0289141621e+06,8.3540896299e+06,7.7177271785e+05,6.0033503710e+06,0.9957598018,0.1280118935,1.3856706872,1.5094423825,-1
3917,-10,-0.159780,6.0603862184e+06,1.0411031593e+07,7.7569272485e+05,6.0203640516e+06,0.9933961029,0.1279939424,1.7178825273,1.8392725726,-1
3919,-12,-0.191687,6.0931638707e+06,1.1440993258e+07,7.7317301023e+05,6.0622011730e+06,0.9949184531,0.1268918786,1.8776769345,1.9994872663,-1
3923,-13,-0.207555,6.1274598107e+06,1.2124173156e+07,7.7565735815e+05,6.0626225427e+06,0.9894185731,0.1265870984,1.9786622076,2.0946678792,-1
3929,-14,-0.223351,6.1626838954e+06,1.2739304326e+07,7.7841112678e+05,6.0892925284e+06,0.9880910058,0.1263104096,2.0671682245,2.1815696399,-1
3931,-14,-0.223294,6.1860322500e+06,1.3314871011e+07,7.8005863512e+05,6.1168467115e+06,0.9888158458,0.1260999949,2.1524089227,2.2673247635,-1
3943,-15,-0.238879,6.2252799985e+06,1.3460475154e+07,7.8403101480e+05,6.1547080013e+06,0.9886636429,0.1259430925,2.1622280696,2.2768348050,-1
3947,-16,-0.254675,6.2487421631e+06,1.4375674719e+07,7.8590836283e+05,6.1890034018e+06,0.9904398742,0.1257706499,2.3005709538,2.4167814779,-1
3967,-15,-0.238155,6.3033443132e+06,1.2628705770e+07,7.9386752370e+05,6.2466267792e+06,0.9910019934,0.1259438616,2.0034929305,2.1204387855,-1
3989,-10,-0.158332,6.3123971681e+06,9.2791919141e+06,8.0065246714e+05,6.2694709697e+06,0.9931996994,0.1268381006,1.4699949428,1.5900327428,-1
4001,-10,-0.158094,6.3435420650e+06,9.1038458244e+06,8.0893957983e+05,6.2833916271e+06,0.9905178468,0.1275217491,1.4351360377,1.5531756336,-1
4003,-10,-0.158055,6.3601457823e+06,9.6703756906e+06,8.0781000070e+05,6.3020805363e+06,0.9908704536,0.1270112397,1.5204644707,1.6383461641,-1
4007,-10,-0.157976,6.3839648614e+06,1.0092360481e+07,8.0908320243e+05,6.3208947225e+06,0.9901205379,0.1267367882,1.5808922355,1.6977495616,-1
4013,-12,-0.189429,6.4118630223e+06,1.1214992102e+07,8.1270462605e+05,6.3434712200e+06,0.9893335522,0.1267501541,1.7491003883,1.8651840945,-1
4019,-15,-0.236610,6.4421453353e+06,1.3243625504e+07,8.1487824912e+05,6.3647153658e+06,0.9879807168,0.1264917518,2.0557787530,2.1702512216,-1
4021,-16,-0.252321,6.4721754702e+06,1.3966456817e+07,8.1739859091e+05,6.3835927267e+06,0.9863132970,0.1262942568,2.1579230787,2.2705306325,-1
4027,-15,-0.236374,6.4837019373e+06,1.4102815619e+07,8.1909995374e+05,6.4151150164e+06,0.9894216419,0.1263321420,2.1751178194,2.2908716032,-1
4049,-13,-0.204301,6.4925756656e+06,1.2132756738e+07,8.2659687425e+05,6.4450586446e+06,0.9926813297,0.1273141688,1.8687124129,1.9887079114,-1
4051,-14,-0.219962,6.5208870016e+06,1.2997264969e+07,8.3064248824e+05,6.4402166366e+06,0.9876289276,0.1273818252,1.9931743896,2.1081851424,-1
4057,-14,-0.219799,6.5530155754e+06,1.3031359833e+07,8.3164618140e+05,6.4933285304e+06,0.9908916675,0.1269104539,1.9886050449,2.1064071663,-1
4073,-14,-0.219367,6.5976457357e+06,1.2380888665e+07,8.3629878723e+05,6.5388399804e+06,0.9910868577,0.1267571526,1.8765616040,1.9944056143,-1
4079,-13,-0.203548,6.6077786273e+06,1.2164770433e+07,8.3742000783e+05,6.5851152863e+06,0.9965702027,0.1267324550,1.8409772964,1.9642799542,-1
4091,-17,-0.265787,6.6604206295e+06,1.4192814471e+07,8.4404007576e+05,6.6142775994e+06,0.9930720547,0.1267247405,2.1309186402,2.2507154353,-1
4093,-18,-0.281353,6.6961439353e+06,1.4943969378e+07,8.4640585602e+05,6.6218400191e+06,0.9889034768,0.1264019806,2.2317276215,2.3470330790,-1
4099,-20,-0.312386,6.7480865443e+06,1.5589346935e+07,8.4698234703e+05,6.6776568575e+06,0.9895630137,0.1255144464,2.3101877596,2.4252652198,-1
4111,-16,-0.249543,6.7322713814e+06,1.3732528909e+07,8.5364178809e+05,6.6591132486e+06,0.9891332169,0.1267984815,2.0398062008,2.1557378992,-1
4127,-14,-0.217927,6.7571972855e+06,1.2238562602e+07,8.5853798894e+05,6.7137287766e+06,0.9935670801,0.1270553386,1.8111891787,1.9318115974,-1
4129,-15,-0.233437,6.7861196971e+06,1.3159183258e+07,8.6095546797e+05,6.7037364049e+06,0.9878600296,0.1268700681,1.9391322059,2.0538623036,-1
4133,-15,-0.233324,6.8062073638e+06,1.3528030522e+07,8.6221244041e+05,6.7284385778e+06,0.9885738442,0.1266803073,1.9876018756,2.1028560271,-1
4139,-14,-0.217611,6.8367264517e+06,1.3587123648e+07,8.6209969779e+05,6.8041342989e+06,0.9952327838,0.1260983168,1.9873727206,2.1087038212,-1
4153,-14,-0.217244,6.8645402194e+06,1.3301564476e+07,8.7136508351e+05,6.7827249256e+06,0.9880814605,0.1269371372,1.9377211074,2.0527397051,-1
4157,-17,-0.263669,6.9198960060e+06,1.4843010881e+07,8.7043675015e+05,6.8440561862e+06,0.9890403238,0.1257875479,2.1449760037,2.2598038753,-1
4159,-18,-0.279112,6.9500838407e+06,1.5697618707e+07,8.7296107449e+05,6.8720212736e+06,0.9887681115,0.1256043948,2.2586229270,2.3729954332,-1
4177,-14,-0.216619,6.9572439993e+06,1.3778682558e+07,8.8261435789e+05,6.8656890859e+06,0.9868403475,0.1268626424,1.9804799946,2.0941829846,-1
4201,-8,-0.123428,6.9774181801e+06,9.7210783872e+06,8.9461465359e+05,6.8914938777e+06,0.9876853730,0.1282157140,1.3932199757,1.5091210626,-1
4211,-12,-0.184922,7.0371718484e+06,1.0976506530e+07,8.9361794042e+05,6.9872770076e+06,0.9929098164,0.1269853799,1.5597894675,1.6796846637,-1
4217,-13,-0.200190,7.0750299539e+06,1.1759322718e+07,8.9826871757e+05,6.9863820062e+06,0.9874703078,0.1269632388,1.6620880469,1.7765215935,-1
4219,-13,-0.200142,7.0894506550e+06,1.2360067098e+07,8.9924824073e+05,7.0328697310e+06,0.9920189974,0.1268431483,1.7434449720,1.8623071177,-1
4229,-10,-0.153773,7.0875809822e+06,1.1491031828e+07,9.0108232287e+05,7.0367073005e+06,0.9928221375,0.1271353830,1.6212910803,1.7412486009,-1
4231,-11,-0.169111,7.1208862815e+06,1.2316197950e+07,9.0365304201e+05,7.0691331073e+06,0.9927322004,0.1269017656,1.7295877877,1.8492217538,-1
4241,-14,-0.214978,7.1629897697e+06,1.4043003828e+07,9.0831945207e+05,7.0810903985e+06,0.9885663146,0.1268073083,1.9604947487,2.0758683716,-1
4243,-14,-0.214927,7.1807991294e+06,1.4685659382e+07,9.0943996490e+05,7.1185109552e+06,0.9913257323,0.1266488518,2.0451288383,2.1631034224,-1
4253,-16,-0.245342,7.2443549737e+06,1.5060439134e+07,9.1244904866e+05,7.1561256059e+06,0.9878209491,0.1259531113,2.0789206477,2.1926947082,-1
4259,-18,-0.275816,7.2845197239e+06,1.6745170798e+07,9.1477801175e+05,7.1975123022e+06,0.9880558465,0.1255783561,2.2987336754,2.4123678780,-1
4261,-19,-0.291070,7.3165999660e+06,1.7591389811e+07,9.1767549608e+05,7.1839320530e+06,0.9818675459,0.1254237625,2.4043120976,2.5116034060,-1
4271,-15,-0.229523,7.3055359646e+06,1.6016803028e+07,9.2091373537e+05,7.2006539885e+06,0.9856434933,0.1260569710,2.1924199820,2.3041204463,-1
4273,-16,-0.244767,7.3410128590e+06,1.6957703126e+07,9.2291646929e+05,7.2595451879e+06,0.9889023936,0.1257205902,2.3099950173,2.4246180011,-1
4283,-13,-0.198641,7.3713818576e+06,1.5875015469e+07,9.2356393795e+05,7.3193585830e+06,0.9929425343,0.1252904755,2.1536010176,2.2718340273,-1
4289,-11,-0.167963,7.3894826220e+06,1.4972882649e+07,9.2717773889e+05,7.3295377235e+06,0.9918878084,0.1254726192,2.0262423521,2.1436027797,-1
4297,-12,-0.183062,7.4271551982e+06,1.5375646003e+07,9.3239895383e+05,7.3227728555e+06,0.9859458514,0.1255391774,2.0701931752,2.1816782040,-1
4327,-6,-0.091213,7.4157830495e+06,1.0824804762e+07,9.4674716132e+05,7.3189732251e+06,0.9869454346,0.1276665128,1.4596981451,1.5743100925,-1
4337,-7,-0.106293,7.4307697295e+06,1.0909654257e+07,9.4948214100e+05,7.3825846917e+06,0.9935154715,0.1277770911,1.4681728345,1.5894653972,-1
4339,-8,-0.121449,7.4538757120e+06,1.1946705987e+07,9.4900623498e+05,7.4325572978e+06,0.9971399558,0.1273171531,1.6027508975,1.7272080064,-1
4349,-10,-0.151637,7.4923367587e+06,1.2744318410e+07,9.5385316249e+05,7.4435172578e+06,0.9934840755,0.1273105031,1.7009804578,1.8217750364,-1
4357,-11,-0.166648,7.5210334024e+06,1.3311950433e+07,9.6013108458e+05,7.4226053968e+06,0.9869129679,0.1276594629,1.7699629454,1.8845353762,-1
4363,-11,-0.166533,7.5549264983e+06,1.3431504284e+07,9.6054756222e+05,7.5098364490e+06,0.9940317025,0.1271418805,1.7778471157,1.8990206986,-1
4373,-11,-0.166342,7.5829913028e+06,1.3074463058e+07,9.6455396729e+05,7.5206411695e+06,0.9917776335,0.1271996668,1.7241827843,1.8431600847,-1
4391,-8,-0.120728,7.6265421507e+06,9.6655911695e+06,9.7207284535e+05,7.5757355038e+06,0.9933381805,0.1274591848,1.2673621910,1.3881595563,-1
4397,-9,-0.135726,7.6486095800e+06,1.0500896916e+07,9.7559341401e+05,7.5884633873e+06,0.9921363233,0.1275517339,1.3729157968,1.4926038541,-1
4409,-11,-0.165662,7.6922898176e+06,1.1684220342e+07,9.7989641625e+05,7.6409452493e+06,0.9933251906,0.1273868301,1.5189521740,1.6396641948,-1
4421,-7,-0.105278,7.7534206348e+06,8.3988428996e+06,9.8707124820e+05,7.6875341113e+06,0.9915022638,0.1273078419,1.0832435508,1.2020536565,-1
4423,-7,-0.105254,7.7669242199e+06,9.0938520453e+06,9.8806426873e+05,7.7061585116e+06,0.9921763485,0.1272143568,1.1708434108,1.2902341161,-1
4441,-8,-0.120047,7.8301705754e+06,8.6159017046e+06,9.9755389480e+05,7.7514872047e+06,0.9899512571,0.1273987438,1.1003466172,1.2176966181,-1
4447,-8,-0.119966,7.8362562842e+06,9.2782720684e+06,9.9918645915e+05,7.7694764491e+06,0.9914780945,0.1275081395,1.1840184562,1.3030046903,-1
4451,-8,-0.119912,7.8592962518e+06,9.6698732703e+06,9.9995748615e+05,7.7984564168e+06,0.9922588699,0.1272324460,1.2303739369,1.3498652528,-1
4457,-9,-0.134810,7.8895081579e+06,9.9430723809e+06,1.0025047143e+06,7.8289062885e+06,0.9923186759,0.1270680877,1.2602905253,1.3796772889,-1
4463,-11,-0.164657,7.9135509032e+06,1.1296001656e+07,1.0043518846e+06,7.8612461844e+06,0.9933904868,0.1269154513,1.4274251590,1.5477310972,-1
4481,-5,-0.074693,7.9360463921e+06,8.2173718689e+06,1.0155102350e+06,7.8754221388e+06,0.9923608998,0.1279617312,1.0354490716,1.1557717026,-1
4483,-6,-0.089612,7.9599433361e+06,9.2755035146e+06,1.0148144591e+06,7.8981112610e+06,0.9922320961,0.1274901612,1.1652725557,1.2849948130,-1
4493,-5,-0.074594,8.0001977395e+06,8.5563152494e+06,1.0189212266e+06,7.9577837930e+06,0.9946983877,0.1273620053,1.0695129706,1.1915733636,-1
4507,-6,-0.089373,8.0419348956e+06,9.1589310356e+06,1.0255981983e+06,7.9715674948e+06,0.9912499415,0.1275312735,1.1388964415,1.2576776565,-1
4513,-5,-0.074428,8.0525413740e+06,8.8714705527e+06,1.0300754272e+06,7.9888586661e+06,0.9920916013,0.1279192964,1.1016982268,1.2217091245,-1
4517,-6,-0.089274,8.0946547096e+06,9.6721783421e+06,1.0289126336e+06,8.0432877596e+06,0.9936542136,0.1271101326,1.1948846108,1.3156489570,-1
4519,-7,-0.104130,8.1185469173e+06,1.0839242991e+07,1.0304968483e+06,8.0499040693e+06,0.9915449342,0.1269311933,1.3351210631,1.4535971906,-1
4523,-8,-0.118953,8.1441599815e+06,1.2225117444e+07,1.0323506119e+06,8.0690819357e+06,0.9907813641,0.1267596185,1.5010900414,1.6186310240,-1
4547,-3,-0.044490,8.1775497620e+06,8.4771008797e+06,1.0435499257e+06,8.1200108078e+06,0.9929637904,0.1276115653,1.0366309135,1.1572062692,-1
4549,-4,-0.059306,8.1937587248e+06,9.6965723929e+06,1.0439789321e+06,8.1438902831e+06,0.9939138504,0.1274114808,1.1834095582,1.3047348894,-1
4561,-4,-0.059228,8.2191889935e+06,9.1470827052e+06,1.0532134921e+06,8.1197159474e+06,0.9878974621,0.1281408048,1.1128935850,1.2289318519,-1
4567,-6,-0.088784,8.2449435277e+06,1.0987885920e+07,1.0521005708e+06,8.1887024184e+06,0.9931787150,0.1276055521,1.3326817683,1.4534660354,-1
4591,-3,-0.044276,8.3209878153e+06,8.9113506636e+06,1.0656944767e+06,8.2476712492e+06,0.9911889588,0.1280730726,1.0709486495,1.1902106810,-1
4643,-3,-0.044027,8.5236996565e+06,8.9811578854e+06,1.0873821037e+06,8.4567850870e+06,0.9921495862,0.1275716118,1.0536689756,1.1733901736,-1
4649,-3,-0.043999,8.5500981184e+06,9.1272977611e+06,1.0911020174e+06,8.5018331177e+06,0.9943550355,0.1276128066,1.0675079554,1.1894757975,-1
4651,-4,-0.058653,8.5773349527e+06,1.0215929708e+07,1.0933135427e+06,8.4767228921e+06,0.9882700091,0.1274654131,1.1910377482,1.3067731704,-1
4657,-6,-0.087922,8.6110958264e+06,1.1907242560e+07,1.0957037727e+06,8.5315791359e+06,0.9907657873,0.1272432446,1.3827790098,1.5007880418,-1
4663,-6,-0.087866,8.6343141968e+06,1.1874312949e+07,1.0992321299e+06,8.5487458591e+06,0.9900897355,0.1273097208,1.3752467976,1.4926462539,-1
4673,-8,-0.117029,8.6717206436e+06,1.3527990127e+07,1.1027887407e+06,8.6332831158e+06,0.9955674855,0.1271706950,1.5600122147,1.6827503951,-1
4679,-6,-0.087715,8.6949927917e+06,1.3424752193e+07,1.1017769851e+06,8.6589415441e+06,0.9958537921,0.1267139619,1.5439635794,1.6665313334,-1
5039,-6,-0.084524,1.0104241413e+07,1.5890491791e+07,1.2778730161e+06,1.0061875251e+07,0.9958070912,0.1264689712,1.5726555949,1.6949316573,-1
5051,-5,-0.070353,1.0136865457e+07,1.5801941577e+07,1.2890956338e+06,1.0034904602e+07,0.9899415796,0.1271690583,1.5588587660,1.6759694039,-1
5059,-5,-0.070297,1.0164657503e+07,1.5753688340e+07,1.2920926931e+06,1.0077420979e+07,0.9914176623,0.1271162056,1.5498494008,1.6683832687,-1
5077,-5,-0.070172,1.0175496019e+07,1.4534517874e+07,1.3033020637e+06,1.0096332252e+07,0.9922201564,0.1280824110,1.4283842131,1.5486867805,-1
5081,-4,-0.056116,1.0213806632e+07,1.4452969525e+07,1.3031126631e+06,1.0144134537e+07,0.9931786358,0.1275834476,1.4150424073,1.5358044906,-1
5087,-5,-0.070103,1.0263961986e+07,1.6714597975e+07,1.3048743321e+06,1.0208832122e+07,0.9946287930,0.1271316412,1.6284742673,1.7502347014,-1
5147,-3,-0.041816,1.0493448239e+07,1.2567334576e+07,1.3354409445e+06,1.0432750799e+07,0.9942156822,0.1272642619,1.1976363050,1.3191162491,-1
5153,-4,-0.055722,1.0511261292e+07,1.3626295635e+07,1.3434088995e+06,1.0408680989e+07,0.9902409140,0.1278066316,1.2963520985,1.4143996441,-1
5167,-3,-0.041735,1.0577031975e+07,1.1182801629e+07,1.3487634393e+06,1.0501142821e+07,0.9928250993,0.1275181395,1.0572721777,1.1776154165,-1
5179,-3,-0.041687,1.0664476421e+07,1.1328694993e+07,1.3532286534e+06,1.0591064524e+07,0.9931162212,0.1268912415,1.0622832801,1.1822907429,-1
5237,-3,-0.041455,1.0920152718e+07,1.0965961462e+07,1.3856784279e+06,1.0830268185e+07,0.9917689308,0.1268918543,1.0041948812,1.1228556663,-1
5303,-4,-0.054929,1.1178989207e+07,9.6000492041e+06,1.4196099262e+06,1.1060024158e+07,0.9893581569,0.1269891132,0.8587582496,0.9751055198,-1
5309,-6,-0.082346,1.1240371035e+07,1.0940174593e+07,1.4217624952e+06,1.1126623964e+07,0.9898804879,0.1264871498,0.9732930131,1.0896606508,-1
5867,-4,-0.052222,1.3781859842e+07,2.6406146548e+07,1.7386889058e+06,1.3655954053e+07,0.9908643833,0.1261577846,1.9160074802,2.0330296482,-1
5869,-5,-0.065266,1.3820967436e+07,2.8290718765e+07,1.7412937150e+06,1.3655727910e+07,0.9880442865,0.1259892785,2.0469420028,2.1609755678,-1
5879,-5,-0.065211,1.3901932564e+07,2.8815985245e+07,1.7416254819e+06,1.3790373473e+07,0.9919752818,0.1252793792,2.0728042747,2.1900589357,-1
5881,-6,-0.078239,1.3948136666e+07,3.0683668085e+07,1.7510604007e+06,1.3699892647e+07,0.9822023525,0.1255408118,2.1998399370,2.3075831014,-1
5897,-9,-0.117200,1.4014452239e+07,3.3955655855e+07,1.7590292754e+06,1.3769139552e+07,0.9824957349,0.1255153784,2.4229028203,2.5309139336,-1
5903,-12,-0.156187,1.4052123673e+07,3.6533826831e+07,1.7574176919e+06,1.3881181840e+07,0.9878351602,0.1250642062,2.5998793977,2.7127787641,-1
5923,-6,-0.077962,1.4074495555e+07,2.8642241708e+07,1.7741597797e+06,1.3892130384e+07,0.9870428627,0.1260549462,2.0350457035,2.1481435123,-1
5927,-6,-0.077935,1.4128856351e+07,2.9265761591e+07,1.7726586337e+06,1.3982343531e+07,0.9896302421,0.1254637028,2.0713468142,2.1864407591,-1
5939,-3,-0.038928,1.4159051943e+07,2.5206290933e+07,1.7776500907e+06,1.4061953973e+07,0.9931423395,0.1255486665,1.7802244835,1.8989154895,-1
5953,-3,-0.038882,1.4221154186e+07,2.3092697317e+07,1.7909362761e+06,1.4052410532e+07,0.9881343208,0.1259346641,1.6238272235,1.7378962084,-1
5987,-4,-0.051696,1.4249020785e+07,1.9235370310e+07,1.8113946928e+06,1.4105087018e+07,0.9898986906,0.1271241526,1.3499433119,1.4669661551,-1
6101,-6,-0.076816,1.4779563532e+07,2.1009785434e+07,1.8811232790e+06,1.4675252895e+07,0.9929422383,0.1272786761,1.4215430238,1.5417639381,-1
6113,-3,-0.038370,1.4801833841e+07,1.7826821195e+07,1.8884408106e+06,1.4657615596e+07,0.9902567312,0.1275815437,1.2043657148,1.3222039897,-1
6131,-3,-0.038314,1.4871524219e+07,1.6483011834e+07,1.8979341510e+06,1.4793945991e+07,0.9947834380,0.1276220328,1.1083606220,1.2307660928,-1
6133,-4,-0.051077,1.4903002619e+07,1.8178216080e+07,1.9020971484e+06,1.4764977959e+07,0.9907384663,0.1276318066,1.2197686966,1.3381389696,-1
6143,-6,-0.076553,1.4964634623e+07,2.0971833984e+07,1.9064452620e+06,1.4868711637e+07,0.9935900215,0.1273967130,1.4014263971,1.5224131315,-1
6151,-8,-0.102004,1.5024546091e+07,2.3752471164e+07,1.9141439247e+06,1.4891198160e+07,0.9911246616,0.1274011150,1.5809110651,1.6994368418,-1
6163,-5,-0.063690,1.5082003363e+07,1.9363179746e+07,1.9204642608e+06,1.4939688510e+07,0.9905639291,0.1273348251,1.2838599277,1.4017586819,-1
6173,-4,-0.050911,1.5116374169e+07,1.8200240894e+07,1.9236577139e+06,1.5008278140e+07,0.9928490769,0.1272565559,1.2040083614,1.3241139942,-1
6199,-3,-0.038103,1.5235514052e+07,1.2347843873e+07,1.9404495005e+06,1.5126106977e+07,0.9928189443,0.1273635726,0.8104645390,0.9306470560,-1
6203,-5,-0.063485,1.5254101019e+07,1.5535470559e+07,1.9425604327e+06,1.5186567015e+07,0.9955727313,0.1273467660,1.0184455013,1.1413649986,-1
6211,-6,-0.076133,1.5285896902e+07,1.6629893729e+07,1.9519678655e+06,1.5151429276e+07,0.9912031576,0.1276973067,1.0879239757,1.2068244400,-1
6217,-10,-0.126826,1.5345363317e+07,2.1560607700e+07,1.9560359249e+06,1.5165416382e+07,0.9882735305,0.1274675538,1.4050242575,1.5207653418,-1
6221,-10,-0.126786,1.5386437752e+07,2.2454901851e+07,1.9565397631e+06,1.5269461167e+07,0.9923974226,0.1271600220,1.4593957492,1.5789531938,-1
6229,-10,-0.126704,1.5429795312e+07,2.2953269430e+07,1.9604708905e+06,1.5264475759e+07,0.9892856937,0.1270574788,1.4875939029,1.6039370754,-1
6247,-7,-0.088565,1.5479625399e+07,1.9583285495e+07,1.9707616614e+06,1.5342322666e+07,0.9911300997,0.1273132657,1.2651007366,1.3835441020,-1
6257,-9,-0.113778,1.5501023806e+07,2.3697637547e+07,1.9792043120e+06,1.5392439352e+07,0.9929950140,0.1276821671,1.5287788628,1.6494560439,-1
6263,-8,-0.101088,1.5512925743e+07,2.3369110853e+07,1.9809187103e+06,1.5434223201e+07,0.9949266474,0.1276947201,1.5064283321,1.6290496995,-1
6269,-10,-0.126299,1.5568459673e+07,2.5833930393e+07,1.9841917160e+06,1.5514210788e+07,0.9965154623,0.1274494560,1.6593761320,1.7833410503,-1
6271,-12,-0.151535,1.5627286006e+07,2.8349101299e+07,1.9874475823e+06,1.5497887432e+07,0.9917197027,0.1271780386,1.8140770757,1.9329748170,-1
6277,-12,-0.151463,1.5658445672e+07,2.9826486357e+07,1.9906498016e+06,1.5523649727e+07,0.9913914862,0.1271294638,1.9048178205,2.0233387705,-1
6287,-13,-0.163954,1.5712262133e+07,2.9902901654e+07,1.9966189174e+06,1.5624577199e+07,0.9944193310,0.1270739312,1.9031569994,2.0246502617,-1
6299,-13,-0.163798,1.5755080390e+07,2.9363114446e+07,2.0001761043e+06,1.5733150185e+07,0.9986080550,0.1269543572,1.8637235557,1.9892859680,-1
6301,-14,-0.176369,1.5800448247e+07,3.1523704334e+07,2.0111764944e+06,1.5605364256e+07,0.9876532622,0.1272860404,1.9951145588,2.1100538614,-1
6311,-21,-0.264344,1.5948416905e+07,4.0196136601e+07,2.0105798779e+06,1.5839539955e+07,0.9931731814,0.1260676774,2.5203841134,2.6396249723,-1
6317,-21,-0.264219,1.5971137624e+07,4.0343436280e+07,2.0144433103e+06,1.5819287922e+07,0.9904922426,0.1261302330,2.5260214538,2.6426439295,-1
6323,-22,-0.276669,1.6038197444e+07,4.1710480035e+07,2.0187976302e+06,1.5867351462e+07,0.9893475571,0.1258743470,2.6006962553,2.7159181595,-1
6329,-22,-0.276538,1.6081282336e+07,4.3434311198e+07,2.0243499191e+06,1.5874712896e+07,0.9871546662,0.1258823691,2.7009233648,2.8139604002,-1
6337,-20,-0.251240,1.6109438902e+07,4.1739828669e+07,2.0325339351e+06,1.5842093146e+07,0.9834044030,0.1261703742,2.5910169138,2.7005916911,-1
6343,-17,-0.213453,1.6106601948e+07,3.9323821796e+07,2.0336962134e+06,1.5932193110e+07,0.9891715932,0.1262647590,2.4414722562,2.5569086084,-1
6353,-18,-0.225831,1.6168384158e+07,4.0536892186e+07,2.0402366258e+06,1.5997056916e+07,0.9894035643,0.1261867980,2.5071702768,2.6227606392,-1
6359,-21,-0.263345,1.6248728270e+07,4.6166086856e+07,2.0412924561e+06,1.6064364185e+07,0.9886536299,0.1256278290,2.8412123145,2.9554937734,-1
6361,-22,-0.275842,1.6308387697e+07,4.8152169592e+07,2.0470727169e+06,1.6054609920e+07,0.9844388188,0.1255226914,2.9526014765,3.0625629867,-1
6367,-24,-0.300776,1.6413819273e+07,5.2305314575e+07,2.0479108481e+06,1.6181813028e+07,0.9858651883,0.1247674788,3.1866632443,3.2972959114,-1
6373,-25,-0.313161,1.6484214461e+07,5.3713200100e+07,2.0539505558e+06,1.6139605359e+07,0.9790945997,0.1246010576,3.2584628298,3.3621584871,-1
6379,-25,-0.313014,1.6524770646e+07,5.3480163661e+07,2.0555851583e+06,1.6248822173e+07,0.9833009196,0.1243941718,3.2363634452,3.3440585367,-1
6389,-23,-0.287747,1.6526262738e+07,4.9273100537e+07,2.0614673674e+06,1.6332065287e+07,0.9882491611,0.1247388717,2.9815029155,3.0944909483,-1
6397,-24,-0.300070,1.6615917588e+07,5.0887528471e+07,2.0710750133e+06,1.6258210099e+07,0.9784719991,0.1246440350,3.0625770862,3.1656931203,-1
6421,-20,-0.249591,1.6603699696e+07,4.4276207072e+07,2.0843913911e+06,1.6363389511e+07,0.9855267085,0.1255377674,2.6666470656,2.7777115415,-1
6427,-20,-0.249474,1.6663979429e+07,4.5003317029e+07,2.0912490922e+06,1.6367254771e+07,0.9821936495,0.1254951797,2.7006344566,2.8083232858,-1
6449,-15,-0.186786,1.6652799860e+07,3.4659270493e+07,2.1001844828e+06,1.6456254295e+07,0.9881974463,0.1261159985,2.0812878786,2.1956013235,-1
6451,-16,-0.199208,1.6702579761e+07,3.6680040226e+07,2.1042458851e+06,1.6483487523e+07,0.9868827306,0.1259832861,2.1960703527,2.3089363695,-1
6469,-15,-0.186497,1.6767174969e+07,3.2904084536e+07,2.1188046083e+06,1.6495329468e+07,0.9837870421,0.1263662252,1.9624107578,2.0725640251,-1
6473,-17,-0.211298,1.6827302185e+07,3.5086937453e+07,2.1170000444e+06,1.6635034065e+07,0.9885740377,0.1258074539,2.0851195912,2.1995010828,-1
6481,-20,-0.248433,1.6937759914e+07,4.0636107662e+07,2.1270454386e+06,1.6598147370e+07,0.9799493826,0.1255800914,2.3991429722,2.5046724462,-1
6491,-17,-0.211005,1.6976794635e+07,3.6789132479e+07,2.1304437565e+06,1.6743141682e+07,0.9862369217,0.1254915196,2.1670246516,2.2787530930,-1
6521,-12,-0.148602,1.6999323077e+07,2.6314669416e+07,2.1513507790e+06,1.6798641600e+07,0.9881947372,0.1265550851,1.5479833695,1.6627331918,-1
6529,-13,-0.160887,1.7036613452e+07,2.6736689555e+07,2.1559673282e+06,1.6834620724e+07,0.9881436103,0.1265490547,1.5693664490,1.6840591140,-1
6547,-11,-0.135948,1.7157309301e+07,2.0882471579e+07,2.1652624809e+06,1.6991040199e+07,0.9903091388,0.1262005856,1.2171180931,1.3336278175,-1
6551,-13,-0.160616,1.7219104182e+07,2.4095734044e+07,2.1648311522e+06,1.7038987278e+07,0.9895397053,0.1257226351,1.3993604887,1.5146228291,-1
6553,-14,-0.172945,1.7258313060e+07,2.6319761439e+07,2.1740683118e+06,1.6974881682e+07,0.9835771100,0.1259722375,1.5250483259,1.6345976733,-1
6563,-15,-0.185157,1.7339789596e+07,2.6805110219e+07,2.1765794421e+06,1.7109888158e+07,0.9867413940,0.1255251357,1.5458728649,1.6581393946,-1
6569,-18,-0.222087,1.7360834235e+07,3.2207084084e+07,2.1795612255e+06,1.7108242070e+07,0.9854504592,0.1255447288,1.8551576294,1.9661528174,-1
6571,-19,-0.234389,1.7415520550e+07,3.4243708650e+07,2.1850247123e+06,1.7116117041e+07,0.9828082366,0.1254642206,1.9662753434,2.0745478006,-1
6577,-22,-0.271274,1.7490337404e+07,3.9016968351e+07,2.1866101719e+06,1.7193908859e+07,0.9830518682,0.1250181813,2.2307727662,2.3388428156,-1
6581,-22,-0.271192,1.7536180101e+07,4.0450814279e+07,2.1908798737e+06,1.7230459329e+07,0.9825662846,0.1249348411,2.3067061381,2.4142072638,-1
6599,-20,-0.246202,1.7536755187e+07,3.4811034144e+07,2.1959192746e+06,1.7362943527e+07,0.9900887217,0.1252181063,1.9850327938,2.1003396218,-1
6607,-21,-0.258355,1.7574496049e+07,3.8171167411e+07,2.2048807299e+06,1.7359457418e+07,0.9877641652,0.1254591155,2.1719636970,2.2851869777,-1
6619,-19,-0.233538,1.7637940874e+07,3.2960660553e+07,2.2149710752e+06,1.7401496462e+07,0.9865945569,0.1255799127,1.8687363105,1.9809107801,-1
6637,-15,-0.184122,1.7683921624e+07,2.5217676776e+07,2.2282583571e+06,1.7446344710e+07,0.9865653717,0.1260047632,1.4260228761,1.5385930111,-1
6653,-13,-0.159380,1.7716756434e+07,2.1980708034e+07,2.2384592447e+06,1.7480837426e+07,0.9866838488,0.1263470124,1.2406733770,1.3537042382,-1
6659,-15,-0.183817,1.7790130593e+07,2.5071315650e+07,2.2375745583e+06,1.7619784381e+07,0.9904246789,0.1257761739,1.4092822714,1.5254831242,-1
6661,-16,-0.196043,1.7824656164e+07,2.7320848950e+07,2.2465557828e+06,1.7551389456e+07,0.9846691737,0.1260364162,1.5327560150,1.6434616048,-1
6673,-12,-0.146900,1.7819114957e+07,2.2771654937e+07,2.2510244568e+06,1.7628865427e+07,0.9893232896,0.1263263895,1.2779341169,1.3935837960,-1
6679,-13,-0.159070,1.7903164511e+07,2.3619015103e+07,2.2543996541e+06,1.7643130599e+07,0.9854755335,0.1259218532,1.3192648198,1.4306622066,-1
6689,-15,-0.183405,1.7941569951e+07,2.6800424573e+07,2.2631208172e+06,1.7671280750e+07,0.9849350307,0.1261383939,1.4937613958,1.6048348204,-1
6691,-15,-0.183377,1.7947770876e+07,2.8410369030e+07,2.2632887927e+06,1.7753572349e+07,0.9891797968,0.1261041724,1.5829469423,1.6982309115,-1
6701,-16,-0.195457,1.7964123874e+07,3.1115260365e+07,2.2717362488e+06,1.7718959829e+07,0.9863525744,0.1264596183,1.7320778115,1.8448900042,-1
6703,-18,-0.219856,1.8040770818e+07,3.4134067269e+07,2.2703960643e+06,1.7801596741e+07,0.9867425799,0.1258480631,1.8920514879,2.0046421309,-1
6709,-19,-0.231966,1.8103833250e+07,3.5212495882e+07,2.2740799815e+06,1.7852106545e+07,0.9860953920,0.1256131754,1.9450298396,2.0567384070,-1
6719,-17,-0.207394,1.8080440134e+07,3.4431819602e+07,2.2748020816e+06,1.7965523795e+07,0.9936441625,0.1258156364,1.9043684416,2.0238282405,-1
6733,-16,-0.194991,1.8109751527e+07,3.3559519562e+07,2.2926558334e+06,1.7863847043e+07,0.9864214325,0.1265978625,1.8531187196,1.9661380146,-1
6737,-17,-0.207117,1.8149580881e+07,3.6020257925e+07,2.2939745442e+06,1.7968833410e+07,0.9900412317,0.1263927007,1.9846330426,2.1010669750,-1
6761,-16,-0.194587,1.8214793578e+07,3.2839483036e+07,2.3102178220e+06,1.8063339982e+07,0.9916851325,0.1268319518,1.8029017400,1.9214188243,-1
6763,-17,-0.206718,1.8264544098e+07,3.5086167602e+07,2.3131571422e+06,1.8092462579e+07,0.9905783841,0.1266474066,1.9209988168,2.0382246075,-1
6779,-17,-0.206474,1.8340392818e+07,3.2662296383e+07,2.3207654661e+06,1.8172969342e+07,0.9908713255,0.1265384820,1.7808940466,1.8983038541,-1
6781,-18,-0.218588,1.8408752790e+07,3.4714104228e+07,2.3254656800e+06,1.8199145857e+07,0.9886137353,0.1263239127,1.8857390625,2.0006767105,-1
6791,-17,-0.206292,1.8438642173e+07,3.4265881818e+07,2.3309842755e+06,1.8265019838e+07,0.9905837787,0.1264184344,1.8583733821,1.9753755952,-1
6793,-18,-0.218395,1.8496422155e+07,3.6854766866e+07,2.3337865896e+06,1.8263440596e+07,0.9874039662,0.1261750283,1.9925349107,2.1061139052,-1
6803,-17,-0.206110,1.8540555037e+07,3.4908703334e+07,2.3351116286e+06,1.8368435986e+07,0.9907166182,0.1259461555,1.8828294658,1.9994922395,-1
6823,-13,-0.157382,1.8578830844e+07,2.7966355564e+07,2.3540166355e+06,1.8355105078e+07,0.9879580277,0.1267042396,1.5052807036,1.6199429709,-1
6827,-13,-0.157336,1.8615946881e+07,2.8642725182e+07,2.3550297279e+06,1.8428840996e+07,0.9899491610,0.1265060404,1.5386123180,1.6550675193,-1
6829,-14,-0.169414,1.8637441477e+07,3.1408475368e+07,2.3572124190e+06,1.8453083498e+07,0.9901081928,0.1264772540,1.6852353585,1.8018208052,-1
6833,-16,-0.193559,1.8711529684e+07,3.5078985575e+07,2.3608612198e+06,1.8452748780e+07,0.9861699761,0.1261714707,1.8747256995,1.9870671463,-1
6841,-16,-0.193446,1.8768521352e+07,3.4849693559e+07,2.3703627696e+06,1.8483872757e+07,0.9848337229,0.1262945932,1.8568161501,1.9679444662,-1
6857,-19,-0.229449,1.8809108356e+07,4.0319001710e+07,2.3743290856e+06,1.8607995707e+07,0.9893076990,0.1262329421,2.1435892094,2.2591298504,-1
6863,-20,-0.241420,1.8899344482e+07,4.2391945348e+07,2.3770833431e+06,1.8721261208e+07,0.9905772777,0.1257759678,2.2430378677,2.3593911132,-1
6869,-19,-0.229249,1.8901020197e+07,4.2719117453e+07,2.3839248413e+06,1.8690389578e+07,0.9888561243,0.1261267813,2.2601487649,2.3751316706,-1
6871,-19,-0.229215,1.8927750521e+07,4.4486415017e+07,2.3867742379e+06,1.8723112250e+07,0.9891884527,0.1260992021,2.3503276297,2.4656152844,-1
6883,-20,-0.241069,1.9006004362e+07,4.6139711390e+07,2.3958512340e+06,1.8753589562e+07,0.9867192075,0.1260575968,2.4276386826,2.5404154869,-1
6899,-18,-0.216710,1.9079116194e+07,4.2005487642e+07,2.4022726744e+06,1.8890819232e+07,0.9901307293,0.1259111088,2.2016474565,2.3176892946,-1
6907,-17,-0.204552,1.9089769404e+07,4.0242531368e+07,2.4121762175e+06,1.8887977249e+07,0.9894293037,0.1263596310,2.1080679665,2.2238569011,-1
6911,-19,-0.228551,1.9160428815e+07,4.4361209499e+07,2.4112528553e+06,1.8991107630e+07,0.9911629752,0.1258454536,2.3152513927,2.4322598215,-1
6917,-19,-0.228452,1.9200906933e+07,4.4212831600e+07,2.4220783197e+06,1.8959740723e+07,0.9874398532,0.1261439539,2.3026428780,2.4162266851,-1
6947,-15,-0.179967,1.9238399894e+07,3.7539101580e+07,2.4373157307e+06,1.9064604492e+07,0.9909662236,0.1266901480,1.9512590333,2.0689154050,-1
6949,-16,-0.191937,1.9290999874e+07,4.0145990142e+07,2.4413660238e+06,1.9092631227e+07,0.9897170365,0.1265546649,2.0810735785,2.1973452799,-1
6959,-17,-0.203787,1.9331892851e+07,4.3449921565e+07,2.4442551939e+06,1.9191266764e+07,0.9927256949,0.1264364133,2.2475771980,2.3667393061,-1
6961,-18,-0.215743,1.9389849242e+07,4.5940476852e+07,2.4526544677e+06,1.9129870517e+07,0.9865920193,0.1264916729,2.3693055206,2.4823892127,-1
6967,-21,-0.251592,1.9512403400e+07,5.0976975965e+07,2.4548203969e+06,1.9265690828e+07,0.9873561156,0.1258082024,2.6125421312,2.7257064493,-1
6971,-22,-0.263497,1.9560284495e+07,5.4392895266e+07,2.4549593062e+06,1.9338195677e+07,0.9886459311,0.1255073415,2.7807824206,2.8949356933,-1
6977,-23,-0.275355,1.9645849175e+07,5.5531969048e+07,2.4630358382e+06,1.9301493715e+07,0.9824718465,0.1253718186,2.8266515005,2.9344951655,-1
6983,-24,-0.287204,1.9711991703e+07,5.7471666336e+07,2.4633446261e+06,1.9459510646e+07,0.9871914994,0.1249668051,2.9155687158,3.0277270204,-1
6991,-26,-0.310959,1.9813372049e+07,6.0911328764e+07,2.4704532506e+06,1.9496761370e+07,0.9840203537,0.1246861586,3.0742535200,3.1829600323,-1
6997,-27,-0.322781,1.9885160821e+07,6.2608988071e+07,2.4753481577e+06,1.9515258030e+07,0.9813980488,0.1244821794,3.1485281228,3.2544083510,-1
7001,-26,-0.310737,1.9914119609e+07,6.2289697057e+07,2.4800166305e+06,1.9527787513e+07,0.9806000916,0.1245355898,3.1279161861,3.2330518676,-1
7013,-28,-0.334354,2.0054104410e+07,6.4660302036e+07,2.4854949433e+06,1.9697331420e+07,0.9822094778,0.1239394636,3.2242926792,3.3304416206,-1
7019,-28,-0.334211,2.0121941044e+07,6.6499339625e+07,2.4861056571e+06,1.9813053727e+07,0.9846492286,0.1235519800,3.3048173374,3.4130185459,-1
7027,-29,-0.345950,2.0224807381e+07,6.8553626610e+07,2.4960243737e+06,1.9790715001e+07,0.9785366371,0.1234139998,3.3895811871,3.4915318240,-1
7039,-24,-0.286059,2.0109292225e+07,6.1160012012e+07,2.5027272141e+06,1.9779955939e+07,0.9836226814,0.1244562556,3.0413806377,3.1494595747,-1
7043,-25,-0.297894,2.0199868617e+07,6.3156831268e+07,2.5072175129e+06,1.9835618499e+07,0.9819676986,0.1241204861,3.1265961410,3.2326843258,-1
7057,-25,-0.297598,2.0257376540e+07,6.4400681255e+07,2.5219463190e+06,1.9779596103e+07,0.9764144959,0.1244952086,3.1791224854,3.2800321899,-1
7069,-21,-0.249770,2.0228899009e+07,5.8501155212e+07,2.5262694641e+06,1.9932288973e+07,0.9853373119,0.1248841800,2.8919594283,3.0021809202,-1
7079,-19,-0.225823,2.0257711822e+07,5.6908545600e+07,2.5307520231e+06,1.9951354084e+07,0.9848769821,0.1249278322,2.8092287076,2.9190335219,-1
7103,-16,-0.189845,2.0259362398e+07,4.6408763436e+07,2.5473603429e+06,2.0053400092e+07,0.9898337222,0.1257374390,2.2907316886,2.4063028497,-1
7109,-17,-0.201625,2.0314746462e+07,4.9241291581e+07,2.5513364066e+06,2.0108350734e+07,0.9898401032,0.1255903642,2.4239185891,2.5393490564,-1
7121,-12,-0.142204,2.0305980040e+07,4.2079015882e+07,2.5641244364e+06,2.0084106558e+07,0.9890734906,0.1262743503,2.0722474758,2.1875953167,-1
7127,-14,-0.165834,2.0369081067e+07,4.4882002365e+07,2.5638939658e+06,2.0161482212e+07,0.9898081384,0.1258718524,2.2034377603,2.3191177511,-1
7129,-15,-0.177655,2.0424476745e+07,4.7531808457e+07,2.5726942012e+06,2.0146978520e+07,0.9864134475,0.1259613273,2.3271983440,2.4395731188,-1
7151,-6,-0.070953,2.0430071369e+07,3.1952313587e+07,2.5862744273e+06,2.0219563373e+07,0.9896961693,0.1265915513,1.5639844330,1.6802721536,-1
7159,-6,-0.070913,2.0476476819e+07,3.0318004391e+07,2.5902921500e+06,2.0289216529e+07,0.9908548579,0.1265008709,1.4806260207,1.5979817495,-1
7193,-3,-0.035373,2.0657839680e+07,2.8248956248e+07,2.6163733433e+06,2.0441189831e+07,0.9895124635,0.1266528051,1.3674690425,1.4836343111,-1
7207,-3,-0.035338,2.0744594986e+07,2.6508315361e+07,2.6227498947e+06,2.0525923288e+07,0.9894588591,0.1264305182,1.2778420297,1.3937314070,-1
7211,-3,-0.035328,2.0775610959e+07,2.8587218352e+07,2.6298797979e+06,2.0478909504e+07,0.9857187615,0.1265849559,1.3759989253,1.4883026428,-1
7213,-4,-0.047098,2.0804437615e+07,3.1535594820e+07,2.6313727496e+06,2.0642860301e+07,0.9922335169,0.1264813209,1.5158109728,1.6345258106,-1
7229,-3,-0.035284,2.0911314797e+07,3.2582859082e+07,2.6404716240e+06,2.0731113035e+07,0.9913825714,0.1262699954,1.5581449277,1.6757974946,-1
7589,-3,-0.034437,2.2880544992e+07,3.6109136733e+07,2.9093604242e+06,2.2728501510e+07,0.9933549012,0.1271543324,1.5781589444,1.6986681781,-1
7591,-5,-0.057388,2.2919574311e+07,3.9761757896e+07,2.9156515478e+06,2.2712049376e+07,0.9909455153,0.1272122906,1.7348384118,1.8529962177,-1
7603,-3,-0.034406,2.3010900475e+07,3.7058314653e+07,2.9220375568e+06,2.2815150261e+07,0.9914931528,0.1269849287,1.6104678169,1.7289458985,-1
7607,-3,-0.034397,2.3075914059e+07,3.7874710459e+07,2.9228686880e+06,2.2856097268e+07,0.9904741892,0.1266631814,1.6413092180,1.7584465886,-1
7691,-5,-0.057014,2.3583712611e+07,4.1994507841e+07,2.9909612595e+06,2.3362606792e+07,0.9906246390,0.1268231728,1.7806572075,1.8981050194,-1
7699,-5,-0.056984,2.3633256592e+07,4.1997952797e+07,2.9929970610e+06,2.3445590093e+07,0.9920592197,0.1266434463,1.7770700637,1.8957727296,-1
7703,-6,-0.068363,2.3701379140e+07,4.5311306210e+07,2.9980465205e+06,2.3503465700e+07,0.9916497078,0.1264924924,1.9117582121,2.0299004123,-1
7717,-3,-0.034150,2.3796629773e+07,4.1604303256e+07,3.0108162972e+06,2.3589331599e+07,0.9912887591,0.1265228028,1.7483275427,1.8661391046,-1
7723,-5,-0.056895,2.3874127610e+07,4.5736469350e+07,3.0197122505e+06,2.3556619768e+07,0.9867007563,0.1264847160,1.9157336384,2.0289191106,-1
7727,-5,-0.056881,2.3937194984e+07,4.6777283526e+07,3.0152095241e+06,2.3693069656e+07,0.9898014229,0.1259633606,1.9541672931,2.0699320767,-1
7741,-6,-0.068195,2.3969446552e+07,4.4472232033e+07,3.0328554466e+06,2.3684746404e+07,0.9881223729,0.1265300573,1.8553716681,1.9700240983,-1
7753,-6,-0.068142,2.4020185874e+07,4.3179341048e+07,3.0426958013e+06,2.3750737247e+07,0.9887824088,0.1266724503,1.7976272655,1.9130821245,-1
7757,-5,-0.056771,2.4082807935e+07,4.3926052612e+07,3.0419037246e+06,2.3823730099e+07,0.9892422081,0.1263101767,1.8239589308,1.9395113156,-1
7759,-6,-0.068116,2.4129563960e+07,4.7331925432e+07,3.0432263955e+06,2.3861073017e+07,0.9888729468,0.1261202399,1.9615740057,2.0765671924,-1
7883,-3,-0.033789,2.4924664268e+07,3.8170124730e+07,3.1389364135e+06,2.4703166011e+07,0.9911132903,0.1259369587,1.5314198145,1.6484700635,-1
7933,-3,-0.033682,2.5338135960e+07,3.8639687231e+07,3.1805078032e+06,2.4992270604e+07,0.9863500079,0.1255225644,1.5249617135,1.6368342858,-1
7937,-3,-0.033674,2.5403130212e+07,4.0362383082e+07,3.1835619384e+06,2.5009613341e+07,0.9845091188,0.1253216400,1.5888743924,1.6987051512,-1
7949,-4,-0.044865,2.5411672182e+07,4.1498995105e+07,3.1937853576e+06,2.5065506124e+07,0.9863776750,0.1256818258,1.6330682533,1.7451277541,-1
7951,-5,-0.056074,2.5460114610e+07,4.4510598929e+07,3.1960757765e+06,2.5140654577e+07,0.9874525297,0.1255326547,1.7482481761,1.8612333605,-1
7963,-10,-0.112063,2.5565424144e+07,5.2378489293e+07,3.2052211189e+06,2.5228729740e+07,0.9868300873,0.1253732815,2.0488018895,2.1610052584,-1
7993,-4,-0.044741,2.5507700473e+07,3.4276993812e+07,3.2337171954e+06,2.5229643520e+07,0.9890990976,0.1267741559,1.3437900389,1.4596632924,-1
9221,-4,-0.041655,3.3735557723e+07,4.5396786757e+07,4.2984785111e+06,3.3522003249e+07,0.9936697512,0.1274168504,1.3456658144,1.4667524159,-1
9227,-4,-0.041642,3.3804166852e+07,4.5752967023e+07,4.3056697605e+06,3.3573012490e+07,0.9931619565,0.1273709771,1.3534712221,1.4740041558,-1
9241,-3,-0.031208,3.3941939087e+07,4.3454292521e+07,4.3267708149e+06,3.3613115605e+07,0.9903121775,0.1274756520,1.2802536829,1.3980415124,-1
9277,-3,-0.031147,3.4132760163e+07,4.3364673092e+07,4.3540099047e+06,3.3951830639e+07,0.9946992413,0.1275610259,1.2704707408,1.3927310081,-1
9281,-3,-0.031140,3.4200011511e+07,4.4640382779e+07,4.3552955204e+06,3.4032770907e+07,0.9951099255,0.1273477794,1.3052739110,1.4277316158,-1
9283,-5,-0.051895,3.4265161903e+07,5.0264676659e+07,4.3619329844e+06,3.3912761259e+07,0.9897154829,0.1272993543,1.4669324138,1.5839472510,-1
9293,-6,-0.062241,3.4348533568e+07,5.3368260040e+07,4.3695520869e+06,3.4088348262e+07,0.9924251408,0.1272121873,1.5537274665,1.6733647946,-1
9311,-4,-0.041454,3.4494421553e+07,4.3364419640e+07,4.3826338864e+06,3.4197490747e+07,0.9913919181,0.1270534101,1.2571429723,1.3755883005,-1
9319,-4,-0.041436,3.4558151551e+07,4.3966962584e+07,4.3898328980e+06,3.4267424331e+07,0.9915873041,0.1270274219,1.2722602515,1.3908749775,-1
9323,-7,-0.072497,3.4607382456e+07,5.3642500660e+07,4.3930823674e+06,3.4348313317e+07,0.9925140499,0.1269406137,1.5500305673,1.6694852309,-1
9337,-5,-0.051745,3.4659197719e+07,4.9320350429e+07,4.4068522390e+06,3.4409409579e+07,0.9927930201,0.1271481318,1.4230090041,1.5429501560,-1
9341,-6,-0.062080,3.4749148370e+07,5.5528985179e+07,4.4107662002e+06,3.4523937019e+07,0.9935189390,0.1269316345,1.5979955706,1.7184461441,-1
9343,-7,-0.072419,3.4814188852e+07,6.0208745891e+07,4.4152353309e+06,3.4493348331e+07,0.9907842023,0.1268228695,1.7294312427,1.8470383146,-1
9349,-5,-0.051712,3.4862604110e+07,5.5707345613e+07,4.4192021674e+06,3.4535010866e+07,0.9906033054,0.1267605298,1.5979112013,1.7152750365,-1
9371,-4,-0.041321,3.4914783986e+07,4.7970704846e+07,4.4379166216e+06,3.4701572192e+07,0.9938933664,0.1271070909,1.3739367503,1.4949372075,-1
9377,-7,-0.072288,3.4975226806e+07,5.7335922921e+07,4.4472414450e+06,3.4737466460e+07,0.9932020356,0.1271540416,1.6393295529,1.7596856301,-1
9391,-3,-0.030957,3.5030679332e+07,4.4383774182e+07,4.4605976196e+06,3.4752882088e+07,0.9920698870,0.1273340313,1.2669972444,1.3864011627,-1
9397,-3,-0.030948,3.5081695370e+07,4.6222630246e+07,4.4673007899e+06,3.4804161633e+07,0.9920889303,0.1273399345,1.3175711652,1.4370000300,-1
9403,-8,-0.082501,3.5168827574e+07,6.0679394026e+07,4.4698466760e+06,3.5008380645e+07,0.9954378084,0.1270968350,1.7253743787,1.8479090221,-1
9413,-7,-0.072150,3.5272814720e+07,5.6996792653e+07,4.4811547188e+06,3.4946913039e+07,0.9907605423,0.1270427312,1.6158844455,1.7336877189,-1
9419,-11,-0.113342,3.5380144128e+07,7.0627796424e+07,4.4846620934e+06,3.5028353564e+07,0.9900568363,0.1267564676,1.9962551924,2.1130684964,-1
9421,-12,-0.123633,3.5440656510e+07,7.4543784165e+07,4.4930533221e+06,3.5075619693e+07,0.9897000549,0.1267768085,2.1033409509,2.2198178143,-1
9431,-14,-0.144161,3.5578253757e+07,7.8813933134e+07,4.4968638064e+06,3.5243186911e+07,0.9905822571,0.1263936065,2.2152276970,2.3322035607,-1
9433,-15,-0.154442,3.5651921871e+07,8.3521434418e+07,4.5027585908e+06,3.5245403839e+07,0.9885975843,0.1262977802,2.3426909416,2.4575863061,-1
9437,-16,-0.164704,3.5689156793e+07,8.9003030451e+07,4.5024140009e+06,3.5331489874e+07,0.9899782749,0.1261563569,2.4938395425,2.6099741743,-1
9439,-17,-0.174979,3.5770811594e+07,9.3403218715e+07,4.5035163092e+06,3.5419271189e+07,0.9901724230,0.1258991929,2.6111573809,2.7272289968,-1
9461,-17,-0.174775,3.5941343940e+07,9.2995612223e+07,4.5285935609e+06,3.5427901386e+07,0.9857144309,0.1259995611,2.5874272364,2.6991412284,-1
9463,-17,-0.174757,3.6013113646e+07,9.6085073289e+07,4.5290751339e+06,3.5547287355e+07,0.9870650926,0.1257618316,2.6680579256,2.7808848497,-1
9467,-18,-0.184998,3.6135736765e+07,1.0075860833e+08,4.5319034098e+06,3.5754793343e+07,0.9894579866,0.1254133391,2.7883369026,2.9032082284,-1
9473,-18,-0.184939,3.6116957935e+07,1.0102717697e+08,4.5377367463e+06,3.5649103050e+07,0.9870461160,0.1256400596,2.7972227658,2.9099089414,-1
9479,-21,-0.215694,3.6266435507e+07,1.0941273946e+08,4.5395877621e+06,3.5848922510e+07,0.9884876197,0.1251732545,3.0169146189,3.1305754932,-1
9491,-21,-0.215558,3.6348304969e+07,1.0679164327e+08,4.5559138571e+06,3.5830894363e+07,0.9857652067,0.1253404763,2.9380088936,3.0491145766,-1
9497,-22,-0.225751,3.6424989573e+07,1.0919243117e+08,4.5619507959e+06,3.5852798800e+07,0.9842912577,0.1252423364,2.9977340405,3.1072676346,-1
9511,-20,-0.205077,3.6472318861e+07,1.0454149771e+08,4.5762764711e+06,3.6042916992e+07,0.9882266365,0.1254725944,2.8663244065,2.9800236373,-1
9521,-22,-0.225466,3.6568812970e+07,1.1170164550e+08,4.5879196340e+06,3.6011310802e+07,0.9847547097,0.1254599004,3.0545603323,3.1647749425,-1
9533,-22,-0.225324,3.6620974298e+07,1.0598272204e+08,4.5921097817e+06,3.6181114900e+07,0.9879888669,0.1253956201,2.8940443030,3.0074287900,-1
9539,-22,-0.225253,3.6653045707e+07,1.0795254004e+08,4.5973499523e+06,3.6253011626e+07,0.9890859252,0.1254288658,2.9452542880,3.0597690791,-1
9547,-24,-0.245628,3.6767579262e+07,1.1676247598e+08,4.6064726569e+06,3.6361510803e+07,0.9889558011,0.1252862644,3.1756911476,3.2899332131,-1
9551,-25,-0.255809,3.6909878503e+07,1.1999757014e+08,4.6138556748e+06,3.6399002683e+07,0.9861588322,0.1250032745,3.2510963190,3.3622584258,-1
9587,-19,-0.194049,3.6889512503e+07,9.1141382665e+07,4.6455737265e+06,3.6500946160e+07,0.9894667531,0.1259320986,2.4706583655,2.5860572172,-1
9601,-18,-0.183702,3.7004828649e+07,8.6047116012e+07,4.6687868651e+06,3.6417631729e+07,0.9841318838,0.1261669635,2.3252942698,2.4355931171,-1
9613,-17,-0.173388,3.7029995187e+07,8.2536300252e+07,4.6732011201e+06,3.6648317662e+07,0.9896927471,0.1262004247,2.2289038882,2.3447970600,-1
9619,-16,-0.163138,3.7033677402e+07,8.1697624507e+07,4.6763337092e+06,3.6665906267e+07,0.9900692785,0.1262724643,2.2060359716,2.3223777145,-1
9623,-18,-0.183492,3.7170216838e+07,8.6763917488e+07,4.6816939791e+06,3.6758609567e+07,0.9889264227,0.1259528294,2.3342322125,2.4491114645,-1
9629,-17,-0.173244,3.7211090559e+07,8.7757772256e+07,4.6870908345e+06,3.6760602788e+07,0.9878937230,0.1259595127,2.3583767887,2.4722300243,-1
9631,-18,-0.183416,3.7307021559e+07,9.2056229368e+07,4.6920690580e+06,3.6838101540e+07,0.9874307838,0.1257690607,2.4675309237,2.5807307682,-1
9643,-19,-0.193485,3.7437764889e+07,9.3306697129e+07,4.7043534587e+06,3.6889838359e+07,0.9853643365,0.1256579679,2.4923148432,2.6033371476,-1
9649,-19,-0.193425,3.7535177386e+07,9.3430145976e+07,4.7116505605e+06,3.6952736933e+07,0.9844828107,0.1255262633,2.4891355918,2.5991446659,-1
9661,-19,-0.193305,3.7586688304e+07,9.3820149681e+07,4.7256995153e+06,3.6980705646e+07,0.9838777321,0.1257280098,2.4961004524,2.6057061943,-1
9677,-17,-0.172814,3.7625727303e+07,8.3049899084e+07,4.7364205470e+06,3.7214402677e+07,0.9890679953,0.1258824981,2.2072636209,2.3222141143,-1
9679,-19,-0.193125,3.7744738946e+07,8.9421747673e+07,4.7340816430e+06,3.7279725066e+07,0.9876800345,0.1254236160,2.3691181916,2.4822218421,-1
9689,-22,-0.223503,3.7902031753e+07,9.8199434061e+07,4.7448150113e+06,3.7424763228e+07,0.9874078380,0.1251862972,2.5908751990,2.7034693341,-1
9697,-25,-0.253876,3.8097539560e+07,1.0417361028e+08,4.7589793691e+06,3.7413353110e+07,0.9820411906,0.1249156619,2.7343920759,2.8413489284,-1
9719,-32,-0.324593,3.8438288292e+07,1.1957201423e+08,4.7715886642e+06,3.7889305086e+07,0.9857178030,0.1241363462,3.1107528337,3.2206069829,-1
9721,-33,-0.334702,3.8540422038e+07,1.2476381988e+08,4.7862464302e+06,3.7586293876e+07,0.9752434428,0.1241877016,3.2372198665,3.3366510108,-1
9733,-32,-0.324359,3.8602653670e+07,1.2074092657e+08,4.7908432209e+06,3.7829076952e+07,0.9799605301,0.1241065773,3.1277882499,3.2318553572,-1
9739,-34,-0.344526,3.8708006409e+07,1.2940903766e+08,4.7986224843e+06,3.7903898470e+07,0.9792263148,0.1239697657,3.3432111252,3.4464072057,-1
9743,-35,-0.354586,3.8839301258e+07,1.3565526038e+08,4.7950768143e+06,3.8223526678e+07,0.9841455804,0.1234593996,3.4927317430,3.6003367230,-1
9749,-36,-0.364605,3.8972933657e+07,1.3765873156e+08,4.8022191908e+06,3.8237827846e+07,0.9811380427,0.1232193407,3.5321624175,3.6365198009,-1
9767,-31,-0.313676,3.8887899008e+07,1.1708257813e+08,4.8200711081e+06,3.8296695937e+07,0.9847972484,0.1239478406,3.0107715026,3.1195165916,-1
9769,-32,-0.323761,3.8971786059e+07,1.2188781581e+08,4.8294762714e+06,3.8063600183e+07,0.9766963240,0.1239223746,3.1275912175,3.2282099161,-1
9781,-31,-0.313451,3.8965733301e+07,1.2060634439e+08,4.8406134222e+06,3.8206256361e+07,0.9805091070,0.1242274432,3.0951899060,3.1999264562,-1
9787,-33,-0.333572,3.9105907817e+07,1.2844597031e+08,4.8447640191e+06,3.8399236285e+07,0.9819292897,0.1238882893,3.2845668974,3.3903844763,-1
9791,-34,-0.343610,3.9252648945e+07,1.3334052793e+08,4.8442011161e+06,3.8578308132e+07,0.9828205018,0.1234108078,3.3969816438,3.5032129534,-1
9803,-33,-0.333299,3.9216323184e+07,1.2973419075e+08,4.8582690720e+06,3.8510782449e+07,0.9820090034,0.1238838493,3.3081681354,3.4140609882,-1
9811,-34,-0.343259,3.9400491669e+07,1.3297176374e+08,4.8704682401e+06,3.8478350559e+07,0.9765956954,0.1236144026,3.3748757468,3.4750858448,-1
9817,-36,-0.363340,3.9549756901e+07,1.4182314807e+08,4.8742841259e+06,3.8697523026e+07,0.9784516027,0.1232443511,3.5859423466,3.6876383004,-1
9829,-38,-0.383291,3.9788485396e+07,1.4992097261e+08,4.8914580539e+06,3.8710937377e+07,0.9729180940,0.1229365231,3.7679487197,3.8638033368,-1
9833,-41,-0.413467,4.0042780126e+07,1.5931573127e+08,4.8900050268e+06,3.8961334805e+07,0.9729927513,0.1221195185,3.9786381157,4.0737503854,-1
9839,-41,-0.413341,4.0170435904e+07,1.6132483248e+08,4.8904305566e+06,3.9252022925e+07,0.9771370920,0.1217420336,4.0160090088,4.1148881344,-1
9851,-41,-0.413089,4.0185139516e+07,1.6378173157e+08,4.9076205215e+06,3.9237092299e+07,0.9764080148,0.1221252578,4.0756790580,4.1742123305,-1
9857,-42,-0.423036,4.0301788159e+07,1.6764845769e+08,4.9157735155e+06,3.9166730806e+07,0.9718360548,0.1219740796,4.1598267805,4.2536369149,-1
9859,-42,-0.422993,4.0365859401e+07,1.7096570747e+08,4.9137920428e+06,3.9333193917e+07,0.9744173542,0.1217313868,4.2354036308,4.3315523718,-1
9871,-39,-0.392540,4.0268140561e+07,1.5807011024e+08,4.9312780952e+06,3.9193181448e+07,0.9733049727,0.1224610331,3.9254385237,4.0212045295,-1
9883,-41,-0.412420,4.0529159913e+07,1.6437928823e+08,4.9418308370e+06,3.9364830952e+07,0.9712718210,0.1219327232,4.0558276704,4.1490322147,-1
9887,-42,-0.422393,4.0711809571e+07,1.7046976242e+08,4.9414893251e+06,3.9692284204e+07,0.9749575030,0.1213772951,4.1872312780,4.2835660761,-1
9901,-38,-0.381895,4.0456539365e+07,1.5993190097e+08,4.9660777846e+06,3.9297434894e+07,0.9713493915,0.1227509288,3.9531779900,4.0472783103,-1
9907,-37,-0.371733,4.0505450689e+07,1.6064253562e+08,4.9651670720e+06,3.9577287822e+07,0.9770854823,0.1225802204,3.9659486042,4.0656143069,-1
9923,-38,-0.381472,4.0694719895e+07,1.6249542682e+08,4.9808244750e+06,3.9682701516e+07,0.9751314573,0.1223948583,3.9930346551,4.0905609707,-1
9929,-40,-0.401428,4.0934631122e+07,1.6933378030e+08,4.9859494794e+06,3.9824421184e+07,0.9728784673,0.1218027216,4.1366875835,4.2313687724,-1
9931,-40,-0.401387,4.0998051858e+07,1.7316007736e+08,4.9898293183e+06,3.9775027705e+07,0.9701687252,0.1217089372,4.2236172089,4.3154948712,-1
9941,-35,-0.351037,4.0728703845e+07,1.5918179610e+08,5.0026920554e+06,3.9711553033e+07,0.9750261924,0.1228296406,3.9083442651,4.0062000981,-1
9949,-35,-0.350896,4.0862773126e+07,1.5913368322e+08,5.0037451831e+06,3.9938489863e+07,0.9773807994,0.1224524133,3.8943437033,3.9941769160,-1
9967,-34,-0.340562,4.0860959334e+07,1.5532649243e+08,5.0266302653e+06,3.9853232358e+07,0.9753376574,0.1230179209,3.8013422827,3.8996978611,-1
9973,-35,-0.350473,4.0950373280e+07,1.5931649486e+08,5.0310261040e+06,4.0012874565e+07,0.9771064672,0.1228566604,3.8904772314,3.9904403590,-1
10007,-21,-0.209927,4.0396762508e+07,1.0659905375e+08,5.0618467563e+06,3.9901094118e+07,0.9877299972,0.1253032778,2.6388019023,2.7518351773,-1
10009,-22,-0.219901,4.0492769056e+07,1.1189164199e+08,5.0652617162e+06,3.9925734903e+07,0.9859966565,0.1250905244,2.7632499481,2.8743371290,-1
10037,-19,-0.189649,4.0486738134e+07,9.7305365862e+07,5.0946758699e+06,3.9987756635e+07,0.9876754334,0.1258356713,2.4033886242,2.5168997289,-1
10039,-19,-0.189631,4.0523752093e+07,1.0095630867e+08,5.0960290750e+06,4.0058157365e+07,0.9885105721,0.1257541272,2.4912872933,2.6055519926,-1
10061,-18,-0.179453,4.0703900010e+07,9.6499247638e+07,5.1168806356e+06,4.0268061358e+07,0.9892924597,0.1257098370,2.3707617112,2.4857640078,-1
10067,-18,-0.179400,4.0743467746e+07,9.6428440611e+07,5.1251820249e+06,4.0213617355e+07,0.9869954518,0.1257915025,2.3667214880,2.4795084423,-1
10069,-19,-0.189348,4.0836500205e+07,1.0243045746e+08,5.1276265906e+06,4.0299715286e+07,0.9868552663,0.1255647904,2.5083064648,2.6207265216,-1
10079,-15,-0.149411,4.0832323826e+07,9.4506906730e+07,5.1264706888e+06,4.0553906000e+07,0.9931814357,0.1255493249,2.3145120795,2.4332428400,-1
10091,-15,-0.149322,4.0831813669e+07,9.4052386479e+07,5.1488152299e+06,4.0414278077e+07,0.9897742580,0.1260981271,2.3034094748,2.4192818599,-1
10093,-16,-0.159261,4.0913888593e+07,9.9304290900e+07,5.1540355162e+06,4.0438754446e+07,0.9883869717,0.1259727612,2.4271535734,2.5415133062,-1
10099,-17,-0.169165,4.1010941460e+07,1.0226172007e+08,5.1610060963e+06,4.0487125711e+07,0.9872274147,0.1258446140,2.4935228607,2.6065948893,-1
10103,-16,-0.159182,4.1041191124e+07,1.0247901616e+08,5.1614636904e+06,4.0520956357e+07,0.9873240821,0.1257630090,2.4969795797,2.6100666709,-1
10111,-17,-0.169064,4.1138285462e+07,1.0746319878e+08,5.1692603842e+06,4.0664380646e+07,0.9884802001,0.1256557080,2.6122430133,2.7263789214,-1
10133,-15,-0.149012,4.1077403695e+07,9.7207150134e+07,5.1905109956e+06,4.0703175778e+07,0.9908896891,0.1263592761,2.3664385134,2.4836874787,-1
10139,-17,-0.168831,4.1169992918e+07,1.0527998952e+08,5.1958968280e+06,4.0838060413e+07,0.9919375137,0.1262059199,2.5572020313,2.6753454649,-1
10141,-18,-0.178744,4.1262026089e+07,1.1057999453e+08,5.2054721106e+06,4.0787819473e+07,0.9885074326,0.1261564834,2.6799458246,2.7946097406,-1
10151,-18,-0.178656,4.1374735063e+07,1.1161478110e+08,5.2114225928e+06,4.0880651195e+07,0.9880583195,0.1259566396,2.6976554878,2.8116704468,-1
10159,-20,-0.198429,4.1546414297e+07,1.1746036252e+08,5.2174510197e+06,4.1060247504e+07,0.9882982250,0.1255812591,2.8272081841,2.9410876682,-1
10163,-20,-0.198390,4.1672835090e+07,1.1917832604e+08,5.2196767509e+06,4.1236191036e+07,0.9895220939,0.1252536992,2.8598564456,2.9746322387,-1
10169,-20,-0.198331,4.1769334498e+07,1.2344685687e+08,5.2290322711e+06,4.1233742061e+07,0.9871773768,0.1251883070,2.9554422725,3.0678079563,-1
10177,-18,-0.178428,4.1825699671e+07,1.1733862289e+08,5.2413163642e+06,4.1244938209e+07,0.9861147221,0.1253132979,2.8054192473,2.9168472674,-1
10181,-20,-0.198214,4.1967433278e+07,1.2631098461e+08,5.2423230973e+06,4.1347624250e+07,0.9852311905,0.1249140747,3.0097381409,3.1198834061,-1
10193,-21,-0.208002,4.2029240887e+07,1.2507691926e+08,5.2592516542e+06,4.1293669044e+07,0.9824985694,0.1251331583,2.9759499963,3.0835817240,-1
10211,-24,-0.237507,4.2291995019e+07,1.3328142992e+08,5.2724281792e+06,4.1651369675e+07,0.9848523262,0.1246672846,3.1514576188,3.2609772296,-1
10223,-20,-0.197807,4.2127576261e+07,1.1782616038e+08,5.2831645878e+06,4.1630403371e+07,0.9881983980,0.1254087004,2.7968891362,2.9104962345,-1
10243,-17,-0.167971,4.2147986516e+07,1.0469962328e+08,5.3074137270e+06,4.1631729197e+07,0.9877513172,0.1259233042,2.4840954914,2.5977701128,-1
10247,-20,-0.197575,4.2339138589e+07,1.1659801479e+08,5.3079316697e+06,4.1885251657e+07,0.9892797316,0.1253670208,2.7539061653,2.8685529177,-1
10253,-20,-0.197517,4.2362575377e+07,1.1901823948e+08,5.3187019451e+06,4.1809633766e+07,0.9869474033,0.1255519028,2.8095137847,2.9220130908,-1
10259,-25,-0.246824,4.2620125764e+07,1.3522140728e+08,5.3154687462e+06,4.2133033513e+07,0.9885713089,0.1247173407,3.1727125356,3.2860011852,-1
10267,-25,-0.246728,4.2668915011e+07,1.3459737116e+08,5.3338606828e+06,4.2012226849e+07,0.9846096822,0.1250057725,3.1544596605,3.2640751152,-1
10271,-25,-0.246680,4.2747183464e+07,1.4032711917e+08,5.3348040016e+06,4.2100907631e+07,0.9848814406,0.1247989591,3.2827219900,3.3924023897,-1
10273,-26,-0.256522,4.2860861653e+07,1.4589978989e+08,5.3407065682e+06,4.2106815196e+07,0.9824071092,0.1246056743,3.4040330564,3.5110458400,-1
10289,-30,-0.295757,4.3058589087e+07,1.6013204998e+08,5.3514300263e+06,4.2401439304e+07,0.9847382416,0.1242825216,3.7189339775,3.8279547407,-1
10301,-30,-0.295584,4.3181988805e+07,1.6134753287e+08,5.3691592403e+06,4.2376955291e+07,0.9813571923,0.1243379332,3.7364544184,3.8421495439,-1
10303,-30,-0.295556,4.3249830495e+07,1.6500054391e+08,5.3659773167e+06,4.2546571749e+07,0.9837396184,0.1240693259,3.8150564297,3.9228653741,-1
10313,-31,-0.305259,4.3410970918e+07,1.6923723237e+08,5.3760724172e+06,4.2648117790e+07,0.9824271812,0.1238413310,3.8984899160,4.0047584281,-1
10321,-30,-0.295298,4.3433713995e+07,1.6569669157e+08,5.3929578846e+06,4.2488145608e+07,0.9782296216,0.1241652483,3.8149326025,3.9173274725,-1
10331,-34,-0.334509,4.3720894389e+07,1.7823641863e+08,5.3947538418e+06,4.2898963595e+07,0.9812005037,0.1233907475,4.0766873853,4.1812786365,-1
10333,-35,-0.344314,4.3843633002e+07,1.8363902126e+08,5.4034500986e+06,4.2789966269e+07,0.9759676227,0.1232436668,4.1884991887,4.2877104782,-1
10337,-34,-0.334412,4.3876119982e+07,1.8401992383e+08,5.4071723287e+06,4.2826696910e+07,0.9760821360,0.1232372491,4.1940792372,4.2933986223,-1
10343,-35,-0.344148,4.4029830183e+07,1.8654182143e+08,5.4100682818e+06,4.3117105597e+07,0.9792703133,0.1228727946,4.2367145331,4.3388576410,-1
10357,-34,-0.334089,4.4027356169e+07,1.8278893705e+08,5.4270162945e+06,4.3000390218e+07,0.9766743670,0.1232646420,4.1517127750,4.2516517840,-1
10369,-32,-0.314255,4.3974680846e+07,1.7183140940e+08,5.4418122247e+06,4.3029488030e+07,0.9785059767,0.1237487600,3.9075078226,4.0097625592,-1
10391,-32,-0.313922,4.4005814553e+07,1.6869212794e+08,5.4580060842e+06,4.3280391575e+07,0.9835152926,0.1240292025,3.8334054183,3.9409499133,-1
10399,-31,-0.303995,4.4062716990e+07,1.6445533495e+08,5.4653954380e+06,4.3418895141e+07,0.9853885123,0.1240367324,3.7323012784,3.8417265231,-1
10427,-24,-0.235034,4.3812239401e+07,1.3438767010e+08,5.4980069971e+06,4.3220777630e+07,0.9865000790,0.1254902071,3.0673545096,3.1793447957,-1
10429,-25,-0.244804,4.3900262903e+07,1.3903823082e+08,5.5023597624e+06,4.3361526232e+07,0.9877281676,0.1253377406,3.1671389104,3.2802048185,-1
10433,-25,-0.244757,4.3953405329e+07,1.4394211737e+08,5.5075029265e+06,4.3300245676e+07,0.9851397259,0.1253032134,3.2748797573,3.3853226965,-1
10453,-24,-0.234742,4.3974108033e+07,1.3405095116e+08,5.5283797999e+06,4.3380350805e+07,0.9864975720,0.1257189753,3.0484063726,3.1606229198,-1
10457,-23,-0.224918,4.4017910382e+07,1.3341113129e+08,5.5259842911e+06,4.3535591997e+07,0.9890426788,0.1255394507,3.0308374508,3.1454195803,-1
10459,-24,-0.234675,4.4141121012e+07,1.3857702338e+08,5.5346139451e+06,4.3507624351e+07,0.9856483785,0.1253845353,3.1394087916,3.2504417055,-1
10463,-25,-0.244406,4.4312403972e+07,1.4579833041e+08,5.5354960193e+06,4.3732892225e+07,0.9869221325,0.1249197860,3.2902374356,3.4020793541,-1
10477,-20,-0.195394,4.4223312666e+07,1.2826245546e+08,5.5529819886e+06,4.3647768724e+07,0.9869855082,0.1255668482,2.9003357670,3.0128881234,-1
10487,-21,-0.205066,4.4279409699e+07,1.2899068256e+08,5.5625786432e+06,4.3750901081e+07,0.9880642352,0.1256244986,2.9131075468,3.0267962807,-1
10499,-21,-0.204949,4.4425085496e+07,1.2522984043e+08,5.5680344638e+06,4.3984903352e+07,0.9900915859,0.1253353686,2.8188992556,2.9343262100,-1
10501,-22,-0.214688,4.4526736093e+07,1.3112069841e+08,5.5836642310e+06,4.3748753642e+07,0.9825277458,0.1254002588,2.9447633022,3.0526913068,-1
10513,-26,-0.253577,4.4773784052e+07,1.4858590423e+08,5.5933293026e+06,4.3997459835e+07,0.9826611882,0.1249242033,3.3185916129,3.4261770044,-1
10529,-27,-0.263130,4.4919533875e+07,1.4907025874e+08,5.6048858627e+06,4.4257024328e+07,0.9852511927,0.1247761359,3.3186065367,3.4286338653,-1
10531,-28,-0.272850,4.5037456169e+07,1.5484506057e+08,5.6132878829e+06,4.4168402853e+07,0.9807037655,0.1246359888,3.4381395785,3.5434793328,-1
10559,-21,-0.204366,4.4807015590e+07,1.1948768810e+08,5.6292721267e+06,4.4483270442e+07,0.9927746773,0.1256337217,2.6667182923,2.7851266913,-1
10567,-20,-0.194560,4.4877681345e+07,1.1772646214e+08,5.6479605254e+06,4.4401483321e+07,0.9893889789,0.1258523247,2.6232741670,2.7385154706,-1
10589,-16,-0.155486,4.4856333505e+07,1.0077619903e+08,5.6678322101e+06,4.4395681945e+07,0.9897305124,0.1263552272,2.2466436990,2.3627294386,-1
10597,-17,-0.165142,4.4934590993e+07,1.1287884862e+08,5.6818711682e+06,4.4460538578e+07,0.9894501674,0.1264475996,2.5120702365,2.6279680034,-1
10601,-18,-0.174823,4.5019023722e+07,1.1740812408e+08,5.6835553702e+06,4.4527307551e+07,0.9890775914,0.1262478592,2.6079669075,2.7232923582,-1
10607,-16,-0.155354,4.5095940173e+07,1.1299912678e+08,5.6848049079e+06,4.4677756998e+07,0.9907268110,0.1260602370,2.5057494388,2.6225364869,-1
10613,-18,-0.174724,4.5293719287e+07,1.2212911622e+08,5.6976956860e+06,4.4713161593e+07,0.9871823797,0.1257943877,2.6963808260,2.8093575935,-1
10627,-20,-0.194010,4.5486992913e+07,1.3277740491e+08,5.7159559898e+06,4.4786248985e+07,0.9845946306,0.1256613292,2.9190191834,3.0292751431,-1
10631,-22,-0.213371,4.5595946395e+07,1.3797811896e+08,5.7133593106e+06,4.5081410990e+07,0.9887153257,0.1253041062,3.0261049472,3.1401243791,-1
10639,-24,-0.232681,4.5718642440e+07,1.4348955922e+08,5.7197857695e+06,4.5254869821e+07,0.9898559407,0.1251083905,3.1385349950,3.2534993262,-1
10651,-21,-0.203481,4.5742060285e+07,1.3062671052e+08,5.7410049223e+06,4.5110597259e+07,0.9861951337,0.1255082278,2.8557242439,2.9674276055,-1
10657,-23,-0.222798,4.5851495092e+07,1.3674307885e+08,5.7484065358e+06,4.5146213611e+07,0.9846181356,0.1253701002,2.9823035995,3.0922918353,-1
10663,-23,-0.222735,4.5900594151e+07,1.3535666903e+08,5.7493333438e+06,4.5293885202e+07,0.9867821112,0.1252561857,2.9489088657,3.0609471626,-1
10667,-23,-0.222693,4.5977935005e+07,1.3924037412e+08,5.7521832817e+06,4.5472886348e+07,0.9890154123,0.1251074734,3.0284173071,3.1425401929,-1
10687,-16,-0.154772,4.5809327125e+07,1.0984994456e+08,5.7752744007e+06,4.5352930687e+07,0.9900370412,0.1260720199,2.3979820586,2.5140911197,-1
10691,-19,-0.183757,4.5962541715e+07,1.2120185065e+08,5.7778089209e+06,4.5496942314e+07,0.9898700249,0.1257069062,2.6369701528,2.7525470839,-1
10709,-18,-0.173939,4.5983438305e+07,1.1684293759e+08,5.7936379476e+06,4.5529931993e+07,0.9901376163,0.1259940135,2.5409787066,2.6571103364,-1
10711,-19,-0.183586,4.6062902905e+07,1.2321098956e+08,5.8090627017e+06,4.5469028361e+07,0.9871073140,0.1261115200,2.6748420483,2.7880608823,-1
10723,-19,-0.183483,4.6167966504e+07,1.1675075724e+08,5.8152970766e+06,4.5743986627e+07,0.9908165789,0.1259595671,2.5288260689,2.6456022150,-1
10729,-20,-0.193086,4.6271865768e+07,1.2104645198e+08,5.8255120721e+06,4.5693888294e+07,0.9875090951,0.1258974968,2.6159838158,2.7293904078,-1
10733,-20,-0.193050,4.6334452991e+07,1.2384409031e+08,5.8278559924e+06,4.5691070162e+07,0.9861143752,0.1257780251,2.6728294459,2.7847218462,-1
10739,-22,-0.212295,4.6467946237e+07,1.3273708765e+08,5.8306627997e+06,4.5964214044e+07,0.9891595770,0.1254770927,2.8565301115,2.9711667813,-1
10753,-20,-0.192870,4.6515169739e+07,1.2061846382e+08,5.8549844799e+06,4.5833407477e+07,0.9853432275,0.1258725812,2.5930995092,2.7043153178,-1
10771,-20,-0.192709,4.6556743666e+07,1.2093175611e+08,5.8684472580e+06,4.6059801581e+07,0.9893260987,0.1260493496,2.5975131976,2.7128886459,-1
10781,-19,-0.182989,4.6631110334e+07,1.1568301652e+08,5.8819713239e+06,4.6026328616e+07,0.9870305100,0.1261383502,2.4808119664,2.5939808266,-1
10789,-20,-0.192548,4.6689923090e+07,1.2043308975e+08,5.8865587408e+06,4.6192247655e+07,0.9893408384,0.1260777134,2.5794236053,2.6948421571,-1
10799,-19,-0.182836,4.6713629119e+07,1.2248174640e+08,5.8904063632e+06,4.6415964462e+07,0.9936278841,0.1260960982,2.6219702624,2.7416942447,-1
10831,-11,-0.105696,4.6690685895e+07,8.0378793687e+07,5.9363811808e+06,4.6277070562e+07,0.9911413738,0.1271427281,1.7215166611,1.8398007630,-1
10837,-13,-0.124879,4.6778556647e+07,9.0884914267e+07,5.9440532281e+06,4.6329743150e+07,0.9904055719,0.1270679058,1.9428755563,2.0603490340,-1
10847,-8,-0.076813,4.6835131707e+07,7.4973830887e+07,5.9514676322e+06,4.6483165712e+07,0.9924850004,0.1270727212,1.6008032465,1.7203609681,-1
10853,-7,-0.067193,4.6946848605e+07,6.9659178781e+07,5.9560130906e+06,4.6550117916e+07,0.9915493649,0.1268671544,1.4837881743,1.6022046936,-1
10859,-9,-0.086367,4.7028714528e+07,8.0738110774e+07,5.9616583153e+06,4.6613251496e+07,0.9911657583,0.1267663464,1.7167832798,1.8347153845,-1
10861,-10,-0.095954,4.7126941117e+07,8.5967617724e+07,5.9699548303e+06,4.6650006609e+07,0.9898797907,0.1266781736,1.8241713908,1.9407293552,-1
10867,-12,-0.115114,4.7202397949e+07,9.7062046542e+07,5.9688884982e+06,4.6838411916e+07,0.9922888233,0.1264530778,2.0562948231,2.1750367242,-1
10883,-9,-0.086272,4.7327957263e+07,8.1815559331e+07,5.9917287848e+06,4.6882006633e+07,0.9905774376,0.1266001985,1.7286940756,1.8458717117,-1
10889,-11,-0.105414,4.7374887857e+07,9.2970229324e+07,5.9944392481e+06,4.7003902827e+07,0.9921691629,0.1265319987,1.9624369266,2.0811380882,-1
10891,-12,-0.114987,4.7458907444e+07,9.9057380062e+07,6.0022399910e+06,4.6961606872e+07,0.9895214492,0.1264723592,2.0872241987,2.2032180072,-1
10903,-8,-0.076616,4.7510649520e+07,8.6149509825e+07,6.0156749024e+06,4.7010982948e+07,0.9894830617,0.1266173997,1.8132673558,1.9293678172,-1
10909,-8,-0.076594,4.7551010876e+07,8.8353604366e+07,6.0231532124e+06,4.7062412421e+07,0.9897247515,0.1266671960,1.8580804643,1.9744724117,-1
10937,-7,-0.066934,4.7729282265e+07,7.5465974914e+07,6.0509593691e+06,4.7265659832e+07,0.9902864152,0.1267766679,1.5811252827,1.6981883658,-1
10939,-9,-0.086051,4.7806279804e+07,8.3450553440e+07,6.0497858079e+06,4.7444595478e+07,0.9924343762,0.1265479312,1.7455981470,1.8645804544,-1
10949,-12,-0.114682,4.7893088016e+07,9.5477272687e+07,6.0650397968e+06,4.7446538408e+07,0.9906761158,0.1266370587,1.9935501477,2.1108633221,-1
10957,-12,-0.114640,4.8005502082e+07,9.4346234325e+07,6.0751572508e+06,4.7477097274e+07,0.9889928282,0.1265512699,1.9653212702,2.0808653683,-1
10973,-8,-0.076371,4.8087677514e+07,7.6981856391e+07,6.0924699814e+06,4.7670917392e+07,0.9913333281,0.1266950349,1.6008645119,1.7188928750,-1
10979,-8,-0.076350,4.8211797733e+07,7.8923512549e+07,6.0917412513e+06,4.7800991539e+07,0.9914791355,0.1263537461,1.6370165864,1.7548494681,-1
10987,-10,-0.095403,4.8278614447e+07,8.3790092876e+07,6.1060215276e+06,4.7859140079e+07,0.9913113835,0.1264746637,1.7355529738,1.8533390210,-1
10993,-9,-0.085839,4.8259726799e+07,8.4215660288e+07,6.1148026364e+06,4.7807986041e+07,0.9906393842,0.1267061180,1.7450504981,1.8623960003,-1
11159,-3,-0.028399,4.9886664899e+07,6.3227791911e+07,6.2915321190e+06,4.9419049848e+07,0.9906264519,0.1261165109,1.2674287215,1.3841716843,-1
12953,-5,-0.043932,6.7503513520e+07,1.3997249237e+08,8.4863690082e+06,6.6669478186e+07,0.9876445641,0.1257174414,2.0735586205,2.1869206261,-1
13043,-13,-0.113829,6.8830302731e+07,1.9884695168e+08,8.6055245918e+06,6.7739664429e+07,0.9841546781,0.1250252324,2.8889448948,2.9981248053,-1
13163,-9,-0.078445,7.0181639379e+07,1.8898898725e+08,8.7666544495e+06,6.9090910619e+07,0.9844584884,0.1249137884,2.6928551246,2.8022274014,-1
13291,-17,-0.147459,7.1305108362e+07,2.1615231124e+08,8.9403890046e+06,7.0287686726e+07,0.9857314341,0.1253821670,3.0313720321,3.1424856332,-1
13417,-6,-0.051799,7.2331407607e+07,1.5895613697e+08,9.1151620698e+06,7.1340338087e+07,0.9862982133,0.1260194205,2.1976087875,2.3099264213,-1
13907,-8,-0.067838,7.8070431915e+07,1.9985775443e+08,9.7815308928e+06,7.7092824853e+07,0.9874778833,0.1252911077,2.5599673209,2.6727363118,-1
14821,-13,-0.106784,8.8364853454e+07,1.4570636121e+08,1.1124174948e+07,8.7185623439e+07,0.9866549882,0.1258891348,1.6489175902,1.7614617131,-1
14929,-18,-0.147318,8.9657536439e+07,1.9040592950e+08,1.1278046537e+07,8.8486280773e+07,0.9869363390,0.1257902792,2.1237024467,2.2364290648,-1
15289,-7,-0.056612,9.3640784402e+07,1.7585310369e+08,1.1837848751e+07,9.2486601233e+07,0.9876743539,0.1264176590,1.8779541929,1.9920462058,-1
15383,-8,-0.064501,9.5203678680e+07,2.1774967357e+08,1.1969583584e+07,9.4245545735e+07,0.9899359672,0.1257260617,2.2871981061,2.4028601351,-1
15497,-13,-0.104429,9.6809618474e+07,2.6997460321e+08,1.2147842377e+07,9.5744531553e+07,0.9889981291,0.1254817710,2.7887167356,2.9031966357,-1
15629,-20,-0.159980,9.8513036220e+07,3.0468448485e+08,1.2360269571e+07,9.7202252224e+07,0.9866943092,0.1254683649,3.0928341725,3.2049968466,-1
15733,-22,-0.175395,1.0013399895e+08,3.2191046076e+08,1.2530954948e+07,9.8495304390e+07,0.9836349833,0.1251418607,3.2147968135,3.3235736575,-1
15817,-32,-0.254441,1.0266147360e+08,4.5175562423e+08,1.2660621885e+07,1.0057004471e+08,0.9796279089,0.1233239836,4.4004397013,4.5033915938,-1
15937,-20,-0.158426,1.0331862971e+08,3.9444220092e+08,1.2856571033e+07,1.0171530175e+08,0.9844817148,0.1244361358,3.8177258256,3.9266436762,-1
16069,-30,-0.236661,1.0473737163e+08,4.0896482316e+08,1.3069326224e+07,1.0305332131e+08,0.9839212089,0.1247818808,3.9046695251,4.0133726148,-1
16189,-36,-0.282939,1.0679841592e+08,4.4631575421e+08,1.3265396193e+07,1.0486832793e+08,0.9819277470,0.1242096718,4.1790484471,4.2851858659,-1
16333,-32,-0.250390,1.0795068942e+08,3.5649543925e+08,1.3500731296e+07,1.0630893002e+08,0.9847915802,0.1250638729,3.3023915009,3.4122469540,-1
16447,-31,-0.241723,1.0969899127e+08,3.5458803808e+08,1.3685040355e+07,1.0789973174e+08,0.9835982126,0.1247508313,3.2323728228,3.3407218667,-1
16567,-25,-0.194231,1.1070970693e+08,3.1535625893e+08,1.3891686701e+07,1.0916085053e+08,0.9860097508,0.1254784886,2.8484969175,2.9599851569,-1
16691,-23,-0.178027,1.1243900372e+08,2.9514695166e+08,1.4095241863e+07,1.1092447714e+08,0.9865302384,0.1253590071,2.6249516794,2.7368409249,-1
16829,-23,-0.177296,1.1441921576e+08,2.4282985155e+08,1.4324668984e+07,1.1297897154e+08,0.9874125669,0.1251946090,2.1222820830,2.2348892590,-1
16937,-21,-0.161362,1.1597846453e+08,2.3811203421e+08,1.4514065572e+07,1.1444346255e+08,0.9867647672,0.1251444881,2.0530711040,2.1649803592,-1
17041,-26,-0.199171,1.1808451820e+08,2.6675115783e+08,1.4705035023e+07,1.1582099168e+08,0.9808313016,0.1245297457,2.2589850211,2.3643460684,-1
17183,-20,-0.152574,1.1951260259e+08,2.1906185341e+08,1.4943112567e+07,1.1775213272e+08,0.9852695880,0.1250337809,1.8329602792,1.9432636481,-1
17317,-17,-0.129185,1.2061972558e+08,1.7723725149e+08,1.5182970116e+07,1.1908518816e+08,0.9872778900,0.1258746863,1.4693886149,1.5825411911,-1
17401,-15,-0.113711,1.2150769457e+08,2.2289135039e+08,1.5331497604e+07,1.2002856063e+08,0.9878268290,0.1261771747,1.8343805401,1.9483845438,-1
17497,-20,-0.151199,1.2321815783e+08,3.1454096842e+08,1.5500592473e+07,1.2173242882e+08,0.9879422885,0.1257979566,2.5527160442,2.6664562893,-1
17623,-15,-0.112993,1.2502709294e+08,3.0097237286e+08,1.5722331214e+07,1.2345040488e+08,0.9873892288,0.1257513939,2.4072572254,2.5203978482,-1
17789,-4,-0.029991,1.2723659897e+08,1.7779789887e+08,1.6014262793e+07,1.2580715041e+08,0.9887654294,0.1258620784,1.3973801588,1.5120076665,-1
17957,-5,-0.037312,1.2901788737e+08,1.9665772159e+08,1.6314674940e+07,1.2767232348e+08,0.9895707183,0.1264528142,1.5242671044,1.6402906369,-1
18059,-14,-0.104179,1.3082170788e+08,3.2607088122e+08,1.6493784199e+07,1.2966221235e+08,0.9911368262,0.1260783433,2.4924829870,2.6096981566,-1
18169,-16,-0.118701,1.3268679466e+08,3.5158622066e+08,1.6712470111e+07,1.3119162900e+08,0.9887316167,0.1259542832,2.6497453764,2.7644312763,-1
18269,-25,-0.184962,1.3498907373e+08,4.8130945668e+08,1.6879697566e+07,1.3356352260e+08,0.9894395073,0.1250449173,3.5655438132,3.6800282378,-1
18379,-23,-0.169655,1.3681916088e+08,4.9180521930e+08,1.7097566986e+07,1.3473429361e+08,0.9847618765,0.1249647116,3.5945639203,3.7042905084,-1
18493,-22,-0.161778,1.3870250079e+08,5.1913368481e+08,1.7309621009e+07,1.3686095510e+08,0.9867230535,0.1247967478,3.7427853272,3.8543051285,-1
18637,-14,-0.102551,1.3985601189e+08,4.0137899881e+08,1.7580412310e+07,1.3820051526e+08,0.9881628497,0.1257036582,2.8699445478,2.9838110557,-1
21881,-5,-0.033802,1.9241877785e+08,3.5478033185e+08,2.4238840408e+07,1.9019208167e+08,0.9884278645,0.1259692047,1.8437926683,1.9581897375,-1
22037,-6,-0.040418,1.9476855917e+08,3.3520721053e+08,2.4580793394e+07,1.9279436617e+08,0.9898639030,0.1262051406,1.7210540138,1.8371230574,-1
22129,-16,-0.107557,1.9731424505e+08,5.3354623038e+08,2.4792679163e+07,1.9479062207e+08,0.9872101328,0.1256507312,2.7040431381,2.8169040021,-1
22271,-18,-0.120615,1.9984499548e+08,5.6461803221e+08,2.5099215798e+07,1.9756055543e+08,0.9885689404,0.1255934167,2.8252798167,2.9394421738,-1
22381,-24,-0.160425,2.0265349516e+08,6.4365203655e+08,2.5361616973e+07,1.9961297974e+08,0.9849964817,0.1251476909,3.1761210733,3.2862652459,-1
22511,-27,-0.179956,2.0501698639e+08,6.7409760302e+08,2.5641151608e+07,2.0227720378e+08,0.9866363141,0.1250684251,3.2880085445,3.3997132837,-1
22639,-18,-0.119631,2.0671658945e+08,5.1902812714e+08,2.5944756715e+07,2.0403134678e+08,0.9870100282,0.1255088273,2.5108199034,2.6233387588,-1
22739,-21,-0.139262,2.0885549799e+08,6.2662296467e+08,2.6162843314e+07,2.0608646131e+08,0.9867418540,0.1252676782,3.0002703817,3.1122799139,-1
22861,-25,-0.165346,2.1151057826e+08,6.7803900073e+08,2.6467137946e+07,2.0831109412e+08,0.9848731720,0.1251338735,3.2056978251,3.3157048706,-1
23003,-21,-0.138461,2.1295728275e+08,5.7321202570e+08,2.6781722549e+07,2.1037787808e+08,0.9878876898,0.1257610080,2.6916760878,2.8053247856,-1
23071,-33,-0.217260,2.1703714705e+08,9.3741446135e+08,2.6942324727e+07,2.1325102868e+08,0.9825554362,0.1241369281,4.3191429398,4.4258353042,-1
23201,-35,-0.229781,2.1926576817e+08,9.5013137534e+08,2.7255888847e+07,2.1524921359e+08,0.9816817983,0.1243052624,4.3332408122,4.4392278728,-1
23327,-34,-0.222612,2.2161874328e+08,8.7254629887e+08,2.7530525899e+07,2.1837630433e+08,0.9853692928,0.1242247181,3.9371502877,4.0467442985,-1
23497,-30,-0.195711,2.2362223221e+08,6.3753426476e+08,2.7955571808e+07,2.2025152995e+08,0.9849268017,0.1250124888,2.8509431217,2.9608824122,-1
23599,-40,-0.260383,2.2747108500e+08,7.8144641052e+08,2.8193795121e+07,2.2311994715e+08,0.9808716882,0.1239445230,3.4353659082,3.5401821194,-1
23689,-36,-0.233899,2.2847667986e+08,8.7930526797e+08,2.8417518308e+07,2.2453539634e+08,0.9827497339,0.1243782005,3.8485558724,3.9556838068,-1
23819,-38,-0.246219,2.3150660318e+08,9.1674517808e+08,2.8720093544e+07,2.2726487548e+08,0.9816777248,0.1240573407,3.9599094172,4.0656444827,-1
23911,-44,-0.284547,2.3508481335e+08,1.2168449857e+09,2.8937114005e+07,2.3012948615e+08,0.9789211088,0.1230922304,5.1761956393,5.2782089785,-1
24029,-52,-0.335456,2.3812465288e+08,1.3749324336e+09,2.9217797771e+07,2.3328287628e+08,0.9796670502,0.1226995921,5.7740028885,5.8763695308,-1
24113,-65,-0.418589,2.4414630913e+08,1.7014678655e+09,2.9439208920e+07,2.3634730433e+08,0.9680560201,0.1205801924,6.9690501223,7.0576863347,-1
24239,-66,-0.423923,2.4664664304e+08,1.7165309770e+09,2.9728148841e+07,2.3996463578e+08,0.9729085822,0.1205293065,6.9594743148,7.0529122035,-1
24407,-52,-0.332848,2.4480184545e+08,1.2867348917e+09,3.0145348022e+07,2.4024692828e+08,0.9813934525,0.1231418332,5.2562303579,5.3607656436,-1
24527,-54,-0.344803,2.4801089347e+08,1.3581823156e+09,3.0439087862e+07,2.4293890886e+08,0.9795493474,0.1227328664,5.4763010469,5.5785832608,-1
24683,-44,-0.280062,2.4832368484e+08,1.0899822054e+09,3.0840345119e+07,2.4402327049e+08,0.9826822224,0.1241941345,4.3893606288,4.4962369857,-1
24821,-31,-0.196767,2.4845164068e+08,8.1064415536e+08,3.1186734791e+07,2.4558093172e+08,0.9884456027,0.1255243665,3.2627844724,3.3767544416,-1
24953,-22,-0.139271,2.5043346485e+08,6.0756672917e+08,3.1522611352e+07,2.4787285386e+08,0.9897752843,0.1258722007,2.4260604689,2.5417079539,-1
25087,-15,-0.094704,2.5302418289e+08,4.9283447529e+08,3.1856395025e+07,2.5008241586e+08,0.9883735736,0.1259025705,1.9477761756,2.0620523197,-1
25189,-3,-0.018902,2.5501773247e+08,3.5561187520e+08,3.2119196764e+07,2.5217620000e+08,0.9888575103,0.1259488760,1.3944594039,1.5092657901,-1
25463,-5,-0.031334,2.6234622194e+08,2.8766300179e+08,3.2824620657e+07,2.5858382534e+08,0.9856586591,0.1251194716,1.0965014082,1.2072795389,-1
25603,-11,-0.068746,2.6612559473e+08,3.4988904749e+08,3.3186236110e+07,2.6199048312e+08,0.9844618042,0.1247014070,1.3147515850,1.4239147962,-1
25717,-14,-0.087301,2.6821775725e+08,4.9715501869e+08,3.3477926818e+07,2.6391909238e+08,0.9839732279,0.1248162208,1.8535499804,1.9623394291,-1
25847,-7,-0.043540,2.6999560460e+08,4.1425416781e+08,3.3808274763e+07,2.6626233933e+08,0.9861728665,0.1252178709,1.5342996729,1.6456904103,-1
25951,-4,-0.024830,2.7241792686e+08,4.4342415489e+08,3.4096312547e+07,2.6845339899e+08,0.9854468907,0.1251617797,1.6277348558,1.7383435262,-1
26729,-5,-0.030583,2.8886135667e+08,6.5140149376e+08,3.6159257661e+07,2.8511710018e+08,0.9870378768,0.1251785911,2.2550662410,2.3672827090,-1
26861,-11,-0.067117,2.9116145479e+08,7.2014110637e+08,3.6526015791e+07,2.8738925254e+08,0.9870442939,0.1254493519,2.4733394291,2.5858330749,-1
26959,-17,-0.103537,2.9389132328e+08,9.2806964156e+08,3.6783441491e+07,2.9031397596e+08,0.9878276525,0.1251600118,3.1578667625,3.2708544268,-1
27077,-19,-0.115466,2.9595763902e+08,1.0317596047e+09,3.7116825542e+07,2.9224313425e+08,0.9874492012,0.1254126289,3.4861732514,3.5990350815,-1
27241,-4,-0.024235,2.9804946065e+08,4.6668578163e+08,3.7575145879e+07,2.9484286202e+08,0.9892413876,0.1260701690,1.5657997857,1.6811113423,-1
27397,-4,-0.024166,3.0092090759e+08,3.7189376758e+08,3.7994617722e+07,2.9781786286e+08,0.9896881717,0.1262611429,1.2358522063,1.3518015210,-1
28069,-7,-0.041782,3.1817911405e+08,5.1561872471e+08,3.9884032603e+07,3.1383611244e+08,0.9863504504,0.1253508821,1.6205297643,1.7322310968,-1
28597,-4,-0.023654,3.3011083403e+08,4.2285631722e+08,4.1401067417e+07,3.2585817649e+08,0.9871174857,0.1254156579,1.2809525578,1.3934857014,-1
28669,-10,-0.059060,3.3332539548e+08,7.6884586570e+08,4.1609606454e+07,3.2834914283e+08,0.9850708865,0.1248317921,2.3065925253,2.4164952039,-1
28793,-22,-0.129652,3.3622432241e+08,1.0685025546e+09,4.1974783249e+07,3.3170279945e+08,0.9865520646,0.1248416026,3.1779454472,3.2893391144,-1
28921,-22,-0.129365,3.3902641325e+08,1.0797567412e+09,4.2362459044e+07,3.3369482399e+08,0.9842738234,0.1249532703,3.1848749804,3.2941020740,-1
29059,-21,-0.123191,3.4255328218e+08,1.0281315619e+09,4.2757329269e+07,3.3682905835e+08,0.9832895373,0.1248194996,3.0013770568,3.1094860938,-1
29201,-13,-0.076075,3.4636108856e+08,9.8776148554e+08,4.3177335242e+07,3.4086235491e+08,0.9841242743,0.1246598901,2.8518257916,2.9606099559,-1
29327,-8,-0.046715,3.4812091868e+08,9.0055644348e+08,4.3544858516e+07,3.4329232895e+08,0.9861295617,0.1250854407,2.5869070060,2.6981220083,-1
29429,-9,-0.052463,3.5196235170e+08,9.6009868156e+08,4.3840458646e+07,3.4650123572e+08,0.9844838064,0.1245600799,2.7278448304,2.8368887167,-1
33547,-3,-0.016379,4.5388952972e+08,1.0654354675e+09,5.6978557247e+07,4.4859823130e+08,0.9883423210,0.1255339758,2.3473453291,2.4612216260,-1
33623,-21,-0.114525,4.5838790651e+08,1.8446673600e+09,5.7226287378e+07,4.5225724316e+08,0.9866255997,0.1248424894,4.0242496230,4.1357177122,-1
33757,-26,-0.141511,4.6187990986e+08,1.9174827003e+09,5.7708367242e+07,4.5497163974e+08,0.9850431466,0.1249423627,4.1514745702,4.2614600795,-1
33863,-23,-0.124987,4.6633056623e+08,2.0633207485e+09,5.8052157417e+07,4.5925956249e+08,0.9848369285,0.1244871377,4.4245882597,4.5339123258,-1
34019,-24,-0.130122,4.7169440865e+08,1.9584696321e+09,5.8565120901e+07,4.6448207377e+08,0.9847097300,0.1241590314,4.1519882283,4.2608569897,-1
34159,-29,-0.156908,4.7483676054e+08,2.0516526202e+09,5.9068819776e+07,4.6781352706e+08,0.9852091623,0.1243981610,4.3207535531,4.4303608763,-1
34283,-25,-0.135021,4.7938368397e+08,1.9412287552e+09,5.9507433829e+07,4.7075933955e+08,0.9820095162,0.1241332065,4.0494260029,4.1555687256,-1
34381,-24,-0.129435,4.8331833910e+08,2.0273175657e+09,5.9874775359e+07,4.7366421103e+08,0.9800253222,0.1238826887,4.1945802625,4.2984882735,-1
34511,-29,-0.156106,4.8548152217e+08,2.1717784113e+09,6.0310542796e+07,4.7652028274e+08,0.9815415438,0.1242282971,4.4734522574,4.5792220983,-1
34631,-32,-0.171956,4.8928672139e+08,2.3669643124e+09,6.0705694499e+07,4.8115463192e+08,0.9833797054,0.1240697772,4.8375813381,4.9450308207,-1
34747,-38,-0.203857,4.9362679626e+08,2.6399986407e+09,6.1119796367e+07,4.8542404727e+08,0.9833826910,0.1238178252,5.3481671998,5.4553677160,-1
34877,-24,-0.128511,4.9438162034e+08,2.1109364001e+09,6.1585687897e+07,4.8651958604e+08,0.9840972359,0.1245711518,4.2698521005,4.3785204882,-1
35051,-10,-0.053413,4.9875991610e+08,1.3624557661e+09,6.2204436801e+07,4.9113735315e+08,0.9847169696,0.1247181957,2.7316865733,2.8411217386,-1
35141,-17,-0.090686,5.0281335193e+08,1.7596386357e+09,6.2536777454e+07,4.9372566609e+08,0.9819263235,0.1243737407,3.4995861366,3.6058862008,-1
35281,-19,-0.101154,5.0802319457e+08,1.5875375664e+09,6.3061568924e+07,4.9816342502e+08,0.9805918910,0.1241312790,3.1249312697,3.2296544397,-1
35407,-29,-0.154118,5.1191924854e+08,1.8194269194e+09,6.3484111827e+07,5.0246017163e+08,0.9815223261,0.1240119648,3.5541287508,3.6596630418,-1
35531,-18,-0.095492,5.1211261051e+08,1.5647176302e+09,6.3909721639e+07,5.0474866762e+08,0.9856204617,0.1247962271,3.0554171058,3.1658337946,-1
35677,-22,-0.116474,5.1548015998e+08,1.5505174947e+09,6.4452186620e+07,5.0752359582e+08,0.9845647519,0.1250333022,3.0079091595,3.1175072136,-1
35837,-11,-0.058107,5.1731069215e+08,8.8730085534e+08,6.5018300487e+07,5.1088857333e+08,0.9875855672,0.1256852052,1.7152184728,1.8284892451,-1
35993,-5,-0.026355,5.2119263995e+08,9.1172807803e+08,6.5595378177e+07,5.1541262937e+08,0.9889100303,0.1258563018,1.7493111148,1.8640774469,-1
36107,-10,-0.052626,5.2548664890e+08,1.2311583345e+09,6.5997394256e+07,5.1969475705e+08,0.9889780418,0.1255929040,2.3428917500,2.4574626959,-1
36263,-7,-0.036759,5.3223719875e+08,8.8464647002e+08,6.6572061890e+07,5.2476325090e+08,0.9859574869,0.1250796864,1.6621282242,1.7731653975,-1
36583,-7,-0.036598,5.4075221171e+08,1.1333548996e+09,6.7773018859e+07,5.3318821755e+08,0.9860120884,0.1253310063,2.0958858329,2.2072289276,-1
36713,-10,-0.052190,5.4573596890e+08,1.4037452462e+09,6.8249661645e+07,5.3820469230e+08,0.9861997797,0.1250598559,2.5722058397,2.6834654754,-1
36833,-3,-0.015632,5.4896915626e+08,1.1456009034e+09,6.8688522943e+07,5.4161654895e+08,0.9866065202,0.1251227362,2.0868219832,2.1985512397,-1
36931,-18,-0.093665,5.5526383639e+08,2.0280755563e+09,6.9061674016e+07,5.4637389783e+08,0.9839897037,0.1243763226,3.6524538847,3.7608199109,-1
37057,-17,-0.088311,5.5871706511e+08,2.1197847104e+09,6.9535496354e+07,5.4970835033e+08,0.9838760701,0.1244556515,3.7940217737,3.9023534953,-1
37201,-13,-0.067401,5.6145504024e+08,1.7920714568e+09,7.0098297532e+07,5.5230662371e+08,0.9837058787,0.1248511323,3.1918343027,3.3003913137,-1
37339,-32,-0.165603,5.6638183412e+08,2.3616529942e+09,7.0600278529e+07,5.5718984906e+08,0.9837706923,0.1246513823,4.1697188222,4.2781408968,-1
37483,-27,-0.139459,5.6886431996e+08,2.1691298901e+09,7.1140077131e+07,5.6075052139e+08,0.9857368475,0.1250563177,3.8130883129,3.9238814781,-1
37567,-36,-0.185737,5.7389047100e+08,2.8054297522e+09,7.1468790335e+07,5.6464080354e+08,0.9838825213,0.1245338509,4.8884410771,4.9968574493,-1
37663,-40,-0.206112,5.7881744649e+08,2.9892863274e+09,7.1818079048e+07,5.6906099980e+08,0.9831441731,0.1240772535,5.1644717095,5.2716931361,-1
37847,-33,-0.169628,5.8086185641e+08,2.1922073834e+09,7.2517667671e+07,5.7347281554e+08,0.9872791770,0.1248449470,3.7740598029,3.8861839269,-1
37987,-30,-0.153923,5.8627030338e+08,1.7797955567e+09,7.3078608408e+07,5.7702853286e+08,0.9842363318,0.1246500257,3.0357934666,3.1446798242,-1
38149,-23,-0.117757,5.8857187193e+08,1.1616842763e+09,7.3695495278e+07,5.7962165761e+08,0.9847933366,0.1252106986,1.9737339341,2.0837379693,-1
38261,-34,-0.173820,5.9612302259e+08,1.6765576476e+09,7.4116420833e+07,5.8643259581e+08,0.9837442501,0.1243307472,2.8124356619,2.9205106592,-1
38371,-36,-0.183781,5.9922099036e+08,1.7982304571e+09,7.4557676413e+07,5.8920518706e+08,0.9832852930,0.1244243403,3.0009470395,3.1086566728,-1
38561,-18,-0.091664,6.0416661119e+08,5.7954411129e+08,7.5304349777e+07,5.9437766951e+08,0.9837976123,0.1246416938,0.9592455137,1.0676848198,-1
38671,-16,-0.081363,6.0513800712e+08,7.8874301183e+08,7.5720803448e+07,5.9633758097e+08,0.9854571585,0.1251298093,1.3034101355,1.4139971033,-1
38767,-23,-0.116814,6.1023449553e+08,1.2620029418e+09,7.6110797315e+07,6.0054091584e+08,0.9841149923,0.1247238527,2.0680622793,2.1769011242,-1
38903,-19,-0.096330,6.1398314809e+08,1.1221362749e+09,7.6638479273e+07,6.0472997515e+08,0.9849292721,0.1248217960,1.8276336710,1.9373847391,-1
39107,-3,-0.015170,6.1759603232e+08,7.4247709405e+08,7.7440606425e+07,6.0959948971e+08,0.9870521470,0.1253903885,1.2022050907,1.3146476262,-1
39217,-8,-0.040397,6.2289364989e+08,9.6269199531e+08,7.7890533430e+07,6.1404573072e+08,0.9857954577,0.1250462795,1.5455158284,1.6563575656,-1
39341,-22,-0.110917,6.3227585108e+08,1.4016929444e+09,7.8375582712e+07,6.2057577704e+08,0.9814953014,0.1239578937,2.2169009649,2.3223541600,-1
39451,-21,-0.105728,6.3539728108e+08,1.4453126795e+09,7.8815351074e+07,6.2386848173e+08,0.9818557622,0.1240410581,2.2746598428,2.3805566631,-1
39607,-19,-0.095470,6.3813651638e+08,1.3395588053e+09,7.9447700737e+07,6.2748817643e+08,0.9833133825,0.1244995369,2.0991727803,2.2069856997,-1
39733,-14,-0.070235,6.4283351795e+08,1.0735860382e+09,7.9960557944e+07,6.3105839718e+08,0.9816824723,0.1243876614,1.6700841015,1.7761542352,-1
39869,-9,-0.045074,6.4556384512e+08,1.0635741796e+09,8.0476886995e+07,6.3513877512e+08,0.9838512177,0.1246613911,1.6475119968,1.7560246057,-1
40009,-10,-0.049994,6.4569851217e+08,1.2890083946e+09,8.1054956817e+07,6.3740652263e+08,0.9871581096,0.1255306545,1.9963007042,2.1089894683,-1
40151,-10,-0.049906,6.4876026751e+08,1.2148748921e+09,8.1624047795e+07,6.4155615845e+08,0.9888955760,0.1258154235,1.8726098884,1.9873208879,-1
40277,-15,-0.074742,6.5392178225e+08,1.4323502665e+09,8.2133404800e+07,6.4654592915e+08,0.9887205882,0.1256012677,2.1903999918,2.3047218476,-1
40459,-5,-0.024858,6.5868809723e+08,5.0116905553e+08,8.2872217776e+07,6.5115807583e+08,0.9885681532,0.1258140509,0.7608594381,0.8752416422,-1
40591,-4,-0.019854,6.6300442414e+08,4.2434555263e+08,8.3448655139e+07,6.5528924050e+08,0.9883632999,0.1258644017,0.6400342700,0.7542619716,-1
40849,-8,-0.039582,6.7380286825e+08,5.1271698306e+08,8.4505371547e+07,6.6465844210e+08,0.9864286328,0.1254155711,0.7609302471,0.8727744511,-1
41011,-9,-0.044442,6.7947912276e+08,4.4231635809e+08,8.5170840535e+07,6.6937843455e+08,0.9851346600,0.1253472516,0.6509638682,0.7614457797,-1
41257,-12,-0.059079,6.9117447309e+08,7.9900139645e+08,8.6197288319e+07,6.8024194993e+08,0.9841826867,0.1247113308,1.1560053613,1.2648993788,-1
41399,-16,-0.078637,6.9737408063e+08,8.7036655006e+08,8.6754104050e+07,6.8574932858e+08,0.9833306795,0.1244011019,1.2480626600,1.3557944413,-1
41539,-12,-0.058878,6.9907551222e+08,6.2738964323e+08,8.7379690380e+07,6.8800763658e+08,0.9841678396,0.1249932072,0.8974561864,1.0066172333,-1
41641,-18,-0.088209,7.0240321619e+08,1.2322545256e+09,8.7816425050e+07,6.9203129779e+08,0.9852336690,0.1250228117,1.7543406653,1.8645971460,-1
41771,-22,-0.107643,7.0818798764e+08,1.4228143699e+09,8.8353128940e+07,6.9732248861e+08,0.9846573237,0.1247594290,2.0090913637,2.1185081164,-1
41897,-24,-0.117252,7.1073422626e+08,1.5895505831e+09,8.8891860696e+07,7.0079473887e+08,0.9860151840,0.1250704657,2.2364908350,2.3475764847,-1
41999,-38,-0.185423,7.1707951305e+08,2.5437577218e+09,8.9288535822e+07,7.0630513572e+08,0.9849746407,0.1245169248,3.5473858554,3.6568774209,-1
42131,-44,-0.214364,7.2455559383e+08,2.8594384691e+09,8.9887589596e+07,7.1152238590e+08,0.9820121354,0.1240589271,3.9464721458,4.0525432083,-1
42227,-48,-0.233586,7.2713399028e+08,3.5082486539e+09,9.0261516204e+07,7.1552187986e+08,0.9840303017,0.1241332649,4.8247622869,4.9329258535,-1
42359,-57,-0.276950,7.3436740134e+08,3.9662632949e+09,9.0832252405e+07,7.2163472577e+08,0.9826617092,0.1236877512,5.4009250516,5.5072745119,-1
42457,-61,-0.296043,7.4228995510e+08,4.6215250877e+09,9.1281630805e+07,7.2609058792e+08,0.9781764968,0.1229730110,6.2260374884,6.3271869962,-1
42571,-69,-0.334420,7.5154211897e+08,5.0868110258e+09,9.1795558146e+07,7.3127901761e+08,0.9730379697,0.1221429323,6.7684975964,6.8636784984,-1
42701,-66,-0.319393,7.5302969690e+08,5.0668736733e+09,9.2345389469e+07,7.3527503248e+08,0.9764223583,0.1226318030,6.7286505355,6.8277046967,-1
42797,-79,-0.381874,7.6700218223e+08,6.1644804972e+09,9.2742152932e+07,7.4493324389e+08,0.9712270201,0.1209151096,8.0371094633,8.1292515931,-1
42937,-85,-0.410207,7.7485211484e+08,6.6654003357e+09,9.3354427833e+07,7.5046570393e+08,0.9685276578,0.1204803162,8.6021580223,8.6911659963,-1
43051,-68,-0.327731,7.6925772470e+08,5.8453079964e+09,9.3871394939e+07,7.4839064167e+08,0.9728737426,0.1220285373,7.5986341232,7.6935364031,-1
43207,-58,-0.279030,7.6954861629e+08,5.1864440775e+09,9.4522308012e+07,7.5339539080e+08,0.9790094802,0.1228282476,6.7395924933,6.8414302211,-1
43397,-40,-0.192013,7.6567862477e+08,3.6945610658e+09,9.5366286010e+07,7.5319732716e+08,0.9836990387,0.1245513234,4.8252111870,4.9334615491,-1
43541,-33,-0.158148,7.6813211614e+08,3.1192916858e+09,9.5997483772e+07,7.5706107123e+08,0.9855870563,0.1249752246,4.0608791382,4.1714414192,-1
43649,-32,-0.153166,7.7370358792e+08,3.3022944800e+09,9.6476377813e+07,7.6150100800e+08,0.9842283529,0.1246942360,4.2681648781,4.3770874670,-1
43783,-25,-0.119478,7.7599274273e+08,3.0163091654e+09,9.7059945724e+07,7.6589802078e+08,0.9869912160,0.1250784194,3.8870326992,3.9991023347,-1
43951,-13,-0.062010,7.7908511075e+08,1.9944838803e+09,9.7820264742e+07,7.6994615269e+08,0.9882696281,0.1255578670,2.5600333683,2.6738608635,-1
44041,-23,-0.109597,7.8391391606e+08,2.8822314610e+09,9.8225425063e+07,7.7331737108e+08,0.9864825145,0.1253012902,3.6767193463,3.7885031510,-1
44159,-15,-0.071381,7.8900080144e+08,2.6436931482e+09,9.8708354155e+07,7.7942692492e+08,0.9878658216,0.1251055182,3.3506849972,3.4636563370,-1
44269,-9,-0.042775,7.9446921694e+08,2.6554717591e+09,9.9255201647e+07,7.8330979534e+08,0.9859536136,0.1249327218,3.3424476399,3.4533339752,-1
45083,-4,-0.018839,8.2159906055e+08,2.2861077641e+09,1.0289920438e+08,8.1147720207e+08,0.9876802945,0.1252426023,2.7825101974,2.8954330942,-1
45247,-5,-0.023506,8.2559323447e+08,1.9571765977e+09,1.0366072556e+08,8.1536166668e+08,0.9876070111,0.1255590783,2.3706306156,2.4837967050,-1
