index,gamma_refined,abs_zeta_prime_sq,residual
42000,34651.7896478242926670024284119,26.3416964369969639233692201425,1.00286464429022700326075294052e-21
42001,34652.9147673437352619936908944,356.452538421756115164789064311,3.4009238217968605795444693787e-21
42002,34653.9618934737703078242925849,36.1924034109266503527600320429,7.44609752172503649107923191696e-22
42003,34654.2067275752249465110680578,35.1833386139422039580960384538,8.99998958892331562898433466227e-24
42004,34655.2837471679031840140446982,205.66083240068861209168529251,5.16093708900353366554939031801e-21
42005,34656.065019937782094479409739,103.725060799496733469480489735,1.72710462175328170207137499685e-21
42006,34656.9607340187825316648370233,7.37903085633611281394156064492,4.78386423233041473730280793204e-22
42007,34657.2037883654217197943580425,6.19829547433696616592009328067,1.49017896995413952434922661055e-22
42008,34657.9365935246481355438543713,49.4680752537036936810205406009,5.33721593402211742041906161365e-22
42009,34658.7795513288163935419407218,110.138442358916537746151872201,3.68732225184446151513611758648e-21
42010,34659.7157138717682591996357606,61.3715085158728266895301764128,1.39080079824206508203206216599e-21
42011,34660.4766405091603397284114161,9.27166316748702362193982040892,2.04302755167073540504883276718e-23
42012,34660.8717643389770883439777286,5.90806080473214406822386293849,2.08891232911313423860171942456e-22
42013,34661.4068815460017335343251533,17.7466068190933868085891669751,1.66197867563223802054910926084e-21
42014,34662.1366808488433560839058415,84.9818043782988816426834309858,5.00971923450255121359230008221e-22
42015,34662.8467539197237169729862639,396.322016404775235575111616543,4.68219619091742537970972210476e-21
42016,34664.2290130650336070635600926,347.55528639355617989563128712,4.13631406776415471848250583718e-21
42017,34664.8286109438579314825694773,129.806632318879217214427686678,2.03128520185875613850830896837e-21
42018,34665.6972754184605488127745913,34.5379087116866267850932061282,3.54471656359577368509571131931e-22
42019,34666.2115374379275849786124585,15.6783164786408227847822947203,1.17355581922938209788411362262e-21
42020,34666.7622052734789288555817009,25.5839380928326779398704605472,4.75850756876735867902779667693e-22
42021,34667.8005002628273767812755011,8.484261072677121763086242461,8.08030373715769827261372479765e-22
42022,34668.1497141503161747714400637,5.04266724441022800461404322558,1.93849303289126547814463699259e-22
42023,34668.6318294852840481066905781,22.7389842891193766724708618032,4.29615333791049237067091513478e-22
42024,34669.7566571001759108665363418,101.737232240694905822359410734,2.74339860024188642698627446732e-22
42025,34670.4862390418896648287884825,32.2665796569533882064275794033,5.70657567071636167239873925737e-22
42026,34670.8413483795952471219974171,51.3857633458520787533305339169,2.21563917741007164365558197682e-21
42027,34672.0205870249562251538833536,291.815251066303550782752540925,5.29095582338110271563130181943e-21
42028,34672.8905105550916460241978525,63.3883521559262703097842724646,2.89618259066229270347032689185e-21
42029,34673.3751338271157086974226754,39.3097892656268945216888444034,8.48698264791143613153240389946e-22
42030,34674.0214651815044199879592039,80.0520259922276025618283669979,3.45340897742486799698253389241e-21
42031,34674.7946186163339320249307564,202.138011024572571380797510021,1.97355558781659928935190073041e-22
42032,34675.9988246242809770895367438,32.969044390327821252525457679,2.29685832843192606539130372538e-21
42033,34676.3709654496809112938547351,17.8581039223162863594054494693,3.95935719045939927799834384406e-22
42034,34677.2474644605048331874164749,9.61484596069042442238936168045,8.69280715539067394661247076646e-22
42035,34677.6768533013890545762072988,6.13551929259390953020568613239,7.29178317974668352777829733123e-22
42036,34678.1884207910330106559568825,19.538837033924626044885672869,1.60316493784129228928765606193e-21
42037,34679.2395926194412532380929161,30.9126620599838615200462016088,2.26714729225042512395522420258e-21
42038,34679.623995912484093354094499,38.1730052295119090486208424483,6.27010508834774492989124873484e-22
42039,34680.7362125960645446944380065,20.5992816693228692661127381312,7.57689166354726802871518769799e-22
42040,34680.9009342922176226526044221,26.3240658534518049734599675485,7.62823803808044818422818805805e-22
42041,34682.5033707760362872868731083,433.791543144083308828959160592,5.80518246701145358422811622884e-21
42042,34683.3940848252036790196862943,11.0406094147397193835004300262,1.25156583393353726944389904776e-21
42043,34683.6741421761592409823421693,5.94715825301254165981457343787,4.6683118543308499178866351866e-22
42044,34684.2543575995149139228987515,20.7854855820152977346939818576,1.49198684657158484241355905406e-21
42045,34685.1744040107777929617631401,23.467620377907397246235417108,5.49420354214707275271530408253e-23
42046,34685.7549381343802247490703657,11.0849444200640189492451230337,7.79598584511097881260028812705e-22
42047,34686.1507867966021396005845474,24.5074078438698777655951264979,1.11405985204816889398552806809e-21
42048,34687.322530444642312414451624,128.740137161353734972516177233,3.05433610019177313863345229165e-21
42049,34688.1370690645687676276341676,29.119171927909095885706130736,1.98038265911882335974590097493e-21
42050,34688.5944321034212143789391474,20.5369740582884381045966789311,1.74530459610507796220645505373e-21
42051,34689.2195966339990399319319914,53.411189227895954521535579637,3.32631979495572927241174759761e-22
42052,34690.0587147361853350780624289,107.486724703070822271987493998,4.09997698884178052641681503117e-21
42053,34690.6415881728034449417578158,225.316737176872994787141770126,9.43998550784261496287593809587e-23
42054,34691.9180105274123296009398575,190.173130781109330398439969666,4.35681652344985729461579574938e-21
42055,34692.4960934276701782831260047,71.1600928768926846079818598244,3.50811636404943184345564172365e-21
42056,34693.141901869910147728942094,75.0781269536840664306490939566,2.86544921161566712415998814702e-21
42057,34694.1238158177475783955443622,13.1408822010670028688113292159,1.4799178410136468075172263989e-21
42058,34694.4004920183938777877439202,12.5463278231608295053340518035,1.41404634168187287065830450578e-21
42059,34695.5277427726498562308351382,18.5674336610359189775751816427,2.87793033861039723334346941327e-22
42060,34696.1276076050054253143081938,2.13712739691112142243886721438,1.52562808775907638185436317949e-22
42061,34696.3871613043976861889618205,2.423768288326385290638646474,4.50830769585927393565386486014e-22
42062,34697.0395309349716275060235247,31.4597323452703280494183560122,2.07842245369228793366402534851e-21
42063,34697.813784676034406269645099,261.478476989275180747999086147,2.94140604742014103230161519807e-21
42064,34699.0978820824791901628252469,332.810536092965840448592127503,2.67838832092398953392428682851e-21
42065,34699.6982621459846511612284752,186.474237227967472206884564776,1.09541022619390931168886381087e-21
42066,34700.6624061488880798723006347,48.5681923096948209857518538224,1.95377155284240061273146837756e-21
42067,34701.0536773868598847624962012,39.9285433735015981565474011868,1.33586442330549234295951891068e-21
42068,34702.0205255476755555005905158,48.4033248276985213331191582388,2.82702008846314981962208783445e-21
42069,34702.6096813357279084970888294,25.6894596803359877563701842186,1.24240075579335147155049647266e-21
42070,34703.1751497718657396420317727,40.237552823972149630361437562,6.83066084297002731982480827162e-22
42071,34704.0467931072768683095232891,75.1967561823180515235578106989,3.53725316923016903911858175447e-21
42072,34704.8846256306426784784599128,30.3553455065755488795078102763,1.09399744421170593123114430503e-21
42073,34705.3777700554453755886334,25.9751682484870993038146805368,9.36816400818360103885264841317e-22
42074,34706.1620042752460182845714489,42.0076649361393284964832362335,1.83530177272782627675602211499e-21
42075,34706.8399603984204826534718003,43.1952710573208537424284502581,2.49343205012306173536472853e-21
42076,34707.5459563765744195379724234,42.947495282424786043591100281,2.29445841131708216519039772147e-21
42077,34708.0379331499699239708516727,95.4552206771717292555398268606,4.05302548773457727650190200591e-21
42078,34709.1094900142589498684207529,448.587049160609837710237642037,1.23858633162727815209134441313e-21
42079,34709.9197967219312905867577254,415.820408128213324091958749032,1.67193309466526016962961492183e-21
42080,34710.8966803947134127847742729,179.89013000084272200575901012,5.29903103850405394921726968872e-21
42081,34711.8125431969581293147954771,7.65337141552931935809077945784,1.92565271049061212315705369726e-22
42082,34712.1399657760757376551421126,3.5116374461407129363639194143,7.53439834906649669980225629994e-22
42083,34712.845750551389514015292709,0.702947895563476758584550818565,2.98340320673206848193350796231e-23
42084,34712.9729436981232022027866532,0.969064422213760760923170239951,1.63957445409510614285160834165e-22
42085,34714.2493960863106465885260239,68.662157471789151041671667762,2.64886960501435769903859361268e-21
42086,34714.8876665152808645874295084,42.3918086521247889757793755418,2.64679152715733851421353076123e-21
42087,34715.4807033277542509825105236,68.2561848160508950993667849147,8.5519253194902608709928248456e-22
42088,34716.3579146442846026063572267,115.439729167486269431899321838,2.31693183169281328060398762404e-21
42089,34716.9592487145232779487626952,175.220493879543207927475827306,3.52335816464911868173296282372e-22
42090,34717.9448098732627062948389111,322.048628425637509637938991524,5.01724303650645082364453094625e-21
42091,34718.8606482851576002041620069,100.838140242833132759863175416,4.2429202421671880864169536326e-21
42092,34719.5396678622670470018835948,21.0557708377180030456273361435,2.24772816853503944087319133654e-22
42093,34719.9585048100003140227378935,19.5189763685906196708638921306,1.29215210093544998814074607893e-21
42094,34720.6018431140054358819264068,86.4135364959949151126508726401,1.89641682567984413039783003648e-22
42095,34721.7781338049251524123676071,92.3978324087823515990389871819,3.16398382596105056262504108996e-21
42096,34722.4911112979707540869625873,15.48153495224367231986156014,7.76196628699752085297820918299e-22
42097,34722.9194397023681193610658812,12.3012572429490962408855590573,5.32703905343267839814734750313e-22
42098,34723.6789643350522577374477502,20.6652081194599372077208704722,8.6170368468811233641542511738e-22
42099,34724.3158068616001707356357096,21.1669511540037257261917626112,1.65466759067572547581451637941e-21
42100,34724.9919432286199266732439785,21.0540658273596783825133676669,5.89587076740408353883680984266e-22
42101,34725.413290194367912337142445,52.0245622487752859704123873971,1.052972502751469345418459371e-21
42102,34726.4188414546858146453246692,811.143025084226397094973609992,6.48641546385871493214607107042e-21
42103,34727.8743043930272338688158481,78.3035613557597576257915774434,1.24916368821846686405506134396e-21
42104,34728.2696542912539075218119506,23.0067231295651571269270093926,2.0186210863789166618414614753e-21
42105,34728.7709043187384394813072335,40.3759971360966736813377154926,1.07040119276448760949858711609e-21
42106,34729.7897921177159612688592025,36.219344372215661201461684453,1.78674151996595391561892285795e-21
42107,34730.3494224359152468164361416,16.8709927255081768230251428604,9.27854072096317277493447133487e-22
42108,34730.9543726500912906929112068,19.344600933493097267631889565,6.48665616952592977861872060484e-22
42109,34731.7021844800653077315664194,18.8101803666428018750067596992,1.03012422563586218244602115475e-21
42110,34732.2180997452384420612632714,25.6999790912659162763000380836,4.38677635878592067349109314957e-22
42111,34732.8977475413436918012006423,116.697519992054934286314564433,2.31996667847178197915137701459e-21
42112,34734.15804644040052450898968,71.5054806633404641213977068211,6.78396378206317708652446819915e-22
42113,34734.6670922688046944146468594,23.0538512341637261413081007842,5.55617048745788527701914171954e-22
42114,34735.1196503717478669010459518,41.3739719399943582819112261807,1.26893276800629571969019829802e-22
42115,34736.049129122143637305813172,149.51446419695233932069350245,4.64161545347169562244729279968e-21
42116,34736.7190576857222138123092581,223.986345090006652948368973509,5.30800438922108829650281071664e-21
42117,34737.7198355372095409156401871,252.889228295571444827963823417,4.63135801979080989177623785701e-21
42118,34738.5403168220309740579044554,86.7092431288513866332111864583,3.55490037277158674507783897803e-21
42119,34739.3434217713698051768936183,5.30897763534122930927122589304,3.62610803222676799589359985403e-22
42120,34739.5382758510393395297308808,5.69180006240715110835750990914,3.75460414934829086028877519344e-22
42121,34740.8437439722572194274292163,3.0261433280890236746593838377,4.80333558493512029976021237055e-22
42122,34741.026837742292690072961447,2.38821736688867386064052006594,4.8551967249311661696527639487e-22
42123,34741.7690257008677941595927625,20.8297187572544015660874806616,1.07212663545727405299951515083e-21
42124,34742.4468798510548107072340229,42.4415734609883372083171395131,4.65916942337682809781679856186e-22
42125,34743.1991764719858725211010137,79.3321112508779086155852340664,6.9009790450006699542036525258e-22
42126,34743.8261309816226274513051177,191.889148992028758709127670448,4.48510059331581999265089055853e-21
42127,34744.7920148671495414651905212,692.15991851908288925824072413,8.68487672040985376788861530252e-21
42128,34745.940363151651661747332193,215.190625587206814318987001082,3.2757186899905958562548023155e-21
42129,34746.6723733442414559891450312,22.7413811222600656876453084983,1.0161127950298543702164593984e-21
42130,34747.0751636708518760503030501,15.6797287997129718975598890577,1.5304917153735670802386862356e-21
42131,34747.9291643661795169766155623,8.19980515856132513005742712102,1.23520892066381340509488491587e-22
42132,34748.2377437772371166993001014,9.70499541453923155096380705174,1.01488057321856961177236951387e-21
42133,34749.0719229356187936566757302,91.5709178235424396890400883026,9.46049259695878046693489986542e-22
42134,34750.0551900418816151534100888,108.232469187505323895187249279,2.46659865903657486325696016841e-21
42135,34750.8778837215848714483576729,27.0473644080803467002382091351,1.08317900418464292229753067868e-21
42136,34751.4085377820456328636306713,12.9570892495714773423991009734,8.56054071512139819948540463252e-22
42137,34752.0324724194026728882991716,7.37118283629553392416609195084,4.60855445404435705241713372565e-22
42138,34752.3164588824698226976871773,16.4998859995423617630119245687,1.81558782436600623951133157236e-22
42139,34753.7116942368792062530462376,237.901446133200622056852363465,1.98630983271720847852017776402e-21
42140,34754.4339044691712560795887749,45.810586487280822939697249172,1.20582962987876651484887604238e-21
42141,34754.7468126005400362419751358,67.859519604940350200230672814,2.23401356110140527204556352002e-22
42142,34756.2285565567288878038018241,69.4874781092626162027130691242,2.75013757950656264287345997717e-21
42143,34756.6027369240138079573248245,37.3495368096081018139712438488,2.46513925807009686232061426443e-21
42144,34757.4793396921830520200290036,35.1270507393211137450763745788,1.0846646445955143612193985435e-21
42145,34758.1899446205825952206548198,8.00070636528402980870967333114,7.95526020777605593460649683561e-22
42146,34758.6083774487113995267732522,6.64414219464811936256255772968,6.11297265868574826446288667475e-22
42147,34759.3055749050808113939072279,13.1624295436879672791623988486,2.52898154752126870090771324696e-22
42148,34759.8454466146139900823675958,27.7669220756456617733473917343,3.38486526993630453679663752464e-22
42149,34760.6302026425708788900139651,135.557569223067780391168509231,4.06644874861157858074877318658e-21
42150,34761.6290811891132153345746593,172.242023980639305320533587059,4.77293662049678560768851646773e-21
42151,34762.2088201841677111573577071,195.509575575003959497147852118,9.15616872358271550007391974743e-23
42152,34763.2484782088160698211624019,188.613562395453197571927904025,4.97744023788125692276097642205e-21
42153,34763.9242618631022116746285983,85.8376003340749273670835580729,4.54165098122658672118598669378e-22
42154,34764.6047665061304119202341065,62.9433855483475828183498874173,2.07055662710790272836662565989e-21
42155,34765.2547964734816670677249788,75.7696429701928828783567442211,2.9779632601192001861187939936e-21
42156,34766.1148341454447630237757813,73.5833444438317487551723759005,2.49396974919831220382607617422e-21
42157,34766.8734281294384601384856521,27.5472818222288790155225073935,7.45857527361221306586015240923e-22
42158,34767.3659404517058305285995454,26.3002355785566658657180211045,1.55994152115926854071839751579e-21
42159,34768.1256217921295625725610528,61.0081371234884436873182717728,2.30989649959989354129643487535e-21
42160,34769.0346871314423786010557596,36.3348857501774671761668734089,6.66686408554378465472284258891e-22
42161,34769.5830372908421669651503286,25.58216015158416954619234214,8.00236634320576937033382466952e-22
42162,34770.4362923282413967817103997,6.94931064289293395651885270002,4.03550027229280751796212188848e-22
42163,34770.7116870474212658627887399,6.98850513662638732716465639662,1.68930050747141112693222167445e-22
42164,34771.2730655260778758240800365,101.727260797146954651827242996,1.49006535246177315966836708645e-21
42165,34772.654514060605539358031327,1174.87406724065743056805855093,9.270924812975046566532233376e-21
42166,34773.8606646242444735684298572,35.1671686861011496007807792765,2.96747985075735932695727771651e-22
42167,34774.2015354271896694472992587,13.0438180477896919831340392499,6.42867706327902456251542053651e-22
42168,34774.8019320841250538445355303,19.1382216914026611835195068443,4.05844998858052285340678438312e-22
42169,34775.492722849962071048255126,25.0204163298954654087522785112,1.29314604092068039563509741557e-21
42170,34776.201202180247028894752154,26.1882228569049009354279810259,1.15245813196836942564195813592e-22
42171,34776.881383626709208073133302,26.0251872412067873166718572855,1.95007671195145117925713814961e-21
42172,34777.5284385465203858480152627,33.7843581985478280917704839632,4.27640610998570937741799915998e-22
42173,34778.2174960306902562773810596,62.9714539552724835155038086283,3.2429814126099040234513385033e-21
42174,34779.0042358436908710316736718,112.911020481899024469645833446,5.3668532668523971828681427382e-22
42175,34779.805106464688553709009924,126.105636661135294101028356157,3.22175838274792030130791326963e-21
42176,34780.5292822182066454850014767,122.682525041449667681643561776,3.32651981809751118553221085683e-21
42177,34781.2152942402975550040513618,186.332620919925207161251362827,4.01689756965501814673290852591e-21
42178,34782.2229610272449090575843511,131.383441032174778084434419601,2.84936486876392753064279546909e-21
42179,34782.8914085734391889783840195,45.7802525096226814349656706784,7.35898955636218930805335604037e-22
42180,34783.4164542272402171038372493,47.7266308180236712209391190118,1.37359554545371260577800803238e-21
42181,34784.1088221441414338354270828,149.691635320628383440053963527,4.41956572144199869308176662416e-21
42182,34785.4940847000730075157420396,12.1708907026681665293746466814,8.93625555980394414850250679161e-22
42183,34785.8536601983769427397902765,2.84413043540451981231390941741,4.8485564405730073412691667558e-23
42184,34786.2438928648080635361164832,4.65963038002636587080833886414,8.29601016910332807050850525626e-22
42185,34786.9900311570193050537769192,18.0162097973866261708041402399,9.72746287914663960978136171184e-22
42186,34787.6506268504748484447479837,30.6921110159480704962002291517,1.48086977422264097476376433477e-21
42187,34788.3109209629986868905220397,73.4163607527226701888313041314,6.48031770567007960709207178595e-22
42188,34789.0640923650508224997747413,262.771019004181436118562568524,2.04328026228436886652655441525e-21
42189,34790.1337706770328813168405799,356.873936370824540415405642135,6.01890333261277367095952458503e-21
42190,34790.8268989177572784190219882,248.542084981302895800589035403,4.70026717327676520444343706974e-21
42191,34791.6535187713113342889598912,229.935785273813936959603744715,2.84315618239773987307668827195e-21
42192,34792.7332795609239661453337788,12.5230191184442033804961705117,1.20586798845177378283000930055e-21
42193,34793.0535480050390266012468929,5.74523204401306184007353156886,6.84299759780269225857687186593e-23
42194,34793.6482359211069577991870737,11.2768811370427627996381174848,1.4168423372356133883679490821e-21
42195,34794.2993118373402378356833525,18.5732536101324153502431525795,7.12731762494618059518921022594e-22
42196,34794.8488054867956878778498568,54.4130495915618515666739400602,2.11276367295159789294693359633e-21
42197,34796.0963673557518700123640714,58.4248134940808983831219882678,1.34392454562439550411720630967e-21
42198,34796.6129657020407324493715764,23.8973782077168372225585285964,1.68294239463130853442164288707e-21
42199,34797.1433531988523459084568334,43.0070417863300495385574029338,4.77858581972327143712457370011e-22
42200,34798.1699563856760326054226005,33.5165612701654471145482535394,1.16073723904800243188889900015e-21
42201,34798.5720915729966843024092379,28.4306451104451347266517763313,1.4895599423579667735327413762e-21
42202,34799.1829709308855374925146883,160.136871912116957852113718439,5.38123376140529721835490995847e-22
42203,34800.4994755111239694449470634,233.819809855845435319973073528,4.79166845512272625153559824e-21
42204,34801.034102748553557928523038,143.864404723386883340029169764,6.61526338417626109633969459667e-23
42205,34801.9893289506829262862681151,89.4516134441560907783781133905,3.1572515527591663166077152223e-21
42206,34802.7380977025082620042481172,14.9169769458479296165413635925,1.45121194302681239266439455187e-21
42207,34803.1656859307968934055994749,10.0718395860362972094271032528,5.13124918620093045280243059128e-23
42208,34803.7856892946767886343565061,25.7628226745108107402595195757,4.58515884315455959127847296027e-22
42209,34804.7166263132598189451245895,25.5861014901117019047798280869,3.14457813738836462248398451523e-23
42210,34805.2870521362165052169902871,15.9523574337923670332337190738,8.75686352217261898789055596218e-22
42211,34805.9471725164409123763062053,11.6400398639534914960807422431,9.89584622451031538024172636404e-22
42212,34806.2941869501682100776279762,26.104129118598622785538373844,1.53570440659448716904552773066e-21
42213,34807.339879843986046579275707,620.801368042160978314537122021,2.97164611998728579547588557134e-21
42214,34808.5457528663184174431819236,386.168592120311657843678298848,4.74394178892977047199446933774e-21
42215,34809.4064001114604529087305296,22.9766226794151261932680219211,1.5853695339467697638234882854e-21
42216,34809.7385784881333415287593559,14.3197396475013486555320198242,1.52315566909579018979489067587e-22
42217,34810.4182565070682751417903687,39.5245329354733708590423894319,2.35270132753105211844302544156e-21
42218,34811.1262719929230093015152151,79.914981770070405903433856872,1.82861237448762539122212010054e-21
42219,34812.1330768470578197853096675,34.3077539358680520254444683733,4.9314646365116519759385857401e-22
42220,34812.5430125094686050811007844,29.9598550992469014099932527206,1.92686040395443005333631020577e-21
42221,34813.4834790967916284833057189,45.745258278432617209146351237,2.39457807364925027948512806739e-21
42222,34814.1239401498275507649737043,26.5013535469359650368102645644,4.62928514518384194523715651745e-22
42223,34814.7605217591407773596984203,25.2798556352543445648823880294,7.63281740567984019787258349018e-22
42224,34815.3678783770646572216260735,44.292539368752645645624885703,1.76632967444328894218187248411e-21
42225,34816.3089326727002106005320368,23.7150715758990735583335955093,1.6838578938742468827795932438e-21
42226,34816.5878127516124610678538079,32.9846575979448285595871597155,3.2946099066046014264014625497e-24
42227,34817.7111648782246735973141372,457.188268133060161085543973036,2.56719035105713014765792773192e-21
42228,34818.541431798584692200106926,457.149758855270959658381305867,8.05232702850559257289689022123e-21
42229,34819.6553919701325321468506032,51.259704063945879946799723243,1.00226322436169880984621535199e-21
42230,34820.0428941417282048253825823,27.6243888265855070867071312296,1.22346435163722218064569106139e-21
42231,34820.9347568129459262847749064,15.0967566319129744331395010292,3.56038902158067258875198921567e-23
42232,34821.3974932503784961063627782,10.0435325747713973670704094607,5.26303742076940492660304654044e-22
42233,34822.1407154893070086593813419,9.68691697610639572260226144478,7.02033351698030603132380289471e-22
42234,34822.6840064263831319073567751,6.25685121072905039557857584475,1.27069842650827575305477165588e-22
42235,34823.0220644597089447132195308,18.6648159999350214356730308345,1.5430238775281076666835170173e-21
42236,34824.6442763536823308534538342,23.372598133915121134451280051,1.85189117424155294561019641842e-21
42237,34824.8856137178444969576516348,16.0660631347930285291408794156,3.41007161418719191829420594055e-23
42238,34825.6422483984936264598754487,76.3795486596147117776834414582,3.62625617115186586179546702456e-21
42239,34826.2669045475137837797269419,203.184563944763070947633002327,2.53594227234144152816800534619e-21
42240,34827.5595496116301942413542669,113.588968647657232314058888293,1.04312530338939764718823753282e-21
42241,34828.0690114944627500296188508,42.9762490915015997718604615509,2.62813754357402584513119735009e-21
42242,34828.705337001772014087955221,47.1936969109418921168920532223,1.82540345711697748530321927034e-21
42243,34829.4214953665785089696728502,59.6171323673522414965546361412,8.77430313273933898510712653457e-22
42244,34830.1352589968671245873569795,77.6846216445096632481647483685,9.36303623730156300445910244721e-22
42245,34830.9647688618199761872770942,78.7410151126670192127991303625,3.46473949031308526207864022372e-22
42246,34831.8087660429599464479863927,28.6034162451897915088588842533,2.11591967494541499935216423775e-21
42247,34832.506164205537530861835251,3.97214762015538061358773347449,5.5464629083764365006597329934e-22
42248,34832.8532832277691886499142029,2.5874847772938472534311738711,6.08781560268420491627657053254e-22
42249,34833.2510418095263562473284629,12.8840381590663838502103892133,4.45463336977140224661158809972e-22
42250,34834.5856581669943811455860469,11.1103811372734438694489219709,6.67949126074491577022743931274e-22
42251,34834.7003594164152988826859056,12.8117269199119127586377602123,3.48174117805628204474367134339e-22
42252,34836.2224246202332365319592125,600.085148233867006749348184098,4.74339728140464022120719333159e-22
42253,34837.0680368489150427155467416,88.2621221347625711475898157228,3.74526407953834198903072929738e-21
42254,34837.6592441990986638325827883,28.0824630679160700630300017741,1.82351729904842490132943174858e-21
42255,34838.3220838026371087141892893,10.0997206808107649621674088669,1.33678113660905485143749232916e-21
42256,34838.6979977697965438387575772,14.3262168492908880392589199792,1.24879358368580460685827045722e-21
42257,34839.7376502793290261639528422,30.3120176472888364866069331726,6.56828886219378702151786065703e-23
42258,34840.2435561383760054934778437,25.2619094986086138787485179852,6.52116896307004065639402590629e-22
42259,34841.0258563679003055178249892,36.8881335948907877478952154605,5.73514184363659787813255020221e-22
42260,34841.6188302258512443875901523,53.1998262602383025852668438457,4.65710547362443544588310525821e-22
42261,34842.4496214185080408936642474,106.816696750946803515536677269,4.17546140107093674986633593999e-21
42262,34843.215233140415928706233213,115.971003021463679802851747335,1.87213390356368281847717435268e-21
42263,34843.9828717773643814633897851,104.00130253931968145382952719,3.32687689555317273580839148497e-22
42264,34844.6588028237341299920988978,114.582711279385660694152094554,1.25865804229664064724165551341e-21
42265,34845.5878271927890057072733924,26.8315905799195362386369458007,1.24619421066887272039486189485e-22
42266,34845.8181996569980926304010623,34.9210871242178174373371232064,1.61578434586359003476992826067e-21
42267,34847.3092126777468629614893635,127.562635095591445402165989698,3.13363384227213911919754562574e-21
42268,34847.8899263751596628940905712,31.4383160024508774895956667889,1.64877562587501413427502850764e-22
42269,34848.5618768130768127400637033,10.9797609592126279773211048451,1.10628090029678981082584559941e-21
42270,34849.0219737936262043159707366,10.6152560430547687565596992109,1.18389984574217181241844204214e-21
42271,34849.7621364709892149939696723,20.4105166066035302729395084312,1.09412557650543791226898060255e-21
42272,34850.39011452206423476732389,30.8601804961109316734916317733,1.51341789170451712509696095498e-22
42273,34851.2183183500470888477331068,36.1143663235031383308859569889,9.10930692855863156572177394209e-22
42274,34851.7987099472204428489728507,33.6422728992002829375886901549,1.99132037677082914494872240012e-21
42275,34852.307394309428339837443593,111.687808473036066668617450741,1.55572503369768305349509328707e-21
42276,34853.4946727560230095011727128,706.174250967066978302621360486,6.87683748104595211107578568276e-21
42277,34854.6489896499307025181256966,17.1963158325580699087322417883,1.52350936688441089304102129599e-21
42278,34854.8160628526112412501362762,14.9921460911953273352445358181,1.65012843767818578811231451462e-22
42279,34856.0280274228633232148332517,31.7880767080837521039579505119,1.96266994954716087340914955405e-21
42280,34856.6318499611570010632954361,1.66004379877099067567513625702,2.95326577075987487792625469437e-22
42281,34856.8006412992032316904273083,1.95091199112416457433724029637,4.60991584935623913000945486574e-22
42282,34857.6484168255140375210497392,68.895992435241871016576948443,1.84604981765564760469425815644e-22
42283,34858.6612435935300466007621702,82.3001010852159640210708397801,3.56628773442912110536004891896e-21
42284,34859.2693825086426720741664279,66.0755520588616365654028949867,8.98272317941100351757296177876e-22
42285,34860.2794826058461781893871874,12.1104858101715042474515798794,7.98644234262936569983605124411e-22
42286,34860.6112588109568548581675431,7.98069597444982467633365481897,3.55107987082910619828010568982e-22
42287,34861.2689434445281774590668929,21.7036579866804965097649701581,1.70927698452621093371695126325e-21
42288,34861.7738627522799632661356088,74.0046921498564459192950588662,1.31147549204841699962021655357e-22
42289,34862.8502362035469939763381886,657.801296688043313237321796515,5.7790427695557829739180306333e-21
42290,34864.0276097467188067381544913,134.225799963355473348441248431,4.63523627965249103844295713176e-21
42291,34864.5308958084548484946735908,48.3583283887139960175685343662,1.1015261242947261808101593542e-21
42292,34865.1031938626087847074872546,74.1182062617373512683171502022,9.44237271357632765003216776983e-22
42293,34866.0960574270697380983444163,72.9815741653522912664001244911,1.37197324201212399991629217502e-21
42294,34866.9513300953837796198937407,4.73767018842045336326525933156,1.68048616726462649141918364608e-22
42295,34867.2453524986306529199503029,3.03469240056085597804931911858,2.79978526916384783332072659023e-22
42296,34867.8494924456212830797084095,11.0374732726110560524128714712,1.2762390624039262917131616757e-21
42297,34868.5281129605807778110665897,32.1611558843524105608602920857,2.29399091033171926023555745494e-21
42298,34869.2899425047091392490822784,74.2178038968118982338176995048,2.44218436439879877718972655192e-22
42299,34869.9446086423875744271009768,197.718920452716272458111313638,5.25352192400154451181633289287e-21
42300,34871.1294228487709496861050238,199.398569161128158015933365846,1.96348167369368306420740387555e-21
42301,34871.7157472608452534495246672,102.459929134726761306938085227,5.66869520320846236338929183661e-22
42302,34872.3921330079185268371298111,143.970434924602807905040954416,3.66522093551408624375320906926e-22
42303,34873.4380069188765371860085493,35.1334998502188008262331796048,1.06869976550335646480635329869e-22
42304,34873.7856436989015089023073677,28.3602945731358061316900582359,1.17759110257646889070398335735e-21
42305,34874.7198374837744206430606916,44.0274544337426121095248259631,2.67935720215434320587721740013e-21
42306,34875.1814534750946468072943004,56.4012186542780183126138470319,8.21998593879794321860409651781e-22
42307,34876.4068979646036083384371036,27.42253140512838050613541995,8.17673905545429470569317446449e-22
42308,34876.9371938910844392517026971,3.35709799190736831521290637302,2.68070743408959342780667687752e-22
42309,34877.1810496083565067998920509,4.94119775362810419512826508298,3.48278048020919454166735942988e-23
42310,34878.2704292244191498835537451,39.6615077122437184806308192127,5.84486678323098704023246496533e-23
42311,34878.8100360316283165347742187,37.8297515380894208058009009483,1.27012437266295476630028719356e-21
42312,34879.6703737775896576053564097,29.3133393150372476565885383654,4.06537344898100500987363911162e-22
42313,34880.0428286886453956666865696,41.9542253954663624818420419641,2.68185118520560520971822615627e-21
42314,34880.8548818009835589704512147,531.987917151774621251891995966,7.74952498032535884693196459615e-21
42315,34882.3236967676761313746521327,322.029962852234587797857625374,8.72576039163174675615551714313e-22
42316,34883.0876719998923380004394502,16.8861482073954500425934895617,2.70637323645023514266553769831e-22
42317,34883.4373120936317450979546422,10.127857669703177021372486267,6.51519790315593810958405039097e-22
42318,34884.2966647095826154364826282,3.05255145722604367082219251904,5.92353294013248326111600648608e-22
42319,34884.5184754027869613015373223,3.46451413025834213254107051668,1.05405655500368540164762634937e-22
42320,34885.4128757010978221149707556,49.3439509413860943146741500243,9.69864511184565920016154678987e-22
42321,34886.2243559160836947952592931,57.900144355318960181776521109,1.45789698117403277891599733111e-21
42322,34886.9088981056713440783521785,57.604331186539564728302753068,3.14254585670064088767381528336e-21
42323,34887.6298411522706231729325346,73.3520601094364848924737252925,3.60514897775115961596643791015e-21
42324,34888.4278131775130146234457284,53.250523951667309073426476219,3.546747625230176402454557846e-22
42325,34888.8798554938503998145123159,88.1328355977327085486264627134,1.77255875993649339113382539967e-21
42326,34890.0673055149743875373591959,165.000852979322019684629676693,1.11519321955642806349249393537e-21
42327,34890.6529427285418923915086204,95.4692488577916257644857887768,2.47028611812245864790556642623e-21
42328,34891.3932974462854784700007699,106.128118148926324892233869961,2.84491932243634258387350514714e-21
42329,34892.1231375555082804810955771,114.3315845110052939519235607,3.19308360343171176811194133653e-21
42330,34892.9396443980350113358958252,93.8559764413773560083979513674,2.15561976010897076414471199524e-22
42331,34893.6569234921729304328545012,66.2318826407165798815646287257,2.58738591712356739589072686508e-21
42332,34894.4826460418893253574195143,26.2736588835811794866129938734,1.0370811901218928205869684847e-21
42333,34895.0135310233358365020894454,18.5095122138715772535192457772,2.37823321120985970616153038156e-22
42334,34895.8975158680601143356196196,4.90836236381619064508589282214,2.24909817040353244941898511906e-22
42335,34896.2472796106395950110079369,2.85396647293290886689093115087,1.30041266877287805814732516403e-22
42336,34896.6412083869404587673007467,12.8888007632517433596320798382,4.45748663374655958205116480654e-22
42337,34897.6145766614828374803615108,357.649154722442197800313528764,1.39421242379289976254969612503e-21
42338,34898.7740912898392795622011742,409.151988935151791252139575687,4.49059113393624178948131325972e-21
42339,34899.4224634380137384202342992,279.261182298165644755664244258,1.02506840368196758196931038868e-21
42340,34900.5214219502859084326950546,32.9081932350319747527513044439,1.87943305891789313246579200639e-21
42341,34900.8591184983699724600507119,19.4371111477562939265958887662,2.73273837986614738061963475076e-22
42342,34901.5451532146799565018402548,58.9603252644378467461116520551,2.93109984418770438181491918431e-21
42343,34902.6203196171114942896731828,15.0140952958987381399593155928,1.46341253508325056750048562066e-21
42344,34903.0825649624848745094045136,3.41430629989403420142620408632,1.15602764552853373087050920532e-23
42345,34903.3900724569255396507214738,6.32859194754022220555319089175,5.37965314815297711219100964417e-22
42346,34904.2437045757595573158516077,113.88916547783062336723758344,1.42974856756082070770149629298e-21
42347,34905.438310688631880491454367,65.59990981043302475184145232,2.91101157606992644216472410447e-21
42348,34905.9971376977091531784427424,20.1102404058488104977467411555,1.53319870619778643398974472025e-21
42349,34906.5144172240260073440689786,21.1837227744562364296002925306,1.76747593655274516659952500279e-21
42350,34907.1173859635369334422472425,62.3628901661446704169574461964,2.92931742850150421631168884489e-21
42351,34907.9639950738748662980623988,233.404868450720110747445199732,2.93482507135253332110911766542e-21
42352,34908.8486144843874510848096658,341.756975578258349016217198187,1.37325941205697949535157419813e-21
42353,34909.6780460105119265778292916,302.710543024855610290172206461,5.0674107870665077427464226052e-21
42354,34910.6027779936362409892389848,116.213812947393504319248681226,5.94831217417683285371732464954e-22
42355,34911.397900718105560589320826,12.2284456872300286529979204451,3.42316135729477285896672822297e-22
42356,34911.7617778384896737663970603,8.32224050896046391857039571542,9.74459964865514370448828478675e-22
42357,34912.4589769806853800533969603,19.8680720099532331159392038194,1.07830102402817553837951213218e-21
42358,34913.1947026340068904712163217,22.231153375733019270355928063,7.59146433494039243952524525469e-22
42359,34913.8267077255975239327854489,24.406068999881276781934010106,1.86463385916968154931471470019e-21
42360,34914.5026831467904447053636226,36.243735975531244592128481482,6.48739368884663269258391924009e-22
42361,34915.1055711790204443118437876,90.3436668695684936812643850871,3.96321897221158074081746542313e-21
42362,34916.1930829454020588226648411,70.2393296692783330445988101741,9.56718633589688316610256035234e-23
42363,34916.4910659845808882554156044,95.6416931988204899014856726964,3.70369474692560368805743969328e-21
42364,34918.0650231092009384327088354,132.82605510841019839099065103,4.77023934997765157038191472142e-21
42365,34918.7407298417256719725506433,2.85629833033145139565212028344,5.33945356419415815473001967088e-22
42366,34918.9036308014354016508264406,2.70049991462790446528403898365,4.07743222289819765803417165641e-22
42367,34919.7334115460930242530038728,34.5205077497559730527740126794,3.00315515218699076188260565079e-22
42368,34920.3546573090052008455218033,68.8517452531167046124733670384,1.58111907466103378856785511232e-21
42369,34921.2790553254062710529185707,148.300115355377919637043472338,3.73897431197540151682614723243e-21
42370,34922.3629664807860333106473584,10.6761967806831378420146620217,1.61929826863301450230323671754e-22
42371,34922.7088635692641497409421855,3.98800678696149558092073747041,1.65163054086162341771684275331e-22
42372,34923.1317498054870781771456871,10.8437321034177952907619605498,1.16309194053742246389439970717e-21
42373,34924.0499663623736455085077076,53.2543651967028219129736987171,2.03186121506568885320822125162e-21
42374,34924.7275335617350681132591316,60.7726686745407635624778509163,1.31803214025802576407909798034e-23
42375,34925.3890012480373459278422846,112.620537200216153766238939357,2.14848687508477048455825124988e-21
42376,34926.1312513219166969143034972,350.113560804951943807167650336,8.33054887654646484484423534443e-22
42377,34927.2525419589054141001216603,388.249992369639904265035167019,9.43644032729459506906654747491e-22
42378,34927.9906759422269451155848365,167.858669182615195555296042219,2.4290892981283202894589470887e-21
42379,34928.814499501185153114279265,58.0579071090536471130398583559,2.84700786847572621105126334057e-21
42380,34929.5181501468480475428402317,12.1707164335658228835877055234,1.07370285266983619295918324807e-21
42381,34929.9438266208473771338524498,10.393754353814179501466515936,5.6471290211983791465447838657e-22
42382,34930.7595891756411269807890048,11.8290279073256759892654076124,4.00193958427534388340578776838e-22
42383,34931.2275147199840800837025486,13.5952665651994395875373399061,1.64782614671693361680989834782e-22
42384,34931.943334472654361328983443,45.0746160321267760683211457747,1.85979383926847899215650631737e-21
42385,34932.6625593792282476560941965,125.493398186420856510944841512,3.64147859181473060095594612526e-21
42386,34933.6101040355521102972231794,221.857406503177433461125744889,9.68632659589173386448266115753e-22
42387,34934.4567071993088169316000379,111.42988496264124853690423011,3.40565553127650020421297243092e-21
42388,34935.1475025846309773290507337,37.7377052664296782335368769091,1.05597895870956639629870440945e-21
42389,34935.534878378927928171966923,59.5983175044230763260732698349,4.53030744839518029321070182904e-22
42390,34936.6550421116479133279163965,264.833939295725766712664051688,4.80568386527346947378042091441e-21
42391,34937.6074318771347494995807643,27.6059133825299363738030771493,1.01691628757416815197966899381e-21
42392,34937.9346069026094129406604553,21.257019396318635363183634741,1.47274517560834324228051691553e-21
42393,34938.7955044284505201321695244,52.9093345832551535190856946225,7.10198865074717418063097636687e-22
42394,34939.446855462103495035187049,55.9060476259016211003238640646,1.50329850688739667912981961344e-21
42395,34940.3392200837168379882863209,36.0342848134485536066827929107,1.95110510437051009235309648887e-21
42396,34940.9644927410403940814002745,15.9541006481879487044709384784,1.5644801174088914699017886837e-21
42397,34941.5008200925798194490345409,19.0353308004241720602582564362,6.92170858111700295600961580585e-22
42398,34942.3982077013491864308388011,7.69404856024710101721614505018,9.2324201326082310484115497744e-22
42399,34942.6788278517664180444041647,8.0457766825147086367069638565,9.49998813465464795582588524678e-22
42400,34943.2419825058059187039805805,127.584078999384256816558858813,2.26044577916027376163329781491e-21
42401,34944.9451497317459270505433013,345.449870043299522348436380708,6.72862973174649246981219863263e-21
42402,34945.5195484714162265907975055,89.8048724296590308652340985074,2.93847408435169839736501815204e-21
42403,34946.205947853448309561844455,48.0263280372690512959042117688,9.51029398602689370400777367534e-22
42404,34946.8572666409585901613076481,34.2263922589725059747368260849,1.3578987479305007466771208101e-21
42405,34947.6104679781937166449065703,19.1458119756713971932661619579,8.12331682603373443461637149048e-22
42406,34948.227134139488278595947535,6.99807697752730509383813888092,8.97198461780969838460651038588e-22
42407,34948.5496410090114955599663603,13.1342620146879501236250412444,8.83963420803772104742179287508e-22
42408,34949.8283345622119649982873435,39.3505388488500784445616198008,7.25997350054963905295788850734e-23
42409,34950.2419049449943801325242148,30.4243757999136622267566476793,1.37028299628452923472409795125e-21
42410,34951.1161723821774890599533621,44.0241927521587076130820260709,2.47504279363623513910517550009e-21
42411,34951.6417481506910503274597675,52.2506959076848086733180122109,2.84928573727901512586012988908e-21
42412,34952.4301492848172270033642255,147.758833733683616352373144852,1.4900698661750804346197653981e-21
42413,34953.2899595775019003221021887,197.895727616945125206330751668,6.60043817541367380438448831886e-22
42414,34954.1055085166293142412515455,128.169122475353646110711491802,3.81618147114854946116886600467e-21
42415,34954.785868833116465545357659,79.8412086769375013972434211763,2.75158902397887403196820345294e-21
42416,34955.3248714395220655502577196,146.150135698878348084717093765,2.98187481624524687243091710964e-21
42417,34956.6565737580245946537207571,53.4662293168852078378865771413,3.33855343003122614865092176382e-22
42418,34957.0957467653146676141759748,22.0589640191403820310875259973,1.68455741532739046343203086196e-21
42419,34957.9817208718637168028003336,3.21913153363132642382245901658,6.6701521103366961207289282252e-22
42420,34958.2563726276287663271120694,2.39931166903120515905226082005,1.00994918727114499127593213495e-22
42421,34958.8736015152717078985333922,12.2139841000478714217474409749,1.21201466913704236895566829741e-21
42422,34959.5182356374637846394027737,53.9522524138013619602065268636,1.85233711335727447401459048038e-21
42423,34960.6566560001304333527936397,42.1769264774989073913236265591,2.41568396756406659301758851167e-21
42424,34960.9848413475391766938955508,44.993045805249625104280255217,1.82833207158411734993670061712e-21
42425,34961.8660069481348246403568508,399.269999575511235568167822739,7.73069751502270145953673279168e-21
42426,34963.0092668476416501148829901,252.989242055071995151519676587,1.66003996175188337229102577748e-21
42427,34963.6049279701676238432912583,140.40336270039041160013105385,4.4395217692611444188704023127e-21
42428,34964.6599654999022184533415812,13.4348025995537499106442828923,4.78446268470527364138022872465e-22
42429,34965.010781457250404142077169,5.15167165964000120780142634572,8.02958156271433160199335764076e-22
42430,34965.4225888210810931134035739,15.2708473260378245888110925513,5.54765454657836089028675805545e-22
42431,34966.6273826174742472993358683,13.744857344443102700096688205,9.99260201750807169928522152987e-22
42432,34966.8837043514681748801712548,13.7319624545353129218796571146,2.14764119126327485558613027217e-22
42433,34967.8589633693477953067009899,106.754932538042122206198795405,1.8283188683660004231325567028e-21
42434,34968.8227777717607466805180033,22.8419113931045528465817862298,1.8477125824270339070102245926e-21
42435,34969.2242080871981144773071614,15.4551558950951146209383572854,1.61154593975130185377702521802e-21
42436,34970.0431232928010146579944465,9.4595868568587611493268138166,7.2860633172301848980214659805e-22
42437,34970.3056520946940870179008294,14.3972587823768984927110887561,8.67723148802036069680603082208e-22
42438,34971.3340940036727265926488311,334.964870921380517789477940436,5.53570879050099373329377593081e-21
42439,34972.176504214554202926400938,653.707181687936807340990625004,9.00373011641016257854302022607e-21
42440,34973.4125420400223853321448912,143.962636132365891696862156922,1.72096827778399931044537238154e-21
42441,34974.1429431496655241120017743,3.67789570936572803174304166961,5.06322866682013444663495380433e-22
42442,34974.3355268309297207639616548,3.14349886568231344807847482909,2.14275905835806956213651481027e-22
42443,34975.0435187624012739557054612,37.3850110767353353659358164682,9.52691521701563325081112402025e-22
42444,34976.0921206060861972552569773,30.0976826675613699793082696333,4.83248624007680778403717551821e-22
42445,34976.7424608241425447102117881,5.02768192970582589887509382029,5.21054451403728766579471474303e-22
42446,34977.0773161072067875240285731,5.24250865593369761940949233363,8.27717527544742346613444131102e-22
42447,34977.7329303740132605334346512,33.7203434364417003146532698793,2.10503563608544413859419294637e-21
42448,34978.4667034777654530578521856,186.020013643887654637922629665,1.23665059491300874280168376253e-21
42449,34979.6914189804511159627825726,171.278804177532436354495918386,1.49243151070888719741999409012e-21
42450,34980.1670159999111774933485679,136.593367999125899074321427566,1.33084807120767111666757637217e-21
42451,34981.2213506174592295727286462,86.3336534722501286331115353922,1.94114672468568194749989475986e-21
42452,34981.714625998931376041154199,57.4627753190967248922258419643,2.94683059219554027660083898194e-21
42453,34982.5959686484769684285710309,31.8051273962453578924284049335,1.0950592956349349955950540983e-21
42454,34982.9699315490214286184604583,39.5631159478906646988813229625,6.22600663065478757333048574769e-22
42455,34984.0695996316157510955600272,106.937573050435605316474060662,2.39657107391058981490168983838e-21
42456,34984.9102835365743643953925554,8.43989062640437095995157183743,1.00068220919818368798514454826e-22
42457,34985.1440280743010949987762442,8.75323503965817068723053101639,3.54506036219234267620684622219e-22
42458,34986.3493324188445580019657916,10.077585215718823067491022081,7.80153809992317748382494556998e-22
42459,34986.6741725051822974441202261,6.46579565355238863360788526757,4.58021530910069578991896060274e-22
42460,34987.3041479265396114131826959,21.9926879849101711207164524372,1.34238407101819289108049000585e-21
42461,34987.9556806361535451947276626,76.5301111319338877697357308065,1.93387228513880726127476744339e-21
42462,34988.9171015807980638661698062,168.032862012450555279677148766,4.66196564272212854122578075393e-21
42463,34989.5021944184700802249883556,266.482915699942293022547737575,2.14053610648710561479496348174e-21
42464,34990.5696520445600577529723357,531.075552024735102154765897648,2.87302651397373075989108942977e-21
42465,34991.4689834625537063335498365,195.847833379897688101664170159,2.16904277465507852723682452167e-21
42466,34992.3698368784481228757067735,12.8239292560985439673569219572,1.36401999415229443249433860714e-21
42467,34992.7265599254686427081415421,6.48681558375563711075183500411,2.45150585540011829348813862401e-22
42468,34993.4203378095134912631832371,6.47481722971708947240259413459,4.15780692949812860618583107326e-22
42469,34993.8491120043466702938068946,9.47474087556452660626203286982,8.66869449190196589371787918728e-22
42470,34994.5704485495507090943975972,53.7601820873771562458989158907,6.00471584582365728015293004424e-22
42471,34995.4545524353093710222026716,153.133685884334318617674979481,1.64885213744424874887669543875e-21
42472,34996.5234488856348073780493534,27.0204338691553026638023687854,1.52373504004245888162834360988e-21
42473,34996.8866210373299592321556613,16.1168841476872599221463683901,1.247076925154462453884760778e-21
42474,34997.4709556042762411630426813,57.9934748815990098386085520982,6.51692124495232205188636093779e-22
42475,34998.3271094951602105370621291,240.828840624479232592500802346,6.54263261863514488729545974842e-21
42476,34999.2809487810236389600879661,266.216094057404480021502010309,1.10463361325286617520164675261e-21
42477,35000.1518926610739117205890476,67.1565479220153634417220204701,1.48623316368777549436677956637e-21
42478,35000.6289818871559924181399859,48.2892492475001245774150266448,1.59617441088028008184839692683e-21
42479,35001.3372771332354331566178096,114.657995992867229116213397787,2.9403696842876527123694015396e-21
42480,35002.3584442908451070088566981,73.9116257848698681973851109901,3.1817608533170641456340447875e-21
42481,35003.0010226109680307456108013,28.3742059888756049930475047005,2.95923177809807220970718421846e-22
42482,35003.7691666046889281739184074,4.22339797060452406269552357405,1.23322366444517901756205045993e-22
42483,35004.0184574447393139665102956,4.84696766308230318957034644582,6.02823432265669954822507874321e-22
42484,35005.0955939630495276707608562,11.9481611516380022061515660355,6.24264167215711832296434561418e-22
42485,35005.4577226173422390282529539,10.4634453988917497511011401991,1.31206589505954653415288204275e-21
42486,35006.0611951579223447695656667,62.8827306635482699907567651158,2.44508861369234370073747745649e-21
42487,35006.8959473640814982007288324,551.958217320387639061566319289,9.1125162613327921008504206379e-21
42488,35008.3220545237352696684000984,289.624758401913793520304219493,2.15722199400916723362661864378e-21
42489,35008.9851621544380615162450579,38.1612734811457462289457248823,9.68692893163415812014599928265e-22
42490,35009.4486510583054275113807411,25.2911408809441015920608155161,4.85457395484576496453290339311e-23
42491,35010.1292650103893686420408426,44.1660326198038376087581962688,1.39448447009460948933199099242e-21
42492,35010.9252065170401546070854858,46.0373496762560047772243889236,1.87531676453535897487595743799e-21
42493,35011.629952080357838806531039,30.712708325590262918264351442,2.23706569527714740181529290077e-21
42494,35012.2368550243835680874268112,32.6713716112606312783452262258,2.88359245146077774521775506945e-22
42495,35012.9604517812034402229633865,54.0524827225712691868298013614,2.68937684335254445181191906508e-21
42496,35013.8800495703275985133070533,13.360957519699885766989997544,6.78838457085307152022586773809e-22
42497,35014.1295136798610580299020307,16.5598286925147693140370474352,1.40345393866078826150148166777e-21
42498,35015.4194065271783882016757842,51.0753565021008070142713320335,7.17420728001596856132483635854e-22
42499,35015.9194156771052892524559138,18.600379805234004691077573479,2.97278540467440249536596245121e-22
42500,35016.3759542678613510175241199,33.9641997777526216645789122878,1.59659161880435544425105745099e-21
42501,35017.081660528326000716735902,266.148642206931576585787211522,6.67791038077203272197878860173e-22
42502,35018.460285698581674228391271,260.957305203535552697826994963,5.39205057105294735160307162235e-21
42503,35019.0566594170758546951817164,89.4451823336298498902534083943,1.42822206255935160116383382682e-21
42504,35019.7798631697991662799743886,57.6730800867585499795371539544,2.1173213737388385727247626754e-21
42505,35020.584873818384928736520213,17.8392487905377231494346741642,1.9697728638421626342020183975e-22
42506,35021.2120068340133270902499835,2.21303166740783577746724188104,5.1770411682761550923784218011e-22
42507,35021.428985730025640604553416,2.99629757738605719354790465436,7.15165461943836675861605006441e-22
42508,35022.5157672748411981793977896,27.7420793306031092904265934961,1.98328497729032338907055544582e-21
42509,35023.0340409579925513317734141,24.2419935967608647998870231113,9.57820818719621178211772085098e-22
42510,35023.6310533539879514470378799,80.6031344776725670769734710762,2.87406033484188843572726606359e-21
42511,35024.7356372420103759954864307,116.577534245378749776449295012,3.09404508873695649551152122102e-21
42512,35025.1720950924828363836297333,141.744999619641254777925880784,3.56797675721168919783066709476e-21
42513,35026.3110228317229016160415146,307.366996280952255295347533171,2.96230286062748075365903920982e-22
42514,35027.0853530531015245265317022,104.354062865446566766039150024,3.65276685262325988249549073949e-21
42515,35027.7374915938067708453269236,58.9601983659350817701437567798,2.86703223879550119318357199757e-21
42516,35028.5785512084932532625611815,13.8666188851612420474558325532,2.07418021265683914614243332814e-22
42517,35028.9953233818285519007185636,7.37980406841052935776905996423,9.50916618486936870644592658953e-22
42518,35029.4028125756267352727003834,26.3661326645643362396856190782,1.92290078159700678611889377335e-21
42519,35030.7624091657724795329772476,117.42642064075077485018170043,2.83493423315587582193793684039e-21
42520,35031.5573005964073322391152856,10.5658721963523722571649766482,2.77550426027696083327053366218e-22
42521,35031.9737315903653828865380097,4.10915011652047360012216710245,5.81791075972948477646660208084e-22
42522,35032.3915505313168523859119335,9.25776890827467616799489916029,4.51329717429341802359368257612e-23
42523,35033.262019972329687242861895,38.0206203939955510566572954192,9.43093060090956076967728873328e-22
42524,35033.750137068480777070649934,87.4180250369022106802973884391,6.9207459157840051710700873454e-22
42525,35034.8349464273496918101536484,512.022315591815076993517243535,3.50132167378265732576512504974e-21
42526,35035.7370753889565767621092175,346.733965787468490697457929789,5.49158025404880427267347137865e-22
42527,35036.5206304991092742794816878,176.539005911329776853922324056,1.23012390054816035601596814753e-21
42528,35037.2763190194370251995746521,94.9714543936496649308306102281,1.48863470546958317582876904565e-21
42529,35038.1806749293571423006417631,7.85063059457695982259496396698,7.8957385597729070713810799276e-22
42530,35038.4473002781215791577993563,6.48795382788449428845307335662,6.52716474035938669696222105226e-22
42531,35039.3636985280441270513155062,13.8147171791844172387949203607,2.3911652099245096691263893432e-22
42532,35039.8723639097794827277890909,10.0709918167956230631382852058,1.33687258508510727284256442076e-21
42533,35040.4128608955227995251617816,25.9316789432902021266787089069,9.05939432092479333657614828221e-22
42534,35041.2390668199552790693370347,119.569899440907373885936099501,2.31155723205913325676903729712e-21
42535,35042.1349587607895029474535692,179.528318252772880512981135669,5.32635839576562908975149607121e-21
42536,35043.0205947816570498613456257,48.7410379096602605343742635877,7.35853193381849554037244146949e-22
42537,35043.3628227839186385805972036,59.4753023000095530409823575331,1.64596721715591893302456461279e-21
42538,35044.6336504391107121951833019,66.859826988492780572234508285,1.27012336202206125880249238241e-21
42539,35045.0685632469973169844599704,33.5133031241993496386139735289,2.14802621951712625812922859765e-21
42540,35045.6263250807413320514275343,92.7095794726085366155121462593,3.77534616935566722467279989681e-21
42541,35046.7201532674388476828033519,180.893839315576522507377648095,4.68844927716756899046350948108e-21
42542,35047.5550569248086308350014625,39.0890143054460124691864628696,1.02542339415607211228190591081e-21
42543,35048.1010873028492905422986605,17.5822673780992508415018208965,7.80331779699522848407186879013e-22
42544,35048.7268998917900106715861485,15.6229200519882336842332388653,5.05537566853229278714489745874e-23
42545,35049.264138199980662087955127,30.0241275519278202771030100875,1.2912290152772961179483562641e-21
42546,35050.3336854286064176498987847,25.3753557897438197518075624325,1.17247678266001537443346349487e-21
42547,35050.8896500495755035394210359,5.91556385966755428014797074495,5.81808257080782793895187418979e-24
42548,35051.1882327483808909152260016,10.1112255508895708171799214496,9.51591881233959049580608438729e-23
42549,35052.088466521680328332577226,173.031166434304729205446897678,3.54207247779018199397482558573e-21
42550,35052.8313672132471476892992089,640.024606081583632442556261722,8.04799571957057504775424046406e-21
42551,35054.315068350295734113066004,208.872785348628966291615012938,2.06659031848638858032571816557e-21
42552,35054.9770072864288298241400541,14.6519355106541078039045616244,1.5356735382739295037970669643e-21
42553,35055.3489946514807153592488241,9.0332058857416144812639082319,6.00301173016360164566800749879e-22
42554,35056.0158546062227897430657572,15.7574628771614917052464205282,1.61892047990599054033192646872e-22
42555,35056.5883256472611241656712519,29.8096333765134924998759063195,1.58742109888065622359676220115e-21
42556,35057.4958787069827030974833436,49.8886541881442141889915031918,2.70781746044636902769381355115e-21
42557,35058.1829822901318603687043599,30.252204621791414225306854269,2.25516008264518042108337567592e-21
42558,35058.6911132051227070814558367,51.4284968677724236026278944557,2.29687005361911032877896252332e-22
42559,35059.8346527237127906493243583,39.0927623939365720106550611774,6.30574121828807853184443129296e-22
42560,35060.2644762621943554385097998,25.6857034029196119927860552263,1.48062134951424703587159590254e-21
42561,35060.99836637799378428626781,39.6499354508147867345913092666,1.72676657436104981217147169488e-21
42562,35061.4682831540872921883854483,95.4351683276979089929935307678,3.41135014830026740133472766026e-21
42563,35062.8257167531883338070611783,121.864249567118362003130166665,1.67526356444790276665461760044e-24
42564,35063.2706637648969816397368651,71.2831007681280844156603830308,2.91311947567924233004286810243e-21
42565,35063.9901860867975697996144661,161.484397315205886824214462726,3.52505627926607416742489427744e-21
42566,35065.0257701149314837376920173,77.6958379701648188774818007713,1.07681918557501480353606513404e-21
42567,35065.540876870600587351400949,50.2019285431161306162586284894,2.50417749576833568458939015998e-21
42568,35066.4661884632551384265673925,26.858544267553287644202787481,1.97854887696391947697941250224e-21
42569,35067.0983395154628181606690567,6.89854036325672248958543352255,7.34861605630510668308531923194e-23
42570,35067.6094692058795758835100364,3.42953316950927997233510011565,1.53807590045175504104468226895e-22
42571,35068.0010585959082190941655198,7.14046887477378028167023175763,2.67875918506542605214768599122e-22
42572,35068.7508849651159943373510639,77.3403401134001187706331389458,3.49630454825662396643589439212e-21
42573,35069.6674507650238607584090442,324.560689799724250856672317119,4.94353721970908963730970977508e-21
42574,35070.6339926541135660747770341,327.554461734056636826437416065,1.31084074066382291079883941916e-21
42575,35071.4454690307848936583198442,123.852679114710995167695898358,3.02255104208671887408163287068e-22
42576,35071.964251427180548082354445,133.769046670985674637261923455,2.18634296675867701041819208991e-21
42577,35073.0940000917425123800851451,66.2056208280996456419622570039,1.73241434272155748355907316003e-21
42578,35073.5996049887311920336832549,30.3094854150578406174446284091,1.79907871485295126148383065519e-21
42579,35074.4069440848435538671478863,8.59770499079491907032095769048,7.7328761130226126786939748102e-22
42580,35074.7060982476094737467637401,9.85600380892908691440075045618,5.0125624978919801032998731709e-22
42581,35075.5553057036498539318584745,87.8626419874457856891515287457,3.09031794461655502910718994437e-21
42582,35076.606631129956300849780367,34.981270405065803457942993271,5.20117885876045886460085185174e-22
42583,35077.0156648571894439110830784,28.2473859930950268210946187182,2.82640365565312492373494528705e-22
42584,35077.9794367839933871895588491,24.0402489306588911175791991649,1.51427889393909320097197442026e-21
42585,35078.4415876823059868882469663,17.0252613337844910814514161724,1.27972612873423195594655363416e-21
42586,35079.0307861850803488335532724,48.7618305952779490653857748265,1.69263718354648638165690726906e-21
42587,35079.8892729745019708008947445,138.282024251697126244411775972,2.19335392728504614579577266175e-21
42588,35080.4877881822507758044330639,337.31384178501889223944558103,3.31672090507353481150509711238e-21
42589,35081.8333979032970395573189597,373.112151790986378859765613471,7.05800197564166245215072194989e-21
42590,35082.6184716299178152032691471,42.844695376223248815802463839,1.42597220382020797597277928166e-21
42591,35083.1193435041678771535959899,18.5063290578020775502987081055,5.20624915390816796771440132671e-22
42592,35083.7536004336709679388367287,19.067464350188491838957385864,3.52355514961642484728582057421e-22
42593,35084.5528050241950438287878857,5.3514087855974825042327571518,4.01895841283923647057455134071e-22
42594,35084.8260443899218763136489356,6.76661691417051779845313572081,7.9577751460098832701715536906e-22
42595,35085.8012742097259487788434022,62.5134417660909976856946403185,1.89119742464265553105243209141e-21
42596,35086.6147142966100174610970101,37.3094268027479850740272602466,8.59448457381864442267312071785e-22
42597,35087.2949275130241681077934486,3.9996478913005180485960932494,7.95026035423715059228462885034e-22
42598,35087.4335696570855324896427004,5.79532818419895910961994113056,5.35390594987316892279482442739e-22
42599,35088.9967861067523474086510947,287.620319890979315611220825598,4.79522625928791626821774934095e-21
42600,35089.5971048412441196678573696,134.806624102081212204988496717,3.13152036857890833604472556326e-21
42601,35090.5092319025218485615024317,27.639033270231863321824747627,4.81779095980734106331075074849e-22
42602,35090.846697512525187022977444,24.9893345873377193332918604542,1.9936362357483113338317600002e-21
42603,35091.7830334395496952625411437,50.0840486440102014723407348175,1.80433527624023676988193433473e-21
42604,35092.2470832032848370487835671,70.8002026107119312374796557081,1.15892275349387512655949577039e-21
42605,35093.5243046280173350349717102,29.9805278683582916654586626126,7.41382366178215804875008590154e-22
42606,35093.8907315927053291841603767,17.7005285692798622962789832674,5.58716691783745256456339135642e-22
42607,35094.792088392957334285801973,9.66461627899145323215816538982,9.7568068852426455337984119388e-23
42608,35095.1732758439083290322728622,7.84947992104732714051044290915,5.18561232650421146811343740333e-22
42609,35095.8060868647685790716939316,32.1641745346811908838220463034,8.32268413577506221104800002136e-22
42610,35096.7460721917122317100615413,46.1937035853108081099122407403,2.31454359470444489154823331951e-21
42611,35097.2368340201969938086209047,53.0083952823604450144038857388,2.43661707342145519663165473049e-21
42612,35097.8836080873400793261655413,293.279856939989663226056775505,1.1785785053340812944934446824e-21
42613,35099.334983169333114894184913,271.602088110581503524934816249,3.73455787998435281205381101814e-21
42614,35099.9238706446364002398014986,71.63573851902415667658231064,2.94442927085186341561847771407e-21
42615,35100.5107599281604418083313358,65.6599683942473964478669427184,3.26880852026413738968248795083e-22
42616,35101.3990516498416317482075169,44.9993282893909073208689771694,7.22361329408179027964101935549e-22
42617,35102.1849648194735409563396605,4.1340560717312953116846123725,8.38509536764919462183498909897e-22
42618,35102.460214158868214999990237,3.52087523799985528659717251312,6.360179542858685563454587454e-22
42619,35103.2032323512828213145769676,13.3636226613024571241246179532,9.75924242668164310281213484479e-22
42620,35103.6506013727321583150828412,37.2914321881038083623469879942,1.77541521999195065019869377078e-21
42621,35104.9504200263062958490241371,115.295160038307835682706721695,3.2156618236378672706186470349e-21
42622,35105.5287619240418626953027796,59.3536534790527130623199603191,4.58404833431111562377582256661e-22
42623,35106.2836093275469915801144014,41.2942098257398317296567518898,1.70004929777896741970206108566e-21
42624,35106.8265808112383253724274593,40.968707637797352762833798661,4.43788539821656299843935936894e-23
42625,35107.4011181521468973855094438,146.042802757297643673216952377,9.2942086056542149205985489421e-22
42626,35108.7069645767904499757396921,184.027481234329532921577326448,3.64308109042217985828114657014e-21
42627,35109.258487815356976065876519,88.5215195253934400566189093366,1.1418353495103669387503904866e-21
42628,35110.0383846325637951095164702,68.7530977579899392327675799161,1.197815576493737889024830394e-21
42629,35110.6793835019769252717928346,59.2318203904770187394337489206,8.43705378063293588071651156299e-22
42630,35111.4923197704579378466524738,47.217097222974348548022438654,2.26563532933955375859069527639e-21
42631,35112.1633414615232688819450282,31.9196980651305873670521550699,1.63152847657481069423077146725e-21
42632,35112.9863017307020038592962748,8.77681584974137180864703252079,2.82915209996159390516114789452e-22
42633,35113.3834976069585891272619669,6.64019559407262251938603838856,5.71952615479624176182560264729e-22
42634,35113.9973223272871375402093616,20.2587951282307262092758945866,1.8763381522988972497826634656e-21
42635,35114.6682797292514152465055527,71.5040607974889160940223964141,1.53721117743551582851192877725e-21
42636,35115.4347560480291251008862013,322.682871069957131476954303434,8.27951215597187549788227456043e-22
42637,35116.5191508528021600252875826,646.918539749022712417255577064,2.82432744410148578170876400032e-22
42638,35117.408801179765481995082167,297.466519199721228001326175614,4.2223056172752673958536257761e-21
42639,35118.4146582327122849401261142,10.6285025143004978097180933828,8.1521033819106406843658223892e-22
42640,35118.723295198163962406227854,4.23157158752917093159154254693,4.0271344226012612852842325821e-22
42641,35119.1561978173716963727763126,12.9769812222340657999531981715,8.44048387540339394850528609372e-22
42642,35120.0903415379516005402625229,59.7162683140707908592423773387,2.65955817400736845423840310294e-21
42643,35120.7870735282622522636550003,66.9911840542675827823971422921,1.89170746876522447679523737159e-21
42644,35121.6677407268066113714329158,40.1788188193160649726810096215,1.49849738328290108948305719971e-22
42645,35122.1970095178430979622576394,34.6604893132419236999344080291,9.77943030995723944242581028771e-22
42646,35123.0926295457518559681263682,18.3562752821196044908729713952,1.41318170766941241616936242434e-21
42647,35123.4469153064089318742253735,21.3760861155051363505575845125,1.32387993901301118895121774379e-21
42648,35124.3198891461421838160088836,130.903426228596008213530734735,2.28385543655335049408948534095e-21
42649,35125.237459201889454802011638,92.7495492049926382397720901213,1.92139397426506983183511564479e-21
42650,35125.7416842103203172397102954,101.542352595619404785110551793,3.45588597076976669260548258653e-21
42651,35126.6012693063461605610801187,270.594007122143163698369000268,4.59446484419982671237258984922e-21
42652,35127.3894816099602652214421374,420.11613741212512145130990007,5.27066881795196076914132361056e-21
42653,35128.8145248230675968744378333,4.8244030559194026063438123891,6.95976218200837083312826074864e-22
42654,35129.0944605800742736012792882,0.841269551235544221188310745953,1.39347767478699613684568146863e-22
42655,35129.3473685862704318816639141,1.6624370302057228032389023531,7.79647731668050876540460091033e-23
42656,35130.1564996121111417256713338,26.7640514032742078492216870011,3.49842007660715170701127203213e-22
42657,35131.1485299015483236106577015,7.99124467985387943285484081505,3.68114801192611377246105369588e-22
42658,35131.4250278683699711851271284,7.81937195403653369058610650611,9.04333808536279049408614644731e-22
42659,35132.150601524091393199145464,86.1768287782005139395512675966,1.3622001460069585520978184672e-21
42660,35133.1910351222125336849962457,183.194731130664509170196041786,5.22456829292530745638639612408e-21
42661,35133.8512405728820917454217353,159.099597287517754175009288165,2.05158902874493737486384788005e-21
42662,35134.5877523340117331483703402,272.018336612896063579360382424,1.34031886758931020342258838794e-21
42663,35135.6076171566765231016245475,188.38105877787147040825270529,5.09694545233970382291508015322e-21
42664,35136.4279684708836982925920442,17.8780084731585073060162477776,1.69898652284095068839714536811e-21
42665,35136.7204236440928731188540679,16.808495385275008673312252767,1.69290720920875818049502645149e-21
42666,35137.7017271174735499679424352,43.1193695322531629370159751765,1.25978931403165489361172605217e-21
42667,35138.2550586564184778791223126,35.2675017726997830373444230906,3.54302836419026025234480768197e-22
42668,35138.9573364996258912045191556,67.0430908753641813177615743729,1.04539589925781026217166514614e-23
42669,35139.8154249896957072131267489,83.3050225136711413339406750777,7.1799025828489417072174250458e-22
42670,35140.6994249583387824057409642,20.2977604251327589933422190676,1.24011207365397436226203193843e-21
42671,35141.1624259207512366821114877,11.7803183662280338536604860156,1.20448552342975289705593114843e-21
42672,35141.8515400545261320867230108,11.0838358684395098366838606843,1.02565548820245757196334211983e-21
42673,35142.2899879508076309852232719,16.9643784895954905590044852035,3.34655722348589140033874768459e-22
42674,35142.8605996097646403372572946,149.688294465683023653064885691,3.85678797962827898821043161995e-21
42675,35144.4363763213645174470824404,435.034537874798072639686133942,3.33257679331802538110036057437e-21
42676,35145.0582339581053652898353707,138.694739250039749006969140938,4.17565431933403814791815564187e-21
42677,35145.8850545130941801592541373,32.6238126365113227145734869659,5.34845649337517573691869303992e-22
42678,35146.3090864339694295993371793,26.4955419952773563091719821452,5.05881866236768724075114148513e-22
42679,35147.1929404527823707462220485,33.5319430869629642999607460963,1.40039332726088323836317355324e-21
42680,35147.833465015382100177612203,18.8888779559969566823163906539,2.02895873988793173261629078502e-22
42681,35148.4622399638193168686718592,17.1301105676741751621740805576,2.93773796247064855793492060069e-22
42682,35149.2179588296223387825783275,4.96883854308558711274717357541,2.02086207272576570594341975471e-22
42683,35149.4337401242018766260261537,7.65558087543187095399152456763,7.19315380807541188917990861732e-22
42684,35150.6974621480915189903300139,168.906204632092604550183961793,3.13736074033230662411848315353e-21
42685,35151.4030700893616381488693409,91.4659360547567778557822049429,3.10028358230647004761077530297e-21
42686,35151.9910667590150473894644068,127.498819059140914690677089763,2.49191738325209895789133675384e-21
42687,35153.0306935479023027681802595,88.0009029090761040083766078268,2.26472587415181616509865501926e-21
42688,35153.4979437096480771761552804,74.6451393545125621064554440218,2.95104557463532149725723108067e-21
42689,35154.3711907560153942850999195,137.688273102927003226648732099,1.99030209216761331317021126873e-21
42690,35155.1750641893595324338056683,69.6298187485827779494280919429,3.28529918855022672038868142644e-21
42691,35155.6788086951220022059465988,87.1719867944453191825976666779,7.03225933449497083832600374098e-22
42692,35156.8904996134792144254916543,36.11398001890362952885765925,1.28739347479937762402195692038e-21
42693,35157.4147221266490259260278995,8.51233450899400482090843897491,8.12867524143248070563860751787e-22
42694,35157.9120111214015354426853905,7.10314980481762344686883696512,5.00637937309662290614171131393e-22
42695,35158.4836916649372219745030433,14.5924490642609229418444889722,2.70765247592401921136418068553e-22
42696,35159.1489223988096225373164298,51.4357281689919257635962976152,2.77110032672369055985663982361e-22
42697,35160.1980413400811533971822514,40.417562320143499778492277102,1.90381775998727195077520657383e-21
42698,35160.6186313786394643007167137,32.9089512875054395534562022472,1.76388994079448552117902050301e-22
42699,35161.1872208034740931758571124,178.79585385007179207371865197,5.31286816924340824709049913604e-21
42700,35162.4959451766468685712320508,749.672061032746450972486943399,1.88758927573950758970586394548e-22
42701,35163.4883233576676301852844788,75.6308292944846619613778626355,2.78651050497601500088153835036e-21
42702,35163.9735763298427101707451211,29.4136447335917162946931145634,1.50677033017004587847102098865e-21
42703,35164.733020628114796534791085,13.7646238939907248691848992325,2.86588593267229049229932282421e-22
42704,35165.3100749002394188173888983,4.00507100637486239801748192868,7.99896349866167206768846143681e-22
42705,35165.6166309009140244369063477,6.76966837325646381426054314217,2.17026023400002571659285391932e-22
42706,35166.4994198033117595248036909,111.786031243755991050998200381,5.978873436671518752908854608e-22
42707,35167.6610135062661054872471184,50.5406142512978812406070698831,1.2039394703634218194252623515e-21
42708,35168.1735029847206388142627293,18.8075783494641377419602597871,1.09247615350220632853799926594e-21
42709,35168.6969283806820819476051136,28.3984375838680245371271860433,8.40971813386872959304326241916e-22
42710,35169.4637966271177100176601273,74.5027419049308299150084933497,1.68498479262247936206397367797e-21
42711,35170.202048548817249443099519,123.450086427950513845107099106,1.22775466028704505935112842413e-21
42712,35170.9793593302399148825302956,190.457533074610701855479188066,4.96130902426963231234967110365e-21
42713,35171.7522550408818581678946983,280.240432720783177195897862903,5.13487770821066338666079037695e-21
42714,35172.688282685325705315963725,226.943759943466727348473527846,1.13435148277643957800403690549e-21
42715,35173.5752572817856143626730194,29.3149743463820515327279145934,1.70789307231377931998704670399e-21
42716,35173.9168394729667404787717122,25.3390796423586777570685692113,1.33807626115009676691289788575e-21
42717,35174.8948290033377423871422574,47.348293628952884701263361296,4.28236571944165177362673546713e-22
42718,35175.630508199690528590899997,11.8795691180549676209400323537,1.30356711655312475086837349047e-21
42719,35176.1009310622029622553737174,8.2933652642385295787205516017,1.20325483135803150524554818623e-21
42720,35176.7263988089063258402376189,15.4399988653891750280475883981,3.99394786270583749187683264703e-22
42721,35177.4510573406257610216791791,18.002126962626882809113286577,1.32101822146492819849503492619e-21
42722,35177.858188415614352734014834,41.7499432134124587557987971592,1.48948931501462584081941271109e-21
42723,35178.8854088411221430790431986,614.608899919892959689943812431,6.74217069297824164440275230401e-22
42724,35180.1256394107403752711627705,210.261634410520750357773671104,4.04848507450766691939006815758e-21
42725,35180.7388772807679495291240604,45.9734955550713023264464845902,4.18331281941286868043707972602e-22
42726,35181.2411229939839477052051073,41.6438714498775541897144914085,5.39702212487402789784896006758e-22
42727,35181.9596728336355384318733759,94.4011965120269500872176552084,2.27488783072041576831616635736e-21
42728,35183.0445417253191039035962945,14.4808557138340221241603456847,1.70599132735967268099737969449e-23
42729,35183.3200314276737054290198793,11.6920808161293373932831224183,1.19012789422252439297744761403e-21
42730,35184.1749377315585624280623059,46.9135663119094780644053475465,1.87228817666516667030139871939e-21
42731,35184.9077198234290340301898272,36.8140076006696566435019214847,1.88159004751577170329479658208e-22
42732,35185.4724714507456655485288871,54.5644080214911857750402689016,1.02745005209516206867448523139e-22
42733,35186.5307849613714345549088235,38.4948762311103772125580378837,6.58432965633540935495250213881e-22
42734,35187.1340173032695525486982553,7.25831848469483203950117000706,4.98930463284342037088577736753e-22
42735,35187.4329726445315691806016391,10.4277824866577017191889474372,2.98242966227791108246984181039e-22
42736,35188.2915417143564580190825536,130.339126817033843696536057106,3.89754021199244633003025213946e-21
42737,35189.0882699360605507578851594,347.343241844814710684886948416,3.48779432270312479557791234294e-21
42738,35190.0033725341117593450463783,665.432369242000834097813775329,8.78268133345086303073170555149e-21
42739,35191.2554802233865625659757237,39.5654308712198836650997341464,2.37107772510242522131545737269e-21
42740,35191.5955115685269266986497315,17.9742627668115796461025796032,4.00243665758876803942076674572e-22
42741,35192.326061026911994361362908,22.2680341881272583528298883828,1.11793003022003207062032299632e-23
42742,35193.0289687402338300401576007,10.7523477466135366126559577782,8.35990824933245994046855517842e-23
42743,35193.5521195526246874128346561,8.0414083807451089911179629224,1.02847877883520895083196673355e-21
42744,35194.044861034754414890454834,21.731578215521223175014252171,1.22088885292747943175249987344e-21
42745,35195.1278250620004750737079021,35.3021458204123201765898972694,2.24442216908205756917754149519e-21
42746,35195.5050272244603284116814193,43.875853522284200876104957508,1.77886705804722754294482463798e-21
42747,35196.7151674215420711012816221,33.2472520123948659224234124486,6.48789295754948649226396981351e-22
42748,35197.0028613639192790404180737,30.781951009630360144938712044,5.61434762087427690564915238943e-22
42749,35197.8066774673328568760108225,299.628016327462607139673411343,3.04886015435531422951197748548e-21
42750,35199.0436478567692594881539577,195.728909860581524246157555134,5.32914843652662116328915712639e-21
42751,35199.8630925635969716440693302,6.65269218304600165131054260824,1.00722030149250035661216987215e-21
42752,35200.1370514848443543492071118,3.27040421480518122937656378714,2.25735897853555344593333502511e-22
42753,35200.5047600548279968979362185,16.7399522783278597862805707008,6.16972942042756046569755496577e-23
42754,35201.8560377090383163940648127,153.311282596736175668740932858,2.00286149433277462253023845087e-21
42755,35202.6404989412680479637094648,26.576198656333753652752619358,1.13757113684391029290889013136e-21
42756,35203.118068546955153888925351,16.9792365513049059392705043133,5.40584401535259237675500726771e-22
42757,35203.9205081326188517523191832,10.9569529458590883278183800765,4.87994561920129633572449322273e-22
42758,35204.3791926514905234367512208,9.64181471471236466164785749559,7.62085766631976904718032883208e-22
42759,35205.0093649855141472447359301,25.4695665996257836792374141569,1.79785973595872279806850995063e-21
42760,35205.6290921032162747697344773,100.261262602217262065645728647,7.36056046467967761805176256121e-22
42761,35206.6641075375287564842332235,366.684559097953900195573768308,6.26081968944449752393407321184e-21
42762,35207.4005765931531931766959965,466.807160026729112010948846253,6.39852464756013535327729177265e-21
42763,35208.4760158248993151660366438,263.010407195461106657821933865,3.27714200199096188063037879417e-21
42764,35209.2732047462005965740713589,36.7823601695411503001021304658,1.29070497059678315014816054987e-21
42765,35209.7411620344689607921115017,20.6143826411324345347611432404,6.22087124477424239570016628122e-22
42766,35210.4522640921745675654044496,23.376357862140373540211140076,5.06441957538600876253086552656e-22
42767,35211.1108788936686145777151567,20.8735882355347521645443638118,1.41086770315689690767684407412e-21
42768,35211.7484955066992276225907715,26.1282376033813665433548423178,1.24563700250301868554490339217e-21
42769,35212.5208174437245826674711753,23.1164785860721479567576448749,5.08041166432323991114327712396e-22
42770,35212.9665449376100526402083206,39.5981613810105334661331377513,2.58513943076886651333287155167e-21
42771,35213.9592700180635923205560846,194.269481855079173994195068113,5.11228453328588282661282062218e-21
42772,35214.9564909103785741646019713,45.4256978622791696571693929407,2.79273535006047884202603196544e-21
42773,35215.4182260987105676532917906,20.4661303190397361823496268077,9.05299534684832712215845706169e-22
42774,35215.8785443959097349711089702,54.1266890414709475752712383639,2.20612415042973730067186073545e-21
42775,35216.9971422289291651451325497,167.370793561801367018646015304,2.66402171722075614637630948557e-21
42776,35217.5301521455225432860105822,196.086605158769267125350522442,3.38675627930375576406543538829e-21
42777,35218.7286028781277180823862988,115.132888479324072294710448824,1.65387238922108035318509370858e-21
42778,35219.3139261320005378109692151,36.1716713019315170786717765518,1.2229274866179595057043221169e-21
42779,35219.977665911027084130605295,19.6376761803419911666243897281,9.39679197575253410175765851584e-22
42780,35220.536959012142874574051613,19.3672850551135221185941550587,3.23842335156943863803125521674e-22
42781,35221.220058931802684620077535,37.1830571592338668491243318985,4.06611085712004086472089619141e-22
42782,35222.2184550749496568919817509,8.552586418024660025750271432,3.0052165802041012366394831406e-22
42783,35222.5224584011767807609650302,6.96028190549970659507167028942,9.1371243664762651621482696923e-22
42784,35223.280308511263545079074601,21.0502920408087260043174087522,5.13753551877534496171287642766e-22
42785,35223.6949819344022607895513546,56.7849339253949106353317117406,2.73421454416976254917950716265e-21
42786,35224.8384576328758152720906708,861.381293653149343238073088288,1.22786807262100216757913711218e-20
42787,35226.0265626374335597808969616,211.296232782189543972971405448,5.19392994727422373158202985754e-21
42788,35226.6288653349281289881323649,53.3816675892356415156732068044,6.73538810653017653514510167443e-22
42789,35227.2218188888536607257317087,38.8464414202290970674198212011,2.41916119599694824235161026234e-21
42790,35228.0237314492969472936199972,17.8335713780214544346955701052,1.03109918851626384126278425697e-21
42791,35228.4569566025582068388049539,17.9690188930625484355232731107,1.09624343301578244844831973834e-21
42792,35229.2801885367659328694710718,36.1738920739601693730955445663,9.55424449125318464986682389302e-22
42793,35229.8104693032952008592843769,66.514665410111341686784497776,5.92867005308709033922975702464e-22
42794,35231.0917148070849805422761353,24.9665461203460313468332513842,1.59825885150255996337476749391e-21
42795,35231.4972445959106445056378632,9.83427881555873910638441985968,2.66451464508836709452641083892e-22
42796,35232.0541206915796832694783212,14.8234808679735860421179414249,9.89299135180898433400297333824e-22
42797,35232.6047745659883382758271307,48.9430867564321676900981741315,8.10460649874057518888886190558e-22
42798,35233.7236241090865680634430666,59.9067115557477460159355476337,2.21843943490399540228538894092e-21
42799,35234.0536166588357351969270303,77.6169606902521326591321688197,2.33972001681771629990316553989e-21
42800,35235.4069801308967994457759111,103.782331710277310184360681317,2.42085582347806206073146167929e-22
42801,35235.7702775860653917879367718,81.54840579430612641581492653,3.32674739230204265575864565231e-21
42802,35236.7497839784338832942927623,175.976523916044408652737719393,3.21921247095703870464565525654e-21
42803,35237.5601662654431432305550697,74.3699414615897635858100844307,1.73120549700524913620669431618e-21
42804,35238.3846962669454749576661382,11.5397083553299599314867045141,5.69050599391999512901562397075e-22
42805,35238.9478015539906147739390988,1.30366495494833938632945880597,3.811805477468387332587699057e-22
42806,35239.1898725848580085261896606,1.53797302411995090111527630873,4.91902596477142440194940259353e-22
42807,35239.8443055969867513261191832,24.5972292473932979519613255655,1.51846128739335667664861034745e-21
42808,35240.7735187510535918314834907,130.55355832181738409026823294,1.19232835207838849861413963242e-21
42809,35241.6097386242669901575328196,159.233100533843027775832084193,6.91845412745799855140612686518e-22
42810,35242.3892549295000159678858027,117.571936736892939261414878772,7.81176049610484059017272362105e-23
42811,35242.9485541301056711741086091,184.128049289291629092112499279,5.5983686555349894818888273351e-21
42812,35244.177116190227267633215036,75.3404583662041355161345339297,2.51671007779153361166729026456e-21
42813,35244.5582422244366693205803773,51.6675506977095030497774761869,1.75923850284621693114168978797e-21
42814,35245.4672358091691766111483809,71.8212424487838232030961874366,1.45994322098049064880302520557e-21
42815,35246.1043969494177096078900663,48.8996818545517767544180935223,1.50111652387545104842665331031e-21
42816,35246.8947140410902920314991453,21.8056174585461918394376075067,3.06000851967364130735347959126e-23
42817,35247.2732604781468300873704488,30.3884070211223635288500269302,1.17275756200717022801843045886e-23
42818,35248.4613937199709897019746785,52.4241276359861420393475549433,2.21613474307332990702602806005e-21
42819,35249.142376719240104936819838,4.90729541171054321687886792155,7.63277606124947597411598591251e-22
42820,35249.3757300403088377806278905,5.91191554367573910744337525608,4.14438440958372070066062688213e-22
42821,35250.4386573368191421129651037,38.4621010488692305178774972813,2.0168104877624119657245921039e-21
42822,35251.0576423667342200630333702,17.2147268964060500961516588141,1.08847358946910766744376002433e-21
42823,35251.481882365215368259706944,28.2822607043336231379206045025,8.96875493202404170663563725117e-22
42824,35252.1298989164152943257334447,301.465001595016892397129872154,4.6578833235847591427088605319e-21
42825,35253.923192076848814532498844,66.2297844399877542804021491081,1.17566764560218477117137006965e-21
42826,35254.2271768083552507052524329,29.3298060570803884508021896857,1.97847588959072580791574319244e-22
42827,35255.0626984420507384821896047,19.664683658510807574882423057,5.97196762254037804147049060546e-22
42828,35255.6436906987940683290692339,4.35171904970998422047721919186,5.26374800652968034934320622087e-22
42829,35255.9175208326763467682468659,7.20077177374627632049384606738,7.81260492021386827265221065111e-22
42830,35257.196296797418097332926853,19.9808709861396981894550837645,1.76744651053050899109814730915e-21
42831,35257.6226994933207803238475604,9.57923168402392158372636722308,1.08553476202190587597189941383e-22
42832,35258.124237289328904586818753,25.4245661408796604839670350561,4.11443332398277482664146366934e-22
42833,35259.0573347083442202665577553,89.25831150394460567637299331,6.87689397447342127626001217229e-22
42834,35259.7334402361718371695495645,110.305049774802887482360252597,3.37293717503070125053491862517e-21
42835,35260.4991570525996578733833221,206.288823782859337944130784866,2.11467707530015393143900813565e-21
42836,35261.5432405557616409321893739,63.5285382200156354493151409075,3.37537049162007606213395153776e-21
42837,35261.9173970079361683624817757,56.4736113039554558939692545973,8.21276273192917329803435356888e-22
42838,35262.9407487298518425899600675,69.547692303232672220726275996,3.07014120406972490164611789143e-21
42839,35263.3832368222567986791676265,72.2658571936930437451725965195,2.23119817905875973256795831504e-21
42840,35264.3566341417657490701593632,159.689292603635040851402777055,4.26065026551261603817605379703e-21
42841,35265.1822507172193475347298012,68.0687212682857017706436571807,3.26953924425224496118378592023e-22
42842,35265.8824087018352642757782746,24.865297639915806566053076789,2.04150668446161979753269756377e-21
42843,35266.4770146699850268002512724,15.7108120001162208828435519829,1.32068262680811483899504771187e-21
42844,35267.1482626815921825950848181,12.568783743247246148601430311,5.24466392850762050674119728964e-22
42845,35267.7059404041740402234999393,14.6664009293522480435381640131,3.85827768848823579000585475421e-22
42846,35268.3518850202720798733872432,31.5593051685675760758214979993,1.96930800971489478102437628427e-21
42847,35268.9686985971799090408963899,110.394543662544547743166574406,3.15164287705822407636906635161e-21
42848,35269.9704239972362774404879521,465.282372540814729893110661215,6.04545471384870865459387314773e-21
42849,35270.9619607758251249018786415,203.797314057568170150559667284,3.48826378510610802090422364318e-21
42850,35271.4677175083974901436637655,189.923106673071132171630598794,3.42290433141640300591720340313e-21
42851,35272.6476246713631044295736599,79.4832260200531689044756192292,2.36027394414787818194276429579e-21
42852,35273.2247158817841170992501941,19.3198892796082073332459717706,1.13341771706929946670726639231e-21
42853,35273.8667868875390973578608855,5.12840721106982336178456194022,7.9662751706366981540172786255e-23
42854,35274.1871441481433827087237604,6.95949645323555964324811271293,2.44059286655731904777133479398e-22
42855,35275.14482201545571134718887,23.4352137755965537520960728087,1.38182499369289070548452014427e-21
42856,35275.5439038386143234881564601,39.5466388613542376459221375515,1.62380074843107243036926009759e-21
42857,35276.7941565058806237753692302,99.4398295721730021817172830155,1.21175615449870336559835342523e-21
42858,35277.4455196302546516056611572,32.0107964051233767334584095172,3.59072350303870690486302114363e-22
42859,35278.2024978941431555041773067,0.922462684233705640453963282111,3.73945583196151290471849240943e-22
42860,35278.2909313766698031308273724,1.03894095999710947376791547715,1.56865412111110495213064944168e-22
42861,35279.2197369077725389531471695,246.440430726719332239782526712,5.61986135753914088549837445121e-21
42862,35280.4788533939456004250524658,207.429941994488761110429771943,1.2372885969324102363840699298e-21
42863,35281.0092767131837000505056889,115.269101910927496111540958147,1.83657058995874414464856248227e-21
42864,35281.7567556994522100297800161,173.182976450927398690527018871,2.36070269566149154913209214319e-21
42865,35282.7609879034207045549247419,63.6433837172255536437690535025,5.08810837173200653620119103612e-22
42866,35283.4575343814081004707776082,5.85138293562040936798863766071,7.74453081657345863707834048208e-22
42867,35283.7221067412677271824712442,6.24645398164555151621147101489,2.13719560931732603854708791936e-22
42868,35284.7115537576512436465238347,22.3523693130236367417378472376,4.2087716972130776863537187586e-22
42869,35285.2780463213111420606318116,15.6017251222652276716638289593,1.59456510787928167396987166501e-21
42870,35285.9426180425430637105028794,16.8866642513100704370650044617,1.37739816599980384457964639377e-21
42871,35286.4475878150946822691413199,34.0465135881072242024054180494,1.96103576018275020195540738087e-21
42872,35287.2153881643134654442705942,218.957193739601740751836466276,4.18015880147572990215093258017e-21
42873,35288.228592203321482573056202,636.460995163644008950019898804,8.14732914218303649451708344303e-21
42874,35289.3121525560514679597751809,150.309642808893000257364814439,9.60764159866340050553472755439e-22
42875,35289.8597219505744829031715982,61.5621802560959498876207768802,3.16520695894369131199039921241e-21
42876,35290.6631220268516060895308252,20.8685644808633236184980479821,6.29045749510207812844227741145e-22
42877,35291.0940257825533229234638721,16.392481628283930887449391479,1.33683301168830612793428868355e-21
42878,35291.687999172966591759021855,62.0446165284311314264396797153,9.47307489342327327861648594788e-22
42879,35292.8322580323136323798569022,90.0594484963020585142265165069,5.46348719724180457977745287818e-22
42880,35293.5947049121654667059237582,11.1140905153907917999491481743,3.49698243568148283739232538959e-22
42881,35293.9357273282657635854486834,9.50276540475100872496828005891,1.22245858948841854601050714705e-21
42882,35294.6385763340376723123984429,44.7362045699066375716225232624,1.75575348107519210851403299783e-21
42883,35295.6178481089117024295336148,32.6110419463028099784073222706,2.05110066734961603164964583111e-21
42884,35296.0541399643459876882011739,31.4119986642628983400462281844,1.24688573056831589380279130057e-21
42885,35296.9142009538324546023577509,58.2085120674272094266364806187,2.57381826259129565651603702966e-21
42886,35297.4215911643934131480851599,92.9867765246751135446959003566,2.62039955515606577596940262906e-21
42887,35298.2368537118280655795897044,556.923146102737109090772342813,8.65575395078329576170215145595e-21
42888,35299.6940392873508926842690771,74.4756529655811796346598884431,1.80030173973564140246279728568e-21
42889,35300.045148147925467697036923,35.4205312037193202486826831716,6.07709074608670722189914753222e-22
42890,35300.9636190513797011462056091,12.526739560216052471113414381,7.39608855632808390726417002938e-22
42891,35301.3315508190541209732168262,9.51236064378950942107234439392,1.53739714265314693711581906138e-22
42892,35302.1722466949999437011730776,11.8315661642088752434157592246,3.07043937008717938156804783571e-22
42893,35302.6746759164812621856373446,9.48879219354956305561465935984,1.63024795826012273012703621275e-22
42894,35303.19012342775874562910855,30.2073827496441066628959482974,1.05093825784403935399236027377e-22
42895,35304.2490889842213539827640357,96.5935623987050935002208867473,2.94066733090381251896722798866e-21
42896,35304.8521187035334264563954712,98.8569732464373380028623977641,2.75176567105918144566235794819e-21
42897,35305.7042920143366633384721278,136.407490251232439963633250112,2.00035616280896766998049005062e-21
42898,35306.4273101087026615980009691,113.492386906105257239387559453,3.43318209810069381046042735494e-21
42899,35307.0658554610908847870320398,172.502661973134626916028562582,3.4604578814529679928758400937e-21
42900,35308.0326422088654858061551523,229.744849498463612530427315426,5.8558043816594530704186817964e-21
42901,35309.0139381293421485855620435,12.1983611869618825194797673256,1.32242691557532118137799068864e-22
42902,35309.2428244286922494730460555,10.154965792347765635901109341,3.1368348033721128481163441807e-22
42903,35310.126508310442702781166747,46.4949565640155438857550321636,1.02370138708584790290405982395e-21
42904,35310.6706400043604494509076261,76.1089082045034772177595673943,2.57246401949217243363692252099e-21
42905,35311.9220501929933841829377524,26.6139134746035920105169408275,1.78320952381673157587931484114e-21
42906,35312.3607866518338845057262651,10.0777842479304756376927792542,1.07159438868177207869158835705e-21
42907,35313.0676059798380947244264223,3.96479522512466579350428428431,8.82483743912989344417954773783e-23
42908,35313.3928119132894892672852765,4.71499293943076654060534551042,7.82331959606890448038838426232e-22
42909,35314.0260139388924151493615444,46.6499439315057130122464248811,1.66350027326336238264209462956e-21
42910,35314.9897507709009741182847261,275.045326267744515389144588483,2.62562939872999150252673038152e-21
42911,35315.7236151745648644863872637,629.913413989839032806355652692,7.91549556118981217634859338425e-21
42912,35317.2371938703641660313560776,21.9627311682559973494721049407,8.65023263643357035918372614692e-22
42913,35317.4760527879894378923429806,10.4384712424216316641311696168,7.74867857110831470869336433751e-22
42914,35318.0263951133526456491330641,41.3470871900518708678182180075,1.64173930117461156198655150442e-21
42915,35319.1018224902655470821976015,34.9075289985641830998784250113,1.11692180907451069024816557037e-21
42916,35319.6876104451721563014506093,10.0350660521077745160882996129,8.13778685454599757313441657382e-22
42917,35320.1858269837655881180190168,8.27965600593405400594302422472,1.08031506222272267879633680831e-21
42918,35320.6727782738185212681291425,26.3023036582240265648178692405,2.02952475931297984640593622712e-21
42919,35321.8537760355343973491961016,44.429426344784440542587665193,2.18380033584433206434875392483e-22
42920,35322.2694012945984232575023685,40.700260331957464637629556381,1.97919998986042325308368596647e-21
42921,35323.2237707997028582541150641,59.3477523967031984709478343966,8.7117087293340986143881860848e-22
42922,35323.7049189956356715956786995,72.0891863227430682986669616961,2.6972352397291991960810634245e-21
42923,35324.6847782311657466224245231,142.229741846142737581739724541,3.07627294460783668708500767178e-21
42924,35325.4288131049708658563368524,58.1835394312426374768982924606,9.48364713268797410978361072051e-22
42925,35325.8683941700935729591372676,84.339621532238439971348095341,2.38432318558406534535489200668e-21
42926,35326.8760715112010882422684122,341.246952554007515210190360381,3.65071835368739298198137490371e-22
42927,35327.8429244145519929368748346,135.795771485837521711642997516,2.72479608209575853936260105177e-21
42928,35328.6056808286348751925547758,25.0436428546303562875268275689,3.0156263153583220754495033303e-22
42929,35329.2029725967822605691312981,5.26869377767410514569579290784,4.73008645633557459488328687432e-22
42930,35329.5498674155073769518616684,6.65499147740069855301707368018,9.55724138096684966549509885531e-22
42931,35330.448281765728391252636623,18.9165216679360376286280343741,1.77774613867795327128083938191e-21
42932,35330.9219734643974555989507802,28.4760117045428513066383655525,4.13237381770313201318531570644e-22
42933,35331.9699225625424118325033556,31.9332922066856427889835497323,9.71886130255656807793756123199e-22
42934,35332.3880872564919418544137972,27.2853551754853220939176735838,1.4033851110995697251499613721e-21
42935,35332.980008149468722199104335,146.265755472271846759343397551,4.8751559765344402787552759578e-22
42936,35334.105174260979014123121005,853.061478377416391025194773159,2.04806475681823831119898837843e-21
42937,35335.2841091813744664198492334,112.97922156021322811039620751,1.06431175371527010929713703643e-22
42938,35335.9040490027089455580461141,9.73755835524727671752004536044,1.52949662009040394862468263277e-22
42939,35336.2152184081973303876955618,9.14059766298430403054644963579,1.06713978338716219530975683852e-21
42940,35337.0359804613133321171879142,29.5141862059396460618227051771,2.28319958271277036195097625491e-21
42941,35337.6565820765703091657132413,35.5922481904189963664002034944,1.95102893095099269838460736509e-21
42942,35338.3470864339307031887570436,77.7583719334560797450001344397,1.06269353485173572674498959852e-21
42943,35339.3478117784664416444057243,59.3552317178831744587432906339,1.61489348003412888385989402789e-21
42944,35339.9247463352822421044856949,35.6596466393552267500395336208,1.90399405124316060561827303532e-21
42945,35340.6486626224229896402609378,35.1956959953391505068744927342,1.08173442717498383110053298821e-21
42946,35341.3762990365581117203499324,18.1122578051123938129339647645,9.51838080484044441000454453706e-22
42947,35341.8091254640298004634685925,22.9364511652877368757144841603,1.2347106643332524696058875658e-21
42948,35342.4606545696583491896866166,154.431200388683135528823362897,3.91484043905000707819181674305e-21
42949,35343.652730173399312469318999,459.025363770704052281473687065,1.66281825827391929021933096391e-21
42950,35344.4153405291678466446847537,252.399661265170057460380841961,7.59816166226542732216380292802e-22
42951,35345.3090289854770625963729561,64.2518804026427120093562255248,1.6991175528302688556764071626e-21
42952,35345.7704335968617653080051685,49.7332050974441525703787017487,8.33363462129978757381864020812e-22
42953,35346.7718196611506022082527729,24.8513544230450450774392455243,1.77457921944053764913171759448e-22
42954,35347.242467541219741150890258,14.0575288735195740867988794657,1.07643048723738974889767475071e-21
42955,35347.94939508256367683356939,16.8124921850316329773810164427,1.73634616802483754373379431633e-21
42956,35348.6682234417864603492673619,8.9532417352575801909835384402,4.65202521928154512013812667226e-22
42957,35349.1975174796334156079708921,3.30636130099737168967416178297,7.27794035278083453647034006992e-22
42958,35349.4188297926448632919935462,7.81591178638468275306729824799,8.25762422620327500573567387e-22
42959,35351.0890178394753677640291017,182.964820000557320442736906976,1.06670040194148648681752502705e-21
42960,35351.6519226753654354777813705,47.6724897774260381341269097293,2.31075675673488572899010316773e-22
42961,35352.0935786107519953080307123,75.6930182212265861963268808505,3.14093968155956394137113680385e-21
42962,35353.1929181639707902049418518,146.611487006387354536883409973,1.20677798509351293684037584852e-21
42963,35353.8253570477011574527130297,85.4685766158858863615737756255,1.64906542434103509691014804125e-22
42964,35354.6186896490627944514704399,52.210556744838351948745012996,2.60371317628477065164257069228e-21
42965,35355.1928926630666418299110568,46.0636900078641505049147224111,1.43736109453302951276974551398e-22
42966,35355.9499407698465355444000897,68.5593566767736151265377430815,5.95010786436637455931755497051e-22
42967,35356.7715045900978132476414526,50.5200342553398109623563835794,9.31815316568753983128172143458e-22
42968,35357.4743904939000287105005324,23.5207545928336709861070583083,4.49080037439531762134689968229e-22
42969,35357.9983853372916592477862427,26.5182253698279189689185605219,1.04338655978587628416655205532e-21
42970,35358.8784622246109816252813575,28.9809288469744889021774681591,2.81960987804951777264927941658e-22
42971,35359.4769378814096113753192271,15.2363413544797356722283414742,3.14807786521083374472153078766e-22
42972,35359.9099772674555761218109761,29.6138772976258828909216203308,1.60247506238263652351796255759e-21
42973,35360.6944658325795266779467076,294.206813181343524712808701036,5.32660623760803669496000840739e-21
42974,35361.8585664881273948476142067,622.225940672137096353337916239,3.1678740621754629492156602324e-21
42975,35362.6319526028171026720573045,386.11993092843143800550869019,5.51112518138148338283119688275e-21
42976,35363.8656794695038936726363288,4.56109033832932770107754528762,6.18030844272412978555266442966e-22
42977,35364.0920093233512050436327179,1.9216382219783692872932535851,8.1421154731773392526016018973e-23
42978,35364.5831607993901173672782473,5.1800690014152611299234177317,7.84378622829032095519003292023e-22
42979,35365.1715624961255489354428753,19.4247076752136769686055216793,4.31021648386725519994251365057e-22
42980,35366.0393272192309763934927558,59.7890969739668078210447063509,6.14012191738675712102085829446e-22
42981,35366.7965972488684100361661045,66.2787518564233632931112473444,1.78249321357353626874598610735e-21
42982,35367.5776613725822484147494027,48.4113837184661716107403766907,2.10385317311037218371231039731e-21
42983,35368.1563541749170574334201736,52.7021292803497831524549890544,2.48963123323695167557651480883e-21
42984,35368.9556009983876803836799985,69.9904545355961412463221871896,3.02956394763427321938686181097e-21
42985,35369.4724216992162646494159853,138.456831292907049536965738995,2.70512359574501594394519972824e-21
42986,35370.7974735748695044412815962,82.6363163195584762018591981234,1.25212057440646349640502257011e-21
42987,35371.2103246141234767264293574,44.2794059858268447434624770032,2.91844107800464812436307119601e-23
42988,35371.922649879499795192836735,79.292136834194273089814887107,2.09699144449647130923002761132e-21
42989,35372.627451474320224223777712,126.788749781002516644457659761,3.37664370789360894376611176534e-21
42990,35373.4942013348219779141337303,168.847609601948451216558392554,1.3495608235297134300159660784e-21
42991,35374.5743715548436001302040756,8.52188268547873059792466533526,3.53111442094597369689328525413e-22
42992,35374.827881675759426363654932,5.73474021168910803998118140685,1.01270372629651240368756814695e-21
42993,35375.7266063049830021204138278,4.06654535627132079232089820477,4.3034945778537572049245714464e-22
42994,35375.98582000752101543376931,4.70192954332252259439534689103,3.27678607718243307962130719915e-22
42995,35376.8911445460053956659542446,40.4059833169805479591911395507,9.68519705283385605848726416413e-22
42996,35377.6065860334284372824367648,31.7328703728890834451430139239,5.10112903646488542300052613252e-22
42997,35377.9984474446860575904345728,73.7916160228810498778500626735,2.58678262326868262753714337074e-22
42998,35379.2754743810894996943639622,705.91650441817677140195030526,1.66073501267774699985247687467e-22
42999,35380.2060197479055169539929728,215.098890494473480903789967591,1.25359133106842709444626818178e-22
43000,35380.9432674963924300018336799,42.7379839242196909989700147111,1.03273068031335984816518682011e-21
43001,35381.4002418364968841152527631,35.6050645191739945655162713636,2.16628206212780910421871507423e-21
43002,35382.2251887623884286862103426,59.8676027720673335800702393917,3.93802321943284268412829304967e-22
43003,35383.1017386183575140953048772,13.931080344689768167595194409,7.60031153680766465421176483923e-22
43004,35383.5598439308860246039551223,5.76273416104837617379480865761,3.96301865884022699910647678435e-22
43005,35383.9534257559543100622457025,14.3144655952097443809453178684,4.7695830685188936181885147722e-22
43006,35384.9218109102354995433640006,144.173815530023438559429189759,1.22723197012813049233855406736e-21
43007,35385.9731731064222366354304222,48.3513475352071519608375789635,1.69976330151467127741176928341e-21
43008,35386.4551011407099568067898717,25.3124190324609500286075015774,1.87073910812201992315722787595e-21
43009,35387.0878784696730328475848333,42.1530477734839478852072546765,2.35612142319192900160124367577e-21
43010,35387.9495790257370352142438507,15.4042089412631428524550033526,9.74855112683960024240615782241e-22
43011,35388.1719394625697580171717193,22.8953127411939346321606783492,2.43005555657405877356756340684e-22
43012,35389.4482555658241482092916138,706.715350644072589192389377741,7.87773786867489043807771761308e-21
43013,35390.5341933513096183180613232,109.055503120847496297419142306,1.42221952169648185765280179539e-21
43014,35391.1349326358939343970203454,17.0185620141465323594477073138,2.66518615275898350168774231273e-22
43015,35391.5190540081451561462755314,18.4808712892002516646314792912,9.2706214444630687471494511848e-22
43016,35392.4224472928350721201035168,44.20123285470724715980465949,2.28233440207842542905574072086e-21
43017,35393.2145386104772322800294929,13.9912218532599015858972196767,1.40137769215350565309467085781e-21
43018,35393.7110082033422677691294368,8.37037818543043859845020855188,5.89424224350647112802952806169e-22
43019,35394.2580757783077077454641802,15.9596769089173698953972159777,2.27177979677239556558032586906e-25
43020,35394.9330061091246384709658089,60.9013558722728517271604625692,3.24552624922313112578420620013e-21
43021,35395.9631305870732595710023968,39.4630930255846134868709698432,1.37634378623401757297814716056e-22
43022,35396.2404478535057285862224789,54.8399333415001442032642332706,1.54454847352986069854041217284e-21
43023,35397.5554816086286163806486467,483.495199034817314675559284226,3.00907676357601147449089584774e-21
43024,35398.3951996690431347537588172,122.752794132751537980073095547,3.67745306342648661876777815974e-21
43025,35399.0452585310067832203813428,44.9506149751457222871120983978,2.60330528925913614650429646328e-21
43026,35399.6868392404939840643254691,25.9826629581576516618152279699,1.16987929689727798104766114123e-21
43027,35400.2768795815615888239929075,24.9430692541028475794192739527,1.15363582719873689502894529775e-21
43028,35400.8536033041702458451626116,59.1808272422250695696988292296,2.56738274668274399177752708846e-21
43029,35401.8688077353385095663470069,122.362541521440039211920965092,1.53834585085957932944672474174e-21
43030,35402.7022629487480206009413117,40.0535850796827942972964054644,2.0151007858167888887427122744e-21
43031,35403.3480937556812318457456266,12.7836670887805361680820008177,1.3548328701133787864288368048e-21
43032,35403.9888261232561122453975102,1.03860980011688960388469106317,3.86328890945216972115619982886e-22
43033,35404.1103600840062504442488469,1.40553477824713156361535182551,3.73622659255685713544017629074e-22
43034,35405.357150477077402012778709,132.123746331798046164806013016,2.71809743108494354631872198314e-21
43035,35405.9883208997315524286615003,131.233736340767898633462605321,8.28124821544876709374650398132e-23
43036,35406.7485102951735659901681865,244.852331530724155593092635037,4.165559411134083496268957215e-21
43037,35407.5406605025538249314762881,471.340037717241058980540915956,1.03913108210426931085746795106e-22
43038,35408.729273755989876603289621,128.349743569631999522313539185,3.88126002597747961554729997323e-21
43039,35409.3241228671264105792563331,29.8354010772636613243716568922,2.53582376587459584806330477771e-22
43040,35409.9243583923978107723994132,16.8367221853837501904450806683,1.73365869112041678413729527712e-21
43041,35410.6160666049410932865425145,8.8684426966954032580706263964,3.52238805799279391729007444652e-22
43042,35411.1305555000115470858074401,6.81445219903029448162727274475,3.11298036636426453152048659007e-22
43043,35411.6115894831427333803255663,19.0833550853512167634301143833,1.75857986183655587967875312573e-21
43044,35412.5794105056986833731301315,92.0697793264141430211160362416,3.10619859790259093087634890375e-21
43045,35413.2951808691747170819392359,107.84295957812286658065630098,1.95096607063300970822806674605e-21
43046,35414.0739519926015533910353864,142.598057136280961430768014433,4.32346780015401775433356246048e-22
43047,35414.9105210676951111859562719,97.060227957976680649567690739,3.32294758694785412259233169345e-21
43048,35415.4670835365706265688093274,107.31972882627221362451737249,2.89472240394343335689522328373e-21
43049,35416.3174779573002096801490456,221.246563815163642635155519169,3.01941647652618172056381256407e-22
43050,35417.2868452243669337454880408,74.2904083166359738671233570039,3.10615971336606380992787179308e-21
43051,35417.7746304567508973696538011,48.5339661231001190723069100358,5.33133523993624757654143128165e-22
43052,35418.4795014448230715589063574,100.809254025159659421482326321,3.34154278944263501476674595331e-21
43053,35419.6181030546926682886339689,9.59792616305490307281566132354,1.12331118426500880982970276405e-21
43054,35419.8675440896624052295844545,6.72566492450419876263096807619,1.68427484765217134306268640392e-22
43055,35420.5346672552397527968587326,44.2709710955281742997089615902,1.88445746167140525594066121242e-21
43056,35421.686967641845961190717647,18.7461742979099165500345945407,1.09443194399442840193572597321e-21
43057,35422.2509147472110957310307456,1.10382104157028726504443050218,2.77738142666205135180490791099e-22
43058,35422.4097761274568719985967512,1.38623345535186939020934226943,1.4967368127409371532845587436e-22
43059,35423.2745468502848383798408902,54.3828977217307553156117785159,2.07129510985677748795889609613e-21
43060,35423.8263550269663734798882215,243.199750649806959139222551694,2.55615751992446197052389966603e-21
43061,35425.4742124522397392547739143,315.392323984707329437016091799,4.97731991077710299424083669242e-21
43062,35426.0819627414151840734053953,53.0243433833535899226786684773,1.56669032036966669925832567966e-21
43063,35426.6210970263461998525761006,33.9563304196002329137815170143,1.8629738622911959879302277883e-21
43064,35427.3473557753554110827732301,31.1896081728122910817021396036,1.03416352127940675815188838039e-21
43065,35428.0306437243059331270553073,18.8719846864242838612923331393,8.72032377325195850488820895692e-23
43066,35428.52180374489187192204798,28.7535670410825965682869960664,2.08655888000772835821385576956e-21
43067,35429.6988631883227192312656005,1.7491561877887316823855891314,3.76037992215120881219275753122e-22
43068,35429.8027693418666971605341899,1.71596001449146167338105815361,1.4070981440216790041505985752e-22
43069,35430.7540614058875522378852294,77.4897357050743404598007505317,5.30321654579225599973883319906e-22
43070,35431.516159033774147187822476,107.317721834242784383982123377,2.065200599776346769140820987e-21
43071,35432.4000751105034122861734925,62.7168141383649714789430325901,1.48235116172265712140345966332e-21
43072,35432.9711278566793863882770079,37.1093059489623948490343962611,1.98238937114235768913749202994e-21
43073,35433.4534297340885939329494438,93.2090295268309653527656119093,2.85309952618397137783667134855e-21
43074,35434.7605719389787787375205305,114.27895154449564145531420796,3.64460243571361184280289415746e-21
43075,35435.2443573225976971430835076,53.5148297303941835422941586421,2.123796462513935120612969953e-21
43076,35435.7917714031030910149709067,134.399004528980142255942574654,1.48443911704027658319905207322e-22
43077,35437.248369997317851749152377,10.7775224571724868577159458685,4.06599218815448430548622394041e-22
43078,35437.4636481797529800213222882,6.84271875564567819564752877856,5.8765816836070018271077659922e-22
43079,35438.3945757526617633400050918,5.33789878594423268273070716681,3.84309840599684176530087703565e-22
43080,35438.7328251452635073362934235,4.08705191135310124592023970027,1.49702479934642073015801580091e-22
43081,35439.3460934898630445897049156,17.511961430802970658760110501,6.0048623547187056845207065311e-22
43082,35440.1517724157628013846565277,46.2039364844221078658236638457,5.40053344674758957289664759314e-22
43083,35440.7670767493946341835293562,97.7034339360233980167621979369,2.09722901804102564845897875071e-21
43084,35441.7480699268828305237407297,181.054308127418149389866295007,2.00134709783398187668385083349e-21
43085,35442.3618639489126104696980572,216.842983636688698820276371429,4.26386045511724396428949400935e-21
43086,35443.2635918016872480689931229,405.853776373693514079698856798,3.55131343325125644844482497386e-21
43087,35444.2362926062771357490154265,177.88123210516393971509347476,2.60021332721712715965316290009e-21
43088,35445.0274337259451111671753553,28.1548900515751311682989893973,1.33686395366311557278210837148e-21
43089,35445.5616802289479202256435417,9.15268604575854278753682749496,7.49849767625442982513133566584e-22
43090,35446.0553990614455223758448859,8.83400133699018257797037562306,1.54171652217495062662329031605e-22
43091,35446.5462945552085240176558944,31.1898601518861142530281453704,6.50404658984721969239808939603e-22
43092,35447.69767569371631613182662,116.617292816638301807147025397,3.76321884691766300068330820079e-21
43093,35448.4136722599089607270245754,59.5312354991604593767463116775,2.58532867584297018786966119299e-22
43094,35449.2596002871453622285653428,8.80593471642648631273655632097,8.20776526063951469078599776391e-23
43095,35449.5595250493714372144647679,7.86466263271738533849698210858,4.47655873021755788177116041505e-22
43096,35450.2868815739550654704639969,46.1865129730326967380779244848,2.39211667737480642200195045146e-21
43097,35451.0750828043136457828698124,88.5958953232814460441133558688,1.42067414529291440210422755756e-21
43098,35451.669662366422808315200444,206.068756717020016203014297072,4.25571238623695946844151472884e-21
43099,35452.7336709538485122108174196,646.075503862921018254530105546,1.05613993058679262423703444958e-20
43100,35453.7871093339900359934251041,134.775420595165711853321361413,4.05584672149117851528396177708e-22
43101,35454.3974363223515536587529762,32.260264195860068454489181174,1.79195139134072675666130700379e-21
43102,35454.9250923800991347695493428,27.6538939677492948695124630544,5.16885730095573490495586373157e-22
43103,35455.7643937028341878976982661,18.5695826203090103151338058144,1.32403657248864177613038282122e-21
43104,35456.2337487386275414280443792,18.7029317619007959136028193288,1.73110688282606484387201890549e-21
43105,35457.167706927403098900408547,15.7068864015874343891225843288,1.22690759755503910267717519262e-22
43106,35457.677393665641183002932791,7.51125388714539798830995691683,7.17807422897208216868236513737e-22
43107,35458.0743481931656267255123983,18.7305861978269865137678581959,5.47155722583112449407224084515e-22
43108,35459.0837052172673933695805737,173.600221780675839498177925333,4.70981504253018048995392539526e-21
43109,35459.7876158113093382228122485,316.095728983933536707979907534,5.76787772895781987192055186669e-21
43110,35460.9207579201037902744919344,219.736223767771074912933807438,3.87843261663914086279411674225e-21
43111,35461.616670210358643425325094,57.5657331756426642315114912549,3.10804926529950746330461117489e-22
43112,35462.2677808879196660717278422,12.8366500692486047617873651397,9.31164998859009929859967928722e-22
43113,35462.5392977497368308529592131,20.4129694502988428692572058795,1.64222847817797020300619289669e-21
43114,35463.885774050048769611442675,87.1672571103844785618448836867,3.78415558677294043501536189176e-21
43115,35464.4568356315214300938323381,28.7129702858234240176704001568,1.87287443103132837823719443363e-21
43116,35464.9844044761616152196850382,38.0533214565598091284303212494,7.28845427699023571180364505831e-22
43117,35465.9707998332010481824832878,28.4044534308076300319938877032,1.95880841664955977120970333311e-21
43118,35466.474626190853772345200389,18.0586705372998842553023108397,3.61619553981418401524553794802e-22
43119,35467.1629302438259918016917427,24.7267913909506035207180932464,1.55064272818839978852397594648e-21
43120,35467.7934716905287747826053574,38.4264365616998041422643609522,2.62391329374997455596914381883e-21
43121,35468.6479332058955787475005242,29.9314946964185386285665131003,2.09864453670555362976855833909e-21
43122,35469.0308149915452363642308777,44.1448550871739776472330019269,1.63482859611480631545847238903e-21
43123,35469.8702447800123100597384215,511.396114388489332709199838716,8.49119436563308449042187078772e-21
43124,35471.227350820903207461952465,332.125023933445292483389934123,3.63468681082038988798776214654e-21
43125,35471.8650495708939458196788821,90.0874723931418405221359528184,2.54730134973905379671349244121e-21
43126,35472.643779298222542859769301,19.1450508273897121038225168888,1.13286576284974458448899866955e-21
43127,35473.0610053508327902411471967,15.4378094646541033162180141564,1.66279028987531627434611875608e-22
43128,35474.0450190252222680900323056,2.95556935830057920237443312802,1.90422946360993316309860842311e-22
43129,35474.2568001635587432304959846,2.71627669522385510950213001855,6.4529201062035503432066365158e-22
43130,35474.9743121123371074911129167,35.1969685275746216841564938105,1.5629239449411904028621348763e-21
43131,35475.754897379748251765783387,146.814716561743288461453006101,3.84856105805512235596154006104e-21
43132,35477.044113968698562015222001,18.8508610460421958064315988211,1.29532553941676483414060500875e-21
43133,35477.3921622638560966868453486,5.79416881721251672707821064239,1.87121588591251776445336380032e-22
43134,35477.736237272245007933550028,16.0261862171140331875500683968,1.02208749277869638759630774271e-21
43135,35478.688682186117980411672623,304.141858836321582248675861392,5.33333072522310489944620081405e-21
43136,35479.8869362139820775290295087,97.7488772193519712861196274557,3.13834833172823297099878346832e-21
43137,35480.2911527878210981378985403,67.4215530758750814176122139023,7.90354822823399318842906347591e-22
43138,35481.2518930088550895017279488,55.100715608242783187052000279,7.22143277829451877003044831223e-22
43139,35481.7115060537923080234254419,50.1956336553763522131944616759,2.80665237957420495827646185616e-22
43140,35482.534623755915277586292883,133.963339223888085092038030293,1.78173912454013797942862906212e-21
43141,35483.6352886496186200948808772,24.068042642633804087824841739,1.39442211642925226043615766059e-21
43142,35484.2391804982081167254860164,0.790813342228356068670517879496,2.12344098674699575036005361402e-22
43143,35484.3799531159145563705368937,0.882339306017467426932705697136,2.04007704579423528325175406245e-22
43144,35485.3076215122945146738321816,20.848212257940369740094529709,8.63773055049381097496770069319e-22
43145,35485.9205635424712555069871946,22.2270012273257597686212177968,5.92900085269464590299590549201e-22
43146,35486.3958308664726996107217316,71.8882422860115952230556903087,2.21290509613771354097969025752e-22
43147,35487.5927729675835819327160904,504.303826408647450673804418116,6.27294417939745276427610792523e-21
43148,35488.3569127107348742014514405,440.1076301306676706093291798,6.0110559317871518836257261865e-21
43149,35489.4416932072342522580925349,78.4768480762292476383705970154,3.18351216771051316006756252763e-21
43150,35489.8946718145733899310227196,38.2557470795809713834091046432,2.03438947301639866018666488979e-21
43151,35490.7074540738560864411085656,21.7103765819504360660654268636,4.33251527662858169378424617253e-22
43152,35491.1670342387331610469709082,20.2660695456216993906186986313,1.04208825820819239824743039639e-21
43153,35491.9228802919238580518240406,49.3670267810463432200230208722,2.40865226998048492811377054075e-21
43154,35492.7757251717654990584165467,34.6131650978067742867207732557,2.20052904516618373128998044765e-21
43155,35493.3043176343685883586052267,33.7087274225874385563999939693,8.00260061150671186205141701214e-22
43156,35494.114044713540371226136587,50.519267896966927578415150608,2.44406385476735230386254882184e-21
43157,35494.7153651183405246137849665,74.0198789529852816533894967328,5.62596103478601355273265415958e-23
43158,35495.7810362817133345771398037,29.5161888503052643015041877247,4.89540455911062697439896261345e-22
43159,35496.1481722192738974928714355,22.6847780130051504266968173151,1.85567885508367557252957492904e-21
43160,35496.8632924883197112174412285,81.4605951285098934841292070143,2.25899427026463781495027162996e-21
43161,35497.5625954230226523297213295,238.971899233258520029382625497,6.07256774211068756116193176342e-21
43162,35498.5535790230271880860100533,561.752628445347876149936920649,8.58642710336823715861649865502e-21
43163,35499.5959410847612797698351213,165.382543643842139065881332409,4.08682510603865372263499985277e-21
43164,35500.3648591014361030381214737,16.7014916541088020391583085432,4.72567683195901052832901475894e-22
43165,35500.812193825041529635238787,7.1401258280897059814691713255,1.04888000249099981707951107272e-21
43166,35501.3760370576108668411232229,8.62703943582148837628097087337,7.11770023758460218098547629901e-22
43167,35501.9052750889878889134447795,22.8582831886194699931740029855,4.41426126647210124839660291375e-22
43168,35502.9900870186266370621174989,28.6884010156103085386019629559,2.07105380240885103240909997083e-21
43169,35503.5136504007280512163984762,13.5253381425094634669603991591,1.30449300107023499349095493555e-21
43170,35503.9912486263300045523692853,26.7756907460126326882331806572,1.3696529843301356904569500593e-21
43171,35504.7084035841598119733099379,196.557569441358288632745023259,3.55921272258024899966620430466e-21
43172,35505.9773154381790034939587439,201.886362354041602261730759361,2.28282606000814183065496943834e-21
43173,35506.4483107018908581990452924,157.471659662488670638608047503,4.11303625344318730062673082436e-21
43174,35507.4827824280399889286088106,150.740349169353145324935442842,2.99559584857265995993799271053e-21
43175,35508.3766479452699191691479928,1.83361810305672717570420298122,5.19682224075512400331357830363e-22
43176,35508.4835140381965906543340755,1.76295791632756218738517356958,5.12821110131930446510916640353e-22
43177,35509.4714611309884123810743194,31.3371674162069099228894318152,1.24133188668538091088169282903e-21
43178,35509.9112775063197039612869409,49.7206675205117820316010830816,2.50403838557706140755621390159e-22
43179,35511.161765891638518565773894,51.481333186626686671794956329,8.01447655708947605205384718323e-23
43180,35511.6865207182463761690841669,18.563543162045713537401179685,6.71120916521673432835121951504e-22
43181,35512.2471900498767351623477954,24.1012890696565964194484883187,1.41821860980013128263429735283e-21
43182,35513.2418768537562271619205811,2.8148054373948479634672057387,2.44863754658757093495109963126e-22
43183,35513.4303601379085717317752367,2.44393890112467074442611815613,5.99842855003382468404332105279e-22
43184,35513.9806104451672029068290923,49.4692146665490488816697813607,2.03150293229529464484222922661e-21
43185,35515.1915715081318777203018863,623.932123828780905201797298476,2.05906579965260318624586407249e-21
43186,35516.1373362249753422830770043,312.816619198725870010796402541,4.06123233823858500537537726213e-21
43187,35516.8618662032350075297176727,136.040015593743524718996310709,4.87862059523267557288281328977e-21
43188,35517.55211198509218115484361,94.4954605700755447699345351122,2.3231400807861138471546623354e-21
43189,35518.3265499833137814707474939,69.4846891316721312975496529366,5.7634047820208886948926930658e-23
43190,35519.3088837066166932921772569,2.37362909122858503240842551996,8.08078858137465594561181007315e-25
43191,35519.5176682958631681593211419,1.60076364937610826873048198675,1.69990415802837145244250450712e-22
43192,35520.1216539124651256002458783,9.5742956499254899517360145772,2.93111078096566879596557450076e-23
43193,35520.7637413488984568655881474,35.6908721480383039891502798393,6.12029960466990172647116142148e-22
43194,35521.5763423088210285607054675,141.745531092335231899533017188,2.29821333895507480011158043078e-21
43195,35522.5751860357816966287020599,133.488316608905175600151808328,3.26800636837767605765866525951e-21
43196,35523.1989014720061954355693213,92.9711185864433480115351186614,2.51205945589760210700303084474e-21
43197,35523.9684819509371011347539213,82.5801070225677427311047422252,2.88177309288449119854445140051e-21
43198,35524.5253763388155701661859531,125.520829106468342292001196564,4.66302979841686681046531726024e-22
43199,35525.5628742773834703002181085,176.396597616698951047504858851,1.11788655442474559368048495987e-21
43200,35526.3185988109583377489961867,48.6338989300619740779319925277,2.84076859070966225841914397029e-21
43201,35526.7441605351025003045463362,58.0311257951613509547324031272,2.82956204303517163463629651622e-21
43202,35527.8324612445097097961393138,85.5445908824627594527504024304,2.67665762845255958644945026154e-21
43203,35528.5474847431774555262903859,17.4217404646146000540818089237,6.66422070983302548331754795998e-22
43204,35528.9501373220175399710277095,18.0395497704190654119778494807,9.03913617819330569853931509208e-22
43205,35529.9961779377540723758854066,7.71078282656259072429021611085,4.2934836320130683842987087685e-22
43206,35530.2689997406263275434501414,7.21763272912255916945659039464,2.85777898851176224547790190428e-22
43207,35531.1322308862287147365585439,37.1941668832004934051517740553,1.14990979567745796347506390695e-21
43208,35531.7754379479822674353367422,48.3290021958762122747817010504,9.415816745836353662276431678e-22
43209,35532.5538174675285620415028024,38.7349346734534641452067973221,2.88565136532208011546049881321e-22
43210,35532.8660220786076329275591099,84.3417143156456134398156954957,1.67969842726511079457235306081e-21
43211,35534.6580462672924459143415007,255.182273919807790897601284314,5.21031380163043048157843167504e-21
43212,35535.3288582513576128702766404,15.8749841622256880746656902787,1.64730975025905949077152582598e-22
43213,35535.7498478356156552802007251,5.66844263622684177837672870402,8.48118736782924470800378461029e-22
43214,35536.166765052680180916901612,11.4946914885894413336445693376,5.16589549978546706925076201751e-22
43215,35537.1013802042627066157070466,33.360945375866008295600561431,9.81666968396516944079959389007e-22
43216,35537.6879727574594883142254064,33.1880167208839730304237874918,1.67597735017990455742507105709e-21
43217,35538.3859318255283984347781086,71.1452773362117232131990084531,2.0262836627515882529923455495e-21
43218,35539.4052465580169585420251243,33.7955910158145586301639733701,1.55314799789275333500613176546e-21
43219,35539.8665763043577686333831047,20.8438191546930937387879282579,1.52593158777672061751439655692e-21
43220,35540.465141802772103715088415,53.3423378366196854292808821451,1.58407206851635599805751903871e-22
43221,35541.374380560442675236447839,103.910252302229318379078997366,3.24193703413609587240496199883e-21
43222,35541.9862891688234624010415126,142.440393533416378329546205718,3.06146852973489928160211075011e-21
43223,35543.1027827856699302836107127,26.1667144771985956659174664788,1.95121848808607288204038870798e-22
43224,35543.3160223336157644817996816,27.1724829566426745196962600585,1.20803816498838062633950603444e-21
43225,35544.4164223565172732788689318,303.524153581325210352479606903,6.86749834329542727451182346337e-21
43226,35545.3477985724756028223382976,90.9931756942622104029180836294,2.65290331587890890199273660449e-21
43227,35545.9866717616229077510309977,27.4326278715036625461857671116,9.46352780822095583041910175325e-22
43228,35546.5058272264468052131024183,28.4431505045805239229796382684,1.90360435047832049387000227572e-21
43229,35547.5186382096485465574681421,9.23755562197148479490656322069,4.90630961985126416813640086713e-22
43230,35547.9587148834381920996768986,3.13570058234424365648332408626,1.9916223583477794802968325134e-22
43231,35548.370187643739624524553273,5.48726167079471962923146459666,4.33122597001681836840869135178e-22
43232,35548.9641023229339649576784367,44.056734286519365287965512288,1.18016331976506723008105908179e-22
43233,35550.0748972329135290632742827,215.117619786060906111280527042,5.14032310665494577354154417024e-21
43234,35550.7121457606727041691378236,274.414930743329798943814534854,3.61768124396043322028577444821e-21
43235,35551.757700398906330300704086,260.48611762383914811407827587,5.47909415240453661719895053191e-21
43236,35552.468954122700727690867829,104.815527023167698457970333928,2.57476276580574731999827689786e-21
43237,35553.0717245466072753758149207,104.17629709733279529307281479,4.0369818961201711237734070046e-21
43238,35554.0724340567233837896030588,41.0215449690704397574556669502,2.30594005083695974806182292604e-21
43239,35554.5581025540379678597407063,23.0773188028384884088247728382,5.89586512219916776679301973828e-22
43240,35555.3919393144970882223498449,5.96131048733816769262512790514,8.03915370783297974246407385202e-22
43241,35555.6292374892919093858480821,7.35920801207048711954952880347,5.83081840074721721437961756647e-22
43242,35556.5777433288092250163721816,135.000571617451276840556260853,9.14548754247711430905867753518e-22
43243,35557.737526252736949807995598,23.8699381722431635393894505019,1.46674516799977385164432013905e-21
43244,35558.1169816407506182963302592,12.1121964664646143339430452182,7.07493130543545760410614345327e-22
43245,35558.8192875598358434009114358,13.483720448742315960008165506,7.53570556063578711891709081993e-22
43246,35559.2687839688195303537390949,21.7886179033984823311866130931,1.21030324945936715270026998392e-21
43247,35559.9855716177019315677754833,147.212061621103305224484624655,4.52827837741566170344418266268e-21
43248,35560.9251391892204211378148304,659.243397992760211306198634115,6.49834107080106210436805221192e-21
43249,35562.1537061339766392837239609,142.350429427373269764474802208,2.47244942829083865895603289761e-21
43250,35562.5801806339524762573769244,83.8071124322001693461207676327,2.85905584358371755339622843889e-21
43251,35563.6569995867753748844695696,17.14149588465119687352465221,7.25663183492552529296458141873e-22
43252,35564.0332832550684946023389764,8.03454449838260207126957448766,1.17610074749966403957344717314e-21
43253,35564.6077774206283741573266989,17.3016363177013424721915145642,4.96541773526347514491926961485e-22
43254,35565.4552615082262437197610095,20.1356311650635256168505067878,6.01170049756556550864922786719e-22
43255,35565.9744602272825101644624686,22.2719710400906828473487936113,7.79039698169014197172256686546e-22
43256,35566.7760775212778203122991903,36.9400829450368035231494969314,1.0047864427982295032469560413e-21
43257,35567.3382718472776629363261316,59.3619461773554388499175377538,2.19947389075039709715521956093e-21
43258,35568.1870714206130836630165384,162.832220110256866964773760913,3.88220188198530143413226082171e-21
43259,35568.928656972929376875255553,274.077121628030458031591897774,6.42496466268573183435161482102e-21
43260,35569.8920606444944590643778451,290.689127494628500313985017237,6.5296468340797107547638694869e-21
43261,35570.7739489265171912355033395,68.5586417813855709147459663566,5.04643753162685757510912863711e-23
43262,35571.3354498752334330665151322,26.8769852041730376255546897436,1.330732581161751878840978742e-21
43263,35571.8956506922598886958350226,27.9456824921102627232850574316,1.48331885047396825212940125527e-21
43264,35572.4482718549913482360226572,85.495810896425997504073455351,1.81212637103312831738119446278e-21
43265,35573.7274958779943008006888702,100.694826591692358698651268071,4.16228678696786790835981467256e-22
43266,35574.4412407622555567435720382,12.5097184237417328641631280461,5.85642543970054328636903326599e-22
43267,35574.9171615826987036804465957,4.5647755043566796168266776418,5.34840814694939563809820888097e-22
43268,35575.3136073011322677505797917,8.87102967399008698253528867074,8.45845957569179209732819623426e-22
43269,35576.1751801523854521541430818,53.8952682663252194099441120593,8.2576631576136820379323619451e-22
43270,35576.9930956358250913189681523,53.93540339054815692452587819,3.03281482487377136258485576106e-21
43271,35577.7025623435591535309677271,15.521675507929844796026129722,1.00616514860784594871333651876e-21
43272,35577.9375364565884973070437478,27.3453573676251854427761215225,3.8938296122188132388212575718e-22
43273,35579.4621592941269023697468522,384.260877159572624477870586727,6.1767401696821307158330574853e-21
43274,35580.0292014773799173670510038,226.280390210612902857688465536,1.11959575516452271127375669622e-21
43275,35581.0681640560428797275834911,75.6126846576171438761976402543,2.51438812935596625630150740883e-21
43276,35581.7653281027600608411120415,6.90509686541496167725927700452,3.11587054653303875711380617552e-22
43277,35582.1093166642793995156710762,4.78548456454306720901953223239,3.87412732607621651092601697154e-23
43278,35582.7026912233711139351764585,16.8853432848637879528592528377,6.050570244023344597438669078e-22
43279,35583.5354080772288893527610566,35.7935622294712831010617122157,2.24192548042958845634991980909e-21
43280,35584.1938961045932899326062661,38.901617416261113896107679885,2.27622386639142809794701334211e-21
43281,35584.8020342583880761274874061,89.9752981800220694003978535387,3.42130501897393464084099769841e-21
43282,35585.9133735038150127396452018,96.9060001754168540511062972914,2.01057397333297392683915966532e-21
43283,35586.551732199900557149816674,30.709370695305510032890515287,1.40565154912277441404369035373e-21
43284,35587.0132851632636297744324489,39.2091989668461751222047088317,2.11796346681443331319278148828e-21
43285,35587.7967444050535687854202912,146.210656344235801062675245483,3.49675126411359244985703868808e-22
43286,35588.5717383748423199906399128,348.721239572192482278267705003,1.70403946321016422186303310088e-21
43287,35589.9042888992812458651984814,10.9936737069098732260389828791,5.32555135263970883691435440165e-22
43288,35590.071794926512241434558872,8.33874697570310628566455220202,8.80783443113161598281700603154e-22
43289,35590.8831442840659633990153396,71.6270272458182923169612282446,3.18534030809930491229682106401e-21
43290,35591.7319642259754685361533669,58.8181017806064935313466688553,8.58365933580049526027718774059e-22
43291,35592.4356215984052810188914995,30.8903649849716295721742506014,2.58996383335420758828352102032e-22
43292,35593.0910989761655301414055026,21.6662984977963088891887032642,1.01040753591865765053687697981e-21
43293,35593.8195928494823375700686496,11.582633709308681213544321252,9.35693429222062419955039196206e-22
43294,35594.3544753355936466304448376,7.37772017955560142706904734598,7.1315376527127599204673686949e-22
43295,35594.7937548593233834604545076,16.7989956519828877372068386558,1.68249153187785980215230220618e-21
43296,35595.4817246196350682104596734,199.278270670056697885844121571,1.05593213188766182884097467555e-21
43297,35596.8184425910834995556871368,749.333511479421059689315384108,2.63667992448702946027545507368e-21
43298,35597.7929440539447563859193587,52.6023152536036900616994828841,1.84859413656104834065637108792e-21
43299,35598.1146124974366544266607928,39.564721738168889030181909387,1.84721999001277427916233419525e-21
43300,35599.2464167209543912243406925,7.55688449853550105382346814612,1.11892219755208863797622030858e-21
43301,35599.4535921799176849635844681,6.46086896139312129859593404654,1.0591116490946850929444104628e-21
43302,35600.3252121340713121131851176,45.9647790654247031257348718576,1.3899097193461533524569893006e-21
43303,35601.1176508602721907350665608,24.0624606791034398299060729914,2.03890496363800780050477977444e-22
43304,35601.5491361902881822936960769,32.5193133534708216880744683691,4.74788931687607765132502823158e-22
43305,35602.5715978875984603834709143,79.8647009810808872322375038739,1.24491070284388535045621281286e-21
43306,35603.4601186274806873307907279,2.23865172426784349462217497574,3.58816973602845463688140243745e-22
43307,35603.5823333625209478384995163,2.30826074610658468807388662576,9.80798072608187803720525681292e-23
43308,35604.5407538157812165292001151,91.3703520870591310446029033329,1.9862265004237944688971425361e-21
43309,35605.2809811728836413733054052,140.394745640964847981427531266,2.9057949005063453318932627319e-21
43310,35606.203448624294999419961134,67.5782757820488087806035633629,1.88511798308902087930691334302e-21
43311,35606.5682636671149940729177844,89.8739512724214656432984629457,1.00261967000948467687283464123e-21
43312,35607.6951433379640056523937327,475.135773908792589335487320917,1.08563029730925964251527536152e-21
43313,35608.702616962969294371178469,87.6767105264887956778692338107,6.64817867029434792203713035825e-22
43314,35609.2906188959477562566964312,25.3648983708511984680233070088,4.2977125095769205645849392546e-22
43315,35610.0155292134609326546826348,5.41065597009370511991368599781,3.35630669224529718441530116654e-22
43316,35610.3763063806615792351733538,4.72302966199600318315006663171,2.53627802374990937153489970517e-22
43317,35611.0744205654269911574167366,13.5443112560010637052026555123,5.33528863977713883722632789291e-22
43318,35611.6191935065252247874107424,35.9518985070777887193263681016,1.73987138457906805425917325005e-21
43319,35612.6570276094678660062403155,82.9193951335226518184164764081,6.23331819684846186168089443746e-22
43320,35613.2186873765990775342986603,88.7965739562254375608924038904,3.35001102199750711192074810473e-21
43321,35614.2238285132611480713248564,19.5263849718707832061924275515,1.58721188860861697075038879646e-21
43322,35614.3971974710155857208461133,24.646344235167194292313339892,1.73060115348637018138233157197e-21
43323,35616.217282805247365670864831,1.58039993769274532189231308047,1.77395575264063695866201457035e-22
43324,35616.2862687906508460754597843,1.31188511882431781143392642111,1.40306178877824833067918007861e-22
43325,35617.001272242355923026312251,45.5360038989602288201248070227,6.68705143962636795438574208063e-22
43326,35617.9934407329092518804595544,9.98937926729882843653248770876,7.71088090132153705074080357474e-22
43327,35618.2142699470461247043616571,11.0424420723749064593228118091,8.4881430475855933185249302594e-22
43328,35619.3670487004938896357570207,62.5438414062553424978202030265,1.51117312389139225131453926932e-23
43329,35619.8909653791769799328566034,53.7753251331858366580714554373,1.96189679132714074734375127789e-21
43330,35620.9515574262646602977745302,14.4337427667070983581504651893,1.1850575801366469615484592897e-21
43331,35621.3203558236050935987302737,8.62426788973314064318827132664,9.8749623422115176845954902288e-22
43332,35622.0269720089174689994908241,11.6598739976321707987894352565,2.78872531659947270412307310699e-22
43333,35622.439091461265649711357657,23.6177459884239670360543041622,8.53071241275266897403267850973e-22
43334,35623.3749863589467704275436147,176.829643331438431976311431656,3.51162825690904946417092259311e-22
43335,35624.0292562316981103044841126,471.629535643274512483841300749,7.49918477465097079317262058508e-21
43336,35625.4489874236812883148045992,255.785176350702737559265599075,5.53497760868975267165478141981e-21
43337,35626.1052476110291642128992209,35.8685623942114861271079660704,2.08461530496749383842052283521e-21
43338,35626.6962617210329431643066001,6.67141457818861549252003586538,2.98473755599170313853124651538e-22
43339,35626.9698606517923558404197066,10.1017373225950259570511312771,1.16527845009977039031826099319e-21
43340,35628.3133998459035364379824034,9.60458216282481514310943502851,5.56365196451877357158615134668e-22
43341,35628.6184308530390750394877771,5.50852172658776075653373137521,3.62230900527417863510550907156e-22
43342,35629.3072410584721187933381589,10.5724804241077579566994216492,1.08601102447666969969905937752e-21
43343,35629.7796845106793204126397202,21.8689230962001593895573582413,1.38883372993719070220357050614e-21
43344,35630.5962409616972342883200668,150.588229254815793203745488141,3.39696877576676017090077710752e-21
43345,35631.6300311534071412157904938,201.438707877854830607728184848,4.95183693711967510622430319041e-21
43346,35632.3826247712228947269006638,84.6988559788998739207597565121,3.42202182156094066456835115334e-21
43347,35632.9696073918435871563959272,71.5908271333934720968212694665,2.04983333452948883855971706341e-21
43348,35633.6535073137846295502966368,137.814143533316093286458274806,7.3576064456428873296400888524e-22
43349,35634.6217936294655410103282378,108.423436671089842219499712564,4.09641111489470135485165222177e-21
43350,35635.1448891322003516742216676,105.349342908893536911377777908,8.92133308150161701603113389559e-22
43351,35636.1404110732210184250449274,105.019714007853303162470569424,2.54261390813283136088882376431e-21
43352,35636.8138896507157201887409466,47.5589614678565057832501922323,2.05118290624393518874871956035e-21
43353,35637.5104773871205398903792607,28.4873884210687004265487297479,4.43825625683522359895771030375e-22
43354,35638.1741018652540081391943033,18.0897525237456811249334853075,5.6295964906180759204155005917e-23
43355,35638.7517096998533454424109207,20.5715594482746237454092141589,8.53039904391413904947895834947e-22
43356,35639.5486868811555281216818055,19.4424591290199423470150374775,1.18260066601505402165424254361e-21
43357,35640.0437044221991922557976927,23.0339246751579768511916334356,1.31121284714313220604848273593e-22
43358,35640.7149401991062459888151634,89.1141441877553211451679701155,1.42566053080579732919444187371e-21
43359,35641.5841734323394193075451936,288.564383993109992672641328609,5.08013447061371187444979962216e-21
43360,35642.3623961305749847205821693,602.060288500671081342427311114,7.38040179568060148504731106741e-22
43361,35643.6734689349601136031375469,84.5373025332404372717015603276,3.88047647028029105162421869557e-21
43362,35644.0460287888662345098794037,44.7264169531474188852371867591,8.73996413596221492281621358958e-23
43363,35645.0997007929493083343819819,5.36082852836662737939338933317,5.97405294800505788736848075864e-22
43364,35645.3725043252863883358070566,3.13165844633017601426763451197,5.13367821877222289219283360845e-22
43365,35646.0095911955047196886939449,6.6486758762894163354839459692,1.05834187589977581080722700053e-21
43366,35646.3862040845622010537717578,19.6671933285203103450651268574,1.6977496979963455956005368866e-21
43367,35647.8387396359288744027888211,56.4985895367444863352042651262,5.84426985068169145761658780859e-22
43368,35648.3345476702744971127355483,19.2205760199432534652385628339,4.70911889470810578082858912635e-22
43369,35648.8487336310385583569932782,30.3254318860209039787600317214,1.81508812977309126348693432558e-21
43370,35649.7792707739752938467727166,28.5227216472924793412642584185,1.25829187623464371275731777264e-21
43371,35650.1652247083289759459636694,35.1989115441118881665216913148,2.11961534854405476184054383927e-21
43372,35650.9767559433790714059059683,273.736162608894247210923117374,1.07855673543401722878444637302e-21
43373,35652.2488454972205724723803059,74.1089234934260798115715857488,5.46281822310151031545795224482e-22
43374,35652.6073146895961939942610212,46.253897922733087461854769115,2.08996161516384775310068017147e-21
43375,35653.3174829238964761705748637,160.059938510411295215906143273,2.05563128726286949523284051176e-21
43376,35654.3834044195768037594800357,124.817264093888792711055762967,2.43503425109850035025446558332e-21
43377,35655.1703977291098356411281491,17.0860410141351026580581007756,1.38988808298084944875446903493e-21
43378,35655.6140440327144543596577267,9.59237739127462778781636643907,5.66128749797664671806231198094e-22
43379,35656.3038535012961209609915122,9.84969800261671492467373060593,7.37837696558197587039387682761e-22
43380,35656.8017255412833846873670254,14.837943974341379890356653521,8.32003882342652944528373115466e-22
43381,35657.657349091124591144518792,26.2308237379393168820430238646,1.60292177854040127369491425026e-21
43382,35658.1682132053050003905461046,34.4739584220206589404028651339,2.22602106030799323793813124792e-21
43383,35658.7995849709541796974081166,184.307917797909565880018301137,4.1695103140045891985975380895e-21
43384,35660.0683007926383507844237509,483.300201563372841353279214501,5.98870414066080730515305961126e-21
43385,35660.8763217405649539047158916,127.534593277002029786193631037,3.36748499091910394559294112745e-21
43386,35661.5037008130936752792040211,56.9510679643936241549354038603,1.98305838084650126801110299526e-21
43387,35662.0914689046580648705727669,67.563381125815912640721032783,7.03712222752241803617769294205e-22
43388,35663.0280951023789656625080538,45.1457021279877724196278529557,1.59905068789101031605921025498e-21
43389,35663.5596440973748708672811705,30.3543673942254132065376106936,2.16474643767323590419849803615e-21
43390,35664.2307275768451653799690279,53.8441073792396858494363323427,6.1275702266163954027599834553e-22
43391,35665.2045285816670117031499616,18.8977946991057655441795678247,1.28440850435965416557385528525e-22
43392,35665.5536930227811463814841615,17.7353266600516102891361330344,9.95427064411657156336516143537e-22
43393,35666.4011130078955510420127499,73.1411917979432357062626419759,1.36885612353009498279873862012e-21
43394,35667.2512974649017622560391661,57.0911218608903869183232106259,2.90587010345598929484247820917e-21
43395,35668.0274584858185138623205245,11.04014857470876105530802295,1.25400318074474381405488833036e-21
43396,35668.3877240204990990440311232,7.94273901049394425024378071455,4.95105469699641631422459445275e-22
43397,35668.8093608983677510868764325,46.0349832794291201314085238755,2.09115402198747648383308379072e-21
43398,35670.1121880608327118335049986,1027.98622647681236110833283715,1.20400127708606648180822945278e-20
43399,35671.2485326955784984012677891,175.433244570629735654844683234,4.48854768235620594538727992779e-21
43400,35671.9207679963913871167992197,18.9938112954442551425777459661,1.36562472444080244170984935423e-21
43401,35672.3140846841392217584195684,14.4634269974032238599699425401,1.15554029551417324655095193066e-21
43402,35673.1298975677843817909679505,18.1162412518503358379315243411,5.58038987228096861376050070905e-22
43403,35673.6606389479490912131055643,18.5714974519191170584149808641,4.34389795446509050965215747687e-22
43404,35674.5099147888330307125479369,14.1635331165774694014768145692,1.27047621237036358245971864283e-21
43405,35674.9111696769184190306376119,17.9150603084578987960457545831,8.75180879653192928987370356748e-22
43406,35675.7875436986946993759075223,72.6231607035381365550212333737,3.08261958330501408498099112639e-21
43407,35676.4642245474270865868158832,117.231133418504327310142219832,2.90604630990898726397275398702e-21
43408,35677.4202387032975598740707511,86.4418528508949520114407272872,7.72267344810663603536838361498e-22
43409,35677.8514724536743648609602611,110.550401278888778458209122164,2.73346714117105294038543625354e-21
43410,35678.9553781502074951309886047,291.059969000245164028804900863,1.707417629076535889681044474e-21
43411,35679.8507171078751516227125448,43.9404369184511878216874976748,2.02027422190006153427336792029e-21
43412,35680.2760149524359106163294158,27.1608543602230946169069439084,4.56743461077860342255857904378e-22
43413,35680.962756645205609171516288,55.0778227531560181856628219542,2.17411081999977228497582976357e-21
43414,35681.703814512983101778126612,88.4032059391506840783700595496,2.48653409942202373809753945114e-21
43415,35682.4723310153888916211268638,131.548449816639692309983364134,3.07471883991242894243992252328e-21
43416,35683.6158713660613758728776011,11.9521120719391881798528084429,2.7022509048564160565027630909e-22
43417,35683.9793058809793583979722166,4.50511941972183199707408546837,3.34347690251998652881352863699e-22
43418,35684.5565686480805345613368808,4.69602786752569030430162460126,1.60275660436971373536409878362e-22
43419,35684.9732565865744851478073895,10.6226432115629468937231023843,7.17643906751159006926622140779e-22
43420,35685.7731799834199144809216073,105.002644284258056527626747778,2.83830110423731328884846303776e-21
43421,35686.7162295523654929487704278,246.168459991253623570399188999,3.02064614752388619890723959061e-21
43422,35687.4258206312872442035797314,339.882694225839641332309394836,6.51524660138999277120038963727e-21
43423,35688.3677375744697978571731176,430.405803961165990412338961071,1.80063686103512272785486753105e-21
43424,35689.2822666981760784208127786,149.906266320442360636686457469,9.25543153304261903480579523942e-22
43425,35689.9779245363190755566448096,47.7700527164860602712717849943,1.89497856582201837676330593552e-21
43426,35690.6877888831127157049801771,12.6041949731689817809402371827,1.26256407253446110508627740446e-21
43427,35691.1154923502747615965352175,11.5779837149075529288473216313,1.20112837734237064468074950232e-21
43428,35691.9037247836277016897223336,20.8299673852660552998407577335,1.97087500380879420586432146279e-22
43429,35692.5998222038817278460806253,7.72694052959388780115325823387,2.76053461887514271343502620135e-22
43430,35692.8641696784991220806842555,14.0745477458320145990674427355,1.11259092833120400174586254278e-21
43431,35694.4208728408151633382622418,26.5635939235451497950136880377,1.7636248031669716129257967058e-21
43432,35694.7506087787486244367287594,11.9394928792110678777454719123,7.57845603382830925486121587359e-22
43433,35695.2396905030451557807429731,41.8568478148715655646885719945,1.69431905197899540591320548812e-21
43434,35696.2809919991138368836331137,142.811008973911390149881558324,1.4408593426011023965447017784e-21
43435,35696.9492630663451165480132174,113.284543662747132073036304089,3.19889727078188608879254358865e-21
43436,35697.6327575100070247639702569,173.070591178472448461577699685,2.53592099186872297249092512406e-21
43437,35698.4650400001144972976661127,317.76162717921691159326025514,4.57839660348866409028805805868e-21
43438,35699.7048343472335939834677502,10.6020322878137366049007191415,8.30877933319537869130076243519e-22
43439,35699.9304625717372072908452009,6.49542322001116538443192241986,3.48279001509949727324038631257e-23
43440,35700.6377567042430188598918178,24.1828826486563098936762034717,1.61278034350269001811831590147e-21
43441,35701.350048440483689219764267,31.0906127351163607163774259504,1.23190493708727737403745472864e-22
43442,35702.091517920613832059289616,29.0915318246472332458652916825,5.15337706849667557881904286334e-22
43443,35702.7907492339532420180537082,20.2025538829269952044616445108,8.18827945560358304139665523289e-23
43444,35703.3946658402155563659806707,16.6728777494814585750158861237,1.39495501834527904826320356687e-21
43445,35703.9236074664886726079130614,30.4853259368662633537438593473,2.25869170966937305396712983509e-21
43446,35704.5195233159827881562577058,192.401596400616743520378277321,5.5071055099945580028431786479e-21
43447,35705.9044301757509876250281371,766.857434302739884467410203725,1.01876445134483910933336742696e-20
43448,35706.8066398255093892135486553,122.437125055353807844238943816,3.10908498396526335891261327478e-21
43449,35707.500847391848444915235839,15.4385762645818396247640854412,1.51227367636418917016888512051e-21
43450,35707.9280133292405164107111928,8.03266992730959190301239423507,9.5303987295203336560216746866e-22
43451,35708.3846122295332393086888348,22.6547094293350901250349055547,4.70106630380194292094263613179e-22
43452,35709.4925866951812858538121578,51.8386849143195456526754762985,3.01630640417216795029258834659e-21
43453,35710.0355190990027718090238121,36.7854015286225621530628700686,1.14261617506752427444612227285e-21
43454,35710.7665332007175721490065641,55.9367426095449787696077231633,6.6450099570623764865706121211e-22
43455,35711.5492991800545081410973155,55.4788940920350383176503296315,5.8373961815725905282963350527e-22
43456,35712.3380815346622106566050422,20.4129678504658513407084800548,8.16096264592327609583700670493e-22
43457,35712.7479957545924485419227233,22.7418464744137544274773763485,1.09879401478054525626384442427e-22
43458,35713.5714968610230865870388524,79.0197772274748115346770257682,1.75499596151348997156852125866e-21
43459,35714.2633230813894649775640325,127.732812156816411997242103626,1.67625295071818458943281035671e-21
43460,35715.0024288375359788588591865,314.580978784272969350715236386,2.85390611502270260906048486129e-21
43461,35716.1220366390004207431674512,199.047002418705171336173954617,5.2722298385679974243748771293e-21
43462,35716.6791919148784222726318313,118.598232281707585060572912129,4.30593847009692993772611053175e-21
43463,35717.4782784167450927765448987,142.322511079937412768719502742,1.05153027838012155143226345123e-21
43464,35718.6224784738895322641740943,2.60779671945463416892864355652,4.60948061820553212665285691152e-23
43465,35718.8199571960026126033425358,1.48096335741520685871949420434,3.04768268237945781034746002817e-22
43466,35719.3564917694477769491203909,8.04362442154954016237342934969,3.7858380023102752638489742818e-22
43467,35720.3029830930151403840498112,2.65002507278266424045487579505,2.97431252363981790859224886673e-22
43468,35720.4648614455594014847703579,3.31003429276832279484183656765,3.4326487636093927799128404724e-22
43469,35721.5043193037139970621329068,191.430346799901218990499669284,8.41670196113390657258155065304e-22
43470,35722.4537651796669610469497101,195.97310117190329637654838791,5.28438319395507722187821367147e-21
43471,35723.1614913914977450254851224,128.218933494104328565507320913,4.0798671180419019034639669216e-21
43472,35723.8554806794692873351919258,125.156328961214137048370521358,1.61740508101861624390848556074e-21
43473,35724.5165141167657993166290624,228.562687684840702859371051237,1.97300720666611175619864867337e-21
43474,35725.7888405131426411689185291,38.284181621224377482276739065,2.41532356331775561942151750896e-21
43475,35726.2233419632190438491848954,9.69867244700002208541802591258,1.26786250986195149710398197331e-21
43476,35726.6595080435434537902251482,14.1158522886518630543330396698,5.383557357430820449406516067e-22
43477,35727.3364820704355829477316975,69.4993214783925504138369411788,4.3887652987095735118077524293e-22
43478,35728.4236283291947498262172136,82.6595049308060346624906843909,3.35409499448349754214037011756e-21
43479,35729.0765257958314920789518696,35.8979638739283264524637338734,7.47565635747113550111484640594e-23
43480,35729.8067426415491676433243291,13.6548197716184538027464126308,1.13026610621426607843019959796e-21
43481,35730.2417765738371088181057643,14.6285683496257557783498688218,1.17016200440281587250885284931e-21
43482,35731.0399510143213353554074805,34.8775206329232244009160312016,8.66851994796479474301524621745e-22
43483,35731.7784663457272948804177422,10.5291268368423019177150322992,6.98397585383172744190702056327e-23
43484,35731.9822956081729691019682965,17.9436163999746397049255218383,9.43991465860854895406109269603e-22
43485,35733.4271289752945959783184379,1006.02249976043946763418461438,7.97662939070790742432708648723e-21
43486,35734.5129604452163187663279385,82.0806648227702846786856141868,7.43995588534470030184784682821e-22
43487,35734.9390771424826943265510015,36.2558669683079175282962770106,7.59918028403585259953359767141e-22
43488,35735.708450793181339121569751,29.8737729917229757930514391101,1.85382616845578235133404077669e-21
43489,35736.4736554342074888742180633,2.82323253220898967795750814773,3.77404483488824426465693884e-22
43490,35736.6660109658142604222678511,3.2640590557568785773133513041,6.54849403340344830158117474213e-22
43491,35737.6672583976269414477566792,50.3998851394546870212636294249,2.1469949639771072950191886626e-21
43492,35738.4061711742801955551866828,38.3946189471565834489004465844,1.34877880941600959487326838689e-21
43493,35739.0769363766502186284482481,27.9769575932263534443072117745,1.11330775214333421646131806985e-21
43494,35739.5951087171560879949928862,47.8660208181232574195832539703,8.03183215683650152288672098689e-22
43495,35740.3936703523283207304479943,228.532899262044148906870715561,5.46586273882858732709127455191e-21
43496,35741.6311550215445740231862308,38.2784192835562739634171950259,1.28650061252930805164496903751e-21
43497,35741.8993904635270505835772123,30.9082970820239043807371900476,1.99353494254531307474072356243e-21
43498,35742.8651505453762770935728187,90.1524525284511974812854490587,3.2573566395749338207986463342e-21
43499,35743.4458034330798998660494441,83.4902094107981410862860277306,1.22948180419737123798678559113e-21
43500,35744.1804991392594465177772701,175.82286287866728160528242012,6.25823833275579186044719301541e-22
43501,35745.1735596626331187736743908,152.905838669587349891863982671,1.23363345714540198535532702685e-21
43502,35746.0904657134815722081657824,10.9842656344638752291099764463,1.16520519633082160366996578637e-21
43503,35746.447583791761683677298987,5.09959828263860248993058433411,3.32875285585048673889460108609e-22
43504,35746.9505766005693555738076672,14.1001153343946636657055905634,1.39870049865644783756327741284e-21
43505,35747.9303726651354992904696626,18.7892065388721806065119956094,1.28056090466722937018113081784e-21
43506,35748.3897365098603098526790482,16.1548346104951503773012200897,4.23421849987843078629572055739e-22
43507,35749.0224020484617942589499215,54.9340519290877833777201776133,1.68995980888181055683269992578e-21
43508,35749.9330082523285140115772344,105.458230996817003974573118523,1.168397709548562742761947925e-22
43509,35750.4127927964677755677597306,214.480779943714315853751374217,1.67495581395581693443320248197e-21
43510,35751.8214523022835842375029944,313.976130503080036751822749036,5.51296338844283108266123624809e-22
43511,35752.4519484368025114765230062,88.3386687195888566072823412188,1.45775534380595321012267859653e-21
43512,35753.1197639077734726600387518,51.420418229442731996289906262,1.34815426484890465817302972997e-21
43513,35753.8306940538214313458928213,32.7968855581539511168117955501,6.91414958911396685480278290701e-23
43514,35754.5549395526560508738823346,13.4410703407650289174102165978,1.02463862483756875886277946795e-21
43515,35755.1079074737572406945038342,5.61326575123052166624534216317,8.43204363260565178021850035456e-22
43516,35755.433931119751934601892802,12.409170489948568765053181065,4.4591423559221903768631451752e-22
43517,35756.5880576258718107037818176,157.040676178987299900941769169,2.49216418826847339056404984777e-21
43518,35757.4198060380275926962470372,82.5910092977082264783331574167,7.55199326071253358141378264823e-22
43519,35758.2583786394201824315911862,9.46721953603314150557738917538,3.40189483086152639296773221684e-22
43520,35758.6022644869773908381119774,5.07262320827403797033743871916,4.07860511181555662062852246845e-22
43521,35758.9929147723550219713943234,22.3722297909834615346774007847,7.14920258041948741824188775616e-22
43522,35760.0982251237865652607905855,475.693763453779854618717264469,3.38704685755539719309909744943e-21
43523,35761.2192473557006563530928117,124.92631251730951538814071121,3.71351011274264753840210890191e-21
43524,35761.6283988275464827298753528,96.9006345545262204603707968701,1.6615385931378671974919204977e-21
43525,35762.7298974109861319761156706,50.6291325984312164124859123542,2.62258172912630846670623356477e-21
43526,35763.1704806715892024069587307,30.1515427914426260663980008769,1.32217991900455215171751887822e-21
43527,35763.917099159770964651781802,48.9051372162263275447650313814,9.26745240095079738240321054101e-22
43528,35764.7567540032034336459588675,27.8919468209526935663381585219,1.82956325073323732913929455115e-21
43529,35765.5397807875077152356817366,2.08599456347849977561536584388,3.99334850131398517894813945296e-22
43530,35765.7993229848727120171715933,1.38411952121626521374333802738,3.72399783238432888048971434744e-22
43531,35766.205771224807820447544875,10.2340750549500954245155018912,9.20385276226888365102686784678e-22
43532,35767.3300927691555499993676675,219.849003642288309580058783422,2.43968036783393361639831884452e-21
43533,35768.1266518601310385721436483,253.295219416236170856638133602,3.22332368276125712744277965257e-21
43534,35768.8583759816877723965911008,390.049311797638295815851358109,4.19160168018708909832164057193e-21
43535,35770.0220372187068421652236343,115.271237347279080663786776316,5.89955144783382787912648107827e-23
43536,35770.5754256400587169105730662,32.9094941136561121861546657329,1.70576874391780802027206158557e-22
43537,35771.1434665418011850936017824,28.0387185600387656617076878193,2.2342622842305880382493894926e-21
43538,35771.7693156253532403740947246,49.4297557394261178246737641876,8.81468763972877739927800536063e-23
43539,35772.6028133151460372930635939,77.8367158518007069371243897879,2.8081641806998020748808123901e-21
43540,35773.3503235992146840425231945,67.3960906365510570721770281602,2.78523589419224764529485171833e-21
43541,35774.153678666546606649818002,34.9939478157912208279845321868,3.55725482946474637311748447404e-22
43542,35774.755785385093831994644591,20.3480411161656012632219886149,1.01169653044215487486771151604e-21
43543,35775.3125274399504872896321893,31.5838429305343131200974742215,3.78213398118989422718782985588e-22
43544,35776.213211557747193641999564,35.30869971232482513244644565,2.21952154511491639585332709187e-21
43545,35776.6879062777828684638004596,42.6415620868703516172306307507,7.97335539566655668514924127856e-22
43546,35777.556160813468465527618908,109.552761143471023218968619656,4.20789312568150933019051187871e-21
43547,35778.2233633616605408335753897,139.057756001511311877765632969,2.53713368184914693673242717911e-22
43548,35778.858885025127476658423256,432.791149444392538585040857935,2.75624765242013190868031961531e-21
43549,35780.5313031901641070442701368,17.7373216867356156685647156369,9.05616561346366882237157518946e-22
43550,35780.781155374019841654446409,7.26413721058194576719544526907,9.06374501005455519060653861045e-22
43551,35781.3964221656067788382958398,12.6089017936212078941657264664,1.42108174782658773853459508459e-21
43552,35782.0991158134178942886910708,8.08591225769778804700335192076,9.62202725049603122671744468854e-22
43553,35782.5168617748386422138522509,11.7360101204902622676365105364,7.18445372016642319543503826049e-22
43554,35783.3843796965885969882371497,44.3742291144856457802870272556,2.05652410186897718564404222554e-21
43555,35784.1040072680134780521370242,46.5132615204482133006573280753,7.20161857670447063333307656685e-23
43556,35784.7324367163551420878304734,74.5289346408507412006660611569,7.46294260147520990414620671595e-22
43557,35785.6068142606216682050043516,114.713062945947381832799178655,4.00421510923035240012123197639e-21
43558,35786.2744879536424076925329455,121.760270070441786612264109815,2.6338109469532638346461755139e-21
43559,35786.9999477453694767086365678,226.762597918696363993970589765,1.02153880109608730654469060172e-21
43560,35788.0140537871617773808552449,163.968724456798177127413651297,2.67892234888486271697235907402e-22
43561,35788.674769915681326174245608,70.8526787017447369363039509566,1.90626257786502347310463210403e-21
43562,35789.2930996644620876752921,71.2649057053823980485183179646,1.26690821440366646183073632107e-22
43563,35790.2236653131676749137029171,19.3121063054624654964039010747,9.15166731295814695904998607515e-22
43564,35790.502431378352827633610523,22.4921296057569096499671659015,9.34998806525933618824111425446e-22
43565,35791.7653715432881159724448909,39.2411152437927041464082808416,2.36203252318000273107185955597e-21
43566,35792.2054799010016936334094198,22.8793299877659079145814820087,1.73161403599149434769507425869e-21
43567,35793.0627543952710109378447118,14.7196045997082625942642872556,7.52551116155965719005845153404e-22
43568,35793.5644383428004172275929253,9.15161207859172436729665342492,5.88658905357395054263727370016e-22
43569,35794.1386073805286405224284502,15.3532206420380659092320286804,1.03297099889153807219838479133e-21
43570,35794.7684506150440933651917423,38.1821868745778095006506849611,1.42313434155754986612961593835e-21
43571,35795.3178680337555674411322711,198.351462638747371909311500881,9.81089207447327852987593671128e-23
43572,35797.0013358534362415236800506,151.652121253901233990281453238,4.41452956615410893077035809363e-21
43573,35797.422646623101767182021401,52.8650034040908214114183730334,2.022504370868439263695309367e-21
43574,35798.0465237163966646565053265,75.2474949946275912719769451078,2.74338223913343816347800004543e-21
43575,35798.9205203586577161722912233,63.5486441762867574200369977787,3.06900880725924803200849635327e-21
43576,35799.614044534363438840611752,29.8912788684073407544521412115,8.89636586099837087277263586997e-22
43577,35800.3165847013689321663906013,11.3238135505196376402106072801,1.06322268142672619323380302e-21
43578,35800.7898039439181224826917415,9.61319393116324672165904165438,4.75480277574538993467849120007e-22
43579,35801.3421637282368553756411755,31.8580952262627217543494634939,1.23534658855887900655931933293e-21
43580,35802.3417677467873461804282735,86.4190193661592762676581573243,2.98185218005134647764931306624e-21
43581,35802.948655060610870756903091,102.819234615529289553330568222,3.99250258515453961565338817e-21
43582,35804.0322978540499415641693829,28.101648162835400881351529862,7.52696289705897636957922441428e-22
43583,35804.3601385954047395273510095,21.8626154239912882084152699659,1.3700419848630452451454689445e-22
43584,35805.0872668257016835320905613,103.837942005953572862513272119,3.77634631796122052249262533136e-21
43585,35805.9227702894394667214752513,225.737020724906135423117618443,3.37667913794917718916540286506e-21
43586,35806.7572779453016930120451328,265.593439340138490834408483845,2.47117792082953219571164458329e-21
43587,35807.6585768628279212855960274,120.316063471255559862732259225,4.0462890058199281820213031501e-21
43588,35808.2367881039651843156418997,89.3235086065374176744729512315,1.77845077846080280621468649747e-21
43589,35809.1800273956557599545771921,49.0830479996170280286010023931,9.46369497845477674417453650498e-22
43590,35809.9506907335466580853051756,4.12400664631323824048100276161,6.22899779664279553403869440887e-22
43591,35810.3151811094936928645750381,1.40428557316377189285537219311,4.24059855947852418621192456471e-22
43592,35810.5954892705614489983279897,4.14268009441254453270533889166,1.46929456705118014796797842765e-22
43593,35811.9365655131757531337170193,32.6291250899451032162688978564,2.11435627994546381350893690861e-21
43594,35812.4100017797466662580988104,13.8007268012602587599546808502,1.34782924861462293736388625169e-21
43595,35812.8241910756208255659833107,36.0571301331960666855411271716,1.11253270254760231230416103567e-21
43596,35813.7811605585100498106313278,450.62862602288790805031601312,8.48295999353906528556447630089e-22
43597,35814.8065903770539077245519922,644.053901615771827029901070012,3.22969840101632109165039887712e-21
43598,35815.8109884357896224483083296,137.340965810962378165837048344,3.18672252797591937549384697124e-21
43599,35816.570746554041693009789545,7.793942505419900701863991926,1.83984112597342093361198352914e-22
43600,35816.864374616301977201082544,5.41261123474713769109102384946,1.42492140736610201400227083754e-22
43601,35817.519874894567530751961781,18.699395393183112911305482954,1.77291617338323828405239577937e-21
43602,35818.1275088888157327056170613,54.0692470126033633291170031906,8.08210405389847256513330335753e-22
43603,35819.1119371759617271208758529,136.201118661107416488214797162,6.25252936694832032003329995089e-22
43604,35820.0781159727055948579160806,19.6404993891527727582324208953,8.63909243368592522447410994622e-22
43605,35820.4471858331601078155890275,13.0614168313215918232134701369,1.57880276786952036778650820586e-22
43606,35821.2699440939772747401287194,9.6779907271391988755862176539,1.2945396380149057972862798939e-21
43607,35821.5566651447284026506136788,14.8553909719894686106987677348,1.27319248014672830935689892829e-21
43608,35822.7952828325012975858782254,41.2631339048497481812906080657,2.4495646638502389937362497427e-21
43609,35823.0901256035064623163849059,46.6183110423602387622859356108,1.47110004026656044238525503765e-21
43610,35824.0953709985225009402110361,458.727128192755168986628683478,2.64839406329572854268235750087e-21
43611,35825.1215491609417770611780351,231.782957551672467766275627029,4.50561432808872839371291543953e-21
43612,35825.7689768711276475335476894,114.097325401524155381153135232,3.02305480998412352380449206916e-21
43613,35826.668052304973987345259932,24.3227849230153230668477127862,1.17695825140731237059259196538e-21
43614,35827.0736416237787312893096852,17.619729138787375900911234442,6.02039323436592408359535204006e-22
43615,35827.9442947853977458684913755,18.306563691598724744707385267,8.09051862922571551475008861858e-22
43616,35828.5480843745472313332641371,7.84017423126174998524788930894,7.6971610926302050114179116566e-22
43617,35829.0114289626542778570694174,10.498373335950089425253402163,8.27975535047151730755115719624e-22
43618,35829.7323079230700724549608545,31.4430962205462580523211670011,1.67400539001573497529791731799e-22
43619,35830.2787455461255939050781061,107.816381303699918523035530479,1.01519356372943900329438948148e-21
43620,35831.637819893567917339968843,140.551679273521477135625665527,2.24566513910311205691481772134e-21
43621,35832.0883125242304052327059435,90.0400578723006263080489925946,3.33189227532295722917377219452e-21
43622,35832.9091032810931442281450025,150.446111456195810750473021747,4.42276267266650948085053165684e-21
43623,35833.7110118045107018554549928,97.9459684517479944815602098397,4.09648157858596091944219805815e-21
43624,35834.3339104740127678142821874,88.1647062299694431716663299351,2.44762571021367718062444928489e-21
43625,35835.130726663412843453906917,108.108126913701149561702012529,3.16166260508084981590548830509e-21
43626,35836.052993648674713624678501,24.8491008744167818216046918576,7.74099970650045880114203278452e-22
43627,35836.4794505597234175682515818,15.0109165967605917292790449048,4.55771275864711892673816841851e-22
43628,35837.0599798248770198977787037,43.6745247299400196207759588723,2.21946743399841125645081037625e-22
43629,35838.091569342376610579292583,67.9324125738349573414146999661,1.75775041326818625189263734899e-21
43630,35838.835779218124798396401113,18.9498822652589469488063369604,7.20312174592401796033357146543e-22
43631,35839.4152101801736875603738279,5.680678005397759301793992612,1.92964089958855683790532227717e-22
43632,35839.7462386172324179522096137,9.27631948394421081330220705448,6.78044552268192408306217733168e-22
43633,35840.5788497412761038637374917,102.372917408611587346862190109,3.08997576735428808204860263497e-21
43634,35841.2877351512447699386393156,384.202415848700232034521368922,1.62100469534017065821219760726e-21
43635,35842.4678313272171773910540364,798.448628905557543890890244791,7.50213865681527808349904185421e-21
43636,35843.4795682530102015113035486,100.610673803368543777725705382,1.0540940157879345458604683604e-21
43637,35844.0825492520636042869929287,17.4847620598923401300788585644,1.58235645956112392664122746415e-21
43638,35844.5605382201641777277332173,12.0433683354849714735226499585,1.26345538922379265907656990088e-21
43639,35845.1932781590850308766302851,20.0759518478371043515297682577,1.70178415508488085151427925195e-21
43640,35845.9251711190088049456936922,28.1109401898491809323585283105,5.59484266188569521175375605844e-22
43641,35846.6644321330647881791336906,18.388306522652010127597451849,3.35302830965661771456497069246e-22
43642,35847.0808244266002115387058177,31.8547479619515713899034761634,7.13164364994152395824086644456e-22
43643,35848.2227503126844096862126351,81.016233256357200490122987503,3.75447637306388482867081076406e-21
43644,35848.8352271968410159167568996,37.7823696681080435910646808199,1.56025174295144132360613044627e-21
43645,35849.3776846888827348273590298,53.3598658911007425218700644009,8.16877668910978210757906190757e-22
43646,35850.0726332641833438439245314,211.426361633851179661610850792,4.90047795028813220525708523238e-21
43647,35851.2936304489598522369241546,166.37145210133476994137642741,1.89440602460309985856703294458e-21
43648,35851.9355010322909613095156494,39.1428469591491472766315885692,1.28227916550138517110372806002e-21
43649,35852.437367735802324876959624,30.8105612371488208204807500698,1.82060849738367537648535665042e-21
43650,35852.9788887002364982588111246,100.204233544263755163382388559,2.57515598969982105061115936423e-21
43651,35854.3072593730470300397206502,107.926873535452405871102716698,3.32345378147868468127356198962e-21
43652,35855.0690644180872019774944306,3.29910120383588562443815635215,7.49167816693015097002872396211e-22
43653,35855.2616859372719407285167582,3.03307761912025722181538394402,6.28543204773120684847394518449e-22
43654,35856.2818587706131413233994175,5.78309146987320084132374039844,2.48734507905660606796612740202e-22
43655,35856.6094047312002976134332189,4.79769375650823988839690570957,7.7094370090377539475687303791e-22
43656,35857.1864281540492637450258015,30.9869206574227821791312947699,1.45920010221591077162481146022e-21
43657,35858.1786191221805093290219176,134.007040122737200207714194291,6.72521975818572071475185677683e-22
43658,35858.8473093258508845981345622,174.609999539188239437287118383,3.07106852672418642184338194396e-21
43659,35859.5957646172352847565184514,450.405400476118417422672765571,1.62208428663383777209816237045e-21
43660,35860.8154651964263996881469972,203.65129903428452585095062185,1.568421767800120401457065694e-21
43661,35861.3939442469012431070418148,72.8673287906447614222996660009,9.8662620148914275601319533788e-22
43662,35862.1220931146621955891091727,42.6934455558838895788051950766,8.5334599429927561064766013331e-22
43663,35862.8261657602078416276659499,17.0289372652096583940005556472,1.50952139923020684426905939881e-21
43664,35863.3247989888690467443176879,15.3352672766226734547160908146,2.82282893074567430536782462593e-22
43665,35863.9964055346990343689226454,33.3800303942362945763241893009,1.88628298899269853636634236801e-21
43666,35864.7424491941977254509916563,62.5802125646607674109928632006,2.75757400821095091970374920665e-22
43667,35865.5324452506157306509903792,79.0877718010049433975211302277,3.49448909538478852250908438378e-21
43668,35866.278987326225505903573921,75.8405144329113903494613614619,8.55829245411647988524159851299e-22
43669,35867.0549216216793466521860027,54.0109950601891088742495500307,6.58379576628413397185472513591e-23
43670,35867.7490623559996304798460617,26.8088851547993604708826192709,1.69507664775220395834867939858e-21
43671,35868.2562702227028172169114862,26.3146987837856058199654136706,1.78049216712960050267980655315e-21
43672,35868.7487055523866606824403159,114.731944943159019684159759705,1.65283750306942522292789860682e-22
43673,35870.2248127040221058701593011,278.375110946946757384417657423,4.91973492553103515212340078363e-21
43674,35870.7600530890482943032485752,141.746801861049608803760402289,4.22544997352183324731837331411e-21
43675,35871.8539864431469240554901791,8.14085538831205646029299423778,1.01274675921572897932199197052e-21
43676,35872.0901011430619288569729931,5.3391315404104374867595247644,8.90696539689257925926346360547e-22
43677,35872.736330154017209954626659,30.5616600285155246577838985678,1.42782711469283494438594398934e-21
43678,35873.7908232546387151428447925,13.0370501577789688198335218015,1.08319621943570768039148046087e-22
43679,35874.154742660369563159770565,9.71738710441463667779336905648,3.27827515103721888156290998376e-22
43680,35874.9347094063292159895394359,19.3929926529926431254293106863,1.56010152127570988335794628172e-21
43681,35875.5131048399840730364212964,20.6819249263013515200389656194,2.85539767960484046414167436528e-22
43682,35876.0134948404705743639816339,69.1815342920726090308362141144,2.85310735867369863621265517361e-22
43683,35877.0494881964126618833686943,678.050556519179486582515501064,1.88255755377094385271978327254e-22
43684,35878.3715303744912175225186917,50.9099272073070062854054399237,4.828831424312285177757778297e-22
43685,35878.6911180935656960412016215,24.7175638520717145079970812935,1.32607921278220986337483374238e-21
43686,35879.3104035264863712952302353,72.2756927371082043100487703638,2.56014580099285853538956279956e-21
43687,35880.3737573890433303052759352,35.4328933881877040153014841044,1.32346415660391004379767349447e-21
43688,35880.8982609161737737177413697,8.89560015672759160796278166073,5.81513564155491434609780856185e-22
43689,35881.2160689193244950242842193,17.1138089670789446382966239743,1.23752287212889996992964109326e-21
43690,35882.4430399415137103613625264,108.636862289810774626080307175,1.25045689141489287368987639163e-22
43691,35883.2314281861541379877576356,20.2716329620307991000737381952,8.36780557372354276415676806769e-22
43692,35883.7238923393840897447365185,9.52505211119864854300682782127,1.60041316347897698599305223782e-22
43693,35884.2080009548363527936052385,19.344437745769796760474298509,1.79351812175122131370427605661e-21
43694,35885.182807756396002594933615,24.0556626266930780951581185874,1.92781328071566548800206939222e-22
43695,35885.535538692327191443765265,32.5795904147826554086222152858,1.97297253451855426396572396605e-21
43696,35886.5449401811169358712426305,187.11115101042625069661257683,3.93780650887819379907449509979e-21
43697,35887.162972969516951181578905,313.278803815904742116758090123,2.8383235690322412496463582853e-21
43698,35888.3809678798241576866238237,168.829107232162309259367926526,9.69292226160046965623614299188e-24
43699,35888.8292718324859393382031042,121.592182145475111271402297433,4.45916938471343641964224967936e-21
43700,35889.9620295969601540613874971,46.5248294150579285583320421011,1.76707690971981841151095023813e-21
43701,35890.5982616245355028103632405,4.39893872344790003240249377045,2.38696876136528118327990619945e-22
43702,35890.9393643902064899842064144,3.2610158439251177171817824581,2.35693281836339882442282951597e-22
43703,35891.5852880311070134762501742,7.59522069211580846488225760477,6.10916967556051336840845593758e-23
43704,35892.0618816305523610667412104,21.4332312645219088442442766959,1.93922352718903666736573592865e-21
43705,35893.013657910680349781288104,163.232681591368362295480933721,2.09138244113008758812574391446e-21
43706,35894.1533326697708167566998704,12.4820376680901045965968656526,6.26060827915216071410443100561e-22
43707,35894.3438661182795448719063345,11.3531698787882964112003849622,3.66631748408177918113540522493e-22
43708,35895.237421494878118278061541,140.696897526015095508503072204,3.31048452067827196684294780654e-21
43709,35896.0052719820536956775433758,221.733832637478535740839591696,3.76545608907739289478456198382e-21
43710,35896.9028329110063762841035511,212.912403936953328463310308279,5.43448182201634552254216256487e-21
43711,35897.7510105429233243551945636,61.760568821623082169272221672,2.61782853150452570708836946366e-21
43712,35898.2647141301481576404927157,39.9634285777629934771555147107,6.92286112922120920065331654294e-23
43713,35898.9134061423564250199342872,80.5860514356151196425077619867,1.2396834011310395512321545309e-21
43714,35899.9029985167573900185525223,62.801621064505216502668636036,2.61636382683317896552848135106e-21
43715,35900.4779042123474892864395237,40.1085529510590108254887062366,1.68300607793324334223834002411e-21
43716,35901.3130152209613673991794385,21.7491403722076086253002025616,4.50822926782626233492654921472e-22
43717,35901.8402575919800191932218698,15.1088758240040179809524064038,6.50034722483033054873195524818e-22
43718,35902.505008440332642397655645,21.6251388761868269808435203848,4.90120461221510451429922072061e-22
43719,35903.2610309885890641358048561,11.7987938670305429188192334117,1.42794373639176738769009069756e-21
43720,35903.5765742632655356031218462,19.3886341994559853356330719076,1.33497855782685490928095066343e-21
43721,35904.4336169851922530357625168,456.689028020149200271828181237,6.28521988375114589860465050146e-21
43722,35905.7424160650066752618325475,818.656304008707431087623857493,4.05782089382513702508599255897e-21
43723,35906.867151809427553958064168,5.08780197605557360939699931342,5.53463575088336091473799740848e-22
43724,35907.0343937208854993589969696,3.18886970996604971656162503827,3.95229789992994367129385362912e-22
43725,35907.6560484736371290058605333,19.3771581393212256965694948924,8.01177052870148443689847071242e-22
43726,35908.3674431333181280690666378,44.9377358810459174046376603658,1.07493376827340813319821839799e-21
43727,35909.2109984392669720111011235,51.9082466384059715755027207635,2.93820867885434114882304291367e-21
43728,35910.0198192879682745003218448,13.5045821721829976143694140752,2.71824857552391751093955904372e-22
43729,35910.4121708115872307977542683,11.5187840511337750380730091254,7.84280875677197080382818453918e-22
43730,35911.0084264348803960381899853,58.6726353165420248928130029346,3.827548265488799827109719257e-22
43731,35912.2425086067434877763127735,49.7803804733485042473884196687,1.92052896371435352337249555604e-21
43732,35912.639657327929894483381781,35.0551867616036756077318821655,1.7128222432337560729005628006e-21
43733,35913.3709047709246068201010076,106.042125960746625181529960358,2.61182095194198102566883628213e-21
43734,35914.2602669328965243185007923,111.277901156233847490561099712,2.60404985195630385847121677515e-21
43735,35914.8626747930044308118901301,107.180253455536272091522380409,3.31396594781094221090109735017e-21
43736,35915.5564903258782450950707939,266.19021478778806338133890761,2.19925657523029490263306586162e-21
43737,35916.7663706436263604564435114,123.054364672347066278050823055,4.33716598072679063031928232346e-21
43738,35917.3216160617800823857755289,45.8991947520912084038886095234,3.48690515182538021344438905227e-22
43739,35918.1147095872709434314549563,13.9605073106389852155829038871,1.34256978733252030484968827461e-22
43740,35918.5294681835444635926266498,12.2801958425477084142482332015,8.54539140161762579172839386094e-22
43741,35919.4181115198095316722366667,10.4746076006980798232687398893,9.34893284551947687364650612017e-22
43742,35919.8090951715009580875553944,11.4323209273957107472685806862,8.81800944470004992232397458979e-22
43743,35920.7584997885865042252512275,6.38716430582496833931271225104,2.91136790249113120144369106316e-22
43744,35920.9423101989587523279905944,8.79685422768806277203487265224,2.14836933810224804137640333789e-22
43745,35922.23262001928477689948513,260.281974274374422808202192659,4.57294197960802176693281608071e-21
43746,35922.9032984496126549120342213,185.375642938078511674662639656,7.85195396214953383167996285555e-22
43747,35923.5772732157177838291828791,331.320941124487109931975476759,4.96861876998230386758284656431e-21
43748,35924.8153175609851949575471388,101.988149986298154863863407945,2.33648036207642592091437446407e-21
43749,35925.387857591286804343681926,21.4033693437021768472953518686,1.72890046877492079613241388697e-21
43750,35925.9683264616559611756328987,8.61967170496921243167932951704,2.52186807020452417265753730966e-22
43751,35926.3647964339411121861928593,14.118409135113566610156788883,9.2236519623262309127191223776e-22
43752,35927.3750699436284055479379013,23.5589117063817913979069161491,1.58191990598791592365228546419e-21
43753,35927.710949489443705332426799,33.8213487097296452992695001743,8.414321106325771710055676534e-22
43754,35929.1180252005039197577230777,33.0508152154813024430787035589,1.5007659979649262660319902999e-21
43755,35929.5629821884997909336110584,10.4571447433049761537285835983,8.84766806148179745861939751493e-22
43756,35930.1353591399784765338820227,9.03360513362211215670661690794,1.84806675001316441808034774635e-22
43757,35930.6131284419691979756690284,17.4830829074887752029389059871,9.47508360959969645120187793015e-22
43758,35931.2746960102706844121105677,121.172002042449215203650015029,2.5125543112116063020792038118e-22
43759,35932.4149815325168493532055969,372.101086512081382524848517582,4.0889025133679238710649954989e-21
43760,35933.1028902299243106884940145,333.495204347323481054271848837,9.08526702714158737118639034758e-22
43761,35934.1343149218621317694189095,127.769618330237847063323302918,1.35426386024891665768851541273e-21
43762,35934.664942807699456508501977,74.7237840875436279485765729297,1.89877951925136972986781306776e-22
43763,35935.5581521633388314873857112,40.3466269913380965071433642091,2.45983539101115991615765768249e-21
43764,35936.1749054946835774504654605,15.7680878390052570080625372562,1.52213928521099575399103709498e-21
43765,35936.7966986405975807079874208,8.53578100353395427236213876302,3.57921397371900465016884694034e-22
43766,35937.2449369855368257628061382,13.7639478613202527793477962272,7.72985776306509878826702689599e-22
43767,35938.2623942417165937909226393,10.0052674487535796936640770739,4.11895279827507328379456814255e-22
43768,35938.5320913516001717745583758,11.5924198750909193543664829402,7.63730871817961343882933331009e-22
43769,35939.3732420180265650043676536,180.8562748379968325986889343,2.76405150893981197869323466564e-21
43770,35940.4347310992739640536559849,259.158859914746042272386715036,5.87682323356560007888805710058e-21
43771,35941.0943868704649240840972626,205.515612085961555207479925157,2.9513255404800924181971940637e-21
43772,35942.0337894896199009618525573,109.786268595265957069126047414,2.78418290886127841001328450436e-21
43773,35942.7038024862013927833472371,29.8623027309858372584233107911,7.67708574554245634853378215926e-23
43774,35943.1123551962721520194044171,38.9726426318458544344633783609,2.03801337928407958383571591616e-23
43775,35944.0566058175341369094212303,138.794669035163753340631105447,5.00211613378075951771735004591e-22
43776,35944.9160146848388339507770226,67.8377031547831008056373612281,2.80568339292586877522761862774e-21
43777,35945.5257042017657408620124822,45.1932156821422568195743885117,1.4438794395282171996158318769e-21
43778,35946.4478646763299729191953583,6.6631331945215925654146985255,9.42070496426091951780152004269e-22
43779,35946.7166111321843773464026384,5.79031768066439037661485836225,6.81766696580990340875123911565e-22
43780,35947.426903048397217649059518,46.5254775890592064857315780586,5.47081760195720684624768538345e-22
43781,35948.4888574002920042828695406,35.2014941046377232680373668797,7.83393718117486957039252608557e-22
43782,35949.0749976370772969803615537,5.48069361252008640320017823449,9.88839583628964316190659093514e-22
43783,35949.3017451131025007846047485,8.51654028883383348854052838678,1.18267242669273463679793407983e-21
43784,35950.1556646706243392120212705,459.862242353896250792896880662,7.08538962309928424318842979175e-21
43785,35951.7606775058772525290563859,198.895902262027395551573473038,5.88740022479243274961003052843e-21
43786,35952.2730254900858129556327827,46.4016248212469119649138455857,3.77917699564125303143890208079e-22
43787,35952.8995390060883759714556234,28.6688016745874235065973981055,2.08375952553301639988182156347e-21
43788,35953.559667280277913994287991,22.3592399396626048338164971631,2.94168840232358012988954190592e-22
43789,35954.3637564392899037142584578,3.27042853979869721315791623529,3.8714367464562823535972890215e-22
43790,35954.5788559932926066663207195,3.76903140010295096509610877569,3.63156364537210385891494705434e-22
43791,35955.4717998203054741328624643,66.3812220877049920027341010248,1.7174896703613222363239523908e-21
43792,35956.3290318639351165208038221,86.7098227117229087289247866811,2.1154446842776200017008494878e-21
43793,35957.0932368431011226891145498,51.3459966355349021307585875417,1.10418446624831153978555645957e-21
43794,35957.628882932408334128454756,64.3487049590197064243033119616,9.59638543367290668838609375949e-22
43795,35958.5947256782594501948437921,56.2042077213441244263813047426,1.37947081990501510864565320123e-21
43796,35959.0056216815906867747897901,67.9198347249100105071648319316,4.38341594674725110937302999106e-22
43797,35959.9575324555419665470362812,298.13309256301224761033974784,7.09363925199428285590711025065e-21
43798,35960.9029298372892486676474609,162.544882442871189910671933009,1.53856863531101146981641161172e-21
43799,35961.6799087551129620532301994,23.3948742041902954264479255838,1.85748761434267787976466899548e-21
43800,35961.9943306003234688758186783,25.3395319800338038894639595648,9.36180149324801696874302163799e-22
43801,35962.9452032198216856900800665,139.708495615421601736460907419,2.81071209089750800280971328457e-21
43802,35963.8974935614525984636488772,52.3980684929364156787460030091,5.85946895895362890026343931868e-22
43803,35964.6961754606002207170649351,1.78998057042015238898366563355,2.96056064436101905896183557155e-22
43804,35964.8915895554379737703405819,1.49668048851038977346566620889,1.2747297358149379006029248722e-22
43805,35965.628870386116260514223069,9.3624091107779346244380991487,1.72759506264984396346525199883e-22
43806,35966.0989286200616023980199536,23.7172159142022927591628744651,1.67611085507509945700695073899e-21
43807,35966.9887417862389768667222467,187.066683415062382346411607702,4.40631640503996515618806267772e-21
43808,35967.7951082854157706288982782,493.527706774494460512059778921,4.00995304251390114902801934498e-21
43809,35968.9943826444780906486807248,177.985091069076364805419877699,6.63825285916686256619980540247e-22
43810,35969.4657316807080409432454984,106.098644386790802913756742254,1.19457848681718551549507947429e-21
43811,35970.4130599077944318443688809,57.054592738444973933528548078,2.91870734968395158106638646604e-22
43812,35970.8926367472815476111522828,45.1179676965914820728756317529,1.03319025442166211665827121824e-21
43813,35972.0118708356889646395605209,2.03297659482019462791252320834,2.12969558836736654664197819444e-22
43814,35972.1608620298614907931895869,1.64415262623653428609196839656,1.5412213254114867340316127755e-22
43815,35972.804960880149748924841356,29.7046852722621132714635312803,1.27587647526576548489929014641e-21
43816,35973.7383422667617791529633958,106.834250261946974251456280686,1.0341010967756361828803858992e-21
43817,35974.7052827245988717773005807,20.0799130259181130908623847485,1.8158787680863980354712623198e-21
43818,35975.0132067084745619235674341,19.2212346887242131233319561907,1.74321328687234663400967461973e-21
43819,35975.9851820372458905265841983,60.6783993334860404786484894094,1.17286021814019482121547486384e-21
43820,35976.6928223976190958498035105,16.3737020188208922123465576913,2.03750829048010636931151855161e-22
43821,35976.9753450151402310107190966,26.5246859860929302932251355248,2.19129087795200922707022547583e-22
43822,35978.3064279313476398350771022,69.3236255142649004816397030136,1.13367267538498404227417029283e-21
43823,35978.5701415299014801919611121,79.0059477757365178127235717832,4.11808114043744568605587708816e-22
43824,35980.0038455811215322141223365,192.212029643144412427160711324,3.55560097149970150565898904878e-21
43825,35980.772660242075629533569427,9.79680264309854229896676790463,1.19542119581510155510559153801e-22
43826,35981.1197654888074684165912014,4.91462860573665381992251267805,3.38488156681293775534747686424e-22
43827,35981.6716753291701093935437941,11.4433587643971983214088403624,6.93910747212568056894322715859e-22
43828,35982.3646289295901192217649213,33.5503900780944120672699800725,3.28302262781266076425945058385e-22
43829,35983.3891725366507378677046337,7.22155913018805646045423830321,4.31277321586282249159293014107e-22
43830,35983.6228938464548746223008756,7.25859847821881926550473293319,1.35516347127622439130379401686e-22
43831,35984.5080894660949910083981281,72.467893247110802609029810558,2.82259589877897209703559137004e-21
43832,35985.2466143919370330618248164,92.0084891943390572048393177125,1.2834338712485992840881096188e-22
43833,35985.8013776187783878887719848,232.824398556444109072095959917,4.16131280103567531688537656136e-21
43834,35987.1337628262809661268890427,344.935520393643308735210017259,5.27447375081949242336152191544e-22
43835,35987.9063794328772808745125429,45.7212098810482029420819671174,1.39362389315357222231940148006e-22
43836,35988.3984268305920789351112438,22.4213137249760128225391039713,5.92440023173730306572733625748e-23
43837,35989.0592585930426397652660632,19.2013748781839909265557905425,1.2104124743578805462243584696e-21
43838,35989.5067849992911209983143249,38.6798856810526115182773592341,5.27611032471651365081328985284e-22
43839,35990.6270012950837822581841126,112.659455669657415711804864638,3.88428589097212806229915951411e-21
43840,35991.3921559709862858238865624,31.1309948538970813029592399795,2.22051178247091956808300394249e-22
43841,35991.885766455515328135891361,25.9191782619739456097456386379,3.02148505670335336722454689394e-22
43842,35992.68666505007959197636348,36.7461914995646574087234584316,1.38071807991772904300214454608e-21
43843,35993.5241391817302779402115615,4.57536174743224921679869601293,6.12456967806466646953743187781e-22
43844,35993.7482480732911971028103133,4.78176092359579728692627310136,8.68194894912979129583597847186e-22
43845,35994.4769894217017539046951198,86.7951179728066762272361021509,1.16524710550105077539585312185e-21
43846,35995.3976621337702463397501022,420.599822891076285361263952149,2.17166592237375709185740326445e-21
43847,35996.3980437372008975159405359,406.138448503249709392882130008,4.59296358509303804539826357087e-21
43848,35997.1373949983737775190741534,257.673452596129632710701155262,5.3604515338230589609514427798e-21
43849,35998.0591868468032452436891132,86.0191124296606146483449788735,8.04030654985739855126413792782e-22
43850,35998.7614572667527811655753361,12.1085609228412345645700374426,4.02342976595824531145731013742e-22
43851,35999.0913495475164050365233464,13.001952726668044838625187895,5.9089230877057907629823412236e-22
43852,36000.2133668299185951679847246,9.6341484693462054046914081356,1.03989800772576778837454175174e-21
43853,36000.7199501828951720442068207,0.727821594870976578881484816869,1.05606543469873361604692602827e-23
43854,36000.8693896633420063794180186,1.03113744716068919436570057225,4.63267866276883222908433155418e-24
43855,36001.7429693708151654176354099,114.222833611799823512964270699,1.97250896923814016882176244447e-21
43856,36002.9251139752577849651711953,211.589541367322778054191136742,5.53605455752738967849338263041e-21
43857,36003.693814615019843826441173,51.9488013325398009021579802322,1.16137980563011650683235221021e-21
43858,36004.2037889903316662159154368,32.3443822681066293802563359328,8.52343804899194403304762318771e-22
43859,36004.7108642050492832678980129,91.2506594137183780050263955823,3.8918565237770155113488071618e-21
43860,36005.8968892578782508380511481,216.402821810106421070657062764,5.20133319252302183897304896832e-21
43861,36006.5615991116136175959050091,109.869242633655167933788196516,4.31418509576672607602102606512e-21
43862,36007.3782298955896181269292335,39.0690638722108076622746573036,2.00755138530758848289234703839e-21
43863,36007.7979210790817373508520669,43.6860270406415710819441684076,2.59663465691566039680400386379e-21
43864,36008.9427624643362778847740262,20.9368367562407503343162357787,9.7794364797292177622973429411e-22
43865,36009.2724426817731902035361116,16.6176131345791533917210155475,2.14524152637828176622602271522e-22
43866,36010.203354311107977533059684,30.6935701552025214684091537541,1.87520793858075621273276902069e-21
43867,36010.8701006488047661938767893,11.2623005898204439260037009848,9.32787777287880605491064543522e-22
43868,36011.3250193816810772599111505,12.4760000029281240524012534587,1.3451532477094411320950388501e-21
43869,36012.0185593950522587402214971,38.0410255927321791545161573177,2.39403070442024812061347565296e-21
43870,36012.6796964131026204917737942,104.562006300455944806559994116,9.60263924990810206914938941271e-23
43871,36013.4168336943494329161784319,498.405347793780724072412572357,5.91863370686648963714477006101e-21
43872,36014.801705981515437551485882,347.385852032841939402957132531,5.65497786066859273690007984907e-21
43873,36015.4330121948606532477073986,93.7225633065616964351033178443,3.22011387041913350946964585553e-21
43874,36016.2149822560428011672588391,21.5603754740969064977356660728,1.1724097412036014992212196597e-21
43875,36016.7235811554174658696644302,9.42690518643391921476186272147,1.90854231892130079617357472124e-22
43876,36017.2475150991822664079564113,12.5763624807325176695808321541,9.33931743524662566694046444484e-22
43877,36017.8559712203723514863878775,41.3003364277033720982027858511,9.10070408819826822843677718772e-22
43878,36018.8758852026512971463231116,67.7996137666485543848253688582,1.11016156622207755845533859979e-21
43879,36019.4832123064655702269091482,53.4168755556009717922273030066,2.60588596736359679155644689802e-21
43880,36020.4325729814825997795679105,8.47567088564488968646627968274,3.9467633811447754318946191848e-22
43881,36020.6675893991230963151751457,8.37397315570555022132310618891,9.77039380007599727746671356782e-22
43882,36021.4323618956237066042968942,126.933828765221872017305466625,1.48848291673831033281082077815e-21
43883,36022.6750077443835651897388538,39.5588139819191037544397224112,4.8752026510256872865894923575e-22
43884,36022.9572007660738546590503515,33.3671229370105850104464910089,1.45595966940865372399256504601e-21
43885,36023.8403857434703677167994137,172.646802575857432292620231972,6.14568208964227352074074900778e-22
43886,36024.5912462181244033289521765,238.853596319449281358520429473,2.37890424457294345525667586078e-21
43887,36025.5319739167859867472201751,181.199612810173610841299582664,2.3067314003148275880026435366e-21
43888,36026.2878972013748677635497907,78.7793387923180650715124661994,3.68421006724096015288830268553e-21
43889,36027.1922398930342523592010074,6.04758147453291302222566911525,5.57068206241652286812187876292e-22
43890,36027.5486912029570197275316819,2.29986525762570892823343498267,3.40423943435108101359163710361e-22
43891,36027.9484012664319594054570002,6.07525939163558768287666073688,7.49524559975526728011291583999e-22
43892,36028.8417844247772231324214696,33.6528671047858128768623819953,1.90159737370662027562951214944e-21
43893,36029.4619963396155423281324186,54.1842125538112497071090269735,7.90498123511578786753398488753e-22
43894,36030.3926076691902951984419201,31.2707334803108765104151123445,7.758698465869422952203517497e-22
43895,36030.6625205084121914493669548,48.1524044254142527359333773031,2.3659583623343669253393169203e-21
43896,36032.1730985777214663202238109,171.24249301400770701642525666,5.15871105385553999594633547909e-21
43897,36032.6140201838716181010530314,98.1970690360762531981264955283,4.16564677539853381430835505614e-21
43898,36033.4975364904880307882690245,95.600393100391876688432768559,3.52287186926760276616080269121e-21
43899,36034.133421971622942118591246,67.348385135495262672506978198,1.98845270755536056889785937072e-21
43900,36035.0038969033814289611714126,25.5205656292850937194864933089,1.98304229929653369669356830524e-21
43901,36035.5095409294405030980228212,13.5304181582170607252642408247,1.34278330461107054950201814334e-21
43902,36036.0403931037641577676435383,26.4237349978232080732996764114,1.50733457595176359147786753343e-21
43903,36036.8238290925360634336736707,99.7368226211663516800979298954,3.97460509444233579960457042129e-21
43904,36037.8342723533361558121416272,79.762640443726809414755746291,1.50308283527593096036336041284e-21
43905,36038.594015337273541344494573,12.3338757784014494356511133718,2.50718091086083608007253570033e-22
43906,36038.9630639987463157527026535,10.1589645345140919272207234564,1.86261607294686577858617898468e-22
43907,36039.645750001571494560505789,34.7963967005783771098527456615,8.66362411099673233917282904332e-22
43908,36040.3994747577894023461722808,48.5100770309888109262015443644,9.2076580343133214108849991883e-23
43909,36040.8075205451851140760819467,132.956900238582021794872858969,2.93426766443437123866449005096e-21
43910,36042.5575461336428724390411889,117.538749737557380737042582896,2.44910599475256762561352509785e-21
43911,36043.0016065332802054181745413,26.6909921288452384757546934683,2.33700068591299828432960156159e-23
43912,36043.4890499822645135069477411,33.9121755499335509607391479964,9.05823763843963683846708388271e-22
43913,36044.3605670652840817250097805,48.6370206405362061421626466346,5.26785618597445407422009667401e-22
43914,36045.0852126485903910902936617,22.9037618014143389150363165889,7.94171010633626385958818493281e-22
43915,36045.7214528682295651803465827,11.1931904041079054261527854789,1.36046679159794842099116072753e-21
43916,36046.2097407591321840242554377,14.9042424117162453838338292517,1.89973498800642117569523719732e-23
43917,36047.090063101884132152902781,13.0461295684813653647487634866,9.61673962182293385963846398714e-22
43918,36047.3951527469804076052338728,20.2046506993562457969447779672,6.34356870696881633989032432895e-22
43919,36048.4860113085234395590644702,245.629941513339058078117680745,5.13649863208276534560320978758e-21
43920,36049.3510838850003385135789635,133.745401483203764750707284348,1.61489635506181845508726123233e-21
43921,36049.8642387101617244256967725,167.509875476245635068840592669,5.24458981019649005103849796276e-21
43922,36051.154650672393106689434858,26.5981091617402729691303427171,1.43042899863361587130379061491e-21
43923,36051.4234036629348687338642783,17.7144385380938562190305969208,7.93892601047268388609625709671e-22
43924,36052.2179464493800198074872869,52.4054752311079357783328428119,8.76564983222936073984787743771e-22
43925,36052.8196497391247447616810445,81.6030291659051200925200558984,1.24726552117628384345982596992e-21
43926,36053.7256898982746228364890229,149.337452801922273725968787683,4.11790606830525514616441322859e-21
43927,36054.7588503555652889586296348,12.8992350097406173585387259948,1.4198098237344894455284514709e-21
43928,36055.0677749988091512722004314,8.31355263359419877693956307997,9.80547888277300596214316879999e-22
43929,36055.869772166593657514815267,12.2453830498998241110392439664,5.85918464682150780655529195073e-22
43930,36056.3458618353609793487757808,13.641027076833490274143438697,9.97408780258824888949997545873e-22
43931,36056.9954365823058376622280965,51.5118759282595094578049531663,9.47620934410334204271851761838e-22
43932,36057.9456564768180181999905223,91.7896713896246207830377706366,2.78540433849086119607201949727e-21
43933,36058.5096986178970726158773883,110.577006685218929171542227837,2.43849378596707913440681968365e-21
43934,36059.2561458436385697104813844,383.038411324425754235594469915,7.70853822013425056046081736954e-21
43935,36060.3233762297150777722202891,637.068096714416282855710383261,4.81309388411399595085580144348e-21
43936,36061.3855384779835601057190951,68.4119907620843548743621269758,3.02165317867417940280780886606e-21
43937,36061.9620081529553311556203317,10.7677281155797201930843948059,1.32958809797449386050691391095e-21
43938,36062.4811721161844948952448869,3.83414267732355844706038716974,1.56256858985254353350070851355e-22
43939,36062.8460805414575899200075521,6.59091533339393445979653350831,3.46983817493214674421929443389e-22
43940,36063.6993730240235957842553823,42.085143066213903907188043888,2.28255472700108428895747590455e-21
43941,36064.4666446559081109865035992,50.4026473529188023003071317116,2.14969966262498519711247559991e-22
43942,36065.0788422003391902430247882,83.3807151198698647683504409872,1.30992374923574284406251140126e-22
43943,36066.1101484339259181851735155,72.5689590037694402412906898671,2.64097289355332067232612064936e-21
43944,36066.6884552093985474203229649,37.4123201218938967639014948873,2.25457766491120242228828485469e-21
43945,36067.2832098415873925945498909,49.7193321151039778827364262572,2.2380839048359856549101403994e-21
43946,36067.9066010344738127634386469,155.691094128489201831694242211,1.2012365500183702571030478446e-21
43947,36069.0966226735438521990276218,164.169747785541035900153119444,1.18104266317732269961770469778e-22
43948,36069.6550566228077305953791341,85.599517094868320183452223997,1.83358247431645369582848205122e-21
43949,36070.3070278826755509067546128,142.817665029296341048187530422,3.28795509224829189246092979185e-21
43950,36071.4010928304686210086752882,54.1123976360635604100915208765,3.06919572650148009927038505377e-21
43951,36071.9077150641688236346341074,21.7963408650337928542506875761,2.98522069995775995755130399105e-22
43952,36072.4847823101268082952826465,31.2492757296422199096987848547,7.06914052100982200308725911338e-22
43953,36073.3481881013614416325437691,36.1530075605043784639722113291,1.36123316139252892548316744608e-21
43954,36074.0628671299178752885781943,16.1739096458639276282258451189,1.38543505503669844319861189771e-21
43955,36074.738667031671475772533353,3.05916274430587917711082530069,4.84146561295764273857051367362e-22
43956,36075.0065461669039000790953518,3.47982569831972108530202846474,4.22725921766044066983409824439e-22
43957,36075.5495321122638296202290061,59.0801308628752204738742770476,2.05071587178951046604368644282e-21
43958,36076.9183476831307264651710124,838.368628269532562265881529205,8.43944734925890387080060464012e-21
43959,36077.8247122591941235810377882,320.130077606647083620405658985,2.85601975564986375474946785782e-21
43960,36078.6898210274088139599210959,39.1408539532967694440788945863,2.64032027386794864740701508267e-21
43961,36079.1259107871455108768870533,19.2601158250064915952343246905,3.36254011716947098031091744226e-22
43962,36079.6817652060809621670421267,43.9484677762434663269434543264,1.96556351604855382605526566736e-21
43963,36080.7772662123636256876954266,20.7071766404108565217689035593,7.01883528214139594901811035164e-22
43964,36081.1429609541968819520398353,15.1815523252824886152538461178,1.33558890569537481032963117326e-21
43965,36081.8824587658490024435296275,46.9261023546246932777469056886,1.55922543928471876676516178716e-21
43966,36082.7668503667130274972273837,26.0002789746380889049688055858,5.22020361633346996971020630175e-23
43967,36083.1517268877807166404066329,33.7014282169878729262361093826,7.12550558296981638766689137736e-22
43968,36084.3778218102141117063227937,20.1741528718620243117867235135,1.18813410156048614446779964679e-21
43969,36084.6877452500519900286347421,14.9278552305910751400292052242,6.53068861714684368470512133387e-22
43970,36085.4611704780940970959420266,45.5932676074745462739139257739,2.01297759745214099675497949622e-21
43971,36085.9872104166161403266767223,107.794332759282220575611610131,5.61805252075750370590668006582e-22
43972,36087.102020644162220791073531,299.438041424617179643114060474,3.57022793855747351755880759366e-21
43973,36087.7405945129207500575848053,289.034472770370923107748198414,3.97893479638411035563354165583e-21
43974,36088.7742603147190779345986174,193.842917565636569857247745761,1.48472780666977335440205978757e-21
43975,36089.5999601956867925702599305,24.1009965691340600979942272153,1.3106115634524970653981428374e-21
43976,36090.0519865637381521261371387,12.219165368790055617065128347,1.15036860142182660098075327212e-21
43977,36090.756701946439765847473342,10.6777007965407584385068580837,1.55081985934972426143227826968e-22
43978,36091.3411028367871298310809747,7.22985273327376227517930987969,6.67268040013318902907180104005e-22
43979,36091.7852036985982589729332371,15.2600117364835032805176339906,1.62432918931159787316268653986e-21
43980,36092.6472726075565029599811215,104.13087795836785569830432217,2.85713806245584768855216986486e-21
43981,36093.6522311027334577155182144,53.5474442445441976729523590322,1.04958744849988512941778336998e-21
43982,36094.0565894280156346704980082,52.3645722402680438231333700385,7.6511997351667190587079719493e-22
43983,36094.8381637722146660706385733,265.223463421136335767012102586,6.51252473495415245749824571999e-21
43984,36095.8580487074243634074099108,390.570297018980813733093138667,6.32080085835446584235493533899e-21
43985,36096.7616055263099744327389394,105.445449621295455272688571543,1.68969179919939278393751514936e-21
43986,36097.3945433948483994203724681,34.8284985304415747554704225194,5.65804974080621098226871498091e-22
43987,36098.0190406051336488380192647,18.7304608963329618184715398113,7.11141994205139098408710935719e-22
43988,36098.5594418007701903189987365,19.5288070318005264639270363306,1.67356540977616993373578357718e-21
43989,36099.0882257935081594884845493,68.7806095323637324766989968002,2.45358517240390373483058475846e-21
43990,36100.6474701214523369095164796,5.80139698429941171382499331653,1.44196427602989913841942666774e-22
43991,36100.8544763979136330113339304,3.13773745336513965366301178559,7.00909532292227765535515394588e-22
43992,36101.4730042457697372506271462,10.3046963941663881866358701116,4.85331076026932952440666320591e-24
43993,36102.0453018850201449798329537,24.1668681847455115868490662171,1.16349331917990604502855728286e-21
43994,36102.9423433841217049062748922,33.3955176392702476968902147592,1.18197610669793075576101776942e-21
43995,36103.3645461483675571047279514,51.4280109332218431737923609708,9.12298451526505089455709248768e-22
43996,36104.243384167972632657535254,411.015066704666254086919805093,7.94904267387824117810885248989e-21
43997,36105.2603095971337738201023109,712.132240166144405776929590318,6.94337399450112564428299187698e-21
43998,36106.3794342226062092252839762,70.0012514835306805900642042766,3.20934269358851970236644347838e-21
43999,36106.9009728466946583125638298,10.6219660707969147209910064972,1.23455055382709165447684509234e-22
44000,36107.2277448716762848744279232,14.833707513601837785380784344,7.388376360492000370995713362e-22
44001,36108.3742559528114778563663861,21.7463594784465744630439863933,1.55004796634356555317278192772e-21
44002,36108.8932225885705674152702354,6.66723472672465072201441195368,5.90519429833691208462420715802e-22
44003,36109.3222488555856031471107509,9.98168121412202398746654450294,3.73747352278852294236045213009e-22
44004,36110.0751167088841785479482606,44.3920549245234086517219219208,2.46898801914369338010654091903e-23
44005,36110.8869695709191359435084357,69.052407135555743021711699396,2.64576908206714753832134293719e-21
44006,36111.4885950273222153009952822,122.220633870803119973224819769,4.46486460804911211144512860386e-21
44007,36112.4877667222344858830260976,218.317027248713731715725040263,7.1895859831278446290455215049e-23
44008,36113.2838421305616090143367241,101.543679230500719840040292608,2.09525646010541289154078277438e-21
44009,36114.0594689347524214707074744,8.67216082598686311578049603625,7.26593931202735884658185383102e-22
44010,36114.2286415866653501692199562,10.8992536213409155477062041961,5.10429794131116981190240785953e-22
44011,36115.5224165858399395288337074,207.401377183827543287399214671,5.2407243119278166035723910022e-21
44012,36116.1791569131146085097826964,120.720489243296732605029783048,1.03291764281041744141458243646e-21
44013,36117.1604012242559642823977097,13.2331598102024560322443039526,1.00522763831359463168696535504e-21
44014,36117.4342182889413822285370973,11.0038292063981043957838412965,5.67570184780583987098419313494e-22
44015,36118.3650748124532107656253565,28.1048103278095486950292789786,1.841868924400416773803034927e-21
44016,36118.9309921714578761258346058,23.2984880268698271242982264971,1.89646595983299442275076139723e-21
44017,36119.6840190444793081492424065,25.8779064971728536715250115889,1.46165928111265939733228197029e-22
44018,36120.3118734293153035377973071,25.4198373142419681363997790943,1.10452459093485049070629166746e-21
44019,36121.0427279402719199328616049,14.6777434280102470362944101432,1.53912199853329134958938838156e-21
44020,36121.3337306675749960113514281,28.3121740590504308943333206342,2.07490251540578256460974136531e-21
44021,36122.4899486555627093743414214,917.763875216842001241032516606,1.24694641518426840881386020907e-22
44022,36123.7181446614515978519609184,237.356199307478142346544895774,5.06259386603665387834986111068e-22
44023,36124.3265702649361336086379549,57.6071524941687925748795606485,2.04560205620060810325850078855e-21
44024,36124.9580491364292825332404767,31.9916619965767420699123916154,2.27172599932205725382827469443e-22
44025,36125.7024890549388698567246639,10.4839330667358360991759516014,1.2959839373469601712731482773e-21
44026,36126.0862992533919812145639417,11.3368798590713012777758560033,2.01885206283020264282408670491e-22
44027,36126.9326107690592047939173405,27.6415499886452989285681244399,1.50352217578571842624745479582e-21
44028,36127.4315258286175957169281324,49.0802226855896405859721680479,4.96718627151999944954078478532e-22
44029,36128.5010082592043861227670797,113.530645550281396929379456314,1.02378622633818611035180776811e-21
44030,36129.3554077995025852766299134,14.0717191974098761306320390271,4.35450157740613163327774632257e-22
44031,36129.6833146535543001732684445,11.2431046963137763299501239765,1.08809791905094200262808546554e-21
44032,36130.392175835385627311614676,42.7908590867809833252658972233,1.03023806584013884741564782371e-21
44033,36130.9820398743746617708521429,142.392356505856968931345876298,1.33883632942293716676581032225e-21
44034,36132.2021672164383278758628367,277.910347551174435924950075142,4.40492368939471279691587843834e-21
44035,36132.9553463322869765000253288,54.642538263950139720721667824,1.06818138186411396234604146961e-21
44036,36133.3430273967919514665705486,62.1785753581966131277970835624,2.96957564194508506414880853031e-21
44037,36134.3337997617217811604999385,210.650269563166025859475028668,5.5802037920498619476341800773e-21
44038,36135.2763558217445808844409172,55.5397602087244054643590057784,1.73248851256159518208748961849e-21
44039,36135.9045710864390158924703219,13.9639800864293953694997670599,5.10548794921451725406586927675e-22
44040,36136.4576228034453578348387635,7.86507709596320218914790161395,6.35200820795463316247985218347e-22
44041,36137.0325259364545927910595376,8.37811640874436919281437730863,6.78168082131173100978900748067e-22
44042,36137.6048178638854041396112445,15.818661120536195874812383676,1.65916251326233089114577972496e-21
44043,36138.2663247711584523126725708,52.2095443678579329870468258196,1.58676546185835870750322043419e-21
44044,36139.0160096245343888791016887,219.800332712051114162398243976,2.40610547999368987779949760649e-21
44045,36140.1595762877035326864208457,202.161383014632291967021744667,5.93520490219753101529988851391e-21
44046,36140.6848388131554394374697142,156.119347088379058928907016719,4.73662613037982950663256168416e-21
44047,36141.5348009816758343411146227,276.177565102788422626765752358,5.06660081319677374563970744311e-21
44048,36142.6138547537289969042971971,35.8280354674983214125047304408,2.47920554628990291398169659721e-22
44049,36143.0967849555409867149755881,6.2308954693587840393818058718,2.10845724582289644018857926385e-24
44050,36143.3853816484661170881477721,10.5263400471218750457866378435,4.72931285591550850090094837005e-22
44051,36144.4976207801738879883123657,71.3856351797453920834849618054,2.47899788001710254863253057872e-21
44052,36145.1953847597264961404207286,30.7832723307524763034409794252,1.75710725487167934770441286e-21
44053,36145.7367972303980262669348196,32.6621448112285277279255289883,8.3447909801811497820233142672e-22
44054,36146.4911352081950783277600634,68.6795665211863303275421506429,1.45353873340612988432943508255e-21
44055,36147.4151766132563086582420116,35.4036593371719524407258629649,1.67932493572457361580447877912e-21
44056,36147.9431928604110180598922266,20.9558257584670259571331490596,3.88675654283905355111143040023e-22
44057,36148.5498798397790368236285443,32.8874996417534967748957352847,1.28026253979882105937917015227e-21
44058,36149.233365501687764339912385,64.9149711365594661387291203745,2.78415593092967133827109148174e-21
44059,36149.7893661792300208501791276,235.998706057892831643208929147,1.87656266694666961752314076969e-22
44060,36151.1787117027120573959799731,645.78653382997659157863532714,5.22114926642950144699988827654e-21
44061,36152.0844153962673732836612591,60.0310454712145216739550122885,2.65714358295976338764885365383e-21
44062,36152.6089088828752159895982423,17.4099091380642952732636627077,1.22802793181160548741654688005e-21
44063,36153.2488494575006835208746806,6.90102143185565439092386767348,7.48559047947740702068428896135e-22
44064,36153.6372737321330207246519577,9.1400548417336490283980008634,3.68446267967798425108910018032e-22
44065,36154.4108292933824338437257651,50.5554928294446687679047060307,1.69034874143718432217461741608e-21
44066,36155.607594357757148823733313,0.827142675449053247839114416826,2.3705319022003855128748421779e-23
44067,36155.7025738775147789039807812,0.706717240045598832355296254122,1.860987506745205029945303711e-23
44068,36156.2764796797462210767059924,33.9104007824232412648114328346,2.26100199302916514343260884231e-21
44069,36157.43674096046103190290523,190.925704928521326201049913743,5.0702904903872884846185643759e-21
44070,36158.0617016966282391121605257,193.541606074502726799903679909,5.82136575177252055071761347895e-21
44071,36158.992993959476424859401002,206.101566150815575625192837203,4.35547172287532727296588594782e-21
44072,36159.7141631440254299348669903,129.463124844833006543571685741,2.11975831054640561000918089588e-21
44073,36160.5502364870635112950808151,43.3446171614331536818665436475,2.42065972449030055412809813561e-21
44074,36161.0175548218060577662622963,34.4305129659326901530444735976,2.21530013601503580170376983007e-21
44075,36161.6948629971208266772583652,99.5328703965153326799397939829,1.94288361658466981484853927931e-21
44076,36162.7823452596020822487780319,53.6046898352385214284086938112,1.13412307107092777421416377006e-21
44077,36163.2321510731367168059146092,40.1606898317479922538481976471,1.32253127087384418721566262871e-21
44078,36164.2621303394857681672067521,17.7027681449826641652328747081,1.74305532214704624663698612621e-21
44079,36164.8567111742988331282414637,0.960281720982044677387110507448,9.22584370966524055947699445719e-23
44080,36165.0058611961062614459078515,1.1837474260377417904860584735,1.00865938980065664765459756915e-22
44081,36165.9203965880292385980545315,54.0574230953506429209801244962,1.32913206435524289453950075282e-21
44082,36166.6597498688537474673587896,105.765966912555156746923116487,1.66003022658537394909932903012e-21
44083,36167.3208041133058018952171815,298.919968722325086855419284146,2.69927894209450564902062137697e-22
44084,36168.4801941368630082531279253,511.151878896906985250106452784,2.31279488793806337925026730345e-21
44085,36169.4065974283981825017437035,39.4208198116112644433726277086,1.26790012288221284121660600242e-21
44086,36169.6779517475581054712634534,37.504260383372390836220990252,1.18946253540106201951124347588e-22
44087,36171.0818110942591640160604822,2.67811742441647982099563056427,6.08106284188406416471560747387e-22
44088,36171.2320027926955159732089023,1.89232660425525890815467966074,3.1777516333155208655264883573e-22
44089,36171.9954945582249321959350968,8.89324314528759067480426504128,4.52149112604568061432110664122e-22
44090,36172.5442031621253509778486497,7.47827092553789302381263848329,6.20916528534819522899883928097e-22
44091,36172.9473563991679887237874274,23.7464442041620841012111222884,4.35169034696585980230937779284e-22
44092,36174.2773404428947187883615581,125.000770130059255835047674805,4.72294956866482151516386351599e-21
44093,36174.9159988049062897854313857,49.2694418711709603606307674019,2.73709654767830169496711948152e-21
44094,36175.5885787834741304205123773,25.8163756121733718412856411631,5.29595955456165562838501706428e-22
44095,36176.0209601799109714653988223,42.6933714224133492251521826598,5.47254302221016398510641120689e-22
44096,36176.9765549659057242077021807,187.94726511898126898611573373,7.03174119793027785768390354991e-22
44097,36177.7168848927147414615937746,225.221089644141636237468446341,4.84017640324598601269526195652e-21
44098,36178.564268249839189256416543,252.280490879725791651481344864,4.22378275134943864552839590928e-21
44099,36179.5303808974637315247135773,44.705940098573394931860062904,1.80544568722057766950584880716e-21
44100,36179.8991446308883489524790239,36.4808611038481860857998191151,9.43476059238535467917267971094e-22
44101,36180.878129780857689387649892,52.5165898861656053199651066395,3.65582848279230711468570265778e-22
44102,36181.5977529202280051206295534,11.4222182847364841469321100848,1.10107302410361923417600261663e-21
44103,36181.991691349104620877531761,11.440953427543165169987189317,1.41632202432970498206253467013e-21
44104,36182.9255352595035905788130644,9.35980252333583505848025325918,1.4467113801111222128712853984e-23
44105,36183.2426107784755208163151591,11.2564880064194913426547891969,2.01344452575153242454643120344e-22
44106,36184.2289710188987711423267253,40.0840099112364351628626915396,1.32933170049698437858842485982e-21
44107,36184.7027175746683439548918415,48.1961700807719419424001957217,1.55955539143456548391384990853e-21
44108,36185.322367973515116809554314,320.651904317240117999343191405,6.18019902536884367295091542734e-21
44109,36187.1125890895893635374950064,36.9032062960102377919654733101,1.09501494708973640725998031206e-21
44110,36187.4194569235728402336734032,10.9479869225840834863462554671,7.68184761140993595725282883954e-22
44111,36187.8978743288825548710105579,20.527552702131782396573649892,6.57994071282476630849365457295e-22
44112,36188.7757342779765547438483901,22.2595196472187538105013521113,1.964642776945973063786306304e-21
44113,36189.2029669046478278056633208,27.5911827757514163447070023697,1.94860683590079732351080934008e-21
44114,36190.1558854018084687834671891,68.0621367035220950757811355538,1.01708241660399659789829272795e-21
44115,36190.8152005459800849862742255,60.4598556682327805417192169502,2.00944124761196347561917970115e-21
44116,36191.6901546319698552572112214,30.9754648171289554940043564332,5.53765460566855196394778552157e-22
44117,36192.2354154391802901790080454,16.7934445420737479240880304777,1.16728129709280261137377577591e-21
44118,36192.7358255239113214127480447,35.2529011815052395847353316991,1.14907590590586772076239624233e-21
44119,36193.7148207131912549913324974,90.9989551350672903376892381218,2.67110601972560944812483087728e-21
44120,36194.4059131284715572577616472,57.1290309939309569053541070522,1.75451918341122605386814172857e-21
44121,36194.9415310435764090302064661,90.6897397174390555014193276048,3.15628869978731003397670455744e-21
44122,36195.7698650427849597289723337,354.041217309692683725455932986,2.22883094940110543265974148261e-21
44123,36196.7687254965203881678829976,433.701578977310063448973410274,3.9988228640843879962169905607e-21
44124,36197.7087121958403342620554525,99.6001393183437422465081678198,1.26309922041237435919176257469e-21
44125,36198.3803275335737419978338377,18.0932485594217333379314994398,5.03319229270034603863379521212e-22
44126,36198.8293040972708356093066554,14.4762834588263857935585723829,1.1201113013160724262350573548e-22
44127,36199.6354100367274345072656848,16.2244118674982863704532966276,5.82185133118872497224277312492e-23
44128,36200.2625394837822918964085867,7.94064219931800877351173621387,9.63524920184757370745085813895e-22
44129,36200.708961870045846973135511,11.3539153834799215812094199331,9.79009130207863919133337446749e-22
44130,36201.3856891515491182352870812,62.1341403312168966559258899499,3.11092550508577103341755771955e-21
44131,36202.2931637800257455353440549,231.282451992510062727203318288,5.38468045040645365289122710128e-21
44132,36203.318905601850129546994577,70.7863386762140826997590572611,2.06407337930066886304434823763e-21
44133,36203.6763700132200533956674523,71.0488745445566274999062682879,2.53346744575394846417242882521e-21
44134,36204.713662948738176638246561,190.776539750720565113593736081,3.88373678771644061260471552027e-21
44135,36205.3488456427502952342175654,173.511935938245886746068516837,5.21401569183049444330341822077e-21
44136,36206.4674562828776616106243672,22.5338132310506856372476943868,6.74997993488973233144608912225e-22
44137,36206.8016620859169577390574408,12.5658638098581843113468812662,1.05511887652591553600070428293e-21
44138,36207.47849394051087928768944,26.2874505212781238255976669396,5.11654736218082479532686225656e-22
44139,36208.0417307436656968493822034,63.2422954960527294577107773465,6.19094333383810695807773432598e-22
44140,36209.307247842963532796725777,14.9581728591133821904594599489,9.70491298506059401757897132953e-22
44141,36209.5501938601573358967833064,12.5315809576706899591576012589,2.61493453010048875524957801695e-22
44142,36210.7093602375385747571323792,8.20014303616507296990111608672,6.56710978304363892524134940857e-22
44143,36211.0882927497244050481233084,2.64419452499358475714646888109,3.45559357090441783412544181856e-22
44144,36211.4521044561376570375142327,5.76209852737368164947123347341,3.17365652750809154396865219562e-22
44145,36212.0547812595259673883716234,85.1683665486151585423846803005,3.46530353948730639626334962344e-21
44146,36213.3629040227418276117585006,689.153875052539557739828903559,6.07709763115780729308644623423e-21
44147,36214.171995079389065686390248,389.440717765498519270034489266,1.69092037248168218415207704794e-21
44148,36215.0506155433899359940155241,145.478506455615916449460338506,1.43549656754798324960587166244e-22
44149,36215.7927633096406224544859459,34.1893177562159810579623740677,2.86433465201760954640094827979e-22
44150,36216.3526596743067627495988553,15.8089469977400456746852098666,2.18740249104339155883505129327e-22
44151,36216.9156547546733231695781686,19.1662053767723717917071598183,1.47026277478114105584918663893e-21
44152,36217.6667500904577098848736507,28.296338554092135135442441061,1.4972900039522916635526881259e-21
44153,36218.3913250878955406566945391,20.0165134210874195910274712508,1.81529338917234748624108490245e-21
44154,36218.8844178154739377490389065,29.3895154212147236284161918437,2.01834567672937466700595973458e-21
44155,36219.7491222799132685983094287,81.0289369632447107891382361641,1.56892392762401168781987072238e-21
44156,36220.4159331884239628026054445,123.112217424374862722755062117,2.22959626094422141021921995061e-21
44157,36221.3668721149079825065726129,105.517764992898263730340998769,2.409831177900622115112862325e-21
44158,36221.8826347366478664677993625,114.056201016566063651210721783,2.06172968863212921211732989966e-21
44159,36222.861868191495794165734997,164.27604351851806063738141354,3.38588797232765388024984657728e-21
44160,36223.661795171025633527814584,34.639340690413998073118480229,7.15548805483456752231245628919e-22
44161,36224.0230162465857052829149931,36.8830601210763087489548401304,7.66781847656839598854713817684e-22
44162,36224.841682800709522076178528,238.698719076660431588175507079,6.17422613331507677540521357932e-22
44163,36226.2037117754085131086020547,17.9470700596823106992080256217,1.34280220104715391357454012945e-21
44164,36226.5494357495764300524623632,5.94232145468136490466384797666,8.35141136589754026789155932319e-22
44165,36227.1516759171015380728939164,4.29786308651132229718685352757,6.17822115751833814816954308024e-22
44166,36227.5031510751488092181930521,8.43412362439969029518777108972,4.01131595140508796360787521599e-22
44167,36228.5683228155903972186794589,44.1274790893974339686992716372,2.35693093373473487123730136348e-21
44168,36229.2146157847416239911055574,23.6096113893909723025251782617,1.18253229689860060546076737406e-22
44169,36229.7075218596037586902699163,37.2686297087648181583055183321,7.42378450289856920963316712721e-22
44170,36230.4608402237176990124078688,178.400462444176182474428442072,5.33812473165230959338714116208e-21
44171,36231.304530269386322711859613,612.239968071925387087631952587,7.60000973833302268040491267072e-21
44172,36232.48412255420737021299296,381.364234579011764248295453011,5.08777568784623099933300914061e-22
44173,36233.29064607846515849607879,52.6500807327803654852250788324,1.14262793531855971293537861947e-21
44174,36233.8900661361070371674701585,10.5474074185079969930983679029,2.23686117353772682201508742995e-22
44175,36234.2891957402113124900530483,11.099895615785416817244131928,1.04862951602842122685435129181e-21
44176,36235.1022115716333469531937439,22.8710657707931702405260936101,1.77700471053462272033797518532e-21
44177,36235.6591490363827721819033642,30.097485497580003433652026727,1.23405084398317686967279514528e-21
44178,36236.3957471046594409128201232,85.65912393795704227184276255,3.20122107788105645984220354095e-21
44179,36237.392765737986358539151747,62.1178786605572024559498337538,5.15011462394536678492222285663e-22
44180,36237.9396920378233125148093565,43.2445011198692576889935794611,1.64576755300646984715059466333e-22
44181,36238.7286939851700458342302193,42.5559159437751731998255447607,9.8117791351408379032414728695e-22
44182,36239.4468190709028502440338113,9.15758982512105700596467398309,9.92196938837886436018623329027e-22
44183,36239.6675054451378858449068481,14.0698464180531380212107701918,1.16727528565374288620096220531e-21
44184,36240.8652477319408665620063362,435.601333251524532025833998281,4.37956489508164753438526838106e-21
44185,36241.7143543524490982368646464,343.818083945840396407545784388,4.58131003564806726855222781221e-21
44186,36242.6955245597992882815701119,54.2882214773230150641937099947,7.12695150294260745152678481954e-22
44187,36243.1262765177102676560140796,29.4606192185960311687383303258,1.69245532823706963317834251745e-21
44188,36243.7771653874714381451004086,63.2873661694116333357263781334,1.42274094998582585553445836159e-21
44189,36244.7938535190908766336282476,34.7644927436252697252515907062,1.71688046853959140744192073301e-22
44190,36245.4064588806390579432596888,9.55227787749009427785827922532,9.17948423002589454897865993178e-22
44191,36245.9873439072181747941081958,3.21369936889054988520628775828,7.5469104333454362081695483093e-22
44192,36246.2990666671753508620923343,5.47122353470130384390502564066,1.47385485628588428083123443632e-22
44193,36247.2374615707383347126114804,40.6606463900699534579874102918,1.50612620279181314885110003532e-21
44194,36247.6786107824222019300022165,98.321327004880447419994152027,3.89945664395120514947627594906e-21
44195,36249.087100709898145556529569,243.432724470484870933939506476,3.03647607205275075351749991707e-21
44196,36249.5860513768721647439081903,158.506837507661815178372273131,2.71843566663119608400169853519e-21
44197,36250.6335395750552807875566219,45.2450356532186453207900825614,2.53030991113718122767343645644e-21
44198,36250.9983365378310882187973604,34.1561234309353662574474159442,4.68813464354081681316681556601e-22
44199,36251.8297252200528298865756608,89.4653686143616767475914830608,2.87156762970558734865787022388e-21
44200,36252.7453024744181944354376826,22.3485834035920428798582643375,6.06949467247911896423586155287e-22
44201,36253.1310853812077420277962358,17.6460896183487925462786500476,4.31167922512300918716854468315e-22
44202,36253.8403893635916730007736513,63.8357483883383103928881848099,2.74613468990785134810962562669e-21
44203,36254.7934787686635869455989679,69.6895589371553355219259654562,1.75449173659035209769636962258e-21
44204,36255.5607083174104534950718352,17.0166855913612493282304969331,1.28828445531371567134637731723e-21
44205,36256.0160889684170755107978866,11.4964488141372282965290632209,1.32691572436139825407480997835e-22
44206,36256.5440708181179421909441714,35.5784297590930537359623181144,4.22570917593821994445993218278e-22
44207,36257.5844641653342142164063928,80.1230598468472896025105970353,2.21951252902206268087498544645e-21
44208,36258.2060030587979993795485539,36.7481211107745582232811379848,8.94683310105519928459145746008e-22
44209,36258.5684507439198393580694699,86.0350675446820179446910243875,1.0216099715346187236817688971e-21
44210,36259.9937472219257905275774452,654.000153769066125100558614333,1.53844483714397952672989187844e-21
44211,36260.9534797307981643233591476,41.1577487566624870359396825905,3.02105669540225350419534542338e-22
44212,36261.3368839683611971634174142,21.8180180544740528251832209318,1.01888828343043385542222644645e-22
44213,36262.3274992806265252896376162,1.06334499868979345506149373685,5.20480069569809838634647819959e-23
44214,36262.4593780301746996979286066,0.969482139419949350853405281045,2.10066922698707387683436333762e-23
44215,36263.2840572742620564439726124,14.1156361059178988395821339321,1.51575086401703865705057515545e-21
44216,36263.7631557850584513562881183,33.8059042712292727983436027854,1.29868172857723215397708473538e-21
44217,36265.0035461549330487089868371,33.7432828682282289601905253609,1.67541079848221814298937859154e-21
44218,36265.3563441769498956922577905,27.3664053202513037191764121627,7.82128038750254237842897494285e-22
44219,36266.1975126033670097912542225,73.5350070455788903872185884005,8.83205507489027342596566625198e-22
44220,36266.7469886912947386935823541,139.839983641619903449038335439,1.78858509094957726983718439961e-21
44221,36267.7859996469476928213082452,403.936128041022692133210467452,3.74332865427877427799817679109e-21
44222,36268.8347231468304685461999486,46.4895757935002749627728628694,4.12853790111961819928925175679e-22
44223,36269.3087881428498703308739885,9.58508699861044732135674341055,6.81444743422042106630502448645e-22
44224,36269.6110290125463663374439116,18.0880588641170673564427873262,5.13748283337944436639095760824e-22
44225,36270.8742849954808984493913852,60.2468413521726377233453768531,3.0297598441444273392999819274e-21
44226,36271.295399254660612482855424,50.2816689008149326892273438794,3.32141343799456644224688569105e-22
44227,36272.3080288198970329047324008,56.7837372255853929679798126924,1.16423787529492101617915829149e-21
44228,36273.0560948239398639324919849,7.79008897937051309278322187751,7.58029903130491718172588114363e-22
44229,36273.4103862668394398776419451,6.24462181149780203835664268991,1.05354257016826157930165705196e-21
44230,36274.0914394782768554777282408,20.4899818383014897546987697964,2.57401396295871786058220201839e-22
44231,36274.8115480550137978232441454,32.6640574918666802555363383574,2.90299256628426215178236207563e-22
44232,36275.376642082400096313695308,67.8204149225731528980102688595,3.10750135044459573383012058139e-21
44233,36276.1044223044737413952803587,411.219190611561195439891201833,2.46645384583968718472259438692e-21
44234,36277.5026600672180837123887125,344.99524086434392305874832615,4.32666229138123252815380751911e-21
44235,36278.1646925618646083188507529,66.44085147900949809907037407,9.22383778253290707162492912298e-23
44236,36278.694828800765548423517383,48.9409265413054092688132708978,2.48736627103819709094863670709e-21
44237,36279.5083870616372484034641006,42.3239363247601727870855781547,9.4776131488434375365312055037e-22
44238,36280.1423554361810441023666047,28.9802996629063046435171693052,1.95789836590977643001146473943e-21
44239,36280.8631985951117614872728653,21.5677157618826719953389467487,9.47734563653219327282201400949e-23
44240,36281.4903346027964830760921604,15.7130211516410082877324205422,1.1453300161273210669960879631e-21
44241,36282.0574962829123634961790604,20.5234840037225686756101648367,3.62596050824222555427534815257e-22
44242,36282.6205304316700589951967681,76.0325364757702795781341399003,2.96106330457497098241652584635e-21
44243,36283.9163910616308618009753823,98.9723408969400274077226900732,2.89762192405370625828613209931e-21
44244,36284.5267033954578605483941739,21.5208226672713418422659499522,1.43176875970760872260686229158e-22
44245,36284.9555351953083781519724481,22.6697920230529504394960205258,1.80958734744992693798853669651e-21
44246,36285.600542189297818952365579,103.569057580828683418198018707,2.00484936866982729136633813736e-21
44247,36286.5476330161263521180297364,362.681189454368286522448098793,6.1354297028896207403949896475e-21
44248,36287.5363323494899445552615757,164.04398419271274981866793696,5.21451186751356522488497600846e-21
44249,36288.0887870447884965110726445,120.681920397120926303032088084,4.48140784149365630656042818181e-21
44250,36289.1065819759642950497946402,47.0947391142312965310602346226,4.9562768368168879331681507332e-22
44251,36289.6860374867403666817359219,11.890707251497037392840635129,6.77572031565213887310968856268e-22
44252,36290.1223147215965910330796351,14.417300196062703146650666065,1.56281999089379866669770719981e-21
44253,36290.9800094569095533091036575,30.9887466515056045279684598888,1.77627982301753057635437333179e-21
44254,36291.7650709371493317633514076,7.21923886320327819489487915844,8.68964566836400634559473525225e-22
44255,36292.0579048817946181058128407,8.75866022048229150225380508023,4.94833332161943960759710986453e-22
44256,36293.0447891845645661992263287,25.3500508646903389083552124976,1.63050367420501867073058545434e-21
44257,36293.3445809025564443020976173,43.2974383373774142324774418179,1.29560897514214930705532401955e-21
44258,36294.697903740045911573973341,357.067035905893928538429388795,3.86667427452926054883650779327e-21
44259,36295.2627930421462215206613978,307.428775192503688252758304558,5.6744675758859231503424644385e-21
44260,36296.4699124553282218010656151,73.5120519725028057917644862127,3.16635670066470830036076053256e-21
44261,36296.9823888132742091798773108,19.9813501274397068361206936428,1.63857458505544864044690442644e-21
44262,36297.7283011226460387691841914,0.864651791089025624817805388152,2.93222502532856918530444921017e-22
44263,36297.8393725254867684500301745,0.965677884670226091802061443455,1.91509860136802946840298648173e-22
44264,36298.715045660926891843861186,98.2181492314125632818246275086,8.53667308058189827868986263286e-22
44265,36299.9378271018232842412514963,47.8162519161755425884877957981,1.77962252608626284579384962269e-22
44266,36300.3862375727010667750105161,25.6978295943479069037444020372,1.56719181409565968184740569925e-21
44267,36301.2393419874762233956894071,9.56061144475352995409484190454,6.97230497715382262399691748409e-22
44268,36301.5501626769079179805808994,10.5548755104458431249376950398,3.32973613313030128434650450106e-22
44269,36302.4110273125492988431962328,58.3208880783676251446502548635,1.4730849457522234981589345416e-22
44270,36303.0178175776994279991884876,117.838384641944802353263037774,4.59485141324065124693137016631e-21
44271,36303.9463850838514019449341696,328.390978957306854607206729474,2.3344913881234568112942523574e-21
44272,36304.9250813144447488426667317,90.5038750701257186682279311774,2.92748261915220791322025221092e-22
44273,36305.278943894495596227657081,99.8725869856546434290624863168,1.57052766200785117044547391135e-21
44274,36306.5283887135461441367373303,159.159586415202146459389607579,1.10948102287794993523774146551e-21
44275,36307.2764837708332422454344724,20.2699621521864292193583859773,7.54221993463922379667607814163e-23
44276,36307.7843998860978932316486416,7.16317584768947267847924162559,5.25467328652454407638167176214e-22
44277,36308.2725452607849087934611338,9.2334247713262613959996311009,6.71129568972455861624041112022e-22
44278,36309.0049596806961466705411326,19.1024056588293979128976357278,1.66038005246745322035124257074e-21
44279,36309.7143450389899000259909854,15.1380474915302002555822308031,1.58899575198401169104434114853e-22
44280,36310.1159276873528475042199543,31.1044109375092233228447269629,1.28028522537429823832437504193e-21
44281,36311.2541432116471949410133715,149.197212109711376053623684828,4.52358956852743086369940829537e-22
44282,36311.8203164658304715086943336,167.43118863643516436179199971,1.14901680740935456641142757562e-21
44283,36312.7974708981620661420553777,238.779228269177146773145567434,6.07719346165103290431894275916e-21
44284,36313.6153727046658453786087198,70.0022567080902827175831230905,4.12664104423394768668193753453e-22
44285,36314.0705106980204154180217365,69.7475391165125718927659017876,2.98107895477336753309278279953e-21
44286,36315.010968115602342495597713,124.192773856584991801010276676,6.74946861086082330003526430071e-22
44287,36315.8367619311183554984074534,29.5106020040148494975579949036,1.58709661098868758293411569138e-22
44288,36316.2282322449290222942612694,29.4825606856784289081435751318,2.56389828966616567292278462137e-22
44289,36317.2305372997607032056793477,38.3351701117258804289345699785,1.83446307909917880495651205942e-21
44290,36317.7310311566322081362325403,30.6501674754626021972683382457,1.04276694687592470242942037901e-22
44291,36318.4938667757767815295124392,56.4455031095076200709867727006,1.52503475913723498585880894975e-23
44292,36319.3780802948900219226251185,26.3951224199025013346554164993,2.10731004596607396982060444192e-21
44293,36319.9286508043037964680685728,12.758505064237152507382229374,9.4653234049205761996987165899e-22
44294,36320.4727863613788521689601118,15.2433415845141742639008094045,8.18203919876732348502443119075e-23
44295,36320.9974408150002800583617804,48.7660699169486342204759464724,1.91268800635293096241672718296e-21
44296,36321.7603196955164991073569041,512.006045283259023344309169246,9.04282916262183355760399920784e-21
44297,36323.3586633454060097105841982,242.412526531947503818271427604,6.16436001726811499360413015079e-21
44298,36323.9574322453004764146107473,32.0287154392589968153068384929,1.3209087932562626674949415325e-21
44299,36324.5115079484409829321048467,10.0717152445266381011338511403,5.57097469829748315052665372002e-22
44300,36324.9048134068340787826871477,15.3713219165378832690589200171,1.3480909750863536930871685368e-21
44301,36325.8918628510815732550310133,39.8081404659212566152791534481,2.06594279471490861428761804725e-21
44302,36326.6384891994941607588668382,8.0070256461775324532390339975,6.76148151977847728198124581473e-22
44303,36326.9663391044442988688762143,8.63881040697558195376730794897,7.40177163322473479841624974417e-22
44304,36327.6984206837784523051990972,67.5574145745318731266961240977,3.35997816155061516069820025584e-21
44305,36328.7419690113499001413503002,82.0866064749539368651338835228,2.08441721156193865831467105307e-21
44306,36329.3921748853046992073759266,26.9683956976055521307583814751,1.15740200272645262201458864481e-21
44307,36329.7558388781605589236763265,48.1475330031080586608746969003,1.12375037764975264945963706959e-21
44308,36331.0687118977433576656962403,81.0069469268650696740874355201,3.49509186258591219722326761026e-21
44309,36331.4449627548302846542096546,65.1583608270867410347707007786,3.03701348571324940136079926815e-21
44310,36332.3764403451516037446565059,143.194059348452885716183977555,3.21171005276426192332942505122e-21
44311,36333.1390878950711720789746235,65.4599205802990670704529695033,4.88296728761255199632598736244e-22
44312,36333.6324651075656513354587076,83.9784912549739726939284392363,1.81150003503360784552975920221e-21
44313,36334.6750207329203551596151057,129.3165750095570993271647185,2.69951528191731689944090691746e-22
44314,36335.4797611126202900643789096,31.3561439019142787623393272482,3.41057871438511688361605362508e-22
44315,36336.1053586026069308468052943,8.57426365612816421861231476978,9.26290638040650187272706743987e-24
44316,36336.622945458114301015381698,5.07203698474267124471333460335,6.6311507730488539559190628765e-23
44317,36337.1246793714085213244628132,7.79320207169321206327817591839,8.76129141443200542691335919148e-22
44318,36337.6573700989837645892040678,37.3966277205744352027076510876,1.48071657748733481364333679069e-22
44319,36338.801122894912424217123981,152.11666478170229027665027406,4.56635699561290486237153728882e-21
44320,36339.3959495530578179214317919,140.08005506442337587489149881,4.49836141818048924117855814517e-21
44321,36340.1088328197204497111324145,364.962599566032472379345706019,4.9562995135975570783869697272e-21
44322,36341.2289091839621929741255702,377.455736034342504842024581465,7.14174394680281429792810845076e-21
44323,36342.1369475515280509987038957,28.7419774559931996002437550787,3.88058512487342811475600656078e-22
44324,36342.4757002980750993873965559,20.0593144993603464065429185642,9.49069022712669838077736178329e-22
44325,36343.4379057222315822954852345,13.2646494876031691386961556373,6.76462789957295522882923132763e-22
44326,36343.9119398949021310362476399,4.54320470552009215385372759828,6.63314990184701850083326055168e-23
44327,36344.25231485358133829364012,10.3155437460510633660556280923,9.56056531541724356538035875615e-22
44328,36345.2813860411349749115987448,130.232024100979506615866189393,3.08806914126600710949484921501e-21
44329,36346.1833833363189151040309835,85.508319849915532809094623879,1.58210992576404789209845910384e-21
44330,36346.9525825887621914040217467,17.8630597590013852771725681159,1.45082919508084431764164551872e-24
44331,36347.3329053812817921122301544,17.0065928133848137690789053967,8.87310305542553022092070743721e-22
44332,36348.0944094716025860296745858,60.4119555865253435116474945921,8.58065117920388692305826539432e-22
44333,36348.7879039223880436810151098,118.37404161134887483250522324,2.94649094205289938543335023878e-21
44334,36349.565275305602009031642176,276.743430416889779866527885144,5.70787517597571080200659862423e-21
44335,36350.4513434184924253260242627,459.761869856726001371708582249,8.94928192972388988590276330266e-21
44336,36351.5198532138744088346477819,105.814384169838240309743941443,5.92601884635579803455618208572e-22
44337,36352.0564340605778922016506536,41.5540172014170891867207645372,1.05692747704725050240859855603e-21
44338,36352.8163860327744640100024229,17.8981408981952496287125679157,1.19428080386693827994423968044e-21
44339,36353.2936339287040485766789644,15.3463656076712625006663486077,6.44396608598247912516341199716e-22
44340,36353.9985919311801135072494667,33.3089524052889673635414597629,7.04919185311465355827351413745e-22
44341,36354.8697217376326565177950261,23.8567728426989345083058893074,1.73319339346675452313622488395e-21
44342,36355.5509623953619506320354563,3.16061003798322449877784852015,1.5870349394730536699434853675e-23
44343,36355.7634665828664081367818923,4.09348603463244156602067105631,6.39112629315732562815321142653e-22
44344,36356.545258457144970116298658,150.994928470954585729568667086,4.85539705171985159609183469705e-22
44345,36357.6504062059325262062325354,706.902335069905353103981022009,8.21498634253204937902862272676e-21
44346,36358.7845782663100343932558092,80.4290109815390928561327259156,1.64687031910341699346475346551e-21
44347,36359.159340879862263646762286,48.3625373817666131322166018787,5.38921016771647362953795751912e-22
44348,36360.0981361605821990056346305,26.8156311403635227074479772877,5.26916320215567571910347394903e-22
44349,36360.4933359835445798788078676,22.4752585229759581810265921193,5.53567086876292796291808106402e-22
44350,36361.2206506862659676211926854,80.7859127036083062193100941949,8.62422921402211788461339757684e-22
44351,36362.1501716628835172660870691,96.9857062901589088916423823801,2.6495388221122372084995416481e-21
44352,36363.0371184128782088653126871,8.44484272980314950964233523805,3.6155197638188249612832548464e-22
44353,36363.2758806649907207495459877,8.24793161405285754132468178476,1.01020349232669857633184242437e-21
44354,36364.2772503691694069185087552,34.2834673943900122212806521952,3.40915243488587374369994710983e-22
44355,36364.813835936685749069758681,31.9738697222041236919327128465,4.33969147074860052773661285314e-22
44356,36365.657867255274327161539546,29.7566447182729844348980357327,1.38029994035886654882041318533e-21
44357,36366.1648312638370480322513223,27.2220585975806905596814884559,1.0488313110200115847061027439e-21
44358,36366.6958651665578261368261253,109.023993228710912766358926742,4.37080465395244600716755035439e-21
44359,36367.8919526454341321331108232,521.002173661989793851040002332,4.87017462126662323419305281884e-21
44360,36368.6669685437890667728559296,338.192888440012447831766759092,5.05459480787247017981977055818e-21
44361,36369.5762495579575701309444895,127.391554715392438343812180582,2.01944117222608629117743269773e-21
44362,36370.2299713984362660205509152,54.8707467536783559282945756778,2.76136795495385342427973310069e-21
44363,36371.1471471883422985076593379,4.29927284022596678418187751094,9.60393979054441312700667951289e-23
44364,36371.5486425667077678855266913,0.438023506447061024049025196069,2.02023360115574435836188058697e-22
44365,36371.6959773207379715092120057,0.73966326961088865019928457481,2.78188677707471767398587037972e-22
44366,36372.8963615854030348153474474,37.8259336822395528364253585571,1.88523639545851125572523245672e-21
44367,36373.3605628880730743573860784,48.6087356513550211217763816159,1.68073688728445053338974159955e-21
44368,36374.2592815634282555707421188,195.533246103128423617437692077,4.02722378561568967977587711131e-21
44369,36375.3917026485714099655043498,14.0155552029426515061856421683,5.47701075069929578697939600392e-22
44370,36375.6392980961567890289817744,8.66705958831978835046046337808,3.58176697535974540030574341402e-22
44371,36376.1118639405509307541766938,69.4173242024726033686659799081,5.13583125231522749785932964756e-22
44372,36377.6567129816053334934746521,108.402682215392918456733916382,3.90314905068472406764983887769e-21
44373,36378.135778762054004469307745,33.7431252678909438752435828444,1.32142428246927742125016223984e-21
44374,36378.7365345530899485713144118,31.7658665938708421484235847227,7.62335996889969948845048221451e-22
44375,36379.3175131748000897513925691,61.1733500278222822062055323177,2.81480696651968251337799632843e-21
44376,36380.2280876437762119985655126,130.179519433719921975425428724,2.87511318525859718610085061325e-21
44377,36381.1329934276772112632320511,49.96498628134829670949516352,6.42088247774760087738012507529e-22
44378,36381.9282808194507906747778618,1.19607731905110039922031814073,3.89538784816730683410662456492e-22
44379,36382.0572807522807842455405493,1.20745812580283193525238633466,5.54360385470507772185370910305e-23
44380,36383.1027361163228429879783941,7.18944957108090546779849963222,1.2880115631134412608564327335e-22
44381,36383.3676379202128810253392462,8.95369597749747072677450941223,1.18322428573966518771678395892e-21
44382,36384.27295349569312716163024,112.617603740310651644828916287,3.50911494391148132537151375726e-21
44383,36384.8833888758003660804550448,357.581768586576831451027649517,5.21515934843739803101190368337e-21
44384,36386.3593788917672823190844649,225.249794461084155409918146154,1.57596435643202268867117436651e-21
44385,36386.8465415393576130558194509,91.3640625724999612067461812372,1.13815382563897777762763346618e-21
44386,36387.7023279438458236348571639,38.8981697583881225989720835868,8.56698115131612523518731704064e-22
44387,36388.2689767718316553038711135,16.1357844351825116559454617888,1.0814689655308549416806929457e-21
44388,36388.7877471737881112511786507,21.6815517322608645762906368839,5.17582685848146374738701310756e-22
44389,36389.6096242923075188118604956,36.5280060252217304525185812598,6.57140703742469264498890354332e-22
44390,36390.2546298621308655822904084,38.5852403526183104624603930408,2.38985265990254156104813574737e-21
44391,36391.045100020665538896225688,33.677125252012783668980765092,1.03437198062093884326140700247e-21
44392,36391.5747605775202395578094773,43.2080497641900719747727627388,5.54055951016323590380773470603e-22
44393,36392.4059278196258061616329107,102.507900228266697751997846245,7.00986019118952868031717686556e-23
44394,36393.1804893718824251876529943,111.414066670244417798334082205,3.59666427022582783688050591598e-21
44395,36393.9458235289009789669310273,91.4522537959703258422699691903,2.70483333805696188214359687166e-22
44396,36394.6200792018432022758302673,81.1998071537406249576549342069,3.14877992891082003530086328563e-21
44397,36395.2970324250416395952839765,102.033228478250414587698383471,1.98131682551328221329942632538e-21
44398,36395.9141839375626784901113228,266.9214876803273829684474032,2.67982505444457882096504029639e-21
44399,36397.342962539322568201010548,72.8056159164101790559984325856,3.34587511328698737560191763045e-21
44400,36397.858463967753950175751551,10.4581277401464094514524897452,7.98805129734868885604885659244e-22
44401,36398.2247879209167276025332445,12.3457910874748775123641396659,8.32711773344830607267663258584e-22
44402,36399.2214586939882327873280507,12.859461253000544609391434327,1.25669372063374805223263028749e-21
44403,36399.6537409624674222672488307,8.65595818495256682070239948163,5.39152336804273606466609703304e-22
44404,36400.239397213899938224027776,24.9966247901646865033690540301,4.07393397189746342128208114866e-22
44405,36401.189837271850289088641453,29.8709065840745868746648861066,5.03164833179391853993000814664e-22
44406,36401.629924627471726193287107,34.1962674041642931082500513923,1.84487283008306449964984436408e-21
44407,36402.3849515558853011796762112,163.614866689317788696789817515,4.11750959581746446985404226293e-21
44408,36403.2186947813147368281219855,520.061845299804389453296343307,4.41094427899402784656623463872e-21
44409,36404.3732623525216514270748063,309.066301362742901980461796515,3.33528066209831603417763118228e-21
44410,36405.1547226339085615856561605,37.8365506620212815013597013599,5.77481610587172639215779874672e-22
44411,36405.568571256926836651274939,26.8051363406796961199581558566,1.57513713967549520728768772088e-21
44412,36406.3712593494122743614157468,40.2032482658446084874674074817,2.62097242184330822924621107275e-21
44413,36407.1124965276020986764521357,15.9023358996530520337302284348,6.02544081814909872217181797702e-22
44414,36407.5391065247388584240573447,17.5146102067555501439661506789,7.27258914503193591426945768064e-22
44415,36408.2163359278509496701384698,93.1553282901614597287021831483,1.89623032830013884302893765135e-21
44416,36409.5015940270249484487843198,47.5258115773471182366261060808,2.50179222533122508300079358762e-21
44417,36410.1621765778698993227515576,0.893440085501927671967446802872,2.7817416621135075562559869492e-22
44418,36410.275910418744205442112264,0.948774897684921687136119559362,2.67308695691347259245642715348e-22
44419,36411.2479881295910122980963296,18.3068463182211906517944389562,1.32876975950120297287844186355e-22
44420,36411.5759935614660775908129714,34.6826900615662306023666115461,1.02953591400034840853157889428e-21
44421,36412.7762318600476487655349042,473.385864764688950070899804163,2.35262252203371585530109824999e-21
44422,36413.5915558872288436715151106,360.738874640197572934509764997,3.89650038159822292908261681321e-21
44423,36414.476311181383364504590278,163.169277745338423186429508067,4.31175586760743901160954766139e-21
44424,36415.2011250643234440557025177,49.3055674921259320469798506741,1.64499405605522132732877048876e-21
44425,36415.711467940776265309816997,46.8343632661855033918636695157,1.97139507134591671744250148622e-21
44426,36416.6921425300902978444091917,30.0761819858981528954448860585,8.30198640625255917817981677061e-22
44427,36417.3241420144968134556363351,7.20280988589084780363157510768,3.1617377145918279498215987116e-22
44428,36417.8317037457633603266054472,3.34276373364106638046392144738,6.66742773115902116172656044277e-22
44429,36418.2037935110990372426399969,6.97346429903416069492307208674,8.93145782464554094669426635211e-22
44430,36418.9540357325413977481277044,96.6063003513064073205306687976,2.77694627983154762520094487167e-22
44431,36420.1888388814713063453661908,79.0919332854963742086179667078,2.93170894580618869735616326196e-21
44432,36420.5483812534508025532834009,75.4287219608275531915810141747,3.0436975297166516803688570563e-21
44433,36421.5847855487809937390495879,192.39661851769200855252648874,1.15038881397955518595154366939e-21
44434,36422.2365691590131125964565577,155.523882636663755832820723545,4.53917141308099501897446055336e-21
44435,36423.2367361815634407311370258,26.2414340480245212339026591275,4.09820352719897986779150853271e-22
44436,36423.517856398664228070414239,24.7374825318190537426098394184,7.1883786414723589863068388024e-23
44437,36424.5753068134533222721195948,52.7721128880254922684595278755,5.64386680478577783853298830231e-23
44438,36425.0179987876886807143555403,54.8940656505294109359029057092,2.80584621448445258602000582831e-21
44439,36426.1425565187768670773355074,35.5586653309380156994274176526,2.48531326219781126082545166832e-21
44440,36426.6423252583625781535606982,14.184180602760648196482354438,3.56755304989123161017051991944e-22
44441,36427.2003941289476769124517085,19.3041986364891595140222663667,6.29733199800586022224282296633e-22
44442,36427.900773397950782670137256,43.2247323100519084013657169467,1.08521018197654944138929279071e-21
44443,36428.8219180315202269134986463,23.2188044767797656179629963781,1.71025111850464512458055064275e-21
44444,36429.2424341845033073923908797,20.7285221579082496579441691795,8.61656888339717596535932852226e-22
44445,36429.9270999510517524567905975,70.9051347420391893550820255411,1.7413080489475824229064743583e-21
44446,36430.5587159171725356718878726,303.935084256212687517398042636,5.55898151943383578530894541437e-21
44447,36431.8362959293716003046387481,897.378846772594465680658440155,9.6852334569364048212802817105e-21
44448,36432.903729173636376847912685,58.5241158758443667299028653399,3.22676023935593758354043597791e-21
44449,36433.4587696120046108507299551,6.92951797918993361885940352082,9.06315909161306863523639544046e-22
44450,36433.8915351131738571297498945,3.20419067670718693210240747678,4.52358286613246133616576077087e-22
44451,36434.2671698104496134130837824,8.11384406985011932541222047914,1.17741942084235798195624471408e-21
44452,36435.3265181573472957427078122,33.5652653769935040102346661718,1.74025568673356154533062322371e-21
44453,36435.8145637717908089285472765,38.7495506596183719639022352603,2.59791939762501059044829411979e-21
44454,36436.7837284440988497859490603,52.9098252970277229741638028366,2.01037760624963035367172390319e-21
44455,36437.3713930479304211537648305,34.7179302139106792912986158919,6.69426056458452244015793342807e-22
44456,36437.9341752002348202846928436,72.3304135749336427221411224837,1.61407757175698064552812673266e-21
44457,36438.9559835051457348859744858,105.721923107013358137657688084,3.66355614913525164014748426192e-21
44458,36439.5044334404433875105991613,96.298335903343203273072345127,1.44897582779253577101854650858e-21
44459,36440.2705642555040320359038995,223.084917660026353362359295266,2.8513359685534717875401812148e-21
44460,36441.3111136585888185893285722,103.713186334961111492376762323,2.17906954166806429926127468914e-21
44461,36441.8695563430988036986992181,42.8652126616990959844485129504,2.33754339843554299719281412152e-21
44462,36442.3693211754827969039010405,81.5915212757428246998517262124,2.21180788268153323341613991621e-21
44463,36443.5690194623081361496277293,80.1362594702743007456554981655,2.52525497001349240757543012374e-21
44464,36444.207832166689181318120148,17.3930569947366104527640664555,4.25473205281434132835621506442e-22
44465,36444.7071991438265731865495395,13.151511570221038410458842082,1.28342949127612807334473325366e-22
44466,36445.3965490755213787001329689,19.2373674533510607035599086903,5.55646817875134080416199301185e-22
44467,36446.1535076763402192712192314,12.3758740488094081198541519623,7.21219351593430318553113411928e-22
44468,36446.7618340842235282772766076,1.18021376951611460981075676119,3.95793422543289776992373239752e-22
44469,36446.868510395411760159928018,1.71912608754130701360683245557,5.30519102212982514952969061732e-22
44470,36448.3029920270942415949289074,707.326112156230082539885981901,5.91048781968040233386921852725e-21
44471,36449.250712288009043342729451,277.291959966986308868588585078,2.24078973247204133540705264012e-21
44472,36449.9922692603050242243111389,65.6350234464428571537840049655,1.87581196127687322151365774731e-21
44473,36450.4310584804679061277522229,71.9698518084828955896080085456,2.68192936226284930624650142904e-21
44474,36451.5733968946102687803380403,44.9681337038560125508453811958,1.92016488886256304357623474885e-21
44475,36452.1095710457710835296594502,13.3415424450449545047733593753,4.09001648429153000216513659382e-22
44476,36452.6279763424787642410791503,13.496214640770784189020639835,5.25711366793579087097234637318e-22
44477,36453.279849976140919804882055,26.3849441577261200425632652441,9.65222287908140514115288545297e-22
44478,36453.9359591678937796895490376,65.9306617644916282289073462245,7.86227590445197864249014591009e-22
44479,36454.8830167738838951578599211,111.51672333632454864190108827,2.68943606184242739092081817339e-21
44480,36455.68690571946433063521524,47.2577707183105607911858650201,1.77474474919392862564602518782e-21
44481,36456.2830361015445576520785392,27.9032127745348342264522753326,3.23498744146492806521995828097e-22
44482,36456.9302662001253286491411123,23.4771687715181053522984912335,4.96765460813192618687398005149e-22
44483,36457.3857758128767404329997151,50.6894045098873212238093849528,5.70387229045438725309671222676e-23
44484,36458.2864853695604016242940921,440.881024120883911244578403195,4.04872536356745463119308838948e-21
44485,36459.5158215717110470358125072,152.604994917116262215429948065,4.97639484443972743194895512404e-21
44486,36459.9370428785696555118962554,106.036898291232166240567337518,3.16610250590980242579173201516e-21
44487,36461.0059775694452139998636646,63.2338341775984126135312205351,1.87213243621567377173494077003e-21
44488,36461.6834424387009359845209079,6.95744260017128419746299832693,1.00689857995120488514680109734e-21
44489,36462.0042512154607729283714901,6.47075031025232626782654159968,1.95667960259778876234679994454e-22
44490,36462.8031435908101897960652793,21.7025893145430099291107314071,2.06643201284657108268172730318e-22
44491,36463.4736262582908159972359804,22.2118280874511683888551338784,4.77093167226939045610162973524e-23
44492,36464.0746595138307030052945454,37.2014354366512007907282913783,8.12353439866297124379801576084e-22
44493,36464.9319043892459281969341607,50.517950243042450017745861103,2.12004044147086428395360115617e-21
44494,36465.4573244905085761056738474,69.7560844232596315724974135782,1.79013079459165007346399479183e-21
44495,36466.2113050742602505734272848,311.378334778667037991731470066,5.99932946318080536301955535454e-21
44496,36467.2915890414222549272075952,556.569050178017586755437956377,2.16783253746088028672499365974e-21
44497,36468.3907704086656380926473126,22.5291584059604128994576298121,1.82751070673682193173375140062e-21
44498,36468.6989231154725218191736177,10.922844740889644007051209956,4.67281540627922824717624478848e-22
44499,36469.3357706980776176182237537,20.7554161687643852940915893349,8.76270743057696016428799091446e-22
44500,36469.8854744304358259987750617,47.8546836664245737685563216501,2.58956381747017759680336911882e-21
44501,36470.835285117754841445632987,137.372851338707387789313452779,1.59044326215881670883659849491e-21
44502,36471.6962159019618625895467747,75.7095853120494235164273172493,2.92943382077272997639909672044e-21
44503,36472.5206381353480797616922386,8.58917187588023407321778642568,5.93810209153129214318046203485e-22
44504,36472.8262861685547752343007514,7.36693720505511832495355459585,2.4803929812303680987393655697e-22
44505,36473.7020851993273768388121662,10.3174423989671200405338074369,3.08875346882501910215725484958e-22
44506,36474.0109508155271608162064788,15.8531835740665011516993877376,1.26383979014406418229187656631e-21
44507,36475.0952659647440563371496469,135.744417493573571131391200687,2.50560054164091726395780731239e-21
44508,36475.8590048552905161656025504,45.7811768986818158036394617577,2.3897608544478634402614361361e-21
44509,36476.1597573443805679933341071,79.8853664318140078779731268945,6.27334726822366337454821304714e-22
44510,36477.8517653797231512173289582,63.6958129575908888991137143667,6.06115857971921639122711841622e-23
44511,36478.1538119536842254423019832,33.6377714592054755405266689687,1.5082002038344668219904653322e-21
44512,36479.0060085391486737826702704,40.2642146634381838342963366024,2.43665915141835768104969429119e-21
44513,36479.6381870528472868963066961,21.1521234903032063484374257662,4.81579686478464482541079056409e-23
44514,36480.3035443291436079005720072,13.8169971619557908971722651897,4.92605253692872432857968490576e-23
44515,36480.8876185347344006241796861,12.8109069774215881810047294646,1.25568143373386144167250676488e-21
44516,36481.5569439363148022552901093,12.2215165971660313409999008893,8.86139474321862456375175023769e-22
44517,36481.9477860079875276029813796,29.6543576772043193966615464046,6.19723077418352998168640862629e-22
44518,36483.1732139843910133498547025,213.383336560432515138528584159,2.33536176535623525361223353496e-21
44519,36484.0226473255225118293345448,33.1134629830991225504620755487,1.98178571404309907297959761597e-21
44520,36484.3507168542855709487853165,33.5880418296598934671269585568,8.36235611494052236041660858441e-22
44521,36485.2488166777060749095361512,171.419599804378944375972134419,4.24425312783318966979634138355e-21
44522,36486.0798617292889119172656663,147.830752747324203875822604306,1.73187311981433628629257432842e-21
44523,36486.7180362664803943133374279,169.227460441546704714727237118,2.46644909577501300164857410884e-21
44524,36487.7672287842392975244670653,72.778442741503079410879397557,6.32988756436676902935353957205e-22
44525,36488.2927049055549238250879221,35.3259913521992978950488393716,4.8680147910537859605438814793e-22
44526,36489.0258809306999631699285511,22.7380390601948764502334847867,1.73602008592281219441145507339e-21
44527,36489.4577689052167470349115329,35.9052928488701682139167784575,3.69769744592276341775161168481e-22
44528,36490.7420270424592874185508916,17.8677064971968852599332449975,6.74404843563348344926459725251e-22
44529,36491.2282007048640974115450559,2.55982948888602404334286103575,5.25906724250602117487304516042e-22
44530,36491.5142481393335839744743367,3.52974153202230417853232497597,5.87258491663714082511774992794e-22
44531,36492.286627239825175563049112,33.57029071340236632766464742,1.79556143379737654849898367174e-21
44532,36492.9649960020629611074471068,90.6343563456706046924339387734,7.1156892756264356528790183933e-22
44533,36493.6421469026772743402360884,426.205994407513301724847436367,2.49438805802366418922779149265e-21
44534,36495.1450227754766477016354762,235.08963365918989108252487624,3.70899372921220279940259450095e-22
44535,36495.6604156588319039310923332,74.2459550966465995405104792192,8.61594635751996370592163663374e-22
44536,36496.4072987363268734101193709,35.1918924537398357297584904249,1.8702524900303642571011557568e-22
44537,36496.9636538202219330194401265,25.8986020847123020346926241361,1.05350022227891249977336172044e-21
44538,36497.7524906812899311312411482,14.2970354154354165926637282099,1.37646997815602111593065163035e-22
44539,36498.155416920708994242071602,17.8016009126192245570725146436,1.11555533788019684907042839381e-22
44540,36499.0729429752814266822587314,52.405738905342546473926166016,2.04758544862928126228749524862e-21
44541,36499.714896627715180348454038,56.3543143652122231351702462552,5.52089535083802326015704240493e-22
44542,36500.5253715011947984136739245,63.9039923583498989731012717196,1.94641789061959394098223086596e-21
44543,36501.2389626091645424879633795,44.5795916815062399160243098003,8.4229314516088424893107331374e-22
44544,36501.861916039314781765610774,40.5551837641434160225466654069,1.33128011254163843775641707709e-21
44545,36502.400206598564106608727591,102.598791495400177744431776232,1.49371131184274763184324986754e-21
44546,36503.6393386359874978134843177,93.4687996315210284538429606235,1.76587861730995965298499985847e-22
44547,36504.0686144163093133798928521,62.5758579302145513322375139232,3.22207347610736630774044267081e-21
44548,36504.7947618472895196957255029,165.516257379719518438718046321,1.29619846345137353010783406778e-21
44549,36505.6376291086835461367555926,304.367742109192565068598447456,3.35707593777374586165099403155e-21
44550,36506.7607706754141909455526145,57.1129053682457566447270522751,3.54972618376173297241843891192e-22
44551,36507.3410160723616643033923301,9.84140695441992547586279912034,9.64081898814188823138830954546e-22
44552,36507.8306247856441899088888855,5.94331966182962675969553469389,1.25267466445011309016348639475e-22
44553,36508.4683693812480378487404315,3.83241884344570930604985556288,2.84943430346329319356122463715e-22
44554,36508.7753689285907864351319563,7.85550009815912682845169050406,5.88046962776684538414500373653e-22
44555,36510.1663853007466992773208415,0.263798612053331188612582787122,7.3208e-24
44556,36510.195922929781803253157365,0.265288293746897332803047021499,1.4083e-23
44557,36511.2346553998890316078579373,227.450597283579825953078299525,9.84748265484541802509758423167e-22
44558,36512.0670204641790095975695681,354.362591956919051433486297388,8.09138906649802628125281482243e-22
44559,36512.9466685753237557259917596,329.004214140981350765966335031,6.82646931434783425605223641454e-21
44560,36513.8012405731586421711444147,151.499567712021000213239290607,3.79407879634734683826894847105e-21
44561,36514.6132696619805622819404813,27.7935236684997649294398135376,5.32794457009260726427530669098e-22
44562,36515.1176774774758107259907466,10.9310664131790479644530304966,1.01221896439893530883489653715e-21
44563,36515.5890978762953844045905816,18.082831232433662264907520123,1.03642736714187027585441864465e-21
44564,36516.3518918722157150063936588,75.2959641994121411646260419358,1.38034189089755753949006301385e-21
44565,36517.3069604507949684274699228,76.6613132728089739747782573451,4.15921303911423929981964492882e-23
44566,36518.0117807322232773089988669,30.2300801788482437924137374604,9.15668725113276425571941316368e-22
44567,36518.5032588627785983316883671,37.7027733471146577443113918275,3.07680458758878902230941568265e-22
44568,36519.6502284812000860604984797,5.04736059855527362467692044608,9.12910195155642107329644386937e-22
44569,36519.861715885698408473336494,3.76129427264401406493403708995,1.9726911098852425740849751839e-22
44570,36520.473508924515223941827757,33.1106277122001852483646101886,2.04392339895790881130173999768e-21
44571,36521.1267489348441080515743927,243.503876857449067221459819217,4.90373088645746167178037369563e-21
44572,36522.5118748608837453596794731,634.710328864507413064715172234,1.24415005281387219343392272706e-21
44573,36523.4267477919787709351651822,38.6952803065298910653218458415,2.00999777496743407114239962656e-21
44574,36523.7631580054086802892211021,25.8572978718927458303320281157,1.33897680967064629533425012677e-21
44575,36524.6602654944271852896176562,29.0572213554816631543330427914,1.01962996178464441358443262952e-21
44576,36525.1821131558173398469523234,22.2805088345395496321196890845,1.71396973345533003094453956035e-21
44577,36525.9220922361260409793824143,31.6788160086233464011371533547,9.29861825286259080645924732945e-22
44578,36526.7911658387680697493446028,6.08799044357388246561761228519,2.47148458104130331272884044799e-22
44579,36527.0733007339947535390649347,5.96730195579558653147593062646,1.00020675584574152664030802534e-21
44580,36527.8723155912799187762731965,31.8972094922408414971866056003,2.67826242098533095306941480986e-23
44581,36528.3676880659931036000187625,93.3485972922753121348204486321,3.72322519957721507483654724328e-21
44582,36529.6893522501294041581035219,250.208956641774907613778931521,2.9995871046219560126208946278e-21
44583,36530.3196582052438675031967221,105.367096815914862061342424945,3.88791369952799328330037582323e-21
44584,36530.9855764200575141181373346,98.1439497906147584164321220399,4.04380824951980743554712863721e-22
44585,36531.7239273129953756456740198,112.215553630013499765366410981,7.48549516878288210918616754883e-22
44586,36532.5115789558306303238398081,93.8830650822231767573781195076,7.79413847273722782878989237371e-22
44587,36533.2419189930995193969683175,54.8119213110161532162099205727,1.27322465816819431400208706246e-21
44588,36533.7890233517504263039062253,72.1147625095281693467840392072,3.5286710768217329012103987997e-21
44589,36534.8277870749587442994217639,62.1276567380200429444966999129,1.34602392876687639484829102825e-21
44590,36535.4793693158190489286142998,19.3950452878290221138812553425,8.78696866277543167485765814296e-22
44591,36536.0466083337419686489334209,12.4774973250957791562782113393,7.02648270112618373740897985838e-22
44592,36536.5967553397104945438963952,20.2283683417470035941381885747,9.74706493796407906307860610866e-22
44593,36537.3851864569534797387260093,41.3032993456611922091376371125,8.47993187208828965399860998928e-23
44594,36538.0974333072697769296889116,33.8736534013826404550095055707,1.87328367852537569598542775253e-21
44595,36538.5314189990215691539898708,73.4953997531488329270019912636,1.97792279921317326759983707581e-21
44596,36539.6925951095345285036511132,348.197530152480379908045788038,1.61630026186198442148477639591e-21
44597,36540.2920031611580557840282073,428.963993762992645554445534789,7.7101239281748890523614376107e-21
44598,36541.6882482782070054865917159,41.9130801452797870383954660241,7.5287785224334605534801209724e-23
44599,36542.0560643331024280810335147,13.9887861971983803189035040444,1.45299081583507216728118951662e-21
44600,36542.646767633579644623639544,18.2949993118933030011566316512,9.839215230745095009685579325e-22
44601,36543.5073210232278260402596324,4.6169768638445122726779926425,7.7049958162399144642235113773e-22
44602,36543.8220248929156008638226946,3.56178203419554215843217955865,6.22862795883137124149683673765e-22
44603,36544.3180326711523265704200126,24.7416799406454677243512739238,5.801569451012772940891679395e-23
44604,36545.5201667101247032490309176,160.99568698500972109952848851,1.27089005646339839273945744003e-22
44605,36546.3558302426104720421520055,42.3902504435005398351394148158,1.09570764636279096602003311342e-21
44606,36546.9807624105135069885061037,5.55716393463460234393584311464,9.95362103250531705583318039129e-22
44607,36547.1876670048119040887296392,8.14874338592288878018720674047,6.41439493476551648677176880198e-22
44608,36548.2691268152764496222486285,279.287461207435971825464513281,3.90403849295365929366865420596e-21
44609,36549.1896274062393538558221687,217.167456306940538756123054207,5.33913319367005229249604997863e-21
44610,36549.9367077526271167191337629,97.8147407583613961982263223476,1.6775713025442905306655654037e-21
44611,36550.5192943161714301332119253,95.8399880127429946023403065216,2.46136955048780982041635373813e-21
44612,36551.3416594194044565116074058,141.861519661404165859178399555,1.7576104579077216989274263885e-21
44613,36552.2323665268109778173410862,59.7641476778524960502178293772,2.2820048988368272756203344838e-21
44614,36552.8308276890666022978487358,30.4475780163616993137948097808,8.17256731973820207636293569849e-23
44615,36553.5292021111985477579464442,23.6455532530286215737481276424,1.77815359319622495055749128805e-22
44616,36554.2384088311605655715552137,12.8442199959405299919487982232,8.78317343636054060939521843327e-22
44617,36554.8218737862389602842746223,6.78365884974992920290256945913,3.24882626080641703727757024454e-22
44618,36555.2205046257789941580359209,13.2249539422672905150315345514,9.03698388741115537475302188072e-22
44619,36556.0498333320103898635621222,117.686014620360604981067868746,7.38769960550817696590002479129e-22
44620,36556.8278825482898483238556062,382.113470886640050873201919331,6.99628970443152731648941950087e-21
44621,36557.8324471975162037556257503,774.001464171202724776136843117,1.04440337038868003066837880381e-21
44622,36559.1483013580037247777578788,4.85277567956092316329662274768,5.88801140905021066733346955723e-22
44623,36559.302450617039136599056024,2.93579407180889817826959067733,4.0907090706444355389814860857e-22
44624,36559.8552168921299298247270043,21.8931369784173761624253054051,2.9573219442110735580137795263e-22
44625,36560.6324294149738888803806274,85.7410320735795918668592892067,2.77276921236943207187691012913e-21
44626,36561.7928484214932243879269644,8.88933477531153466746188665888,8.03959196197613210217476679922e-22
44627,36562.0877290756970221203210835,4.26345092123117486588794563282,5.48584917727550125137268840023e-22
44628,36562.5247147340331831008771332,18.8016315683416469028799876594,1.16966080000221858017433246636e-21
44629,36563.7651913793838836078390613,32.1113662403469704647105191024,1.13992443831988887308910001305e-21
44630,36564.1143557485315280229740959,29.4773606475985309211183235749,1.91215112863185404982855630178e-21
44631,36565.1178279799693255547679781,57.8316532956928734214589595539,2.9840110210717406423664446682e-21
44632,36565.761431637337461715494455,20.184471899747431831768652578,4.43940903441219641583314894684e-22
44633,36566.1464724365277886740792689,32.3353868594398746170698465417,6.74154948585454334749276473337e-23
44634,36567.0234760590734934089385627,271.478544454727624105231706853,3.82385409855712439619446956611e-21
44635,36567.9025863780389091649759644,598.361824938239687399551184399,9.57426566899423298217497242793e-21
44636,36569.0623521409734693672581639,168.680003445355991519568512651,2.81290204627544994080366405233e-21
44637,36569.821803288711792279944165,7.16196171343843981487402996874,8.34170644033617199630013123592e-22
44638,36570.0715505868430893232612827,5.80523503862016270324930469479,8.27986070285647808573084677568e-22
44639,36570.8649235802715238484489312,26.6276194051340814569584367474,1.29009713663215160970402889276e-21
44640,36571.7025192089995601320305689,8.68017522098863068467993592585,3.87128403959480885510812354307e-22
44641,36572.0473431596574471175789405,9.21048437630462726890483365085,2.27444923939021366429811903453e-22
44642,36572.8979314807498087564947543,31.6313542479413940259080756485,2.3350959252576177053738245636e-21
44643,36573.4183733009857318954108339,60.5083739987426819356218852055,1.82917593762401974812114790097e-21
44644,36574.4143286862810898625071208,173.872791947389649538949594989,3.02322659496945970218691183882e-21
44645,36575.1129413475658666159124756,156.137200539614142124891063989,2.97722012533019002569551829234e-21
44646,36575.7866238064337187380223628,284.835406057464543084450156525,1.99117697135696146269607281464e-21
44647,36576.9186696953879196054697316,176.848652321122984523077936984,3.9675911258478368877491838862e-21
44648,36577.5674059253741878296769345,55.4885159655080748771255841608,1.43141511748469139128192479031e-21
44649,36578.2923350437039947080981346,14.3560067392951116797609217087,6.37724908343695632211814154213e-22
44650,36578.6934829362483264156638775,12.6669863649912709292631805544,1.13042804719095487896668607539e-21
44651,36579.284838532865758130884964,60.838479328786886546770279973,1.68518283516338608362322789946e-21
44652,36580.4329163879414266957301727,129.175286608142647228930078681,5.82600188025593894105783132913e-24
44653,36581.2126190851941140951713567,32.5334970893500038278812954278,5.51275045750344365800682772945e-22
44654,36581.8520939275936558132332406,8.45104103939792865132451071317,2.19244165931093083387975350257e-22
44655,36582.3248546407548776499727333,5.38856507827917876270448169075,7.75187969206767240795963795997e-22
44656,36582.7548078168191170974497057,15.381741106206292530295291833,1.08778273566337573930940388374e-21
44657,36583.7128924399289386646549006,100.176895703993136204784013048,8.59524441504021137923013802717e-22
44658,36584.2876371367237780020629526,221.605166831191255974945909077,2.19794066048261662879918737546e-22
44659,36585.4619053313921917649077673,474.046452405232601977772779286,5.76957688720601162854234981733e-21
44660,36586.2416093033349927092255691,177.670930873436882300720543392,3.10190781736573349103111102415e-21
44661,36586.8846605110042465376421543,133.066281505523943507730265256,3.51468514962107255752537755089e-21
44662,36587.8191200660002235011421958,56.6301395199253849790054278617,3.12347753123738900227277817959e-21
44663,36588.5539836178121236376744644,5.66692481297289946358956901108,9.52436827093542809780074109822e-22
44664,36588.8846754871696307849455118,4.02375458896015454691441154199,5.44291521381102262817233702281e-22
44665,36589.4613653990921676167206945,16.9058362037771559346549746249,9.39448926079921152581486535856e-22
44666,36590.3455321763348791388350294,39.5105309107171428420169087901,1.12184681449764811412418154285e-21
44667,36590.9482930799904525287792686,48.2272010135165833041600856616,2.8034305772963009250491300169e-21
44668,36591.6556786688518000986325248,122.947954309774589598767506583,1.44668497692403600734501843963e-22
44669,36592.5932386473854220785210937,184.581765224215675300357195906,2.89527993835892064520670330885e-21
44670,36593.4098568095425453127770873,72.6309730777317947023814495804,1.99928218542570935717086094786e-22
44671,36593.9117113448021083161290969,69.0563908756261174274497257881,1.76747213898889295391989594672e-21
44672,36594.6864953349523961024259384,174.5784253149644196751075616,4.6833363247583623928220242366e-21
44673,36595.6844421546190749265804059,66.4727916969603573557514144698,3.14944269805166290201902402513e-21
44674,36596.0618568711945030960576187,69.1041786308776461202316012586,4.12358737228687257121570989316e-22
44675,36597.2325833353634915428605362,77.3299758550961963032533877466,1.16445320949356519225733000426e-21
44676,36597.7927543103618091788289447,32.2046043064827081239092235897,9.28880761849598325282325218802e-22
44677,36598.5690362287348474491257024,9.37985584991157736068333333288,8.42767565342610637468846097336e-22
44678,36598.9134226813285504311883841,10.2820044219446216281598490538,9.59325250085744835850517534883e-22
44679,36599.7701149647820077896109956,45.064013568959505095271855963,2.98473540934853946545403769485e-22
44680,36600.5657608493067942360524014,33.8525826544026384713528749975,1.10156161966236427539848865476e-21
44681,36601.2402935780345495473026566,14.757948989923094387897871124,1.60375416592219042764472275137e-21
44682,36601.708766313767872274444318,12.1151306690014576877398921623,1.37102293163311928465397455233e-21
44683,36602.0667254249034438037069637,54.1392454684298105974866962681,8.34307078232520094278787942709e-22
44684,36603.9912552289354354947789161,108.07572793473066285399668309,2.78293182233152768570879856134e-22
44685,36604.3327018279899303449896278,45.5253694231287865926219035638,1.52577517331157409104009333187e-21
44686,36605.1104798217147790390441801,45.1361362974975883883069030523,1.91986239847459548641706575468e-21
44687,36605.8018196117801539990077039,19.3772671832445280625555707041,4.08446690765351515576921879505e-22
44688,36606.3974520676055550197954373,8.87628514798222050064834086097,2.71520669566127799344978843206e-22
44689,36606.7799182737991174621426917,17.1031226488150514557907383111,8.75546995005458186166972429506e-22
44690,36607.9156709245282034883753424,49.7276747271351002963631282081,3.92639801277892940576045187715e-22
44691,36608.4287413021529906563955794,38.9674931841352632867310742372,1.06010137501475977399321621594e-21
44692,36609.1894283321677714002813081,72.1677633441333118413448744035,2.20671735379707241439150511684e-21
44693,36610.0984070421717133246867909,24.6394226953108433508501188002,3.10751527785490972618323756379e-22
44694,36610.47300492444573516423029,23.5987808807586751800926503278,7.8017658739418436073878036519e-22
44695,36611.2586654397574086165624856,96.6956574084003378556868931562,3.59541275198750325807901442633e-21
44696,36611.9701729505125878315262293,223.441154723127089626480495681,2.76504216626113003229620672895e-21
44697,36613.0567953660871277002592621,139.765282261154968618489648938,3.38124336408598614259350574612e-22
44698,36613.5221248634587727843367185,122.271022277089947500052170709,3.12417647971205515236888413192e-22
44699,36614.6137344409359545498397558,59.0323057194051521743303275617,1.6198783040908869958983084098e-21
44700,36614.9878133398186022671637048,52.1131013858839585250279445207,2.13520941874555781025654924516e-21
44701,36616.1643242485380455905386209,26.2387054322014393705837539654,1.32033466496383861900371480126e-21
44702,36616.6392096968221307140082789,8.87738437982607880385971898026,5.43397880990815642174137608795e-22
44703,36617.258993525897880406544236,6.00656856202779639030772991848,1.9526375941192045341111126228e-22
44704,36617.793950984693356787267146,4.7869535970314014905116871414,6.38728566171301641888011102987e-22
44705,36618.1902314588833475503689724,13.6913650315481750706067783325,3.50454025834513295911639162705e-22
44706,36619.145617608147400450140829,216.941959236940177946953996798,2.93877521738528524065129038584e-23
44707,36620.1846265509108213485987898,188.063933900419970056930726338,5.10893946034868002523673586475e-21
44708,36620.7295474096157226925968801,177.463220460578768730862442306,3.03373165540207878250415925526e-21
44709,36621.6893407894500753525931364,209.601719229696360998927165513,3.55861744441143679111982074255e-21
44710,36622.3552235765119391378671701,161.663910202925827298392538453,3.99536228521422037888257720701e-21
44711,36623.319529018010427664764778,53.4267235338417982812987035373,7.29689115557649001552889393533e-22
44712,36623.8867817338168118180839002,16.6145064209939449936814370768,2.39653657018150595693975711833e-22
44713,36624.3541116824060493664831684,21.9592843310191427863496536997,2.90373972317514287422589563482e-22
44714,36625.2150282941498258883512593,40.9564270243615695044816408605,2.06974823117370755452492773574e-21
44715,36625.7734437729964086218714174,56.2761366460449086125648073204,2.07182062759359732485160975645e-21
44716,36626.7064302477182179804795306,96.1184951550735672079414419745,1.02470717905461525842786890513e-21
44717,36627.6171419527683105795150401,14.1121132915521920331932463815,1.70829230049941918042854072043e-22
44718,36628.0360537004284016069090165,5.34281743413210278562689756204,1.62522657556326876710925793385e-22
44719,36628.4085347510259588799309009,14.0587434429111278384809675255,1.46020774868396225316339647699e-21
44720,36629.4761247581653374714308761,82.8045112682801920210069685245,8.73054078946038351165415420631e-22
44721,36629.9680356541178419986033549,119.085020539798298239788307773,2.23720948292409027989585839554e-21
44722,36630.8331586958976413082866183,673.016440832848201716276233811,3.28633442794762668942628249625e-22
44723,36632.1671272271670015859670137,198.474152522385066012999921904,1.38994374971444147502658473795e-21
44724,36632.8321646600704857610824489,22.1042648784006063198162653699,7.23131509886133196549535833946e-22
44725,36633.3697814334648756395097337,5.10733152113772381038282441126,6.9696945316253575332871011794e-22
44726,36633.7091702331054719670868677,7.36675060243924025950959187901,8.51396342079619641461673205638e-22
44727,36634.5885515075349050405520647,40.6268891482853421394262691095,1.64171420441542300143880949038e-21
44728,36635.4158404414324713002355214,21.2166030020682749985938827107,1.61517549625137280938559567628e-22
44729,36635.9075185174207747354380225,18.5050889194387495424731731636,3.65928997412855182358275447366e-22
44730,36636.5566945596714372919698043,50.6304952218540603365645419746,1.21323306745112292962086913203e-22
44731,36637.4196434042939844883440888,88.1037737201415218383840495665,1.185534837448008794971291418e-21
44732,36638.0001003762526852746932256,142.319108503934857303358706858,4.97143063413491746733077277785e-21
44733,36638.9118556547663646772893431,430.422839694609427040130015092,5.01565732933682610709803523553e-21
44734,36640.2116688043702233338391846,3.63851154403929776732977625247,7.1963804002263919731606119696e-22
44735,36640.3271815999604767891990522,2.82262200958776350433411723592,1.38077611526771347758311082003e-22
44736,36641.0081174810464216644597956,49.908972776168029360400545362,1.67868780757033869940967303128e-21
44737,36641.7995223405651635600802153,143.55315652638098357812401473,4.77011297899499754104295251645e-21
44738,36642.7568192803435983343608983,118.90390135907705688185304584,1.37751925709339529232783676711e-21
44739,36643.4778645715225582716761198,52.7315505324040810348039485544,2.0898239406264383130446747317e-21
44740,36644.3365551082853343809535214,2.37473417730857510997016323517,5.19229640198088517620870836624e-22
44741,36644.4916325468010441638769325,2.42746385706767188927123471036,2.78392574667643992880880700355e-22
44742,36645.5413753283587097660654344,22.7836787270466836239810155597,1.73949491904540512045712360126e-21
44743,36646.0962866202106061999513701,12.1039739248324405032491320419,6.32442657394773423060567437111e-22
44744,36646.5282356248263880692218282,27.4875602271311911692914561295,1.76004088094640170937524994394e-22
44745,36647.4551784835151729045631397,210.822504107682187937849639981,5.9329495085805504765478604066e-21
44746,36648.217731382369052925421676,455.688271082412145714879731948,1.31122459332240387034091977728e-22
44747,36649.2771835732907110778928141,485.544132765067168195940631869,6.82267122161392614151787909621e-21
44748,36650.2273982312768261294116659,44.6038241483453924663332116658,3.86267266715637342953458178974e-22
44749,36650.5785014422860699564881751,32.0840092596456731841289105889,8.75837068991966690106266006735e-22
44750,36651.6417859107539393900619716,10.2070232088473168045028403093,5.88815769014110235498127740029e-22
44751,36651.9555790481748851484843421,7.18446485673711735108023484747,2.73401974848607740267836434176e-22
44752,36652.7850013268990347244095406,8.87286094526570225217004114074,3.00491733161701077172323892045e-22
44753,36653.1727944095142822960355653,10.8240883168361780068245049427,8.56015007722373899983527427933e-23
44754,36653.8368622530462315143409284,85.2393151763689871455025632781,4.07857058657451096856347283615e-22
44755,36655.1621682280162477062697766,61.5813986386792971956731369542,2.76783085272035313277560599417e-21
44756,36655.6185174988372788532849409,26.7807058367831846084022142984,8.09435897297131826799243571525e-22
44757,36656.2257620810196642143277282,42.3376491891362599738111731114,1.27761070804108499381469055195e-21
44758,36657.0181499837623874459303533,37.8451381977985034894844725538,1.68270886273797574394101668988e-21
44759,36657.3783743395365080251715103,75.572433379053884360227566155,2.32305596798368257097461442984e-21
44760,36658.9490847342492261460411462,64.6178247631344150031249434633,2.5096662492861054746044920834e-21
44761,36659.27527822160387954566215,35.3666187318139174792591529791,1.11593174081892045880980797603e-21
44762,36660.0360035542388406902011702,71.5417304218691569503169635797,7.09158865077851544486708475685e-22
44763,36660.7168782788391269196900952,94.4851854918975100757212757813,1.06061439390664101449542632796e-21
44764,36661.85771276984944106364294,5.08816520496773139812043972264,3.08508290930107650558501942168e-22
44765,36662.0631562217983675135585032,3.73696952316368964300006871674,1.75779475534655015259586581125e-22
44766,36662.8166093073001842887472095,22.0380440872451036640357626261,4.29491535745549038183194628979e-23
44767,36663.6519776252532748387264363,9.70556080943854938377867801029,1.27109145967839617850387069504e-21
44768,36664.0217561065080985809945102,9.8687413182648603808837037351,1.10802601734876776067013192836e-21
44769,36664.6603013601027104135830174,61.867001644779602446866826146,1.53273863999246535634579811154e-21
44770,36665.4843424004597501788974512,406.213715973467664236607598273,2.90427025524951724929694537387e-21
44771,36666.6482583648185347675403514,552.485651043644937505831403705,4.72211225678728897033180104835e-21
44772,36667.4454340989225165245940716,196.601079600622621698775911536,2.58500167949041895081567352461e-21
44773,36668.3115633398384209570980779,20.6471854070574702480552865824,5.18657040533322797163889723132e-23
44774,36668.6583612827031273795846202,14.366089498573771117283821955,3.49344442230696941578195306929e-22
44775,36669.4036238089388786437839205,34.9592806695744262975721725793,3.11311327504088128637024152467e-22
44776,36670.1622668735019017074161987,22.0481052525914928423773631226,8.24777708184239743096993157783e-22
44777,36670.5622061349165413174433239,37.7547705571899151290967257025,1.07672785318689236816436608573e-21
44778,36672.0292137194208368600382959,5.20262963789311508750843959873,2.11366123948271407056478243788e-22
44779,36672.2746845561586223236005602,1.92628222833321854733026695318,5.90093970634454933043863460018e-23
44780,36672.6135055823318753345839142,7.69078138995131433957689200318,1.78845446447101103162772752666e-22
44781,36673.6495083103824296793803902,119.477066067624701598843299174,4.22674604553399875811625957249e-22
44782,36674.565027450201693318187486,41.0301624413939312041601401708,1.76002309200723465369406500015e-21
44783,36674.9691394462254947903392743,38.0168830593374733848997937026,2.35018788638704707526168344819e-21
44784,36675.6911448937012801045865269,177.168417919406564822836187437,3.89454922940224312843312363718e-21
44785,36676.6090201006203581422730579,454.556474968727356997884049219,3.49128215304418518090760116432e-21
44786,36677.5513659953005756453888122,342.089522497103375810961638577,5.95917461099985322781140898139e-21
44787,36678.4536740878487897158383873,78.374386774587045330099039917,2.06851945041902630808421689213e-21
44788,36679.2641457458409440265453695,1.90752065117090420977258912824,2.0708831300389483762601902065e-22
44789,36679.4505066318914707619351362,1.50160517274165564860274299125,5.50286201076232129638485334823e-23
44790,36680.128857741347226252729139,12.3807871188017336489647063309,6.25412056546579746461602678903e-22
44791,36680.8048758599320758107717696,30.5908186366900794355848296602,1.12549984366042479576710470327e-21
44792,36681.6078512379384707798479137,51.7822537663522276244409571225,2.18166515475828915889602867584e-21
44793,36682.2947706583195227022927923,57.4037521124045539500426988565,1.38138032317704831512390229492e-21
44794,36682.9078707572137228772761323,119.611945611688525668469619656,2.58484789745149693949691728718e-21
44795,36683.8723801723727116635999576,244.722417498276633136064555052,6.22980246699124707258357276946e-21
44796,36684.5954353313235101793866253,232.252599047798792124434790066,6.11098414284171263144460394147e-22
44797,36685.4762578706979334111009314,166.816400793800400089138777112,1.28888799013403674274157615333e-21
44798,36686.1879414565250756109729814,89.7339733968637774554550860118,1.13512484715753945765597857702e-21
44799,36686.9079489528540526028905178,54.7899389569874676499519076754,1.34723337527686135162570972898e-21
44800,36687.5986704094253705311619513,31.0445357523547458681258365222,7.81971589977311786008415975329e-23
44801,36688.1431242293530922507708223,36.080378540106704281029447581,1.38001615279596256155573312337e-21
44802,36688.8834806528238319560936566,88.919823094993773771130470246,3.11029819150660667044412708628e-21
44803,36689.8440701467998178235461749,70.451661434537935106218097414,1.40094710448801428077985061459e-21
44804,36690.5827301704139298285107763,17.5655710446746594242983495923,2.34792375066857373059482778757e-23
44805,36691.0759754099077039474820106,11.6487651334049391838764364706,6.95101722850852976221500282343e-22
44806,36691.7728414135627619013972062,9.24971345115324492128197038741,2.17346573630025547126975002868e-22
44807,36692.1510627894809708751846654,15.6343014430181140991793949421,1.64314161408606101720539154311e-21
44808,36692.8582678296835558414728481,213.05701596332611152505570772,7.46814987376697510173329952217e-22
44809,36694.1133209653730647291539347,945.543880748679244054807563924,6.8067133189869063321807492407e-21
44810,36695.1887174028971906376821298,80.3268210595643338697891962924,1.85494506454230450896690939825e-21
44811,36695.6147931417202949611004033,34.2076163424522200361059773069,2.71661940633565038321868465443e-22
44812,36696.3035715075094163510603881,38.6193436576400989584035201759,2.1515180957736550256544370118e-21
44813,36696.956933539794576726207505,45.729996582317066589582433502,1.23582793061800457491166179345e-21
44814,36697.9028186674950715935964822,14.4325888277307876574486410565,6.7825326941628772461037136661e-22
44815,36698.3556727589341283631017864,6.85596355384324898058606754761,8.2181005587491231336716568916e-22
44816,36698.8724238160911808203274133,12.6885760028190839917091545609,1.15838651621378791046245212028e-21
44817,36699.5039621417707869177690451,56.6463473785784142839743733921,6.71546592140744614295207572973e-22
44818,36700.4855996746398347238182034,188.793588287219839101670510798,4.88254557255042947525029981907e-21
44819,36701.4035755758910473569080597,62.5805554692650050601004983696,7.23255679353276350277796032857e-22
44820,36701.8570575525128771806550009,50.7114379130313244190256497918,1.00567206787611854852612542292e-21
44821,36702.5533714828130911536482703,172.253380351652249666136827812,1.20410081185878420672451136339e-21
44822,36703.7337352521114868930258986,59.4630060605787548872564158164,2.27666602765939325451286771496e-21
44823,36704.1495877719425495806291123,28.3797483724720008665135309536,7.18341830993727869102235982468e-22
44824,36704.6471315050003928187162059,90.4793888228363843898595682519,3.23523118650401090947551936292e-21
44825,36706.1129143187020024465185632,14.9139444338511718841011126684,1.47082058597925708504802418506e-21
44826,36706.3256138608884154187668735,10.5705805935770400704771417698,4.38545591109503756171579508253e-22
44827,36707.2783131117895487898259296,19.7296263988565236001000138316,1.64267270663282066703267437479e-21
44828,36707.7689507037027729718002301,14.0140247011970098294262556236,1.78843545526468711055370324996e-22
44829,36708.5834959155164059120711509,5.60907588447123129302296786484,2.75808082934987895054461469616e-22
44830,36708.8507637015101727356045928,7.52598680446940607792924724641,1.15663920689231787614894665467e-21
44831,36709.8311405526334273308519554,90.0848354105997096244199404413,6.17670130558688425481913091103e-22
44832,36710.6649296728372150102553371,40.6413196196929038475402193811,5.68943117572935370784250010562e-22
44833,36711.0066750403660471400926222,62.1654117055589905708345919946,1.80697345546812990016501123497e-21
44834,36712.040723107371266907202452,820.483700446784726873866697291,5.54570959386545615368745578519e-21
44835,36713.2971115244618880998234943,211.950485391516633751979029259,2.02637402257200535651008241232e-21
44836,36714.0281244036689505974124473,14.7319817453250487819227039063,9.54477337022233893758987340056e-22
44837,36714.4732202566539202263219397,4.1156846114960028156038702437,1.4749703755545423741351696933e-22
44838,36714.8443164519076994258262453,7.08555598074260172242218711062,6.61954135905639161943471478452e-22
44839,36715.6616305773484680996773848,39.2210492998412279657664280672,9.72320991231998139679785870923e-22
44840,36716.3569099878863675481595365,74.0818813280308143889350094829,2.19978196585426110882626244409e-21
44841,36717.292208424749463293748456,69.5115446601799977095339881682,8.31676066835731236910346359397e-23
44842,36717.8982157261490892300248324,54.1616650181970253376275863884,7.62279156923215076072523054468e-22
44843,36718.7454216677250970808041238,33.6388460439837528003855715509,1.71150175561620525586070519329e-22
44844,36719.3569687303899752146275676,9.2848524548845396408737843889,7.99347608890482546500122133586e-22
44845,36719.6296692758685406463192077,17.0264922170037463601104522791,9.21144344665561184289878015552e-22
44846,36720.8762197907172360288773754,215.163270881789293451319561027,7.98057170687409103177018074452e-22
44847,36721.4880350022277538910435024,184.209496951298319550367149457,1.14519261983022929938482310508e-21
44848,36722.3152808966170500794290798,273.892675790881462545641642653,4.3906177581829240460549339308e-22
44849,36723.2118145816161204923037134,171.777224377001749516343209886,5.20364264379356824963639462222e-21
44850,36724.1405098277004564956581599,5.63216124407495953568456595913,1.12908141511236660413580402555e-22
44851,36724.3100467111313207677734927,5.28527079390153169931184437394,7.72617581529998951356544621928e-22
44852,36725.3838768468989304084347996,28.6295537364322264545227577838,1.62561933412943986990626177397e-21
44853,36725.9973003329759256038862561,10.3235685131985316882982516167,3.79144044144468155025989055897e-24
44854,36726.5427607478055261465419088,7.66818902622984903054516687217,4.29180504488449648627512369123e-22
44855,36727.0519832062340340560091679,15.3350630687287057603766504145,1.48856708759176103296335244489e-21
44856,36727.7804988216947235540696733,61.9088479896110371645678699897,1.20649799478263522352656292137e-21
44857,36728.421704323331918042365648,261.142034500859341252313145808,3.06194307003873240551247799662e-21
44858,36729.8944956599286386074759497,123.69396492286932640968671778,8.5920882718148008810218227149e-22
44859,36730.3133382806660738106637986,51.9729420786966764515569804459,2.62825499926528989504882505017e-21
44860,36730.9497833064519194812413586,91.7892894405832647756259713341,2.62212226386625158127103818999e-21
44861,36731.8357020199234583063346992,93.7511399245045381401201576756,4.07353018444450466411375761422e-21
44862,36732.5176277538009133347643507,57.9369159745029716434114646889,1.304333035530641151454873213e-21
44863,36733.2278095037565291707711754,43.0575049088457005667430072322,1.91673677263516750097240062388e-21
44864,36733.9063962163710628306296509,32.6339458753100668684430862042,9.25683744123586382989240482578e-22
44865,36734.5006717657499328390543021,44.6135505078684598604752839445,2.41773319960896085807881140731e-21
44866,36735.3672320060589562773404616,56.6750864838663090166270402815,1.98244922383346488182385337556e-21
44867,36736.0261906188779601621957137,47.4040318085991004007692661059,1.0555307706763420806672672892e-21
44868,36736.8427865259561339185951114,25.3805105622270208943488691596,2.02455484325798889875492958618e-21
44869,36737.3330848248514970721191769,22.8167546863305975753086705016,3.9204141774945078676099758017e-22
44870,36738.1168270729548194516651379,18.4482183046739333251094648112,1.51112229734246136134579735533e-21
44871,36738.4012728043446919335729488,35.3937910431855333813440016416,1.75988512742752668830920401462e-21
44872,36739.690234825096097142100661,923.276153161282562423074632954,4.703354407156060226929521006e-21
44873,36740.8424007614528695041841857,72.4023549231043375607193381475,2.32275398292771776571575141095e-21
44874,36741.1908341042123365620386465,43.5691695404834331435917872946,8.94544866312880550845495839351e-22
44875,36742.1701529597774499565017441,27.7958351058446497955173039217,1.27066635731269972970009149333e-21
44876,36742.7309778423660392466372967,8.73647591483340221750228438277,2.74538358579019208512058143308e-23
44877,36743.2990844466121167350560291,4.34834155577134932241225665858,4.36999136290070213691258977285e-22
44878,36743.6524149788974632047508044,8.79409793713436595449026498252,7.89570370933132089068876500975e-22
44879,36744.6240548210706367855482828,86.7664228510525012350207343136,2.81197861690840941717343313994e-21
44880,36745.5034972738718120310413273,49.6774458375069473933303311414,2.25816645530096613588925387206e-21
44881,36745.996892813557975479619433,50.3864811525206668359479257762,1.02666762157040961677620488399e-21
44882,36746.821375046266509286341743,100.092064574407717647720811206,2.09255859577923027482234352006e-21
44883,36747.4121131478306981601596302,190.489818660404621637595551026,3.11079568425871744957226453961e-21
44884,36748.5801633646115565106214829,172.143191917913951488409686697,6.89943783997085732640721840906e-23
44885,36749.1215632403726337045997293,107.984410286326219600525369567,1.51459661775190899823606233682e-21
44886,36750.187657360407341102444224,7.89473573538684923617729414697,3.57575925303953868387197053468e-22
44887,36750.4149111170135286442710778,5.27803313950009425365305082928,3.47913185118347294714674021218e-22
44888,36750.919959124282163493789374,49.1044576421993550487908409731,1.62916307109413720810522388046e-21
44889,36752.4325006475038445242418905,40.8409894730393976833348888467,1.73154708347276958048772780556e-21
44890,36752.8676742799075104854121081,13.059053139726058223321094723,1.24034784796040129338130441495e-21
44891,36753.570441884551672084158945,4.45093120021604634904285214435,2.80176275186452352864857278724e-22
44892,36753.8994102948247412056715263,5.18439292008327109711881572829,6.12980841105499291377315217169e-22
44893,36754.6300659905828525610224281,36.1632816890177642113379539803,1.04329011483096891539037939279e-21
44894,36755.4853603604510198042145133,58.461161122434777180624355675,1.31875459715131511971243517795e-21
44895,36756.0245050773614160700121852,92.9934432446824882567573193453,6.41855245108442034479405342006e-22
44896,36756.8063229610875464116026876,480.327905979857465089799712732,5.20424295481186002962433259288e-21
44897,36758.1349954591641892511588534,195.565183574747851050251123783,5.68575294212636148666219779435e-21
44898,36758.6046064891565806359096599,99.133013802236784785830580776,2.98081774256484332828434074974e-21
44899,36759.593032255748789845492995,21.2283563406031592831196930379,1.32271328183486252758242977593e-21
44900,36759.9397765533654020595300011,15.3290762607034010987084658469,1.58549683755465992794876870002e-22
44901,36760.7930376164752363950453057,23.8581224460865246156131961696,1.07128356105061175096548027814e-21
44902,36761.3886586234097596794809764,16.5481460866532303756996098028,1.72273778885486213992762250534e-21
44903,36762.0057557556203799918377203,19.9308986325714315895781871239,3.32215845103553864083173335077e-22
44904,36762.5702216442010253610476333,51.0560108928584914383504488294,8.73463906147811227687829579788e-22
44905,36763.6099001341948154239375371,99.8872755217309301404514272175,3.56564218420261535707212623485e-21
44906,36764.2154944120694336043648433,86.5412742112162249880852459838,1.17913033670536114159823933377e-21
44907,36765.1069139580910089375547786,59.1955069091319577908758233237,2.83750618887504971486920406271e-21
44908,36765.6593676488007455809379589,40.7439380833515488335809404769,7.95452703885218450848841055812e-22
44909,36766.2529010200384281726283153,83.698172523162765013042046042,5.40261767348337334603662376757e-22
44910,36767.0167076980033246801591796,326.371904647662022012607299806,1.72191374848706482876026705203e-21
44911,36768.2206107242162009858006315,189.622445355624272042583368342,2.58842609469857753233380656966e-21
44912,36768.7988099102353996915766143,80.8263300858604197610812187048,5.94264377083126151939009723823e-22
44913,36769.6367411692637735641728776,28.7830620295314843930060071194,1.25914927710473937843539714501e-21
44914,36770.1997697155488021317032682,10.0276020282098604341358838105,1.28029779346786675678594447517e-21
44915,36770.6069073619633244068787195,17.2595591766436297002731441571,7.61861057243740432073102883425e-22
44916,36771.7314633452555928930741285,24.7526008590852016576427126049,1.8276296647106869837721563912e-21
44917,36772.2609342804973396986855145,9.99441729510510361802366224613,1.16407018890070070925170052435e-22
44918,36772.8890030131922704451271634,3.06807120026706524135008169255,1.05057335520396173376734178713e-22
44919,36773.0870820307114365716474268,5.49859932019646630763277008155,3.53958973899463213860626992587e-23
44920,36774.3397520630012745678048249,347.191908125810337466963106766,3.71502782721415356828120524085e-21
44921,36775.0206983390265240033026796,517.983191612722227916404183311,5.27706108501253370441421745619e-21
44922,36776.3061481385257547931445819,141.641698747224626299664701669,8.07686381777307503082101116721e-22
44923,36776.8771608290692670885580994,26.3950105357740027815779238971,1.96070234394369838948552985458e-21
44924,36777.3671022192618059162324994,20.9425079594758171328581171132,1.31758133082429952376290688296e-22
44925,36778.0470995113876176357307069,35.0864968663848574070711502561,5.49008283604426590487443100336e-22
44926,36778.7907950216362705043291356,39.0362920464914640075008451009,2.31979608760915170255145580797e-21
44927,36779.4088361525907592886251694,52.0619371179238297637047219117,1.60841890334688591427421159261e-22
44928,36780.2125257221319996093567828,91.1329994325768336932577275101,2.13391750580712621162936336361e-21
44929,36781.0987884152708582879539792,50.1680441412622866622476616094,1.96384671829268902997387069476e-21
44930,36781.7616262240172892986325113,17.9529331496972795335432125553,1.30349358169948940828032177945e-21
44931,36782.3479184773081031407365596,6.82247619217891393173940035805,3.59701629601729963320759224737e-22
44932,36782.64561776346700786412318,13.7149076280231557178920212052,1.501796039623024763801879003e-21
44933,36783.7486588574031708797741222,254.984774579244021390425416512,1.52168106607885643546796658566e-21
44934,36784.5530662565040256189920227,263.669384983289508715242669365,4.39843768310513773679611767305e-21
44935,36785.41558615524599855733488,131.943472247180817676222825997,3.4104190921107951471348322111e-21
44936,36785.8910421309776825726789639,169.021615644222738959005218857,2.46168582913138175824014594417e-21
44937,36787.2088936008825597936388947,69.3242849612862705470212803018,6.94466222860944622552201350514e-22
44938,36787.7228499494551438972874818,17.5611471653401798453206368091,1.168017206074928026594769013e-21
44939,36788.3320320477486186044576113,9.85692987702877947670711165708,9.92341790597045860162665300578e-22
44940,36788.8842132142192599153957737,9.64261589415498358620713794082,2.02060324384530088713391266776e-22
44941,36789.5658038216350580383057743,10.8718625563455736034870789909,2.13473484202254343351485913312e-22
44942,36790.0628132881703722299008351,18.6702088570938671036620217239,1.07385843479078431854564636785e-21
44943,36790.7349525879444433713783978,114.269230385276967975056052116,4.58338869190244265709915199668e-22
44944,36792.1133093598100932675335887,24.3821611905711462514649678686,2.96573296012533837519138802309e-22
44945,36792.3454432790026314889386071,18.0667290262085091792369430854,1.37013553923756873471021465462e-21
44946,36793.0243016832966615634555583,175.679221419918909236441201198,1.61193055048432121602129442695e-22
44947,36794.2974034296657023310549162,110.670930540807808289639672633,1.24129605949475126443149337689e-21
44948,36794.7443437354307077262603338,64.8496401786612132916244586765,2.52408122577945304213199803736e-22
44949,36795.6788288930383288524001364,25.5202217872734111151085346067,1.35406240574578446852615897177e-21
44950,36796.028086583305210224059693,24.8812474619558169242764050948,3.65310474861714057152523239387e-22
44951,36796.9347473315504208159208723,86.5076754757980894440188269794,3.44866138170434690448135218298e-21
44952,36797.7505608228454949518823452,44.0550778310333423757654120933,9.92210837222835501398323544919e-22
44953,36798.3070328716054897661134768,38.0800015984948871474768276584,8.42803402554673063719438649262e-22
44954,36799.1566072733728782225681167,32.0481452123501060254388675119,2.26017007831286809613886207212e-21
44955,36799.7304897460316033230103313,25.2635149685151202466119029011,1.91761171319051290215068847422e-21
44956,36800.493592893177055586576669,20.916723634651212917752493213,1.64812342735740760521353912238e-21
44957,36801.0685988477679941063688713,12.2399190234443370128135371973,2.94229700422526802316487297147e-22
44958,36801.4214542877784395111429541,31.2402511868622292981169192256,1.52108470689101931135194276748e-22
44959,36802.4488952314710623672814586,935.284761962423248322808564139,8.42476951120332211295465258036e-21
44960,36803.9538762397769220974735492,125.45838057336199053974574431,3.40576276627049430213603305242e-21
44961,36804.4485069081946452451599026,21.2389226365100952894944966493,8.40407589434766518531227884695e-22
44962,36804.9285085677712275676424339,17.6905140212339461334151862446,8.96376412660734051552413087482e-22
44963,36805.6617639375027105101715344,19.5544150052101103834520694341,9.59801831713817600758907862555e-22
44964,36806.1946111137630482062983465,26.8961618539119455446552004262,1.77387471948261173293973114846e-21
44965,36807.1105553627105566182112532,31.2132295515871396560686643523,2.07481789865841020626136443315e-21
44966,36807.6538727793273822840863417,27.4368539518208029266731384326,2.1065193011149907109078675748e-21
44967,36808.4693524812326588130347459,21.3677975843054721899677865489,1.48008180011082306655610622353e-21
44968,36808.8621412268852536348546984,32.4058609971534599578470151437,1.51005586538269366808816808886e-21
44969,36809.8220980523804664055334692,211.624103160754237312424096081,7.69649752370336302587080753144e-22
44970,36810.8367740678504516675630162,52.0470098396006016570336988503,5.02002781315487554184974133691e-22
44971,36811.1782279827198762233117792,49.6951702642037853384620864758,1.00486141175190080028471919432e-21
44972,36812.2204765757414240167336349,87.2904544324310550056035455561,3.28943016746117951987059637879e-21
44973,36812.684067570755750633973038,92.3440033708922447468035067616,1.85895209405299858772236136631e-21
44974,36813.6945947371760985374814768,134.969000911663234472050568425,1.54530725876342835537890754961e-21
44975,36814.30448875462809750733684,104.533232569535236909815428246,3.94703246274562753292285013206e-21
44976,36815.1665864525845617422432323,92.4266950168886766144308750695,3.50894880698524827622693139391e-21
44977,36815.9948897315674464760306199,23.3568606928039813437847378344,9.65941116418767585866674171342e-22
44978,36816.5713429488508424578765471,7.02683807258511511782053632581,1.00840751375539542366137120127e-21
44979,36817.0357214156467086931043454,6.95601466551705199676886372784,8.8847065620392772081000967715e-22
44980,36817.6198273554950505441917778,21.7129314610227234395393165225,7.58968945457743508666105079836e-22
44981,36818.4537020714105692575019722,62.0006708671870517608298048289,1.8388162253731513946834636829e-21
44982,36819.1418743018509834481009908,84.6953673718794797890373675281,1.45631840434395210751060072976e-22
44983,36819.7477460215578701091736359,241.147789872864134415302851919,2.34545734211602201632584286861e-21
44984,36820.974655524357308890695434,390.813509843564460623661191923,1.74975907488594145870158531863e-21
44985,36821.6891592649570060534497187,129.190769990414656821706264155,4.4150191930957196370822381891e-21
44986,36822.2687457759521846880639099,130.367591719091162760352903135,1.13259335973567491789945558573e-21
44987,36823.5126729932723157904468816,6.07523435995305441057392841113,8.37372812265644588423726557449e-23
44988,36823.7986100160884701407606723,2.07219230299743263596764180001,2.91344848795948102550922531399e-22
44989,36824.2322664332315563873853755,4.31284649076434069257194532464,1.01356787706387556969555204002e-22
44990,36824.7652668896155363456609863,25.9253734496605453383186805088,4.14044070016130802497646911117e-22
44991,36825.8199231670105653346342681,180.900386082008785998995920658,3.37667296623784335508806496637e-21
44992,36826.8622283957726603259389273,29.4569632023700697272774552719,1.90791487718986929067075360729e-21
44993,36827.2688428531375116049110322,15.4088408445621513901279755918,1.07964690741781643365558512692e-21
44994,36827.9139688681067803395490895,26.513086100858818133732566373,6.41520915654952829342406131858e-22
44995,36828.5623443711389243412427805,43.0220594404617582247249262499,9.5739399066878411905142986895e-22
44996,36829.1465968877990317773442516,133.665707856184221284371164852,1.31730274643509698025746557414e-21
44997,36830.2558082308780733862610235,387.561318348488513415589539415,6.44204404410925070986795048922e-21
44998,36831.0183554485484321146204475,247.230946877237765884200542011,2.0949499599073489735058900402e-21
44999,36831.822258627060770518392508,159.686598656448090851521063141,4.8498381746964590507132607875e-21
45000,36832.7601310935447132053407687,8.83745903190909322288762443911,8.21023427793273001805093621928e-22
45001,36832.9586866488567693530290656,8.49775367367271989967958689405,1.13079570514087358475902966074e-21
45002,36834.2565911922902377586127631,3.27014154046846723930825356554,2.01166306729429001202169728048e-22
45003,36834.4928489083290714870518931,1.671224481227192798038862876,1.55271973002589778503716945812e-22
45004,36834.9272207966937562792496157,9.074522678741879693701009249,9.78839597114703583082272830912e-22
45005,36836.0320163493220196196348064,26.6388000645603704647388207975,1.87134242257489425136133023325e-21
45006,36836.4999269706696763957603938,18.3107268034547764020006703344,1.69937202513146081899843338645e-21
45007,36836.9721813773071847523879933,71.5953181672416641937152743333,3.39090216513560355416267329023e-21
45008,36838.1638238108469111506674454,645.174851400268801354271871485,2.42637758456415807184287432953e-21
45009,36839.1512801691398687016956636,204.769613900135238131241855158,2.0131395536773790621141092328e-22
45010,36839.806692890890921992378323,70.7952295140191913001629449307,3.44230912355681279346826538373e-21
45011,36840.5753948133258215084487814,11.1078516479579784769565734262,3.46451920068363401016374112851e-22
45012,36840.8458098490829077618172122,12.5912684316812478594749396868,6.54367425762126580453976376211e-22
45013,36841.7574773081000834612433312,116.305280673947385782473550655,3.14891095862323147335357230327e-21
45014,36842.6890502727129943199734127,75.2499147245420689752813698794,7.22879678899454338238217305807e-22
45015,36843.3960395038505704388871491,22.6969052367193627744442798898,1.12031853612499022725986599183e-21
45016,36843.8857623432634868843845003,20.40446781446608612663925558,7.47977832978784763367381899089e-22
45017,36844.6249003240530308671042173,37.5891805374362794376350872993,2.40198428848179402882498178276e-21
45018,36845.3182498165676455896932791,51.3197691686780074917686088983,5.29008671532197918203997894767e-22
45019,36846.246711221307346494613165,8.83822284602502427478674234531,2.72262661498516385349831134506e-22
45020,36846.4560330146065007557300861,10.1561025450884064171217470176,4.52517201546607499885181678239e-22
45021,36847.5194976006132282063580467,90.8243950471877382635924160135,3.89635496794593388085901359188e-21
45022,36847.9206571386468210290659376,165.344728689210166168169984075,2.70632947535375134077543917019e-21
45023,36849.355066097504689740138162,489.028959861046966607604182023,7.41394922904562560512924685533e-21
45024,36850.2360987219280523796720042,26.749358254988227868211943458,1.26373576349633194532363211401e-22
45025,36850.6282267185796263622605002,11.6371589591728446124886329171,5.11352873274491213795764922525e-22
45026,36851.2588069867883066352156009,15.0916052656997973125815893057,9.10612740784980105311608425386e-23
45027,36851.8991476467134535943457155,19.3154589258870405263949247671,9.22601325035918636715046183521e-22
45028,36852.6407744711228896440864711,18.6023485090092928275050805499,1.34001822863505897351993545514e-21
45029,36853.2116640171808999476772258,19.0792667783912966756936766845,4.41761418099524823121408596185e-22
45030,36853.7558844289804908139570643,59.1942874043099567366141785983,3.18680160746964854605389554918e-21
45031,36854.9068981314110973910621927,125.85893818802047227587194322,2.97411557461849628109300397487e-21
45032,36855.512834525962821026443419,76.5285517253549551303779694759,2.1079319439299047794149404676e-21
45033,36856.292105060042762861619468,37.9573035190553726043231940487,9.80152479040781827739963226924e-22
45034,36856.6286936297523056546935321,64.2498687224985059215258937192,1.59565053587683809297945790939e-21
45035,36858.0804122929939524915951746,113.372771458949496751308973116,4.39719725539514102994799034548e-21
45036,36858.6154958244151807100001131,25.5220775963972996830149709552,2.10537406037354472852899424569e-21
45037,36859.0462038734941063982252137,34.8815264583427828786355948629,1.42740299366833157444367508282e-21
45038,36859.9812888468721790959267984,79.0150289857302119251899995599,2.69787894912078191615608153237e-21
45039,36860.6239407068320938639840846,72.5102930591020871156465509346,1.91576618529593020300329521377e-21
45040,36861.4350648260454276315676406,80.1718037312930291994021792329,2.95793778695937682573075884525e-21
45041,36862.3772806399389620281800589,12.327888301368605130552414242,4.96768114637928572878370789967e-22
45042,36862.8089715577710062080008893,4.81681600219656651633975537937,4.98467504285817379176704988522e-22
45043,36863.3260518429884745213849983,6.43158295214419726938550807857,4.32445247898710438553041999411e-22
45044,36863.8612272164825739648938561,18.1204052704746810505516706858,5.4976283917142041425852879752e-22
45045,36864.4810492245786454061400045,135.106180270189485360926925352,4.49255610071393809960591313503e-21
45046,36865.7841737219712161883435962,507.58957643682661166307757694,2.09308729397018115438128615363e-22
45047,36866.4624447073987228323179857,319.853940293979318224488080294,4.13415014831131457977522626049e-21
45048,36867.3693720613585445997884499,186.69668932548163589235050302,1.63088353342823109646036699918e-21
45049,36868.2330378649897402683868313,17.2765687718977392527795594061,1.68870952862405287265697554166e-21
45050,36868.551496705989119633320457,13.3454567781784817758976320082,9.31887021182023181101003531897e-22
45051,36869.4012700085520655427346968,28.84811244652277052966092928,1.67464385770437226514361900649e-21
45052,36870.0255225285033042783108144,23.038244819519114725773419738,5.15944507920770146332034280838e-22
45053,36870.7227932134854112989634909,19.2940917106617664346585693981,7.53143654190594950878547237223e-22
45054,36871.1887925827994777900105525,36.7521003102600229509261578437,2.38892488680436124492780068709e-21
45055,36872.3107341519150922474613249,60.4534987132321471059902945515,2.87138878467873941393273449142e-21
45056,36872.7972981280935111517950036,48.680562103651259329219920044,1.12072602889690230370457850183e-21
45057,36873.5988052030940073356241241,87.1841461661879198158069420071,8.95657566517720145624210173566e-22
45058,36874.3257321443426057561541402,84.6834813915097342806050097694,2.06319414882211760062591744052e-21
45059,36874.9804607019192427394158929,115.018263781841688537576914247,1.2786625837809754990025715038e-21
45060,36875.7995554723391435810576714,162.772071681070545936314979492,1.02208147095900356703276622047e-21
45061,36876.4666186567470747213299397,237.845896128621787378439243608,2.12932211682934380020183731161e-21
45062,36877.4475138462983118028230469,286.660098528552464376064726653,2.02263359313253981308821551873e-21
45063,36878.4450798168204270732137584,28.9667613790060940129901918426,6.71712675933205169492347164775e-22
45064,36878.9664501272543401861715657,4.80389053663671664723657873208,4.03341884064584537176137797243e-22
45065,36879.3457396548101298513634642,4.77388968720099254243657278356,4.63518702227447106750882619341e-22
45066,36879.9510053656394632944311104,20.9233905353280064481164491889,1.601321241362768307808161201e-21
45067,36880.8720282026471039361043342,44.1338803033584060063920865216,1.9092669279270405085737465635e-21
45068,36881.5441594641739778542002651,31.573204558730969555564510523,1.25253306272554121911184757032e-22
45069,36882.16014077404604517437649,33.6381709008222127127991543916,1.19479225416838692318785301733e-22
45070,36882.7046196970980682759451835,88.6763204577014548437619724583,6.41590891139790003355812238921e-22
45071,36883.5831270998252894830283065,601.815719695670149063559820648,2.72662845734478611963929561012e-21
45072,36884.8844240952405186172937802,240.361832669017533998363778961,1.52841960640185324666494222491e-21
45073,36885.5132821850424334568016743,49.4938804255377080073095084738,1.78525696694656793672303861606e-21
45074,36886.1317034276028352347917392,18.6565821055156505152393604845,6.65075720097195473193360492632e-22
45075,36886.5985287448809069968918327,23.5065046109627796680318600158,1.61823986688497669542875000457e-21
45076,36887.6242601234870450173100987,3.54284297629703798397977528936,7.56313629330634412834292054187e-22
45077,36887.7614938720955552131077939,3.94358046093843255178068973623,2.74868294937013171360064684429e-22
45078,36888.9185439912518051920006897,131.444817484945251849806542173,2.46575515494459626879617399434e-21
45079,36889.8547589447627278287002198,18.4712850542365177275229951177,6.32169396408452220756505245387e-22
45080,36890.2512352955501849968339878,9.87572318160165784308120488523,7.86218143776394601276120231827e-22
45081,36890.8015670287421715425249395,26.7620876354430543002297202268,1.81540085460527179755206509196e-22
45082,36891.7135211036373337083358118,48.5956324647244729319593286913,1.33369622763479087757022910763e-21
45083,36892.2985359698099345572699385,37.8608848055378837266698724638,2.12356374295930032734198859655e-21
45084,36892.7518302925589390351190463,119.789446863866441609409232179,1.97075006105678135223867926351e-21
45085,36894.1931687135171965818442243,416.767703886863054121429216935,7.71995195791979575150709437949e-22
45086,36895.0058360578438078787050295,25.1561030899962792820635729562,1.19675121285907319913987023542e-21
45087,36895.268141548692341263202607,23.9175622550211554183437759382,1.18191998252828804454876719005e-21
45088,36896.3334460362476788302210563,72.1181578370433964838442170687,2.84486324469325247751911401395e-21
45089,36897.0296293288226084234101813,24.4913857757684308402770867579,1.35112834230690714794495032564e-21
45090,36897.6873193856220736443374535,9.02309513927223326913202961512,9.48556010793688413599380122745e-22
45091,36898.2095932001717168660311172,6.05277600987061919674057081222,3.52244404101365273677535296275e-24
45092,36898.7326863243246505618716661,10.0017867392337332736438676993,8.90143235389455697601438194789e-22
45093,36899.2667333590654579064161028,48.3977678318990899367603889386,2.39949083998455696025677202616e-21
45094,36900.4535882238615198941022378,217.007667730772869510230131055,4.24880480670890463727307360289e-21
45095,36901.0923363325863505299255396,189.284493342890371600897048721,2.13266640427936735291785562326e-21
45096,36902.0625312899789852554097124,89.5534523301882089733789837286,1.00940314932876866230401965447e-21
45097,36902.5379981441893114227585357,70.6458754634804510766588842605,3.19311299184399513175724138073e-21
45098,36903.3061041364589839381064354,165.871500092637383452624268154,4.64770768811833878609912303738e-21
45099,36904.2415011819736136543747171,125.217022657562803950481504906,4.68393665845619993820893679815e-21
45100,36905.0301174668233462724767334,21.8333606551998183038409183623,6.56764106212530616830972241749e-22
45101,36905.3963534566555846260016659,20.1945338325029022402084496466,1.11026286225300506246273049723e-21
45102,36906.1713307928325648185619377,88.604722379760700025411023333,2.21818974125476287601959967462e-21
45103,36907.3045691342127290553305413,13.1017714085634376438532611223,8.11817745300731001516005665902e-23
45104,36907.6170163454038531945491819,7.96253156226555588592865390996,2.03374576365744471280638645391e-22
45105,36908.2645800658873360478203815,27.5093815007238870541254908935,4.2984633984770718156851177183e-22
45106,36909.2637476513212341430317593,3.06777019358884675785768934337,6.50290360657845833403830421303e-22
45107,36909.4003666027730248318228079,3.38016170786481473733938114164,3.87817477464712287809571949122e-22
45108,36910.5856083325229039715734754,13.016826987397305167861509913,1.29874530150299298494961844786e-21
45109,36910.7265548598407551068226107,16.715025936635194593526782268,1.30475137873756711974215272503e-21
45110,36912.3032047966250576144505747,655.969850263708246279333347113,5.83975749886344953924066109182e-21
45111,36913.1304618673111247879794825,98.781725909726375798593077282,2.8897468373514253612785706126e-21
45112,36913.7974685442603745951365696,17.9584579828175828560342864445,1.42845046447183272615147678019e-21
45113,36914.2896190700224436110388188,10.2309820642929252222667063299,5.87926314932624704563970071526e-22
45114,36914.9580954487903645989207818,6.82631357739885550892804184801,3.67997774823408794525401423125e-22
45115,36915.3136874564606546285462554,12.633713377972853789829917308,3.59612298694938169174098038378e-22
45116,36916.4230545387337785412844837,57.8573169699595946293438604036,1.77424134687021034454743763094e-21
45117,36916.9873825909436316706068005,50.6471969323760455370746237104,1.56871117647397247517382375902e-22
45118,36917.8173457934615049004365045,58.6107918899636620818818205014,2.50768728031204565663097683515e-21
45119,36918.5035836196216383991466892,32.364723784871811624309955731,2.25619003009556283577325006714e-21
45120,36918.9410692829663609289085192,58.1082626027107044255415460907,2.81395819424760678831955509138e-24
45121,36919.9465938613597137602959996,320.545877649606524484111171701,5.68991704139182518829775479143e-21
45122,36920.9900436167956781446819022,59.1563808813186121996709418675,2.60627344962783630469524382555e-21
45123,36921.380452932423678768622918,38.3119167311002917982015267319,1.62396364822857430911405882613e-21
45124,36922.0837519656600335417161996,104.331696502745987564820574671,3.87266973427903385633218829417e-21
45125,36922.8583968003246868683934207,227.494272857398109280290496198,3.06632279449581823784684484541e-21
45126,36924.0797708988629880574431063,26.6003657608389483557846668287,4.48404077706477041270152337152e-23
45127,36924.493521754295755498432708,7.42467694210671467137633754798,1.11293798606742909609873430804e-23
45128,36924.9339188629577647208324917,13.0087815965397676699715894529,8.2236898142910014058209414168e-22
45129,36925.9885361582605642297624383,6.48825514207788281697145207743,5.30420906338010020019752651489e-22
45130,36926.3040124863303446999355632,4.6178892552646354593189615454,4.29411811654725684193575639209e-22
45131,36926.8683496349022698050693479,24.4898077703711672103248684376,4.29248458881686809782318437006e-22
45132,36927.7375714483013548008305238,113.190057523063845746036098579,4.3963304294268249447771070613e-21
45133,36928.389229350649560863987093,290.148606143043111129777653188,7.20927133859790382154889148862e-21
45134,36929.5623101846172264656130249,410.391587772798869641824851453,3.60555192472193354233307686374e-21
45135,36930.2677580820110584072739913,188.420351337074150853616417848,9.87392514854609243071849089215e-22
45136,36931.0703268656150409587756744,84.5544962790433350165752573146,4.85114445347474160744556788773e-22
45137,36931.7279283514605858969415737,40.4684306907283992045326546435,1.51090108908182384202153349646e-22
45138,36932.3674929592105428662591828,31.6155977472479398055815322357,1.18902912858568286716727709767e-21
45139,36933.0776971862572051457088056,25.8128748237994931780788207939,6.29731059252730722755591608627e-22
45140,36933.6891199610969633581727654,26.0419245396808134859648226933,4.58250265155042094503871176927e-22
45141,36934.4168848273716982588746221,25.2271899382823938220357639864,1.65386418921582719098931284194e-21
45142,36934.8612469899719699197248356,53.3499009679212505468739721022,7.4943311668089554718624179658e-24
45143,36936.2862396419501258744720678,27.4979030947126208202523304551,2.04342379687916753921899311128e-22
45144,36936.6966423590998483246894133,7.92620661246123686875439583574,1.06621814106807532291368536271e-21
45145,36937.2215295251775005140369548,5.70062846307743970211625985822,4.28169517219257767388887287636e-22
45146,36937.5246621798750637555139666,16.0612524376459798006344688129,1.20882047499061599956848085754e-22
45147,36938.7958763981187114439207287,436.48653932369595950985753195,6.09956217874559616430250097596e-21
45148,36939.5344787584244589058488987,437.310913684966974126463530094,5.51113806211219509625787180217e-21
45149,36940.629955068082538078542099,126.602033514959810443856259012,3.35663972975497449201690041879e-21
45150,36941.2860079382320348816102068,17.0867312608514991997165753934,1.25103369607711807771985190185e-21
45151,36941.649054424515645056592574,17.2992090983583210254866987069,1.75535087111068014990968624477e-21
45152,36942.6608610938444744596202938,14.8924402569254256186999139866,2.54813007586491622886869434126e-22
45153,36943.0395306665894352563186619,13.1741303948145348348005328403,1.50454189407589058627075386269e-21
45154,36943.9732212897895286819971836,14.8794112818162920262814740751,1.34610387300063989963776001104e-21
45155,36944.453737229558281802490102,9.39149796938918022347773114661,7.49661734971844855289230352371e-22
45156,36944.9217189370573891597529053,28.2117310642895437022371423613,2.09609926487711341665150180799e-22
45157,36945.8844808961585255186538866,200.792709259345737834136402972,4.22973204526351087185132541696e-21
45158,36946.6659008843702104211035559,316.744805881182494185268750073,3.67483657833307877080834692291e-21
45159,36947.5780127394249414248132055,323.803061503873907212198891626,2.21609997196880148725161839749e-21
45160,36948.3697295742492820806070799,199.36970398992926138750782497,5.51421382276948239423828137823e-21
45161,36949.3348883338552752977770815,18.0166798276521774358342295685,8.33253343369736409055997531871e-22
45162,36949.6840451329331160904164821,9.08214102566855524254014056471,6.41465030106185826703442026143e-22
45163,36950.2165845484356653292321742,26.3785921922280800142465629161,9.78930318440419226273033936212e-22
45164,36950.9728541009798628988726083,128.489357550922217996525225719,2.45791173017480405323890003766e-21
45165,36952.2545772388582927906588726,17.4471005054948240797793831947,1.09642603669451392698173785015e-21
45166,36952.544420587567993745411497,10.7177157801509024357173991184,6.68623866104320661034736384998e-22
45167,36953.3740928400171216843233936,15.0839366782024327869773795556,8.12632285203798743421868517582e-22
45168,36953.8837541442678735283067426,11.9776133641834229276880525755,1.02609102811692290312079111189e-21
45169,36954.4220110986292317909057389,33.1241136007181822951819079009,4.92758744463627921813950010218e-22
45170,36955.3023374205754003620397004,143.765926302692923875457244619,1.17319893325329490526717596709e-21
45171,36956.2780417177191040010507465,26.4489358178343727973592156184,4.0401371237751071754430036849e-22
45172,36956.4791615962344052477338882,33.1202558635082725402043439208,4.803085685049177749809661886e-22
45173,36957.8135483647528614039301401,524.488677293518881128716171759,3.3466387441410633882452477174e-21
45174,36958.6321289844511187570099547,167.199797521289993107544290033,7.08405653431379209814057810524e-22
45175,36959.4453490553182088131965525,27.7703811026604704056373286263,2.13586190245760029566275209898e-21
45176,36959.9328670460740624317980805,13.8625854317510517616860187616,2.35857492045294848387250736063e-22
45177,36960.7113528986801407653426099,4.1879726169873792796275828229,7.48873403265596537390672461421e-22
45178,36961.0371442005504136021599861,3.83877399033558259900517152655,6.50217372492818709620595794239e-22
45179,36961.5950244140733969860877925,28.7693230902142890550018177191,9.42919433733491385585771365138e-24
45180,36962.8605883960515623510355674,25.0798242505491731469012245427,4.2570834900409207122037445644e-23
45181,36963.1301878072100276730077798,24.8662414049708897930826979236,1.92857569738354013203607270598e-21
45182,36964.1697539266638625250495676,116.245493546530426402649143689,1.61340892188594682134791314453e-21
45183,36964.7834139988554638762159252,107.446919400406793701168474564,2.23853005446607673600462681957e-21
45184,36965.5910534992309965945135777,135.779512916193304029495031413,1.05313110288104501832910865773e-21
45185,36966.2828050065437801820144803,151.414182622581173079237661657,2.33065558340672043288227409582e-21
45186,36967.0891022005795711738737164,186.250034473446670352073951135,4.51587580767594871976030670006e-21
45187,36967.9533928168563579997016547,101.892559639370693570674715266,2.26749061231061120788250673912e-21
45188,36968.6545187846039517707815872,36.0637140909465502787153680288,5.90340172410181802499964324966e-22
45189,36969.1426505561397646455463729,40.9074315999151613361121097046,1.597167174963781224874056047e-21
45190,36970.0725455183505351611476538,58.0653284827478554992111504549,1.95686080731965764706553640325e-21
45191,36970.7662918144500757797806936,29.1099693610723719176000637393,8.08403042154320112279626200742e-22
45192,36971.4135014971177705887759568,19.7379934082726429139653824251,1.48946882901021285253158986781e-21
45193,36972.0733573418117249390262219,15.0347033425016490419608475068,7.81889417262973617326209099218e-22
45194,36972.6348549970570384750952425,17.6625942423898902851242639367,1.72226338762525217425330237591e-22
45195,36973.3036323691804162511125776,24.1599970596544615402248915775,9.80853514292128579615337879089e-22
45196,36973.66547308460501648863223,77.5713303412623421003381720169,8.26094700202105254907634770299e-22
45197,36975.414680992963867948113927,420.0701882588598974018930088,4.58476918551514894137845972286e-21
45198,36976.1109256499768458714212087,43.1102740010367930146837114683,2.67040813351513387245277948771e-21
45199,36976.6348467068806926350882829,12.2313924369239717102844960675,1.01757431228203496410240924953e-21
45200,36977.0157424473489623502443209,20.387793790408742476721813087,1.32705110337556616845132709144e-21
45201,36978.1084915867771165016310309,43.4978554636571392001453895115,2.11948153192997151274841670909e-21
45202,36978.7640022226630250324780165,9.45337352910554777404222947408,7.49850169889910538023914523876e-22
45203,36979.1183839062716206290598631,11.7652265472882178632612702041,1.42888224927467512626387664819e-22
45204,36979.9463519392956068622666787,70.3294312217021874709285692064,3.03015433783545153944952449639e-21
45205,36980.8364660291263078342079567,65.4102667296006905859111142677,2.29435070189891125904285285481e-21
45206,36981.4669829376456078721367728,46.7782960837161775767433608847,1.10371691156517651923508078568e-21
45207,36982.0932064626955552495497509,74.3130519370953863063020337318,2.94587729673794093932624105947e-21
45208,36983.0011143339785069769820262,70.3757105501093504033056593843,3.43505441164177800369260811486e-21
45209,36983.4969102435441865769876428,82.1555040694355256451673872181,1.01239911540770137975689603781e-21
45210,36984.3650251997561968340302632,226.691693295351952436779499562,4.57490382836524782848099730099e-21
45211,36985.2043583803963780957249008,207.011575254571009665939443748,1.93713098438515426291447977764e-21
45212,36985.9097129722882420822967737,198.959217551278583790069852903,5.93556585735173318550308122428e-22
45213,36986.8422795377620612029388268,116.1748041482783501492553313,5.21774368987908033712147873472e-22
45214,36987.5960376806699611930140794,31.4306643239156825652754896367,5.72549566247048883518646815537e-22
45215,36988.3426922592923633894826616,1.93914538378259911265396647243,3.25802397099043295742390107004e-22
45216,36988.5522319730916351498138761,1.82761992435741734025790064558,2.47442999685750106833701554473e-22
45217,36989.299424421071694885415447,17.7750631317073037824264014535,1.27903467685417945011864373797e-21
45218,36989.9546290382545556716795452,43.6047991778787133962385938991,3.20245555323422368544312382551e-22
45219,36990.7380538164541903736438584,118.718216496604192869184179347,6.13237389176367870250747804029e-22
45220,36991.5903922777873270713327247,157.137919717445401050686088596,4.54017851894177513260937084423e-21
45221,36992.2859365967495497593218556,160.744192253505741407491396166,1.25397086461941844702339547405e-21
45222,36992.9401118361451559930666448,349.691388218835810203522104582,7.68592049946638206882551243514e-21
45223,36994.2402736956184326805583614,142.450461310332562079144456371,4.64702562370050919675453640831e-21
45224,36994.9220853503710383715939864,8.83597357865237494722769174737,4.24833022814046791066488330087e-22
45225,36995.2039638767064705390738777,7.60611706596307363300097620653,2.25237555052378549101298106544e-22
45226,36996.017207262679680211804446,23.3107182611495561766774779403,1.87056888221186842930371339752e-21
45227,36996.5423565815476015147745659,35.7637280974378779514520916237,9.70326455787878224385105339909e-22
45228,36997.3522312721639982197821282,126.877889520627557313125206715,4.13681962781657882599980081434e-21
45229,36998.4804431240713271321639125,29.574255553958244707884920799,2.10462120367573861771834523357e-21
45230,36998.9133150585264467947605596,12.5661889045401936718775071904,1.2057978079810084689552109453e-21
45231,36999.487356329618757121840727,20.4659354509278088514261236727,8.06106237809530612695911063046e-22
45232,37000.2264152226063460591835318,32.5336749411891276625633491013,7.5114381962526816992924358715e-22
45233,37000.8320313242462944778944058,44.7548180318246799101726182056,2.59760654438829003883701224665e-21
45234,37001.3941305064766005971267399,169.302160890223632999586894426,4.01683578957464858756726176537e-21
45235,37002.7489136960559577938894432,237.928470629737984260426975977,2.01081283527335395701160359631e-21
45236,37003.1910010122822435048391267,191.697841678880361443830421787,2.46469586092530123923998704887e-21
45237,37004.5274796846030415368334646,13.3633447717027487909981154762,7.99297750964650410713830366753e-22
45238,37004.7896239924096239752258986,6.49638641621337319788465163864,5.06236305310077062023279321315e-22
45239,37005.4023194446186481251456141,16.3231200030625764027017323583,1.05196602782499432945666618275e-21
45240,37006.0418220999543999414013224,36.0958794485112951499011333192,5.45296779081411863536621707915e-22
45241,37007.195147408124552122508277,1.3128965987452729820337554658,6.26590491305073997475060868937e-23
45242,37007.3185138475824361690084591,1.14593335442460027943793908249,6.50559380805293903098598986698e-25
45243,37008.1154348268230649090875395,15.2105989832069704889533051736,1.55176781910449002076133443604e-21
45244,37008.505106044703900980852877,42.7363918081081038528732277863,2.97956191333157026016080512232e-22
45245,37009.9639219320971174492759255,130.331953875962671163891209033,2.84187858310924976129941017466e-21
45246,37010.3681755490763290144433377,96.6553588539659449392165127907,2.99363171139280647801565950478e-21
45247,37011.3264944593952646241050436,145.542812258748066630373816628,3.42840818187126931569176151943e-21
45248,37012.0790785738666074725796328,43.2616109573589936693038980584,2.49724678870917633528247380462e-21
45249,37012.5106630232591815629695565,48.187632955089860116456054688,1.00301848344184184363858163413e-21
45250,37013.3890046625500375221171282,147.625280321589733058123810364,8.43413071898278564226241931647e-22
45251,37014.2491180974407649342088239,104.183627572962942218756046525,2.37805864936320247481768192715e-21
45252,37015.0429759371629440712499307,29.9716012395699691546504821288,1.32951583801885557351001122187e-21
45253,37015.5716043302347170656827692,17.0114567968477367597502649057,1.5449731276928855314060958474e-21
45254,37016.1547253521280945852972393,28.6476173955454670435063406067,1.13199683577357563745521157028e-21
45255,37017.0018898421426049019730449,42.6782553483664796948447965003,4.98435883699161846407924937055e-22
45256,37017.7506796616378694257175717,18.5011748894462300937074817337,4.0517990438301202073431424536e-22
45257,37018.2458772237136355831814435,14.4098132589073346816887608007,1.60407526385180017833591022906e-21
45258,37018.7412120064477110525288378,46.4951552912103492639203545613,5.56957784428030190680783323516e-22
45259,37019.6201737062980280342397331,463.662467164850790541173870292,1.15363877171888638711640589326e-21
45260,37020.7894960822068326072938623,525.043840262001978171519757764,5.82137818556824870076421872312e-22
45261,37021.5111936790537388535892554,251.030501969730554024803095729,8.78005088582367806327998934663e-22
45262,37022.5184333195918979964803357,25.5597113846966052172816978673,1.40681166982259461566843625486e-21
45263,37022.9719937437320459099924829,6.70706911460170545336186613791,3.94875753524753343256283098974e-22
45264,37023.4046579267604003294892644,9.73071137391255839432037579031,7.84012003299410745466778401498e-22
45265,37024.2856140976714528976468298,11.5141995930904286985292265396,8.95832366038520742829056824502e-22
45266,37024.662657573676007559738237,14.9865123311955818454010493889,9.8990584717935043143651911353e-22
45267,37025.4763311883820820409543843,110.03558162626567667577670417,5.74632736778679971995722188996e-22
45268,37026.5436425361908775685962147,83.8986589859169588614637475406,7.20046532929388962500486654429e-22
45269,37027.1841098180110904728893522,25.4392517993267000701630308229,2.12883728995244179980095395811e-21
45270,37027.6579426903456504934373477,27.1740431424927965444098307977,7.24511180147655538372812935114e-22
45271,37028.3050766749449396847479523,101.49621508008596964518914576,3.27246112067799602042487185973e-21
45272,37029.1894645900373140072404037,376.10502710796013904003353848,5.30918834307455197880602874696e-23
45273,37030.386694658216219568751873,52.11306829691544400277756148,2.88254201293340039957711637679e-21
45274,37030.7432085698164864315513452,27.3224072942298691981631506831,6.82681167997111623209166666713e-22
45275,37031.3536843485076782022550174,83.2064074587081151320562490987,3.860819211928251823174527051e-21
45276,37032.3292347203801594139145356,134.121051529297827573553136062,2.11743469665100598866817315699e-22
45277,37033.0775308784778769052799656,75.3154019106656369996452482756,3.54718004979870202711323366076e-21
45278,37034.01002047854374712712129,7.83966424237523702346297149783,1.1182614934543981812551606062e-21
45279,37034.5215211390274680437576824,0.168618691609294112142417869631,7.62820325461534664919135018551e-24
45280,37034.5992150591877622555061298,0.202299130222460476437550843125,6.67126547451216290710729020919e-24
45281,37035.6186543387205374724809326,43.6130543526229094909199901335,2.14374517317773904376859241027e-21
45282,37036.2807547977147637682473705,73.4866424060832971035240263475,3.21035433444129329334067931391e-21
45283,37036.9737523130602884403145165,219.094374209099501957315656459,1.19424089315611536973096277282e-21
45284,37037.9081016440928849381310185,676.256745068411584675132735347,3.24245040859934918702307219656e-21
45285,37039.1526684988699527499566149,59.6174101675353793890628097404,1.22161419453054963106655551976e-21
45286,37039.4986290096511247766782493,29.61029363341779424753340437,2.10057910584794071660708868081e-21
45287,37040.1834504401043386339137364,63.5906607707696255718645249895,1.58737692955837679775585884611e-21
45288,37041.1346047315071819531083318,19.6478577638383116592515167641,1.74810359303084769721651101309e-21
45289,37041.5194221194420861943499412,14.8341302430631556621683688658,1.42117591632114704263164863202e-21
45290,37042.232461165287665185098046,44.7987814027465757168066732968,6.90170150915531145050301767707e-23
45291,37043.0706798486401179186767017,50.8700225808176147200725408231,1.65243826757855299929624551643e-21
45292,37043.7041228612136901415476851,48.5711833648388045034675224858,1.4138088110255097091609715916e-21
45293,37044.4749366249900751224264254,52.6048947438223618250696745175,2.28233445178174583346391725838e-22
45294,37045.1211313357993515026956415,58.229206345527345588081474308,1.19445735654622719749758764834e-21
45295,37045.8918011746316619622088689,74.8322944203640871064098201859,7.48465926025379915258101748569e-22
45296,37046.7595966435202160381308768,11.0384772862796269744304096987,6.95871376670038890466312105145e-22
45297,37046.9668419593338095849646414,13.039889452561349811629893651,1.17480124935939036892545680007e-21
45298,37047.8289435213719637044257294,474.892001477331355181932005213,8.97306594221161661776487910995e-21
45299,37049.3322406332996430867676934,155.283270763260468035632788458,2.2817126876573330741511724674e-21
45300,37049.9391730401539245295573886,12.7567506997314063514125418892,1.2189891351192273021277760784e-21
45301,37050.2719246920789743482576256,11.2834481939926927805025790937,1.3122531175283971884383634322e-21
45302,37051.1603596138485533822865347,16.2204897041269403176732051779,6.84736649832117066700093281206e-22
45303,37051.6312928431436189050247221,15.9041273745378310054331925428,1.11753194687812443981124998278e-21
45304,37052.4992538566882359227112098,14.50215083884548354406904967,3.80049190789711087022904149561e-23
45305,37052.8929739887848668249581062,19.0248300903942182092820936052,1.57647188889477616698072842078e-21
45306,37053.9045431148158686842885623,36.9771794846826105752163373311,1.23858839585069899813274365492e-21
45307,37054.3571018169476262992215772,37.7073009679130763290512686319,4.25202068436097567841086912234e-22
45308,37055.0113234501459566226540741,198.759868539353720393569120567,4.41162236412556044630524387068e-21
45309,37056.2359380398683202094845103,369.206493348806099932237030224,4.76253938626441595444241224816e-21
45310,37056.9841773618738409611938009,108.863971632538303742536243091,3.99936336952449818980390937298e-21
45311,37057.5612324959890747415350266,85.7707246405263570082334911428,2.70921898973647648370683116504e-21
45312,37058.554283624223304891718196,13.8685390299020618487971973796,4.082568113201277644297500806e-22
45313,37058.8307491029555208643597127,11.6307262657784442245972210126,3.68437950393870386220100778165e-22
45314,37059.611488534072559244364513,66.88489473069094836775307926,7.07197292815879092369024657695e-22
45315,37060.4120208729412243979852524,107.800701762043391146666164121,3.58856835158411628053494492797e-21
45316,37061.3054242736751158637177576,63.2050176971915115496567714211,1.07728139849123162302081504483e-21
45317,37061.9912303495350353227145221,25.4585466155708153856569991795,5.00958142024836411824449915069e-22
45318,37062.7201289808030751844011028,4.59616879752187720476412582925,4.13183603454252599220043732499e-22
45319,37063.0318429665710189867932781,4.15513627649097621679141921712,6.27899182379740812471865634416e-22
45320,37063.5677809918584486015465657,33.1968438605487915268695321554,6.61830049525178263720066403963e-22
45321,37064.6085818984863641496503992,275.680497702193832670843334427,5.94077432646852076894704082875e-22
45322,37065.3576234684461824440833856,433.858591999430941079326597748,8.62576201207394213328658791222e-22
45323,37066.3924411996495727156213821,345.475329794709375505324275376,1.96690783904852884417404271145e-21
45324,37067.1952887573134522181648603,74.0792382951703720926445180249,1.04076364850391454611309194765e-21
45325,37067.6540443263377675901908604,66.5887460428137655307218931441,1.81129917704408913420387075554e-22
45326,37068.8442077807344484516887286,7.74992609205934269929983473184,1.67151195360348796598297274738e-22
45327,37069.1186992882291401627238278,4.37920234972752233363589095824,2.76470463601947103140093564575e-22
45328,37069.8322213163563372184174877,6.9061153678872977355892285039,5.17745316053422375765265051073e-22
45329,37070.2646913418120309910979779,10.784934690028709479273604187,4.46379614571865111220409640138e-23
45330,37071.0065940358297641591793679,61.2538461015511977627917293871,2.41751334260467042860217459611e-22
45331,37071.8204372043593515473667883,192.153788596316012655141454865,2.915918333999899049213561812e-21
45332,37072.9980395658236678868991921,27.9956141925399707221371016025,1.90637845864581322941599397227e-21
45333,37073.2964395014327665046885302,18.4475730972247094117952871535,7.68292662634454779561567842184e-22
45334,37073.935789556050198657573675,94.6509439119844364963956701858,2.22151582987525379172359764941e-21
45335,37074.8700604259180267278403007,270.158889646971988155530230481,3.17673030040035225047404645245e-21
45336,37075.8215731484749080142445339,97.628192325373546861382871423,4.02229948617616752695886484409e-21
45337,37076.3510765010241892918079202,56.9893674161907457348606128149,2.98086697494120386555680029479e-21
45338,37076.9698787592892911787629066,120.210036302808214770752590303,3.63835408697784291143988209963e-21
45339,37078.2573157088507973292161614,9.30339981292490371930250191528,2.64463268574517662420812755096e-22
45340,37078.4873898385882305189430079,5.93300675338413860547298897761,9.04024115726382995305999006886e-22
45341,37079.207295211337460913951673,22.4392094796070308695977263916,1.91245651274346638325662580388e-22
45342,37079.8721890219155850043892103,34.4498386004519241955623784899,6.38336829852740200459128864436e-22
45343,37080.7304689555569911599149567,26.8089860856730544490587236369,1.81246207253400803673341630911e-21
45344,37081.385600933404979955648567,5.96225601141057757450433205977,5.11913513344855515073012943497e-22
45345,37081.6451356175372053739347055,9.05679516768763468158728581287,2.71810876203020763625845361986e-22
45346,37082.5500776573159485858051541,222.119392272799080080462901243,1.62890280674290503670317979114e-21
45347,37083.3749259338807439574383672,827.18179750568016253670474082,5.30870361832992439834775537061e-21
45348,37084.9235170755371181678467622,23.9062050444539814800953699612,1.88354792968337171642003817885e-22
45349,37085.1418308974039727000614999,13.5259379958108631750756438815,7.47745537088379207982441313921e-22
45350,37086.0321456788596692298874148,11.3189631454631487299108986359,2.85323704807399587143176024741e-22
45351,37086.53040012026286401356443,2.12295858048911547686304629245,2.96143563712586630185801494596e-22
45352,37086.7396650344575460918639522,3.9437368189972294375386399396,5.41291743299714901235302687812e-22
45353,37088.1343139215922698356363804,41.3118455168658500338621543703,2.2469805593511912054109607323e-21
45354,37088.5742690083149373974786762,25.268937829486106196238152114,6.87306105936660383297144652312e-22
45355,37089.324885525543697858318131,36.4602904352941659152623568031,1.16776083953584541998570124467e-21
45356,37089.9165327052357138356472109,54.1835282730374708165911845574,2.0375362735543476151724623402e-22
45357,37090.8356252097001446487522874,56.3720432785400544599790960103,1.72962242343722514433087218221e-21
45358,37091.3519561985269575473429353,58.2735088496931985004575610497,1.3149717096950936094581745649e-21
45359,37092.1411090651382358130887977,136.774137350568492138146671536,2.82035357026640933997086784711e-21
45360,37092.9008109055424840060752751,206.839683105463715957184752059,3.48551993548977652453238283432e-21
45361,37093.7652412813182210723728317,192.874525558391355028189606173,1.59302538673479511806476330747e-21
45362,37094.4238786134878798325681778,196.971552886117669505166706506,1.28888600933124754476168115825e-21
45363,37095.3704320491772561826100227,155.242684408578587964733566552,1.4658655064611568497454858029e-21
45364,37096.2311721703462960127617801,21.6999045562607428874933919916,1.82225856960524045953702985276e-21
45365,37096.6914338909893622611546956,9.53738639446976736373430667275,8.07189292701741015656292667009e-22
45366,37097.2605716361269209295767736,14.113318250507971736485011842,2.78868221127267404773561221419e-22
45367,37098.0468073211213452167630802,15.4258962479075525259689972788,8.66402145883515264977078431129e-23
45368,37098.6754219533850667766875919,6.06025982858141670188724475911,1.10024602595116777791095936285e-22
45369,37098.9644323803461256010420449,11.7195041660571471010841212057,3.66426258540258392918036800075e-22
45370,37099.9970589239143600421785361,339.770543856059319996497070163,3.77551344468400724114823911317e-21
45371,37101.1248595667863355358484581,140.511930888254745794964958047,4.02951273344645016279923103319e-22
45372,37101.5597118774352855733893263,110.887217352783024188904905538,6.7800124479081961957738065684e-22
45373,37102.4659946702182248664940449,215.992465468747170833728778425,4.75506755318794365040290780361e-21
45374,37103.3071238030853487451846565,98.2554206172631846883624649798,4.05731092051974107607343626479e-21
45375,37103.9301358681385332753803944,63.1790491252806826620026082032,5.05875549079006679809095809121e-22
45376,37104.8537764874301226705740895,10.891187880581179800278767416,5.60915202421029831080921035709e-22
45377,37105.2317897211135788310819434,4.79204765683030578622870223879,2.14948919122118824489596068786e-22
45378,37105.6035324365828430751823971,16.3691362641471499608713466766,2.46355260161131658168243577667e-22
45379,37106.8525570718675746888129422,134.185391680811087121802578291,4.58342964148656103022956399844e-21
45380,37107.7576052275167138374981599,6.59937918823940848488199756618,6.28840442500767986377514181143e-23
45381,37107.9786702663130426069093886,5.7546235173203743795164600871,2.67010862478048752596205650341e-22
45382,37108.9446832448643252374958196,11.0183602949696996042238887592,1.03590900206792914584026764907e-23
45383,37109.26359547088152253777092,12.4510388553469882483342948727,7.70478041559223668595840872972e-22
45384,37109.9694974310716136544199765,133.818531330510373156028093042,1.03969148982590886003689174317e-21
45385,37110.928044040907498725683439,741.779619208373228152198225591,2.96589064844043245648063843967e-21
45386,37112.1547232762581726095407057,225.586764353341364907977763888,3.86215379047357310673400682093e-21
45387,37112.7421446997296578555561313,63.5444704605532434683895872788,4.06742642259602164184901089717e-23
45388,37113.3669969938474224087567186,48.0455437952978616963460834535,9.72265447805092683854824197203e-22
45389,37114.2288799132351197388345245,13.2906068798831268039831931176,6.40547048451428386273160915593e-22
45390,37114.6205495629456199102583919,10.4568784475018300648555484108,6.03241618709198452956966166081e-22
45391,37115.3822195611290387291421591,21.2861797596833576079770719446,1.62490812213119352962030170288e-21
45392,37116.025866860471891626026408,22.5981687200043190898439850323,1.70030783587928025265528749014e-21
45393,37116.6205733044093876567041641,44.7103884222064659917150626226,8.4699205166649971054241753448e-22
45394,37117.5008494611689641679475066,88.6902624056033631396325726064,3.72048495036199020855938300462e-21
45395,37118.212169699428799359677817,66.1683437708278674769758790185,1.9974491954847956348286705084e-21
45396,37118.6871004490832048902334377,143.963493363476719523233673465,3.92149931373394556487906444214e-21
45397,37120.111408342027193238910446,115.494004640395558020920975069,3.33189074712123511781511386312e-21
45398,37120.6239365251932366831340448,29.0334211061959416895923499125,1.68871106419545447806191757844e-21
45399,37121.1105918187334223181814502,34.8708691815294714945365750051,2.15557135055607876215753689574e-21
45400,37121.8420666359626950831983029,97.8574424021201674494862454303,1.73895338925575664943566623334e-22
45401,37122.69693865602040494657097,136.376653007063536218558789218,4.0005063697264017167151638487e-21
45402,37123.4739484682788207867981927,109.223898385508509911983424449,4.16076802872782537486257924442e-21
45403,37124.3608180183290974386423824,34.4851150224720944485974813686,1.65288347900549435340647390291e-23
45404,37125.1199500548823998019996627,0.505094868904497133254394251182,2.55144392340938685051728116118e-22
45405,37125.2209404389955248719173685,0.499427302801797948656315722933,4.11954310136576144508026664979e-23
45406,37125.941715207761927933644556,33.6848221635244122608273151515,1.80211361444803088857129619317e-21
45407,37126.9890956306955872653565866,69.2949689520432406028800096471,4.94176983642621926313003896531e-23
45408,37127.7032156527548767308837273,8.16847581796615514386742254261,8.68577382087357558147662581324e-22
45409,37127.8762404679791801993149484,11.6342060221909449128818891873,1.23707278135457039375289519538e-22
45410,37129.0834669790270197277974615,891.036550242839285599103628354,5.03988787327187250660704067474e-23
45411,37130.2616067981138732643780542,237.253354070957624028455004475,2.97852391552810770800030294522e-21
45412,37130.9766344819738062194169293,23.6847478755594837849248980079,6.5710580732367423540691461749e-22
45413,37131.371954887415309849939335,16.506609108813566095350664404,1.31138510512366317449482845906e-21
45414,37132.1530288856177170194104407,23.3709429104404526906485236592,5.23492712691015033848310665495e-22
45415,37132.7930352446259898890845704,17.5234598525808108535906458889,9.76290736317844838512729849344e-22
45416,37133.5410996592345645802084118,2.94432827373081538203927921723,5.52174841206506712735258917817e-22
45417,37133.7072654635734104720092342,4.15822558705784159297216130043,5.63902424354288968875049824806e-22
45418,37135.0882639766765717966520463,78.8521229614874836331659166415,2.44539573525022253154933338669e-21
45419,37135.5657014159597058828547165,58.3307945719580005642556818971,2.81402899115141149734140940096e-21
45420,37136.5549042811681280546786532,19.6404049363319393412781234814,3.59157998717748866737400306256e-22
45421,37136.8627742645498201533187817,17.9414996502289799102125626038,1.29760471206642467080626972154e-21
45422,37137.5841873598925433953818104,137.813722472042309253957457327,4.4442353123003112891937747778e-21
45423,37138.5598688826729040494839009,340.49953778671176378542925871,5.22971560856258085416294645509e-21
45424,37139.402311622587549662566278,244.473793698319264750113782936,3.52530539439526718845221647495e-21
45425,37140.3017174519064334339125348,49.49496308271015491885076842,4.47932972148876456724750773268e-22
45426,37140.7373860237481193536876876,34.2355132682782459084131269575,1.38266623604404922110196084249e-21
45427,37141.511340297299717835397282,60.3701795432664237532507135555,2.78550982562242107266478367548e-21
45428,37142.2760280383008965580440152,52.2420609375473781174239581504,2.30229049678317747311498033042e-21
45429,37143.1151569479730738429997141,15.1565915340030120971540908319,1.15667126189464946361704913466e-21
45430,37143.625799559351884542196837,6.71938470568089244498979118506,1.70109796098188765352404477443e-22
45431,37144.1526167001414612750363078,8.10139971752480234734674308566,3.27240103530028757262488530386e-22
45432,37144.6941242122033341272051053,22.4832314626722465373559060505,1.25470959980207693613918466821e-21
45433,37145.3396458193161088931740029,163.232544955241590283040561588,2.32509864859858329323534010678e-21
45434,37146.5790838241786767693987047,708.892474764465185938047173063,9.87569965864762994899071769645e-21
45435,37147.5187665996664907927426328,144.703942654820654133576802055,3.23322689013605883159475995124e-21
45436,37148.0233136553363594942869316,90.4908842357325039855501118422,2.00388032122680598657149563713e-22
45437,37148.9241452828087206532893897,58.9476722336770135466904307995,2.10872784378781075560156727901e-21
45438,37149.6118215119973082350635568,10.8527286136244785242307401551,3.9979874966208173685268606639e-22
45439,37149.9263119381322789394818522,13.5429696460307318300626186179,1.40809556621567798286457266573e-21
45440,37150.9611574423496283996984218,41.4945327956497872352478024847,1.67875944969795065069723256518e-21
45441,37151.4576778749130841871365305,43.4736338725133464526166801077,2.11162409771823544300241804313e-21
45442,37152.4780971556609075780425469,24.2714347611633214906500261611,1.97983436867006967829873094559e-21
45443,37152.8453946053596754183946314,22.7823793068502131567689538744,1.61127398075328235708747890696e-21
45444,37153.7813325628349899322507216,48.1433942135468553347443885994,2.14986243895560234081030109016e-21
45445,37154.3970970118828870838577403,31.9958651294823056308561699176,1.73984406991730510600721244447e-21
45446,37154.9398856967670370443044368,58.8106442483616099349699374066,2.58987489089383552770255352493e-21
45447,37155.7600951629485196852122068,223.342281525513959521304742798,3.23438273968832502982734194626e-21
45448,37156.8447075874696319142794889,34.3223353697563017799972275665,1.71649388716916274020806434402e-21
45449,37157.0375265938621733863734025,39.0665204751579552454810490609,9.8492719154826045303967723713e-22
45450,37158.5000043052884445057959841,204.903720498205336395954934835,4.54442998495623725511403617313e-21
45451,37159.2667818276629799111689035,14.5837485551524784281521218135,3.64810107864457743930422128054e-22
45452,37159.7467226957691827282822373,3.07221099322468520309751649605,2.98734613574569242805386660795e-22
45453,37160.0952165260095548120980163,4.25013271220862091360867973489,6.76464923028372138062697930485e-22
45454,37160.8830198626210398755373152,17.5622614749358425666951822467,1.55796508952989298862952710274e-21
45455,37161.4386869329061518982053875,37.6891193170833447610098831031,1.8054949028228584153933397818e-21
45456,37162.4793306418723917021926393,45.9608412206850973672469757065,5.70614780057698495287440414631e-22
45457,37162.942672104831398145940859,41.6955407516258916568440299546,7.98326572887796445756500411677e-22
45458,37163.6415160709990808655617074,156.495307908063333727908374413,4.15673618659753769056811222974e-21
45459,37164.7136744483346400453809617,128.278127801705768949220438695,3.2743972171918854958507145689e-21
45460,37165.1277739933914084677000735,150.036116400636083903608512592,3.81082435942106925349767258809e-21
45461,37166.5119796575923741029602322,44.3567636232250828558280979189,1.20892475681025689143136546855e-21
45462,37166.8915983806902846549516592,16.9422927033775129282075211653,9.24507799005752057984627503255e-22
45463,37167.5466225995818105383676379,13.3197400583091659941165496466,1.47246884585060872889245208624e-21
45464,37167.9173996727620617905371166,26.6121280850760555541233147284,1.29749396208685091553428633348e-21
45465,37169.1509788395279351375686077,89.264920757530060820979689703,1.79524304297016846301251936384e-21
45466,37169.7764517932369814271829054,34.3642504608103003211724000821,8.77498457325716633310950996292e-22
45467,37170.3670253996855492270560587,35.3201677258475063242720726225,7.74297286421084446669137426779e-23
45468,37171.2261641942333389384809924,24.9022560986849272573292129935,5.64699061946989825564092293546e-22
45469,37171.853073887392328105532466,7.70768621950859502123282173648,5.02460775377442251867092027418e-22
45470,37172.2170558513567899420202666,10.8627842290808945242811697312,2.60409148636489911651133690163e-22
45471,37172.9754778473692456692883611,78.0853719089846267793560905582,3.45232279249289680603039487813e-21
45472,37173.6382926787174359121076118,355.454679607202542808441136318,3.95876757956663293308117168726e-22
45473,37175.0141956224960927272613862,518.820272392670545622307555508,8.19974876119565790668510404618e-21
45474,37175.7831001035577301629939424,87.5122119068059597630423543937,2.35242778511659060734555208844e-21
45475,37176.4325310493979605738979924,16.3591488862137769367052396207,1.03462959067413737268348218015e-21
45476,37176.7822037239994722877593057,19.9668030481100627431820920236,1.63892930831808280566160075635e-21
45477,37177.859300708673706989013653,33.9249796329400441108462802045,1.37218675211698241714712126303e-21
45478,37178.4688829821576419845895109,9.7786307260075982732997941489,1.08136647529180716737600157282e-21
45479,37178.9177316173945493642109328,10.9229235693262282591684081768,5.44627469291997328101862508627e-22
45480,37179.6746767746092519099596672,21.8287058456176896928747492364,1.18206529270990213489147100057e-21
45481,37180.1623114350100798863243589,48.5625362234851220214739085414,1.72370007094712966026117876397e-21
45482,37181.1834779978165273957441268,235.425135625684812489431246021,1.56680532057483822300062157988e-21
45483,37182.1063363735166699440323263,96.1879737019412778996078945114,3.39732020364671079231554087979e-21
45484,37182.6895548829382094272795549,46.9825286501428817398942270933,1.8958028373260584499336238634e-21
45485,37183.2312645915870045198818574,78.7927175467539242955205351791,7.80523066217067659210637386368e-22
45486,37184.1129950511473673970014545,203.283441281989785204069135538,2.71431825663262169915029704323e-21
45487,37184.929059044836614213543601,184.999665477143864110595013402,5.09597546476282456206014970644e-21
45488,37185.708725650324564576994513,127.921275484479061750826130564,6.24713625045751016465663767804e-22
45489,37186.492920190333341856143352,61.4842336901168490197998210783,9.02386796125236190476689330946e-22
45490,37187.1292793937951285453022604,37.9000451230524784949601266802,3.47949415405390142633840718992e-22
45491,37187.8479890421025105008819958,28.1280348017750007461718471689,1.42920731688673649980795152504e-21
45492,37188.5193152201675489755666858,19.5540856203123027979899201261,2.36401263355278421506770527032e-22
45493,37189.3173314509648135123957915,0.77637233376531471792572784373,2.48934987913332143809863513098e-22
45494,37189.4086758036043551110519846,0.892037707677030827434172972304,1.65269979247535470174035293629e-22
45495,37190.5899754122868037932502615,78.1118108398686016414852936257,1.93843038347919066779828335927e-21
45496,37191.1928128625232361542887323,58.7543186297900734025051330949,7.63307965692778086735772889367e-23
45497,37191.6718346233745183942283199,178.900230522110550665411905078,3.35554411403777456779004360961e-21
45498,37193.1210534101270879855714731,460.803706288282847550527297854,8.0675052674821901651404168085e-21
45499,37193.8483768078831296317958882,92.5536897529398792179531815836,3.23323203771265605241328165546e-22
45500,37194.4996151452830594671798995,33.0102157915208991889240040964,7.06766273730392264393575373185e-22
45501,37195.192422698126743915444001,9.17210768534302488470525658584,9.07030123636305385352608763617e-22
45502,37195.5871575458371912562814662,9.16889101894410575904958577194,1.19973794644717440053852921075e-21
45503,37196.3325294726437705804968227,23.8681250655250199477517495446,1.43645956981239479791929305764e-21
45504,37196.8450240993831874322010855,61.7585662911860625091272896459,6.9183325298548371097916238324e-22
45505,37198.1800873404538205105690191,56.8223010063455459081851598079,2.70591331288438155787826093649e-22
45506,37198.8084109870103335582501329,3.88774243516067202424762285564,4.24947650767186447019076894042e-22
45507,37199.0430142543655386109964524,3.99834635424794026064728974602,7.46608849955518750579293272815e-23
45508,37199.7191763165706902742429057,56.0213545126077490239719014448,2.06952087119583316664248878653e-21
45509,37200.6559372023118752245724383,240.488453340642942470182331026,4.03090289248067744374479251158e-21
45510,37201.6073297629305298781666537,117.350260008649360009600807268,3.23635227658556030818142160541e-21
45511,37202.0700194731537780942125723,122.454916516805743408360153225,2.31580538214589820976818189413e-21
45512,37203.0587983067659215662028585,237.614382937754503520303008436,5.66654405423764065702987322989e-21
45513,37203.8140588311443492935094076,143.23298818547724395921554231,2.15499990562339297507607929159e-21
45514,37204.6326562448761833891903486,60.9993030622469562446725160562,1.85340756599564203638938350422e-21
45515,37205.3036410100590560793622239,24.3698803175971901901539909336,1.90760337677067752196710559309e-21
45516,37205.9696520455227555971454223,10.1897296118284691631922039959,5.66029558107163919331565132235e-22
45517,37206.4793017227685085875639587,8.67464196955520371278927704588,5.73163615873809775029343090943e-22
45518,37207.0990495627959538629301887,15.8787779442394273069586683983,1.08129952440460961270739231732e-22
45519,37207.7332369091828518648824532,37.3915567367301385710761195175,2.66403210719632794759829874152e-22
45520,37208.4288168301753187398637455,133.700153189597703559021563663,3.14733345860094407679199129246e-21
45521,37209.387824793941559703994075,324.289629212260925610472464747,2.37861400405521596550724516526e-21
45522,37210.1450710020002593323946398,386.301365832457269298200647382,1.0322331735939618593486287722e-21
45523,37211.2752243098932297645279157,64.4140262865094580176824605055,2.01631522791453833233434263838e-21
45524,37211.7278362553527705401053153,20.8936199552789147375250687153,3.23375938191052525812671784125e-22
45525,37212.1748039000373822839395843,42.688766138229358170815923031,2.72284813325425739766309226834e-22
45526,37213.3331508663130388301089542,47.160527762881480919424837488,1.7041911591992282048163205174e-21
45527,37213.8072355686712009945058838,26.8191331839441180882296454965,2.9547052755497511145104298041e-22
45528,37214.4964340172897302769093673,42.2428692121932568380190624521,1.74249994288832680880264778619e-21
45529,37215.3034194130558265848856415,28.8648235038613250565226677215,1.21698221398221772590529773297e-21
45530,37215.7559023960790721286619406,40.4797943227997642300376548647,1.40515392875232527418977575635e-21
45531,37217.021592107488593928564873,3.61481888407835940149632249231,5.94388709727814922407219841863e-22
45532,37217.1627467965443657326293715,3.20304007867096920830171933579,5.61635770254581084236504816482e-22
45533,37218.1326582314339294458495394,21.6738305282314495422609445815,5.83441675949309978672420456417e-22
45534,37218.5882621355769740818281637,17.4408129998808960825756283905,7.52972675983317449699337979617e-22
45535,37219.0117231653583469256568116,84.1518645003672261816568101685,1.41041595640486133816232051177e-21
45536,37220.632687068963122088586097,457.738365794243751599426568949,2.29949025906544473459842682038e-22
45537,37221.2597817001123596068456847,141.693266315885154311646154438,1.80842573811089904327984688328e-21
45538,37222.1099166884138022178847883,29.6684555607170771365264767812,8.79816217168313524930222836587e-22
45539,37222.6328233338807468317880624,10.2463936684739704511966132108,1.18830286176112987851859715338e-22
45540,37223.130779901714340806710022,12.5127332401310544371402714669,1.31700985404985825485475053914e-21
45541,37223.8180520591033944286531663,32.6768144274143704843358386478,1.60144934639304561630352672156e-21
45542,37224.7435390648840873908744752,19.7891002883590681196481907224,8.48513108592546748541322736319e-22
45543,37225.2144352225695418505186634,12.8576430863025648839917115437,7.81294485336781188482220977119e-22
45544,37225.6962518385917461053366615,43.5995599611709173221874585163,2.45584410990715360925074894933e-21
45545,37226.9475403086468440707268454,75.9372858154805568811493372225,6.44629527480359487185131253146e-22
45546,37227.3664886518037333912159684,59.8925315856355139736758888729,2.4565006912746667673912143985e-21
45547,37228.1217272584815958516223389,208.720347278634665136506563402,4.78964120743485690170083103931e-21
45548,37229.0699445356414726490474471,288.581155719168575564018433966,6.44091632471018376215599076243e-21
45549,37230.0711887070551888654922392,23.0347841418639212121859327738,9.3221416827963279569730369109e-23
45550,37230.3715927726526814660443781,15.7089666811911240811149665047,1.87794501844327471388369564499e-23
45551,37231.0999555366097579359046875,51.2518650769216965065823142461,1.35211575546704642084878231788e-21
45552,37231.7166398790129577362008764,126.737795400703611643436394133,2.18401389795949124028559866563e-21
45553,37233.0718041567832846334475594,26.6638270881493716415268878144,5.15169418962188823477563837804e-22
45554,37233.5519277719231015039992736,3.48633441145231071685815731128,3.08958140947654443080511782057e-22
45555,37233.867286722807264062395388,4.23950643895481716617177730886,6.26369334050515196723272326363e-22
45556,37234.6416122237134742214261683,21.8634006208404377779124479481,7.39251494445747419296345946742e-22
45557,37235.4064884013342842396315512,14.4844535806930964742231802105,1.55219064504773844399149328336e-22
45558,37235.7478092784397098234835699,25.6657803935343978669664486364,1.60918065432678961558342780169e-21
45559,37236.7463689870016405133208477,389.013038341991182251893679486,3.14987592385188029284085309628e-21
45560,37237.7774322374724892175758897,295.121819948688863825758121988,6.21706195369792120318410439886e-21
45561,37238.3681064055833188069803828,246.50646435428744240432541291,4.12576075135822501352063653642e-21
45562,37239.3226469849177095433686858,237.121892085756544828811042558,3.45979890930609884250221461212e-21
45563,37240.303856778798787930956786,13.4058335533862070606003572217,7.24598569388788642970582525022e-23
45564,37240.6379469655873278640601218,6.53275488645068724047106811767,5.83609233284439322723401393675e-22
45565,37241.2996508782144145272844375,7.86650887878217339371105893067,5.17176355766579571155897532201e-22
45566,37241.721875110262776931818266,15.2936026772413389572726141552,2.6940355446621193914952533372e-22
45567,37242.7623575912769268291476084,35.0767087743599690039521167485,3.54518563519697693343055500108e-24
45568,37243.1882534517485779783966591,44.2859828138918113549257467401,1.96605180114598657928569690456e-21
45569,37244.2158838636256238418735124,116.257062603770766824139791873,5.32300482536274646075627001179e-22
45570,37244.9989200360225709451373595,32.8775495037704411655201066249,2.52628364229588560581812212679e-22
45571,37245.4133213946334607688841454,34.9023769889862226026820053644,1.97847121677194339521050988407e-21
45572,37246.27836603880083605555564,88.9377032083678745779593808635,5.86927822367681059494961513481e-22
45573,37246.858612923240586756920769,147.088035444365348292575482257,3.66809755820979248598534601893e-21
45574,37247.8250574674689101185886676,320.667228542056405655790222103,6.63622749690145450263424001561e-21
45575,37248.6508683838841425569212121,210.802916043082977223290797511,4.31768256193805716845893021285e-21
45576,37249.4538719949570864418257047,98.5578160486413211818529409982,1.18586204832928478737016116669e-21
45577,37250.2551008029408081031184866,18.1549359403189065469804674838,1.99261680079197352116767496384e-22
45578,37250.6813688437503978363875265,11.918984220538005668616687588,8.14100973711510826000525330129e-22
45579,37251.3311775817624905918201891,25.8579549392696977888515025566,8.93608209213955249583135739576e-22
45580,37252.1107607559005320202738986,38.872586258513123102244787284,7.23466843953657628280356042422e-22
45581,37252.9688604665081996315061169,10.0193835009853288224126901508,4.24337000406660234352003454427e-22
45582,37253.331557569057886004989718,7.84526966327135642123780221806,1.18852746404661440689861050566e-22
45583,37253.8955740954401094295405792,36.713792186878476149440890264,2.40992321461514238255262834974e-22
45584,37254.6143051400021630830641931,323.89428043773643275551374631,5.35329571373404738173670344202e-22
45585,37255.9846582539071873038314161,642.676211974685514512461897084,1.03301838838172311172954675988e-20
45586,37256.8713286685971933003808209,60.2885774034233262085026796865,1.6383512774896472963328124038e-21
45587,37257.4252252273829748415083676,9.03321402290982515621301772521,4.93246182231487620727218059698e-22
45588,37257.7269480436170715777664604,12.3149924998913874405704710605,3.31669835931773023498408558103e-22
45589,37258.7812316241285706043281515,36.6132374928393912855682110465,1.42337011627195320742201134468e-21
45590,37259.2473793337427322018864267,35.7537895180853207373541355286,1.0240531672725673123257627531e-21
45591,37260.1456072719625821626039512,56.1240734953375959845968959359,2.48143673031692589577495592431e-21
45592,37260.7587168164687666178213044,54.0218215451782799767180117142,8.73096523537651564836624964373e-22
45593,37261.6428934343573593857238351,35.3061291619540908383535738308,2.39772386556131658598804972075e-22
45594,37262.1830583717854918346120408,25.0194447693961771024564715325,1.24479191296305929735225341505e-21
45595,37262.8609817713859725148374038,34.6600007926731475566220580036,1.59842252349193438847110851172e-21
45596,37263.4740228582328533911371651,64.6379356417514115473933700208,1.90207000415699043060419744833e-21
45597,37264.2863505539330574219157884,151.5841088082158221150693128,1.21771522984375146607725601947e-21
45598,37265.0214189873204523909587681,249.03194169515887998581686784,6.32579519348498770908016985689e-21
45599,37265.852817048708055762884041,436.670048649861261167090432998,8.16016996783061043899513922555e-21
45600,37266.9330833736694766791289753,130.371079948983817808629687449,4.06578656281543068822284577567e-21
45601,37267.4993957989828756429158395,46.9418221218630160045234139823,1.89899742964587572386007674005e-21
45602,37268.1222085311907130309447774,48.7010784410810533293487329812,1.57748223341171997808488426006e-21
45603,37269.1983045179392736163961406,3.35169727821652671180836810247,9.38371821698747928030474252654e-23
45604,37269.5386445756360259419553697,0.646551750680194266449324404444,2.89160142484895866917486475221e-22
45605,37269.7776461475855265352410902,1.32717915201837764136527841839,2.44567257609963202977898549769e-22
45606,37270.5266729102266607217829837,51.9022669195668788391749077014,2.31647622772947256913185906978e-22
45607,37271.611510123992988385999127,202.134343075883110451153515025,3.89734738470228779033915300282e-21
45608,37272.435620330310884640952201,87.852910340345245605083628383,1.60795758393265801319300718679e-21
45609,37272.9626337621992112169664184,83.5878577929277716717245937081,1.23580833647471752647360364399e-21
45610,37273.7107250965531211856183337,213.338026664289057054375171094,2.57025704106230604603079177674e-21
45611,37274.6360468576055993353744082,274.783134077282702475171520779,2.36279229001684393418487420052e-21
45612,37275.5471402812384471529339911,69.4089903332826741044628083579,1.57664423831992775335920453911e-21
45613,37276.0765389826583964849997746,34.2874390640000443422528045466,5.12361456401897858286745120093e-22
45614,37276.744635097885237889425263,34.8410540598697361063259857118,2.92118750454206905114900919473e-22
45615,37277.3597921806950246312508748,49.8003686399768044715853431233,2.66667385053168437495218818952e-21
45616,37278.1202208590144327310142295,105.866826113321590596244655585,3.57796084923129529043692713047e-21
45617,37279.1776506770485441397098374,29.9706826646859559715194283649,4.42172158065067022193500882437e-22
45618,37279.6421985114622306924920973,14.2029675859127099331542758785,1.23043702945271720252582653395e-22
45619,37280.4508797251234870631281576,1.44311266537818304655711850124,1.93768802159516641584474401637e-22
45620,37280.5877490249061168881979007,1.69674560183923063840435390254,9.5113152710792843600833655864e-25
45621,37281.5670488822649947703294153,88.6658755218283189177790734745,3.31394689696497404494857127922e-21
45622,37282.2610361364776769637829249,168.898224610773686062534373891,4.18363512316287172692409283158e-21
45623,37282.9727084935339699490566148,601.320302469247212721030463265,2.75848554973533266363974414772e-21
45624,37284.52188089451964903359408,79.6447612579415111401604097443,2.31492129664798350522789065494e-21
45625,37284.9453835867972132206854617,18.0874254195117937831595235958,1.1230343319351357526985785105e-21
45626,37285.4761134880536287199397466,15.8839836498175727770059927933,1.66266552705717013801305899103e-21
45627,37286.0730442130226449982082307,28.4963810177970362146868586898,1.31897540160643529584916763593e-21
45628,37287.044808912123460793130617,8.2007954112838134479766899664,1.53944247670315337891845142269e-22
45629,37287.3006174578851290369235967,8.85584497570163445271911895887,1.22638817777903171650929842575e-22
45630,37288.4383849532119799533293347,12.3043027753766721664302308451,3.58156366892339822084782289811e-22
45631,37288.7085283608505996369703152,12.7162054293237439367235832444,3.16640206926974503724144990627e-22
45632,37289.6857910779008358884246221,58.6884528578605323330201418418,1.60608027944731097860686424457e-21
45633,37290.1610862174944227322778318,96.5225108835426238424209552499,2.29230477863375526057566632449e-22
45634,37291.4798705850424919927491954,23.2052485799215472624693259199,1.12320342435722239297633017581e-22
45635,37291.6877933046122837270196283,20.3902537511360139113634228496,2.31623895897972783959194728575e-22
45636,37292.6753017743211291041685421,134.072281886861597208930566584,2.46124499196235841307556219213e-21
45637,37293.4661819999798868800405423,36.0517721676285158600409596313,9.52788169159221529958184750414e-22
45638,37293.7738595575646553798156418,52.457157871203781945170865112,9.62085340794203937657686441472e-22
45639,37295.2070532293243119835641449,94.6160846381439367048004713882,9.07847643516087075369015050523e-22
45640,37295.865030936152185092853059,5.8631383582582919458431172975,5.44354359447795838025646873693e-22
45641,37296.1190153850915535547532291,5.79297245721098034651038744831,1.74995844531204011237468605934e-22
45642,37297.097909776269534395636298,12.0754278636231103613461655949,1.34482341652743316839758765792e-21
45643,37297.4862114513226292450538645,12.5193161120933010311166459185,1.31539238699527593209645409077e-21
45644,37298.3341928180165559102375262,35.5143397309808592867787778407,4.67782406029046863520595527723e-22
45645,37299.0389243678272604667624172,21.3810838677324314280615803748,3.58512689964765948780348157133e-22
45646,37299.4334781711403749107146081,39.5459020364112685945272413303,2.22310217119334059564651312456e-21
45647,37300.3490033083560403209355131,471.530447486835391126661880313,7.86471946811227542777574671721e-21
45648,37301.5503887233577681051835778,268.28442437815650654772059349,3.00760286290002294671050313621e-22
45649,37302.0688240099174215216526433,174.38588740920473937527470295,5.40106301118081675290629038339e-21
45650,37303.1585563623857512360251803,38.4950014183685919025424179561,1.57578535840406614461480127138e-21
45651,37303.5831046195754603622429023,17.9184864370789339932679382611,1.15282531220970523347068325416e-21
45652,37304.3072077784861476039144459,15.0504357541400569372844103805,6.98737065718153014136625000378e-22
45653,37304.8756632716456535022380489,9.85910731718931505345298388258,7.33566120247762508371230734735e-22
45654,37305.2995723249148511529151006,24.0581858231730991879010465201,7.15820157072948215616017357661e-22
45655,37306.4250056204712004558948791,105.766649413029942191318367714,3.86500410817458416222766384494e-21
45656,37307.0797572041585376798072405,78.1032372709122157089500765715,3.72871260768978319485188005595e-21
45657,37307.9751022725152982194883523,30.6173438447030965196261298511,1.05963840332910238443273121544e-21
45658,37308.5090811448699557160262583,12.8633639242640016023470944702,1.32849455962144248276357124528e-21
45659,37309.0076995901403631622246026,15.6561717499281377839846487908,1.65884666519171173541844577478e-21
45660,37309.4670205188453518556429464,75.5280854302729506705638424933,8.01288387522965474321043728919e-22
45661,37310.942419735082662255937878,368.457266024495099893825444631,4.75467008601886111646619402071e-21
45662,37311.6479139996637014593232178,72.986266241169212942463746244,1.12112977238733315922268143531e-21
45663,37312.1135382036578469506968881,70.0293208687167158936049282744,7.45321469674149836443151188261e-22
45664,37313.0105861340630497783861691,126.43812412825181486876647658,3.613718530881478875775289435e-22
45665,37313.9736539565601067557649055,13.2432270330049126318544020341,4.77683627969717088513393582961e-22
45666,37314.3006808785140031565377066,8.97186999478082472567925143502,9.36311270569312870381953816053e-22
45667,37315.1281763026067669928021521,11.9751845441872908864292995801,3.16260291699111182526951851157e-23
45668,37315.6189853818494158649015367,11.3946978661816434987593992829,5.76998552551977730074989605224e-22
45669,37316.3386825906450877350401913,16.4552526684124071160257321914,2.07223388856614475177428606102e-22
45670,37316.7751400761688834512103028,37.6431479143695045044708049982,3.10044615183463381379300087761e-22
45671,37317.748162272018794633442659,367.595873729438517270795759983,6.44358426593898573623766199491e-22
45672,37318.7852792232693274760635326,269.757983839192235756310213534,2.89708963271339462408880785126e-21
45673,37319.4072681066724009838228065,184.52891817741386176307313308,1.92457027220448843525413762238e-21
45674,37320.3068791949445300848038588,110.272934347446069404437914206,1.67372791710596100684447184429e-21
45675,37320.9591726965735897993452557,52.6932376351026993664143975926,3.83050666639017990312405488872e-22
45676,37321.7171045630658635883138417,11.9545357357598468490759132683,4.95817091218102232838074917222e-22
45677,37321.9879159028067481572414278,16.1811559877922419867720801926,1.50304525885257141711257541627e-21
45678,37323.2280919616953250900557489,52.1573831587629115434271212357,3.50375325269204316578532445797e-22
45679,37323.6865055862629061897597402,37.4829608021563515356891016233,1.07821606943469596987026664917e-21
45680,37324.7120780973087226379470859,7.48007684188645106855647948491,1.02816281695107444054357832855e-21
45681,37324.9827009558334763403836044,5.71234364657373784765594411103,6.96765538856344643353819604703e-22
45682,37325.6008157722732579780445069,43.3614436878119598764251037773,1.42796639740921840990464577309e-21
45683,37326.9018933870269096035009706,2.11976009817483050083186938461,2.83526721900817353149065196933e-22
45684,37327.0039832177988934465185219,1.89978096905687260744243818107,4.54152383703725391433594758404e-22
45685,37327.704339316814000810551079,91.8279780504675960311633487496,9.20698203394148835960281354453e-22
45686,37328.5735704022671019654561595,611.050419909065356991626695658,1.23489003347943619733003113935e-21
45687,37329.7959624943402266503633383,517.544317619646120209850760846,2.5557428414162494389959533565e-21
45688,37330.6992246886065988825250084,42.3361976296701038378030674588,6.06475822704291683270891340362e-22
45689,37331.2448591088717961713050995,7.17390256277200358563478634719,3.64476096461055550719676858063e-22
45690,37331.6670847280900273527938627,5.7292568590686267914473098983,9.54938626394005025184475507425e-22
45691,37332.2411534739041532887018573,15.7457551784191885817331208702,1.15095444483451841914826492693e-21
45692,37333.0443992776138147049695362,37.6743132414031744406364328505,9.48393427899906090096834168753e-22
45693,37333.7818138032020386945983053,34.3119201890212465579559450275,2.24424748401372412031526451392e-21
45694,37334.3178072145640591045640538,58.562007122152191547716904593,1.41837850441699745980918527247e-22
45695,37335.3860932869258408819198577,52.4173385425676792376670573932,1.73246687608288787196028176016e-21
45696,37335.8036368041728428491328926,47.3009425890866229644750345754,2.06379457294382990335313146319e-21
45697,37336.5511277461490101650254227,203.509010766871405058834302684,3.33595976058707077252473111976e-21
45698,37337.6037460983107170586636249,208.467413000805960566609084291,5.25984004815981522199135395452e-21
45699,37338.3161021042977856080108235,71.3378193070462727465009059543,3.38619379791300146445252123382e-21
45700,37338.8291136021608754474297124,80.1278909459469764674475396322,5.33969225865588831852231732605e-22
45701,37339.8170998075666859280300375,74.7489513276682041785867631196,7.40357855269700416190095128437e-22
45702,37340.4019879581954496612873714,39.7333134522687313933569375088,2.45099642775459698750661662348e-21
45703,37340.9709445056225586228423949,69.4207341864521901776033587846,3.36615687474793654606477673791e-21
45704,37342.0636069679829554029581064,50.0061302397067601976952813755,2.60999234723103940459687619919e-21
45705,37342.6657548362367081557465634,15.7072459849428534848230360152,1.53097637083923227006966940467e-21
45706,37343.2890790186358130394400634,7.30080241147748373920714369824,6.4585321344138323060622055485e-22
45707,37343.7795224915990524584152302,6.60704307479280719111750060538,3.92810153413604667586592786149e-22
45708,37344.2611987069846944112421302,21.340040347764693430728874935,6.03502376481233751448224067099e-22
45709,37345.0911047951036210641545407,197.989396272511814266662888428,2.40322885753245580316525143051e-21
45710,37345.9715369204042623943390571,715.382967781630898836306773939,9.35488432289561073146643373289e-21
45711,37347.2968451360699147910585218,83.5489567510441021160603186656,2.06000476023698664379789237216e-21
45712,37347.631499754115704880012568,47.5547780410472066990020008115,1.55160548186784399527243377872e-22
45713,37348.5188973937716424056912133,47.661581343123283700573005706,1.65298581932339054869913557934e-21
45714,37349.0336508772359554186143983,41.5704929368605691091167156511,2.27166414029938835906922558443e-22
45715,37349.93345532754687879293864,36.7523367311506536248638532465,2.27630406685707428028625773933e-21
45716,37350.6684524110613029559965964,5.76924642076641789459728288512,4.37835771103793778488478310225e-22
45717,37351.0251656664411351074184947,3.80046632874286977496713200453,2.36198573485903533487281329658e-22
45718,37351.4350952866682169139606754,19.1991945532673282290019869586,1.78586416910935401681978669327e-21
45719,37352.7935423557804723766917404,128.932536351918389241467349548,3.58067676271854643758483093349e-21
45720,37353.5242574557225100162422379,17.9757617965244526838273498845,1.02663586988109248426187118155e-21
45721,37353.8622039142412908004986107,17.8687439203353832408828584949,4.62595461097616985272811827591e-22
45722,37354.6099314835867499068084558,109.35503928487084357476325559,1.31198930418658096191543926496e-21
45723,37355.6440157517299626653955073,58.2371715455055207661761316934,1.31760675346881780097910394368e-22
45724,37355.9708894037282549008003986,69.7520856357299657252608246704,8.44666464014325074104939685233e-22
45725,37357.1185861460185250919061566,303.196475525849249213245831096,4.67860255837229880142105398736e-21
45726,37357.858974293262681615480036,164.519626798671108830458819167,8.95665870114879386605332859323e-22
45727,37358.7488049089397700468189316,40.5317651283377525907201501839,1.12349229349378094889380471991e-21
45728,37359.278805974743763516374142,18.1335643735253749765401179302,1.32406362722469971981769594598e-21
45729,37359.9641600751924022108720527,11.446295623972997252354852173,5.19988959502484623250331224696e-22
45730,37360.4557021420674342399120762,13.5585001265915501731836101155,8.25361045979539848121581453541e-23
45731,37361.2085226237343620834637627,30.2184862719703289478356852801,1.30448478595431651054804919288e-21
45732,37361.899248213593714811427791,39.2859512471312361586721761811,2.65011630529231533596630606581e-21
45733,37362.5571167944358303711351313,65.5781505720775535820201203921,1.61606258754520830239549831857e-21
45734,37363.336721032409708144797926,101.336069052685111155494411481,4.24850998892179030708128293339e-21
45735,37363.8676422347465484790119893,250.464694150954225875311286558,6.24682667768244283071844158536e-21
45736,37365.2166336897523826631376556,475.987134769487512341424918317,7.5107774621242492837015228978e-21
45737,37366.1115294218779255140398029,25.9271204194794003259910412074,6.52991349799151242738464689113e-22
45738,37366.4885617585031432127367801,11.8489790400124225681054690045,6.37670762688086407051927448128e-22
45739,37367.1634869344710314704326565,10.1949537195422564503694534561,7.33523961515548976258995412941e-22
45740,37367.5554317138932718379496979,17.8306191656823168617821844376,1.39590494238240699420112634542e-21
45741,37368.4639757451730119716333655,134.230475553327042827752635177,2.73610403431094323641221300337e-21
45742,37369.5477126618112015699867754,36.5248629855846046194245785332,1.69846484214767894840547036746e-22
45743,37369.9769970576789474620243194,21.1935305776114280294277675181,1.80746959852551788358264784622e-22
45744,37370.7872597400124491818981334,14.1186776258755328551466652672,1.15378068635776393436644355676e-21
45745,37371.1646045031366647476581092,18.3516018940642618154067734725,1.13522614217378252852654546794e-21
45746,37372.2169277192715937514671927,15.108362443315449007448538121,1.31476624705035296224489087505e-22
45747,37372.4482211495830167161481442,19.0049160932924949948616381844,9.81503965819979653539367837776e-23
45748,37373.5822081824128132675056179,253.401017245719381966191247729,2.08856130997440195774079473702e-21
45749,37374.2030201235007870711722453,339.341868110338795868408718286,4.64144240342566002745190458472e-21
45750,37375.4246151669474398825999342,101.849815251681308025271413615,3.17668170866755568979758551163e-21
45751,37375.8279365567913537245380501,64.031854105877057306321587559,3.21255911030173542416910630303e-21
45752,37376.8489455687906255526459309,27.8052356642043645356924434731,1.04254226247708552388463179373e-21
45753,37377.3171212378671263099980439,13.2390059316309781479181806401,3.07261909415195398921474216821e-22
45754,37377.9949914963858711193800981,11.9588143816586178707878361504,4.319138361324226748540718583e-22
45755,37378.5300917189034504703904717,15.6747009053806716219618592321,5.29693906683454250769014345844e-22
45756,37379.4249183421705189938420484,5.74982431020398384718687169044,1.44583461823263436909031303541e-22
45757,37379.6451030484827270629735927,7.41031120304163229533414124278,8.64767377424237940068651595425e-22
45758,37380.5574161951410826229360285,250.635728793887881251536115039,3.94470982184305825663428365264e-21
45759,37381.7746098657580137843057113,167.785538920313889935025412238,3.91205576802930384908979096966e-21
45760,37382.3608277723499162499878756,55.0231178095517371002741163836,2.24466747502911966048319363341e-21
45761,37382.8821742781849985571489771,70.9543201864518675764738900235,2.65498899128476250802303478098e-24
45762,37383.6614162375677656485213257,213.77457197790046932860228386,5.34125583871326255007314259675e-21
45763,37384.7642640573576824794159844,79.7088481504158078830929101803,3.20117222473844748489097705155e-21
45764,37385.3812278514982385231389963,9.94954288623843427356930845577,1.13499876675110567454921702467e-22
45765,37385.644266354663535032965,13.6235693212575593337140729695,9.33181231288058747996365044608e-22
45766,37386.9544140247522367718743656,12.135816420685047268578133359,1.10849757422180769573453820447e-21
45767,37387.1986470142291235495924941,9.81730903882722509883434558443,1.21206650994890319278215608204e-22
45768,37388.0276927534386503654376424,61.4964770196756264918350517796,2.92176503355085552015325368595e-21
45769,37389.0307840281832200901107102,13.1927496295567385363290261111,2.63314666246340461600928452938e-22
45770,37389.4354415662292335353120647,5.81508093584158970461206934076,2.04095318194558549261210030094e-22
45771,37389.9052497546907736535953725,13.038953944701121490730855737,1.35765403925568084086498021337e-21
45772,37390.5528159958518024229508053,84.3006423519405977373352423224,7.35775911079193066702660879591e-22
45773,37391.3947989221848516970167001,653.569396313520420999421097315,6.06518055836123073622032073023e-21
45774,37392.8541339826740325101372222,164.672146286320686582052326348,5.21213300242428529797416760481e-21
45775,37393.282744667619671956230655,68.0679107675314309989462071303,9.26318373780048375011236448942e-22
45776,37394.0863488321419889106094844,49.6344508307395334605764737912,2.32266934492811536361584536013e-21
45777,37394.793043746852724293165736,15.357617480027112277613145552,8.07371868172497779528696824509e-22
45778,37395.2967123338529221724614342,10.4737480616147892196469554304,1.1900477464109953399414433927e-21
45779,37395.9003390975827716479460061,16.7244049857534025463883884591,3.08909623115668336488350743481e-22
45780,37396.494235090753767008457565,48.2777157417031659141417307999,5.47220608430142512859556342223e-23
45781,37397.6006999549716388787075348,48.7974341536892755930486249534,1.50040782743351089760537563302e-21
45782,37398.110688322777961573927771,26.9032035164097225024734116183,3.98710791743239370303751056747e-22
45783,37398.6654528652835172078858429,61.6449165271664686397319182791,7.15693391809880117834133452285e-22
45784,37399.7814748814165674221237913,18.3426577194576235517677879545,1.71926439230599856875067870523e-21
45785,37399.9713679808010495333395491,20.9473892835677795943525996281,1.55941951356860663261967639474e-21
45786,37401.2585196191801408131846217,213.936174939720156649212452674,5.58536426358511192502024834678e-21
45787,37402.0601435483632747963647538,15.5697384185300166089669996121,9.2279042569438319319350894964e-22
45788,37402.2932801671236432929053115,16.1517270830845466674130856535,6.88477948014958044153318842894e-22
45789,37403.1741490429249693148130443,220.452694409365891868864878706,3.34938486308336080191477232664e-21
45790,37404.2971079117298244099606512,112.298885453882356885165997237,3.00294062666993156440391782283e-21
45791,37405.0358992136375419294143238,12.9847816578022167864449770009,6.4764868222809603310977161195e-22
45792,37405.4732499616107891315148418,6.61148864340400573026371836093,1.18446310761096826352420282842e-22
45793,37406.0804535111364328323351784,8.2160910093796645785494624489,4.90960662990113691658836921143e-22
45794,37406.6265662766730237811803714,14.8256139322835168033747512668,7.27865003184781379838967254476e-22
45795,37407.3064005746520647072467613,53.4023102718602474948149980576,1.73309176669087966479562479775e-21
45796,37408.1747134120410935493554462,121.483037940589018781824685731,1.41465378502276538835711642587e-21
45797,37408.8860492904704873205053894,143.836319739288872268407410167,2.63726987767415519050468554789e-21
45798,37409.5106943235986919281456825,356.381254677191806870627328541,6.22886112660302085377506963907e-21
45799,37410.8740213731581949730566953,160.952080356670038465937235946,3.05986902325215943809372756385e-21
45800,37411.3886542997334496760301806,50.7938893475638874942301247297,3.75137764256563438466656557567e-22
45801,37412.0265965907346306720182356,44.8255778025351421091008010552,1.49423642831254106909903310584e-21
45802,37412.8005322369166674968645494,27.5659005264845381239304426163,8.86670323775362249743334662088e-23
45803,37413.3842424074023480162825131,18.4517415905934591244412677062,1.91564952863681283665530013795e-22
45804,37413.9839700441447486925179838,25.7226159085213203859849206165,1.10263823736513910128867517579e-21
45805,37414.6560313974732490327487819,59.6936958686474937257653259372,2.16462185750254315637233937645e-21
45806,37415.5153371673685248220592701,107.462011099222071426779110792,1.30952149086948825533793957792e-21
45807,37416.3578178438432969565626081,63.9770562023566045918055222092,2.0600202372602439680676517697e-21
45808,37417.125118503813572711769477,8.76724093448049943956193612092,1.90332353776907552199829737393e-22
45809,37417.3845763838232240384714745,9.95752687867544448984033886206,8.33662582255533276601008671684e-22
45810,37418.3107961983776448697788869,68.5313649492873130728635002401,1.93075938856772971688787399762e-21
45811,37418.8129268155691285011058123,141.792307904363867890875564182,4.56806580973635099190434169443e-21
45812,37419.8845908890883777133186972,722.033234802898180133331434059,6.72769899497648099050352049829e-21
45813,37421.009726886125025361647998,138.883174103257278417438037942,3.06504630501680604367330281492e-21
45814,37421.7074778952756705423322468,8.93011280105572633466953836111,7.77617925129844832864574582013e-22
45815,37422.0109065972915417421004526,6.55361811390408524114973569177,3.44417756994372107927907438048e-22
45816,37422.607767964759510682216348,35.2071721127818713612120493467,2.13213301444062379632085442247e-21
45817,37423.8920053862855946606188734,4.16980113652547325707219067563,4.09867219550214962188611863617e-22
45818,37424.1161965441594616723139961,2.56921343921735677639600574691,1.44411979447041086842844892429e-22
45819,37424.725489596803346349957302,11.8865782114162505477573599995,1.22370011187358193824185836676e-21
45820,37425.3633187397591738455444479,34.8686146191505710604366413405,2.82738193995766740566765397439e-22
45821,37426.0432060950755793924474472,147.081748494049306114511224814,1.85103113525327091314648908509e-21
45822,37427.0893400145921766370336905,380.948358917473183557304158061,4.12045746763871294657826603735e-21
45823,37427.8453744275089944819458998,339.034186679503070012591205594,1.81128417867319749365135279559e-21
45824,37428.8491000201217306445362029,102.138302094367706951573870393,4.14899944998657427555463669486e-21
45825,37429.4859936058964851651047637,16.3309292518616310749745551052,2.47868280003758722576966787608e-22
45826,37429.8152576672133059533353574,20.2004015613082159216223142933,9.84382708907985880782587326759e-22
45827,37430.7858113647160976593418143,86.3621962590866078777199578531,5.62321885268102051140082862475e-22
45828,37431.5351283097980648402505667,45.7515501716960121372851440332,1.32085754319264885707144666669e-21
45829,37432.0676624967492318441595204,55.9903592836538618317346527305,2.12790174142367142931850924744e-21
45830,37433.0572944699406906954299369,60.038362837963341654942180171,2.00864415416629554514519860119e-21
45831,37433.8632380550093224026825454,3.78127969029959966768961169167,4.69046286735052369307907691152e-22
45832,37434.0812876892097377896898637,3.52582960387570735411777805403,7.29310540350580410348142617792e-22
45833,37434.8363785858863556626587186,36.7880097299458293715015902639,4.23586844855264143961555907219e-22
45834,37435.5835547630209193973300551,83.494339617649501386538654418,3.36392278413703241067143789856e-21
45835,37436.3133622882260913289402855,165.106141124784984162194997294,2.48243999162429715933726953729e-21
45836,37437.1222990434533201226232974,311.032919414727433832689549836,3.10589401369657584506154321581e-21
45837,37437.9443200326672253991510992,448.064648378571862178941091766,2.35419057215214981466517642873e-21
45838,37438.9015274960556927181665362,299.58075692779884677958337869,4.74978738243050476451766056064e-21
45839,37439.8378856573061774287214012,31.5542494889883400258106740685,3.1755013468973432004662142899e-22
45840,37440.351694113360227874816554,7.33374140567563127973996344412,3.25257174210283649620476341358e-22
45841,37440.8344456403376578944655821,6.07083599452632105768466930872,5.01280562644511868700393195944e-23
45842,37441.4183297591531467208460391,11.3320534837648799342001551998,1.19771639272171449872879010078e-21
45843,37442.0649092811221428236693771,27.5787800764428466968073639738,1.58149894079301836217964935932e-21
45844,37442.7336932080176081116770664,95.302364604533953737026983566,1.79365541701985937540892665942e-21
45845,37443.9298730299917652258276932,43.9141857319705196403576604378,1.12968593533395491221705685459e-21
45846,37444.2831985145718659187865288,34.2132617995957086731495430818,1.38993297847252886923862147964e-21
45847,37445.2088163712723475005242642,36.7687575696728657716821960893,1.7633098215696658752342520678e-21
45848,37445.530721081813169231529886,55.3587418180756507856006553087,1.287188231545563004624528108e-21
45849,37446.885596047595315332556772,130.724698254835020738987507042,4.49306811828160187912845182015e-21
45850,37447.3526236261051245950956056,78.2445839005312879160942223755,4.51280775984528809919839385427e-22
45851,37448.2577932356894888305320508,42.8835662866582597003082207429,2.07487328377542347855815909739e-21
45852,37448.6690043930619863561345235,44.3745867404059767023933450699,1.49143236991382445382496307044e-21
45853,37449.596868087294697146716755,119.599966598374771792313457289,9.26258079483680451874140530384e-23
45854,37450.5013940651638442799602064,31.15693924711403152099218107,9.70038528791062046357497501097e-22
45855,37451.0025625295609344998255079,15.9929527424565420902694505264,8.75940850175551718756487503316e-22
45856,37451.6547607161032732886356894,18.0522009878688561193432645665,1.37818667249790545304480213241e-21
45857,37452.2677311095085606121502694,27.2862010348790582766881732216,1.62994556548436013430718262709e-21
45858,37453.234048396217855764173071,5.28619438709338698971705666843,7.2557913537771512664597201242e-22
45859,37453.489288523743288205147014,3.73252296686751899785092798549,7.89924684304950122948589270236e-22
45860,37453.8723893365042540713850945,35.5201483412298234225391915553,8.08551844109834356629759735113e-22
45861,37455.6450702755947380696873178,419.65265777012939126750010715,5.60988627740001917513521756919e-21
45862,37456.2295758224433889501922973,122.833205751460606439856932417,3.49291396200855710958612571395e-21
45863,37456.9823598336911374672940114,53.1676394954989568318732801059,4.74056153039626794006846827775e-22
45864,37457.6823861112750700052175334,11.3214367907921933322446759319,1.30769692190124385598283046976e-21
45865,37458.0158969866144087758154293,13.5018642935872912076501688469,8.98370132970836638013219780833e-22
45866,37458.969335607455265602002212,50.2223178857041739352310562329,9.38700514151860091717198299195e-22
45867,37459.660852528833000348785273,33.6911458954832663728897215442,4.90612515425514032946832200308e-22
45868,37460.3475732980953031724026086,22.3349299701758734661783178858,5.40588686385050929882234790524e-22
45869,37460.8460452950114832343230822,34.3518517526014310997557376088,1.28090902078825205245825837149e-21
45870,37461.7136907835296816906185822,101.335194081845561762634620315,3.8846210135828852367637929611e-21
45871,37462.464469053386633312571642,122.947483753506750087957615456,1.28877497711725142538765789119e-21
45872,37463.4405762047669150853495782,22.8843484088143732769235291777,1.10040330563955098472258453701e-21
45873,37463.7658269875016141882783249,16.9616780008207482288391528431,1.04981991245104044039431249771e-21
45874,37464.3340180164446621539699186,111.851139841217598690618303052,2.6897104968011746057420562715e-21
45875,37465.6296416014288399809511966,206.529850568166001747927171945,2.29336269249725529248142476104e-22
45876,37466.1310264667663088262677826,150.770474066254266865210286644,3.75406020986501460986488625988e-21
45877,37467.1639459775526857914540569,89.8951275920138222019446685678,6.31945279071357940965145592005e-22
45878,37467.782671227704653178890645,32.4256522236698049486827538348,1.3801009458932433045584458827e-21
45879,37468.4999938536798418535988652,11.7914354201641352051429180248,1.36369463452486885760546870598e-21
45880,37469.0190029536263000191861274,6.65888336957608403724183643698,1.50989362208216137299551147618e-22
45881,37469.4926049733597246700260467,13.7651894471845580978454743861,5.05273942704934357371338510277e-22
45882,37470.3832610396353051289920768,41.8618147569241121497542573958,2.55664200106117944053451022738e-21
45883,37471.0523348173467111413587594,34.0489719880698209502865711005,2.5813336933308589959952013227e-22
45884,37471.5228508901649502121971397,80.1397453580975234550810748541,1.51232513928144625958953742344e-21
45885,37472.7046731058667410676380486,245.542986193057431961160738715,4.03293749830257986731301446724e-22
45886,37473.2682599985780672866540694,230.763792728707448537502821522,4.4241056274492392326010500407e-21
45887,37474.2306122347645086874303077,303.800388676412394042930703337,5.14224959949093128903117223157e-21
45888,37475.1354749246802954892026901,70.3713811599451076037576513751,2.44806745050549706691594573177e-21
45889,37475.7817154651985063779678563,13.412823854973185364706705994,5.04882327318615926475808706759e-22
45890,37476.235225334041278213532484,8.90723186154044066889796793812,2.01184697963547275195204797063e-22
45891,37476.7652199044182452987384278,22.0797065718628485034587013936,1.32722369283519421198913804453e-21
45892,37477.5012448558811636717517467,113.133653572189541989226693396,1.58974257409090805136353000354e-21
45893,37478.6997050778869112651288313,67.9284403814196304179761167745,4.40493986550835801570864510744e-22
45894,37479.2986789376463741094310066,16.8449580178791180911010837982,1.35648912976888491813735192519e-21
45895,37479.8709398674686488427223713,8.06718684636152675474373785124,8.1486620801815728575357774019e-22
45896,37480.3143190847335310624009201,11.9163071929910876675340842805,1.61961887409506459879254596786e-22
45897,37480.9573239663550677715752239,67.2036088996415258316775302188,2.73387407126370448462305082979e-21
45898,37481.8816874041910029089252119,289.074399985009699212201049622,1.16808646555636257456687198379e-21
45899,37482.7053948180891369878661295,431.801442450327004514688775756,6.03165741381569613355495981553e-21
45900,37483.6484657991587606883478346,308.754816968980785048095337962,3.83298829804852424839881251007e-21
45901,37484.4215339942706214457592434,125.912584981350780031283558064,1.34190222043054541541333690098e-21
45902,37485.1515726188526450335609708,50.7881384452481580359711053095,1.00268999118642615423252875115e-21
45903,37485.8095392052755009774485425,24.653895692151295271040725585,3.55392710443811129111576655429e-22
45904,37486.4269336388862920512012821,19.0931204205756390815528139867,7.00464916410421094912758641516e-22
45905,37487.1463266743773964401377642,13.26574627037063977301343509,8.12018722163233033198393328529e-22
45906,37487.7221534362224907044662799,8.49587863753043438445959013113,7.0162458239960913085417363706e-22
45907,37488.134364347047775494122282,20.0935018265957564826042111483,1.46042934700196148102804930007e-21
45908,37489.1675681574170542106075141,131.435637420300466482724294238,1.23173457883402664746695533467e-21
45909,37489.8478771087166081978063408,155.048997427403958705561240966,2.34952886744759523180672829817e-21
45910,37490.6299062357674201619811044,278.645214049381179308969050874,3.60892459111500321663540506073e-21
45911,37491.6767111368396586916465313,92.6545391615713427650848155202,2.15838143875121754311278788711e-21
45912,37492.1326290980178488850679145,62.6225333122451136139480512242,3.06632211644856724962175395281e-21
45913,37493.1050510705342148201249624,10.0265190033200540109339906586,1.00739784769000549015081624694e-21
45914,37493.2772911348610695384381177,11.4762757654900161415596420136,2.59241611882487461874285805824e-22
45915,37494.5462919772732397201492408,137.094489442269516949912556988,7.82328619334001153194383201252e-23
45916,37495.2848313940652463729609983,32.0376766017572083482129516604,2.04928129807442082423052544943e-21
45917,37495.8881961094966711943690188,8.91025692725277887660937724915,1.04291037350650190576255255364e-21
45918,37496.2353657824698066033432783,14.0501474969592311797703149803,5.97061290735983287624306195287e-22
45919,37497.4282849672221398653044831,15.5181812784844629688587419615,4.73625024768000079767422603743e-22
45920,37497.7686472929846925004801715,11.4708641007261268255432113836,6.13586235118857242125653159359e-22
45921,37498.4952759534242614307458854,38.35190636062220667397815346,2.44632768207172332607788535609e-21
45922,37499.2694954506007635474752521,34.8477742492012677507188427534,4.33670659914578829268998640769e-22
45923,37499.6769199402045947368701649,65.8493083699641053532426478267,7.13941342505589557335017039909e-22
45924,37500.5985936092138838916215704,896.690354340317074056910863451,4.48551389734338203207236962799e-21
45925,37502.3230644846476199024738484,6.65102822728488571944779458229,2.30408223776310303444937013642e-22
45926,37502.5349864694755313422971601,1.85240882669318622169729895398,2.72652434818509368345085893344e-23
45927,37502.838056331850770769035797,5.5263574888006644695514726991,8.26776384692403704835059799544e-22
45928,37503.9098984645009373587578653,18.0238321285940863449340246503,1.49921530789038047205054758517e-21
45929,37504.34920894441687506519641,14.2587844796362050545929531331,8.47131201541729738937943313124e-22
45930,37505.0736221711203136760870049,30.1243756224525338981426912981,1.92635010471705288490321458134e-22
45931,37505.7287801914418909574457276,50.5318202810267507670839285676,7.33934644963821773699876404084e-22
45932,37506.4948931201457220072834344,104.521612018137537934981835434,2.47418690896961192812667142363e-21
45933,37507.42550160153342924018532,70.53481749555454901046566662,1.04596795561652760453053686081e-21
45934,37508.1025425500505243945608659,15.8234945868590802354225535795,1.0085299450266241057849218807e-21
45935,37508.4059293487337168520824962,23.2010537847100535903914325075,1.98227424496013014003667282722e-21
45936,37509.384782174465181184038964,290.742310428156123331514690534,6.71994391554416433203364229168e-21
45937,37510.3457203413849578248785044,239.325775323915739664648164628,2.13079452093627012112349719067e-21
45938,37511.1806197108679809872373791,38.3001977219938633733242988131,1.88191019023298887273462554723e-21
45939,37511.516393425051625039156521,39.1915516583238361632663543689,1.22220259414229614296344435237e-21
45940,37512.4960830022036685290714127,139.944394212058488451518487981,1.39158795151629076314442103278e-21
45941,37513.2957741171747940226110988,71.0640890031060048308383962974,1.46850738512648383664463758537e-21
45942,37514.0053353577195418116933358,33.3707288186865666695207913073,2.05511114017571920003856410813e-21
45943,37514.7412053028475082334625296,10.708358697703783746592635257,1.32372483457116613763299148388e-21
45944,37515.3086773827107889399831913,3.21939205483245219225383374988,1.60274536991164026290003576115e-22
45945,37515.6735589875108051632026902,3.99391659395904715521692079935,1.60924944372635229870754338889e-22
45946,37516.1920702283881577391902053,33.7353252037212662164506583411,2.16066909059323949878095769557e-23
45947,37517.3991407346908266106597793,273.34863220190987592318323383,1.3584607124661839822610177952e-21
45948,37518.0166366939623873794236327,332.355010766007747779003722827,7.35425392303669009331368831781e-21
45949,37519.1557767237087006843364597,173.979117164904923824986445953,1.46474462364310290734647611602e-21
45950,37519.6701937634663600467693294,98.8779730672796830293246342553,2.3952670748054662091901375979e-21
45951,37520.4623213960053719374773847,116.625774813886611696824652703,1.69689203457383995247080732696e-22
45952,37521.3957161418520685954915553,21.2172714030248281976539020324,1.91589957995455444434480289366e-21
45953,37521.8698897484885496777154442,6.4089428172997203722250990565,2.14198907706537487394951052703e-22
45954,37522.2496662680190655124388935,12.1162338679351018764211211541,2.15426211171412205992240220167e-22
45955,37523.1533134782073547489432822,80.7251913667560635040172393658,1.15549279832177065660421500675e-21
45956,37524.0318243971760299663892325,54.5378121269039801433713969597,1.57468737609380879656854402052e-21
45957,37524.6013973371190977944592294,45.6154833320915226578288540787,2.19275338761344839676928811166e-21
45958,37525.3708302442597522473248545,61.2376903160397817996884023574,2.11948855148907795340614222044e-21
45959,37526.1616286853156123817345043,30.9227939330566210678089221696,1.04534738907803248043808875628e-22
45960,37526.6417222911361760571236037,29.908952745323323420047589578,3.47029755746154680869250563196e-23
45961,37527.2759617336255135289448465,107.550394656455190495976081888,2.98293712688877998497739218052e-21
45962,37528.1614989411451210212072368,414.573926028034860185618773896,6.49834588637618580069123302258e-21
45963,37529.0974049882753912363862354,534.915372844239710182534816008,6.33718539966173238292810660022e-21
45964,37530.1702089279155981421496294,66.914007265294365550088470102,1.71725216422704567022034588758e-21
45965,37530.6337102775945971851681864,27.0712509736961756046460726914,2.08894809014871714603658206106e-21
45966,37531.4475738805946177097081882,8.00321490037981347874018969877,4.92439442061920231263639597902e-24
45967,37531.8664538864270579327029451,4.1683135589671148204214679395,8.13627955413263635364627821599e-23
45968,37532.2834863510860140624466795,12.9705063987401194974298796376,7.24543942914783558417702301467e-22
45969,37533.4485381542265718913480627,40.8909399692584205197772032857,8.31102118403075156457765474674e-22
45970,37534.0297632873327439357049805,16.1097170416140492707678619182,1.06860918519499748361985856506e-21
45971,37534.4971264161780509790822546,23.6372370686475292046393309792,4.2223691653230350135972316973e-22
45972,37535.1513784312731701054976462,135.774953848934750431337957679,2.42265383682564767361179126485e-23
45973,37536.1792679978527165942626616,616.402210775865547200130720339,3.5033394949269506704632975593e-21
45974,37537.3652591631413649588615919,51.7129775985225566851698612747,2.71807128534601130012024672543e-21
45975,37537.6723951127857973667717222,33.6972803157880122536691271089,1.71157022547584408713544067689e-21
45976,37538.5914739302944822824340286,41.1774390435553441022723981025,1.73581692980224959061342918395e-22
45977,37539.1183813267535149570270302,27.413083149575130678153591965,3.26515911742348589438487489507e-22
45978,37539.7180279996042300515294743,56.3130561213578977723005118598,8.66762972307512443016445538381e-22
45979,37540.5573870452674891181122267,143.882749095807068660493302195,4.94341850390111923020013632475e-21
45980,37541.6661311928916452116131891,19.1152136828654443712828750787,1.61771883911109642103814721144e-21
45981,37542.0657942215644377048064503,6.84860649834254504239159214612,3.55402285843424095052362402997e-22
45982,37542.5221599188670183640926263,14.912962529871648573216720739,6.94498991604509189875441566944e-23
45983,37543.5048868312826940148951692,21.9201599655285670165893826422,1.89328303003666938248159328273e-21
45984,37543.9315633231835165258608097,22.275577261386725952893336696,5.40863968343036803766962802066e-22
45985,37544.6978972994750876086362951,64.9585109701734244263850998662,2.47052916557657845352151141618e-21
45986,37545.2320020647022699056385225,196.635346993789390108757382101,1.72348759503232520428865938731e-21
45987,37546.5694442427603537244965048,491.206064617949948279839618371,6.7643158390643398233288792564e-21
45988,37547.346900755950926109095886,91.9110290714463299369656016751,2.70913168631293433644091596498e-21
45989,37547.8316012847128303142935041,73.2801632736177072929302091404,1.5830486119497641852488972354e-21
45990,37548.7773132044849748846602753,62.0639739682966709346534603836,2.40478294124680630968317596406e-21
45991,37549.5537801063838449075359243,7.28564128268077706885719994789,6.79902382820937884229932441398e-22
45992,37549.9048476643414479767652956,5.09214638889992158594796365966,8.08499226050801463897275488134e-22
45993,37550.5638332747458265162709074,12.7533486128547982818430831198,1.36920305582035542759725299838e-21
45994,37551.1815775927882532721504382,23.2553349755829679010648525481,8.16042861284324298316997405004e-22
45995,37551.7548871501360040406169859,90.1995854053702460528171861976,2.79467487862231720764209154213e-21
45996,37553.1466732851374375188524587,50.5150809412765643020658333534,1.60267227627108742796655519624e-21
45997,37553.5153270331504748206060631,26.3457072665299320101375689683,1.62404080188127845934939873432e-21
45998,37554.1625257245471142136204329,60.2096842396310912768405927529,2.94545467398134861568759272963e-21
45999,37554.8374117125410387276623192,158.736771338669705290931885161,1.99407942947838353583073681843e-21
