info: mathlib: cloning https://github.com/leanprover-community/mathlib4.git
info: mathlib: checking out revision '8f9d9cff6bd728b17a24e163c9402775d9e6a365'
info: plausible: cloning https://github.com/leanprover-community/plausible
info: plausible: checking out revision '55c8532eb21ec9f6d565d51d96b8ca50bd1fbef3'
info: LeanSearchClient: cloning https://github.com/leanprover-community/LeanSearchClient
info: LeanSearchClient: checking out revision 'c5d5b8fe6e5158def25cd28eb94e4141ad97c843'
info: importGraph: cloning https://github.com/leanprover-community/import-graph
info: importGraph: checking out revision '85b59af46828c029a9168f2f9c35119bd0721e6e'
info: proofwidgets: cloning https://github.com/leanprover-community/ProofWidgets4
info: proofwidgets: checking out revision 'be3b2e63b1bbf496c478cef98b86972a37c1417d'
info: aesop: cloning https://github.com/leanprover-community/aesop
info: aesop: checking out revision 'f642a64c76df8ba9cb53dba3b919425a0c2aeaf1'
info: Qq: cloning https://github.com/leanprover-community/quote4
info: Qq: checking out revision 'b8f98e9087e02c8553945a2c5abf07cec8e798c3'
info: batteries: cloning https://github.com/leanprover-community/batteries
info: batteries: checking out revision '495c008c3e3f4fb4256ff5582ddb3abf3198026f'
info: Cli: cloning https://github.com/leanprover/lean4-cli
info: Cli: checking out revision '4f10f47646cb7d5748d6f423f4a07f98f7bbcc9e'
✔ [7/2370] Built Mathlib.Tactic.Linter.DirectoryDependency (686ms)
✔ [13/2742] Built Aesop.Util.OrderedHashSet (463ms)
✔ [15/2742] Built Aesop.Search.Expansion.Simp (549ms)
✔ [16/2742] Built Mathlib.Tactic.Linter.Header (797ms)
✔ [17/2742] Built Aesop.Percent (335ms)
✔ [18/2742] Built Aesop.Nanos (306ms)
✔ [19/2742] Built Aesop.Util.UnionFind (373ms)
✔ [20/2742] Built Aesop.Forward.LevelIndex (276ms)
✔ [21/2742] Built Aesop.Rule.Name (448ms)
✔ [24/2746] Built Aesop.Forward.SlotIndex (287ms)
✔ [27/2746] Built Aesop.Forward.PremiseIndex (293ms)
✔ [28/2746] Built Aesop.Check (403ms)
✔ [29/2746] Built Aesop.Constants (312ms)
✔ [31/2746] Built Mathlib.Util.ParseCommand (554ms)
✔ [32/2746] Built Mathlib.Lean.Elab.Tactic.Meta (490ms)
✔ [33/2746] Built Mathlib.Lean.Environment (445ms)
✔ [34/2746] Built Aesop.Index.DiscrTreeConfig (1.7s)
✔ [35/2746] Built Aesop.Script.Tactic (2.2s)
✔ [36/2746] Built Aesop.Script.GoalWithMVars (2.3s)
✔ [37/2746] Built Aesop.ElabM (2.4s)
✔ [38/2746] Built Aesop.RuleSet.Name (2.3s)
✔ [39/2746] Built Aesop.Frontend.Basic (2.3s)
✔ [40/2746] Built Mathlib.Tactic.Linter.UnusedTacticExtension (659ms)
✔ [41/2746] Built Mathlib.Tactic.Linter.Whitespace (1.0s)
✔ [42/2746] Built Aesop.RuleTac.FVarIdSubst (2.2s)
✔ [43/2746] Built Aesop.Exception (2.4s)
✔ [44/2746] Built Mathlib.Tactic.Linter.PrivateModule (613ms)
✔ [45/2746] Built Mathlib.Lean.Expr.Basic (891ms)
✔ [46/2746] Built Aesop.Options.Public (1.6s)
✔ [47/2746] Built Aesop.Util.Unfold (2.6s)
✔ [48/2746] Built Aesop.Script.OptimizeSyntax (2.5s)
✔ [49/2746] Built Mathlib.Tactic.Linter.OldObtain (569ms)
✔ [50/2746] Built Mathlib.Tactic.DeclarationNames (673ms)
✔ [51/2746] Built Mathlib.Tactic.Linter.Multigoal (709ms)
✔ [52/2746] Built ImportGraph.Graph.TransitiveClosure (392ms)
✔ [53/2746] Built Mathlib.Tactic.Linter.GlobalAttributeIn (752ms)
✔ [54/2746] Built Mathlib.Tactic.Linter.HashCommandLinter (780ms)
✔ [55/2746] Built Aesop.RuleTac.RuleTerm (528ms)
✔ [56/2746] Built Plausible.Attr (480ms)
✔ [57/2746] Built Mathlib.Lean.Linter (608ms)
✔ [58/2746] Built ImportGraph.Lean.Environment (310ms)
✔ [59/2746] Built Batteries.Util.Pickle (296ms)
✔ [60/2746] Built Mathlib.Tactic.Linter.EmptyLine (901ms)
✔ [61/2746] Built ImportGraph.Imports.ImportGraph (338ms)
✔ [62/2746] Built Plausible.Random (669ms)
✔ [63/2746] Built Mathlib.Tactic.Linter.DocString (980ms)
✔ [64/2746] Built Batteries.Util.Cache (430ms)
✔ [65/2746] Built Batteries.Util.ExtendedBinder (527ms)
✔ [66/2746] Built Mathlib.Tactic.Linter.DeprecatedSyntaxLinter (1.0s)
✔ [67/2746] Built Mathlib.Tactic.Linter.DocPrime (1.1s)
✔ [68/2746] Built Batteries.Tactic.PermuteGoals (507ms)
✔ [69/2746] Built Batteries.Tactic.PrintOpaques (604ms)
✔ [70/2746] Built Batteries.Lean.PersistentHashSet (340ms)
✔ [71/2746] Built Batteries.Lean.Syntax (292ms)
✔ [72/2746] Built Batteries.Tactic.ShowUnused (704ms)
✔ [73/2746] Built Mathlib.Tactic.Linter.FlexibleLinter (1.5s)
✔ [74/2746] Built Batteries.Lean.NameMapAttribute (413ms)
✔ [75/2746] Built Batteries.Tactic.Instances (646ms)
✔ [76/2746] Built Batteries.Tactic.Lemma (606ms)
✔ [77/2746] Built Batteries.Tactic.PrintDependents (740ms)
✔ [78/2746] Built Batteries.Lean.MonadBacktrack (279ms)
✔ [79/2746] Built Batteries.Lean.Meta.UnusedNames (357ms)
✔ [80/2746] Built Batteries.Tactic.NoMatch (719ms)
✔ [81/2746] Built Batteries.Lean.Meta.Expr (304ms)
✔ [82/2746] Built Batteries.Lean.PersistentHashMap (342ms)
✔ [83/2746] Built Batteries.Lean.HashSet (321ms)
✔ [84/2746] Built Batteries.Lean.IO.Process (315ms)
✔ [85/2746] Built Batteries.Lean.Meta.Inaccessible (387ms)
✔ [86/2746] Built Batteries.Tactic.Congr (825ms)
✔ [87/2746] Built Batteries.Data.Vector.Basic (254ms)
✔ [88/2746] Built Batteries.Lean.LawfulMonad (456ms)
✔ [89/2746] Built Batteries.Lean.LawfulMonadLift (482ms)
✔ [90/2746] Built Batteries.Data.String.Basic (308ms)
✔ [91/2746] Built Batteries.Util.Panic (287ms)
✔ [92/2746] Built Batteries.Data.Vector.Lemmas (446ms)
✔ [93/2746] Built Batteries.Data.RunningStats (339ms)
✔ [94/2746] Built Batteries.Data.String.AsciiCasing (310ms)
✔ [95/2746] Built Batteries.Lean.Expr (561ms)
✔ [96/2746] Built Batteries.Tactic.OpenPrivate (859ms)
✔ [97/2746] Built Batteries.Tactic.Case (1.1s)
✔ [98/2746] Built Batteries.Tactic.Trans (1.5s)
✔ [99/2746] Built Batteries.Data.Stream (437ms)
✔ [100/2746] Built Batteries.Tactic.SqueezeScope (1.6s)
✔ [101/2746] Built Batteries.Lean.Float (444ms)
✔ [102/2746] Built Batteries.Data.BitVec.Basic (256ms)
✔ [103/2746] Built Batteries.Data.FloatArray (351ms)
✔ [104/2746] Built Batteries.Lean.HashMap (360ms)
✔ [105/2746] Built Batteries.Lean.System.IO (334ms)
✔ [106/2746] Built Batteries.Data.NameSet (364ms)
✔ [107/2746] Built Batteries.Data.Nat.Bitwise (441ms)
✔ [108/2746] Built Batteries.Data.Bool (257ms)
✔ [109/2746] Built Batteries.Data.Nat.Basic (436ms)
✔ [110/2746] Built Batteries.Data.DList.Basic (439ms)
✔ [111/2746] Built Batteries.Data.Nat.Digits (637ms)
✔ [112/2746] Built Batteries.Data.String.Legacy (883ms)
✔ [113/2746] Built Batteries.Data.Array.Init.Lemmas (316ms)
✔ [114/2746] Built Batteries.Data.ByteArray (657ms)
✔ [115/2746] Built Batteries.Data.ByteSlice (578ms)
✔ [116/2746] Built Batteries.Control.ForInStep.Basic (295ms)
✔ [117/2746] Built Batteries.Data.List.Init.Lemmas (375ms)
✔ [118/2746] Built Batteries.Control.Lemmas (378ms)
✔ [119/2746] Built Batteries.Lean.Position (403ms)
✔ [120/2746] Built Batteries.Data.List.ArrayMap (330ms)
✔ [121/2746] Built Batteries.Data.Random.MersenneTwister (1.1s)
✔ [122/2746] Built Batteries.Classes.RatCast (338ms)
✔ [123/2746] Built Batteries.Lean.Except (489ms)
✔ [124/2746] Built Batteries.Data.Array.Match (676ms)
✔ [125/2746] Built Batteries.Tactic.Lint.Basic (764ms)
✔ [126/2746] Built Batteries.Control.LawfulMonadState (851ms)
✔ [127/2746] Built Batteries.Data.Array.Merge (946ms)
✔ [128/2746] Built Batteries.Lean.TagAttribute (370ms)
✔ [129/2746] Built Batteries.Lean.EStateM (622ms)
✔ [131/2746] Built Batteries.Util.ProofWanted (684ms)
✔ [132/2746] Built Batteries.CodeAction.Attr (819ms)
✔ [133/2748] Built Batteries.Tactic.Unreachable (569ms)
✔ [134/2748] Built Batteries.Tactic.SeqFocus (736ms)
✔ [135/2748] Built Batteries.CodeAction.Deprecated (998ms)
✔ [136/2748] Built Qq.SortLocalDecls (427ms)
✔ [137/2748] Built Batteries.Util.LibraryNote (740ms)
✔ [138/2748] Built Batteries.Tactic.Init (980ms)
✔ [139/2748] Built Batteries.Data.BinaryHeap.Basic (1.6s)
✔ [140/2748] Built Mathlib.Lean.ContextInfo (659ms)
✔ [141/2748] Built Mathlib.Data.Ineq (552ms)
✔ [142/2748] Built Qq.ForLean.Do (1.0s)
✔ [143/2748] Built Qq.Typ (1.1s)
✔ [144/2748] Built ImportGraph.Imports.Redundant (388ms)
✔ [145/2748] Built Qq.ForLean.ToExpr (1.2s)
✔ [146/2748] Built ImportGraph.Imports.RequiredModules (702ms)
✔ [147/2748] Built Batteries.Data.Rat.Float (263ms)
✔ [148/2748] Built Aesop.RuleSet.Filter (1.2s)
✔ [149/2748] Built Qq.ForLean.ReduceEval (1.3s)
✔ [150/2748] Built Mathlib.Util.PrintSorries (1.1s)
✔ [151/2748] Built Batteries.Lean.Json (290ms)
✔ [152/2748] Built Aesop.Options.Internal (1.2s)
✔ [153/2748] Built Plausible.Gen (822ms)
✔ [154/2748] Built ImportGraph.Tools.ImportDiff (828ms)
✔ [155/2748] Built Batteries.Data.DList.Lemmas (323ms)
✔ [156/2748] Built Aesop.RuleTac.ElabRuleTerm (1.4s)
✔ [157/2748] Built Batteries.Control.ForInStep.Lemmas (332ms)
✔ [158/2748] Built Batteries.Data.Random (321ms)
✔ [159/2748] Built Batteries.Lean.Meta.Simp (710ms)
✔ [160/2748] Built Aesop.Util.Tactic (807ms)
✔ [162/2748] Built Batteries.Data.List.Matcher (395ms)
✔ [163/2748] Built Batteries.Data.String.Matcher (386ms)
✔ [164/2748] Built Batteries.Control.OptionT (494ms)
✔ [165/2748] Built Mathlib.Tactic.Linter.TacticDocumentation (634ms)
✔ [166/2751] Built Batteries.Tactic.Lint.TypeClass (705ms)
✔ [167/2751] Built Aesop.Util.UnorderedArraySet (566ms)
✔ [168/2751] Built Batteries.Lean.Meta.DiscrTree (688ms)
✔ [169/2751] Built Batteries.Lean.AttributeExtra (709ms)
✔ [170/2751] Built Batteries.Tactic.Lint.Misc (985ms)
✔ [171/2751] Built Mathlib.Tactic.Linter.Style (2.0s)
✔ [172/2752] Built Batteries.Data.BinaryHeap (371ms)
✔ [173/2752] Built Aesop.Util.Tactic.Unfold (2.2s)
✔ [174/2752] Built Batteries.CodeAction.Basic (1.0s)
✔ [175/2752] Built Batteries.Linter.UnreachableTactic (837ms)
✔ [176/2752] Built Batteries.Classes.SatisfiesM (1.1s)
✔ [177/2752] Built Batteries.Classes.Cast (549ms)
✔ [178/2752] Built Mathlib.Tactic.Linter.UnusedTactic (913ms)
✔ [179/2752] Built ImportGraph.Tools.RedundantImports (565ms)
✔ [180/2752] Built Batteries.Tactic.Lint.Frontend (1.6s)
✔ [182/2752] Built Batteries.Data.Rat (294ms)
✔ [183/2752] Built ImportGraph.Tools.MinImports (622ms)
✔ [184/2752] Built Batteries.Data.DList (279ms)
✔ [185/2752] Built Batteries.Tactic.Lint.Simp (1.1s)
✔ [186/2752] Built Batteries.Tactic.Alias (1.6s)
✔ [187/2752] Built Batteries.Control.ForInStep (319ms)
✔ [188/2752] Built Batteries.Tactic.GeneralizeProofs (2.6s)
✔ [189/2752] Built Mathlib.Tactic.MinImports (973ms)
✔ [190/2752] Built Mathlib.Tactic.TacticAnalysis (1.1s)
✔ [191/2752] Built Plausible.Arbitrary (591ms)
✔ [193/2759] Built ImportGraph.Tools.FindHome (923ms)
✔ [194/2759] Built Batteries.CodeAction.Misc (2.1s)
✔ [195/2759] Built Batteries.Control.AlternativeMonad (649ms)
✔ [196/2759] Built Aesop.Options (896ms)
✔ [197/2759] Built Batteries.Data.List.Monadic (395ms)
✔ [198/2759] Built Batteries.Lean.SatisfiesM (514ms)
✔ [199/2759] Built Batteries.Lean.Util.EnvSearch (514ms)
✔ [200/2759] Built Batteries.Tactic.HelpCmd (1.7s)
✔ [201/2759] Built Batteries.Tactic.Lint (548ms)
✔ [202/2759] Built Mathlib.Lean.Elab.InfoTree (808ms)
✔ [203/2759] Built Batteries.Data.Range.Lemmas (583ms)
✔ [204/2759] Built Batteries.Linter.UnnecessarySeqFocus (1.2s)
✔ [205/2759] Built Batteries.Data.Nat.Gcd (726ms)
✔ [206/2759] Built Batteries.Tactic.Exact (720ms)
✔ [208/2759] Built Batteries.Data.HashMap.Basic (878ms)
✔ [209/2759] Built Batteries.Logic (816ms)
✔ [210/2759] Built Batteries.Control.Monad (773ms)
✔ [211/2759] Built Batteries.Data.Array.Pairwise (898ms)
✔ [212/2759] Built Batteries.Data.Array.Monadic (1.4s)
✔ [213/2759] Built Plausible.ArbitraryFueled (381ms)
✔ [214/2759] Built Batteries.Data.Nat.Lemmas (1.1s)
✔ [215/2761] Built Batteries.Lean.Meta.Basic (488ms)
✔ [216/2761] Built Mathlib.Tactic.ExtractGoal (1.2s)
✔ [217/2761] Built ImportGraph.Tools (543ms)
✔ [218/2761] Built Batteries.Linter (379ms)
✔ [219/2761] Built Mathlib.Tactic.Linter.MinImports (1.0s)
✔ [220/2761] Built Batteries.Data.Range (459ms)
✔ [221/2761] Built Plausible.Sampleable (921ms)
✔ [222/2761] Built Mathlib.Tactic.Linter.Lint (669ms)
✔ [223/2761] Built Batteries.Data.MLList.Basic (965ms)
✔ [224/2761] Built Batteries.Data.HashMap (467ms)
✔ [225/2761] Built Batteries.Data.Vector.Monadic (482ms)
✔ [226/2761] Built Batteries.Tactic.PrintPrefix (851ms)
✔ [227/2761] Built Batteries.Data.UnionFind.Basic (2.3s)
✔ [228/2761] Built Mathlib.Tactic.Linter.UnusedInstancesInType (808ms)
✔ [229/2761] Built Batteries.Data.Fin.OfBits (491ms)
✔ [230/2761] Built Aesop.Util.Basic (2.6s)
✔ [231/2761] Built Batteries.Data.Int (554ms)
✔ [232/2761] Built Batteries.Lean.Meta.InstantiateMVars (437ms)
✔ [233/2761] Built Batteries.Lean.Meta.SavedState (434ms)
✔ [234/2761] Built Batteries.Data.Fin.Basic (787ms)
✔ [235/2762] Built Batteries.Tactic.Basic (588ms)
✔ [236/2762] Built Batteries.Data.MLList.Heartbeats (378ms)
✔ [237/2762] Built Batteries.Data.MLList.IO (356ms)
✔ [238/2762] Built Batteries.Data.Vector (554ms)
✔ [239/2774] Built Batteries.Control.Nondet.Basic (599ms)
✔ [240/2774] Built Aesop.Script.TacticState (994ms)
✔ [241/3424] Built Batteries.Data.MLList (402ms)
✔ [242/3563] Built Batteries.Data.UnionFind.Lemmas (851ms)
✔ [243/3563] Built Plausible.DeriveArbitrary (1.6s)
✔ [244/3766] Built Aesop.Util.EqualUpToIds (1.6s)
✔ [245/3766] Built Qq.Macro (4.3s)
✔ [246/3769] Built Batteries.Data.List.Basic (3.1s)
✔ [247/3769] Built Batteries.Data.BitVec.Lemmas (974ms)
✔ [248/3772] Built Batteries.Classes.Order (970ms)
✔ [249/3772] Built Batteries.Data.UnionFind (414ms)
✔ [250/3772] Built Plausible.Testable (1.7s)
✔ [251/3772] Built Batteries.Data.Fin.Fold (1.2s)
✔ [252/3772] Built Mathlib.Tactic.TacticAnalysis.Declarations (1.9s)
✔ [253/3772] Built Aesop.Script.CtorNames (1.4s)
✔ [255/3772] Built Aesop.Forward.Substitution (1.7s)
✔ [256/3773] Built Batteries.Data.List.Pairwise (893ms)
✔ [257/3773] Built Batteries.Data.BitVec (771ms)
✔ [258/3773] Built Batteries.Data.Nat.Bisect (1.8s)
✔ [260/3774] Built Plausible.Functions (807ms)
✔ [262/3975] Built Aesop.Script.Util (1.5s)
✔ [263/3975] Built Aesop.RuleTac.Forward.Basic (1.5s)
✔ [272/4204] Built Batteries.Data.UInt (1.3s)
✔ [273/4323] Built Batteries.Classes.Deprecated (1.1s)
✔ [274/4323] Built Batteries.Data.Fin.Lemmas (1.7s)
✔ [275/4323] Built Batteries.Data.PairingHeap (1.5s)
✔ [276/4538] Built Batteries.Data.AssocList (1.9s)
✔ [277/4538] Built Mathlib.Init (1.1s)
✔ [278/4538] Built Aesop.RulePattern.Cache (1.0s)
✔ [279/4538] Built Plausible.Tactic (1.0s)
✔ [280/4538] Built Batteries.Data.Nat (587ms)
✔ [281/4538] Built Batteries.Data.Fin (453ms)
✔ [282/4538] Built Qq.Delab (2.3s)
✔ [283/4538] Built Plausible (743ms)
✔ [284/4538] Built Mathlib.Data.List.Monad (881ms)
✔ [285/4538] Built Mathlib.Data.Int.DivMod (890ms)
✔ [286/4538] Built Mathlib.Tactic.FieldSimp.Attr (749ms)
✔ [287/4538] Built Mathlib.Util.DischargerAsTactic (970ms)
✔ [288/4538] Built Mathlib.Util.ElabWithoutMVars (1.0s)
✔ [289/4538] Built Mathlib.Util.PPOptions (792ms)
✔ [290/4538] Built Mathlib.CategoryTheory.ConcreteCategory.Bundled (1.0s)
✔ [291/4538] Built Mathlib.Tactic.Linarith.Oracle.SimplexAlgorithm.Datatypes (1.4s)
✔ [292/4538] Built Batteries.Data.RBMap.Basic (3.2s)
✔ [293/4538] Built Mathlib.Tactic.TryThis (856ms)
✔ [294/4538] Built Mathlib.Tactic.Core (1.7s)
✔ [295/4538] Built Mathlib.Tactic.SuppressCompilation (1.7s)
✔ [296/4538] Built Mathlib.Tactic.Monotonicity.Attr (864ms)
✔ [297/4538] Built Mathlib.Lean.Expr.Rat (904ms)
✔ [298/4538] Built Mathlib.Data.Nat.NthRoot.Defs (955ms)
✔ [299/4538] Built Batteries.Data.String.Lemmas (4.2s)
✔ [300/4538] Built Mathlib.Util.TransImports (918ms)
✔ [301/4538] Built Mathlib.Tactic.FastInstance (1.3s)
✔ [302/4538] Built Mathlib.Tactic.Widget.SelectInsertParamsClass (840ms)
✔ [303/4538] Built Mathlib.Lean.GoalsLocation (760ms)
✔ [304/4538] Built Mathlib.Lean.Meta.KAbstractPositions (888ms)
✔ [305/4538] Built Mathlib.Util.WhatsNew (1.4s)
✔ [306/4538] Built Mathlib.Tactic.StacksAttribute (1.4s)
✔ [307/4538] Built Mathlib.Tactic.UnsetOption (709ms)
✔ [308/4538] Built Mathlib.Tactic.TypeCheck (753ms)
✔ [309/4538] Built Mathlib.Util.CountHeartbeats (1.6s)
✔ [310/4538] Built Mathlib.Util.Superscript (2.1s)
✔ [311/4538] Built Batteries.Data.Array.Basic (3.5s)
✔ [312/4538] Built Batteries.Data.BinomialHeap.Basic (4.9s)
✔ [313/4538] Built Mathlib.Tactic.Trace (925ms)
✔ [314/4538] Built Mathlib.Util.Tactic (964ms)
✔ [315/4538] Built Mathlib.Tactic.SudoSetOption (1.1s)
✔ [316/4538] Built Mathlib.Tactic.SwapVar (1.1s)
✔ [317/4538] Built Mathlib.Tactic.Relation.Rfl (927ms)
✔ [318/4538] Built Mathlib.Tactic.SuccessIfFailWithMsg (1.1s)
✔ [319/4538] Built Mathlib.Tactic.Recover (959ms)
✔ [320/4538] Built Mathlib.Tactic.Rename (1.1s)
✔ [321/4538] Built Mathlib.Tactic.SimpIntro (1.3s)
✔ [322/4538] Built Mathlib.Tactic.NthRewrite (793ms)
✔ [323/4538] Built Mathlib.Tactic.Set (1.4s)
✔ [324/4538] Built Mathlib.Tactic.Observe (937ms)
✔ [325/4538] Built Mathlib.Tactic.Variable (2.1s)
✔ [326/4538] Built Mathlib.Tactic.Linter.PPRoundtrip (836ms)
✔ [327/4538] Built Mathlib.Tactic.Linter.UpstreamableDecl (881ms)
✔ [328/4538] Built Mathlib.Tactic.GuardHypNums (682ms)
✔ [329/4538] Built Mathlib.Tactic.InferParam (706ms)
✔ [330/4538] Built Mathlib.Tactic.Linter.HaveLetLinter (818ms)
✔ [331/4538] Built Mathlib.Tactic.GuardGoalNums (757ms)
✔ [332/4538] Built Mathlib.Util.TermReduce (945ms)
✔ [333/4538] Built Mathlib.Tactic.Linter.DeprecatedModule (1.1s)
✔ [334/4538] Built Batteries.Data.List.Lemmas (6.6s)
✔ [335/4538] Built Mathlib.Tactic.HigherOrder (1.1s)
✔ [336/4538] Built Mathlib.Tactic.ExistsI (755ms)
✔ [337/4538] Built Mathlib.Lean.Meta.RefinedDiscrTree.Basic (1.2s)
✔ [338/4538] Built Mathlib.Tactic.Constructor (842ms)
✔ [339/4538] Built Mathlib.Tactic.Find (1.0s)
✔ [340/4538] Built Mathlib.Tactic.ClearExcept (805ms)
✔ [341/4538] Built Mathlib.Tactic.Clear_ (870ms)
✔ [342/4538] Built Mathlib.Tactic.FailIfNoProgress (1.3s)
✔ [343/4538] Built Mathlib.Tactic.ClearExclamation (850ms)
✔ [344/4538] Built Mathlib.Tactic.FunProp.Decl (1.4s)
✔ [345/4538] Built Mathlib.Tactic.FunProp.ToBatteries (1.5s)
✔ [346/4541] Built Mathlib.Tactic.ErwQuestion (1.3s)
✔ [347/4541] Built Mathlib.Tactic.Check (1.1s)
✔ [348/4541] Built Mathlib.Tactic.ApplyCongr (975ms)
✔ [349/4541] Built Mathlib.Tactic.ApplyWith (1.0s)
✔ [350/4541] Built Mathlib.Lean.Meta.Basic (1.1s)
✔ [351/4541] Built Mathlib.Util.AtLocation (871ms)
✔ [352/4541] Built Mathlib.Tactic.Coe (930ms)
✔ [353/4541] Built Mathlib.Lean.Meta.Tactic.Rewrite (805ms)
✔ [354/4541] Built Mathlib.Tactic.ToExpr (960ms)
✔ [355/4541] Built Mathlib.Tactic.CasesM (1.2s)
✔ [356/4541] Built Mathlib.Control.ULift (929ms)
✔ [357/4541] Built Mathlib.Control.Combinators (678ms)
✔ [358/4541] Built Mathlib.Logic.OpClass (834ms)
✔ [359/4541] Built Mathlib.Tactic.Substs (667ms)
✔ [360/4541] Built Mathlib.Tactic.GCongr.ForwardAttr (816ms)
✔ [361/4541] Built Mathlib.Tactic.HaveI (868ms)
✔ [362/4541] Built Mathlib.Util.WithWeakNamespace (791ms)
✔ [363/4541] Built Mathlib.Tactic.Spread (1.0s)
✔ [364/4541] Built Mathlib.Tactic.Conv (1.4s)
✔ [365/4541] Built Mathlib.Lean.PrettyPrinter.Delaborator (894ms)
✔ [366/4544] Built Mathlib.Data.Nat.Notation (683ms)
✔ [367/4544] Built Mathlib.Logic.IsEmpty.Defs (910ms)
✔ [368/4544] Built Mathlib.Tactic.SimpRw (1.0s)
✔ [369/4544] Built Mathlib.Tactic.CategoryTheory.Coherence.Datatypes (1.6s)
✔ [370/4544] Built Mathlib.Tactic.OfNat (689ms)
✔ [371/4544] Built Mathlib.Lean.Name (689ms)
✔ [372/4544] Built Mathlib.Tactic.AdaptationNote (1.0s)
✔ [373/4544] Built Mathlib.Tactic.Push.Attr (1.2s)
✔ [374/4544] Built Mathlib.Tactic.Use (1.4s)
✔ [375/4544] Built Mathlib.Data.Int.Notation (574ms)
✔ [376/4544] Built Mathlib.Tactic.Attr.Register (1.1s)
✔ [377/4544] Built Mathlib.Tactic.DepRewrite (3.1s)
✔ [378/4544] Built Mathlib.Lean.Meta (754ms)
✔ [379/4544] Built Mathlib.Tactic.Eqns (642ms)
✔ [380/4544] Built Mathlib.Util.CompileInductive (1.6s)
✔ [381/4544] Built Mathlib.Data.String.Defs (737ms)
✔ [382/4544] Built Mathlib.Data.Nat.BinaryRec (982ms)
✔ [383/4544] Built Mathlib.Data.Set.Defs (1.4s)
✔ [384/4544] Built Mathlib.Tactic.Lemma (686ms)
✔ [385/4544] Built Mathlib.Lean.Elab.Term (682ms)
✔ [386/4544] Built Mathlib.Data.Array.Defs (712ms)
✔ [387/4544] Built Mathlib.Tactic.ExtendDoc (748ms)
✔ [388/4544] Built Mathlib.Util.AddRelatedDecl (944ms)
✔ [389/4544] Built Mathlib.Tactic.Simps.NotationClass (983ms)
✔ [390/4544] Built Mathlib.Lean.Meta.Simp (902ms)
✔ [391/4544] Built Mathlib.Tactic.PPWithUniv (823ms)
✔ [392/4544] Built Mathlib.Tactic.Translate.UnfoldBoundary (1.4s)
✔ [393/4544] Built Mathlib.Tactic.Linarith.Oracle.SimplexAlgorithm.Gauss (889ms)
✔ [394/4544] Built Mathlib.Tactic.Monotonicity.Basic (821ms)
✔ [395/4544] Built Batteries.Data.String (611ms)
✔ [396/4544] Built Mathlib.Tactic.Linarith.Oracle.SimplexAlgorithm.SimplexAlgorithm (1.0s)
✔ [397/4544] Built Batteries.Data.BinomialHeap.Lemmas (698ms)
✔ [398/4544] Built Mathlib.Tactic.Linter (722ms)
✔ [399/4544] Built Mathlib.Tactic.SplitIfs (1.2s)
✔ [400/4544] Built Qq.MetaM (1.4s)
✔ [401/4544] Built Mathlib.Tactic.RenameBVar (1.1s)
✔ [402/4544] Built Batteries.Data.Char.Basic (1.2s)
✔ [403/4544] Built Mathlib.Tactic.Widget.SelectPanelUtils (1.4s)
✔ [404/4544] Built Mathlib.Tactic.ApplyAt (1.0s)
✔ [405/4544] Built Aesop.Tracing (1.7s)
✔ [406/4544] Built Batteries.Data.Array.Lemmas (1.7s)
✔ [407/4544] Built Mathlib.Lean.Meta.RefinedDiscrTree.Encode (1.7s)
✔ [408/4544] Built Mathlib.Data.PNat.Notation (855ms)
✔ [409/4544] Built Mathlib.Tactic.Attr.Core (802ms)
✔ [410/4544] Built Mathlib.Lean.Meta.RefinedDiscrTree.Initialize (1.8s)
✔ [411/4544] Built Mathlib.Tactic.CategoryTheory.Coherence.PureCoherence (1.7s)
✔ [412/4544] Built Batteries.Data.List.Count (2.0s)
✔ [413/4544] Built Mathlib.Data.Set.CoeSort (793ms)
✔ [414/4544] Built Mathlib.Data.Stream.Defs (1.3s)
✔ [415/4544] Built Mathlib.Tactic.FBinop (1.9s)
✔ [416/4544] Built Mathlib.Tactic.ScopedNS (2.0s)
✔ [417/4544] Built Mathlib.Tactic.TypeStar (645ms)
✔ [418/4544] Built Mathlib.Tactic.CategoryTheory.CategoryStar (708ms)
✔ [419/4544] Built Batteries.Data.BinomialHeap (493ms)
✔ [420/4544] Built Mathlib.Lean.Meta.CongrTheorems (1.9s)
✔ [421/4544] Built Mathlib.Tactic.ToLevel (645ms)
✔ [422/4544] Built Batteries.Data.RBMap.WF (3.5s)
✔ [423/4544] Built Mathlib.Tactic.Translate.GuessName (1.1s)
✔ [424/4544] Built Mathlib.Tactic.Linarith.Oracle.SimplexAlgorithm.PositiveVector (753ms)
✔ [425/4544] Built Mathlib.Tactic.DeprecateTo (1.1s)
✔ [426/4544] Built Qq.Simp (1.0s)
✔ [427/4544] Built Qq.MatchImpl (1.1s)
✔ [428/4549] Built Batteries.Data.Char.AsciiCasing (863ms)
✔ [429/4549] Built Qq.AssertInstancesCommute (1.5s)
✔ [430/4549] Built Mathlib.Util.Delaborators (4.6s)
✔ [431/4549] Built Mathlib.Tactic.Widget.Calc (1.4s)
✔ [432/4549] Built Mathlib.Control.Basic (922ms)
✔ [433/4549] Built Mathlib.Tactic.CategoryTheory.Coherence.Normalize (3.3s)
✔ [434/4549] Built Mathlib.Lean.Expr.ExtraRecognizers (749ms)
✔ [435/4549] Built Aesop.Util.Tactic.Ext (1.2s)
✔ [436/4549] Built Mathlib.Tactic.Widget.InteractiveUnfold (1.3s)
✔ [437/4549] Built Aesop.Script.Step (1.5s)
✔ [438/4549] Built Aesop.EMap (1.3s)
✔ [439/4549] Built Aesop.Stats.Basic (1.6s)
✔ [440/4549] Built Mathlib.Data.SProd (795ms)
✔ [441/4549] Built Mathlib.Tactic.Widget.Conv (1.0s)
✔ [442/4549] Built Batteries.Data.List.Scan (4.8s)
✔ [443/4549] Built Mathlib.Data.Option.Defs (845ms)
✔ [444/4549] Built Mathlib.Data.Ordering.Basic (791ms)
✔ [445/4549] Built Mathlib.Lean.Meta.RefinedDiscrTree.Lookup (1.4s)
✔ [446/4549] Built Mathlib.Logic.Function.Defs (969ms)
✔ [447/4549] Built Batteries.Data.List.Perm (1.5s)
✔ [448/4549] Built Mathlib.Data.Option.NAry (1.0s)
✔ [449/4549] Built Mathlib.Data.Rat.Init (971ms)
✔ [450/4549] Built Mathlib.Data.Int.Cast.Pi (729ms)
✔ [451/4549] Built Mathlib.Control.Functor (1.2s)
✔ [452/4549] Built Mathlib.Data.Tree.Basic (944ms)
✔ [453/4551] Built Mathlib.Data.Int.Init (1.5s)
✔ [454/4551] Built Mathlib.Tactic.FunProp.Mor (1.0s)
✔ [455/4551] Built Mathlib.Data.List.TFAE (889ms)
✔ [456/4551] Built Mathlib.Data.Bracket (789ms)
✔ [457/4551] Built Mathlib.Data.Prod.PProd (815ms)
✔ [458/4551] Built Mathlib.Logic.Function.CompTypeclasses (877ms)
✔ [459/4551] Built Mathlib.Logic.Function.Coequalizer (854ms)
✔ [460/4551] Built Mathlib.Tactic.Basic (1.9s)
✔ [461/4551] Built Mathlib.Logic.Function.ULift (744ms)
✔ [462/4551] Built Mathlib.Logic.Nontrivial.Defs (790ms)
✔ [463/4551] Built Mathlib.Tactic.Inhabit (731ms)
✔ [464/4551] Built Mathlib.Tactic.MkIffOfInductiveProp (1.7s)
✔ [465/4551] Built Mathlib.Logic.Nonempty (757ms)
✔ [466/4551] Built Batteries.Data.RBMap.Depth (654ms)
✔ [467/4551] Built Mathlib.Logic.ExistsUnique (924ms)
✔ [468/4551] Built Batteries.Data.Char (707ms)
✔ [469/4551] Built Batteries.Data.List (812ms)
✔ [470/4552] Built Batteries.Data.RBMap.Alter (1.4s)
✔ [471/4552] Built Mathlib.Logic.Relator (1.2s)
✔ [472/4552] Built Aesop.Script.UScript (1.4s)
✔ [473/4552] Built Aesop.Script.SScript (1.5s)
✔ [474/4552] Built Aesop.Stats.File (1.4s)
✔ [475/4552] Built Mathlib.Lean.Meta.RefinedDiscrTree (1.2s)
✔ [476/4552] Built Aesop.BaseM (1.5s)
✔ [477/4552] Built Aesop.Stats.Extension (1.5s)
✔ [478/4553] Built Mathlib.Control.Traversable.Basic (1.2s)
✔ [479/4553] Built Qq.Commands (1.9s)
✔ [480/4553] Built Batteries.Data.Array.Scan (1.9s)
✔ [481/4553] Built Mathlib.Tactic.FunProp.FunctionData (1.4s)
✔ [482/4553] Built Mathlib.Data.List.Defs (1.6s)
✔ [483/4553] Built Mathlib.Algebra.HierarchyDesign (1.3s)
✔ [484/4553] Built Batteries.CodeAction.Match (1.1s)
✔ [485/4553] Built Mathlib.Tactic.Widget.CongrM (1.5s)
✔ [486/4553] Built Mathlib.Tactic.RSuffices (1.6s)
✔ [487/4553] Built Mathlib.Data.Nat.Init (2.1s)
✔ [488/4553] Built Aesop.Script.Check (1.2s)
✔ [489/4553] Built Mathlib.Tactic.Hint (1.8s)
✔ [490/4557] Built Mathlib.Logic.Basic (2.3s)
✔ [491/4559] Built Mathlib.Tactic.Lift (2.2s)
✔ [492/4559] Built Mathlib.Tactic.DefEqTransformations (2.2s)
✔ [493/4559] Built Batteries.Data.Array (672ms)
✔ [494/4559] Built Aesop.Script.UScriptToSScript (1.7s)
✔ [495/4561] Built Aesop.Stats.Report (1.3s)
✔ [496/4633] Built Batteries.CodeAction (560ms)
✔ [497/4633] Built Mathlib.Util.Notation3 (5.0s)
✔ [498/4633] Built Aesop.Script.ScriptM (1.3s)
✔ [499/5151] Built Aesop.RuleTac.GoalDiff (1.7s)
✔ [500/5151] Built Mathlib.Tactic.Widget.LibraryRewrite (2.6s)
✔ [501/5294] Built Aesop.RulePattern (2.0s)
✔ [502/5424] Built Mathlib.Tactic.FunProp.Types (1.6s)
✔ [503/5707] Built Mathlib.Data.Nat.Bits (1.9s)
✔ [504/6418] Built Mathlib.Tactic.Subsingleton (1.7s)
✔ [505/6421] Built Aesop.Script.StructureStatic (1.5s)
✔ [506/6421] Built Qq.Match (5.7s)
✔ [507/6421] Built Mathlib.Analysis.CStarAlgebra.ContinuousFunctionalCalculus.Note (1.3s)
✔ [508/6423] Built Aesop.Script.StructureDynamic (1.8s)
✔ [509/6425] Built Batteries.Data.RBMap.Lemmas (4.6s)
✔ [510/6444] Built Mathlib.Data.List.Triplewise (1.7s)
✔ [511/6444] Built Mathlib.Data.Array.Extract (973ms)
✔ [512/6487] Built Mathlib.Data.Bool.AllAny (993ms)
✔ [513/6489] Built Mathlib.Tactic.Simps.Basic (5.3s)
✔ [514/6489] Built Aesop.Forward.RuleInfo (1.9s)
✔ [515/6490] Built Qq (1.2s)
✔ [516/6490] Built Mathlib.Data.Num.Basic (1.3s)
✔ [517/6491] Built Batteries.Data.RBMap (562ms)
✔ [518/6491] Built Mathlib.Tactic.FunProp.Theorems (2.2s)
✔ [519/6491] Built Aesop.Script.Main (1.3s)
✔ [520/6491] Built Mathlib.Tactic.Push (3.3s)
✔ [521/6491] Built Mathlib.Control.Lawful (1.6s)
✔ [522/6491] Built Aesop.Script.SpecificTactics (3.0s)
✔ [523/6491] Built Mathlib.Data.List.Indexes (687ms)
✔ [524/6493] Built Mathlib.Tactic.CongrExclamation (3.6s)
✔ [525/6493] Built Mathlib.Data.List.Lookmap (752ms)
✔ [526/6493] Built Mathlib.Data.List.ModifyLast (808ms)
✔ [527/6493] Built Mathlib.Tactic.Says (1.8s)
✔ [528/6493] Built Mathlib.Tactic.TermCongr (3.9s)
✔ [529/6493] Built Aesop.Rule.Forward (1.0s)
✔ [530/6493] Built Batteries (861ms)
✔ [531/6493] Built Mathlib.Data.TwoPointing (1.5s)
✔ [532/6494] Built Mathlib.Tactic.IrreducibleDef (1.0s)
✔ [533/6584] Built Mathlib.Tactic.FunProp.Attr (1.6s)
✔ [534/6584] Built Mathlib.Util.Qq (1.8s)
✔ [535/6584] Built Mathlib.Algebra.Expr (1.7s)
✔ [536/6585] Built Mathlib.Util.AtomM (1.9s)
✔ [537/6585] Built Mathlib.Util.SynthesizeUsing (1.8s)
✔ [538/6585] Built Mathlib.Tactic.ToFun (1.7s)
✔ [539/6597] Built Mathlib.Tactic.ByCases (1.7s)
✔ [540/6600] Built Mathlib.Tactic.WLOG (2.0s)
✔ [541/6604] Built Mathlib.Tactic.ByContra (1.0s)
✔ [542/6604] Built Mathlib.Data.Tree.Get (856ms)
✔ [543/6646] Built Mathlib.Tactic.Simproc.ExistsAndEq (2.8s)
✔ [544/6646] Built Mathlib.Data.Tree.RBMap (852ms)
✔ [545/6785] Built Aesop.Forward.Match.Types (1.1s)
✔ [546/6785] Built Mathlib.Tactic.Convert (1.8s)
✔ [547/6785] Built Mathlib.Tactic.Contrapose (1.8s)
✔ [548/6785] Built Mathlib.Tactic.Tauto (2.9s)
✔ [549/6785] Built Mathlib.Deprecated.Aliases (614ms)
✔ [550/6871] Built Mathlib.Tactic.CongrM (1.4s)
✔ [551/6890] Built Mathlib.Data.String.Lemmas (1.2s)
✔ [552/6891] Built Mathlib.Lean.Thunk (681ms)
✔ [553/6892] Built Mathlib.Deprecated.Sort (703ms)
✔ [554/6957] Built Mathlib.Util.AtomM.Recurse (1.3s)
✔ [555/7363] Built Mathlib.Lean.CoreM (820ms)
✔ [556/7363] Built Mathlib.Lean.Exception (787ms)
✔ [557/7363] Built Mathlib.Lean.Expr (805ms)
✔ [558/7363] Built Mathlib.Lean.LocalContext (757ms)
✔ [559/7611] Built Mathlib.Lean.Elab.Tactic.Basic (855ms)
✔ [560/7611] Built Mathlib.Lean.EnvExtension (831ms)
✔ [561/7611] Built Mathlib.Util.MemoFix (845ms)
✔ [562/7611] Built Mathlib.Lean.Json (817ms)
✔ [563/7611] Built Mathlib.Lean.Message (717ms)
✔ [564/7611] Built Mathlib.Lean.Meta.DiscrTree (701ms)
✔ [565/7813] Built Aesop.Index.Basic (1.1s)
✔ [566/7831] Built Mathlib.Logic.Lemmas (1.4s)
✔ [567/7833] Built Mathlib.Tactic.FunProp.Core (4.2s)
✔ [568/7833] Built Mathlib.Lean.Expr.ReplaceRec (524ms)
✔ [569/7837] Built Mathlib.Tactic.TFAE (3.1s)
✔ [570/7837] Built Mathlib.Std.Data.HashMap (888ms)
✔ [571/7837] Built Mathlib.Tactic.Clean (900ms)
✔ [572/7838] Built Mathlib.Tactic.Change (1.1s)
✔ [573/7838] Built Mathlib.Tactic.Explode.Datatypes (1.0s)
✔ [574/7838] Built Mathlib.Tactic.GeneralizeProofs (831ms)
✔ [575/7857] Built Aesop.Index.Forward (1.3s)
✔ [576/7857] Built Mathlib.Tactic.FindSyntax (1.2s)
✔ [577/7857] Built Mathlib.Tactic.Generalize (980ms)
✔ [578/7859] Built Aesop.RuleTac.Basic (1.5s)
✔ [579/7859] Built Aesop.Index.RulePattern (1.5s)
✔ [580/7859] Built Mathlib.Tactic.Cases (1.5s)
✔ [581/7859] Built Mathlib.Tactic.Eval (1.5s)
✔ [582/7859] Built Mathlib.Tactic.Ext (1.5s)
✔ [583/7859] Built Mathlib.Tactic.Have (1.2s)
✔ [584/7859] Built Mathlib.Tactic.Linter.CommandRanges (733ms)
✔ [585/7859] Built Mathlib.Tactic.Linter.CommandStart (689ms)
✔ [586/7862] Built Mathlib.Tactic.Explode.Pretty (835ms)
✔ [587/7862] Built Mathlib.Tactic.Linter.TextBased.UnicodeLinter (734ms)
✔ [588/7863] Built Mathlib.Tactic.Translate.Core (6.4s)
✔ [589/7863] Built Mathlib.Tactic.Polyrith (758ms)
✔ [590/7864] Built Mathlib.Tactic.Propose (792ms)
✔ [591/7864] Built Mathlib.Tactic.Linter.FindDeprecations (1.2s)
✔ [592/7872] Built Aesop.Search.Expansion.Basic (1.2s)
✔ [593/7872] Built Mathlib.Tactic.Linter.ValidatePRTitle (1.3s)
✔ [594/7872] Built Mathlib.Tactic.ReduceModChar.Ext (679ms)
✔ [597/7875] Built Mathlib.Tactic.FunProp.Elab (1.9s)
✔ [598/7940] Built Aesop.RuleTac.Descr (1.1s)
✔ [599/7940] Built Aesop.RuleTac.Preprocess (1.3s)
✔ [600/7940] Built Aesop.RuleTac.Tactic (1.3s)
✔ [601/7940] Built Mathlib.Tactic.Recall (1.0s)
✔ [602/7940] Built Mathlib.Tactic.Relation.Symm (709ms)
✔ [603/7940] Built Mathlib.Tactic.Replace (628ms)
✔ [606/8029] Built Aesop.RuleTac.Apply (1.4s)
✔ [607/8029] Built Aesop.RuleTac.Cases (1.6s)
✔ [608/8030] Built Mathlib.Tactic.Explode (1.2s)
✔ [610/8034] Built Mathlib.Tactic.RewriteSearch (627ms)
✔ [611/8034] Built Mathlib.Tactic.WithoutCDot (710ms)
✔ [612/8034] Built Mathlib.Tactic.Translate.TagUnfoldBoundary (1.2s)
✔ [613/8034] Built Aesop.Rule.Basic (1.0s)
✔ [614/8034] Built Mathlib.Util.AliasIn (775ms)
✔ [615/8034] Built Mathlib.Util.AssertNoSorry (808ms)
✔ [616/8034] Built Mathlib.Tactic.Linter.TextBased (1.9s)
✔ [617/8034] Built Mathlib.Util.FormatTable (835ms)
✔ [618/8034] Built Mathlib.Util.GetAllModules (771ms)
✔ [619/8034] Built Mathlib.Util.LongNames (760ms)
✔ [620/8034] Built Mathlib.Tactic.Translate.ToAdditive (1.4s)
✔ [621/8034] Built Mathlib.Tactic.FunProp (1.2s)
✔ [622/8034] Built Mathlib.Tactic.ITauto (3.0s)
✔ [623/8034] Built Mathlib.Tactic.Widget.GCongr (1.3s)
✔ [624/8034] Built Mathlib.Testing.Plausible.Testable (1.2s)
✔ [625/8034] Built Mathlib.Util.SleepHeartbeats (568ms)
✔ [626/8034] Built Mathlib.Util.Simp (916ms)
✔ [627/8034] Built Mathlib.Util.Export (1.4s)
✔ [628/8034] Built Mathlib.Tactic.Translate.ToDual (1.0s)
✔ [629/8034] Built Aesop.Rule (735ms)
✔ [630/8034] Built Mathlib.Tactic.ToAdditive (780ms)
✔ [631/8034] Built Mathlib.Algebra.Notation (897ms)
✔ [632/8034] Built Aesop.RuleSet.Member (717ms)
✔ [633/8034] Built Aesop.Tree.UnsafeQueue (713ms)
✔ [634/8034] Built Mathlib.Tactic.ToDual (883ms)
✔ [635/8034] Built Mathlib.Algebra.Notation.Lemmas (912ms)
✔ [636/8034] Built Mathlib.Algebra.Notation.Defs (1.1s)
✔ [637/8034] Built Aesop.Forward.Match (1.3s)
✔ [638/8034] Built Aesop.Builder.Basic (732ms)
✔ [639/8034] Built Mathlib.Order.Bounds.Defs (961ms)
✔ [640/8034] Built Mathlib.Order.Defs.Unbundled (1.7s)
✔ [641/8034] Built Mathlib.Order.Defs.PartialOrder (1.8s)
✔ [642/8034] Built Mathlib.Order.Notation (1.8s)
✔ [643/8034] Built Aesop.Tree.Data.ForwardRuleMatches (1.5s)
✔ [644/8034] Built Aesop.Builder.Apply (1.4s)
✔ [645/8034] Built Aesop.Builder.Unfold (1.4s)
✔ [646/8034] Built Aesop.Builder.NormSimp (1.4s)
✔ [647/8034] Built Aesop.Builder.Tactic (1.4s)
✔ [648/8034] Built Aesop.Builder.Cases (1.5s)
✔ [649/8034] Built Aesop.Builder.Constructors (1.2s)
✔ [650/8034] Built Mathlib.Algebra.Regular.Defs (1.9s)
✔ [651/8034] Built Aesop.Index (1.0s)
✔ [652/8034] Built Aesop.Builder.Forward (1.0s)
✔ [653/8034] Built Mathlib.Data.Ordering.Lemmas (865ms)
✔ [654/8034] Built Mathlib.Algebra.Notation.Pi.Defs (2.2s)
✔ [655/8034] Built Aesop.RuleTac.Forward (2.5s)
✔ [656/8034] Built Mathlib.Data.Sigma.Lex (964ms)
✔ [657/8034] Built Aesop.Builder.Default (1.1s)
✔ [658/8034] Built Mathlib.Algebra.NeZero (1.4s)
✔ [659/8034] Built Mathlib.Order.TypeTags (1.5s)
✔ [660/8034] Built Aesop.RuleTac (908ms)
✔ [661/8034] Built Mathlib.Order.Interval.Set.Defs (1.8s)
✔ [662/8034] Built Mathlib.Logic.Relation (2.3s)
✔ [663/8034] Built Mathlib.Logic.Function.Basic (2.4s)
✔ [664/8034] Built Mathlib.Order.Defs.LinearOrder (2.2s)
✔ [665/8034] Built Aesop.RuleSet (2.2s)
✔ [666/8034] Built Mathlib.Data.ENat.Defs (887ms)
✔ [667/8034] Built Aesop.Forward.State (4.7s)
✔ [668/8034] Built Mathlib.Tactic.GCongr.Core (3.4s)
✔ [669/8034] Built Aesop.Frontend.RuleExpr (2.5s)
✔ [670/8034] Built Mathlib.Logic.IsEmpty (1.6s)
✔ [671/8034] Built Mathlib.Data.Int.Order.Basic (1.7s)
✔ [672/8034] Built Mathlib.Logic.IsEmpty.Basic (1.9s)
✔ [673/8034] Built Mathlib.Logic.Unique (2.0s)
✔ [674/8034] Built Mathlib.Data.Subtype (2.0s)
✔ [675/8034] Built Mathlib.Logic.Function.Conjugate (1.0s)
✔ [676/8034] Built Mathlib.Logic.Pairwise (1.9s)
✔ [677/8034] Built Mathlib.Data.Bool.Basic (2.2s)
✔ [678/8034] Built Mathlib.Data.Sigma.Basic (2.2s)
✔ [679/8034] Built Aesop.Frontend.Extension.Init (1.4s)
✔ [680/8034] Built Mathlib.Data.Sum.Basic (2.2s)
✔ [681/8034] Built Mathlib.Algebra.Notation.Pi.Basic (2.3s)
✔ [682/8034] Built Mathlib.Tactic.Choose (2.7s)
✔ [683/8034] Built Aesop.Forward.State.Initial (1.4s)
✔ [684/8034] Built Aesop.Forward.State.ApplyGoalDiff (1.4s)
✔ [685/8034] Built Mathlib.Data.Nat.Basic (1.6s)
✔ [686/8034] Built Mathlib.Tactic.GCongr.CoreAttrs (1.4s)
✔ [687/8034] Built Mathlib.Algebra.Group.Defs (5.4s)
✔ [688/8034] Built Mathlib.Tactic.GRewrite.Core (1.7s)
✔ [689/8034] Built Mathlib.Data.List.Flatten (1.8s)
✔ [690/8034] Built Mathlib.Data.FunLike.Basic (1.6s)
✔ [691/8034] Built Aesop.Tree.Data (2.7s)
✔ [692/8034] Built Mathlib.Data.List.Pairwise (1.8s)
✔ [693/8034] Built Mathlib.Logic.Function.Iterate (1.8s)
✔ [694/8034] Built Aesop.Frontend.Extension (1.5s)
✔ [695/8034] Built Mathlib.Tactic.GCongr (1.5s)
✔ [696/8034] Built Mathlib.Data.Char (1.5s)
✔ [697/8034] Built Mathlib.Data.Quot (2.6s)
✔ [698/8034] Built Mathlib.Data.Int.Basic (1.8s)
✔ [699/8034] Built Mathlib.Data.Nat.Find (2.0s)
✔ [700/8034] Built Mathlib.Algebra.Group.Commutator (1.5s)
✔ [701/8034] Built Mathlib.Algebra.PEmptyInstances (1.6s)
✔ [702/8034] Built Mathlib.Algebra.Group.PUnit (1.7s)
✔ [703/8034] Built Mathlib.Algebra.Group.MinimalAxioms (1.9s)
✔ [704/8034] Built Mathlib.GroupTheory.EckmannHilton (2.0s)
✔ [705/8034] Built Mathlib.Algebra.Homology.ComplexShape (1.9s)
✔ [706/8034] Built Mathlib.Data.Nat.Sqrt (2.5s)
✔ [707/8034] Built Mathlib.Algebra.BigOperators.Group.List.Defs (1.8s)
✔ [708/8034] Built Mathlib.Control.Applicative (2.1s)
✔ [709/8034] Built Aesop.Saturate (3.1s)
✔ [710/8034] Built Mathlib.Algebra.Group.Int.Defs (1.4s)
✔ [711/8034] Built Mathlib.Algebra.Group.Nat.Defs (1.4s)
✔ [712/8034] Built Mathlib.Algebra.Group.Invertible.Defs (1.7s)
✔ [713/8034] Built Mathlib.Data.Nat.Cast.Defs (1.8s)
✔ [714/8034] Built Aesop.Tree.RunMetaM (1.4s)
✔ [715/8034] Built Aesop.Search.Queue.Class (1.4s)
✔ [716/8034] Built Aesop.Tree.Traversal (1.5s)
✔ [717/8034] Built Mathlib.Order.Basic (4.0s)
✔ [718/8034] Built Mathlib.Algebra.Group.Semiconj.Defs (1.8s)
✔ [719/8034] Built Mathlib.Data.FunLike.Embedding (1.6s)
✔ [720/8034] Built Aesop.Tree.TreeM (1.8s)
✔ [721/8034] Built Mathlib.Algebra.GroupWithZero.Defs (2.0s)
✔ [722/8034] Built Mathlib.Tactic.GRewrite.Elab (2.2s)
✔ [723/8034] Built Mathlib.Algebra.Group.Pi.Basic (2.6s)
✔ [724/8034] Built Aesop.Frontend.Tactic (1.6s)
✔ [725/8034] Built Aesop.Frontend.Attribute (1.3s)
✔ [726/8034] Built Mathlib.Data.Prod.Basic (1.9s)
✔ [727/8034] Built Aesop.Frontend.Command (1.8s)
✔ [728/8034] Built Mathlib.Algebra.Group.InjSurj (3.1s)
✔ [729/8034] Built Mathlib.Data.Tree.Traversable (1.4s)
✔ [730/8034] Built Mathlib.Data.Nat.Cast.NeZero (1.2s)
✔ [731/8034] Built Mathlib.Control.Traversable.Lemmas (1.5s)
✔ [732/8034] Built Aesop.Tree.State (1.3s)
✔ [733/8034] Built Mathlib.Data.Int.Cast.Defs (1.4s)
✔ [734/8034] Built Aesop.Frontend.Saturate (1.7s)
✔ [735/8034] Built Mathlib.Algebra.Homology.HasNoLoop (1.6s)
✔ [736/8034] Built Mathlib.Data.PNat.Defs (1.5s)
✔ [737/8034] Built Mathlib.Algebra.Order.Sum (1.3s)
✔ [738/8034] Built Mathlib.Tactic.Sat.FromLRAT (2.2s)
✔ [739/8034] Built Mathlib.Data.List.TakeWhile (1.5s)
✔ [740/8034] Built Mathlib.Order.ULift (1.6s)
✔ [741/8034] Built Aesop.Tree.Tracing (1.7s)
✔ [742/8034] Built Mathlib.Order.OrderDual (1.6s)
✔ [743/8034] Built Mathlib.Algebra.GroupWithZero.Nat (1.4s)
✔ [744/8034] Built Aesop.Tree.Stats (1.5s)
✔ [745/8034] Built Mathlib.Algebra.GroupWithZero.NeZero (1.5s)
✔ [746/8034] Built Mathlib.Algebra.GroupWithZero.Regular (1.5s)
✔ [747/8034] Built Mathlib.Algebra.Group.Commute.Defs (1.9s)
✔ [748/8034] Built Aesop.Search.SearchM (1.7s)
✔ [749/8034] Built Aesop.Tree.Free (1.3s)
✔ [750/8034] Built Aesop.Forward.State.UpdateGoal (1.4s)
✔ [751/8034] Built Aesop.Tree.ExtractScript (1.0s)
✔ [752/8034] Built Mathlib.Data.FunLike.Equiv (1.5s)
✔ [753/8034] Built Aesop.Tree.ExtractProof (1.9s)
✔ [754/8034] Built Mathlib.Tactic.GRewrite (1.3s)
✔ [755/8034] Built Aesop.Tree.AddRapp (2.6s)
✔ [756/8034] Built Aesop.BuiltinRules.Rfl (1.2s)
✔ [757/8034] Built Aesop.BuiltinRules.Split (1.3s)
✔ [758/8034] Built Aesop.BuiltinRules.Subst (1.5s)
✔ [759/8034] Built Aesop.BuiltinRules.Ext (1.2s)
✔ [760/8034] Built Aesop.BuiltinRules.Intros (1.4s)
✔ [761/8034] Built Mathlib.Logic.Nontrivial.Basic (1.5s)
✔ [762/8034] Built Aesop.BuiltinRules.ApplyHyps (1.3s)
✔ [763/8034] Built Mathlib.Algebra.Notation.Prod (1.9s)
✔ [764/8034] Built Mathlib.Algebra.Group.Hom.Defs (5.8s)
✔ [765/8034] Built Aesop.BuiltinRules.Assumption (1.3s)
✔ [766/8034] Built Aesop.BuiltinRules.DestructProducts (1.5s)
✔ [767/8034] Built Mathlib.Tactic.Bound.Init (1.2s)
✔ [768/8034] Built Aesop.Tree.Check (1.7s)
✔ [769/8034] Built Mathlib.Algebra.CharZero.Defs (1.8s)
✔ [770/8034] Built Aesop.Frontend (1.8s)
✔ [771/8034] Built Aesop.Search.RuleSelection (1.8s)
✔ [772/8034] Built Mathlib.Testing.Plausible.Sampleable (2.1s)
✔ [773/8034] Built Mathlib.Logic.Equiv.Pairwise (1.0s)
✔ [774/8034] Built Mathlib.Algebra.GroupWithZero.InjSurj (2.5s)
✔ [775/8034] Built Mathlib.Algebra.Group.Commute.Hom (2.1s)
✔ [776/8034] Built Mathlib.Algebra.GroupWithZero.Pi (2.0s)
✔ [777/8034] Built Mathlib.Algebra.Ring.Defs (3.0s)
✔ [778/8034] Built Mathlib.Algebra.Order.ZeroLEOne (2.1s)
✔ [779/8034] Built Mathlib.Tactic.DeriveTraversable (3.3s)
✔ [780/8034] Built Mathlib.Tactic.Nontriviality.Core (2.5s)
✔ [781/8034] Built Mathlib.Algebra.Group.Hom.CompTypeclasses (1.9s)
✔ [782/8034] Built Mathlib.Order.RelClasses (3.4s)
✔ [783/8034] Built Mathlib.Deprecated.Order (1.5s)
✔ [784/8034] Built Mathlib.Algebra.Order.Field.Defs (1.5s)
✔ [785/8034] Built Aesop.BuiltinRules (1.3s)
✔ [786/8034] Built Mathlib.Data.Matrix.DMatrix (2.1s)
✔ [787/8034] Built Aesop.Tree (1.4s)
✔ [788/8034] Built Mathlib.Data.Finset.Attr (1.4s)
✔ [789/8034] Built Mathlib.Algebra.Group.Ext (2.4s)
✔ [790/8034] Built Mathlib.Tactic.Finiteness.Attr (1.6s)
✔ [791/8034] Built Mathlib.Tactic.SetLike (1.5s)
✔ [792/8034] Built Mathlib.Algebra.Ring.Nat (1.5s)
✔ [793/8034] Built Mathlib.Algebra.Ring.Semiconj (1.5s)
✔ [794/8034] Built Mathlib.Tactic.Nontriviality (1.1s)
✔ [795/8034] Built Mathlib.Algebra.Ring.PUnit (1.2s)
✔ [796/8034] Built Mathlib.Algebra.Group.Units.Defs (4.7s)
✔ [797/8034] Built Mathlib.Algebra.Field.Defs (1.4s)
✔ [798/8034] Built Aesop.Search.Queue (852ms)
✔ [799/8034] Built Mathlib.Algebra.EuclideanDomain.Defs (1.3s)
✔ [800/8034] Built Mathlib.Logic.Equiv.Defs (4.4s)
✔ [801/8034] Built Mathlib.Algebra.Ring.Ext (1.6s)
✔ [802/8034] Built Aesop.Search.Expansion.Norm (3.1s)
✔ [803/8034] Built Mathlib.Algebra.Group.Nat.Units (1.6s)
✔ [804/8034] Built Mathlib.RingTheory.LocalRing.Defs (1.5s)
✔ [805/8034] Built Mathlib.Algebra.Group.Irreducible.Defs (1.8s)
✔ [806/8034] Built Mathlib.Data.PNat.Equiv (1.8s)
✔ [807/8034] Built Mathlib.Control.Monad.Basic (1.7s)
✔ [808/8034] Built Mathlib.Logic.Small.Defs (1.9s)
✔ [809/8034] Built Mathlib.Data.Finite.Defs (1.0s)
✔ [810/8034] Built Mathlib.Control.Traversable.Equiv (2.0s)
✔ [811/8034] Built Mathlib.Data.Erased (1.0s)
✔ [812/8034] Built Mathlib.Tactic.ProdAssoc (2.3s)
✔ [813/8034] Built Mathlib.Control.EquivFunctor (1.6s)
✔ [814/8034] Built Mathlib.Order.Synonym (1.8s)
✔ [815/8034] Built Mathlib.Control.Monad.Writer (1.4s)
✔ [816/8034] Built Mathlib.Tactic.ProxyType (2.9s)
✔ [817/8034] Built Mathlib.Logic.UnivLE (1.1s)
✔ [818/8034] Built Aesop.Search.Expansion (1.7s)
✔ [819/8034] Built Mathlib.Data.Opposite (1.2s)
✔ [820/8034] Built Mathlib.Data.Countable.Defs (1.2s)
✔ [821/8034] Built Mathlib.SetTheory.PGame.Basic (3.2s)
✔ [822/8034] Built Mathlib.Algebra.Group.Equiv.Defs (3.7s)
✔ [823/8034] Built Mathlib.Data.Nat.Cast.Synonym (1.1s)
✔ [824/8034] Built Mathlib.Order.Compare (1.3s)
✔ [825/8034] Built Mathlib.Control.Monad.Cont (1.3s)
✔ [826/8034] Built Mathlib.Combinatorics.Quiver.Basic (1.1s)
✔ [827/8034] Built Aesop.Search.ExpandSafePrefix (1.1s)
✔ [828/8034] Built Mathlib.Order.Max (1.5s)
✔ [829/8034] Built Mathlib.Algebra.Group.Pi.Units (985ms)
✔ [830/8034] Built Mathlib.Algebra.Order.Group.Synonym (2.1s)
✔ [831/8034] Built Mathlib.Combinatorics.Quiver.Subquiver (1.0s)
✔ [832/8034] Built Mathlib.Order.SetIsMax (975ms)
✔ [833/8034] Built Mathlib.Combinatorics.Quiver.Prefunctor (1.2s)
✔ [834/8034] Built Aesop.Search.Main (1.7s)
✔ [835/8034] Built Mathlib.Order.BoundedOrder.Basic (1.7s)
✔ [836/8034] Built Mathlib.Algebra.Order.GroupWithZero.Synonym (984ms)
✔ [837/8034] Built Mathlib.Algebra.Order.Ring.Synonym (1.0s)
✔ [838/8034] Built Mathlib.Algebra.Order.Group.Equiv (1.0s)
✔ [839/8034] Built Mathlib.Combinatorics.Quiver.Push (902ms)
✔ [840/8034] Built Mathlib.Combinatorics.Quiver.Path (1.2s)
✔ [841/8034] Built Mathlib.Order.Nat (818ms)
✔ [842/8034] Built Aesop.Main (985ms)
✔ [843/8034] Built Mathlib.Combinatorics.Quiver.Cast (898ms)
✔ [844/8034] Built Aesop (699ms)
✔ [845/8034] Built Mathlib.Combinatorics.Quiver.Symmetric (1.1s)
✔ [846/8034] Built Mathlib.Logic.Equiv.Prod (7.0s)
✔ [847/8034] Built Mathlib.Data.Set.Operations (1.8s)
✔ [848/8034] Built Mathlib.Data.Sym.Sym2.Init (1.9s)
✔ [849/8034] Built Mathlib.Combinatorics.SimpleGraph.Init (1.9s)
✔ [850/8034] Built Mathlib.Tactic.Continuity.Init (2.0s)
✔ [851/8034] Built Mathlib.CategoryTheory.Category.Init (2.0s)
✔ [852/8034] Built Mathlib.Topology.Sheaves.Init (2.0s)
✔ [853/8034] Built Mathlib.Combinatorics.Matroid.Init (1.0s)
✔ [854/8034] Built Mathlib.Tactic.Measurability.Init (1.0s)
✔ [855/8034] Built Mathlib.Tactic.ArithMult.Init (1.0s)
✔ [856/8034] Built Mathlib.Tactic.ContinuousFunctionalCalculus (2.2s)
✔ [857/8034] Built Mathlib.Data.List.GetD (2.5s)
✔ [858/8034] Built Mathlib.Data.Option.Basic (2.6s)
✔ [859/8034] Built Mathlib.Tactic.Bound.Attribute (2.8s)
✔ [860/8034] Built Mathlib.Tactic.Common (2.5s)
✔ [861/8034] Built Mathlib.Algebra.Opposites (3.2s)
✔ [862/8034] Built Mathlib.Algebra.Group.ULift (3.2s)
✔ [863/8034] Built Mathlib.Data.Set.Notation (1.6s)
✔ [864/8034] Built Mathlib.Combinatorics.Quiver.ConnectedComponent (1.7s)
✔ [865/8034] Built Mathlib.Tactic.Measurability (1.6s)
✔ [866/8034] Built Mathlib.Combinatorics.Quiver.SingleObj (1.9s)
✔ [867/8034] Built Mathlib.Tactic.ArithMult (1.5s)
✔ [868/8034] Built Mathlib.Data.Set.Opposite (1.8s)
✔ [869/8034] Built Mathlib.Tactic.Continuity (1.5s)
✔ [870/8034] Built Mathlib.Logic.Equiv.Sum (2.5s)
✔ [871/8034] Built Mathlib.CategoryTheory.Category.Grpd (1.5s)
✔ [872/8034] Built Mathlib.Order.Monotone.Defs (2.9s)
✔ [873/8034] Built Mathlib.Logic.Equiv.Option (2.3s)
✔ [874/8034] Built Mathlib.CategoryTheory.Bicategory.Functor.Strict (1.8s)
✔ [875/8034] Built Mathlib.CategoryTheory.Closed.Enrichment (1.7s)
✔ [876/8034] Built Mathlib.Algebra.Group.WithOne.Defs (2.6s)
✔ [877/8034] Built Mathlib.CategoryTheory.Closed.Cartesian (1.8s)
✔ [878/8034] Built Mathlib.CategoryTheory.Closed.Functor (1.9s)
✔ [879/8034] Built Mathlib.CategoryTheory.Closed.FunctorCategory.Basic (1.9s)
✔ [880/8034] Built Mathlib.CategoryTheory.Closed.FunctorCategory.Complete (1.8s)
✔ [881/8034] Built Mathlib.CategoryTheory.Closed.FunctorCategory.Groupoid (1.8s)
✔ [882/8034] Built Mathlib.CategoryTheory.Closed.FunctorToTypes (1.7s)
✔ [883/8034] Built Mathlib.Order.SetNotation (3.9s)
✔ [884/8034] Built Mathlib.CategoryTheory.Closed.Ideal (1.4s)
✔ [885/8034] Built Mathlib.CategoryTheory.Category.Basic (3.3s)
✔ [886/8034] Built Mathlib.CategoryTheory.Closed.Monoidal (1.5s)
✔ [887/8034] Built Mathlib.CategoryTheory.Closed.Types (1.6s)
✔ [888/8034] Built Mathlib.CategoryTheory.Closed.Zero (1.6s)
✔ [889/8034] Built Mathlib.CategoryTheory.ConcreteCategory.BundledHom (1.6s)
✔ [890/8034] Built Mathlib.CategoryTheory.ConcreteCategory.UnbundledHom (1.7s)
✔ [891/8034] Built Mathlib.CategoryTheory.EffectiveEpi.RegularEpi (1.8s)
✔ [892/8034] Built Mathlib.CategoryTheory.Limits.Shapes.Pullback.CommSq (1.8s)
✔ [893/8034] Built Mathlib.CategoryTheory.Limits.Types.Shapes (1.9s)
✔ [894/8034] Built Mathlib.CategoryTheory.Subpresheaf.Basic (1.9s)
✔ [895/8034] Built Mathlib.CategoryTheory.Subpresheaf.Finite (1.8s)
✔ [896/8034] Built Mathlib.CategoryTheory.Subpresheaf.Equalizer (1.9s)
✔ [897/8034] Built Mathlib.CategoryTheory.Subpresheaf.Image (1.9s)
✔ [898/8034] Built Mathlib.CategoryTheory.Subpresheaf.OfSection (1.9s)
✔ [899/8034] Built Mathlib.CategoryTheory.Subpresheaf.Sieves (1.9s)
✔ [900/8034] Built Mathlib.CategoryTheory.Subpresheaf.Subobject (1.8s)
✔ [901/8034] Built Mathlib.Algebra.Group.Basic (6.0s)
✔ [902/8034] Built Mathlib.Data.Matrix.Auto (1.6s)
✔ [903/8034] Built Mathlib.Algebra.Order.PartialSups (1.7s)
✔ [904/8034] Built Mathlib.Data.Seq.Seq (1.7s)
✔ [905/8034] Built Mathlib.Algebra.Field.IsField (2.4s)
✔ [906/8034] Built Mathlib.Data.Int.Sqrt (1.7s)
✔ [907/8034] Built Mathlib.Data.Rat.Defs (2.3s)
✔ [908/8034] Built Mathlib.Deprecated.RingHom (1.9s)
✔ [909/8034] Built Mathlib.Data.Nat.Choose.Mul (1.9s)
✔ [910/8034] Built Mathlib.Data.List.ChainOfFn (2.2s)
✔ [911/8034] Built Mathlib.Data.List.InsertNth (2.2s)
✔ [912/8034] Built Mathlib.Data.List.Map2 (2.5s)
✔ [913/8034] Built Mathlib.Data.List.ProdSigma (2.4s)
✔ [914/8034] Built Mathlib.Data.Nat.Factorial.Basic (3.6s)
✔ [915/8034] Built Mathlib.Data.Stream.Init (3.5s)
✔ [916/8034] Built Mathlib.Data.List.Count (2.8s)
✔ [917/8034] Built Mathlib.Data.Vector.Defs (3.1s)
✔ [918/8034] Built Mathlib.Control.Bifunctor (3.0s)
✔ [919/8034] Built Mathlib.Algebra.GroupWithZero.Int (1.0s)
✔ [920/8034] Built Mathlib.Data.List.InsertIdx (2.9s)
✔ [921/8034] Built Mathlib.Algebra.NoZeroSMulDivisors.Prod (2.3s)
✔ [922/8034] Built Mathlib.Data.List.TakeDrop (3.7s)
✔ [923/8034] Built Mathlib.Algebra.ModEq (2.4s)
✔ [924/8034] Built Mathlib.Algebra.Quotient (1.0s)
✔ [925/8034] Built Mathlib.Algebra.GroupWithZero.ULift (1.8s)
✔ [926/8034] Built Mathlib.Data.List.Induction (3.5s)
✔ [927/8034] Built Mathlib.Algebra.Regular.Opposite (2.4s)
✔ [928/8034] Built Mathlib.Topology.Compactness.PseudometrizableLindelof (1.9s)
✔ [929/8034] Built Mathlib.Topology.Exterior (2.0s)
✔ [930/8034] Built Mathlib.Topology.PartialHomeomorph (2.1s)
✔ [931/8034] Built Mathlib.Topology.Compactness.Exterior (1.9s)
✔ [932/8034] Built Mathlib.Topology.Defs.Basic (1.0s)
✔ [933/8034] Built Mathlib.Combinatorics.Quiver.Covering (2.7s)
✔ [934/8034] Built Mathlib.Tactic.CategoryTheory.Coherence.Basic (2.3s)
✔ [935/8034] Built Mathlib.Algebra.Group.WithOne.Map (2.5s)
✔ [936/8034] Built Mathlib.Algebra.Group.Action.Defs (4.2s)
✔ [937/8034] Built Mathlib.Tactic.CategoryTheory.CheckCompositions (2.4s)
✔ [938/8034] Built Mathlib.Order.Monotone.Basic (3.1s)
✔ [939/8034] Built Mathlib.CategoryTheory.Category.KleisliCat (2.2s)
✔ [940/8034] Built Mathlib.Algebra.Ring.MinimalAxioms (1.8s)
✔ [941/8034] Built Mathlib.Tactic.CategoryTheory.Slice (2.4s)
✔ [942/8034] Built Mathlib.Tactic.Widget.CommDiag (2.6s)
✔ [943/8034] Built Mathlib.Data.Int.Cast.Basic (1.9s)
✔ [944/8034] Built Mathlib.Algebra.Group.Semiconj.Basic (1.6s)
✔ [945/8034] Built Mathlib.Tactic.MoveAdd (2.5s)
✔ [946/8034] Built Mathlib.CategoryTheory.Functor.Basic (2.8s)
✔ [947/8034] Built Mathlib.Data.Nat.Size (1.9s)
✔ [948/8034] Built Mathlib.Algebra.Group.Int.Units (1.0s)
✔ [949/8034] Built Mathlib.Data.Nat.PSub (1.8s)
✔ [950/8034] Built Mathlib.Algebra.Group.Idempotent (1.7s)
✔ [951/8034] Built Mathlib.Algebra.Ring.Regular (1.7s)
✔ [952/8034] Built Mathlib.Logic.Equiv.Basic (5.5s)
✔ [953/8034] Built Mathlib.Data.List.Basic (9.5s)
✔ [954/8034] Built Mathlib.Algebra.Group.WithOne.Basic (2.7s)
✔ [955/8034] Built Mathlib.Algebra.Regular.Basic (2.2s)
✔ [956/8034] Built Mathlib.Algebra.Divisibility.Basic (2.4s)
✔ [957/8034] Built Mathlib.Algebra.Order.Monoid.Unbundled.Defs (2.5s)
✔ [958/8034] Built Mathlib.Algebra.GroupWithZero.Basic (2.6s)
✔ [959/8034] Built Mathlib.Algebra.Group.Torsion (2.3s)
✔ [960/8034] Built Mathlib.Control.Bitraversable.Basic (1.9s)
✔ [961/8034] Built Mathlib.Data.List.Palindrome (1.9s)
✔ [962/8034] Built Mathlib.Logic.Equiv.Functor (1.0s)
✔ [963/8034] Built Mathlib.Topology.ContinuousMap.Defs (2.1s)
✔ [964/8034] Built Mathlib.Data.Nat.Choose.Basic (3.1s)
✔ [965/8034] Built Mathlib.GroupTheory.GroupAction.IterateAct (2.0s)
✔ [966/8034] Built Mathlib.Algebra.Order.Group.Action.Synonym (2.1s)
✔ [967/8034] Built Mathlib.Algebra.AddTorsor.Defs (2.2s)
✔ [968/8034] Built Mathlib.Algebra.Group.Hom.Basic (3.7s)
✔ [969/8034] Built Mathlib.Algebra.Group.Units.Basic (4.4s)
✔ [970/8034] Built Mathlib.Data.Seq.Computation (3.8s)
✔ [971/8034] Built Mathlib.Algebra.Free (5.6s)
✔ [972/8034] Built Mathlib.Order.BoundedOrder.Monotone (2.2s)
✔ [973/8034] Built Mathlib.Algebra.Group.Action.Faithful (2.8s)
✔ [974/8034] Built Mathlib.Order.Iterate (2.6s)
✔ [975/8034] Built Mathlib.Algebra.Field.MinimalAxioms (1.9s)
✔ [976/8034] Built Mathlib.Order.GaloisConnection.Defs (2.9s)
✔ [977/8034] Built Mathlib.Tactic.Zify (1.8s)
✔ [978/8034] Built Mathlib.Algebra.Ring.GrindInstances (1.8s)
✔ [979/8034] Built Mathlib.Algebra.Ring.Int.Defs (1.0s)
✔ [980/8034] Built Mathlib.Algebra.Group.Commute.Basic (1.9s)
✔ [981/8034] Built Mathlib.Data.Nat.Log (2.9s)
✔ [982/8034] Built Mathlib.CategoryTheory.Functor.Functorial (2.1s)
✔ [983/8034] Built Mathlib.Algebra.GroupWithZero.Idempotent (1.8s)
✔ [984/8034] Built Mathlib.Logic.Equiv.Bool (1.6s)
✔ [985/8034] Built Mathlib.Data.ULift (1.8s)
✔ [986/8034] Built Mathlib.Tactic.CategoryTheory.Reassoc (2.3s)
✔ [987/8034] Built Mathlib.Data.List.DropRight (2.2s)
✔ [988/8034] Built Mathlib.Data.List.SplitOn (2.1s)
✔ [989/8034] Built Mathlib.Data.List.Perm.Subperm (2.1s)
✔ [990/8034] Built Mathlib.Data.List.Infix (2.5s)
✔ [991/8034] Built Mathlib.Data.List.Enum (2.0s)
✔ [992/8034] Built Mathlib.Logic.Embedding.Basic (3.4s)
✔ [993/8034] Built Mathlib.Data.List.ReduceOption (2.3s)
✔ [994/8034] Built Mathlib.Order.Lattice (5.8s)
✔ [995/8034] Built Mathlib.Data.Ordmap.Ordnode (3.0s)
✔ [996/8034] Built Mathlib.Algebra.Order.Monoid.Unbundled.OrderDual (2.3s)
✔ [997/8034] Built Mathlib.Algebra.Divisibility.Hom (2.6s)
✔ [998/8034] Built Mathlib.Algebra.Ring.InjSurj (5.5s)
✔ [999/8034] Built Mathlib.Data.List.Lex (2.0s)
✔ [1000/8034] Built Mathlib.Data.List.Forall2 (2.9s)
✔ [1001/8034] Built Mathlib.Data.List.Lattice (3.5s)
✔ [1002/8034] Built Mathlib.Algebra.FreeMonoid.Basic (4.0s)
✔ [1003/8034] Built Mathlib.LinearAlgebra.AffineSpace.Defs (2.1s)
✔ [1004/8034] Built Mathlib.Control.Bitraversable.Lemmas (2.6s)
✔ [1005/8034] Built Mathlib.Control.ULiftable (2.6s)
✔ [1006/8034] Built Mathlib.Algebra.Group.ModEq (3.2s)
✔ [1007/8034] Built Mathlib.Algebra.Order.GroupWithZero.Unbundled.Defs (3.6s)
✔ [1008/8034] Built Mathlib.Algebra.Group.Opposite (3.6s)
✔ [1009/8034] Built Mathlib.Algebra.Group.Semiconj.Units (2.3s)
✔ [1010/8034] Built Mathlib.Algebra.Divisibility.Units (2.5s)
✔ [1011/8034] Built Mathlib.Algebra.GroupWithZero.Action.Faithful (2.1s)
✔ [1012/8034] Built Mathlib.Algebra.Group.TypeTags.Basic (4.1s)
✔ [1013/8034] Built Mathlib.Algebra.Group.Equiv.Basic (3.9s)
✔ [1014/8034] Built Mathlib.Algebra.GroupWithZero.Hom (3.2s)
✔ [1015/8034] Built Mathlib.Data.Seq.Defs (3.3s)
✔ [1016/8034] Built Mathlib.Algebra.Group.Action.Sum (2.3s)
✔ [1017/8034] Built Mathlib.Algebra.Group.Action.Option (2.1s)
✔ [1018/8034] Built Mathlib.Algebra.Group.Units.Hom (3.7s)
✔ [1019/8034] Built Mathlib.Data.Int.Cast.Field (1.8s)
✔ [1020/8034] Built Mathlib.Algebra.Group.Action.Sigma (2.3s)
✔ [1021/8034] Built Mathlib.Algebra.GroupWithZero.Units.Basic (3.4s)
✔ [1022/8034] Built Mathlib.Algebra.Group.Hom.Instances (4.8s)
✔ [1023/8034] Built Mathlib.Algebra.Group.Action.Units (2.5s)
✔ [1024/8034] Built Mathlib.Algebra.Ring.Idempotent (2.3s)
✔ [1025/8034] Built Mathlib.Algebra.Group.Embedding (1.8s)
✔ [1026/8034] Built Mathlib.SetTheory.Cardinal.Defs (2.3s)
✔ [1027/8034] Built Mathlib.Algebra.Homology.Embedding.Basic (2.6s)
✔ [1028/8034] Built Mathlib.CategoryTheory.NatTrans (2.2s)
✔ [1029/8034] Built Mathlib.Data.Multiset.Defs (2.8s)
✔ [1030/8034] Built Mathlib.Order.BoundedOrder.Lattice (2.3s)
✔ [1031/8034] Built Mathlib.Order.Monotone.Monovary (2.6s)
✔ [1032/8034] Built Mathlib.Order.MinMax (2.2s)
✔ [1033/8034] Built Mathlib.Data.PSigma.Order (2.5s)
✔ [1034/8034] Built Mathlib.Data.Sigma.Order (2.8s)
✔ [1035/8034] Built Mathlib.Data.Prod.Lex (3.3s)
✔ [1036/8034] Built Mathlib.Data.List.Sections (2.2s)
✔ [1037/8034] Built Mathlib.Data.List.Zip (2.5s)
✔ [1038/8034] Built Mathlib.Order.RelIso.Basic (4.4s)
✔ [1039/8034] Built Mathlib.CategoryTheory.Iso (4.9s)
✔ [1040/8034] Built Mathlib.Data.List.Perm.Basic (3.1s)
✔ [1041/8034] Built Mathlib.Data.List.Intervals (2.5s)
✔ [1042/8034] Built Mathlib.Data.Fin.Basic (3.9s)
✔ [1043/8034] Built Mathlib.Algebra.Group.Units.Opposite (2.1s)
✔ [1044/8034] Built Mathlib.Control.Bitraversable.Instances (2.8s)
✔ [1045/8034] Built Mathlib.Algebra.GroupWithZero.Opposite (2.3s)
✔ [1046/8034] Built Mathlib.Data.List.Nodup (3.5s)
✔ [1047/8034] Built Mathlib.Tactic.Order.CollectFacts (5.7s)
✔ [1048/8034] Built Mathlib.Algebra.Group.Action.Opposite (3.2s)
✔ [1049/8034] Built Mathlib.Algebra.Group.Int.TypeTags (1.9s)
✔ [1050/8034] Built Mathlib.Algebra.Group.Action.TypeTags (2.1s)
✔ [1051/8034] Built Mathlib.Algebra.FreeMonoid.Count (2.6s)
✔ [1052/8034] Built Mathlib.Algebra.Group.Nat.TypeTags (1.9s)
✔ [1053/8034] Built Mathlib.Data.List.Chain (4.9s)
✔ [1054/8034] Built Mathlib.Algebra.Group.Commute.Units (3.1s)
✔ [1055/8034] Built Mathlib.Algebra.Group.TypeTags.Hom (2.9s)
✔ [1056/8034] Built Mathlib.Algebra.GroupWithZero.Equiv (1.8s)
✔ [1057/8034] Built Mathlib.Algebra.Ring.Hom.InjSurj (1.6s)
✔ [1058/8034] Built Mathlib.Data.Int.NatAbs (1.8s)
✔ [1059/8034] Built Mathlib.Algebra.Ring.Divisibility.Basic (2.8s)
✔ [1060/8034] Built Mathlib.Algebra.ContinuedFractions.Basic (2.2s)
✔ [1061/8034] Built Mathlib.Algebra.GroupWithZero.Semiconj (2.0s)
✔ [1062/8034] Built Mathlib.Algebra.Group.Equiv.Opposite (3.3s)
✔ [1063/8034] Built Mathlib.Algebra.Group.Hom.End (2.1s)
✔ [1064/8034] Built Mathlib.Algebra.Group.Units.Equiv (2.8s)
✔ [1065/8034] Built Mathlib.Algebra.GroupWithZero.Divisibility (2.5s)
✔ [1066/8034] Built Mathlib.Data.Multiset.Pairwise (2.3s)
✔ [1067/8034] Built Mathlib.Algebra.EuclideanDomain.Field (2.9s)
✔ [1068/8034] Built Mathlib.Algebra.Ring.Basic (3.0s)
✔ [1069/8034] Built Mathlib.Data.List.SplitLengths (2.1s)
✔ [1070/8034] Built Mathlib.Algebra.Order.Group.End (2.1s)
✔ [1071/8034] Built Mathlib.Data.Multiset.ZeroCons (3.5s)
✔ [1072/8034] Built Mathlib.CategoryTheory.ObjectProperty.Basic (2.5s)
✔ [1073/8034] Built Mathlib.Tactic.CategoryTheory.CancelIso (2.5s)
✔ [1074/8034] Built Mathlib.Order.WithBot (11s)
✔ [1075/8034] Built Mathlib.Tactic.CategoryTheory.IsoReassoc (2.5s)
✔ [1076/8034] Built Mathlib.Order.Disjoint (4.6s)
✔ [1077/8034] Built Mathlib.CategoryTheory.HomCongr (3.0s)
✔ [1078/8034] Built Mathlib.Data.List.Sublists (3.0s)
✔ [1079/8034] Built Mathlib.Data.List.Perm.Lattice (3.2s)
✔ [1080/8034] Built Mathlib.Data.List.NatAntidiagonal (2.5s)
✔ [1081/8034] Built Mathlib.Data.List.OffDiag (3.5s)
✔ [1082/8034] Built Mathlib.Algebra.Group.Prod (7.0s)
✔ [1083/8034] Built Mathlib.Data.List.Dedup (2.7s)
✔ [1084/8034] Built Mathlib.Data.List.Sigma (4.2s)
✔ [1085/8034] Built Mathlib.Data.List.Duplicate (2.9s)
✔ [1086/8034] Built Mathlib.Data.List.Rotate (3.5s)
✔ [1087/8034] Built Mathlib.CategoryTheory.Functor.Category (5.8s)
✔ [1088/8034] Built Mathlib.Tactic.Order.Graph.Basic (2.4s)
✔ [1089/8034] Built Mathlib.Tactic.Order.Preprocessing (2.9s)
✔ [1090/8034] Built Mathlib.Algebra.Group.Action.Pretransitive (2.4s)
✔ [1091/8034] Built Mathlib.Tactic.Order.ToInt (3.3s)
✔ [1092/8034] Built Mathlib.Algebra.BigOperators.Group.List.Basic (5.9s)
✔ [1093/8034] Built Mathlib.Data.List.Range (2.3s)
✔ [1094/8034] Built Mathlib.Algebra.Order.Monoid.Unbundled.Basic (7.9s)
✔ [1095/8034] Built Mathlib.Algebra.Group.Invertible.Basic (2.2s)
✔ [1096/8034] Built Mathlib.Algebra.Group.Nat.Hom (2.0s)
✔ [1097/8034] Built Mathlib.Data.List.SplitBy (2.8s)
✔ [1098/8034] Built Mathlib.Algebra.GroupWithZero.Action.Defs (3.8s)
✔ [1099/8034] Built Mathlib.Algebra.GroupWithZero.Commute (2.0s)
✔ [1100/8034] Built Mathlib.Algebra.Field.Equiv (2.1s)
✔ [1101/8034] Built Mathlib.Algebra.GroupWithZero.Units.Equiv (2.1s)
✔ [1102/8034] Built Mathlib.Algebra.Group.Equiv.TypeTags (2.9s)
✔ [1103/8034] Built Mathlib.Algebra.Prime.Defs (2.2s)
✔ [1104/8034] Built Mathlib.Data.Int.GCD (3.1s)
✔ [1105/8034] Built Mathlib.Data.Nat.GCD.Basic (2.6s)
✔ [1106/8034] Built Mathlib.Algebra.Group.Even (3.4s)
✔ [1107/8034] Built Mathlib.Algebra.Ring.Rat (2.5s)
✔ [1108/8034] Built Mathlib.Algebra.Order.Group.Action.End (2.3s)
✔ [1109/8034] Built Mathlib.Order.WithBotTop (1.4s)
✔ [1110/8034] Built Mathlib.Data.Multiset.Count (2.7s)
✔ [1111/8034] Built Mathlib.CategoryTheory.ObjectProperty.ClosedUnderIsomorphisms (2.5s)
✔ [1112/8034] Built Mathlib.Algebra.EuclideanDomain.Basic (3.2s)
✔ [1113/8034] Built Mathlib.Data.Multiset.Basic (2.9s)
✔ [1114/8034] Built Mathlib.Order.PropInstances (2.2s)
✔ [1115/8034] Built Mathlib.Data.Nat.Cast.Prod (1.8s)
✔ [1116/8034] Built Mathlib.Algebra.GroupWithZero.WithZero (5.2s)
✔ [1117/8034] Built Mathlib.Algebra.Divisibility.Prod (2.5s)
✔ [1118/8034] Built Mathlib.Data.List.MinMax (3.3s)
✔ [1119/8034] Built Mathlib.Algebra.Ring.Hom.Defs (4.5s)
✔ [1120/8034] Built Mathlib.Tactic.Order.Graph.Tarjan (2.1s)
✔ [1121/8034] Built Mathlib.CategoryTheory.Thin (2.5s)
✔ [1122/8034] Built Mathlib.Algebra.Group.Action.Hom (2.2s)
✔ [1123/8034] Built Mathlib.Data.List.Permutation (3.1s)
✔ [1124/8034] Built Mathlib.Data.List.AList (3.1s)
✔ [1125/8034] Built Mathlib.Data.List.Destutter (3.5s)
✔ [1126/8034] Built Mathlib.Algebra.GroupWithZero.Invertible (1.0s)
✔ [1127/8034] Built Mathlib.Algebra.BigOperators.Group.List.Lemmas (2.8s)
✔ [1128/8034] Built Mathlib.Algebra.Order.Monoid.Unbundled.Units (2.4s)
✔ [1129/8034] Built Mathlib.Algebra.Order.Sub.Defs (2.5s)
✔ [1130/8034] Built Mathlib.Algebra.Order.Monoid.NatCast (2.0s)
✔ [1131/8034] Built Mathlib.Algebra.Order.Monoid.Unbundled.MinMax (2.3s)
✔ [1132/8034] Built Mathlib.Algebra.Group.Action.Basic (2.0s)
✔ [1133/8034] Built Mathlib.Algebra.Order.Monoid.Unbundled.ExistsOfLE (1.0s)
✔ [1134/8034] Built Mathlib.Algebra.Order.Monoid.Defs (2.1s)
✔ [1135/8034] Built Mathlib.Algebra.GroupWithZero.Action.Opposite (1.0s)
✔ [1136/8034] Built Mathlib.Algebra.Ring.Action.Rat (1.7s)
✔ [1137/8034] Built Mathlib.CategoryTheory.NatIso (4.6s)
✔ [1138/8034] Built Mathlib.CategoryTheory.Functor.Trifunctor (4.0s)
✔ [1139/8034] Built Mathlib.Algebra.GroupWithZero.Action.Units (2.3s)
✔ [1140/8034] Built Mathlib.GroupTheory.GroupAction.Ring (1.9s)
✔ [1141/8034] Built Mathlib.Algebra.Regular.SMul (2.4s)
✔ [1142/8034] Built Mathlib.Algebra.Order.Monoid.Unbundled.Pow (3.3s)
✔ [1143/8034] Built Mathlib.Algebra.Order.GroupWithZero.Action.Synonym (2.1s)
✔ [1144/8034] Built Mathlib.Algebra.GroupWithZero.Units.Lemmas (1.0s)
✔ [1145/8034] Built Mathlib.Algebra.GroupWithZero.Action.Hom (2.2s)
✔ [1146/8034] Built Mathlib.Algebra.Module.Defs (2.5s)
✔ [1147/8034] Built Mathlib.Order.Hom.Basic (7.7s)
✔ [1148/8034] Built Mathlib.Algebra.Group.Irreducible.Lemmas (2.1s)
✔ [1149/8034] Built Mathlib.Data.Nat.Prime.Defs (2.7s)
✔ [1150/8034] Built Mathlib.Data.Int.Cast.Prod (1.0s)
✔ [1151/8034] Built Mathlib.Algebra.Group.Nat.Even (2.5s)
✔ [1152/8034] Built Mathlib.Algebra.GroupWithZero.Prod (2.1s)
✔ [1153/8034] Built Mathlib.Algebra.Ring.WithZero (2.1s)
✔ [1154/8034] Built Mathlib.Data.Nat.Cast.Basic (2.5s)
✔ [1155/8034] Built Mathlib.Data.Multiset.AddSub (3.1s)
✔ [1156/8034] Built Mathlib.Algebra.Ring.Units (2.2s)
✔ [1157/8034] Built Mathlib.Algebra.Order.Sub.Prod (2.0s)
✔ [1158/8034] Built Mathlib.Algebra.Group.Action.Prod (2.8s)
✔ [1159/8034] Built Mathlib.Data.Set.Basic (4.2s)
✔ [1160/8034] Built Mathlib.Algebra.Order.Sub.Unbundled.Basic (2.3s)
✔ [1161/8034] Built Mathlib.Algebra.Ring.Invertible (2.7s)
✔ [1162/8034] Built Mathlib.Algebra.Order.Monoid.Unbundled.TypeTags (2.3s)
✔ [1163/8034] Built Mathlib.Tactic.Order (3.8s)
✔ [1164/8034] Built Mathlib.Algebra.Order.Group.Opposite (2.5s)
✔ [1165/8034] Built Mathlib.Algebra.Order.Monoid.OrderDual (2.0s)
✔ [1166/8034] Built Mathlib.Tactic.NormNum.Result (3.6s)
✔ [1167/8034] Built Mathlib.Algebra.Ring.Opposite (4.5s)
✔ [1168/8034] Built Mathlib.Algebra.Order.AddTorsor (2.3s)
✔ [1169/8034] Built Mathlib.Order.Heyting.Basic (5.6s)
✔ [1170/8034] Built Mathlib.Algebra.Order.Group.Int (1.8s)
✔ [1171/8034] Built Mathlib.Algebra.Order.Monoid.Canonical.Defs (2.8s)
✔ [1172/8034] Built Mathlib.Algebra.GroupWithZero.Action.End (1.7s)
✔ [1173/8034] Built Mathlib.Algebra.Regular.ULift (1.8s)
✔ [1174/8034] Built Mathlib.Algebra.Regular.Prod (1.6s)
✔ [1175/8034] Built Mathlib.Algebra.Regular.Pi (1.6s)
✔ [1176/8034] Built Mathlib.Algebra.GroupWithZero.ProdHom (1.0s)
✔ [1177/8034] Built Mathlib.Algebra.Module.MinimalAxioms (1.6s)
✔ [1178/8034] Built Mathlib.Algebra.Order.Module.Synonym (1.8s)
✔ [1179/8034] Built Mathlib.Order.Prod.Lex.Hom (1.4s)
✔ [1180/8034] Built Mathlib.Algebra.Order.Group.Unbundled.Basic (5.4s)
✔ [1181/8034] Built Mathlib.Algebra.Order.Monoid.Basic (1.8s)
✔ [1182/8034] Built Mathlib.Algebra.Order.Monoid.Unbundled.WithTop (5.3s)
✔ [1183/8034] Built Mathlib.CategoryTheory.Functor.FullyFaithful (3.5s)
✔ [1184/8034] Built Mathlib.Tactic.ApplyFun (2.3s)
✔ [1185/8034] Built Mathlib.Algebra.Order.Monoid.Units (1.8s)
✔ [1186/8034] Built Mathlib.Order.Types.Defs (2.4s)
✔ [1187/8034] Built Mathlib.Order.Antisymmetrization (2.7s)
✔ [1188/8034] Built Mathlib.Algebra.Prime.Lemmas (2.2s)
✔ [1189/8034] Built Mathlib.Data.Nat.GCD.Prime (1.9s)
✔ [1190/8034] Built Mathlib.Algebra.CharZero.AddMonoidHom (1.0s)
✔ [1191/8034] Built Mathlib.Algebra.Group.NatPowAssoc (2.2s)
✔ [1192/8034] Built Mathlib.Algebra.Group.Int.Even (2.4s)
✔ [1193/8034] Built Mathlib.Data.Nat.Cast.Order.Basic (2.5s)
✔ [1194/8034] Built Mathlib.Data.Nat.Cast.Field (2.1s)
✔ [1195/8034] Built Mathlib.Data.Nat.Factorial.Cast (1.8s)
✔ [1196/8034] Built Mathlib.Algebra.Ring.Int.Units (1.8s)
✔ [1197/8034] Built Mathlib.Data.Multiset.Replicate (2.1s)
✔ [1198/8034] Built Mathlib.Algebra.CharP.Defs (2.6s)
✔ [1199/8034] Built Mathlib.Order.Hom.Bounded (4.2s)
✔ [1200/8034] Built Mathlib.Algebra.Ring.Commute (2.4s)
✔ [1201/8034] Built Mathlib.Order.Hom.Lattice (4.6s)
✔ [1202/8034] Built Mathlib.Data.Nat.Order.Lemmas (1.9s)
✔ [1203/8034] Built Mathlib.Data.Set.Inclusion (1.7s)
✔ [1204/8034] Built Mathlib.Data.SetLike.Basic (2.4s)
✔ [1205/8034] Built Mathlib.CategoryTheory.Bicategory.Basic (7.3s)
✔ [1206/8034] Built Mathlib.Data.Bundle (2.0s)
✔ [1207/8034] Built Mathlib.Data.Set.Disjoint (2.1s)
✔ [1208/8034] Built Mathlib.Data.PEquiv (2.8s)
✔ [1209/8034] Built Mathlib.Data.Set.Order (2.3s)
✔ [1210/8034] Built Mathlib.Algebra.Order.Sub.Unbundled.Hom (1.0s)
✔ [1211/8034] Built Mathlib.Algebra.Module.Opposite (1.9s)
✔ [1212/8034] Built Mathlib.Order.Circular (2.4s)
✔ [1213/8034] Built Mathlib.Order.BooleanAlgebra.Defs (2.1s)
✔ [1214/8034] Built Mathlib.Algebra.Order.Monoid.TypeTags (1.9s)
✔ [1215/8034] Built Mathlib.Deprecated.Estimator (2.5s)
✔ [1216/8034] Built Mathlib.Algebra.Order.Group.Nat (2.1s)
✔ [1217/8034] Built Mathlib.Algebra.Group.End (5.1s)
✔ [1218/8034] Built Mathlib.Tactic.NormNum.Core (3.3s)
✔ [1219/8034] Built Mathlib.Algebra.Order.Monoid.Prod (2.4s)
✔ [1220/8034] Built Mathlib.Algebra.Order.Sub.Basic (2.6s)
✔ [1221/8034] Built Mathlib.Algebra.GroupWithZero.Action.Prod (2.4s)
✔ [1222/8034] Built Mathlib.Algebra.Ring.Action.Basic (2.3s)
✔ [1223/8034] Built Mathlib.Algebra.Module.RingHom (2.2s)
✔ [1224/8034] Built Mathlib.Algebra.Order.Group.OrderIso (2.2s)
✔ [1225/8034] Built Mathlib.Algebra.Group.Center (5.8s)
✔ [1226/8034] Built Mathlib.Data.Int.Range (1.6s)
✔ [1227/8034] Built Mathlib.Algebra.Order.BigOperators.Group.List (3.2s)
✔ [1228/8034] Built Mathlib.Algebra.Order.Group.Basic (2.1s)
✔ [1229/8034] Built Mathlib.Algebra.Order.Monoid.WithTop (1.6s)
✔ [1230/8034] Built Mathlib.Algebra.Order.Group.Defs (2.2s)
✔ [1231/8034] Built Mathlib.Data.Nat.Cast.WithTop (1.8s)
✔ [1232/8034] Built Mathlib.Algebra.Order.Sub.WithTop (1.0s)
✔ [1233/8034] Built Mathlib.Algebra.Order.Group.Units (1.8s)
✔ [1234/8034] Built Mathlib.Data.Sum.Order (5.3s)
✔ [1235/8034] Built Mathlib.Data.Nat.Cast.Commute (1.7s)
✔ [1236/8034] Built Mathlib.CategoryTheory.InducedCategory (2.4s)
✔ [1237/8034] Built Mathlib.Order.Comparable (2.3s)
✔ [1238/8034] Built Mathlib.Data.Nat.Choose.Cast (2.0s)
✔ [1239/8034] Built Mathlib.Algebra.BigOperators.Ring.List (2.2s)
✔ [1240/8034] Built Mathlib.Computability.Tape (3.2s)
✔ [1241/8034] Built Mathlib.Algebra.Ring.Torsion (1.0s)
✔ [1242/8034] Built Mathlib.Tactic.CategoryTheory.BicategoricalComp (2.8s)
✔ [1243/8034] Built Mathlib.Algebra.GroupWithZero.Associated (3.7s)
✔ [1244/8034] Built Mathlib.Combinatorics.Quiver.Path.Decomposition (2.1s)
✔ [1245/8034] Built Mathlib.Algebra.Group.Subsemigroup.Defs (3.2s)
✔ [1246/8034] Built Mathlib.Data.List.Iterate (2.2s)
✔ [1247/8034] Built Mathlib.Algebra.Order.Hom.Monoid (6.4s)
✔ [1248/8034] Built Mathlib.Data.Set.Insert (3.9s)
✔ [1249/8034] Built Mathlib.Algebra.Module.Prod (2.0s)
✔ [1250/8034] Built Mathlib.Algebra.Order.Ring.Idempotent (3.8s)
✔ [1251/8034] Built Mathlib.Algebra.Group.Action.End (2.7s)
✔ [1252/8034] Built Mathlib.Algebra.Group.Conj (2.4s)
✔ [1253/8034] Built Mathlib.Algebra.Field.Basic (4.6s)
✔ [1254/8034] Built Mathlib.Data.Nat.Upto (1.8s)
✔ [1255/8034] Built Mathlib.Data.String.Basic (3.7s)
✔ [1256/8034] Built Mathlib.SetTheory.Lists (3.9s)
✔ [1257/8034] Built Mathlib.Order.BooleanAlgebra.Basic (4.4s)
✔ [1258/8034] Built Mathlib.Algebra.Ring.Action.Field (1.8s)
✔ [1259/8034] Built Mathlib.Algebra.Module.PUnit (2.2s)
✔ [1260/8034] Built Mathlib.Data.Int.LeastGreatest (1.8s)
✔ [1261/8034] Built Mathlib.Algebra.Ring.Centralizer (1.5s)
✔ [1262/8034] Built Mathlib.Algebra.Order.Group.Lattice (2.1s)
✔ [1263/8034] Built Mathlib.Algebra.GroupWithZero.Center (1.6s)
✔ [1264/8034] Built Mathlib.Data.Nat.WithBot (1.7s)
✔ [1265/8034] Built Mathlib.Algebra.Order.Group.DenselyOrdered (2.2s)
✔ [1266/8034] Built Mathlib.Algebra.Order.AddGroupWithTop (2.7s)
✔ [1267/8034] Built Mathlib.CategoryTheory.ObjectProperty.FullSubcategory (2.6s)
✔ [1268/8034] Built Mathlib.Algebra.Order.Monoid.Associated (2.1s)
✔ [1269/8034] Built Mathlib.Data.Sum.Lattice (2.8s)
✔ [1270/8034] Built Mathlib.Data.List.Prime (2.3s)
✔ [1271/8034] Built Mathlib.Data.Int.Associated (2.2s)
✔ [1272/8034] Built Mathlib.GroupTheory.Subsemigroup.Center (1.0s)
✔ [1273/8034] Built Mathlib.Algebra.Ring.Associated (2.3s)
✔ [1274/8034] Built Mathlib.Algebra.Order.Hom.TypeTags (2.6s)
✔ [1275/8034] Built Mathlib.Algebra.Order.Hom.Units (1.7s)
✔ [1276/8034] Built Mathlib.Algebra.Order.Monoid.Lex (2.6s)
✔ [1277/8034] Built Mathlib.CategoryTheory.Whiskering (10s)
✔ [1278/8034] Built Mathlib.Algebra.Ring.Parity (4.5s)
✔ [1279/8034] Built Mathlib.Logic.Function.FiberPartition (1.9s)
✔ [1280/8034] Built Mathlib.Data.Bool.Set (2.0s)
✔ [1281/8034] Built Mathlib.Data.Set.Enumerate (2.4s)
✔ [1282/8034] Built Mathlib.Algebra.GroupWithZero.Conj (2.0s)
✔ [1283/8034] Built Mathlib.Combinatorics.Quiver.Path.Vertices (2.7s)
✔ [1284/8034] Built Mathlib.Data.Set.Subsingleton (2.5s)
✔ [1285/8034] Built Mathlib.Algebra.GroupWithZero.Action.Basic (2.4s)
✔ [1286/8034] Built Mathlib.Tactic.CategoryTheory.Bicategory.Datatypes (5.2s)
✔ [1287/8034] Built Mathlib.Algebra.Field.ModEq (2.2s)
✔ [1288/8034] Built Mathlib.Tactic.NormNum.Basic (6.1s)
✔ [1289/8034] Built Mathlib.Order.Heyting.Boundary (2.5s)
✔ [1290/8034] Built Mathlib.Algebra.Group.Submonoid.Defs (4.3s)
✔ [1291/8034] Built Mathlib.Algebra.Order.PUnit (1.8s)
✔ [1292/8034] Built Mathlib.Order.BooleanAlgebra.Set (3.1s)
✔ [1293/8034] Built Mathlib.CategoryTheory.ConcreteCategory.Basic (2.7s)
✔ [1294/8034] Built Mathlib.CategoryTheory.Functor.ReflectsIso.Basic (2.2s)
✔ [1295/8034] Built Mathlib.CategoryTheory.EssentialImage (3.0s)
✔ [1296/8034] Built Mathlib.Algebra.Tropical.Basic (3.3s)
✔ [1297/8034] Built Mathlib.Order.Booleanisation (3.0s)
✔ [1298/8034] Built Mathlib.Order.SymmDiff (3.9s)
✔ [1299/8034] Built Mathlib.Algebra.Order.Group.Unbundled.Abs (4.2s)
✔ [1300/8034] Built Mathlib.Data.Nat.Prime.Basic (3.1s)
✔ [1301/8034] Built Mathlib.Algebra.CharP.Invertible (2.7s)
✔ [1302/8034] Built Mathlib.Data.Nat.EvenOddRec (2.5s)
✔ [1303/8034] Built Mathlib.CategoryTheory.Sigma.Basic (3.8s)
✔ [1304/8034] Built Mathlib.Data.Bool.Count (2.0s)
✔ [1305/8034] Built Mathlib.Data.Int.Cast.Lemmas (3.7s)
✔ [1306/8034] Built Mathlib.Data.Nat.Bitwise (3.9s)
✔ [1307/8034] Built Mathlib.Algebra.Ring.AddAut (2.6s)
✔ [1308/8034] Built Mathlib.Algebra.GroupWithZero.Submonoid.CancelMulZero (1.0s)
✔ [1309/8034] Built Mathlib.Algebra.GroupWithZero.Submonoid.Primal (1.0s)
✔ [1310/8034] Built Mathlib.Algebra.Order.Monoid.Submonoid (2.1s)
✔ [1311/8034] Built Mathlib.Algebra.Ring.Int.Parity (3.5s)
✔ [1312/8034] Built Mathlib.GroupTheory.OreLocalization.OreSet (2.2s)
✔ [1313/8034] Built Mathlib.GroupTheory.GroupAction.Hom (13s)
✔ [1314/8034] Built Mathlib.Data.Part (4.2s)
✔ [1315/8034] Built Mathlib.RingTheory.NonUnitalSubsemiring.Defs (3.3s)
✔ [1316/8034] Built Mathlib.Tactic.CategoryTheory.Bicategory.PureCoherence (4.2s)
✔ [1317/8034] Built Mathlib.Algebra.Group.Submonoid.MulAction (2.5s)
✔ [1318/8034] Built Mathlib.Data.Set.BoolIndicator (1.7s)
✔ [1319/8034] Built Mathlib.Data.Set.SymmDiff (1.8s)
✔ [1320/8034] Built Mathlib.Tactic.Abel (5.2s)
✔ [1321/8034] Built Mathlib.Tactic.CategoryTheory.Bicategory.Normalize (5.4s)
✔ [1322/8034] Built Mathlib.Order.Filter.Defs (3.5s)
✔ [1323/8034] Built Mathlib.Data.Nat.Prime.Int (2.4s)
✔ [1324/8034] Built Mathlib.Algebra.Order.Group.Unbundled.Int (2.4s)
✔ [1325/8034] Built Mathlib.Data.Nat.Prime.Factorial (2.2s)
✔ [1326/8034] Built Mathlib.Order.Interval.Set.Basic (4.3s)
✔ [1327/8034] Built Mathlib.Algebra.Group.Subgroup.Defs (6.0s)
✔ [1328/8034] Built Mathlib.Algebra.GCDMonoid.Basic (9.5s)
✔ [1329/8034] Built Mathlib.Algebra.Order.Group.Abs (3.3s)
✔ [1330/8034] Built Mathlib.Data.Int.NatPrime (2.3s)
✔ [1331/8034] Built Mathlib.Data.Nat.Prime.Pow (2.1s)
✔ [1332/8034] Built Mathlib.Algebra.Order.Group.PosPart (3.7s)
✔ [1333/8034] Built Mathlib.Tactic.NormNum.Prime (2.9s)
✔ [1334/8034] Built Mathlib.Algebra.Ring.Center (2.3s)
✔ [1335/8034] Built Mathlib.Algebra.Field.Opposite (2.7s)
✔ [1336/8034] Built Mathlib.Order.Hom.BoundedLattice (5.3s)
✔ [1337/8034] Built Mathlib.Algebra.Module.NatInt (2.8s)
✔ [1338/8034] Built Mathlib.RingTheory.OreLocalization.OreSet (2.1s)
✔ [1339/8034] Built Mathlib.Control.Fix (2.0s)
✔ [1340/8034] Built Mathlib.Data.Int.Bitwise (2.5s)
✔ [1341/8034] Built Mathlib.Algebra.Field.Power (2.3s)
✔ [1342/8034] Built Mathlib.Order.Part (2.2s)
✔ [1343/8034] Built Mathlib.Data.Rat.Lemmas (2.9s)
✔ [1344/8034] Built Mathlib.Tactic.NormNum.Parity (2.5s)
✔ [1345/8034] Built Mathlib.Algebra.Group.Submonoid.DistribMulAction (1.9s)
✔ [1346/8034] Built Mathlib.Tactic.TautoSet (1.8s)
✔ [1347/8034] Built Mathlib.Tactic.NormNum.Pow (3.8s)
✔ [1348/8034] Built Mathlib.Algebra.EuclideanDomain.Int (1.8s)
✔ [1349/8034] Built Mathlib.CategoryTheory.Equivalence (7.7s)
✔ [1350/8034] Built Mathlib.Algebra.Ring.Subsemiring.Defs (3.8s)
✔ [1351/8034] Built Mathlib.Tactic.NoncommRing (2.3s)
✔ [1352/8034] Built Mathlib.Algebra.Ring.Associator (2.6s)
✔ [1353/8034] Built Mathlib.Data.Nat.Choose.Dvd (2.3s)
✔ [1354/8034] Built Mathlib.Algebra.GCDMonoid.PUnit (1.0s)
✔ [1355/8034] Built Mathlib.Order.Bounded (2.8s)
✔ [1356/8034] Built Mathlib.Algebra.GCDMonoid.Nat (2.8s)
✔ [1357/8034] Built Mathlib.Algebra.Order.Ring.Unbundled.Rat (3.0s)
✔ [1358/8034] Built Mathlib.Algebra.Group.Subgroup.Even (2.6s)
✔ [1359/8034] Built Mathlib.Data.Nat.ModEq (4.0s)
✔ [1360/8034] Built Mathlib.Algebra.Order.Group.MinMax (2.7s)
✔ [1361/8034] Built Mathlib.Data.Set.Image (6.2s)
✔ [1362/8034] Built Mathlib.Order.Interval.Set.LinearOrder (4.7s)
✔ [1363/8034] Built Mathlib.Algebra.Module.End (2.5s)
✔ [1364/8034] Built Mathlib.Algebra.Order.Group.Cone (3.3s)
✔ [1365/8034] Built Mathlib.Algebra.Order.Hom.Basic (3.2s)
✔ [1366/8034] Built Mathlib.Tactic.CategoryTheory.Bicategory.Basic (5.3s)
✔ [1367/8034] Built Mathlib.RingTheory.NonUnitalSubring.Defs (3.8s)
✔ [1368/8034] Built Mathlib.Algebra.Ring.Action.Subobjects (2.0s)
✔ [1369/8034] Built Mathlib.Algebra.Module.Torsion.Free (2.9s)
✔ [1370/8034] Built Mathlib.Order.Hom.WithTopBot (3.8s)
✔ [1371/8034] Built Mathlib.CategoryTheory.ObjectProperty.Equivalence (2.3s)
✔ [1372/8034] Built Mathlib.Tactic.NormNum.PowMod (2.4s)
✔ [1373/8034] Built Mathlib.GroupTheory.OreLocalization.Basic (8.1s)
✔ [1374/8034] Built Mathlib.Order.Heyting.Hom (4.4s)
✔ [1375/8034] Built Mathlib.Order.Set (1.6s)
✔ [1376/8034] Built Mathlib.Logic.Embedding.Set (2.6s)
✔ [1377/8034] Built Mathlib.Data.Int.ModEq (2.9s)
✔ [1378/8034] Built Mathlib.Algebra.Notation.Support (2.9s)
✔ [1379/8034] Built Mathlib.Data.List.Lemmas (2.2s)
✔ [1380/8034] Built Mathlib.Data.Nat.Set (2.1s)
✔ [1381/8034] Built Mathlib.Data.Set.List (2.2s)
✔ [1382/8034] Built Mathlib.CategoryTheory.CatCommSq (3.4s)
✔ [1383/8034] Built Mathlib.Order.UpperLower.Relative (2.4s)
✔ [1384/8034] Built Mathlib.Algebra.NonAssoc.PreLie.Basic (3.7s)
✔ [1385/8034] Built Mathlib.AlgebraicTopology.DoldKan.Compatibility (4.0s)
✔ [1386/8034] Built Mathlib.Data.Set.Restrict (2.4s)
✔ [1387/8034] Built Mathlib.Order.Interval.Set.WithBotTop (2.8s)
✔ [1388/8034] Built Mathlib.Order.Directed (3.2s)
✔ [1389/8034] Built Mathlib.Algebra.Module.Torsion.Field (2.1s)
✔ [1390/8034] Built Mathlib.Algebra.Module.Torsion.Prod (2.1s)
✔ [1391/8034] Built Mathlib.Logic.Equiv.Embedding (2.3s)
✔ [1392/8034] Built Mathlib.Algebra.Group.Support (2.1s)
✔ [1393/8034] Built Mathlib.Algebra.NoZeroSMulDivisors.Defs (2.6s)
✔ [1394/8034] Built Mathlib.Algebra.Ring.CharZero (2.4s)
✔ [1395/8034] Built Mathlib.Data.Int.CharZero (2.5s)
✔ [1396/8034] Built Mathlib.Tactic.ModCases (3.0s)
✔ [1397/8034] Built Mathlib.CategoryTheory.Sums.Basic (7.8s)
✔ [1398/8034] Built Mathlib.Logic.Function.DependsOn (1.9s)
✔ [1399/8034] Built Mathlib.RingTheory.OreLocalization.Basic (3.7s)
✔ [1400/8034] Built Mathlib.Algebra.Ring.Subring.Defs (4.2s)
✔ [1401/8034] Built Mathlib.Data.Multiset.MapFold (3.3s)
✔ [1402/8034] Built Mathlib.Data.Set.Prod (5.2s)
✔ [1403/8034] Built Mathlib.CategoryTheory.Bicategory.Adjunction.Basic (4.6s)
✔ [1404/8034] Built Mathlib.Order.ConditionallyCompletePartialOrder.Defs (1.8s)
✔ [1405/8034] Built Mathlib.Algebra.NoZeroSMulDivisors.Basic (1.6s)
✔ [1406/8034] Built Mathlib.CategoryTheory.Opposites (8.3s)
✔ [1407/8034] Built Mathlib.Algebra.Ring.Action.Invariant (1.9s)
✔ [1408/8034] Built Mathlib.Data.Multiset.NatAntidiagonal (1.9s)
✔ [1409/8034] Built Mathlib.Data.Prod.TProd (2.5s)
✔ [1410/8034] Built Mathlib.Data.Set.NAry (2.7s)
✔ [1411/8034] Built Mathlib.Order.Bounds.Basic (5.3s)
✔ [1412/8034] Built Mathlib.CategoryTheory.Sums.Associator (4.0s)
✔ [1413/8034] Built Mathlib.CategoryTheory.ObjectProperty.Opposite (2.7s)
✔ [1414/8034] Built Mathlib.CategoryTheory.DinatTrans (3.1s)
✔ [1415/8034] Built Mathlib.Algebra.Field.Subfield.Defs (4.6s)
✔ [1416/8034] Built Mathlib.CategoryTheory.Functor.TwoSquare (3.9s)
✔ [1417/8034] Built Mathlib.CategoryTheory.EqToHom (4.1s)
✔ [1418/8034] Built Mathlib.CategoryTheory.Functor.Const (3.4s)
✔ [1419/8034] Built Mathlib.Data.Nat.Prime.Infinite (2.4s)
✔ [1420/8034] Built Mathlib.Data.Set.Function (5.8s)
✔ [1421/8034] Built Mathlib.Algebra.Order.Group.Bounds (2.3s)
✔ [1422/8034] Built Mathlib.CategoryTheory.Bicategory.Opposites (5.3s)
✔ [1423/8034] Built Mathlib.Order.Bounds.Image (3.3s)
✔ [1424/8034] Built Mathlib.Order.Monotone.Union (2.3s)
✔ [1425/8034] Built Mathlib.Algebra.Group.Pointwise.Set.Scalar (3.0s)
✔ [1426/8034] Built Mathlib.Order.LatticeIntervals (3.4s)
✔ [1427/8034] Built Mathlib.Order.CompleteLattice.Defs (3.5s)
✔ [1428/8034] Built Mathlib.CategoryTheory.Bicategory.Strict.Basic (2.4s)
✔ [1429/8034] Built Mathlib.CategoryTheory.Bicategory.EqToHom (2.8s)
✔ [1430/8034] Built Mathlib.CategoryTheory.Category.Preorder (3.6s)
✔ [1431/8034] Built Mathlib.CategoryTheory.Category.ULift (4.0s)
✔ [1432/8034] Built Mathlib.Data.Multiset.Filter (3.1s)
✔ [1433/8034] Built Mathlib.Dynamics.FixedPoints.Basic (2.5s)
✔ [1434/8034] Built Mathlib.CategoryTheory.Bicategory.Functor.Prelax (4.2s)
✔ [1435/8034] Built Mathlib.Order.Interval.Set.Image (3.1s)
✔ [1436/8034] Built Mathlib.Algebra.Order.Interval.Set.Monoid (2.5s)
✔ [1437/8034] Built Mathlib.Order.Interval.Set.SurjOn (2.4s)
✔ [1438/8034] Built Mathlib.Order.WellFounded (2.2s)
✔ [1439/8034] Built Mathlib.Data.Set.Pairwise.Basic (3.3s)
✔ [1440/8034] Built Mathlib.Data.Set.Monotone (2.7s)
✔ [1441/8034] Built Mathlib.Data.Set.Piecewise (2.6s)
✔ [1442/8034] Built Mathlib.CategoryTheory.Bicategory.Adjunction.Mate (11s)
✔ [1443/8034] Built Mathlib.Order.Monotone.Odd (2.6s)
✔ [1444/8034] Built Mathlib.GroupTheory.GroupAction.Support (2.6s)
✔ [1445/8034] Built Mathlib.Algebra.Module.PointwisePi (2.6s)
✔ [1446/8034] Built Mathlib.Data.Rel (12s)
✔ [1447/8034] Built Mathlib.Order.ScottContinuity (3.4s)
✔ [1448/8034] Built Mathlib.CategoryTheory.Bicategory.Strict (2.3s)
✔ [1449/8034] Built Mathlib.GroupTheory.GroupAction.Pointwise (3.2s)
✔ [1450/8034] Built Mathlib.Logic.Equiv.Set (5.1s)
✔ [1451/8034] Built Mathlib.CategoryTheory.Products.Basic (7.9s)
✔ [1452/8034] Built Mathlib.CategoryTheory.Limits.Shapes.Pullback.Categorical.CatCospanTransform (16s)
✔ [1453/8034] Built Mathlib.Combinatorics.Quiver.Arborescence (2.0s)
✔ [1454/8034] Built Mathlib.Algebra.BigOperators.Group.Multiset.Defs (3.1s)
✔ [1455/8034] Built Mathlib.Order.ConditionallyCompleteLattice.Defs (2.9s)
✔ [1456/8034] Built Mathlib.CategoryTheory.Functor.OfSequence (3.5s)
✔ [1457/8034] Built Mathlib.Data.Multiset.UnionInter (3.4s)
✔ [1458/8034] Built Mathlib.Algebra.Group.Pointwise.Set.Basic (12s)
✔ [1459/8034] Built Mathlib.Data.Set.Pairwise.List (2.6s)
✔ [1460/8034] Built Mathlib.Algebra.Order.GroupWithZero.Unbundled.Basic (8.8s)
✔ [1461/8034] Built Mathlib.Order.PiLex (3.5s)
✔ [1462/8034] Built Mathlib.Order.Interval.Set.UnorderedInterval (4.1s)
✔ [1463/8034] Built Mathlib.Order.Minimal (4.2s)
✔ [1464/8034] Built Mathlib.Data.Finset.Defs (3.6s)
✔ [1465/8034] Built Mathlib.Algebra.Notation.Indicator (3.4s)
✔ [1466/8034] Built Mathlib.Data.Rel.Separated (2.3s)
✔ [1467/8034] Built Mathlib.Algebra.Group.Action.Pi (2.8s)
✔ [1468/8034] Built Mathlib.Order.Rel.GaloisConnection (1.9s)
✔ [1469/8034] Built Mathlib.Order.RelIso.Set (2.1s)
✔ [1470/8034] Built Mathlib.GroupTheory.Perm.Basic (2.3s)
✔ [1471/8034] Built Mathlib.GroupTheory.Perm.ViaEmbedding (2.3s)
✔ [1472/8034] Built Mathlib.Logic.Small.Basic (2.1s)
✔ [1473/8034] Built Mathlib.Data.PFun (3.3s)
✔ [1474/8034] Built Mathlib.Order.Hom.Set (2.8s)
✔ [1475/8034] Built Mathlib.Logic.Equiv.PartialEquiv (5.0s)
✔ [1476/8034] Built Mathlib.CategoryTheory.Products.Bifunctor (2.2s)
✔ [1477/8034] Built Mathlib.Data.Multiset.Dedup (2.1s)
✔ [1478/8034] Built Mathlib.Data.Int.ConditionallyCompleteOrder (2.2s)
✔ [1479/8034] Built Mathlib.Algebra.Group.Pi.Lemmas (6.0s)
✔ [1480/8034] Built Mathlib.Data.Multiset.Range (2.1s)
✔ [1481/8034] Built Mathlib.CategoryTheory.Products.Associator (3.4s)
✔ [1482/8034] Built Mathlib.Algebra.GroupWithZero.Pointwise.Set.Basic (2.0s)
✔ [1483/8034] Built Mathlib.Algebra.Ring.Pointwise.Set (1.8s)
✔ [1484/8034] Built Mathlib.Algebra.Group.TypeTags.Pointwise (1.8s)
✔ [1485/8034] Built Mathlib.Data.Fin.SuccPred (5.9s)
✔ [1486/8034] Built Mathlib.Algebra.Order.GroupWithZero.Submonoid (1.0s)
✔ [1487/8034] Built Mathlib.Algebra.Ring.Equiv (6.5s)
✔ [1488/8034] Built Mathlib.Algebra.Order.BigOperators.GroupWithZero.List (2.3s)
✔ [1489/8034] Built Mathlib.Algebra.Order.GroupWithZero.Bounds (2.3s)
✔ [1490/8034] Built Mathlib.Tactic.FieldSimp.Lemmas (3.8s)
✔ [1491/8034] Built Mathlib.Algebra.Order.GroupWithZero.Unbundled.OrderIso (2.3s)
✔ [1492/8034] Built Mathlib.Algebra.Order.Group.PiLex (2.3s)
✔ [1493/8034] Built Mathlib.CategoryTheory.Functor.Currying (7.0s)
✔ [1494/8034] Built Mathlib.CategoryTheory.Pi.Basic (7.4s)
✔ [1495/8034] Built Mathlib.Data.Finset.Order (2.0s)
✔ [1496/8034] Built Mathlib.Order.Interval.Set.OrderEmbedding (2.3s)
✔ [1497/8034] Built Mathlib.Algebra.Order.Nonneg.Basic (4.3s)
✔ [1498/8034] Built Mathlib.Data.Finset.Empty (2.7s)
✔ [1499/8034] Built Mathlib.Data.Finset.Attach (2.3s)
✔ [1500/8034] Built Mathlib.Data.Finset.Erase (2.5s)
✔ [1501/8034] Built Mathlib.Data.Rel.Cover (2.2s)
✔ [1502/8034] Built Mathlib.Algebra.Order.Ring.Unbundled.Basic (5.0s)
✔ [1503/8034] Built Mathlib.Algebra.GroupWithZero.Indicator (2.6s)
✔ [1504/8034] Built Mathlib.Algebra.Group.Indicator (2.9s)
✔ [1505/8034] Built Mathlib.GroupTheory.GroupAction.Embedding (2.4s)
✔ [1506/8034] Built Mathlib.Algebra.NoZeroSMulDivisors.Pi (2.4s)
✔ [1507/8034] Built Mathlib.Data.Countable.Small (1.9s)
✔ [1508/8034] Built Mathlib.Algebra.GroupWithZero.Action.Pi (2.6s)
✔ [1509/8034] Built Mathlib.Algebra.AddTorsor.Basic (2.8s)
✔ [1510/8034] Built Mathlib.CategoryTheory.Join.Basic (10s)
✔ [1511/8034] Built Mathlib.Order.Bounds.OrderIso (1.7s)
✔ [1512/8034] Built Mathlib.Algebra.Module.Basic (2.9s)
✔ [1513/8034] Built Mathlib.Order.Preorder.Chain (2.9s)
✔ [1514/8034] Built Mathlib.Order.Interval.Set.OrderIso (2.3s)
✔ [1515/8034] Built Mathlib.Data.Finset.Dedup (2.4s)
✔ [1516/8034] Built Mathlib.CategoryTheory.Monoidal.Category (11s)
✔ [1517/8034] Built Mathlib.Data.Multiset.Fold (2.5s)
✔ [1518/8034] Built Mathlib.Algebra.Order.GroupWithZero.Canonical (8.7s)
✔ [1519/8034] Built Mathlib.Data.Multiset.FinsetOps (2.8s)
✔ [1520/8034] Built Mathlib.Data.Fin.Rev (2.3s)
✔ [1521/8034] Built Mathlib.Data.Fin.Embedding (2.7s)
✔ [1522/8034] Built Mathlib.Algebra.Ring.Action.Group (2.6s)
✔ [1523/8034] Built Mathlib.Algebra.Ring.Aut (2.6s)
✔ [1524/8034] Built Mathlib.Order.Hom.Lex (4.7s)
✔ [1525/8034] Built Mathlib.RingTheory.RingInvo (2.3s)
✔ [1526/8034] Built Mathlib.Data.Vector.Basic (4.1s)
✔ [1527/8034] Built Mathlib.GroupTheory.GroupAction.DomAct.Basic (4.3s)
✔ [1528/8034] Built Mathlib.Algebra.Ring.CompTypeclasses (2.7s)
✔ [1529/8034] Built Mathlib.Algebra.Order.BigOperators.GroupWithZero.Multiset (2.5s)
✔ [1530/8034] Built Mathlib.Order.CompleteLattice.Basic (6.5s)
✔ [1531/8034] Built Mathlib.Data.Finset.Filter (2.3s)
✔ [1532/8034] Built Mathlib.Algebra.Ring.ULift (4.3s)
✔ [1533/8034] Built Mathlib.Algebra.Order.Ring.Defs (2.4s)
✔ [1534/8034] Built Mathlib.Data.NNRat.Defs (3.3s)
✔ [1535/8034] Built Mathlib.CategoryTheory.Join.Sum (2.5s)
✔ [1536/8034] Built Mathlib.CategoryTheory.Bicategory.End (2.7s)
✔ [1537/8034] Built Mathlib.CategoryTheory.Discrete.Basic (4.6s)
✔ [1538/8034] Built Mathlib.Order.Antichain (2.8s)
✔ [1539/8034] Built Mathlib.Tactic.CategoryTheory.MonoidalComp (2.8s)
✔ [1540/8034] Built Mathlib.CategoryTheory.Sums.Products (7.3s)
✔ [1541/8034] Built Mathlib.Order.UpperLower.Basic (5.4s)
✔ [1542/8034] Built Mathlib.Algebra.Order.BigOperators.Group.Multiset (2.0s)
✔ [1543/8034] Built Mathlib.Algebra.Order.Monoid.ToMulBot (2.3s)
✔ [1544/8034] Built Mathlib.CategoryTheory.Join.Opposites (4.1s)
✔ [1545/8034] Built Mathlib.Algebra.Order.Group.Multiset (2.6s)
✔ [1546/8034] Built Mathlib.Algebra.Order.GroupWithZero.WithZero (2.5s)
✔ [1547/8034] Built Mathlib.Algebra.Group.Fin.Basic (2.4s)
✔ [1548/8034] Built Mathlib.Data.Multiset.Lattice (2.8s)
✔ [1549/8034] Built Mathlib.Algebra.Ring.Action.End (2.5s)
✔ [1550/8034] Built Mathlib.Data.Finset.Lattice.Basic (3.0s)
✔ [1551/8034] Built Mathlib.Algebra.Order.Hom.MonoidWithZero (3.8s)
✔ [1552/8034] Built Mathlib.CategoryTheory.Functor.CurryingThree (8.0s)
✔ [1553/8034] Built Mathlib.Logic.Small.List (2.2s)
✔ [1554/8034] Built Mathlib.Data.Vector.Zip (2.2s)
✔ [1555/8034] Built Mathlib.Order.Fin.Basic (3.3s)
✔ [1556/8034] Built Mathlib.Data.Vector.Snoc (2.5s)
✔ [1557/8034] Built Mathlib.Data.Vector.Mem (2.5s)
✔ [1558/8034] Built Mathlib.Data.Finset.Insert (4.3s)
✔ [1559/8034] Built Mathlib.Algebra.Module.Hom (2.8s)
✔ [1560/8034] Built Mathlib.GroupTheory.GroupAction.DomAct.ActionHom (2.3s)
✔ [1561/8034] Built Mathlib.Data.Num.Bitwise (3.3s)
✔ [1562/8034] Built Mathlib.Order.CompleteLattice.Lemmas (2.3s)
✔ [1563/8034] Built Mathlib.Order.CompleteLattice.Group (1.9s)
✔ [1564/8034] Built Mathlib.CategoryTheory.ObjectProperty.CompleteLattice (2.4s)
✔ [1565/8034] Built Mathlib.Data.Setoid.Basic (2.6s)
✔ [1566/8034] Built Mathlib.Algebra.Order.Quantale (2.7s)
✔ [1567/8034] Built Mathlib.Algebra.Ring.Pi (3.7s)
✔ [1568/8034] Built Mathlib.Order.GaloisConnection.Basic (3.6s)
✔ [1569/8034] Built Mathlib.Algebra.Star.Basic (3.0s)
✔ [1570/8034] Built Mathlib.CategoryTheory.Monoidal.Action.Basic (9.5s)
✔ [1571/8034] Built Mathlib.Algebra.Field.Rat (2.5s)
✔ [1572/8034] Built Mathlib.Algebra.Field.ULift (2.6s)
✔ [1573/8034] Built Mathlib.Algebra.Ring.Prod (4.3s)
✔ [1574/8034] Built Mathlib.Algebra.Order.Field.Pointwise (2.1s)
✔ [1575/8034] Built Mathlib.Data.Fintype.Defs (3.4s)
✔ [1576/8034] Built Mathlib.Algebra.Order.Ring.Nat (2.5s)
✔ [1577/8034] Built Mathlib.Order.OmegaCompletePartialOrder (5.2s)
✔ [1578/8034] Built Mathlib.Algebra.Order.Ring.InjSurj (2.2s)
✔ [1579/8034] Built Mathlib.Algebra.Order.Ring.Opposite (2.1s)
✔ [1580/8034] Built Mathlib.Algebra.Order.Ring.Canonical (2.6s)
✔ [1581/8034] Built Mathlib.Algebra.Order.Ring.Int (3.1s)
✔ [1582/8034] Built Mathlib.Algebra.Order.Interval.Set.Group (3.2s)
✔ [1583/8034] Built Mathlib.Combinatorics.Quiver.Path.Weight (2.5s)
✔ [1584/8034] Built Mathlib.Data.Nat.Choose.Bounds (2.8s)
✔ [1585/8034] Built Mathlib.Algebra.Order.Ring.Rat (2.5s)
✔ [1586/8034] Built Mathlib.Algebra.Order.Positive.Ring (2.9s)
✔ [1587/8034] Built Mathlib.CategoryTheory.Products.Unitor (2.5s)
✔ [1588/8034] Built Mathlib.Tactic.CancelDenoms.Core (4.4s)
✔ [1589/8034] Built Mathlib.Algebra.Order.Interval.Set.Instances (3.5s)
✔ [1590/8034] Built Mathlib.Algebra.Order.Ring.Basic (3.2s)
✔ [1591/8034] Built Mathlib.CategoryTheory.PEmpty (2.2s)
✔ [1592/8034] Built Mathlib.CategoryTheory.PUnit (2.7s)
✔ [1593/8034] Built Mathlib.CategoryTheory.Discrete.SumsProducts (3.2s)
✔ [1594/8034] Built Mathlib.Order.UpperLower.Fibration (2.2s)
✔ [1595/8034] Built Mathlib.Order.Interval.Set.OrdConnected (2.8s)
✔ [1596/8034] Built Mathlib.CategoryTheory.Limits.Shapes.Pullback.Categorical.Basic (28s)
✔ [1597/8034] Built Mathlib.Data.Multiset.OrderedMonoid (1.9s)
✔ [1598/8034] Built Mathlib.Data.Multiset.Sum (2.4s)
✔ [1599/8034] Built Mathlib.Algebra.BigOperators.Group.Multiset.Basic (3.2s)
✔ [1600/8034] Built Mathlib.Algebra.GCDMonoid.Multiset (2.8s)
✔ [1601/8034] Built Mathlib.Algebra.CharP.Basic (2.8s)
✔ [1602/8034] Built Mathlib.Order.InitialSeg (4.4s)
✔ [1603/8034] Built Mathlib.Algebra.Order.GroupWithZero.Lex (3.5s)
✔ [1604/8034] Built Mathlib.Data.Fin.FlagRange (2.2s)
✔ [1605/8034] Built Mathlib.Tactic.CategoryTheory.Monoidal.Datatypes (5.3s)
✔ [1606/8034] Built Mathlib.Control.Random (2.7s)
✔ [1607/8034] Built Mathlib.Algebra.Order.Module.Defs (9.4s)
✔ [1608/8034] Built Mathlib.Data.Finset.Lattice.Lemmas (2.5s)
✔ [1609/8034] Built Mathlib.Algebra.Order.Hom.Ring (4.2s)
✔ [1610/8034] Built Mathlib.AlgebraicTopology.SimplexCategory.Defs (3.6s)
✔ [1611/8034] Built Mathlib.Algebra.Module.LinearMap.Defs (13s)
✔ [1612/8034] Built Mathlib.Data.Vector.MapLemmas (3.2s)
✔ [1613/8034] Built Mathlib.Data.Finset.SDiff (3.2s)
✔ [1614/8034] Built Mathlib.Data.Finset.Disjoint (3.0s)
✔ [1615/8034] Built Mathlib.Data.Finset.Range (3.3s)
✔ [1616/8034] Built Mathlib.Order.Interval.Set.Fin (4.7s)
✔ [1617/8034] Built Mathlib.Algebra.Module.Pi (2.4s)
✔ [1618/8034] Built Mathlib.Order.Lattice.Congruence (2.0s)
✔ [1619/8034] Built Mathlib.Algebra.Order.Pi (3.1s)
✔ [1620/8034] Built Mathlib.Topology.Defs.Filter (3.5s)
✔ [1621/8034] Built Mathlib.Data.Fin.Tuple.Basic (6.6s)
✔ [1622/8034] Built Mathlib.Algebra.CharP.Pi (2.5s)
✔ [1623/8034] Built Mathlib.Data.Sym.Basic (4.4s)
✔ [1624/8034] Built Mathlib.Algebra.Order.Group.Pointwise.Bounds (2.8s)
✔ [1625/8034] Built Mathlib.Order.Hom.Order (2.8s)
✔ [1626/8034] Built Mathlib.Order.Cofinal (2.3s)
✔ [1627/8034] Built Mathlib.Order.Heyting.Regular (3.0s)
✔ [1628/8034] Built Mathlib.Algebra.Star.Pi (2.2s)
✔ [1629/8034] Built Mathlib.GroupTheory.Congruence.Defs (5.3s)
✔ [1630/8034] Built Mathlib.Algebra.Star.StarRingHom (3.7s)
✔ [1631/8034] Built Mathlib.Algebra.Star.MonoidHom (3.5s)
✔ [1632/8034] Built Mathlib.Algebra.Module.Rat (2.9s)
✔ [1633/8034] Built Mathlib.Algebra.Star.Prod (2.5s)
✔ [1634/8034] Built Mathlib.Algebra.Order.Ring.Prod (2.6s)
✔ [1635/8034] Built Mathlib.Algebra.Divisibility.Finite (2.5s)
✔ [1636/8034] Built Mathlib.Algebra.Group.Equiv.Finite (2.4s)
✔ [1637/8034] Built Mathlib.Tactic.FinCases (2.6s)
✔ [1638/8034] Built Mathlib.Data.Rat.Cast.Defs (3.3s)
✔ [1639/8034] Built Mathlib.Data.Nat.Cast.Order.Ring (2.8s)
✔ [1640/8034] Built Mathlib.Data.Nat.MaxPowDiv (2.8s)
✔ [1641/8034] Built Mathlib.Algebra.Order.Kleene (4.5s)
✔ [1642/8034] Built Mathlib.Algebra.IsPrimePow (2.7s)
✔ [1643/8034] Built Mathlib.CategoryTheory.Monoidal.Action.LinearFunctor (4.7s)
✔ [1644/8034] Built Mathlib.Order.CompletePartialOrder (2.2s)
✔ [1645/8034] Built Mathlib.Order.CompleteBooleanAlgebra (7.3s)
✔ [1646/8034] Built Mathlib.Algebra.Order.Field.Subfield (2.2s)
✔ [1647/8034] Built Mathlib.Control.LawfulFix (2.6s)
✔ [1648/8034] Built Mathlib.Algebra.Ring.Subsemiring.Order (2.3s)
✔ [1649/8034] Built Mathlib.Algebra.Order.Field.Canonical (2.5s)
✔ [1650/8034] Built Mathlib.Algebra.Order.BigOperators.Ring.List (2.3s)
✔ [1651/8034] Built Mathlib.Algebra.Order.Positive.Field (1.9s)
✔ [1652/8034] Built Mathlib.Data.Nat.Dist (2.9s)
✔ [1653/8034] Built Mathlib.Data.PNat.Basic (2.9s)
✔ [1654/8034] Built Mathlib.Data.Num.Lemmas (5.6s)
✔ [1655/8034] Built Mathlib.Data.Nat.Cast.SetInterval (2.4s)
✔ [1656/8034] Built Mathlib.Order.Quotient (2.6s)
✔ [1657/8034] Built Mathlib.Order.Interval.Set.ProjIcc (3.0s)
✔ [1658/8034] Built Mathlib.Order.Interval.Set.InitialSeg (3.3s)
✔ [1659/8034] Built Mathlib.Data.Multiset.Bind (3.4s)
✔ [1660/8034] Built Mathlib.Algebra.Order.Nonneg.Module (2.7s)
✔ [1661/8034] Built Mathlib.Algebra.Order.Module.Basic (2.0s)
✔ [1662/8034] Built Mathlib.Algebra.Order.Ring.WithTop (5.8s)
✔ [1663/8034] Built Mathlib.Algebra.Order.Module.OrderedSMul (3.2s)
✔ [1664/8034] Built Mathlib.Data.Multiset.DershowitzManna (3.0s)
✔ [1665/8034] Built Mathlib.Algebra.Ring.Subring.Order (2.5s)
✔ [1666/8034] Built Mathlib.Order.Cover (5.3s)
✔ [1667/8034] Built Mathlib.Tactic.LinearCombination.Lemmas (3.2s)
✔ [1668/8034] Built Mathlib.Algebra.FreeMonoid.Symbols (2.6s)
✔ [1669/8034] Built Mathlib.Algebra.Module.LinearMap.Prod (2.4s)
✔ [1670/8034] Built Mathlib.Tactic.CategoryTheory.Monoidal.PureCoherence (4.8s)
✔ [1671/8034] Built Mathlib.Algebra.Module.Torsion.Pi (2.2s)
✔ [1672/8034] Built Mathlib.Algebra.Order.Module.PositiveLinearMap (2.9s)
✔ [1673/8034] Built Mathlib.Tactic.CategoryTheory.Monoidal.Normalize (6.7s)
✔ [1674/8034] Built Mathlib.Algebra.Ring.Fin (2.4s)
✔ [1675/8034] Built Mathlib.Algebra.Algebra.Defs (4.7s)
✔ [1676/8034] Built Mathlib.Data.Fin.Tuple.Embedding (3.3s)
✔ [1677/8034] Built Mathlib.Data.Fin.Tuple.Take (3.6s)
✔ [1678/8034] Built Mathlib.Data.List.OfFn (3.6s)
✔ [1679/8034] Built Mathlib.Data.Finset.Image (4.9s)
✔ [1680/8034] Built Mathlib.LinearAlgebra.Matrix.Defs (4.6s)
✔ [1681/8034] Built Mathlib.Data.Finset.Basic (4.9s)
✔ [1682/8034] Built Mathlib.Algebra.Order.Monovary (6.8s)
✔ [1683/8034] Built Mathlib.Order.FixedPoints (4.1s)
✔ [1684/8034] Built Mathlib.GroupTheory.Congruence.Opposite (2.0s)
✔ [1685/8034] Built Mathlib.Data.Fin.VecNotation (4.8s)
✔ [1686/8034] Built Mathlib.Algebra.Module.LinearMap.Rat (2.7s)
✔ [1687/8034] Built Mathlib.Algebra.Star.Rat (2.1s)
✔ [1688/8034] Built Mathlib.GroupTheory.Congruence.Hom (3.9s)
✔ [1689/8034] Built Mathlib.Data.Rat.Cast.CharZero (2.6s)
✔ [1690/8034] Built Mathlib.RingTheory.Congruence.Defs (4.7s)
✔ [1691/8034] Built Mathlib.Algebra.Order.Invertible (2.5s)
✔ [1692/8034] Built Mathlib.Data.Set.BooleanAlgebra (2.2s)
✔ [1693/8034] Built Mathlib.Tactic.Linarith.Lemmas (2.8s)
✔ [1694/8034] Built Mathlib.Tactic.NormNum.Abs (2.8s)
✔ [1695/8034] Built Mathlib.Algebra.Order.Ring.Cast (3.3s)
✔ [1696/8034] Built Mathlib.Algebra.Order.Ring.Pow (3.3s)
✔ [1697/8034] Built Mathlib.Algebra.Order.Ring.Cone (2.7s)
✔ [1698/8034] Built Mathlib.Algebra.Order.Ring.Abs (3.9s)
✔ [1699/8034] Built Mathlib.Algebra.Order.BigOperators.Ring.Multiset (2.9s)
✔ [1700/8034] Built Mathlib.Data.PNat.Find (2.3s)
✔ [1701/8034] Built Mathlib.Data.PNat.Prime (2.0s)
✔ [1702/8034] Built Mathlib.Algebra.Group.PNatPowAssoc (2.5s)
✔ [1703/8034] Built Mathlib.Tactic.PNatToNat (2.8s)
✔ [1704/8034] Built Mathlib.Data.Multiset.Powerset (2.7s)
✔ [1705/8034] Built Mathlib.Data.Multiset.Sections (2.4s)
✔ [1706/8034] Built Mathlib.Data.Multiset.Pi (2.5s)
✔ [1707/8034] Built Mathlib.Algebra.Order.WithTop.Untop0 (2.6s)
✔ [1708/8034] Built Mathlib.CategoryTheory.Monoidal.CoherenceLemmas (2.4s)
✔ [1709/8034] Built Mathlib.CategoryTheory.Comma.Basic (16s)
✔ [1710/8034] Built Mathlib.RingTheory.Invariant.Defs (2.2s)
✔ [1711/8034] Built Mathlib.Algebra.Module.LinearMap.Basic (3.3s)
✔ [1712/8034] Built Mathlib.Algebra.Algebra.Field (2.1s)
✔ [1713/8034] Built Mathlib.Data.Ordmap.Invariants (5.7s)
✔ [1714/8034] Built Mathlib.Order.ModularLattice (3.8s)
✔ [1715/8034] Built Mathlib.Algebra.Group.Pointwise.Set.ListOfFn (2.4s)
✔ [1716/8034] Built Mathlib.Data.Fintype.OfMap (2.3s)
✔ [1717/8034] Built Mathlib.Data.List.FinRange (2.4s)
✔ [1718/8034] Built Mathlib.Algebra.Group.Nat.Range (2.1s)
✔ [1719/8034] Built Mathlib.Data.Finset.SymmDiff (2.1s)
✔ [1720/8034] Built Mathlib.Algebra.Module.Equiv.Defs (12s)
✔ [1721/8034] Built Mathlib.Data.Fin.Fin2 (2.4s)
✔ [1722/8034] Built Mathlib.Tactic.CategoryTheory.Monoidal.Basic (4.6s)
✔ [1723/8034] Built Mathlib.Data.Fintype.Inv (2.2s)
✔ [1724/8034] Built Mathlib.Data.Matrix.Diagonal (2.8s)
✔ [1725/8034] Built Mathlib.Data.Finset.Fold (2.5s)
✔ [1726/8034] Built Mathlib.Algebra.Group.Fin.Tuple (2.5s)
✔ [1727/8034] Built Mathlib.Data.Finset.BooleanAlgebra (2.8s)
✔ [1728/8034] Built Mathlib.Logic.Function.FromTypes (2.4s)
✔ [1729/8034] Built Mathlib.Data.List.Sort (5.4s)
✔ [1730/8034] Built Mathlib.Tactic.NormNum.Inv (3.4s)
✔ [1731/8034] Built Mathlib.Logic.Equiv.Fin.Basic (3.4s)
✔ [1732/8034] Built Mathlib.Data.Set.Semiring (3.6s)
✔ [1733/8034] Built Mathlib.Order.Interval.Set.Pi (3.2s)
✔ [1734/8034] Built Mathlib.Tactic.Widget.StringDiagram (8.1s)
✔ [1735/8034] Built Mathlib.Data.Set.Sigma (3.8s)
✔ [1736/8034] Built Mathlib.Tactic.Qify (2.4s)
✔ [1737/8034] Built Mathlib.Tactic.Linarith.Datatypes (3.2s)
✔ [1738/8034] Built Mathlib.GroupTheory.GroupAction.Defs (4.8s)
✔ [1739/8034] Built Mathlib.Order.Closure (4.1s)
✔ [1740/8034] Built Mathlib.Data.Rat.Sqrt (2.5s)
✔ [1741/8034] Built Mathlib.Data.Int.Order.Lemmas (2.5s)
✔ [1742/8034] Built Mathlib.Algebra.Order.Floor.Defs (3.5s)
✔ [1743/8034] Built Mathlib.Algebra.Star.SelfAdjoint (6.4s)
✔ [1744/8034] Built Mathlib.Data.Int.Order.Units (2.6s)
✔ [1745/8034] Built Mathlib.Data.Multiset.Antidiagonal (2.8s)
✔ [1746/8034] Built Mathlib.Data.List.Pi (2.8s)
✔ [1747/8034] Built Mathlib.Data.Finset.Card (8.2s)
✔ [1748/8034] Built Mathlib.Control.EquivFunctor.Instances (2.6s)
✔ [1749/8034] Built Mathlib.Tactic.DeriveFintype (2.8s)
✔ [1750/8034] Built Mathlib.Data.Set.Lattice (6.8s)
✔ [1751/8034] Built Mathlib.Algebra.Algebra.Rat (2.7s)
✔ [1752/8034] Built Mathlib.Tactic.Positivity.Core (6.3s)
✔ [1753/8034] Built Mathlib.Algebra.Module.LinearMap.Star (2.6s)
✔ [1754/8034] Built Mathlib.Algebra.Module.Equiv.Opposite (2.6s)
✔ [1755/8034] Built Mathlib.Data.Ordmap.Ordset (4.1s)
✔ [1756/8034] Built Mathlib.Data.Num.ZNum (7.0s)
✔ [1757/8034] Built Mathlib.LinearAlgebra.Matrix.CharP (2.2s)
✔ [1758/8034] Built Mathlib.Data.Vector3 (2.9s)
✔ [1759/8034] Built Mathlib.Algebra.Module.ULift (3.4s)
✔ [1760/8034] Built Mathlib.CategoryTheory.Comma.Arrow (5.1s)
✔ [1761/8034] Built Mathlib.Data.Finset.Piecewise (2.4s)
✔ [1762/8034] Built Mathlib.Algebra.GCDMonoid.Finset (2.8s)
✔ [1763/8034] Built Mathlib.Logic.Function.OfArity (2.1s)
✔ [1764/8034] Built Mathlib.Data.Nat.Factors (2.0s)
✔ [1765/8034] Built Mathlib.Data.Fintype.Sets (3.2s)
✔ [1766/8034] Built Mathlib.Data.Finset.Union (3.8s)
✔ [1767/8034] Built Mathlib.Data.Nat.BitIndices (2.9s)
✔ [1768/8034] Built Mathlib.Data.Multiset.Sort (2.7s)
✔ [1769/8034] Built Mathlib.Order.Fin.Tuple (2.8s)
✔ [1770/8034] Built Mathlib.Data.List.NodupEquivFin (3.2s)
✔ [1771/8034] Built Mathlib.Logic.Equiv.Fin.Rotate (2.6s)
✔ [1772/8034] Built Mathlib.Combinatorics.Enumerative.Stirling (2.6s)
✔ [1773/8034] Built Mathlib.Data.TypeVec (5.5s)
✔ [1774/8034] Built Mathlib.Tactic.NormNum.Eq (2.0s)
✔ [1775/8034] Built Mathlib.Data.Nat.Hyperoperation (3.2s)
✔ [1776/8034] Built Mathlib.Tactic.Linarith.Oracle.FourierMotzkin (2.7s)
✔ [1777/8034] Built Mathlib.Tactic.Linarith.Parsing (2.9s)
✔ [1778/8034] Built Mathlib.Algebra.Ring.Action.Submonoid (1.9s)
✔ [1779/8034] Built Mathlib.Data.Int.Lemmas (2.2s)
✔ [1780/8034] Built Mathlib.GroupTheory.GroupAction.Transitive (2.3s)
✔ [1781/8034] Built Mathlib.Tactic.Linarith.Preprocessing (3.5s)
✔ [1782/8034] Built Mathlib.Algebra.ContinuedFractions.Computation.Basic (2.4s)
✔ [1783/8034] Built Mathlib.Algebra.Order.Nonneg.Floor (2.2s)
✔ [1784/8034] Built Mathlib.Tactic.Linarith.Oracle.SimplexAlgorithm (2.7s)
✔ [1785/8034] Built Mathlib.Algebra.BigOperators.Ring.Multiset (2.2s)
✔ [1786/8034] Built Mathlib.Algebra.Star.StarProjection (2.4s)
✔ [1787/8034] Built Mathlib.Data.Fintype.Quotient (2.5s)
✔ [1788/8034] Built Mathlib.Data.Finset.CastCard (2.2s)
✔ [1789/8034] Built Mathlib.Data.Finset.Fin (2.2s)
✔ [1790/8034] Built Mathlib.Order.Interval.Set.Union (2.1s)
✔ [1791/8034] Built Mathlib.Tactic.Monotonicity.Lemmas (1.8s)
✔ [1792/8034] Built Mathlib.Algebra.Order.Floor.Semiring (4.2s)
✔ [1793/8034] Built Mathlib.Data.Set.Constructions (2.6s)
✔ [1794/8034] Built Mathlib.Data.Finset.Sum (3.4s)
✔ [1795/8034] Built Mathlib.SetTheory.ZFC.PSet (2.4s)
✔ [1796/8034] Built Mathlib.Order.BourbakiWitt (2.8s)
✔ [1797/8034] Built Mathlib.Data.Sign.Defs (3.7s)
✔ [1798/8034] Built Mathlib.Order.CompleteLattice.Chain (2.3s)
✔ [1799/8034] Built Mathlib.Data.Set.UnionLift (2.4s)
✔ [1800/8034] Built Mathlib.Order.Concept (2.9s)
✔ [1801/8034] Built Mathlib.Data.Semiquot (2.8s)
✔ [1802/8034] Built Mathlib.Logic.Small.Set (2.5s)
✔ [1803/8034] Built Mathlib.Data.Set.Pairwise.Lattice (2.9s)
✔ [1804/8034] Built Mathlib.Order.Filter.Basic (5.3s)
✔ [1805/8034] Built Mathlib.Tactic.Finiteness (2.8s)
✔ [1806/8034] Built Mathlib.Algebra.Order.Field.Power (3.7s)
✔ [1807/8034] Built Mathlib.Data.Num.Prime (2.9s)
✔ [1808/8034] Built Mathlib.Tactic.FieldSimp.Discharger (3.1s)
✔ [1809/8034] Built Mathlib.Algebra.Order.Module.Field (3.8s)
✔ [1810/8034] Built Mathlib.CategoryTheory.CommSq (3.2s)
✔ [1811/8034] Built Mathlib.Algebra.Order.Algebra (4.1s)
✔ [1812/8034] Built Mathlib.Order.ConditionallyCompleteLattice.Basic (5.5s)
✔ [1813/8034] Built Mathlib.Algebra.Order.AbsoluteValue.Basic (4.9s)
✔ [1814/8034] Built Mathlib.Data.Fin.Tuple.Curry (2.6s)
✔ [1815/8034] Built Mathlib.CategoryTheory.MorphismProperty.Basic (4.2s)
✔ [1816/8034] Built Mathlib.Data.Finset.Option (3.1s)
✔ [1817/8034] Built Mathlib.Tactic.Simproc.Factors (3.8s)
✔ [1818/8034] Built Mathlib.Data.Fintype.Basic (3.9s)
✔ [1819/8034] Built Mathlib.Data.Finset.Prod (3.7s)
✔ [1820/8034] Built Mathlib.Order.Fin.Finset (2.0s)
✔ [1821/8034] Built Mathlib.Data.PNat.Factors (3.5s)
✔ [1822/8034] Built Mathlib.Data.Finset.Pi (3.9s)
✔ [1823/8034] Built Mathlib.Algebra.Module.LinearMap.End (7.5s)
✔ [1824/8034] Built Mathlib.Control.Functor.Multivariate (3.6s)
✔ [1825/8034] Built Mathlib.Algebra.Order.Field.Basic (8.8s)
✔ [1826/8034] Built Mathlib.Data.Set.Lattice.Image (9.6s)
✔ [1827/8034] Built Mathlib.Tactic.Monotonicity (2.2s)
✔ [1828/8034] Built Mathlib.Tactic.Linarith.Verification (3.7s)
✔ [1829/8034] Built Mathlib.Tactic.Ring.Common (16s)
✔ [1830/8034] Built Mathlib.Algebra.Group.Pointwise.Set.Small (2.2s)
✔ [1831/8034] Built Mathlib.Tactic.Positivity.Basic (9.8s)
✔ [1832/8034] Built Mathlib.Order.Zorn (2.4s)
✔ [1833/8034] Built Mathlib.Data.Set.Pairwise.Chain (2.2s)
✔ [1834/8034] Built Mathlib.Data.FP.Basic (2.7s)
✔ [1835/8034] Built Mathlib.Order.Filter.AtTopBot.Defs (2.7s)
✔ [1836/8034] Built Mathlib.Algebra.BigOperators.Group.Finset.Defs (7.6s)
✔ [1837/8034] Built Mathlib.Data.Int.Log (4.1s)
✔ [1838/8034] Built Mathlib.Tactic.NormNum.Ineq (6.1s)
✔ [1839/8034] Built Mathlib.Tactic.Peel (3.2s)
✔ [1840/8034] Built Mathlib.Algebra.Order.Module.Algebra (2.4s)
✔ [1841/8034] Built Mathlib.Algebra.Order.Module.Pointwise (3.5s)
✔ [1842/8034] Built Mathlib.Data.Int.AbsoluteValue (2.7s)
✔ [1843/8034] Built Mathlib.SetTheory.ZFC.Basic (5.4s)
✔ [1844/8034] Built Mathlib.Algebra.Order.AbsoluteValue.Euclidean (2.7s)
✔ [1845/8034] Built Mathlib.CategoryTheory.FiberedCategory.HomLift (3.4s)
✔ [1846/8034] Built Mathlib.Order.Monotone.Extension (2.4s)
✔ [1847/8034] Built Mathlib.Algebra.Order.Group.Action (2.5s)
✔ [1848/8034] Built Mathlib.Order.CompleteLattice.PiLex (3.9s)
✔ [1849/8034] Built Mathlib.Order.SaddlePoint (2.8s)
✔ [1850/8034] Built Mathlib.CategoryTheory.Bicategory.LocallyDiscrete (4.4s)
✔ [1851/8034] Built Mathlib.Data.Finset.Lattice.Fold (7.5s)
✔ [1852/8034] Built Mathlib.Order.OrdContinuous (2.7s)
✔ [1853/8034] Built Mathlib.Order.Copy (3.5s)
✔ [1854/8034] Built Mathlib.CategoryTheory.MorphismProperty.IsSmall (2.4s)
✔ [1855/8034] Built Mathlib.CategoryTheory.MorphismProperty.IsInvertedBy (2.7s)
✔ [1856/8034] Built Mathlib.CategoryTheory.Groupoid (3.8s)
✔ [1857/8034] Built Mathlib.Order.ConditionallyCompleteLattice.Indexed (4.1s)
✔ [1858/8034] Built Mathlib.Order.CompleteLatticeIntervals (4.4s)
✔ [1859/8034] Built Mathlib.Order.Fin.SuccAboveOrderIso (2.7s)
✔ [1860/8034] Built Mathlib.CategoryTheory.MorphismProperty.Composition (3.8s)
✔ [1861/8034] Built Mathlib.Data.Fintype.Card (3.3s)
✔ [1862/8034] Built Mathlib.CategoryTheory.Square (8.4s)
✔ [1863/8034] Built Mathlib.Algebra.Tropical.Lattice (6.7s)
✔ [1864/8034] Built Mathlib.Data.Finset.PImage (3.8s)
✔ [1865/8034] Built Mathlib.Algebra.Group.TransferInstance (3.1s)
✔ [1866/8034] Built Mathlib.CategoryTheory.MorphismProperty.Factorization (4.6s)
✔ [1867/8034] Built Mathlib.Data.Finset.Update (2.0s)
✔ [1868/8034] Built Mathlib.Data.Nat.Cast.Order.Field (3.1s)
✔ [1869/8034] Built Mathlib.Order.CompleteLattice.Finset (3.2s)
✔ [1870/8034] Built Mathlib.Order.SuccPred.Basic (8.2s)
✔ [1871/8034] Built Mathlib.Order.Interval.Set.OrdConnectedComponent (3.3s)
✔ [1872/8034] Built Mathlib.Data.Nat.Pairing (2.7s)
✔ [1873/8034] Built Mathlib.Order.Bounds.Lattice (2.6s)
✔ [1874/8034] Built Mathlib.Computability.PostTuringMachine (6.1s)
✔ [1875/8034] Built Mathlib.Algebra.Group.Subsemigroup.Basic (3.8s)
✔ [1876/8034] Built Mathlib.Algebra.Group.Pointwise.Set.Lattice (4.5s)
✔ [1877/8034] Built Mathlib.Data.Sym.Sym2 (7.3s)
✔ [1878/8034] Built Mathlib.Algebra.Group.Action.Pointwise.Set.Basic (5.6s)
✔ [1879/8034] Built Mathlib.Order.Interval.Basic (5.7s)
✔ [1880/8034] Built Mathlib.Data.Set.Functor (3.3s)
✔ [1881/8034] Built Mathlib.Order.Interval.Set.Disjoint (3.2s)
✔ [1882/8034] Built Mathlib.Order.Extension.Linear (2.5s)
✔ [1883/8034] Built Mathlib.Topology.Defs.Sequences (2.5s)
✔ [1884/8034] Built Mathlib.Tactic.Ring.Basic (3.4s)
✔ [1885/8034] Built Mathlib.Data.Rat.BigOperators (3.1s)
✔ [1886/8034] Built Mathlib.SetTheory.Cardinal.SchroederBernstein (3.8s)
✔ [1887/8034] Built Mathlib.Order.Filter.Map (5.5s)
✔ [1888/8034] Built Mathlib.GroupTheory.Congruence.BigOperators (2.8s)
✔ [1889/8034] Built Mathlib.Algebra.BigOperators.RingEquiv (2.7s)
✔ [1890/8034] Built Mathlib.Algebra.Order.CauSeq.Basic (9.7s)
✔ [1891/8034] Built Mathlib.Order.UpperLower.CompleteLattice (5.6s)
✔ [1892/8034] Built Mathlib.Data.Nat.GCD.BigOperators (2.8s)
✔ [1893/8034] Built Mathlib.Algebra.Regular.Pow (2.4s)
✔ [1894/8034] Built Mathlib.Tactic.CancelDenoms (2.1s)
✔ [1895/8034] Built Mathlib.Order.Hom.CompleteLattice (5.0s)
✔ [1896/8034] Built Mathlib.Algebra.CharP.Two (3.4s)
✔ [1897/8034] Built Mathlib.Tactic.NormNum.DivMod (2.0s)
✔ [1898/8034] Built Mathlib.CategoryTheory.FiberedCategory.Fiber (2.9s)
✔ [1899/8034] Built Mathlib.Algebra.Order.Group.Pointwise.Interval (11s)
✔ [1900/8034] Built Mathlib.Tactic.FieldSimp (20s)
✔ [1901/8034] Built Mathlib.CategoryTheory.FiberedCategory.Cocartesian (3.4s)
✔ [1902/8034] Built Mathlib.Combinatorics.SetFamily.Compression.Down (2.8s)
✔ [1903/8034] Built Mathlib.Algebra.Order.Ring.Finset (2.9s)
✔ [1904/8034] Built Mathlib.Algebra.Order.GroupWithZero.Finset (2.8s)
✔ [1905/8034] Built Mathlib.CategoryTheory.FiberedCategory.Cartesian (3.9s)
✔ [1906/8034] Built Mathlib.Algebra.Order.Field.Pi (2.5s)
✔ [1907/8034] Built Mathlib.Data.Finset.Max (4.8s)
✔ [1908/8034] Built Mathlib.Data.Finset.Pairwise (2.8s)
✔ [1909/8034] Built Mathlib.Data.Finset.Lattice.Prod (2.9s)
✔ [1910/8034] Built Mathlib.Order.SemiconjSup (2.3s)
✔ [1911/8034] Built Mathlib.Topology.MetricSpace.BundledFun (4.1s)
✔ [1912/8034] Built Mathlib.Data.Finset.Lattice.Union (2.8s)
✔ [1913/8034] Built Mathlib.Order.Irreducible (3.2s)
✔ [1914/8034] Built Mathlib.CategoryTheory.FiberedCategory.BasedCategory (5.9s)
✔ [1915/8034] Built Mathlib.CategoryTheory.Groupoid.Discrete (2.3s)
✔ [1916/8034] Built Mathlib.CategoryTheory.IsConnected (3.4s)
✔ [1917/8034] Built Mathlib.CategoryTheory.EpiMono (3.4s)
✔ [1918/8034] Built Mathlib.CategoryTheory.Endomorphism (3.2s)
✔ [1919/8034] Built Mathlib.Algebra.Module.Equiv.Basic (16s)
✔ [1920/8034] Built Mathlib.CategoryTheory.Quotient (3.9s)
✔ [1921/8034] Built Mathlib.CategoryTheory.Groupoid.Basic (2.2s)
✔ [1922/8034] Built Mathlib.Algebra.Order.Group.CompleteLattice (2.3s)
✔ [1923/8034] Built Mathlib.Order.ConditionallyCompleteLattice.Group (2.4s)
✔ [1924/8034] Built Mathlib.Algebra.Order.Nonneg.Lattice (2.4s)
✔ [1925/8034] Built Mathlib.CategoryTheory.ObjectProperty.InheritedFromHom (2.2s)
✔ [1926/8034] Built Mathlib.CategoryTheory.Widesubcategory (2.6s)
✔ [1927/8034] Built Mathlib.Algebra.Group.TypeTags.Finite (1.9s)
✔ [1928/8034] Built Mathlib.Algebra.BigOperators.Group.Finset.Basic (10s)
✔ [1929/8034] Built Mathlib.Algebra.Order.Group.Indicator (3.1s)
✔ [1930/8034] Built Mathlib.AlgebraicTopology.ModelCategory.CategoryWithCofibrations (2.6s)
✔ [1931/8034] Built Mathlib.GroupTheory.DedekindFinite (2.2s)
✔ [1932/8034] Built Mathlib.Data.Fin.Pigeonhole (2.4s)
✔ [1933/8034] Built Mathlib.Data.Fintype.Parity (2.2s)
✔ [1934/8034] Built Mathlib.Algebra.GroupWithZero.TransferInstance (1.9s)
✔ [1935/8034] Built Mathlib.Combinatorics.SetFamily.Intersecting (2.6s)
✔ [1936/8034] Built Mathlib.Algebra.Group.Action.TransferInstance (2.5s)
✔ [1937/8034] Built Mathlib.Data.Fintype.EquivFin (3.4s)
✔ [1938/8034] Built Mathlib.Order.Interval.Set.SuccOrder (2.3s)
✔ [1939/8034] Built Mathlib.Data.Fin.SuccPredOrder (2.4s)
✔ [1940/8034] Built Mathlib.Data.Finset.Sigma (2.9s)
✔ [1941/8034] Built Mathlib.Algebra.Ring.TransferInstance (3.3s)
✔ [1942/8034] Built Mathlib.Order.SuccPred.WithBot (2.5s)
✔ [1943/8034] Built Mathlib.Order.Shrink (2.7s)
✔ [1944/8034] Built Mathlib.Logic.Equiv.Nat (2.2s)
✔ [1945/8034] Built Mathlib.Order.Interval.Set.SuccPred (3.4s)
✔ [1946/8034] Built Mathlib.Algebra.Order.Monoid.Canonical.Basic (11s)
✔ [1947/8034] Built Mathlib.Order.ScottContinuity.Prod (3.1s)
✔ [1948/8034] Built Mathlib.Tactic.DeriveCountable (3.2s)
✔ [1949/8034] Built Mathlib.Order.SuccPred.Archimedean (3.5s)
✔ [1950/8034] Built Mathlib.GroupTheory.Subsemigroup.Centralizer (2.3s)
✔ [1951/8034] Built Mathlib.Algebra.Order.Group.Pointwise.CompleteLattice (7.0s)
✔ [1952/8034] Built Mathlib.Algebra.Group.Subsemigroup.Membership (2.6s)
✔ [1953/8034] Built Mathlib.Algebra.Group.Submonoid.Basic (3.5s)
✔ [1954/8034] Built Mathlib.Algebra.Group.Subsemigroup.MulOpposite (2.8s)
✔ [1955/8034] Built Mathlib.Combinatorics.SimpleGraph.Turan (2.6s)
✔ [1956/8034] Built Mathlib.Combinatorics.SimpleGraph.Walk (2.2s)
✔ [1957/8034] Built Mathlib.Combinatorics.Graph.Basic (3.1s)
✔ [1958/8034] Built Mathlib.Order.GameAdd (2.4s)
✔ [1959/8034] Built Mathlib.Algebra.Order.Group.Action.Flag (2.2s)
✔ [1960/8034] Built Mathlib.Dynamics.FixedPoints.Prufer (2.6s)
✔ [1961/8034] Built Mathlib.Order.Interval.Lex (2.5s)
✔ [1962/8034] Built Mathlib.Order.Atoms (7.4s)
✔ [1963/8034] Built Mathlib.Order.Filter.AtTopBot.Disjoint (2.1s)
✔ [1964/8034] Built Mathlib.Control.Traversable.Instances (2.5s)
✔ [1965/8034] Built Mathlib.Data.Set.Subset (2.8s)
✔ [1966/8034] Built Mathlib.Data.Sym.Sym2.Order (3.4s)
✔ [1967/8034] Built Mathlib.Algebra.GroupWithZero.Action.Pointwise.Set (3.6s)
✔ [1968/8034] Built Mathlib.Tactic.Ring.PNat (2.5s)
✔ [1969/8034] Built Mathlib.Order.Filter.Tendsto (2.6s)
✔ [1970/8034] Built Mathlib.Data.List.Sym (5.7s)
✔ [1971/8034] Built Mathlib.Algebra.Group.Subsemigroup.Operations (6.7s)
✔ [1972/8034] Built Mathlib.Order.Filter.Ker (2.2s)
✔ [1973/8034] Built Mathlib.RingTheory.Congruence.BigOperators (2.4s)
✔ [1974/8034] Built Mathlib.Tactic.Ring.Compare (4.1s)
✔ [1975/8034] Built Mathlib.Tactic.Ring.RingNF (4.0s)
✔ [1976/8034] Built Mathlib.Tactic.Linarith.Frontend (4.6s)
✔ [1977/8034] Built Mathlib.Order.UpperLower.Principal (3.1s)
✔ [1978/8034] Built Mathlib.Tactic.NormNum.ModEq (2.8s)
✔ [1979/8034] Built Mathlib.Order.Filter.Bases.Basic (4.1s)
✔ [1980/8034] Built Mathlib.Data.Nat.ChineseRemainder (3.2s)
✔ [1981/8034] Built Mathlib.Tactic.Field (2.7s)
✔ [1982/8034] Built Mathlib.CategoryTheory.FiberedCategory.Fibered (2.7s)
✔ [1983/8034] Built Mathlib.Data.Fintype.Lattice (2.6s)
✔ [1984/8034] Built Mathlib.Order.Interval.Set.IsoIoo (3.7s)
✔ [1985/8034] Built Mathlib.Data.Finset.Lattice.Pi (2.6s)
✔ [1986/8034] Built Mathlib.Algebra.Order.Group.Finset (3.1s)
✔ [1987/8034] Built Mathlib.Order.Nucleus (4.7s)
✔ [1988/8034] Built Mathlib.CategoryTheory.ConnectedComponents (3.0s)
✔ [1989/8034] Built Mathlib.Data.Finset.Powerset (3.3s)
✔ [1990/8034] Built Mathlib.CategoryTheory.Balanced (2.3s)
✔ [1991/8034] Built Mathlib.Algebra.Order.CauSeq.Completion (5.5s)
✔ [1992/8034] Built Mathlib.CategoryTheory.Conj (2.5s)
✔ [1993/8034] Built Mathlib.CategoryTheory.Center.Basic (2.6s)
✔ [1994/8034] Built Mathlib.Algebra.Order.Module.Equiv (2.4s)
✔ [1995/8034] Built Mathlib.CategoryTheory.Retract (3.9s)
✔ [1996/8034] Built Mathlib.CategoryTheory.MorphismProperty.Quotient (2.4s)
✔ [1997/8034] Built Mathlib.CategoryTheory.Types.Basic (3.5s)
✔ [1998/8034] Built Mathlib.LinearAlgebra.GeneralLinearGroup.Basic (2.0s)
✔ [1999/8034] Built Mathlib.Algebra.BigOperators.Option (2.4s)
✔ [2000/8034] Built Mathlib.Algebra.Order.Nonneg.Ring (2.0s)
✔ [2001/8034] Built Mathlib.CategoryTheory.PathCategory.Basic (3.1s)
✔ [2002/8034] Built Mathlib.Dynamics.BirkhoffSum.Basic (2.4s)
✔ [2003/8034] Built Mathlib.NumberTheory.Harmonic.Defs (2.2s)
✔ [2004/8034] Built Mathlib.RingTheory.Prime (2.7s)
✔ [2005/8034] Built Mathlib.Algebra.Order.BigOperators.GroupWithZero.Finset (2.3s)
✔ [2006/8034] Built Mathlib.Data.Holor (3.2s)
✔ [2007/8034] Built Mathlib.Algebra.Group.EvenFunction (2.6s)
✔ [2008/8034] Built Mathlib.Algebra.BigOperators.Group.Finset.Indicator (2.8s)
✔ [2009/8034] Built Mathlib.Data.Multiset.Fintype (4.4s)
✔ [2010/8034] Built Mathlib.Algebra.BigOperators.GroupWithZero.Finset (2.8s)
✔ [2011/8034] Built Mathlib.Algebra.BigOperators.Group.Finset.Lemmas (2.7s)
✔ [2012/8034] Built Mathlib.Algebra.GradedMonoid (4.5s)
✔ [2013/8034] Built Mathlib.Algebra.GroupWithZero.Action.TransferInstance (2.5s)
✔ [2014/8034] Built Mathlib.Data.Fintype.Prod (2.4s)
✔ [2015/8034] Built Mathlib.Algebra.Group.Shrink (2.9s)
✔ [2016/8034] Built Mathlib.Data.Fintype.Sum (2.7s)
✔ [2017/8034] Built Mathlib.Tactic.NormNum.BigOperators (5.3s)
✔ [2018/8034] Built Mathlib.Data.Fintype.Pigeonhole (2.4s)
✔ [2019/8034] Built Mathlib.Data.Fintype.Shrink (2.5s)
✔ [2020/8034] Built Mathlib.Data.Finset.NoncommProd (4.4s)
✔ [2021/8034] Built Mathlib.Algebra.BigOperators.Group.Finset.Piecewise (4.4s)
✔ [2022/8034] Built Mathlib.Data.ZMod.Defs (3.0s)
✔ [2023/8034] Built Mathlib.Algebra.CharZero.Infinite (2.5s)
✔ [2024/8034] Built Mathlib.Data.FinEnum (3.6s)
✔ [2025/8034] Built Mathlib.CategoryTheory.FinCategory.Basic (2.3s)
✔ [2026/8034] Built Mathlib.Logic.Equiv.Fintype (2.6s)
✔ [2027/8034] Built Mathlib.Data.Finite.Set (2.1s)
✔ [2028/8034] Built Mathlib.Data.Fintype.Option (2.3s)
✔ [2029/8034] Built Mathlib.Data.Finset.Sort (4.9s)
✔ [2030/8034] Built Mathlib.Data.Fintype.Perm (3.6s)
✔ [2031/8034] Built Mathlib.Data.Set.Finite.Range (2.4s)
✔ [2032/8034] Built Mathlib.Data.Finset.PiInduction (2.4s)
✔ [2033/8034] Built Mathlib.Order.ScottContinuity.Complete (2.3s)
✔ [2034/8034] Built Mathlib.Algebra.Field.TransferInstance (2.6s)
✔ [2035/8034] Built Mathlib.Algebra.BigOperators.Group.Finset.Sigma (2.9s)
✔ [2036/8034] Built Mathlib.Data.Countable.Basic (2.9s)
✔ [2037/8034] Built Mathlib.Order.Interval.Set.Monotone (2.0s)
✔ [2038/8034] Built Mathlib.Algebra.Order.SuccPred.TypeTags (2.8s)
✔ [2039/8034] Built Mathlib.Data.Finmap (4.1s)
✔ [2040/8034] Built Mathlib.Data.Set.Finite.Basic (4.7s)
✔ [2041/8034] Built Mathlib.Order.SuccPred.Relation (3.2s)
✔ [2042/8034] Built Mathlib.Logic.Encodable.Basic (4.0s)
✔ [2043/8034] Built Mathlib.Order.SupIndep (4.9s)
✔ [2044/8034] Built Mathlib.Algebra.Ring.Submonoid.Basic (2.3s)
✔ [2045/8034] Built Mathlib.Order.SuccPred.IntervalSucc (4.6s)
✔ [2046/8034] Built Mathlib.Order.SuccPred.Tree (2.8s)
✔ [2047/8034] Built Mathlib.Algebra.Group.Submonoid.MulOpposite (3.2s)
✔ [2048/8034] Built Mathlib.Order.ZornAtoms (2.5s)
✔ [2049/8034] Built Mathlib.Order.Radical (2.2s)
✔ [2050/8034] Built Mathlib.Data.Fintype.Sigma (6.5s)
✔ [2051/8034] Built Mathlib.Data.DList.Instances (2.5s)
✔ [2052/8034] Built Mathlib.Order.Filter.ListTraverse (2.5s)
✔ [2053/8034] Built Mathlib.Data.Multiset.Functor (2.8s)
✔ [2054/8034] Built Mathlib.SetTheory.PGame.Order (3.8s)
✔ [2055/8034] Built Mathlib.Data.Set.Pointwise.Support (2.6s)
✔ [2056/8034] Built Mathlib.Algebra.Ring.Action.Pointwise.Set (2.7s)
✔ [2057/8034] Built Mathlib.Order.SuccPred.Limit (5.5s)
✔ [2058/8034] Built Mathlib.Order.Filter.AtTopBot.Tendsto (2.5s)
✔ [2059/8034] Built Mathlib.Order.Filter.AtTopBot.Map (1.0s)
✔ [2060/8034] Built Mathlib.Order.Filter.IndicatorFunction (2.6s)
✔ [2061/8034] Built Mathlib.Order.Filter.Partial (2.3s)
✔ [2062/8034] Built Mathlib.Data.Multiset.Sym (2.3s)
✔ [2063/8034] Built Mathlib.Tactic.Ring (2.4s)
✔ [2064/8034] Built Mathlib.Order.UpperLower.Hom (2.5s)
✔ [2065/8034] Built Mathlib.Order.Filter.Extr (3.4s)
✔ [2066/8034] Built Mathlib.Tactic.LinearCombination (3.6s)
✔ [2067/8034] Built Mathlib.Logic.Godel.GodelBetaFunction (3.1s)
✔ [2068/8034] Built Mathlib.Algebra.BigOperators.Group.Finset.Powerset (2.9s)
✔ [2069/8034] Built Mathlib.Tactic.Bound (3.8s)
✔ [2070/8034] Built Mathlib.Order.UpperLower.Closure (3.9s)
✔ [2071/8034] Built Mathlib.CategoryTheory.FiberedCategory.HasFibers (3.4s)
✔ [2072/8034] Built Mathlib.Data.Fintype.Powerset (2.7s)
✔ [2073/8034] Built Mathlib.Data.Fintype.List (2.7s)
✔ [2074/8034] Built Mathlib.Order.Filter.Prod (5.2s)
✔ [2075/8034] Built Mathlib.CategoryTheory.MorphismProperty.Retract (2.5s)
✔ [2076/8034] Built Mathlib.CategoryTheory.LiftingProperties.Basic (2.0s)
✔ [2077/8034] Built Mathlib.Control.Fold (2.9s)
✔ [2078/8034] Built Mathlib.CategoryTheory.Types.Set (2.6s)
✔ [2079/8034] Built Mathlib.CategoryTheory.Functor.Hom (2.7s)
✔ [2080/8034] Built Mathlib.CategoryTheory.ComposableArrows.Basic (22s)
✔ [2081/8034] Built Mathlib.CategoryTheory.UnivLE (2.4s)
✔ [2082/8034] Built Mathlib.Algebra.Group.Submonoid.Operations (11s)
✔ [2083/8034] Built Mathlib.Order.Filter.Germ.Basic (7.5s)
✔ [2084/8034] Built Mathlib.LinearAlgebra.GeneralLinearGroup (2.3s)
✔ [2085/8034] Built Mathlib.Data.Real.Basic (5.1s)
✔ [2086/8034] Built Mathlib.Data.NNRat.Order (2.1s)
✔ [2087/8034] Built Mathlib.CategoryTheory.ConcreteCategory.Forget (3.2s)
✔ [2088/8034] Built Mathlib.CategoryTheory.Limits.Types.ColimitType (3.5s)
✔ [2089/8034] Built Mathlib.CategoryTheory.Category.RelCat (4.2s)
✔ [2090/8034] Built Mathlib.CategoryTheory.Core (4.9s)
✔ [2091/8034] Built Mathlib.CategoryTheory.Groupoid.FreeGroupoid (2.5s)
✔ [2092/8034] Built Mathlib.Algebra.Order.Nonneg.Field (3.6s)
✔ [2093/8034] Built Mathlib.CategoryTheory.PathCategory.MorphismProperty (2.3s)
✔ [2094/8034] Built Mathlib.CategoryTheory.Groupoid.VertexGroup (2.4s)
✔ [2095/8034] Built Mathlib.CategoryTheory.Category.Cat (5.5s)
✔ [2096/8034] Built Mathlib.Algebra.GradedMulAction (2.4s)
✔ [2097/8034] Built Mathlib.Dynamics.BirkhoffSum.Average (2.6s)
✔ [2098/8034] Built Mathlib.Algebra.GroupWithZero.Shrink (2.3s)
✔ [2099/8034] Built Mathlib.Algebra.Ring.Shrink (2.1s)
✔ [2100/8034] Built Mathlib.Algebra.BigOperators.WithTop (2.9s)
✔ [2101/8034] Built Mathlib.Data.Finite.Sum (2.1s)
✔ [2102/8034] Built Mathlib.Algebra.Module.TransferInstance (3.1s)
✔ [2103/8034] Built Mathlib.Algebra.Group.Submonoid.BigOperators (2.9s)
✔ [2104/8034] Built Mathlib.Computability.Language (3.4s)
✔ [2105/8034] Built Mathlib.Algebra.Group.Pointwise.Set.BigOperators (2.9s)
✔ [2106/8034] Built Mathlib.Data.BitVec (2.5s)
✔ [2107/8034] Built Mathlib.Data.FinEnum.Option (2.6s)
✔ [2108/8034] Built Mathlib.Order.Circular.ZMod (2.6s)
✔ [2109/8034] Built Mathlib.Data.Fintype.WithTopBot (2.5s)
✔ [2110/8034] Built Mathlib.Data.Fintype.Sort (2.5s)
✔ [2111/8034] Built Mathlib.Algebra.BigOperators.Pi (3.5s)
✔ [2112/8034] Built Mathlib.GroupTheory.Perm.Support (3.6s)
✔ [2113/8034] Built Mathlib.Data.Fin.Parity (2.0s)
✔ [2114/8034] Built Mathlib.CategoryTheory.FinCategory.AsType (2.0s)
✔ [2115/8034] Built Mathlib.Algebra.Field.Shrink (2.6s)
✔ [2116/8034] Built Mathlib.Deprecated.MLList.BestFirst (2.9s)
✔ [2117/8034] Built Mathlib.Data.Set.Finite.Powerset (2.2s)
✔ [2118/8034] Built Mathlib.Data.Finset.DenselyOrdered (2.2s)
✔ [2119/8034] Built Mathlib.Data.Finset.Preimage (2.9s)
✔ [2120/8034] Built Mathlib.Order.Interval.Finset.Gaps (4.6s)
✔ [2121/8034] Built Mathlib.Data.Nat.Count (2.6s)
✔ [2122/8034] Built Mathlib.Algebra.Star.Pointwise (2.5s)
✔ [2123/8034] Built Mathlib.Algebra.Group.Action.Pointwise.Set.Finite (2.4s)
✔ [2124/8034] Built Mathlib.Data.Fintype.Pi (2.9s)
✔ [2125/8034] Built Mathlib.Algebra.Notation.FiniteSupport (2.3s)
✔ [2126/8034] Built Mathlib.Data.Fintype.Order (3.0s)
✔ [2127/8034] Built Mathlib.Order.Preorder.Finite (2.5s)
✔ [2128/8034] Built Mathlib.Order.Interval.Set.Infinite (2.6s)
✔ [2129/8034] Built Mathlib.Topology.Basic (2.7s)
✔ [2130/8034] Built Mathlib.Order.Partition.Basic (2.5s)
✔ [2131/8034] Built Mathlib.Data.Finsupp.Defs (3.8s)
✔ [2132/8034] Built Mathlib.Algebra.Order.BigOperators.Group.Finset (5.9s)
✔ [2133/8034] Built Mathlib.Data.Rat.Encodable (2.1s)
✔ [2134/8034] Built Mathlib.Logic.Denumerable (2.9s)
✔ [2135/8034] Built Mathlib.Logic.Encodable.Lattice (2.5s)
✔ [2136/8034] Built Mathlib.Data.Finite.Sigma (2.4s)
✔ [2137/8034] Built Mathlib.Algebra.Group.Subgroup.MulOpposite (2.9s)
✔ [2138/8034] Built Mathlib.Order.SuccPred.InitialSeg (2.4s)
✔ [2139/8034] Built Mathlib.Order.SuccPred.CompleteLinearOrder (2.7s)
✔ [2140/8034] Built Mathlib.Order.Filter.Ultrafilter.Defs (3.4s)
✔ [2141/8034] Built Mathlib.Order.Ideal (3.9s)
✔ [2142/8034] Built Mathlib.Order.Interval.Set.Limit (2.3s)
✔ [2143/8034] Built Mathlib.Order.TransfiniteIteration (2.7s)
✔ [2144/8034] Built Mathlib.Tactic.DeriveEncodable (4.5s)
✔ [2145/8034] Built Mathlib.Order.Filter.AtTopBot.CompleteLattice (2.6s)
✔ [2146/8034] Built Mathlib.Algebra.Order.SuccPred (3.9s)
✔ [2147/8034] Built Mathlib.Order.Filter.AtTopBot.Monoid (3.1s)
✔ [2148/8034] Built Mathlib.Order.Filter.AtTopBot.Basic (3.4s)
✔ [2149/8034] Built Mathlib.Data.DFinsupp.Defs (7.8s)
✔ [2150/8034] Built Mathlib.Tactic.Group (3.1s)
✔ [2151/8034] Built Mathlib.Data.Nat.Factorial.DoubleFactorial (2.0s)
✔ [2152/8034] Built Mathlib.CategoryTheory.SmallObject.WellOrderInductionData (5.9s)
✔ [2153/8034] Built Mathlib.Tactic.LinearCombination' (3.6s)
✔ [2154/8034] Built Mathlib.RingTheory.Coprime.Basic (4.1s)
✔ [2155/8034] Built Mathlib.Data.PNat.Xgcd (3.3s)
✔ [2156/8034] Built Mathlib.Algebra.Quandle (5.3s)
✔ [2157/8034] Built Mathlib.Algebra.Ring.Identities (3.8s)
✔ [2158/8034] Built Mathlib.Data.Set.Finite.Lemmas (2.6s)
✔ [2159/8034] Built Mathlib.Order.UpperLower.Prod (3.2s)
✔ [2160/8034] Built Mathlib.Algebra.Ring.BooleanRing (5.6s)
✔ [2161/8034] Built Mathlib.Data.SetLike.Fintype (2.5s)
✔ [2162/8034] Built Mathlib.Algebra.Order.UpperLower (4.1s)
✔ [2163/8034] Built Mathlib.Combinatorics.Hall.Finite (3.1s)
✔ [2164/8034] Built Mathlib.Combinatorics.SetFamily.HarrisKleitman (3.1s)
✔ [2165/8034] Built Mathlib.Order.Filter.Curry (1.0s)
✔ [2166/8034] Built Mathlib.SetTheory.PGame.Algebra (9.5s)
✔ [2167/8034] Built Mathlib.Order.Filter.NAry (2.6s)
✔ [2168/8034] Built Mathlib.Order.DirectedInverseSystem (8.3s)
✔ [2169/8034] Built Mathlib.Order.Filter.Lift (2.7s)
✔ [2170/8034] Built Mathlib.CategoryTheory.Limits.Shapes.StrongEpi (2.6s)
✔ [2171/8034] Built Mathlib.CategoryTheory.ComposableArrows.Three (2.9s)
✔ [2172/8034] Built Mathlib.CategoryTheory.ComposableArrows.Two (2.6s)
✔ [2173/8034] Built Mathlib.Order.Filter.Germ.OrderedMonoid (2.2s)
✔ [2174/8034] Built Mathlib.CategoryTheory.ComposableArrows.One (2.8s)
✔ [2175/8034] Built Mathlib.Algebra.Ring.Subring.Units (2.5s)
✔ [2176/8034] Built Mathlib.Algebra.Order.Hom.Submonoid (2.1s)
✔ [2177/8034] Built Mathlib.Order.Partition.Finpartition (6.6s)
✔ [2178/8034] Built Mathlib.CategoryTheory.ComposableArrows.Four (4.0s)
✔ [2179/8034] Built Mathlib.Algebra.GroupWithZero.Submonoid.Instances (2.6s)
✔ [2180/8034] Built Mathlib.Algebra.Group.Submonoid.Finite (2.2s)
✔ [2181/8034] Built Mathlib.Algebra.PresentedMonoid.Basic (3.3s)
✔ [2182/8034] Built Mathlib.Data.List.Cycle (8.0s)
✔ [2183/8034] Built Mathlib.Data.Real.Star (2.7s)
✔ [2184/8034] Built Mathlib.GroupTheory.Congruence.Basic (4.2s)
✔ [2185/8034] Built Mathlib.GroupTheory.Submonoid.Center (3.6s)
✔ [2186/8034] Built Mathlib.Data.Real.Sign (2.9s)
✔ [2187/8034] Built Mathlib.CategoryTheory.ConcreteCategory.ReflectsIso (2.5s)
✔ [2188/8034] Built Mathlib.Algebra.Group.Submonoid.Membership (5.9s)
✔ [2189/8034] Built Mathlib.Algebra.Order.Field.Rat (2.5s)
✔ [2190/8034] Built Mathlib.CategoryTheory.MorphismProperty.Concrete (2.9s)
✔ [2191/8034] Built Mathlib.Tactic.CategoryTheory.Elementwise (3.4s)
✔ [2192/8034] Built Mathlib.Data.Rat.Cast.Lemmas (2.6s)
✔ [2193/8034] Built Mathlib.Order.Types.Arithmetic (4.2s)
✔ [2194/8034] Built Mathlib.Combinatorics.Quiver.ReflQuiver (2.6s)
✔ [2195/8034] Built Mathlib.CategoryTheory.Category.Cat.Op (2.5s)
✔ [2196/8034] Built Mathlib.CategoryTheory.Category.Cat.AsSmall (2.6s)
✔ [2197/8034] Built Mathlib.Algebra.Group.Subgroup.Lattice (6.6s)
✔ [2198/8034] Built Mathlib.Algebra.Module.Shrink (2.4s)
✔ [2199/8034] Built Mathlib.CategoryTheory.IsomorphismClasses (2.6s)
✔ [2200/8034] Built Mathlib.CategoryTheory.Groupoid.Subgroupoid (4.9s)
✔ [2201/8034] Built Mathlib.RingTheory.FilteredAlgebra.Basic (2.5s)
✔ [2202/8034] Built Mathlib.Tactic.CategoryTheory.ToApp (3.2s)
✔ [2203/8034] Built Mathlib.RingTheory.UniqueFactorizationDomain.Defs (2.9s)
✔ [2204/8034] Built Mathlib.Algebra.WithConv (3.5s)
✔ [2205/8034] Built Mathlib.Computability.ContextFreeGrammar (3.4s)
✔ [2206/8034] Built Mathlib.Data.Complex.Basic (8.1s)
✔ [2207/8034] Built Mathlib.Computability.RegularExpressions (3.8s)
✔ [2208/8034] Built Mathlib.GroupTheory.MonoidLocalization.Basic (10s)
✔ [2209/8034] Built Mathlib.Data.UInt (3.7s)
✔ [2210/8034] Built Mathlib.GroupTheory.Perm.List (3.2s)
✔ [2211/8034] Built Mathlib.Algebra.BigOperators.Group.Finset.Preimage (2.9s)
✔ [2212/8034] Built Mathlib.Algebra.Group.Translate (3.1s)
✔ [2213/8034] Built Mathlib.Algebra.Star.Conjneg (3.4s)
✔ [2214/8034] Built Mathlib.Algebra.Star.Center (2.5s)
✔ [2215/8034] Built Mathlib.Algebra.BigOperators.Group.Finset.Gaps (2.9s)
✔ [2216/8034] Built Mathlib.Combinatorics.Young.YoungDiagram (4.1s)
✔ [2217/8034] Built Mathlib.Data.Set.Finite.Lattice (4.4s)
✔ [2218/8034] Built Mathlib.Data.Finite.Prod (2.8s)
✔ [2219/8034] Built Mathlib.Algebra.BigOperators.Group.Finset.Pi (2.2s)
✔ [2220/8034] Built Mathlib.Algebra.Order.Rearrangement (5.7s)
✔ [2221/8034] Built Mathlib.Data.Fintype.Vector (2.3s)
✔ [2222/8034] Built Mathlib.Data.Fin.Tuple.Finset (2.9s)
✔ [2223/8034] Built Mathlib.Topology.Defs.Induced (2.3s)
✔ [2224/8034] Built Mathlib.Combinatorics.Digraph.Basic (3.3s)
✔ [2225/8034] Built Mathlib.CategoryTheory.Yoneda (15s)
✔ [2226/8034] Built Mathlib.Data.Set.Equitable (2.5s)
✔ [2227/8034] Built Mathlib.Combinatorics.Additive.Dissociation (3.4s)
✔ [2228/8034] Built Mathlib.Order.Preorder.Finsupp (2.5s)
✔ [2229/8034] Built Mathlib.Data.Rat.Denumerable (2.3s)
✔ [2230/8034] Built Mathlib.Computability.TuringMachine (5.2s)
✔ [2231/8034] Built Mathlib.Data.Finsupp.Single (3.5s)
✔ [2232/8034] Built Mathlib.Order.Interval.Finset.Defs (7.4s)
✔ [2233/8034] Built Mathlib.Topology.Defs.Ultrafilter (2.4s)
✔ [2234/8034] Built Mathlib.Logic.Equiv.List (2.0s)
✔ [2235/8034] Built Mathlib.Order.PFilter (2.7s)
✔ [2236/8034] Built Mathlib.Data.Nat.SuccPred (2.4s)
✔ [2237/8034] Built Mathlib.Computability.Primrec.Basic (3.0s)
✔ [2238/8034] Built Mathlib.GroupTheory.Coset.Defs (3.9s)
✔ [2239/8034] Built Mathlib.Order.IsNormal (3.9s)
✔ [2240/8034] Built Mathlib.SetTheory.Cardinal.Order (4.1s)
✔ [2241/8034] Built Mathlib.Algebra.Order.SuccPred.WithBot (2.5s)
✔ [2242/8034] Built Mathlib.Data.PNat.Order (2.6s)
✔ [2243/8034] Built Mathlib.Order.CountableDenseLinearOrder (3.2s)
✔ [2244/8034] Built Mathlib.Order.Filter.AtTopBot.ModEq (2.3s)
✔ [2245/8034] Built Mathlib.Data.DFinsupp.Ext (2.2s)
✔ [2246/8034] Built Mathlib.Order.Filter.AtTopBot.Prod (2.7s)
✔ [2247/8034] Built Mathlib.Algebra.Order.Interval.Basic (6.0s)
✔ [2248/8034] Built Mathlib.Data.DFinsupp.FiniteInfinite (1.0s)
✔ [2249/8034] Built Mathlib.Order.Filter.AtTopBot.Group (2.0s)
✔ [2250/8034] Built Mathlib.Algebra.Order.Interval.Set.SuccPred (4.1s)
✔ [2251/8034] Built Mathlib.Data.DFinsupp.Module (3.1s)
✔ [2252/8034] Built Mathlib.Data.DFinsupp.NeLocus (2.4s)
✔ [2253/8034] Built Mathlib.Combinatorics.SetFamily.Kleitman (2.4s)
✔ [2254/8034] Built Mathlib.Order.Filter.SmallSets (2.5s)
✔ [2255/8034] Built Mathlib.Order.Filter.Ring (2.3s)
✔ [2256/8034] Built Mathlib.Topology.Closure (3.4s)
✔ [2257/8034] Built Mathlib.Data.Setoid.Partition (2.7s)
✔ [2258/8034] Built Mathlib.GroupTheory.Submonoid.Centralizer (2.5s)
✔ [2259/8034] Built Mathlib.Dynamics.PeriodicPts.Defs (3.4s)
✔ [2260/8034] Built Mathlib.Data.NNRat.Lemmas (2.6s)
✔ [2261/8034] Built Mathlib.Algebra.Module.Congruence.Defs (3.4s)
✔ [2262/8034] Built Mathlib.RingTheory.Congruence.Basic (4.2s)
✔ [2263/8034] Built Mathlib.CategoryTheory.Elementwise (2.5s)
✔ [2264/8034] Built Mathlib.Data.Rat.Cast.OfScientific (2.5s)
✔ [2265/8034] Built Mathlib.Algebra.GroupWithZero.NonZeroDivisors (4.7s)
✔ [2266/8034] Built Mathlib.CategoryTheory.Monad.Basic (6.4s)
✔ [2267/8034] Built Mathlib.Tactic.NormNum.OfScientific (2.8s)
✔ [2268/8034] Built Mathlib.Data.Rat.Cast.Order (4.6s)
✔ [2269/8034] Built Mathlib.Data.Finset.Density (5.4s)
✔ [2270/8034] Built Mathlib.RingTheory.NonUnitalSubsemiring.Basic (6.4s)
✔ [2271/8034] Built Mathlib.Algebra.Order.Star.Basic (6.7s)
✔ [2272/8034] Built Mathlib.Order.Filter.Pointwise (8.7s)
✔ [2273/8034] Built Mathlib.GroupTheory.Perm.Sign (4.3s)
✔ [2274/8034] Built Mathlib.GroupTheory.MonoidLocalization.Lemmas (2.7s)
✔ [2275/8034] Built Mathlib.Order.Filter.AtTopBot.BigOperators (2.5s)
✔ [2276/8034] Built Mathlib.Combinatorics.Young.SemistandardTableau (2.5s)
✔ [2277/8034] Built Mathlib.GroupTheory.MonoidLocalization.Order (3.4s)
✔ [2278/8034] Built Mathlib.Order.TeichmullerTukey (1.0s)
✔ [2279/8034] Built Mathlib.Order.ConditionallyCompleteLattice.Finset (3.1s)
✔ [2280/8034] Built Mathlib.Data.Nat.PrimeFin (3.0s)
✔ [2281/8034] Built Mathlib.Data.Set.MemPartition (3.1s)
✔ [2282/8034] Built Mathlib.Order.Filter.Finite (3.6s)
✔ [2283/8034] Built Mathlib.Data.FunLike.Fintype (3.1s)
✔ [2284/8034] Built Mathlib.Algebra.Group.Subgroup.Map (7.8s)
✔ [2285/8034] Built Mathlib.Combinatorics.HalesJewett (4.0s)
✔ [2286/8034] Built Mathlib.Data.Set.Finite.Monad (3.2s)
✔ [2287/8034] Built Mathlib.Algebra.Group.Pointwise.Set.Finite (3.0s)
✔ [2288/8034] Built Mathlib.Data.Finset.NAry (4.8s)
✔ [2289/8034] Built Mathlib.Data.Finite.Vector (2.5s)
✔ [2290/8034] Built Mathlib.CategoryTheory.Bicategory.Functor.Oplax (10s)
✔ [2291/8034] Built Mathlib.Data.Fintype.BigOperators (3.5s)
✔ [2292/8034] Built Mathlib.Data.Finset.Sym (3.4s)
✔ [2293/8034] Built Mathlib.Algebra.BigOperators.Ring.Finset (4.1s)
✔ [2294/8034] Built Mathlib.CategoryTheory.RepresentedBy (2.8s)
✔ [2295/8034] Built Mathlib.Combinatorics.SimpleGraph.Basic (6.5s)
✔ [2296/8034] Built Mathlib.Order.Partition.Equipartition (3.5s)
✔ [2297/8034] Built Mathlib.Data.Finsupp.Notation (2.9s)
✔ [2298/8034] Built Mathlib.GroupTheory.MonoidLocalization.Maps (9.0s)
✔ [2299/8034] Built Mathlib.CategoryTheory.Bicategory.Functor.Lax (11s)
✔ [2300/8034] Built Mathlib.Data.Finsupp.Fin (2.5s)
✔ [2301/8034] Built Mathlib.Order.UpperLower.LocallyFinite (2.2s)
✔ [2302/8034] Built Mathlib.Data.Finsupp.Indicator (2.5s)
✔ [2303/8034] Built Mathlib.Order.Atoms.Finite (2.6s)
✔ [2304/8034] Built Mathlib.Algebra.Colimit.DirectLimit (18s)
✔ [2305/8034] Built Mathlib.Algebra.Group.Finsupp (5.1s)
✔ [2306/8034] Built Mathlib.Algebra.Order.Antidiag.Prod (2.6s)
✔ [2307/8034] Built Mathlib.Order.SuccPred.LinearLocallyFinite (4.1s)
✔ [2308/8034] Built Mathlib.Algebra.Order.Interval.Finset.Basic (3.3s)
✔ [2309/8034] Built Mathlib.Logic.Equiv.Multiset (2.5s)
✔ [2310/8034] Built Mathlib.Logic.Equiv.Array (2.5s)
✔ [2311/8034] Built Mathlib.Data.Set.Countable (3.3s)
✔ [2312/8034] Built Mathlib.Order.PrimeIdeal (3.3s)
✔ [2313/8034] Built Mathlib.Order.Interval.Finset.SuccPred (4.4s)
✔ [2314/8034] Built Mathlib.Data.Sigma.Interval (4.4s)
✔ [2315/8034] Built Mathlib.Data.Int.SuccPred (3.1s)
✔ [2316/8034] Built Mathlib.Order.Filter.AtTopBot.Ring (2.7s)
✔ [2317/8034] Built Mathlib.Order.Monotone.MonovaryOrder (3.4s)
✔ [2318/8034] Built Mathlib.Data.DFinsupp.Sigma (3.4s)
✔ [2319/8034] Built Mathlib.RingTheory.Congruence.Opposite (2.4s)
✔ [2320/8034] Built Mathlib.CategoryTheory.Adjunction.Basic (10s)
✔ [2321/8034] Built Mathlib.SetTheory.Game.Basic (23s)
✔ [2322/8034] Built Mathlib.Topology.Neighborhoods (3.1s)
✔ [2323/8034] Built Mathlib.Data.Sum.Interval (8.0s)
✔ [2324/8034] Built Mathlib.Order.Filter.FilterProduct (4.1s)
✔ [2325/8034] Built Mathlib.Order.Category.Preord (3.4s)
✔ [2326/8034] Built Mathlib.Data.ENat.Basic (6.2s)
✔ [2327/8034] Built Mathlib.GroupTheory.GroupAction.FixedPoints (3.8s)
✔ [2328/8034] Built Mathlib.Data.DFinsupp.Order (5.5s)
✔ [2329/8034] Built Mathlib.Algebra.Order.Monoid.PNat (2.6s)
✔ [2330/8034] Built Mathlib.Order.Interval.Finset.Basic (9.7s)
✔ [2331/8034] Built Mathlib.RingTheory.OreLocalization.NonZeroDivisors (2.7s)
✔ [2332/8034] Built Mathlib.Tactic.Rify (2.5s)
✔ [2333/8034] Built Mathlib.Tactic.NormNum (2.5s)
✔ [2334/8034] Built Mathlib.Algebra.Ring.NonZeroDivisors (2.9s)
✔ [2335/8034] Built Mathlib.CategoryTheory.Subfunctor.Basic (4.3s)
✔ [2336/8034] Built Mathlib.Algebra.Order.Module.Rat (2.8s)
✔ [2337/8034] Built Mathlib.Algebra.Star.NonUnitalSubsemiring (2.6s)
✔ [2338/8034] Built Mathlib.Algebra.Category.Semigrp.Basic (5.4s)
✔ [2339/8034] Built Mathlib.Tactic.Positivity.Finset (3.5s)
✔ [2340/8034] Built Mathlib.Algebra.Order.Star.Pi (2.3s)
✔ [2341/8034] Built Mathlib.Algebra.Order.Ring.Star (2.5s)
✔ [2342/8034] Built Mathlib.Data.Int.Star (2.6s)
✔ [2343/8034] Built Mathlib.Algebra.Order.Star.Conjneg (2.7s)
✔ [2344/8034] Built Mathlib.Algebra.Order.Star.Prod (2.7s)
✔ [2345/8034] Built Mathlib.Data.Rat.Star (3.1s)
✔ [2346/8034] Built Mathlib.GroupTheory.Perm.Option (2.6s)
✔ [2347/8034] Built Mathlib.Algebra.Tropical.BigOperators (2.6s)
✔ [2348/8034] Built Mathlib.Algebra.Category.MonCat.Basic (7.5s)
✔ [2349/8034] Built Mathlib.Order.Filter.Bases.Finite (2.6s)
✔ [2350/8034] Built Mathlib.Order.Filter.AtTopBot.Finset (2.7s)
✔ [2351/8034] Built Mathlib.Combinatorics.KatonaCircle (5.5s)
✔ [2352/8034] Built Mathlib.Algebra.Group.Subgroup.ZPowers.Basic (3.1s)
✔ [2353/8034] Built Mathlib.Order.SupClosed (4.9s)
✔ [2354/8034] Built Mathlib.Data.Set.Finite.List (2.5s)
✔ [2355/8034] Built Mathlib.Data.Finsupp.Fintype (2.5s)
✔ [2356/8034] Built Mathlib.Data.Finset.Functor (2.8s)
✔ [2357/8034] Built Mathlib.Algebra.Ring.Subsemiring.Basic (7.5s)
✔ [2358/8034] Built Mathlib.Data.Sym.Sym2.Finsupp (2.4s)
✔ [2359/8034] Built Mathlib.Data.Fintype.CardEmbedding (2.6s)
✔ [2360/8034] Built Mathlib.GroupTheory.GroupAction.Basic (5.0s)
✔ [2361/8034] Built Mathlib.Data.Sym.Card (2.7s)
✔ [2362/8034] Built Mathlib.Data.Sign.Basic (3.8s)
✔ [2363/8034] Built Mathlib.CategoryTheory.Limits.Cones (20s)
✔ [2364/8034] Built Mathlib.Algebra.BigOperators.Sym (2.4s)
✔ [2365/8034] Built Mathlib.Algebra.Group.Pointwise.Finset.Scalar (4.5s)
✔ [2366/8034] Built Mathlib.Algebra.BigOperators.Field (2.6s)
✔ [2367/8034] Built Mathlib.Combinatorics.Enumerative.DoubleCounting (3.1s)
✔ [2368/8034] Built Mathlib.Combinatorics.Digraph.Orientation (2.2s)
✔ [2369/8034] Built Mathlib.Combinatorics.SimpleGraph.LineGraph (2.2s)
✔ [2370/8034] Built Mathlib.Algebra.Group.Subgroup.Ker (6.6s)
✔ [2371/8034] Built Mathlib.Combinatorics.SimpleGraph.Dart (2.6s)
✔ [2372/8034] Built Mathlib.RingTheory.Coprime.Lemmas (3.8s)
✔ [2373/8034] Built Mathlib.Data.DFinsupp.Notation (2.9s)
✔ [2374/8034] Built Mathlib.GroupTheory.MonoidLocalization.DivPairs (2.8s)
✔ [2375/8034] Built Mathlib.GroupTheory.MonoidLocalization.MonoidWithZero (3.1s)
✔ [2376/8034] Built Mathlib.GroupTheory.MonoidLocalization.Away (3.1s)
✔ [2377/8034] Built Mathlib.Combinatorics.SimpleGraph.Regularity.Equitabilise (4.1s)
✔ [2378/8034] Built Mathlib.Data.Finsupp.BigOperators (2.4s)
✔ [2379/8034] Built Mathlib.Data.Finsupp.SMulWithZero (2.3s)
✔ [2380/8034] Built Mathlib.GroupTheory.MonoidLocalization.GrothendieckGroup (3.4s)
✔ [2381/8034] Built Mathlib.Data.List.ToFinsupp (2.6s)
✔ [2382/8034] Built Mathlib.Algebra.Order.BigOperators.Ring.Finset (5.8s)
✔ [2383/8034] Built Mathlib.Data.Finsupp.Pointwise (3.1s)
✔ [2384/8034] Built Mathlib.Data.Finsupp.NeLocus (2.6s)
✔ [2385/8034] Built Mathlib.Data.Finsupp.Ext (2.5s)
✔ [2386/8034] Built Mathlib.Logic.Equiv.Finset (2.6s)
✔ [2387/8034] Built Mathlib.Data.Finset.NatAntidiagonal (2.9s)
✔ [2388/8034] Built Mathlib.Combinatorics.Additive.FreimanHom (8.4s)
✔ [2389/8034] Built Mathlib.Data.Set.FiniteExhaustion (2.5s)
✔ [2390/8034] Built Mathlib.Order.Filter.CountableInter (2.0s)
✔ [2391/8034] Built Mathlib.Algebra.Group.Pointwise.Finset.Basic (11s)
✔ [2392/8034] Built Mathlib.Order.PrimeSeparator (3.3s)
✔ [2393/8034] Built Mathlib.MeasureTheory.MeasurableSpace.Defs (4.0s)
✔ [2394/8034] Built Mathlib.Order.Grade (3.2s)
✔ [2395/8034] Built Mathlib.CategoryTheory.Category.Cat.Adjunction (3.0s)
✔ [2396/8034] Built Mathlib.CategoryTheory.Category.Pointed (2.8s)
✔ [2397/8034] Built Mathlib.CategoryTheory.CodiscreteCategory (2.0s)
✔ [2398/8034] Built Mathlib.Algebra.Order.Interval.Finset.SuccPred (4.0s)
✔ [2399/8034] Built Mathlib.Order.Filter.AtTopBot.Field (3.7s)
✔ [2400/8034] Built Mathlib.CategoryTheory.Category.GaloisConnection (2.2s)
✔ [2401/8034] Built Mathlib.CategoryTheory.LiftingProperties.Adjunction (2.9s)
✔ [2402/8034] Built Mathlib.SetTheory.Cardinal.Basic (5.0s)
✔ [2403/8034] Built Mathlib.CategoryTheory.Adjunction.Whiskering (3.1s)
✔ [2404/8034] Built Mathlib.CategoryTheory.Monad.Kleisli (3.0s)
✔ [2405/8034] Built Mathlib.CategoryTheory.Adjunction.Opposites (3.0s)
✔ [2406/8034] Built Mathlib.Topology.Partial (2.1s)
✔ [2407/8034] Built Mathlib.CategoryTheory.Adjunction.Restrict (2.6s)
✔ [2408/8034] Built Mathlib.CategoryTheory.Adjunction.Parametrized (3.1s)
✔ [2409/8034] Built Mathlib.SetTheory.Game.Impartial (2.8s)
✔ [2410/8034] Built Mathlib.Topology.NhdsSet (2.5s)
✔ [2411/8034] Built Mathlib.CategoryTheory.Category.Quiv (3.7s)
✔ [2412/8034] Built Mathlib.Topology.ClusterPt (2.8s)
✔ [2413/8034] Built Mathlib.CategoryTheory.Adjunction.FullyFaithful (3.8s)
✔ [2414/8034] Built Mathlib.CategoryTheory.Skeletal (4.6s)
✔ [2415/8034] Built Mathlib.Data.ENat.Pow (2.8s)
✔ [2416/8034] Built Mathlib.Order.Category.PartOrd (3.7s)
✔ [2417/8034] Built Mathlib.Tactic.ENatToNat (2.8s)
✔ [2418/8034] Built Mathlib.CategoryTheory.Bicategory.NaturalTransformation.Lax (12s)
✔ [2419/8034] Built Mathlib.CategoryTheory.Bicategory.NaturalTransformation.Oplax (18s)
✔ [2420/8034] Built Mathlib.Order.Restriction (2.8s)
✔ [2421/8034] Built Mathlib.Data.Pi.Interval (2.8s)
✔ [2422/8034] Built Mathlib.GroupTheory.GroupAction.FixingSubgroup (3.7s)
✔ [2423/8034] Built Mathlib.Order.Interval.Finset.DenselyOrdered (2.6s)
✔ [2424/8034] Built Mathlib.Order.Birkhoff (3.0s)
✔ [2425/8034] Built Mathlib.Order.Interval.Multiset (3.1s)
✔ [2426/8034] Built Mathlib.Data.Int.Interval (3.9s)
✔ [2427/8034] Built Mathlib.CategoryTheory.Adjunction.Mates (7.3s)
✔ [2428/8034] Built Mathlib.Tactic.Linarith (2.7s)
✔ [2429/8034] Built Mathlib.RingTheory.Multiplicity (6.4s)
✔ [2430/8034] Built Mathlib.CategoryTheory.Bicategory.Functor.Pseudofunctor (15s)
✔ [2431/8034] Built Mathlib.Data.List.Shortlex (2.7s)
✔ [2432/8034] Built Mathlib.Tactic.NormNum.NatSqrt (2.2s)
✔ [2433/8034] Built Mathlib.Tactic.NormNum.NatLog (2.8s)
✔ [2434/8034] Built Mathlib.Computability.DFA (3.7s)
✔ [2435/8034] Built Mathlib.Tactic.Positivity (2.4s)
✔ [2436/8034] Built Mathlib.Tactic.NormNum.NatFactorial (3.1s)
✔ [2437/8034] Built Mathlib.Tactic.NormNum.GCD (4.4s)
✔ [2438/8034] Built Mathlib.RingTheory.OreLocalization.Ring (5.0s)
✔ [2439/8034] Built Mathlib.Combinatorics.Derangements.Basic (2.0s)
✔ [2440/8034] Built Mathlib.Tactic.IntervalCases (3.8s)
✔ [2441/8034] Built Mathlib.Algebra.Category.MonCat.ForgetCorepresentable (2.7s)
✔ [2442/8034] Built Mathlib.CategoryTheory.SingleObj (3.3s)
✔ [2443/8034] Built Mathlib.Algebra.Category.MonCat.Yoneda (3.3s)
✔ [2444/8034] Built Mathlib.Order.Filter.CountablyGenerated (2.7s)
✔ [2445/8034] Built Mathlib.Order.Filter.AtTopBot.Finite (2.8s)
✔ [2446/8034] Built Mathlib.Order.Filter.Pi (2.8s)
✔ [2447/8034] Built Mathlib.Order.Filter.Interval (3.9s)
✔ [2448/8034] Built Mathlib.Algebra.Star.Subsemiring (2.9s)
✔ [2449/8034] Built Mathlib.RingTheory.LocalRing.Subring (2.4s)
✔ [2450/8034] Built Mathlib.CategoryTheory.Limits.Shapes.Preorder.PrincipalSeg (2.1s)
✔ [2451/8034] Built Mathlib.Algebra.Ring.Subsemiring.MulOpposite (2.8s)
✔ [2452/8034] Built Mathlib.Combinatorics.Additive.SubsetSum (2.5s)
✔ [2453/8034] Built Mathlib.Algebra.Ring.SumsOfSquares (3.4s)
✔ [2454/8034] Built Mathlib.Order.Sublocale (4.5s)
✔ [2455/8034] Built Mathlib.Order.Sublattice (4.6s)
✔ [2456/8034] Built Mathlib.CategoryTheory.Limits.Bicones (3.3s)
✔ [2457/8034] Built Mathlib.Data.Set.Sups (5.7s)
✔ [2458/8034] Built Mathlib.GroupTheory.Subgroup.Saturated (2.2s)
✔ [2459/8034] Built Mathlib.Combinatorics.Tiling.Tile (3.7s)
✔ [2460/8034] Built Mathlib.GroupTheory.NoncommCoprod (3.2s)
✔ [2461/8034] Built Mathlib.Algebra.Group.Subgroup.ZPowers.Lemmas (2.1s)
✔ [2462/8034] Built Mathlib.GroupTheory.Perm.ClosureSwap (2.4s)
✔ [2463/8034] Built Mathlib.Algebra.Group.AddChar (4.9s)
✔ [2464/8034] Built Mathlib.Algebra.Category.Grp.Basic (8.3s)
✔ [2465/8034] Built Mathlib.Algebra.Group.Graph (3.5s)
✔ [2466/8034] Built Mathlib.Algebra.GCDMonoid.FinsetLemmas (2.3s)
✔ [2467/8034] Built Mathlib.Data.NNRat.BigOperators (2.4s)
✔ [2468/8034] Built Mathlib.Data.Nat.Factorial.BigOperators (2.6s)
✔ [2469/8034] Built Mathlib.Algebra.Group.Subgroup.Basic (6.9s)
✔ [2470/8034] Built Mathlib.Logic.Encodable.Pi (2.3s)
✔ [2471/8034] Built Mathlib.Algebra.Ring.CentroidHom (9.7s)
✔ [2472/8034] Built Mathlib.Combinatorics.SimpleGraph.Maps (4.9s)
✔ [2473/8034] Built Mathlib.GroupTheory.QuotientGroup.Defs (5.0s)
✔ [2474/8034] Built Mathlib.Data.Nat.Factorial.NatCast (2.7s)
✔ [2475/8034] Built Mathlib.Algebra.Order.Floor.Div (5.0s)
✔ [2476/8034] Built Mathlib.Combinatorics.SimpleGraph.Walks.Basic (5.7s)
✔ [2477/8034] Built Mathlib.GroupTheory.FreeGroup.Basic (7.0s)
✔ [2478/8034] Built Mathlib.Algebra.Order.Monoid.LocallyFiniteOrder (7.5s)
✔ [2479/8034] Built Mathlib.Algebra.BigOperators.NatAntidiagonal (2.5s)
✔ [2480/8034] Built Mathlib.Data.Nat.Fib.Basic (3.2s)
✔ [2481/8034] Built Mathlib.Combinatorics.Additive.Corner.Defs (2.8s)
✔ [2482/8034] Built Mathlib.Order.Filter.CountableSeparatingOn (2.6s)
✔ [2483/8034] Built Mathlib.CategoryTheory.Limits.IsLimit (12s)
✔ [2484/8034] Built Mathlib.Algebra.Group.Pointwise.Finset.BigOperators (2.4s)
✔ [2485/8034] Built Mathlib.Combinatorics.Additive.CovBySMul (2.8s)
✔ [2486/8034] Built Mathlib.Algebra.Ring.Pointwise.Finset (2.4s)
✔ [2487/8034] Built Mathlib.GroupTheory.Coprod.Basic (10s)
✔ [2488/8034] Built Mathlib.Algebra.BigOperators.Finsupp.Basic (6.0s)
✔ [2489/8034] Built Mathlib.Algebra.Group.Action.Equidecomp (2.9s)
✔ [2490/8034] Built Mathlib.Algebra.Group.Pointwise.Finset.Interval (3.4s)
✔ [2491/8034] Built Mathlib.Algebra.GroupWithZero.Pointwise.Finset (2.6s)
✔ [2492/8034] Built Mathlib.Algebra.Ring.Action.Pointwise.Finset (2.6s)
✔ [2493/8034] Built Mathlib.Algebra.Group.Action.Pointwise.Finset (4.2s)
✔ [2494/8034] Built Mathlib.MeasureTheory.MeasurableSpace.Invariants (2.6s)
✔ [2495/8034] Built Mathlib.MeasureTheory.MeasurableSpace.EventuallyMeasurable (2.5s)
✔ [2496/8034] Built Mathlib.MeasureTheory.MeasurableSpace.Basic (3.4s)
✔ [2497/8034] Built Mathlib.MeasureTheory.MeasurableSpace.Instances (2.6s)
✔ [2498/8034] Built Mathlib.Data.Finset.Grade (2.9s)
✔ [2499/8034] Built Mathlib.Combinatorics.Additive.Energy (6.3s)
✔ [2500/8034] Built Mathlib.Order.KonigLemma (3.1s)
✔ [2501/8034] Built Mathlib.CategoryTheory.Category.Bipointed (2.9s)
✔ [2502/8034] Built Mathlib.CategoryTheory.Category.PartialFun (3.3s)
✔ [2503/8034] Built Mathlib.Algebra.BigOperators.Finprod (10s)
✔ [2504/8034] Built Mathlib.Algebra.Group.UniqueProds.Basic (6.2s)
✔ [2505/8034] Built Mathlib.Data.Rat.Cardinal (2.3s)
✔ [2506/8034] Built Mathlib.CategoryTheory.Functor.EpiMono (2.8s)
✔ [2507/8034] Built Mathlib.Algebra.QuadraticDiscriminant (3.3s)
✔ [2508/8034] Built Mathlib.Algebra.Module.Card (2.3s)
✔ [2509/8034] Built Mathlib.Computability.Encoding (2.7s)
✔ [2510/8034] Built Mathlib.SetTheory.Cardinal.ENat (3.7s)
✔ [2511/8034] Built Mathlib.SetTheory.ZFC.Cardinal (2.7s)
✔ [2512/8034] Built Mathlib.CategoryTheory.Monad.Types (2.4s)
✔ [2513/8034] Built Mathlib.Topology.Continuous (3.2s)
✔ [2514/8034] Built Mathlib.Algebra.Order.Interval.Multiset (2.4s)
✔ [2515/8034] Built Mathlib.CategoryTheory.EssentiallySmall (3.7s)
✔ [2516/8034] Built Mathlib.Order.Category.Lat (3.4s)
✔ [2517/8034] Built Mathlib.Order.Category.Semilat (4.0s)
✔ [2518/8034] Built Mathlib.CategoryTheory.Category.ReflQuiv (5.0s)
✔ [2519/8034] Built Mathlib.CategoryTheory.FintypeCat (4.9s)
✔ [2520/8034] Built Mathlib.Algebra.Order.Group.Int.Sum (3.4s)
✔ [2521/8034] Built Mathlib.CategoryTheory.Localization.Construction (5.3s)
✔ [2522/8034] Built Mathlib.Data.Seq.Basic (4.9s)
✔ [2523/8034] Built Mathlib.Order.Interval.Finset.Nat (4.2s)
✔ [2524/8034] Built Mathlib.ModelTheory.Basic (6.2s)
✔ [2525/8034] Built Mathlib.SetTheory.Ordinal.Basic (8.3s)
✔ [2526/8034] Built Mathlib.Algebra.BigOperators.Group.Finset.Interval (3.0s)
✔ [2527/8034] Built Mathlib.Algebra.Order.Ring.Interval (2.0s)
✔ [2528/8034] Built Mathlib.CategoryTheory.Adjunction.Unique (3.0s)
✔ [2529/8034] Built Mathlib.CategoryTheory.Equivalence.Symmetry (3.9s)
✔ [2530/8034] Built Mathlib.Data.Nat.Choose.Central (2.8s)
✔ [2531/8034] Built Mathlib.CategoryTheory.Adjunction.CompositionIso (3.5s)
✔ [2532/8034] Built Mathlib.Data.Nat.Digits.Defs (3.2s)
✔ [2533/8034] Built Mathlib.CategoryTheory.Bicategory.Adjunction.Cat (4.6s)
✔ [2534/8034] Built Mathlib.CategoryTheory.Bicategory.Modification.Oplax (7.9s)
✔ [2535/8034] Built Mathlib.Analysis.SpecialFunctions.Pow.NthRootLemmas (3.6s)
✔ [2536/8034] Built Mathlib.Algebra.Order.Floor.Semifield (4.1s)
✔ [2537/8034] Built Mathlib.NumberTheory.Padics.PadicVal.Defs (2.6s)
✔ [2538/8034] Built Mathlib.CategoryTheory.Bicategory.Functor.Cat (3.5s)
✔ [2539/8034] Built Mathlib.Computability.MyhillNerode (2.6s)
✔ [2540/8034] Built Mathlib.Algebra.Polynomial.Factors (2.6s)
✔ [2541/8034] Built Mathlib.CategoryTheory.Bicategory.Adjunction.Adj (6.3s)
✔ [2542/8034] Built Mathlib.CategoryTheory.Join.Pseudofunctor (6.9s)
✔ [2543/8034] Built Mathlib.Computability.NFA (3.6s)
✔ [2544/8034] Built Mathlib.NumberTheory.EllipticDivisibilitySequence (7.7s)
✔ [2545/8034] Built Mathlib.Data.Rat.NatSqrt.Defs (2.8s)
✔ [2546/8034] Built Mathlib.Tactic.NormNum.IsCoprime (2.8s)
✔ [2547/8034] Built Mathlib.Algebra.Order.Floor.Ring (9.1s)
✔ [2548/8034] Built Mathlib.RingTheory.Valuation.IntegrallyClosed (2.4s)
✔ [2549/8034] Built Mathlib.Algebra.Lie.CartanMatrix (2.1s)
✔ [2550/8034] Built Mathlib.CategoryTheory.Bicategory.Functor.StrictlyUnitary (8.3s)
✔ [2551/8034] Built Mathlib.CategoryTheory.Bicategory.Functor.LocallyDiscrete (7.2s)
✔ [2552/8034] Built Mathlib.Combinatorics.Derangements.Finite (2.6s)
✔ [2553/8034] Built Mathlib.Combinatorics.SimpleGraph.Density (4.8s)
✔ [2554/8034] Built Mathlib.Combinatorics.Additive.PluenneckeRuzsa (6.3s)
✔ [2555/8034] Built Mathlib.Order.Filter.Subsingleton (2.1s)
✔ [2556/8034] Built Mathlib.Order.Filter.AtTopBot.Floor (2.6s)
✔ [2557/8034] Built Mathlib.Order.Filter.AtTopBot.CountablyGenerated (2.5s)
✔ [2558/8034] Built Mathlib.Algebra.Ring.Semireal.Defs (2.3s)
✔ [2559/8034] Built Mathlib.Order.Filter.Cofinite (2.6s)
✔ [2560/8034] Built Mathlib.CategoryTheory.Bicategory.Free (9.1s)
✔ [2561/8034] Built Mathlib.MeasureTheory.Constructions.AddChar (1.9s)
✔ [2562/8034] Built Mathlib.Tactic.NormNum.IsSquare (4.6s)
✔ [2563/8034] Built Mathlib.CategoryTheory.Bicategory.Strict.Pseudofunctor (11s)
✔ [2564/8034] Built Mathlib.Algebra.Category.Grp.FiniteGrp (2.3s)
✔ [2565/8034] Built Mathlib.Order.CompleteSublattice (3.4s)
✔ [2566/8034] Built Mathlib.CategoryTheory.Sites.NonabelianCohomology.H1 (2.7s)
✔ [2567/8034] Built Mathlib.Algebra.Category.Grp.EquivalenceGroupAddGroup (2.5s)
✔ [2568/8034] Built Mathlib.Algebra.Category.Grp.ForgetCorepresentable (2.4s)
✔ [2569/8034] Built Mathlib.CategoryTheory.Monoidal.Functor (19s)
✔ [2570/8034] Built Mathlib.GroupTheory.Subgroup.Simple (2.3s)
✔ [2571/8034] Built Mathlib.Algebra.Group.Subgroup.Order (2.5s)
✔ [2572/8034] Built Mathlib.Algebra.Category.Grp.Yoneda (3.4s)
✔ [2573/8034] Built Mathlib.GroupTheory.Subgroup.Center (2.4s)
✔ [2574/8034] Built Mathlib.Algebra.Group.Subgroup.MulOppositeLemmas (2.8s)
✔ [2575/8034] Built Mathlib.Algebra.Star.CentroidHom (3.1s)
✔ [2576/8034] Built Mathlib.Data.DFinsupp.Encodable (2.4s)
✔ [2577/8034] Built Mathlib.CategoryTheory.Bicategory.NaturalTransformation.Pseudo (14s)
✔ [2578/8034] Built Mathlib.Data.W.Basic (2.6s)
✔ [2579/8034] Built Mathlib.Computability.Primrec.List (3.0s)
✔ [2580/8034] Built Mathlib.RingTheory.Localization.Defs (9.7s)
✔ [2581/8034] Built Mathlib.Algebra.CharZero.Quotient (2.9s)
✔ [2582/8034] Built Mathlib.RingTheory.NonUnitalSubring.Basic (5.6s)
✔ [2583/8034] Built Mathlib.GroupTheory.Coset.Basic (6.4s)
✔ [2584/8034] Built Mathlib.GroupTheory.QuotientGroup.ModEq (2.5s)
✔ [2585/8034] Built Mathlib.Geometry.Group.Growth.QuotientInter (3.7s)
✔ [2586/8034] Built Mathlib.Order.BooleanSubalgebra (8.0s)
✔ [2587/8034] Built Mathlib.Algebra.Category.Ring.Basic (7.3s)
✔ [2588/8034] Built Mathlib.GroupTheory.PresentedGroup (2.6s)
✔ [2589/8034] Built Mathlib.GroupTheory.FreeGroup.IsFreeGroup (2.6s)
✔ [2590/8034] Built Mathlib.Combinatorics.SimpleGraph.Finite (5.4s)
✔ [2591/8034] Built Mathlib.Algebra.Ring.Subring.Basic (8.2s)
✔ [2592/8034] Built Mathlib.Combinatorics.SimpleGraph.Walks.Traversal (4.0s)
✔ [2593/8034] Built Mathlib.Data.Nat.Fib.Zeckendorf (2.8s)
✔ [2594/8034] Built Mathlib.GroupTheory.Goursat (5.8s)
✔ [2595/8034] Built Mathlib.GroupTheory.FreeGroup.Reduce (4.0s)
✔ [2596/8034] Built Mathlib.Tactic.NormNum.NatFib (2.7s)
✔ [2597/8034] Built Mathlib.Data.Finset.Finsupp (2.5s)
✔ [2598/8034] Built Mathlib.Algebra.Star.BigOperators (2.1s)
✔ [2599/8034] Built Mathlib.Algebra.Group.Submonoid.Finsupp (2.5s)
✔ [2600/8034] Built Mathlib.Algebra.Group.Subgroup.Finsupp (2.7s)
✔ [2601/8034] Built Mathlib.Data.Int.Fib.Basic (4.1s)
✔ [2602/8034] Built Mathlib.Algebra.BigOperators.Associated (2.7s)
✔ [2603/8034] Built Mathlib.Algebra.Group.Pointwise.Finset.Density (2.4s)
✔ [2604/8034] Built Mathlib.CategoryTheory.Category.Pairwise (3.0s)
✔ [2605/8034] Built Mathlib.Algebra.GroupWithZero.Action.Pointwise.Finset (2.7s)
✔ [2606/8034] Built Mathlib.Combinatorics.Additive.ETransform (2.9s)
✔ [2607/8034] Built Mathlib.Data.Finset.Interval (2.8s)
✔ [2608/8034] Built Mathlib.Algebra.Category.GrpWithZero (2.9s)
✔ [2609/8034] Built Mathlib.Combinatorics.Additive.Convolution (3.5s)
✔ [2610/8034] Built Mathlib.CategoryTheory.Limits.Shapes.IsTerminal (5.9s)
✔ [2611/8034] Built Mathlib.CategoryTheory.Category.TwoP (3.2s)
✔ [2612/8034] Built Mathlib.Algebra.FreeMonoid.UniqueProds (2.5s)
✔ [2613/8034] Built Mathlib.CategoryTheory.Functor.ReflectsIso.Balanced (2.3s)
✔ [2614/8034] Built Mathlib.Algebra.BigOperators.GroupWithZero.Action (3.0s)
✔ [2615/8034] Built Mathlib.Algebra.Pointwise.Stabilizer (3.9s)
✔ [2616/8034] Built Mathlib.Order.Category.BddOrd (3.4s)
✔ [2617/8034] Built Mathlib.CategoryTheory.Adjunction.Reflective (3.1s)
✔ [2618/8034] Built Mathlib.SetTheory.Cardinal.ToNat (2.7s)
✔ [2619/8034] Built Mathlib.Topology.Separation.SeparatedNhds (2.4s)
✔ [2620/8034] Built Mathlib.Topology.Order.Hom.Basic (2.5s)
✔ [2621/8034] Built Mathlib.CategoryTheory.Countable (2.1s)
✔ [2622/8034] Built Mathlib.CategoryTheory.ObjectProperty.Small (3.3s)
✔ [2623/8034] Built Mathlib.Order.Category.Frm (2.0s)
✔ [2624/8034] Built Mathlib.Algebra.ContinuedFractions.Translations (2.5s)
✔ [2625/8034] Built Mathlib.Topology.Order (4.1s)
✔ [2626/8034] Built Mathlib.Order.Category.FinPartOrd (3.3s)
✔ [2627/8034] Built Mathlib.CategoryTheory.ShrinkYoneda (3.6s)
✔ [2628/8034] Built Mathlib.Order.Category.LinOrd (3.6s)
✔ [2629/8034] Built Mathlib.Order.Category.DistLat (3.7s)
✔ [2630/8034] Built Mathlib.CategoryTheory.Monad.Algebra (6.2s)
✔ [2631/8034] Built Mathlib.Data.WSeq.Basic (3.8s)
✔ [2632/8034] Built Mathlib.CategoryTheory.Localization.Predicate (5.1s)
✔ [2633/8034] Built Mathlib.ModelTheory.LanguageMap (4.1s)
✔ [2634/8034] Built Mathlib.Data.Nat.Lattice (2.7s)
✔ [2635/8034] Built Mathlib.Data.Finsupp.Basic (10s)
✔ [2636/8034] Built Mathlib.Data.Finset.Slice (2.9s)
✔ [2637/8034] Built Mathlib.Order.PartialSups (3.3s)
✔ [2638/8034] Built Mathlib.Data.PNat.Interval (2.7s)
✔ [2639/8034] Built Mathlib.Combinatorics.SetFamily.Shatter (3.2s)
✔ [2640/8034] Built Mathlib.SetTheory.Cardinal.UnivLE (2.7s)
✔ [2641/8034] Built Mathlib.Tactic.Simproc.FinsetInterval (5.2s)
✔ [2642/8034] Built Mathlib.Computability.EpsilonNFA (3.4s)
✔ [2643/8034] Built Mathlib.CategoryTheory.Bicategory.FunctorBicategory.Oplax (4.8s)
✔ [2644/8034] Built Mathlib.Combinatorics.SimpleGraph.Regularity.Energy (3.1s)
✔ [2645/8034] Built Mathlib.Order.Filter.EventuallyConst (3.2s)
✔ [2646/8034] Built Mathlib.Order.Interval.Finset.Fin (6.5s)
✔ [2647/8034] Built Mathlib.Order.Filter.Ultrafilter.Basic (3.5s)
✔ [2648/8034] Built Mathlib.Algebra.Order.Round (4.5s)
✔ [2649/8034] Built Mathlib.SetTheory.Ordinal.Arithmetic (6.7s)
✔ [2650/8034] Built Mathlib.CategoryTheory.Limits.HasLimits (11s)
✔ [2651/8034] Built Mathlib.Order.Filter.IsBounded (4.3s)
✔ [2652/8034] Built Mathlib.CategoryTheory.Bicategory.Functor.StrictPseudofunctor (5.6s)
✔ [2653/8034] Built Mathlib.Topology.Bornology.Basic (3.3s)
✔ [2654/8034] Built Mathlib.Data.Analysis.Filter (4.6s)
✔ [2655/8034] Built Mathlib.Tactic.CategoryTheory.BicategoryCoherence (3.3s)
✔ [2656/8034] Built Mathlib.Order.CompleteLattice.SetLike (2.7s)
✔ [2657/8034] Built Mathlib.NumberTheory.Divisors (10s)
✔ [2658/8034] Built Mathlib.Combinatorics.Additive.DoublingConst (6.5s)
✔ [2659/8034] Built Mathlib.Combinatorics.SimpleGraph.Regularity.Uniform (6.0s)
✔ [2660/8034] Built Mathlib.CategoryTheory.Bicategory.SingleObj (3.1s)
✔ [2661/8034] Built Mathlib.Algebra.Group.Subgroup.Actions (2.4s)
✔ [2662/8034] Built Mathlib.Algebra.GroupWithZero.Action.Center (2.1s)
✔ [2663/8034] Built Mathlib.GroupTheory.Subgroup.Centralizer (2.9s)
✔ [2664/8034] Built Mathlib.CategoryTheory.Monoidal.NaturalTransformation (5.2s)
✔ [2665/8034] Built Mathlib.CategoryTheory.Bicategory.Coherence (6.7s)
✔ [2666/8034] Built Mathlib.GroupTheory.IsSubnormal (4.2s)
✔ [2667/8034] Built Mathlib.CategoryTheory.Monoidal.Free.Basic (5.5s)
✔ [2668/8034] Built Mathlib.Data.W.Constructions (2.4s)
✔ [2669/8034] Built Mathlib.CategoryTheory.Monoidal.End (5.4s)
✔ [2670/8034] Built Mathlib.Data.PFunctor.Univariate.Basic (2.3s)
✔ [2671/8034] Built Mathlib.Computability.Primrec (2.1s)
✔ [2672/8034] Built Mathlib.Combinatorics.Additive.SmallTripling (10s)
✔ [2673/8034] Built Mathlib.CategoryTheory.Bicategory.Modification.Pseudo (4.6s)
✔ [2674/8034] Built Mathlib.RingTheory.Localization.Integer (2.6s)
✔ [2675/8034] Built Mathlib.CategoryTheory.Monoidal.Opposite (7.2s)
✔ [2676/8034] Built Mathlib.CategoryTheory.Bicategory.Functor.Cat.ObjectProperty (5.6s)
✔ [2677/8034] Built Mathlib.Combinatorics.SimpleGraph.DeleteEdges (2.7s)
✔ [2678/8034] Built Mathlib.Combinatorics.SimpleGraph.EdgeLabeling (2.9s)
✔ [2679/8034] Built Mathlib.Computability.Partrec (4.2s)
✔ [2680/8034] Built Mathlib.Algebra.Ring.Subring.MulOpposite (3.1s)
✔ [2681/8034] Built Mathlib.CategoryTheory.Bicategory.LocallyGroupoid (6.7s)
✔ [2682/8034] Built Mathlib.GroupTheory.FreeGroup.Orbit (2.8s)
✔ [2683/8034] Built Mathlib.Data.Int.Fib.Lemmas (3.4s)
✔ [2684/8034] Built Mathlib.CategoryTheory.Bicategory.Grothendieck (7.6s)
✔ [2685/8034] Built Mathlib.GroupTheory.FreeGroup.CyclicallyReduced (4.0s)
✔ [2686/8034] Built Mathlib.CategoryTheory.Limits.Shapes.Preorder.Fin (2.5s)
✔ [2687/8034] Built Mathlib.Combinatorics.SimpleGraph.Walks.Operations (4.7s)
✔ [2688/8034] Built Mathlib.RingTheory.UniqueFactorizationDomain.Basic (3.8s)
✔ [2689/8034] Built Mathlib.Algebra.Module.BigOperators (2.0s)
✔ [2690/8034] Built Mathlib.CategoryTheory.ObjectProperty.Retract (2.5s)
✔ [2691/8034] Built Mathlib.SetTheory.Cardinal.Finite (3.7s)
✔ [2692/8034] Built Mathlib.Topology.Order.Hom.Esakia (3.4s)
✔ [2693/8034] Built Mathlib.Algebra.ContinuedFractions.ContinuantsRecurrence (2.6s)
✔ [2694/8034] Built Mathlib.Algebra.ContinuedFractions.TerminatedStable (2.8s)
✔ [2695/8034] Built Mathlib.Algebra.BigOperators.Expect (5.4s)
✔ [2696/8034] Built Mathlib.Algebra.ContinuedFractions.Computation.Translations (3.6s)
✔ [2697/8034] Built Mathlib.CategoryTheory.Monoidal.Multifunctor (13s)
✔ [2698/8034] Built Mathlib.Topology.Instances.ZMod (2.7s)
✔ [2699/8034] Built Mathlib.Order.Category.BddLat (5.7s)
✔ [2700/8034] Built Mathlib.GroupTheory.CoprodI (10s)
✔ [2701/8034] Built Mathlib.Topology.UniformSpace.Defs (4.8s)
✔ [2702/8034] Built Mathlib.Data.DFinsupp.BigOperators (7.3s)
✔ [2703/8034] Built Mathlib.CategoryTheory.Endofunctor.Algebra (8.1s)
✔ [2704/8034] Built Mathlib.CategoryTheory.Localization.HasLocalization (2.8s)
✔ [2705/8034] Built Mathlib.Data.WSeq.Defs (3.3s)
✔ [2706/8034] Built Mathlib.Topology.Maps.Basic (4.1s)
✔ [2707/8034] Built Mathlib.CategoryTheory.Localization.Equivalence (3.2s)
✔ [2708/8034] Built Mathlib.CategoryTheory.Localization.Prod (3.4s)
✔ [2709/8034] Built Mathlib.Dynamics.PeriodicPts.Lemmas (3.1s)
✔ [2710/8034] Built Mathlib.Data.WSeq.Relation (4.4s)
✔ [2711/8034] Built Mathlib.RingTheory.Nilpotent.Defs (2.8s)
✔ [2712/8034] Built Mathlib.Data.Matrix.Mul (10s)
✔ [2713/8034] Built Mathlib.CategoryTheory.Monad.Adjunction (5.8s)
✔ [2714/8034] Built Mathlib.Order.Interval.Set.OrdConnectedLinear (2.9s)
✔ [2715/8034] Built Mathlib.Order.OrderIsoNat (3.0s)
✔ [2716/8034] Built Mathlib.Data.ENat.Lattice (3.7s)
✔ [2717/8034] Built Mathlib.Data.Finsupp.Sigma (2.6s)
✔ [2718/8034] Built Mathlib.Data.List.PeriodicityLemma (5.2s)
✔ [2719/8034] Built Mathlib.Data.Finsupp.SMul (3.5s)
✔ [2720/8034] Built Mathlib.Data.Finsupp.Multiset (3.6s)
✔ [2721/8034] Built Mathlib.Data.Finsupp.AList (2.8s)
✔ [2722/8034] Built Mathlib.Data.Finsupp.Order (4.3s)
✔ [2723/8034] Built Mathlib.Algebra.Category.MonCat.Adjunctions (4.7s)
✔ [2724/8034] Built Mathlib.NumberTheory.ADEInequality (2.8s)
✔ [2725/8034] Built Mathlib.Data.Finsupp.Option (3.1s)
✔ [2726/8034] Built Mathlib.Data.Set.Accumulate (2.5s)
✔ [2727/8034] Built Mathlib.Algebra.Order.SuccPred.PartialSups (2.6s)
✔ [2728/8034] Built Mathlib.Algebra.Order.Group.PartialSups (2.5s)
✔ [2729/8034] Built Mathlib.ModelTheory.Syntax (8.2s)
✔ [2730/8034] Built Mathlib.Order.Disjointed (2.9s)
✔ [2731/8034] Built Mathlib.Topology.Ultrafilter (2.6s)
✔ [2732/8034] Built Mathlib.Data.Fintype.Fin (2.9s)
✔ [2733/8034] Built Mathlib.SetTheory.Ordinal.FixedPointApproximants (2.8s)
✔ [2734/8034] Built Mathlib.Combinatorics.Additive.AP.Three.Defs (4.3s)
✔ [2735/8034] Built Mathlib.CategoryTheory.Limits.Unit (2.6s)
✔ [2736/8034] Built Mathlib.CategoryTheory.Limits.Pi (2.7s)
✔ [2737/8034] Built Mathlib.CategoryTheory.Limits.Types.Limits (3.4s)
✔ [2738/8034] Built Mathlib.CategoryTheory.Limits.Types.Colimits (3.4s)
✔ [2739/8034] Built Mathlib.CategoryTheory.Adjunction.PartialAdjoint (4.6s)
✔ [2740/8034] Built Mathlib.Data.Rat.Floor (5.6s)
✔ [2741/8034] Built Mathlib.SetTheory.Ordinal.Family (5.2s)
✔ [2742/8034] Built Mathlib.Data.Finset.Sups (8.1s)
✔ [2743/8034] Built Mathlib.CategoryTheory.Limits.Shapes.Terminal (5.3s)
✔ [2744/8034] Built Mathlib.Algebra.MonoidAlgebra.Defs (10s)
✔ [2745/8034] Built Mathlib.CategoryTheory.Limits.Preserves.Basic (4.6s)
✔ [2746/8034] Built Mathlib.Algebra.Category.Ring.Colimits (6.3s)
✔ [2747/8034] Built Mathlib.Topology.Bornology.Constructions (2.8s)
✔ [2748/8034] Built Mathlib.Topology.Bornology.Hom (2.6s)
✔ [2749/8034] Built Mathlib.Tactic.Simproc.Divisors (2.3s)
✔ [2750/8034] Built Mathlib.CategoryTheory.Comma.StructuredArrow.Basic (21s)
✔ [2751/8034] Built Mathlib.Topology.Bornology.Absorbs (3.2s)
✔ [2752/8034] Built Mathlib.Data.Finset.NatDivisors (2.4s)
✔ [2753/8034] Built Mathlib.SetTheory.Descriptive.Tree (3.2s)
✔ [2754/8034] Built Mathlib.Order.LiminfLimsup (5.8s)
✔ [2755/8034] Built Mathlib.GroupTheory.GroupAction.ConjAct (3.5s)
✔ [2756/8034] Built Mathlib.GroupTheory.Commutator.Basic (3.5s)
✔ [2757/8034] Built Mathlib.CategoryTheory.Bicategory.InducedBicategory (6.1s)
✔ [2758/8034] Built Mathlib.Data.PFunctor.Multivariate.Basic (2.8s)
✔ [2759/8034] Built Mathlib.CategoryTheory.Limits.Fubini (9.5s)
✔ [2760/8034] Built Mathlib.Data.PFunctor.Univariate.M (3.4s)
✔ [2761/8034] Built Mathlib.CategoryTheory.Limits.Shapes.WidePullbacks (9.4s)
✔ [2762/8034] Built Mathlib.Tactic.CategoryTheory.Coherence (3.8s)
✔ [2763/8034] Built Mathlib.CategoryTheory.Monoidal.Discrete (4.7s)
✔ [2764/8034] Built Mathlib.CategoryTheory.Monoidal.Transport (4.7s)
✔ [2765/8034] Built Mathlib.Computability.RecursiveIn (2.4s)
✔ [2766/8034] Built Mathlib.CategoryTheory.Bicategory.FunctorBicategory.Pseudo (4.9s)
✔ [2767/8034] Built Mathlib.CategoryTheory.Monoidal.Free.Coherence (5.8s)
✔ [2768/8034] Built Mathlib.CategoryTheory.Bicategory.Product (10s)
✔ [2769/8034] Built Mathlib.Combinatorics.SimpleGraph.Walks.Maps (3.4s)
✔ [2770/8034] Built Mathlib.RingTheory.UniqueFactorizationDomain.NormalizedFactors (3.8s)
✔ [2771/8034] Built Mathlib.Combinatorics.Pigeonhole (3.2s)
✔ [2772/8034] Built Mathlib.CategoryTheory.FiberedCategory.Grothendieck (4.0s)
✔ [2773/8034] Built Mathlib.Combinatorics.Additive.RuzsaCovering (3.5s)
✔ [2774/8034] Built Mathlib.RingTheory.UniqueFactorizationDomain.FactorSet (4.9s)
✔ [2775/8034] Built Mathlib.CategoryTheory.Limits.Shapes.Products (13s)
✔ [2776/8034] Built Mathlib.CategoryTheory.Monoidal.Action.End (7.6s)
✔ [2777/8034] Built Mathlib.GroupTheory.GroupAction.SubMulAction (10s)
✔ [2778/8034] Built Mathlib.Data.Finite.Perm (2.7s)
✔ [2779/8034] Built Mathlib.Combinatorics.SimpleGraph.Subgraph (6.8s)
✔ [2780/8034] Built Mathlib.CategoryTheory.Monoidal.Action.Opposites (7.1s)
✔ [2781/8034] Built Mathlib.Algebra.BigOperators.Ring.Nat (3.7s)
✔ [2782/8034] Built Mathlib.Data.Fintype.Units (2.6s)
✔ [2783/8034] Built Mathlib.GroupTheory.Coset.Card (4.8s)
✔ [2784/8034] Built Mathlib.Combinatorics.Enumerative.InclusionExclusion (5.3s)
✔ [2785/8034] Built Mathlib.Algebra.GroupWithZero.Pointwise.Set.Card (2.2s)
✔ [2786/8034] Built Mathlib.Data.Finite.Card (2.5s)
✔ [2787/8034] Built Mathlib.Algebra.ContinuedFractions.Determinant (2.4s)
✔ [2788/8034] Built Mathlib.Algebra.BigOperators.Balance (2.6s)
✔ [2789/8034] Built Mathlib.Topology.UniformSpace.OfFun (2.4s)
✔ [2790/8034] Built Mathlib.Computability.PartrecCode (8.7s)
✔ [2791/8034] Built Mathlib.Algebra.ContinuedFractions.ConvergentsEquiv (3.5s)
✔ [2792/8034] Built Mathlib.Order.Category.CompleteLat (3.3s)
✔ [2793/8034] Built Mathlib.CategoryTheory.Localization.LocallySmall (2.7s)
✔ [2794/8034] Built Mathlib.Algebra.ContinuedFractions.Computation.CorrectnessTerminating (3.8s)
✔ [2795/8034] Built Mathlib.Data.DFinsupp.Submonoid (3.0s)
✔ [2796/8034] Built Mathlib.Data.DFinsupp.Interval (3.4s)
✔ [2797/8034] Built Mathlib.Data.DFinsupp.Multiset (3.3s)
✔ [2798/8034] Built Mathlib.CategoryTheory.Localization.Opposite (2.9s)
✔ [2799/8034] Built Mathlib.Order.Category.BddDistLat (4.4s)
✔ [2800/8034] Built Mathlib.Algebra.Order.BigOperators.Expect (4.9s)
✔ [2801/8034] Built Mathlib.CategoryTheory.Localization.Pi (2.6s)
✔ [2802/8034] Built Mathlib.Data.WSeq.Productive (2.5s)
✔ [2803/8034] Built Mathlib.Topology.Homeomorph.Defs (4.6s)
✔ [2804/8034] Built Mathlib.Data.Seq.Parallel (3.2s)
✔ [2805/8034] Built Mathlib.CategoryTheory.Localization.Bifunctor (3.7s)
✔ [2806/8034] Built Mathlib.LinearAlgebra.Matrix.Orthogonal (2.5s)
✔ [2807/8034] Built Mathlib.LinearAlgebra.Matrix.Integer (3.1s)
✔ [2808/8034] Built Mathlib.Data.Set.Card (7.2s)
✔ [2809/8034] Built Mathlib.Combinatorics.SimpleGraph.IncMatrix (3.3s)
✔ [2810/8034] Built Mathlib.LinearAlgebra.Matrix.Irreducible.Defs (3.6s)
✔ [2811/8034] Built Mathlib.Order.WellQuasiOrder (2.8s)
✔ [2812/8034] Built Mathlib.Data.Matrix.Action (4.0s)
✔ [2813/8034] Built Mathlib.Data.Nat.Nth (3.4s)
✔ [2814/8034] Built Mathlib.CategoryTheory.Adjunction.Triple (3.9s)
✔ [2815/8034] Built Mathlib.Data.ENat.BigOperators (2.6s)
✔ [2816/8034] Built Mathlib.LinearAlgebra.Matrix.SemiringInverse (4.5s)
✔ [2817/8034] Built Mathlib.Data.Matrix.PEquiv (4.4s)
✔ [2818/8034] Built Mathlib.Data.Finsupp.Antidiagonal (2.6s)
✔ [2819/8034] Built Mathlib.Data.Finsupp.ToDFinsupp (3.4s)
✔ [2820/8034] Built Mathlib.LinearAlgebra.Finsupp.SumProd (3.2s)
✔ [2821/8034] Built Mathlib.LinearAlgebra.ConvexSpace (3.3s)
✔ [2822/8034] Built Mathlib.Data.Finsupp.Interval (2.6s)
✔ [2823/8034] Built Mathlib.Data.Nat.PartENat (4.1s)
✔ [2824/8034] Built Mathlib.Order.CompactlyGenerated.Basic (4.9s)
✔ [2825/8034] Built Mathlib.Data.Nat.Factorization.Defs (3.2s)
✔ [2826/8034] Built Mathlib.Data.Set.Dissipate (2.7s)
✔ [2827/8034] Built Mathlib.Algebra.Order.Disjointed (2.9s)
✔ [2828/8034] Built Mathlib.Algebra.Order.BigOperators.Group.LocallyFinite (3.7s)
✔ [2829/8034] Built Mathlib.Data.Fin.Tuple.Sort (3.2s)
✔ [2830/8034] Built Mathlib.MeasureTheory.PiSystem (3.9s)
✔ [2831/8034] Built Mathlib.CategoryTheory.Limits.Shapes.SingleObj (2.8s)
✔ [2832/8034] Built Mathlib.LinearAlgebra.AffineSpace.ContinuousAffineEquiv (2.9s)
✔ [2833/8034] Built Mathlib.Order.RelSeries (9.0s)
✔ [2834/8034] Built Mathlib.MeasureTheory.MeasurableSpace.Constructions (5.8s)
✔ [2835/8034] Built Mathlib.LinearAlgebra.Finsupp.Defs (7.5s)
✔ [2836/8034] Built Mathlib.CategoryTheory.Limits.Types.Yoneda (4.3s)
✔ [2837/8034] Built Mathlib.Data.Int.CardIntervalMod (4.2s)
✔ [2838/8034] Built Mathlib.Data.NNRat.Floor (4.2s)
✔ [2839/8034] Built Mathlib.SetTheory.Ordinal.Rank (2.6s)
✔ [2840/8034] Built Mathlib.ModelTheory.Semantics (6.7s)
✔ [2841/8034] Built Mathlib.SetTheory.Ordinal.Enum (2.9s)
✔ [2842/8034] Built Mathlib.SetTheory.Ordinal.Exponential (3.5s)
✔ [2843/8034] Built Mathlib.SetTheory.Nimber.Basic (5.9s)
✔ [2844/8034] Built Mathlib.CategoryTheory.Category.Cat.Terminal (2.8s)
✔ [2845/8034] Built Mathlib.CategoryTheory.Limits.Shapes.ZeroObjects (2.8s)
✔ [2846/8034] Built Mathlib.CategoryTheory.Category.Factorisation (3.4s)
✔ [2847/8034] Built Mathlib.Algebra.Order.Archimedean.Basic (7.1s)
✔ [2848/8034] Built Mathlib.Algebra.MonoidAlgebra.Lift (2.9s)
✔ [2849/8034] Built Mathlib.Algebra.MonoidAlgebra.Division (3.4s)
✔ [2850/8034] Built Mathlib.CategoryTheory.Limits.Preserves.Shapes.Terminal (2.0s)
✔ [2851/8034] Built Mathlib.Algebra.MonoidAlgebra.Opposite (4.1s)
✔ [2852/8034] Built Mathlib.Algebra.BigOperators.Fin (8.9s)
✔ [2853/8034] Built Mathlib.Topology.Category.Born (2.1s)
✔ [2854/8034] Built Mathlib.Topology.Order.Bornology (2.3s)
✔ [2855/8034] Built Mathlib.Combinatorics.SetFamily.Shadow (6.6s)
✔ [2856/8034] Built Mathlib.CategoryTheory.Limits.Preserves.Limits (2.0s)
✔ [2857/8034] Built Mathlib.Combinatorics.SetFamily.FourFunctions (6.4s)
✔ [2858/8034] Built Mathlib.CategoryTheory.Category.Cat.Limit (4.3s)
✔ [2859/8034] Built Mathlib.SetTheory.Ordinal.NaturalOps (8.8s)
✔ [2860/8034] Built Mathlib.CategoryTheory.Comma.StructuredArrow.Small (2.5s)
✔ [2861/8034] Built Mathlib.CategoryTheory.Adjunction.Comma (3.1s)
✔ [2862/8034] Built Mathlib.CategoryTheory.Discrete.StructuredArrow (2.9s)
✔ [2863/8034] Built Mathlib.CategoryTheory.Limits.Creates (5.2s)
✔ [2864/8034] Built Mathlib.Algebra.Ring.Action.ConjAct (2.1s)
✔ [2865/8034] Built Mathlib.Algebra.GroupWithZero.Action.ConjAct (2.0s)
✔ [2866/8034] Built Mathlib.Algebra.MonoidAlgebra.MapDomain (7.3s)
✔ [2867/8034] Built Mathlib.GroupTheory.Abelianization.Defs (2.5s)
✔ [2868/8034] Built Mathlib.Data.QPF.Multivariate.Basic (2.4s)
✔ [2869/8034] Built Mathlib.CategoryTheory.Bicategory.Extension (4.8s)
✔ [2870/8034] Built Mathlib.Data.PFunctor.Multivariate.W (2.7s)
✔ [2871/8034] Built Mathlib.Data.QPF.Univariate.Basic (2.6s)
✔ [2872/8034] Built Mathlib.CategoryTheory.Limits.Shapes.Connected (2.1s)
✔ [2873/8034] Built Mathlib.Data.PFunctor.Multivariate.M (3.0s)
✔ [2874/8034] Built Mathlib.Topology.Algebra.InfiniteSum.SummationFilter (4.8s)
✔ [2875/8034] Built Mathlib.CategoryTheory.LocallyDirected (2.3s)
✔ [2876/8034] Built Mathlib.CategoryTheory.Comma.StructuredArrow.CommaMap (6.6s)
✔ [2877/8034] Built Mathlib.Computability.TuringDegree (2.5s)
✔ [2878/8034] Built Mathlib.GroupTheory.GroupAction.Quotient (5.2s)
✔ [2879/8034] Built Mathlib.RingTheory.UniqueFactorizationDomain.Finsupp (2.7s)
✔ [2880/8034] Built Mathlib.RingTheory.UniqueFactorizationDomain.Multiplicity (2.7s)
✔ [2881/8034] Built Mathlib.RingTheory.UniqueFactorizationDomain.Nat (2.3s)
✔ [2882/8034] Built Mathlib.CategoryTheory.Elements (7.1s)
✔ [2883/8034] Built Mathlib.Algebra.GroupWithZero.Torsion (2.3s)
✔ [2884/8034] Built Mathlib.RingTheory.UniqueFactorizationDomain.Finite (2.5s)
✔ [2885/8034] Built Mathlib.RingTheory.UniqueFactorizationDomain.Multiplicative (2.9s)
✔ [2886/8034] Built Mathlib.CategoryTheory.Limits.Preserves.Bifunctor (6.3s)
✔ [2887/8034] Built Mathlib.NumberTheory.ClassNumber.AdmissibleAbsoluteValue (2.8s)
✔ [2888/8034] Built Mathlib.Combinatorics.SimpleGraph.Walks.Subwalks (4.6s)
✔ [2889/8034] Built Mathlib.CategoryTheory.Limits.Constructions.WidePullbackOfTerminal (2.1s)
✔ [2890/8034] Built Mathlib.RingTheory.UniqueFactorizationDomain.GCDMonoid (2.6s)
✔ [2891/8034] Built Mathlib.CategoryTheory.Groupoid.Grpd.Basic (2.2s)
✔ [2892/8034] Built Mathlib.CategoryTheory.Limits.EssentiallySmall (1.7s)
✔ [2893/8034] Built Mathlib.CategoryTheory.Limits.SmallComplete (2.3s)
✔ [2894/8034] Built Mathlib.CategoryTheory.Limits.Preserves.Shapes.Products (2.2s)
✔ [2895/8034] Built Mathlib.CategoryTheory.EffectiveEpi.Basic (2.6s)
✔ [2896/8034] Built Mathlib.GroupTheory.GroupAction.SubMulAction.Closure (2.1s)
✔ [2897/8034] Built Mathlib.CategoryTheory.Adjunction.Evaluation (3.9s)
✔ [2898/8034] Built Mathlib.GroupTheory.GroupAction.OfQuotient (2.4s)
✔ [2899/8034] Built Mathlib.Algebra.Group.ConjFinite (2.0s)
✔ [2900/8034] Built Mathlib.RingTheory.TwoSidedIdeal.Basic (3.3s)
✔ [2901/8034] Built Mathlib.GroupTheory.GroupAction.SubMulAction.Pointwise (3.3s)
✔ [2902/8034] Built Mathlib.Data.Complex.BigOperators (2.8s)
✔ [2903/8034] Built Mathlib.Algebra.Group.Subgroup.Finite (3.3s)
✔ [2904/8034] Built Mathlib.GroupTheory.GroupAction.SubMulAction.OfStabilizer (5.1s)
✔ [2905/8034] Built Mathlib.Computability.Halting (2.0s)
✔ [2906/8034] Built Mathlib.Algebra.Module.Submodule.Defs (5.0s)
✔ [2907/8034] Built Mathlib.Combinatorics.SimpleGraph.Operations (4.6s)
✔ [2908/8034] Built Mathlib.Topology.UniformSpace.AbsoluteValue (2.7s)
✔ [2909/8034] Built Mathlib.Combinatorics.SimpleGraph.Copy (4.9s)
✔ [2910/8034] Built Mathlib.CategoryTheory.Monoidal.Braided.Basic (10s)
✔ [2911/8034] Built Mathlib.Data.Multiset.Interval (2.4s)
✔ [2912/8034] Built Mathlib.Computability.Ackermann (4.3s)
✔ [2913/8034] Built Mathlib.Topology.Algebra.RestrictedProduct.Basic (7.0s)
✔ [2914/8034] Built Mathlib.CategoryTheory.Localization.LocalizerMorphism (2.6s)
✔ [2915/8034] Built Mathlib.Topology.Homeomorph.TransferInstance (2.1s)
✔ [2916/8034] Built Mathlib.CategoryTheory.Localization.Adjunction (2.8s)
✔ [2917/8034] Built Mathlib.Order.Category.HeytAlg (2.0s)
✔ [2918/8034] Built Mathlib.SetTheory.Cardinal.Embedding (2.4s)
✔ [2919/8034] Built Mathlib.Algebra.ContinuedFractions.Computation.Approximations (5.6s)
✔ [2920/8034] Built Mathlib.Order.Category.FinBddDistLat (3.8s)
✔ [2921/8034] Built Mathlib.Data.Set.PowersetCard (3.4s)
✔ [2922/8034] Built Mathlib.Algebra.DirectSum.Basic (6.1s)
✔ [2923/8034] Built Mathlib.Data.Setoid.Partition.Card (2.9s)
✔ [2924/8034] Built Mathlib.SetTheory.Cardinal.NatCount (2.4s)
✔ [2925/8034] Built Mathlib.Order.Height (3.3s)
✔ [2926/8034] Built Mathlib.CategoryTheory.Localization.CalculusOfFractions (5.0s)
✔ [2927/8034] Built Mathlib.Order.Interval.Set.Nat (2.7s)
✔ [2928/8034] Built Mathlib.Topology.Constructions.SumProd (5.5s)
✔ [2929/8034] Built Mathlib.GroupTheory.Perm.DomMulAct (2.9s)
✔ [2930/8034] Built Mathlib.Algebra.Group.Pointwise.Set.Card (3.9s)
✔ [2931/8034] Built Mathlib.Data.Nat.Prime.Nth (2.4s)
✔ [2932/8034] Built Mathlib.Data.DFinsupp.Small (2.4s)
✔ [2933/8034] Built Mathlib.Order.CompactlyGenerated.Intervals (2.4s)
✔ [2934/8034] Built Mathlib.Data.Finsupp.Encodable (2.6s)
✔ [2935/8034] Built Mathlib.Combinatorics.Matroid.Basic (4.0s)
✔ [2936/8034] Built Mathlib.Testing.Plausible.Functions (3.1s)
✔ [2937/8034] Built Mathlib.Order.BooleanGenerators (2.7s)
✔ [2938/8034] Built Mathlib.Data.Nat.Factorization.Induction (2.4s)
✔ [2939/8034] Built Mathlib.Order.WellFoundedSet (4.9s)
✔ [2940/8034] Built Mathlib.Data.Nat.Factorization.Root (2.9s)
✔ [2941/8034] Built Mathlib.CategoryTheory.Localization.Trifunctor (8.2s)
✔ [2942/8034] Built Mathlib.Order.Interval.Finset.Box (3.8s)
✔ [2943/8034] Built Mathlib.Data.Nat.Factorization.Basic (4.1s)
✔ [2944/8034] Built Mathlib.Algebra.BigOperators.Intervals (3.8s)
✔ [2945/8034] Built Mathlib.Data.Fin.Tuple.BubbleSortInduction (2.8s)
✔ [2946/8034] Built Mathlib.MeasureTheory.MeasurableSpace.PreorderRestrict (2.8s)
✔ [2947/8034] Built Mathlib.MeasureTheory.MeasurableSpace.NCard (3.3s)
✔ [2948/8034] Built Mathlib.MeasureTheory.MeasurableSpace.Pi (2.7s)
✔ [2949/8034] Built Mathlib.Order.Extension.Well (2.9s)
✔ [2950/8034] Built Mathlib.MeasureTheory.SetSemiring (4.8s)
✔ [2951/8034] Built Mathlib.Order.JordanHolder (4.9s)
✔ [2952/8034] Built Mathlib.MeasureTheory.MeasurableSpace.MeasurablyGenerated (3.8s)
✔ [2953/8034] Built Mathlib.ModelTheory.Quotients (2.7s)
✔ [2954/8034] Built Mathlib.SetTheory.ZFC.Rank (3.4s)
✔ [2955/8034] Built Mathlib.ModelTheory.Algebra.Ring.Basic (3.9s)
✔ [2956/8034] Built Mathlib.ModelTheory.Definability (3.8s)
✔ [2957/8034] Built Mathlib.ModelTheory.Arithmetic.Presburger.Basic (3.1s)
✔ [2958/8034] Built Mathlib.CategoryTheory.Comma.Over.Basic (27s)
✔ [2959/8034] Built Mathlib.SetTheory.Ordinal.CantorNormalForm (2.9s)
✔ [2960/8034] Built Mathlib.CategoryTheory.WithTerminal.Basic (25s)
✔ [2961/8034] Built Mathlib.SetTheory.Ordinal.FixedPoint (3.8s)
✔ [2962/8034] Built Mathlib.Algebra.Category.Grp.Zero (2.6s)
✔ [2963/8034] Built Mathlib.SetTheory.Cardinal.Aleph (4.8s)
✔ [2964/8034] Built Mathlib.Tactic.NormNum.Ordinal (4.1s)
✔ [2965/8034] Built Mathlib.GroupTheory.Archimedean (3.6s)
✔ [2966/8034] Built Mathlib.Order.KrullDimension (9.2s)
✔ [2967/8034] Built Mathlib.Combinatorics.Enumerative.IncidenceAlgebra (10s)
✔ [2968/8034] Built Mathlib.Algebra.Order.Archimedean.Submonoid (2.9s)
✔ [2969/8034] Built Mathlib.Algebra.Order.Archimedean.IndicatorCard (3.2s)
✔ [2970/8034] Built Mathlib.MeasureTheory.MeasurableSpace.Embedding (8.6s)
✔ [2971/8034] Built Mathlib.Algebra.Order.Archimedean.Hom (2.9s)
✔ [2972/8034] Built Mathlib.Algebra.MonoidAlgebra.NoZeroDivisors (3.3s)
✔ [2973/8034] Built Mathlib.Order.Filter.AtTopBot.Archimedean (3.7s)
✔ [2974/8034] Built Mathlib.Data.Real.Archimedean (4.1s)
✔ [2975/8034] Built Mathlib.Combinatorics.Enumerative.Schroder (3.1s)
✔ [2976/8034] Built Mathlib.Algebra.BigOperators.Finsupp.Fin (2.6s)
✔ [2977/8034] Built Mathlib.Combinatorics.Enumerative.Catalan (4.4s)
✔ [2978/8034] Built Mathlib.Data.Fin.Tuple.NatAntidiagonal (2.9s)
✔ [2979/8034] Built Mathlib.Data.Fin.Tuple.Reflection (3.8s)
✔ [2980/8034] Built Mathlib.Algebra.AddConstMap.Basic (6.5s)
✔ [2981/8034] Built Mathlib.Combinatorics.SetFamily.LYM (3.8s)
✔ [2982/8034] Built Mathlib.CategoryTheory.Limits.Preserves.Ulift (2.3s)
✔ [2983/8034] Built Mathlib.SetTheory.Game.Ordinal (3.8s)
✔ [2984/8034] Built Mathlib.Algebra.Field.Action.ConjAct (2.5s)
✔ [2985/8034] Built Mathlib.SetTheory.Nimber.Field (9.1s)
✔ [2986/8034] Built Mathlib.Data.QPF.Multivariate.Constructions.Comp (2.5s)
✔ [2987/8034] Built Mathlib.Combinatorics.Enumerative.Composition (5.6s)
✔ [2988/8034] Built Mathlib.Combinatorics.SetFamily.Compression.UV (4.0s)
✔ [2989/8034] Built Mathlib.Data.QPF.Multivariate.Constructions.Const (2.6s)
✔ [2990/8034] Built Mathlib.Data.QPF.Multivariate.Constructions.Sigma (2.7s)
✔ [2991/8034] Built Mathlib.Data.QPF.Multivariate.Constructions.Prj (2.4s)
✔ [2992/8034] Built Mathlib.Data.QPF.Multivariate.Constructions.Quot (2.6s)
✔ [2993/8034] Built Mathlib.GroupTheory.Solvable (3.5s)
✔ [2994/8034] Built Mathlib.GroupTheory.Abelianization.Finite (2.9s)
✔ [2995/8034] Built Mathlib.CategoryTheory.Adjunction.Limits (6.0s)
✔ [2996/8034] Built Mathlib.Data.QPF.Multivariate.Constructions.Fix (3.0s)
✔ [2997/8034] Built Mathlib.CategoryTheory.Bicategory.Kan.IsKan (3.3s)
✔ [2998/8034] Built Mathlib.Algebra.Order.Archimedean.Class (11s)
✔ [2999/8034] Built Mathlib.CategoryTheory.EffectiveEpi.Enough (2.6s)
✔ [3000/8034] Built Mathlib.Algebra.Category.MonCat.Limits (7.1s)
✔ [3001/8034] Built Mathlib.CategoryTheory.Limits.Elements (3.5s)
✔ [3002/8034] Built Mathlib.CategoryTheory.EffectiveEpi.Comp (2.9s)
✔ [3003/8034] Built Mathlib.CategoryTheory.Limits.FunctorCategory.Basic (8.8s)
✔ [3004/8034] Built Mathlib.Combinatorics.SimpleGraph.Connectivity.WalkDecomp (4.1s)
✔ [3005/8034] Built Mathlib.Data.QPF.Multivariate.Constructions.Cofix (4.5s)
✔ [3006/8034] Built Mathlib.RingTheory.ChainOfDivisors (4.5s)
✔ [3007/8034] Built Mathlib.CategoryTheory.Groupoid.FreeGroupoidOfCategory (4.5s)
✔ [3008/8034] Built Mathlib.RingTheory.TwoSidedIdeal.BigOperators (2.4s)
✔ [3009/8034] Built Mathlib.RingTheory.TwoSidedIdeal.Instances (2.3s)
✔ [3010/8034] Built Mathlib.GroupTheory.FreeAbelianGroup (5.9s)
✔ [3011/8034] Built Mathlib.Algebra.Group.Ideal (3.1s)
✔ [3012/8034] Built Mathlib.GroupTheory.GroupAction.CardCommute (3.1s)
✔ [3013/8034] Built Mathlib.GroupTheory.Perm.Subgroup (2.4s)
✔ [3014/8034] Built Mathlib.GroupTheory.ClassEquation (2.6s)
✔ [3015/8034] Built Mathlib.RingTheory.TwoSidedIdeal.Lattice (3.0s)
✔ [3016/8034] Built Mathlib.Computability.Reduce (2.6s)
✔ [3017/8034] Built Mathlib.Algebra.Module.Submodule.Order (1.0s)
✔ [3018/8034] Built Mathlib.Algebra.Module.Submodule.Basic (2.7s)
✔ [3019/8034] Built Mathlib.CategoryTheory.Monoidal.Skeleton (2.3s)
✔ [3020/8034] Built Mathlib.RingTheory.Ideal.Defs (2.6s)
✔ [3021/8034] Built Mathlib.Computability.TMConfig (4.2s)
✔ [3022/8034] Built Mathlib.CategoryTheory.Monoidal.Braided.Transport (2.7s)
✔ [3023/8034] Built Mathlib.CategoryTheory.Monoidal.Braided.Opposite (2.2s)
✔ [3024/8034] Built Mathlib.Algebra.Module.Submodule.LinearMap (4.1s)
✔ [3025/8034] Built Mathlib.LinearAlgebra.Quotient.Defs (4.1s)
✔ [3026/8034] Built Mathlib.Algebra.Module.Submodule.Lattice (4.8s)
✔ [3027/8034] Built Mathlib.CategoryTheory.Localization.Quotient (2.2s)
✔ [3028/8034] Built Mathlib.Topology.Instances.Shrink (1.9s)
✔ [3029/8034] Built Mathlib.CategoryTheory.Localization.Composition (2.1s)
✔ [3030/8034] Built Mathlib.CategoryTheory.Localization.HomEquiv (2.9s)
✔ [3031/8034] Built Mathlib.Order.Hom.PowersetCard (2.3s)
✔ [3032/8034] Built Mathlib.Algebra.ContinuedFractions.Computation.TerminatesIffRat (2.6s)
✔ [3033/8034] Built Mathlib.Algebra.DirectSum.AddChar (2.3s)
✔ [3034/8034] Built Mathlib.CategoryTheory.Localization.Resolution (4.6s)
✔ [3035/8034] Built Mathlib.CategoryTheory.Localization.CalculusOfFractions.ComposableArrows (2.3s)
✔ [3036/8034] Built Mathlib.CategoryTheory.Localization.CalculusOfFractions.OfAdjunction (2.4s)
✔ [3037/8034] Built Mathlib.CategoryTheory.Monoidal.Braided.Multifunctor (5.7s)
✔ [3038/8034] Built Mathlib.Combinatorics.SimpleGraph.Extremal.Basic (6.2s)
✔ [3039/8034] Built Mathlib.Order.Category.BoolAlg (4.1s)
✔ [3040/8034] Built Mathlib.CategoryTheory.Localization.CalculusOfFractions.Fractions (2.6s)
✔ [3041/8034] Built Mathlib.CategoryTheory.Monoidal.FunctorCategory (6.1s)
✔ [3042/8034] Built Mathlib.Topology.FiberBundle.IsHomeomorphicTrivialBundle (2.3s)
✔ [3043/8034] Built Mathlib.Topology.Algebra.Monoid.Defs (2.4s)
✔ [3044/8034] Built Mathlib.CategoryTheory.Monoidal.Center (7.0s)
✔ [3045/8034] Built Mathlib.Data.Finsupp.PWO (2.3s)
✔ [3046/8034] Built Mathlib.Data.Set.SMulAntidiagonal (2.4s)
✔ [3047/8034] Built Mathlib.Data.Set.MulAntidiagonal (2.8s)
✔ [3048/8034] Built Mathlib.Data.Nat.Factorization.LCM (2.4s)
✔ [3049/8034] Built Mathlib.Data.Nat.Factorization.PrimePow (2.7s)
✔ [3050/8034] Built Mathlib.Algebra.Group.Submonoid.Pointwise (3.0s)
✔ [3051/8034] Built Mathlib.RingTheory.HahnSeries.Basic (4.3s)
✔ [3052/8034] Built Mathlib.Data.Nat.Factorial.SuperFactorial (2.6s)
✔ [3053/8034] Built Mathlib.Data.DFinsupp.Lex (4.8s)
✔ [3054/8034] Built Mathlib.Topology.Constructions (6.4s)
✔ [3055/8034] Built Mathlib.Algebra.BigOperators.Module (2.8s)
✔ [3056/8034] Built Mathlib.CategoryTheory.Localization.Monoidal.Functor (4.1s)
✔ [3057/8034] Built Mathlib.Algebra.DirectSum.Ring (8.0s)
✔ [3058/8034] Built Mathlib.Data.Nat.Digits.Lemmas (3.8s)
✔ [3059/8034] Built Mathlib.MeasureTheory.SetAlgebra (2.8s)
✔ [3060/8034] Built Mathlib.Combinatorics.Matroid.IndepAxioms (6.9s)
✔ [3061/8034] Built Mathlib.Combinatorics.SetFamily.AhlswedeZhang (4.9s)
✔ [3062/8034] Built Mathlib.ModelTheory.Ultraproducts (3.0s)
✔ [3063/8034] Built Mathlib.Algebra.Ring.GeomSum (4.3s)
✔ [3064/8034] Built Mathlib.Data.Nat.Choose.Sum (3.8s)
✔ [3065/8034] Built Mathlib.CategoryTheory.Comma.LocallySmall (2.6s)
✔ [3066/8034] Built Mathlib.CategoryTheory.LiftingProperties.Over (2.8s)
✔ [3067/8034] Built Mathlib.SetTheory.ZFC.Ordinal (3.4s)
✔ [3068/8034] Built Mathlib.CategoryTheory.Localization.Monoidal.Basic (7.5s)
✔ [3069/8034] Built Mathlib.ModelTheory.Algebra.Field.Basic (4.1s)
✔ [3070/8034] Built Mathlib.CategoryTheory.WithTerminal.FinCategory (2.1s)
✔ [3071/8034] Built Mathlib.CategoryTheory.Comma.Over.OverClass (3.5s)
✔ [3072/8034] Built Mathlib.SetTheory.Ordinal.Principal (2.7s)
✔ [3073/8034] Built Mathlib.MeasureTheory.MeasurableSpace.Prod (2.3s)
✔ [3074/8034] Built Mathlib.Probability.Kernel.IonescuTulcea.Maps (3.0s)
✔ [3075/8034] Built Mathlib.MeasureTheory.MeasurableSpace.CountablyGenerated (3.7s)
✔ [3076/8034] Built Mathlib.SetTheory.Cardinal.Arithmetic (4.3s)
✔ [3077/8034] Built Mathlib.CategoryTheory.Monoidal.Mon_ (17s)
✔ [3078/8034] Built Mathlib.SetTheory.Ordinal.Veblen (5.1s)
✔ [3079/8034] Built Mathlib.Data.Real.Pointwise (3.4s)
✔ [3080/8034] Built Mathlib.Order.Filter.AtTopBot.Interval (3.8s)
✔ [3081/8034] Built Mathlib.CategoryTheory.Comma.Presheaf.Basic (8.2s)
✔ [3082/8034] Built Mathlib.Combinatorics.Schnirelmann (3.5s)
✔ [3083/8034] Built Mathlib.Algebra.Order.CompleteField (5.4s)
✔ [3084/8034] Built Mathlib.Data.Real.Embedding (5.2s)
✔ [3085/8034] Built Mathlib.Algebra.AddConstMap.Equiv (3.2s)
✔ [3086/8034] Built Mathlib.CategoryTheory.Limits.Skeleton (2.2s)
✔ [3087/8034] Built Mathlib.CategoryTheory.Limits.Shapes.Equivalence (2.3s)
✔ [3088/8034] Built Mathlib.CategoryTheory.Grothendieck (11s)
✔ [3089/8034] Built Mathlib.SetTheory.Surreal.Basic (4.2s)
✔ [3090/8034] Built Mathlib.Algebra.Order.Antidiag.Pi (4.7s)
✔ [3091/8034] Built Mathlib.Combinatorics.Enumerative.DyckWord (5.1s)
✔ [3092/8034] Built Mathlib.CategoryTheory.MorphismProperty.Comma (10s)
✔ [3093/8034] Built Mathlib.SetTheory.Game.Birthday (4.9s)
✔ [3094/8034] Built Mathlib.CategoryTheory.Monoidal.Closed.Basic (4.8s)
✔ [3095/8034] Built Mathlib.CategoryTheory.Monoidal.Limits.Preserves (2.5s)
✔ [3096/8034] Built Mathlib.Data.NNReal.Defs (7.7s)
✔ [3097/8034] Built Mathlib.CategoryTheory.Limits.ColimitLimit (2.8s)
✔ [3098/8034] Built Mathlib.CategoryTheory.Limits.FunctorCategory.Shapes.Terminal (2.5s)
✔ [3099/8034] Built Mathlib.CategoryTheory.Monad.Limits (6.2s)
✔ [3100/8034] Built Mathlib.CategoryTheory.Limits.FunctorToTypes (2.2s)
✔ [3101/8034] Built Mathlib.CategoryTheory.Bicategory.Kan.HasKan (4.5s)
✔ [3102/8034] Built Mathlib.CategoryTheory.Limits.FunctorCategory.Shapes.Products (2.4s)
✔ [3103/8034] Built Mathlib.CategoryTheory.Limits.Yoneda (2.9s)
✔ [3104/8034] Built Mathlib.RingTheory.FreeRing (2.4s)
✔ [3105/8034] Built Mathlib.Algebra.Order.Group.Ideal (2.4s)
✔ [3106/8034] Built Mathlib.Algebra.FreeAbelianGroup.Finsupp (2.9s)
✔ [3107/8034] Built Mathlib.RingTheory.TwoSidedIdeal.Kernel (2.3s)
✔ [3108/8034] Built Mathlib.RingTheory.SimpleRing.Defs (2.0s)
✔ [3109/8034] Built Mathlib.RingTheory.Ideal.BigOperators (2.1s)
✔ [3110/8034] Built Mathlib.MeasureTheory.Constructions.SubmoduleQuotient (2.3s)
✔ [3111/8034] Built Mathlib.LinearAlgebra.Quotient.Card (2.3s)
✔ [3112/8034] Built Mathlib.CategoryTheory.Limits.Shapes.BinaryProducts (14s)
✔ [3113/8034] Built Mathlib.CategoryTheory.Action.Basic (7.5s)
✔ [3114/8034] Built Mathlib.RingTheory.Ideal.Quotient.Defs (3.3s)
✔ [3115/8034] Built Mathlib.RingTheory.Ideal.Lattice (2.4s)
✔ [3116/8034] Built Mathlib.Combinatorics.SimpleGraph.Paths (5.7s)
✔ [3117/8034] Built Mathlib.CategoryTheory.Localization.StructuredArrow (2.7s)
✔ [3118/8034] Built Mathlib.Algebra.Module.Submodule.RestrictScalars (3.6s)
✔ [3119/8034] Built Mathlib.Computability.TMToPartrec (5.3s)
✔ [3120/8034] Built Mathlib.RingTheory.TwoSidedIdeal.Operations (4.2s)
✔ [3121/8034] Built Mathlib.Algebra.Order.Module.Archimedean (4.5s)
✔ [3122/8034] Built Mathlib.LinearAlgebra.Finsupp.LSum (5.9s)
✔ [3123/8034] Built Mathlib.CategoryTheory.Monoidal.Limits.Basic (2.7s)
✔ [3124/8034] Built Mathlib.Algebra.Category.BoolRing (3.7s)
✔ [3125/8034] Built Mathlib.CategoryTheory.Localization.SmallHom (3.8s)
✔ [3126/8034] Built Mathlib.Data.Finsupp.PointwiseSMul (2.7s)
✔ [3127/8034] Built Mathlib.Topology.Algebra.Group.Defs (2.8s)
✔ [3128/8034] Built Mathlib.Data.Finset.SMulAntidiagonal (2.6s)
✔ [3129/8034] Built Mathlib.Order.Category.FinBoolAlg (4.6s)
✔ [3130/8034] Built Mathlib.Data.Finset.MulAntidiagonal (2.5s)
✔ [3131/8034] Built Mathlib.LinearAlgebra.Span.Defs (6.4s)
✔ [3132/8034] Built Mathlib.CategoryTheory.Monoidal.ExternalProduct.Basic (4.6s)
✔ [3133/8034] Built Mathlib.Algebra.GroupWithZero.Submonoid.Pointwise (2.6s)
✔ [3134/8034] Built Mathlib.GroupTheory.Submonoid.Inverses (3.2s)
✔ [3135/8034] Built Mathlib.Algebra.Ring.Submonoid.Pointwise (3.2s)
✔ [3136/8034] Built Mathlib.Data.DFinsupp.WellFounded (2.6s)
✔ [3137/8034] Built Mathlib.Algebra.Module.Submodule.Map (8.1s)
✔ [3138/8034] Built Mathlib.Topology.PreorderRestrict (2.1s)
✔ [3139/8034] Built Mathlib.MeasureTheory.Constructions.Cylinders (3.0s)
✔ [3140/8034] Built Mathlib.Algebra.Group.Submonoid.Units (4.3s)
✔ [3141/8034] Built Mathlib.Algebra.Group.Subgroup.Pointwise (4.8s)
✔ [3142/8034] Built Mathlib.Topology.GDelta.Basic (2.8s)
✔ [3143/8034] Built Mathlib.Data.Finsupp.Lex (4.0s)
✔ [3144/8034] Built Mathlib.Topology.LocallyClosed (2.7s)
✔ [3145/8034] Built Mathlib.Topology.Hom.ContinuousEvalConst (2.5s)
✔ [3146/8034] Built Mathlib.Topology.List (3.1s)
✔ [3147/8034] Built Mathlib.CategoryTheory.WithTerminal.Cone (22s)
✔ [3148/8034] Built Mathlib.Data.Nat.Digits.Div (2.6s)
✔ [3149/8034] Built Mathlib.Algebra.Field.GeomSum (2.4s)
✔ [3150/8034] Built Mathlib.RingTheory.HahnSeries.Addition (5.7s)
✔ [3151/8034] Built Mathlib.NumberTheory.Primorial (2.6s)
✔ [3152/8034] Built Mathlib.Algebra.Order.Ring.GeomSum (3.3s)
✔ [3153/8034] Built Mathlib.Topology.NhdsWithin (3.9s)
✔ [3154/8034] Built Mathlib.CategoryTheory.Localization.Monoidal (2.0s)
✔ [3155/8034] Built Mathlib.NumberTheory.FactorisationProperties (3.4s)
✔ [3156/8034] Built Mathlib.RingTheory.Nilpotent.Basic (3.2s)
✔ [3157/8034] Built Mathlib.Combinatorics.Matroid.Dual (3.8s)
✔ [3158/8034] Built Mathlib.Algebra.Ring.Divisibility.Lemmas (2.9s)
✔ [3159/8034] Built Mathlib.Algebra.Order.Ring.IsNonarchimedean (3.2s)
✔ [3160/8034] Built Mathlib.SetTheory.ZFC.Class (3.5s)
✔ [3161/8034] Built Mathlib.Data.W.Cardinal (2.6s)
✔ [3162/8034] Built Mathlib.Data.Set.Card.Arithmetic (3.6s)
✔ [3163/8034] Built Mathlib.GroupTheory.OreLocalization.Cardinality (3.1s)
✔ [3164/8034] Built Mathlib.SetTheory.Cardinal.Divisibility (2.9s)
✔ [3165/8034] Built Mathlib.SetTheory.Cardinal.CountableCover (2.0s)
✔ [3166/8034] Built Mathlib.ModelTheory.Encoding (4.3s)
✔ [3167/8034] Built Mathlib.SetTheory.Cardinal.Finsupp (2.9s)
✔ [3168/8034] Built Mathlib.SetTheory.Cardinal.Ordinal (3.2s)
✔ [3169/8034] Built Mathlib.SetTheory.Cardinal.Continuum (3.3s)
✔ [3170/8034] Built Mathlib.CategoryTheory.Localization.Monoidal.Braided (5.0s)
✔ [3171/8034] Built Mathlib.SetTheory.Cardinal.Cofinality (3.9s)
✔ [3172/8034] Built Mathlib.CategoryTheory.Monoidal.Opposite.Mon_ (3.8s)
✔ [3173/8034] Built Mathlib.SetTheory.Ordinal.Notation (6.3s)
✔ [3174/8034] Built Mathlib.CategoryTheory.Monad.EquivMon (4.8s)
✔ [3175/8034] Built Mathlib.CategoryTheory.Monoidal.Mod_ (4.4s)
✔ [3176/8034] Built Mathlib.CategoryTheory.Preadditive.Projective.Internal (2.3s)
✔ [3177/8034] Built Mathlib.Data.Nat.Choose.Multinomial (3.7s)
✔ [3178/8034] Built Mathlib.CategoryTheory.Monoidal.Closed.Transport (2.3s)
✔ [3179/8034] Built Mathlib.SetTheory.Game.Nim (3.7s)
✔ [3180/8034] Built Mathlib.Algebra.Order.Antidiag.Finsupp (3.8s)
✔ [3181/8034] Built Mathlib.CategoryTheory.Comma.StructuredArrow.Functor (4.7s)
✔ [3182/8034] Built Mathlib.CategoryTheory.Monoidal.Braided.Reflection (3.7s)
✔ [3183/8034] Built Mathlib.CategoryTheory.Limits.ConeCategory (6.5s)
✔ [3184/8034] Built Mathlib.Data.NNReal.Basic (3.1s)
✔ [3185/8034] Built Mathlib.CategoryTheory.Limits.Shapes.Grothendieck (6.0s)
✔ [3186/8034] Built Mathlib.CategoryTheory.Monoidal.Closed.FunctorCategory.Groupoid (3.4s)
✔ [3187/8034] Built Mathlib.Data.Int.WithZero (2.5s)
✔ [3188/8034] Built Mathlib.Data.NNReal.Star (2.4s)
✔ [3189/8034] Built Mathlib.CategoryTheory.Monoidal.Comon_ (7.5s)
✔ [3190/8034] Built Mathlib.CategoryTheory.Limits.Preserves.Yoneda (2.8s)
✔ [3191/8034] Built Mathlib.Algebra.FreeAbelianGroup.UniqueSums (2.1s)
✔ [3192/8034] Built Mathlib.CategoryTheory.Monoidal.Rigid.Basic (5.9s)
✔ [3193/8034] Built Mathlib.RingTheory.SimpleRing.Basic (2.3s)
✔ [3194/8034] Built Mathlib.CategoryTheory.Monoidal.CommMon_ (10s)
✔ [3195/8034] Built Mathlib.CategoryTheory.Pi.Monoidal (7.7s)
✔ [3196/8034] Built Mathlib.Data.ENNReal.Basic (5.1s)
✔ [3197/8034] Built Mathlib.CategoryTheory.Limits.Shapes.StrictInitial (2.3s)
✔ [3198/8034] Built Mathlib.CategoryTheory.Limits.Types.Coproducts (2.0s)
✔ [3199/8034] Built Mathlib.CategoryTheory.Limits.Types.Products (3.2s)
✔ [3200/8034] Built Mathlib.CategoryTheory.Limits.Shapes.FunctorToTypes (3.5s)
✔ [3201/8034] Built Mathlib.CategoryTheory.Limits.Shapes.CombinedProducts (3.1s)
✔ [3202/8034] Built Mathlib.CategoryTheory.Bicategory.Kan.Adjunction (4.0s)
✔ [3203/8034] Built Mathlib.CategoryTheory.Limits.Shapes.PiProd (2.8s)
✔ [3204/8034] Built Mathlib.CategoryTheory.Limits.Preorder (2.7s)
✔ [3205/8034] Built Mathlib.CategoryTheory.Monad.Products (4.0s)
✔ [3206/8034] Built Mathlib.CategoryTheory.Limits.Preserves.Shapes.BinaryProducts (2.8s)
✔ [3207/8034] Built Mathlib.RingTheory.Ideal.Prime (2.6s)
✔ [3208/8034] Built Mathlib.CategoryTheory.Action.Concrete (2.9s)
✔ [3209/8034] Built Mathlib.CategoryTheory.Functor.KanExtension.Basic (11s)
✔ [3210/8034] Built Mathlib.Combinatorics.SimpleGraph.Trails (2.3s)
✔ [3211/8034] Built Mathlib.CategoryTheory.Monoidal.Limits (2.1s)
✔ [3212/8034] Built Mathlib.CategoryTheory.Limits.Shapes.Pullback.Cospan (5.1s)
✔ [3213/8034] Built Mathlib.Analysis.Normed.Group.Seminorm (8.3s)
✔ [3214/8034] Built Mathlib.Geometry.Group.Growth.LinearLowerBound (2.5s)
✔ [3215/8034] Built Mathlib.Algebra.Ring.Subsemiring.Pointwise (3.4s)
✔ [3216/8034] Built Mathlib.Algebra.Module.Submodule.Invariant (3.1s)
✔ [3217/8034] Built Mathlib.Combinatorics.SimpleGraph.Connectivity.Connected (4.4s)
✔ [3218/8034] Built Mathlib.Algebra.Module.Submodule.Ker (4.2s)
✔ [3219/8034] Built Mathlib.Algebra.GroupWithZero.Subgroup (2.8s)
✔ [3220/8034] Built Mathlib.Algebra.GroupWithZero.Range (3.2s)
✔ [3221/8034] Built Mathlib.GroupTheory.DoubleCoset (4.1s)
✔ [3222/8034] Built Mathlib.Data.Finsupp.WellFounded (2.6s)
✔ [3223/8034] Built Mathlib.Topology.Baire.Lemmas (3.0s)
✔ [3224/8034] Built Mathlib.GroupTheory.Finiteness (5.0s)
✔ [3225/8034] Built Mathlib.Topology.Hom.ContinuousEval (2.8s)
✔ [3226/8034] Built Mathlib.Logic.Hydra (2.9s)
✔ [3227/8034] Built Mathlib.Combinatorics.SimpleGraph.Clique (7.1s)
✔ [3228/8034] Built Mathlib.Topology.Algebra.ContinuousMonoidHom (7.3s)
✔ [3229/8034] Built Mathlib.LinearAlgebra.AffineSpace.AffineSubspace.Defs (7.4s)
✔ [3230/8034] Built Mathlib.Algebra.Order.Field.GeomSum (3.2s)
✔ [3231/8034] Built Mathlib.Combinatorics.Additive.ApproximateSubgroup (6.3s)
✔ [3232/8034] Built Mathlib.Data.Nat.Choose.Factorization (3.2s)
✔ [3233/8034] Built Mathlib.GroupTheory.MonoidLocalization.Cardinality (2.7s)
✔ [3234/8034] Built Mathlib.Algebra.Squarefree.Basic (3.4s)
✔ [3235/8034] Built Mathlib.RingTheory.OreLocalization.Cardinality (2.6s)
✔ [3236/8034] Built Mathlib.SetTheory.ZFC.VonNeumann (3.7s)
✔ [3237/8034] Built Mathlib.Topology.ContinuousOn (5.0s)
✔ [3238/8034] Built Mathlib.GroupTheory.QuotientGroup.Basic (7.0s)
✔ [3239/8034] Built Mathlib.Algebra.Order.CauSeq.BigOperators (5.8s)
✔ [3240/8034] Built Mathlib.Combinatorics.Colex (4.8s)
✔ [3241/8034] Built Mathlib.Algebra.MonoidAlgebra.Cardinal (3.3s)
✔ [3242/8034] Built Mathlib.SetTheory.Cardinal.Regular (3.4s)
✔ [3243/8034] Built Mathlib.Combinatorics.Enumerative.Bell (3.3s)
✔ [3244/8034] Built Mathlib.Topology.Bases (6.5s)
✔ [3245/8034] Built Mathlib.Combinatorics.Matroid.Minor.Restrict (5.4s)
✔ [3246/8034] Built Mathlib.CategoryTheory.Monoidal.Conv (2.6s)
✔ [3247/8034] Built Mathlib.CategoryTheory.Monoidal.CommComon_ (2.4s)
✔ [3248/8034] Built Mathlib.Combinatorics.Enumerative.Partition.Basic (3.4s)
✔ [3249/8034] Built Mathlib.CategoryTheory.Limits.Preserves.Grothendieck (3.3s)
✔ [3250/8034] Built Mathlib.CategoryTheory.CopyDiscardCategory.Basic (2.3s)
✔ [3251/8034] Built Mathlib.CategoryTheory.Monoidal.Rigid.Functor (2.2s)
✔ [3252/8034] Built Mathlib.CategoryTheory.Bicategory.Monad.Basic (3.4s)
✔ [3253/8034] Built Mathlib.CategoryTheory.Monoidal.Rigid.Braided (2.8s)
✔ [3254/8034] Built Mathlib.CategoryTheory.Monoidal.Rigid.OfEquivalence (2.7s)
✔ [3255/8034] Built Mathlib.ModelTheory.Substructures (6.3s)
✔ [3256/8034] Built Mathlib.CategoryTheory.Monoidal.Rigid.FunctorCategory (2.9s)
✔ [3257/8034] Built Mathlib.RingTheory.SimpleRing.Congr (2.4s)
✔ [3258/8034] Built Mathlib.Algebra.Group.Irreducible.Indecomposable (12s)
✔ [3259/8034] Built Mathlib.RingTheory.SimpleRing.Field (2.3s)
✔ [3260/8034] Built Mathlib.CategoryTheory.Limits.Shapes.Preorder.Basic (1.0s)
✔ [3261/8034] Built Mathlib.Data.ENNReal.Lemmas (2.3s)
✔ [3262/8034] Built Mathlib.RingTheory.Spectrum.Prime.Defs (2.2s)
✔ [3263/8034] Built Mathlib.Data.Real.ENatENNReal (2.6s)
✔ [3264/8034] Built Mathlib.Data.ENNReal.Real (3.5s)
✔ [3265/8034] Built Mathlib.Algebra.Field.Subfield.Basic (4.7s)
✔ [3266/8034] Built Mathlib.Algebra.Order.Ring.Ordering.Defs (3.7s)
✔ [3267/8034] Built Mathlib.CategoryTheory.Functor.Derived.RightDerived (3.6s)
✔ [3268/8034] Built Mathlib.Combinatorics.SimpleGraph.Connectivity.EdgeConnectivity (2.6s)
✔ [3269/8034] Built Mathlib.Combinatorics.SimpleGraph.Connectivity.WalkCounting (3.1s)
✔ [3270/8034] Built Mathlib.Combinatorics.SimpleGraph.Hamiltonian (2.0s)
✔ [3271/8034] Built Mathlib.Algebra.Module.Submodule.IterateMapComap (2.3s)
✔ [3272/8034] Built Mathlib.CategoryTheory.Functor.Derived.LeftDerived (3.7s)
✔ [3273/8034] Built Mathlib.Combinatorics.SimpleGraph.Metric (3.0s)
✔ [3274/8034] Built Mathlib.CategoryTheory.Limits.Shapes.Pullback.PullbackCone (4.9s)
✔ [3275/8034] Built Mathlib.Algebra.Module.Submodule.EqLocus (2.0s)
✔ [3276/8034] Built Mathlib.Algebra.Ring.Subgroup (2.4s)
✔ [3277/8034] Built Mathlib.GroupTheory.Divisible (3.1s)
✔ [3278/8034] Built Mathlib.CategoryTheory.Monoidal.Bimon_ (9.3s)
✔ [3279/8034] Built Mathlib.Topology.Maps.OpenQuotient (2.5s)
✔ [3280/8034] Built Mathlib.Algebra.Ring.Subring.Pointwise (3.4s)
✔ [3281/8034] Built Mathlib.CategoryTheory.Functor.KanExtension.Pointwise (6.6s)
✔ [3282/8034] Built Mathlib.GroupTheory.Rank (2.0s)
✔ [3283/8034] Built Mathlib.Data.Finsupp.MonomialOrder (3.4s)
✔ [3284/8034] Built Mathlib.Algebra.AffineMonoid.Irreducible (3.3s)
✔ [3285/8034] Built Mathlib.Algebra.Algebra.Basic (5.8s)
✔ [3286/8034] Built Mathlib.GroupTheory.MonoidLocalization.Finite (2.2s)
✔ [3287/8034] Built Mathlib.Algebra.Module.Submodule.Range (4.6s)
✔ [3288/8034] Built Mathlib.Algebra.AffineMonoid.Basic (2.1s)
✔ [3289/8034] Built Mathlib.Combinatorics.SimpleGraph.Connectivity.Subgraph (6.8s)
✔ [3290/8034] Built Mathlib.SetTheory.Surreal.Multiplication (3.2s)
✔ [3291/8034] Built Mathlib.Combinatorics.SimpleGraph.VertexCover (3.6s)
✔ [3292/8034] Built Mathlib.Topology.Coherent (3.0s)
✔ [3293/8034] Built Mathlib.Data.Nat.Multiplicity (3.8s)
✔ [3294/8034] Built Mathlib.Topology.LocallyFinite (3.3s)
✔ [3295/8034] Built Mathlib.RingTheory.Radical (3.7s)
✔ [3296/8034] Built Mathlib.Combinatorics.SimpleGraph.Triangle.Basic (4.0s)
✔ [3297/8034] Built Mathlib.Combinatorics.SimpleGraph.Triangle.Counting (4.4s)
✔ [3298/8034] Built Mathlib.Topology.Order.LeftRight (2.7s)
✔ [3299/8034] Built Mathlib.Combinatorics.SimpleGraph.Coloring (5.1s)
✔ [3300/8034] Built Mathlib.Data.Nat.Squarefree (4.6s)
✔ [3301/8034] Built Mathlib.Topology.Clopen (2.5s)
✔ [3302/8034] Built Mathlib.Topology.Semicontinuity.Defs (4.9s)
✔ [3303/8034] Built Mathlib.Topology.OpenPartialHomeomorph.Defs (3.4s)
✔ [3304/8034] Built Mathlib.Topology.Order.LocalExtr (5.2s)
✔ [3305/8034] Built Mathlib.SetTheory.Cardinal.Pigeonhole (2.6s)
✔ [3306/8034] Built Mathlib.Topology.Piecewise (2.9s)
✔ [3307/8034] Built Mathlib.GroupTheory.QuotientGroup.Finite (3.0s)
✔ [3308/8034] Built Mathlib.Topology.UniformSpace.Basic (6.5s)
✔ [3309/8034] Built Mathlib.Topology.Compactness.Compact (6.9s)
✔ [3310/8034] Built Mathlib.SetTheory.Cardinal.HasCardinalLT (2.7s)
✔ [3311/8034] Built Mathlib.Combinatorics.SetFamily.KruskalKatona (3.7s)
✔ [3312/8034] Built Mathlib.Order.Filter.CardinalInter (3.5s)
✔ [3313/8034] Built Mathlib.Topology.UniformSpace.Ultra.Basic (2.3s)
✔ [3314/8034] Built Mathlib.Combinatorics.Enumerative.Partition (2.3s)
✔ [3315/8034] Built Mathlib.MeasureTheory.MeasurableSpace.Card (3.8s)
✔ [3316/8034] Built Mathlib.CategoryTheory.MarkovCategory.Basic (2.1s)
✔ [3317/8034] Built Mathlib.Combinatorics.Matroid.Constructions (2.9s)
✔ [3318/8034] Built Mathlib.SetTheory.Game.Short (3.0s)
✔ [3319/8034] Built Mathlib.CategoryTheory.CopyDiscardCategory.Deterministic (2.0s)
✔ [3320/8034] Built Mathlib.ModelTheory.FinitelyGenerated (2.8s)
✔ [3321/8034] Built Mathlib.SetTheory.Cardinal.Subfield (2.6s)
✔ [3322/8034] Built Mathlib.Combinatorics.SimpleGraph.Diam (2.7s)
✔ [3323/8034] Built Mathlib.Combinatorics.SimpleGraph.Connectivity.Represents (3.7s)
✔ [3324/8034] Built Mathlib.CategoryTheory.Functor.Derived.Adjunction (3.0s)
✔ [3325/8034] Built Mathlib.CategoryTheory.Functor.Derived.PointwiseLeftDerived (3.4s)
✔ [3326/8034] Built Mathlib.CategoryTheory.Functor.Derived.PointwiseRightDerived (3.4s)
✔ [3327/8034] Built Mathlib.Algebra.Algebra.IsSimpleRing (2.4s)
✔ [3328/8034] Built Mathlib.CategoryTheory.Monoidal.Hopf_ (4.7s)
✔ [3329/8034] Built Mathlib.Topology.Inseparable (4.9s)
✔ [3330/8034] Built Mathlib.Data.ENNReal.Operations (6.1s)
✔ [3331/8034] Built Mathlib.NumberTheory.ClassNumber.AdmissibleAbs (3.4s)
✔ [3332/8034] Built Mathlib.GroupTheory.Index (9.4s)
✔ [3333/8034] Built Mathlib.Algebra.Module.LinearMap.DivisionRing (2.6s)
✔ [3334/8034] Built Mathlib.ModelTheory.ElementaryMaps (7.5s)
✔ [3335/8034] Built Mathlib.CategoryTheory.Limits.Shapes.Pullback.HasPullback (7.3s)
✔ [3336/8034] Built Mathlib.LinearAlgebra.Finsupp.Supported (3.9s)
✔ [3337/8034] Built Mathlib.Algebra.Order.Ring.Ordering.Basic (8.2s)
✔ [3338/8034] Built Mathlib.SetTheory.Surreal.Dyadic (3.7s)
✔ [3339/8034] Built Mathlib.CategoryTheory.Monoidal.Internal.FunctorCategory (24s)
✔ [3340/8034] Built Mathlib.NumberTheory.Padics.PadicVal.Basic (3.8s)
✔ [3341/8034] Built Mathlib.CategoryTheory.Functor.KanExtension.Adjunction (7.4s)
✔ [3342/8034] Built Mathlib.Algebra.Algebra.Hom (6.1s)
✔ [3343/8034] Built Mathlib.Combinatorics.SimpleGraph.Partition (3.2s)
✔ [3344/8034] Built Mathlib.Data.Analysis.Topology (3.6s)
✔ [3345/8034] Built Mathlib.Algebra.CharP.Lemmas (4.1s)
✔ [3346/8034] Built Mathlib.Combinatorics.SimpleGraph.Sum (3.9s)
✔ [3347/8034] Built Mathlib.NumberTheory.MaricaSchoenheim (2.8s)
✔ [3348/8034] Built Mathlib.Algebra.Module.Submodule.Equiv (5.6s)
✔ [3349/8034] Built Mathlib.Topology.UniformSpace.DiscreteUniformity (2.3s)
✔ [3350/8034] Built Mathlib.Topology.Algebra.Indicator (2.5s)
✔ [3351/8034] Built Mathlib.Dynamics.TopologicalEntropy.DynamicalEntourage (2.4s)
✔ [3352/8034] Built Mathlib.Topology.Compactness.LocallyFinite (2.2s)
✔ [3353/8034] Built Mathlib.Topology.Compactness.CompactlyCoherentSpace (2.3s)
✔ [3354/8034] Built Mathlib.Combinatorics.SimpleGraph.Triangle.Tripartite (5.7s)
✔ [3355/8034] Built Mathlib.NumberTheory.SmoothNumbers (3.5s)
✔ [3356/8034] Built Mathlib.Topology.UniformSpace.Compact (2.8s)
✔ [3357/8034] Built Mathlib.Topology.Compactness.Bases (2.5s)
✔ [3358/8034] Built Mathlib.Topology.Compactness.LocallyCompact (2.8s)
✔ [3359/8034] Built Mathlib.CategoryTheory.Comma.CardinalArrow (2.8s)
✔ [3360/8034] Built Mathlib.CategoryTheory.ObjectProperty.HasCardinalLT (2.5s)
✔ [3361/8034] Built Mathlib.CategoryTheory.MorphismProperty.HasCardinalLT (2.5s)
✔ [3362/8034] Built Mathlib.NumberTheory.ArithmeticFunction.Defs (6.2s)
✔ [3363/8034] Built Mathlib.CategoryTheory.SmallRepresentatives (3.3s)
✔ [3364/8034] Built Mathlib.SetTheory.Game.State (2.7s)
✔ [3365/8034] Built Mathlib.Topology.NhdsKer (2.7s)
✔ [3366/8034] Built Mathlib.GroupTheory.Commutator.Finite (2.6s)
✔ [3367/8034] Built Mathlib.Data.ENNReal.Action (3.2s)
✔ [3368/8034] Built Mathlib.Combinatorics.Matroid.Map (4.1s)
✔ [3369/8034] Built Mathlib.GroupTheory.IndexNormal (2.7s)
✔ [3370/8034] Built Mathlib.Algebra.Order.Ring.Units (2.9s)
✔ [3371/8034] Built Mathlib.Algebra.Order.Floor.Extended (4.6s)
✔ [3372/8034] Built Mathlib.Order.Filter.Cocardinal (5.7s)
✔ [3373/8034] Built Mathlib.GroupTheory.Commensurable (3.2s)
✔ [3374/8034] Built Mathlib.GroupTheory.FiniteIndexNormalSubgroup (3.8s)
✔ [3375/8034] Built Mathlib.ModelTheory.DirectLimit (5.8s)
✔ [3376/8034] Built Mathlib.Data.EReal.Basic (5.5s)
✔ [3377/8034] Built Mathlib.ModelTheory.ElementarySubstructures (3.2s)
✔ [3378/8034] Built Mathlib.CategoryTheory.Limits.Shapes.DisjointCoproduct (2.8s)
✔ [3379/8034] Built Mathlib.CategoryTheory.Limits.Preserves.Creates.Pullbacks (2.6s)
✔ [3380/8034] Built Mathlib.CategoryTheory.EffectiveEpi.Coproduct (2.7s)
✔ [3381/8034] Built Mathlib.Data.ENNReal.Inv (7.4s)
✔ [3382/8034] Built Mathlib.CategoryTheory.Limits.FunctorCategory.Shapes.Pullbacks (4.6s)
✔ [3383/8034] Built Mathlib.Algebra.Algebra.Hom.Rat (2.8s)
✔ [3384/8034] Built Mathlib.CategoryTheory.Limits.Shapes.Pullback.Iso (4.0s)
✔ [3385/8034] Built Mathlib.CategoryTheory.Monoidal.Internal.Limits (3.9s)
✔ [3386/8034] Built Mathlib.NumberTheory.Padics.PadicNorm (3.6s)
✔ [3387/8034] Built Mathlib.GroupTheory.GroupAction.Blocks (8.9s)
✔ [3388/8034] Built Mathlib.Algebra.CharP.Frobenius (3.8s)
✔ [3389/8034] Built Mathlib.GroupTheory.Complement (8.9s)
✔ [3390/8034] Built Mathlib.CategoryTheory.Limits.Shapes.Pullback.Pasting (6.0s)
✔ [3391/8034] Built Mathlib.CategoryTheory.Functor.KanExtension.Preserves (6.6s)
✔ [3392/8034] Built Mathlib.Topology.Compactness.SigmaCompact (3.2s)
✔ [3393/8034] Built Mathlib.Combinatorics.SimpleGraph.Prod (6.0s)
✔ [3394/8034] Built Mathlib.NumberTheory.SelbergSieve (3.5s)
✔ [3395/8034] Built Mathlib.NumberTheory.ArithmeticFunction.Zeta (3.7s)
✔ [3396/8034] Built Mathlib.SetTheory.Game.Domineering (2.9s)
✔ [3397/8034] Built Mathlib.Topology.Compactness.NhdsKer (2.7s)
✔ [3398/8034] Built Mathlib.Topology.Separation.Basic (5.8s)
✔ [3399/8034] Built Mathlib.Algebra.Algebra.NonUnitalHom (9.3s)
✔ [3400/8034] Built Mathlib.LinearAlgebra.Span.Basic (7.9s)
✔ [3401/8034] Built Mathlib.ModelTheory.Skolem (2.6s)
✔ [3402/8034] Built Mathlib.LinearAlgebra.Finsupp.LinearCombination (7.6s)
✔ [3403/8034] Built Mathlib.ModelTheory.Bundled (2.9s)
✔ [3404/8034] Built Mathlib.Algebra.Algebra.Equiv (11s)
✔ [3405/8034] Built Mathlib.GroupTheory.OrderOfElement (16s)
✔ [3406/8034] Built Mathlib.CategoryTheory.Limits.Shapes.Equalizers (13s)
✔ [3407/8034] Built Mathlib.Combinatorics.Matroid.Sum (5.2s)
✔ [3408/8034] Built Mathlib.Data.ENNReal.BigOperators (3.7s)
✔ [3409/8034] Built Mathlib.Data.ENNReal.Holder (3.5s)
✔ [3410/8034] Built Mathlib.ModelTheory.PartialEquiv (5.4s)
✔ [3411/8034] Built Mathlib.Algebra.CharP.Reduced (2.7s)
✔ [3412/8034] Built Mathlib.Combinatorics.Matroid.Closure (7.6s)
✔ [3413/8034] Built Mathlib.CategoryTheory.Limits.Shapes.Pullback.Mono (4.6s)
✔ [3414/8034] Built Mathlib.GroupTheory.GroupAction.Primitive (4.7s)
✔ [3415/8034] Built Mathlib.Combinatorics.SimpleGraph.Hasse (3.3s)
✔ [3416/8034] Built Mathlib.Topology.EMetricSpace.Defs (6.5s)
✔ [3417/8034] Built Mathlib.Topology.Compactness.Lindelof (4.1s)
✔ [3418/8034] Built Mathlib.Topology.AlexandrovDiscrete (3.4s)
✔ [3419/8034] Built Mathlib.NumberTheory.ArithmeticFunction.Misc (4.1s)
✔ [3420/8034] Built Mathlib.Data.EReal.Operations (8.7s)
✔ [3421/8034] Built Mathlib.Topology.Separation.CountableSeparatingOn (2.9s)
✔ [3422/8034] Built Mathlib.Topology.DiscreteSubset (3.9s)
✔ [3423/8034] Built Mathlib.Topology.Filter (2.0s)
✔ [3424/8034] Built Mathlib.Algebra.Lie.Basic (15s)
✔ [3425/8034] Built Mathlib.Topology.IndicatorConstPointwise (3.1s)
✔ [3426/8034] Built Mathlib.GroupTheory.SemidirectProduct (8.2s)
✔ [3427/8034] Built Mathlib.LinearAlgebra.Countable (2.6s)
✔ [3428/8034] Built Mathlib.LinearAlgebra.Finsupp.Span (3.1s)
✔ [3429/8034] Built Mathlib.RingTheory.Ideal.Span (3.1s)
✔ [3430/8034] Built Mathlib.CategoryTheory.Limits.Shapes.Pullback.Assoc (8.8s)
✔ [3431/8034] Built Mathlib.LinearAlgebra.BilinearMap (18s)
✔ [3432/8034] Built Mathlib.GroupTheory.HNNExtension (9.7s)
✔ [3433/8034] Built Mathlib.FieldTheory.Galois.Notation (2.2s)
✔ [3434/8034] Built Mathlib.CategoryTheory.Comma.Over.Pullback (9.7s)
✔ [3435/8034] Built Mathlib.GroupTheory.PushoutI (10s)
✔ [3436/8034] Built Mathlib.ModelTheory.Satisfiability (3.5s)
✔ [3437/8034] Built Mathlib.Algebra.Module.Submodule.Pointwise (5.8s)
✔ [3438/8034] Built Mathlib.Algebra.Algebra.TransferInstance (2.9s)
✔ [3439/8034] Built Mathlib.Algebra.Algebra.Prod (3.3s)
✔ [3440/8034] Built Mathlib.LinearAlgebra.FiniteSpan (2.7s)
✔ [3441/8034] Built Mathlib.Data.Finsupp.Weight (7.0s)
✔ [3442/8034] Built Mathlib.GroupTheory.Perm.Finite (3.4s)
✔ [3443/8034] Built Mathlib.CategoryTheory.Limits.Constructions.Pullbacks (2.6s)
✔ [3444/8034] Built Mathlib.LinearAlgebra.LinearIndependent.Defs (7.1s)
✔ [3445/8034] Built Mathlib.Algebra.Algebra.Opposite (5.4s)
✔ [3446/8034] Built Mathlib.Algebra.Algebra.Tower (5.1s)
✔ [3447/8034] Built Mathlib.CategoryTheory.Limits.Connected (3.6s)
✔ [3448/8034] Built Mathlib.NumberTheory.MulChar.Basic (5.2s)
✔ [3449/8034] Built Mathlib.CategoryTheory.Limits.Shapes.FiniteLimits (3.2s)
✔ [3450/8034] Built Mathlib.GroupTheory.NoncommPiCoprod (4.5s)
✔ [3451/8034] Built Mathlib.LinearAlgebra.Basis.Defs (8.2s)
✔ [3452/8034] Built Mathlib.GroupTheory.Exponent (5.7s)
✔ [3453/8034] Built Mathlib.CategoryTheory.Limits.Types.Coequalizers (2.4s)
✔ [3454/8034] Built Mathlib.CategoryTheory.Limits.Types.Equalizers (2.5s)
✔ [3455/8034] Built Mathlib.Data.ZMod.Basic (6.5s)
✔ [3456/8034] Built Mathlib.CategoryTheory.Limits.Shapes.SplitEqualizer (2.5s)
✔ [3457/8034] Built Mathlib.CategoryTheory.Limits.Shapes.SplitCoequalizer (2.8s)
✔ [3458/8034] Built Mathlib.Combinatorics.Matroid.Rank.Finite (2.9s)
✔ [3459/8034] Built Mathlib.ModelTheory.Fraisse (3.9s)
✔ [3460/8034] Built Mathlib.GroupTheory.GroupAction.Iwasawa (2.9s)
✔ [3461/8034] Built Mathlib.Combinatorics.SimpleGraph.Circulant (3.0s)
✔ [3462/8034] Built Mathlib.Combinatorics.Matroid.Circuit (4.4s)
✔ [3463/8034] Built Mathlib.Data.Real.ConjExponents (4.7s)
✔ [3464/8034] Built Mathlib.Topology.Separation.AlexandrovDiscrete (2.9s)
✔ [3465/8034] Built Mathlib.CategoryTheory.Limits.Shapes.WideEqualizers (7.2s)
✔ [3466/8034] Built Mathlib.Algebra.Order.Antidiag.Nat (3.9s)
✔ [3467/8034] Built Mathlib.Topology.Irreducible (2.0s)
✔ [3468/8034] Built Mathlib.Algebra.Lie.NonUnitalNonAssocAlgebra (2.5s)
✔ [3469/8034] Built Mathlib.NumberTheory.ArithmeticFunction.Moebius (4.3s)
✔ [3470/8034] Built Mathlib.Algebra.Algebra.NonUnitalSubalgebra (16s)
✔ [3471/8034] Built Mathlib.Data.EReal.Inv (4.7s)
✔ [3472/8034] Built Mathlib.Algebra.NonAssoc.LieAdmissible.Defs (3.9s)
✔ [3473/8034] Built Mathlib.CategoryTheory.Action (4.1s)
✔ [3474/8034] Built Mathlib.Topology.MetricSpace.Pseudo.Defs (7.3s)
✔ [3475/8034] Built Mathlib.NumberTheory.Basic (2.9s)
✔ [3476/8034] Built Mathlib.CategoryTheory.Limits.Shapes.Images (8.6s)
✔ [3477/8034] Built Mathlib.RingTheory.Ideal.Maximal (3.4s)
✔ [3478/8034] Built Mathlib.Algebra.MonoidAlgebra.Ideal (3.1s)
✔ [3479/8034] Built Mathlib.ModelTheory.Graph (2.4s)
✔ [3480/8034] Built Mathlib.Algebra.Module.Submodule.Bilinear (3.6s)
✔ [3481/8034] Built Mathlib.ModelTheory.Types (2.8s)
✔ [3482/8034] Built Mathlib.NumberTheory.Multiplicity (5.6s)
✔ [3483/8034] Built Mathlib.Algebra.RingQuot (6.1s)
✔ [3484/8034] Built Mathlib.GroupTheory.GroupExtension.Defs (6.2s)
✔ [3485/8034] Built Mathlib.Algebra.Algebra.Shrink (2.3s)
✔ [3486/8034] Built Mathlib.ModelTheory.Equivalence (3.9s)
✔ [3487/8034] Built Mathlib.CategoryTheory.Limits.Shapes.Multiequalizer (14s)
✔ [3488/8034] Built Mathlib.Algebra.Algebra.Pi (3.9s)
✔ [3489/8034] Built Mathlib.Algebra.Algebra.RestrictScalars (3.2s)
✔ [3490/8034] Built Mathlib.LinearAlgebra.Dual.Defs (7.1s)
✔ [3491/8034] Built Mathlib.GroupTheory.Perm.Cycle.Basic (4.0s)
✔ [3492/8034] Built Mathlib.Data.Finsupp.MonomialOrder.DegLex (5.2s)
✔ [3493/8034] Built Mathlib.Tactic.Algebraize (3.8s)
✔ [3494/8034] Built Mathlib.LinearAlgebra.BilinearForm.Basic (4.0s)
✔ [3495/8034] Built Mathlib.ModelTheory.Arithmetic.Presburger.Semilinear.Defs (5.8s)
✔ [3496/8034] Built Mathlib.CategoryTheory.Limits.Shapes.FiniteProducts (2.2s)
✔ [3497/8034] Built Mathlib.CategoryTheory.Limits.Lattice (3.6s)
✔ [3498/8034] Built Mathlib.LinearAlgebra.Basis.Bilinear (2.8s)
✔ [3499/8034] Built Mathlib.LinearAlgebra.LinearIndependent.Basic (7.3s)
✔ [3500/8034] Built Mathlib.LinearAlgebra.Basis.Cardinality (3.4s)
✔ [3501/8034] Built Mathlib.CategoryTheory.Limits.Opposites (5.7s)
✔ [3502/8034] Built Mathlib.CategoryTheory.Filtered.Basic (4.4s)
✔ [3503/8034] Built Mathlib.GroupTheory.GroupAction.Period (3.3s)
✔ [3504/8034] Built Mathlib.Algebra.MonoidAlgebra.Module (3.0s)
✔ [3505/8034] Built Mathlib.Combinatorics.SimpleGraph.DegreeSum (2.9s)
✔ [3506/8034] Built Mathlib.Data.ZMod.Units (3.2s)
✔ [3507/8034] Built Mathlib.GroupTheory.GroupAction.SubMulAction.OfFixingSubgroup (17s)
✔ [3508/8034] Built Mathlib.Data.ZMod.Factorial (2.7s)
✔ [3509/8034] Built Mathlib.Data.ZMod.IntUnitsPower (2.6s)
✔ [3510/8034] Built Mathlib.Algebra.Algebra.ZMod (2.2s)
✔ [3511/8034] Built Mathlib.Algebra.BigOperators.ModEq (3.1s)
✔ [3512/8034] Built Mathlib.Algebra.Field.ZMod (2.2s)
✔ [3513/8034] Built Mathlib.Data.ZMod.Aut (2.4s)
✔ [3514/8034] Built Mathlib.RingTheory.Localization.Basic (9.6s)
✔ [3515/8034] Built Mathlib.CategoryTheory.Limits.Constructions.WeaklyInitial (2.1s)
✔ [3516/8034] Built Mathlib.RingTheory.Fintype (2.7s)
✔ [3517/8034] Built Mathlib.LinearAlgebra.Prod (11s)
✔ [3518/8034] Built Mathlib.NumberTheory.LegendreSymbol.ZModChar (3.1s)
✔ [3519/8034] Built Mathlib.Data.ZMod.ValMinAbs (2.9s)
✔ [3520/8034] Built Mathlib.CategoryTheory.Limits.Preserves.Shapes.Equalizers (3.3s)
✔ [3521/8034] Built Mathlib.RingTheory.UniqueFactorizationDomain.Moebius (2.6s)
✔ [3522/8034] Built Mathlib.Topology.Separation.Hausdorff (3.2s)
✔ [3523/8034] Built Mathlib.Combinatorics.Matroid.Loop (4.3s)
✔ [3524/8034] Built Mathlib.Data.ZMod.QuotientGroup (4.6s)
✔ [3525/8034] Built Mathlib.Topology.MetricSpace.Defs (2.8s)
✔ [3526/8034] Built Mathlib.CategoryTheory.Limits.Types.Images (2.4s)
✔ [3527/8034] Built Mathlib.GroupTheory.FreeGroup.NielsenSchreier (3.4s)
✔ [3528/8034] Built Mathlib.RingTheory.Spectrum.Maximal.Defs (2.5s)
✔ [3529/8034] Built Mathlib.Topology.MetricSpace.Pseudo.Constructions (3.4s)
✔ [3530/8034] Built Mathlib.RingTheory.Ideal.Nonunits (2.9s)
✔ [3531/8034] Built Mathlib.RingTheory.Ideal.Basic (3.6s)
✔ [3532/8034] Built Mathlib.Tactic.Module (13s)
✔ [3533/8034] Built Mathlib.Algebra.Star.RingQuot (2.4s)
✔ [3534/8034] Built Mathlib.Order.CompleteLattice.MulticoequalizerDiagram (2.4s)
✔ [3535/8034] Built Mathlib.CategoryTheory.Limits.Types.Multiequalizer (2.2s)
✔ [3536/8034] Built Mathlib.CategoryTheory.Limits.Shapes.ZeroMorphisms (5.3s)
✔ [3537/8034] Built Mathlib.CategoryTheory.Limits.Shapes.FiniteMultiequalizer (2.0s)
✔ [3538/8034] Built Mathlib.CategoryTheory.Limits.Preserves.Shapes.Multiequalizer (2.5s)
✔ [3539/8034] Built Mathlib.GroupTheory.GroupExtension.Basic (4.2s)
✔ [3540/8034] Built Mathlib.ModelTheory.Complexity (3.6s)
✔ [3541/8034] Built Mathlib.LinearAlgebra.Dual.Basis (3.5s)
✔ [3542/8034] Built Mathlib.GroupTheory.Perm.Closure (2.7s)
✔ [3543/8034] Built Mathlib.CategoryTheory.Limits.Shapes.End (4.7s)
✔ [3544/8034] Built Mathlib.Algebra.Order.Chebyshev (3.5s)
✔ [3545/8034] Built Mathlib.RingTheory.Finiteness.Defs (2.9s)
✔ [3546/8034] Built Mathlib.CategoryTheory.Limits.Preserves.Finite (2.8s)
✔ [3547/8034] Built Mathlib.LinearAlgebra.Basis.Basic (3.6s)
✔ [3548/8034] Built Mathlib.GroupTheory.Perm.Cycle.Factors (4.7s)
✔ [3549/8034] Built Mathlib.CategoryTheory.Limits.Preserves.Filtered (2.5s)
✔ [3550/8034] Built Mathlib.CategoryTheory.Limits.Types.Filtered (2.9s)
✔ [3551/8034] Built Mathlib.CategoryTheory.WithTerminal.Lemmas (2.3s)
✔ [3552/8034] Built Mathlib.CategoryTheory.Limits.IndYoneda (4.7s)
✔ [3553/8034] Built Mathlib.CategoryTheory.Limits.Shapes.Opposites.Products (4.8s)
✔ [3554/8034] Built Mathlib.CategoryTheory.Limits.Types.ColimitTypeFiltered (2.4s)
✔ [3555/8034] Built Mathlib.CategoryTheory.Filtered.Grothendieck (2.6s)
✔ [3556/8034] Built Mathlib.CategoryTheory.Filtered.Small (3.3s)
✔ [3557/8034] Built Mathlib.Algebra.Algebra.Subalgebra.Basic (11s)
✔ [3558/8034] Built Mathlib.Algebra.Module.LocalizedModule.Basic (21s)
✔ [3559/8034] Built Mathlib.LinearAlgebra.TensorProduct.Defs (9.0s)
✔ [3560/8034] Built Mathlib.CategoryTheory.Limits.Filtered (2.4s)
✔ [3561/8034] Built Mathlib.CategoryTheory.Filtered.Connected (2.0s)
✔ [3562/8034] Built Mathlib.CategoryTheory.Limits.Shapes.Opposites.Pullbacks (5.8s)
✔ [3563/8034] Built Mathlib.CategoryTheory.Limits.Constructions.EventuallyConstant (2.0s)
✔ [3564/8034] Built Mathlib.Algebra.MonoidAlgebra.Support (2.9s)
✔ [3565/8034] Built Mathlib.Algebra.Ring.NegOnePow (2.7s)
✔ [3566/8034] Built Mathlib.Combinatorics.SimpleGraph.Bipartite (3.5s)
✔ [3567/8034] Built Mathlib.Algebra.Star.StarAlgHom (10s)
✔ [3568/8034] Built Mathlib.NumberTheory.DirichletCharacter.Basic (3.8s)
✔ [3569/8034] Built Mathlib.Combinatorics.SimpleGraph.Extremal.Turan (4.2s)
✔ [3570/8034] Built Mathlib.Algebra.Star.Module (5.4s)
✔ [3571/8034] Built Mathlib.Dynamics.FixedPoints.Topology (2.6s)
✔ [3572/8034] Built Mathlib.Topology.Algebra.Semigroup (2.7s)
✔ [3573/8034] Built Mathlib.Topology.Algebra.InfiniteSum.Defs (4.3s)
✔ [3574/8034] Built Mathlib.Topology.LocallyFinsupp (6.1s)
✔ [3575/8034] Built Mathlib.Topology.Algebra.Support (4.4s)
✔ [3576/8034] Built Mathlib.Algebra.Polynomial.Basic (8.6s)
✔ [3577/8034] Built Mathlib.CategoryTheory.Limits.Final (12s)
✔ [3578/8034] Built Mathlib.Topology.Order.OrderClosed (6.2s)
✔ [3579/8034] Built Mathlib.LinearAlgebra.Pi (7.0s)
✔ [3580/8034] Built Mathlib.Topology.ContinuousMap.Basic (5.4s)
✔ [3581/8034] Built Mathlib.Combinatorics.Matroid.Minor.Delete (3.1s)
✔ [3582/8034] Built Mathlib.RingTheory.Localization.FractionRing (9.5s)
✔ [3583/8034] Built Mathlib.GroupTheory.Order.Min (3.0s)
✔ [3584/8034] Built Mathlib.Combinatorics.SimpleGraph.UnitDistance.Basic (2.6s)
✔ [3585/8034] Built Mathlib.Algebra.MonoidAlgebra.Basic (10s)
✔ [3586/8034] Built Mathlib.RingTheory.Spectrum.Maximal.Basic (2.7s)
✔ [3587/8034] Built Mathlib.RingTheory.LocalRing.Basic (2.7s)
✔ [3588/8034] Built Mathlib.Combinatorics.Matroid.Rank.ENat (4.5s)
✔ [3589/8034] Built Mathlib.CategoryTheory.Limits.Preserves.Shapes.Zero (3.4s)
✔ [3590/8034] Built Mathlib.Combinatorics.SimpleGraph.Matching (11s)
✔ [3591/8034] Built Mathlib.RingTheory.Finiteness.Prod (2.9s)
✔ [3592/8034] Built Mathlib.RingTheory.Finiteness.Bilinear (2.8s)
✔ [3593/8034] Built Mathlib.CategoryTheory.Limits.FunctorCategory.Finite (2.6s)
✔ [3594/8034] Built Mathlib.CategoryTheory.Limits.FintypeCat (3.2s)
✔ [3595/8034] Built Mathlib.CategoryTheory.Limits.Preserves.Opposites (3.5s)
✔ [3596/8034] Built Mathlib.CategoryTheory.Limits.Preserves.Shapes.Over (3.3s)
✔ [3597/8034] Built Mathlib.CategoryTheory.Limits.Constructions.FiniteProductsOfBinaryProducts (3.3s)
✔ [3598/8034] Built Mathlib.CategoryTheory.Limits.Preserves.Creates.Finite (3.8s)
✔ [3599/8034] Built Mathlib.ModelTheory.Order (5.3s)
✔ [3600/8034] Built Mathlib.Algebra.Category.ModuleCat.Semi (5.8s)
✔ [3601/8034] Built Mathlib.RingTheory.AlgebraTower (4.2s)
✔ [3602/8034] Built Mathlib.LinearAlgebra.LinearPMap (14s)
✔ [3603/8034] Built Mathlib.CategoryTheory.Monoidal.Bimod (14s)
✔ [3604/8034] Built Mathlib.LinearAlgebra.Ray (7.6s)
✔ [3605/8034] Built Mathlib.LinearAlgebra.Dimension.Basic (4.7s)
✔ [3606/8034] Built Mathlib.LinearAlgebra.Basis.Submodule (4.4s)
✔ [3607/8034] Built Mathlib.LinearAlgebra.FreeModule.Basic (3.7s)
✔ [3608/8034] Built Mathlib.CategoryTheory.Limits.ExactFunctor (5.5s)
✔ [3609/8034] Built Mathlib.LinearAlgebra.Basis.Flag (2.9s)
✔ [3610/8034] Built Mathlib.CategoryTheory.Limits.Preserves.Over (2.7s)
✔ [3611/8034] Built Mathlib.GroupTheory.Perm.ConjAct (2.8s)
✔ [3612/8034] Built Mathlib.LinearAlgebra.Basis.SMul (3.8s)
✔ [3613/8034] Built Mathlib.CategoryTheory.Limits.Set (2.6s)
✔ [3614/8034] Built Mathlib.Algebra.Algebra.Subalgebra.Order (2.4s)
✔ [3615/8034] Built Mathlib.CategoryTheory.Limits.ConcreteCategory.Basic (3.1s)
✔ [3616/8034] Built Mathlib.Algebra.Module.LocalizedModule.Away (2.1s)
✔ [3617/8034] Built Mathlib.Algebra.Module.LocalizedModule.AtPrime (2.2s)
✔ [3618/8034] Built Mathlib.CategoryTheory.Limits.Shapes.Opposites.Filtered (1.0s)
✔ [3619/8034] Built Mathlib.Algebra.Module.LocalizedModule.Int (2.9s)
✔ [3620/8034] Built Mathlib.CategoryTheory.Filtered.OfColimitCommutesFiniteLimit (2.2s)
✔ [3621/8034] Built Mathlib.CategoryTheory.Limits.FunctorCategory.Filtered (2.2s)
✔ [3622/8034] Built Mathlib.Algebra.Field.NegOnePow (2.6s)
✔ [3623/8034] Built Mathlib.CategoryTheory.Limits.Shapes.Pullback.IsPullback.Defs (4.5s)
✔ [3624/8034] Built Mathlib.Topology.Algebra.Order.Support (2.7s)
✔ [3625/8034] Built Mathlib.CategoryTheory.Limits.Preserves.Shapes.Pullbacks (4.8s)
✔ [3626/8034] Built Mathlib.CategoryTheory.Limits.Presentation (3.0s)
✔ [3627/8034] Built Mathlib.Algebra.Ring.Periodic (4.6s)
✔ [3628/8034] Built Mathlib.Order.Category.PartOrdEmb (5.1s)
✔ [3629/8034] Built Mathlib.CategoryTheory.Comma.StructuredArrow.Final (3.7s)
✔ [3630/8034] Built Mathlib.CategoryTheory.Functor.KanExtension.DenseAt (3.2s)
✔ [3631/8034] Built Mathlib.CategoryTheory.Limits.Shapes.Opposites.Equalizers (6.4s)
✔ [3632/8034] Built Mathlib.Combinatorics.SimpleGraph.CompleteMultipartite (5.0s)
✔ [3633/8034] Built Mathlib.Algebra.MonoidAlgebra.Degree (6.7s)
✔ [3634/8034] Built Mathlib.Combinatorics.SimpleGraph.Acyclic (6.6s)
✔ [3635/8034] Built Mathlib.CategoryTheory.Limits.IsConnected (2.7s)
✔ [3636/8034] Built Mathlib.CategoryTheory.Limits.Final.ParallelPair (2.7s)
✔ [3637/8034] Built Mathlib.CategoryTheory.Limits.Final.Connected (2.6s)
✔ [3638/8034] Built Mathlib.CategoryTheory.Limits.Final.Type (2.7s)
✔ [3639/8034] Built Mathlib.Topology.Algebra.InfiniteSum.Basic (6.0s)
✔ [3640/8034] Built Mathlib.GroupTheory.Perm.Cycle.Type (11s)
✔ [3641/8034] Built Mathlib.CategoryTheory.Limits.Shapes.Countable (2.8s)
✔ [3642/8034] Built Mathlib.Algebra.Polynomial.Monomial (2.5s)
✔ [3643/8034] Built Mathlib.Algebra.Polynomial.Basis (2.3s)
✔ [3644/8034] Built Mathlib.CategoryTheory.Monoidal.ExternalProduct.KanExtension (4.7s)
✔ [3645/8034] Built Mathlib.Algebra.Polynomial.Cardinal (2.5s)
✔ [3646/8034] Built Mathlib.Algebra.Polynomial.Coeff (3.0s)
✔ [3647/8034] Built Mathlib.Topology.Order.IsLocallyClosed (2.3s)
✔ [3648/8034] Built Mathlib.LinearAlgebra.TensorProduct.Basic (11s)
✔ [3649/8034] Built Mathlib.Topology.Order.Lattice (3.4s)
✔ [3650/8034] Built Mathlib.Topology.Connected.Basic (3.3s)
✔ [3651/8034] Built Mathlib.Topology.Order.ExtrClosure (2.6s)
✔ [3652/8034] Built Mathlib.Topology.Order.OrderClosedExtr (2.8s)
✔ [3653/8034] Built Mathlib.Algebra.Polynomial.Eval.Defs (5.1s)
✔ [3654/8034] Built Mathlib.LinearAlgebra.Basis.Fin (3.3s)
✔ [3655/8034] Built Mathlib.CategoryTheory.GuitartExact.Basic (7.1s)
✔ [3656/8034] Built Mathlib.Topology.Order.Basic (6.1s)
✔ [3657/8034] Built Mathlib.Topology.Hom.Open (3.1s)
✔ [3658/8034] Built Mathlib.LinearAlgebra.Finsupp.Pi (4.2s)
✔ [3659/8034] Built Mathlib.Topology.ContinuousMap.CocompactMap (2.9s)
✔ [3660/8034] Built Mathlib.Topology.Category.TopCat.Basic (3.6s)
✔ [3661/8034] Built Mathlib.RingTheory.Finiteness.Basic (5.8s)
✔ [3662/8034] Built Mathlib.Topology.Convenient.GeneratedBy (3.8s)
✔ [3663/8034] Built Mathlib.Topology.Sets.Opens (4.4s)
✔ [3664/8034] Built Mathlib.FieldTheory.RatFunc.Defs (4.5s)
✔ [3665/8034] Built Mathlib.Combinatorics.Matroid.Minor.Contract (4.9s)
✔ [3666/8034] Built Mathlib.RingTheory.Localization.Cardinality (2.7s)
✔ [3667/8034] Built Mathlib.Algebra.FreeNonUnitalNonAssocAlgebra (2.9s)
✔ [3668/8034] Built Mathlib.LinearAlgebra.Quotient.Basic (7.9s)
✔ [3669/8034] Built Mathlib.RingTheory.LocalRing.MaximalIdeal.Defs (2.7s)
✔ [3670/8034] Built Mathlib.RingTheory.Localization.NumDen (3.5s)
✔ [3671/8034] Built Mathlib.Combinatorics.SimpleGraph.UniversalVerts (2.9s)
✔ [3672/8034] Built Mathlib.LinearAlgebra.LinearIndependent.Lemmas (9.4s)
✔ [3673/8034] Built Mathlib.Combinatorics.Additive.CauchyDavenport (3.0s)
✔ [3674/8034] Built Mathlib.Combinatorics.Matroid.Rank.Cardinal (3.7s)
✔ [3675/8034] Built Mathlib.CategoryTheory.ObjectProperty.ContainsZero (2.5s)
✔ [3676/8034] Built Mathlib.LinearAlgebra.Dimension.Subsingleton (2.3s)
✔ [3677/8034] Built Mathlib.LinearAlgebra.Dimension.Finrank (2.6s)
✔ [3678/8034] Built Mathlib.LinearAlgebra.Basis.Prod (2.5s)
✔ [3679/8034] Built Mathlib.CategoryTheory.Limits.Shapes.MultiequalizerPullback (2.2s)
✔ [3680/8034] Built Mathlib.CategoryTheory.Limits.FilteredColimitCommutesProduct (3.7s)
✔ [3681/8034] Built Mathlib.Algebra.Homology.ShortComplex.Basic (5.4s)
✔ [3682/8034] Built Mathlib.GroupTheory.DivisibleHull (9.4s)
✔ [3683/8034] Built Mathlib.CategoryTheory.Limits.Shapes.Pullback.Connected (2.3s)
✔ [3684/8034] Built Mathlib.CategoryTheory.LiftingProperties.Limits (2.8s)
✔ [3685/8034] Built Mathlib.CategoryTheory.Shift.Basic (7.5s)
✔ [3686/8034] Built Mathlib.Data.Matrix.Basic (15s)
✔ [3687/8034] Built Mathlib.CategoryTheory.Limits.EpiMono (2.4s)
✔ [3688/8034] Built Mathlib.Algebra.Module.Injective (7.3s)
✔ [3689/8034] Built Mathlib.LinearAlgebra.Multilinear.Basic (14s)
✔ [3690/8034] Built Mathlib.CategoryTheory.Limits.Constructions.EpiMono (2.3s)
✔ [3691/8034] Built Mathlib.CategoryTheory.Limits.Shapes.RegularMono (5.7s)
✔ [3692/8034] Built Mathlib.CategoryTheory.Limits.Types.Pullbacks (3.1s)
✔ [3693/8034] Built Mathlib.LinearAlgebra.AffineSpace.AffineMap (16s)
✔ [3694/8034] Built Mathlib.CategoryTheory.Limits.Shapes.Pullback.Equalizer (3.2s)
✔ [3695/8034] Built Mathlib.CategoryTheory.Limits.Constructions.BinaryProducts (3.1s)
✔ [3696/8034] Built Mathlib.CategoryTheory.Limits.Constructions.Equalizers (3.3s)
✔ [3697/8034] Built Mathlib.Data.Nat.Periodic (2.2s)
✔ [3698/8034] Built Mathlib.CategoryTheory.ObjectProperty.LimitsOfShape (3.3s)
✔ [3699/8034] Built Mathlib.Algebra.Field.Periodic (3.2s)
✔ [3700/8034] Built Mathlib.CategoryTheory.Sites.Sieves (7.6s)
✔ [3701/8034] Built Mathlib.Combinatorics.SimpleGraph.Girth (2.0s)
✔ [3702/8034] Built Mathlib.Algebra.Star.NonUnitalSubalgebra (28s)
✔ [3703/8034] Built Mathlib.CategoryTheory.Limits.Constructions.Over.Products (10s)
✔ [3704/8034] Built Mathlib.Combinatorics.SimpleGraph.ConcreteColorings (4.1s)
✔ [3705/8034] Built Mathlib.Algebra.SkewMonoidAlgebra.Basic (11s)
✔ [3706/8034] Built Mathlib.Algebra.Polynomial.Degree.Defs (4.4s)
✔ [3707/8034] Built Mathlib.CategoryTheory.Limits.Shapes.Kernels (13s)
✔ [3708/8034] Built Mathlib.Algebra.CharP.CharAndCard (3.0s)
✔ [3709/8034] Built Mathlib.CategoryTheory.Join.Final (3.1s)
✔ [3710/8034] Built Mathlib.GroupTheory.FixedPointFree (3.1s)
✔ [3711/8034] Built Mathlib.GroupTheory.Perm.Cycle.Concrete (3.8s)
✔ [3712/8034] Built Mathlib.Data.Nat.Choose.Vandermonde (2.5s)
✔ [3713/8034] Built Mathlib.Topology.Order.PartialSups (2.3s)
✔ [3714/8034] Built Mathlib.Topology.Order.LowerUpperTopology (3.4s)
✔ [3715/8034] Built Mathlib.Algebra.Polynomial.Eval.Algebra (2.6s)
✔ [3716/8034] Built Mathlib.Topology.Connected.Clopen (3.3s)
✔ [3717/8034] Built Mathlib.Computability.TMComputable (3.3s)
✔ [3718/8034] Built Mathlib.Algebra.Polynomial.Eval.Coeff (3.4s)
✔ [3719/8034] Built Mathlib.CategoryTheory.GuitartExact.Over (2.9s)
✔ [3720/8034] Built Mathlib.LinearAlgebra.SModEq.Basic (4.1s)
✔ [3721/8034] Built Mathlib.Topology.Order.Filter (2.4s)
✔ [3722/8034] Built Mathlib.CategoryTheory.GuitartExact.VerticalComposition (3.6s)
✔ [3723/8034] Built Mathlib.CategoryTheory.GuitartExact.KanExtension (3.5s)
✔ [3724/8034] Built Mathlib.Topology.Instances.Sign (2.3s)
✔ [3725/8034] Built Mathlib.GroupTheory.Perm.Fin (7.3s)
✔ [3726/8034] Built Mathlib.Topology.Order.ProjIcc (2.6s)
✔ [3727/8034] Built Mathlib.Topology.Order.SuccPred (2.8s)
✔ [3728/8034] Built Mathlib.Topology.Instances.Discrete (2.4s)
✔ [3729/8034] Built Mathlib.Topology.Order.NhdsSet (3.4s)
✔ [3730/8034] Built Mathlib.Combinatorics.SimpleGraph.FiveWheelLike (11s)
✔ [3731/8034] Built Mathlib.Topology.Order.CountableSeparating (3.0s)
✔ [3732/8034] Built Mathlib.Topology.Order.LeftRightNhds (4.9s)
✔ [3733/8034] Built Mathlib.Topology.Category.FinTopCat (2.7s)
✔ [3734/8034] Built Mathlib.Topology.Order.MonotoneConvergence (3.3s)
✔ [3735/8034] Built Mathlib.Topology.Category.TopCat.Adjunctions (2.4s)
✔ [3736/8034] Built Mathlib.Topology.Category.CompHausLike.Basic (2.9s)
✔ [3737/8034] Built Mathlib.RingTheory.Finiteness.Lattice (2.3s)
✔ [3738/8034] Built Mathlib.RingTheory.Noetherian.Defs (2.8s)
✔ [3739/8034] Built Mathlib.Topology.ContinuousMap.T0Sierpinski (2.2s)
✔ [3740/8034] Built Mathlib.Topology.Sets.OpenCover (2.6s)
✔ [3741/8034] Built Mathlib.Analysis.Normed.Lp.WithLp (4.2s)
✔ [3742/8034] Built Mathlib.Combinatorics.Matroid.Minor.Order (2.6s)
✔ [3743/8034] Built Mathlib.Topology.Sheaves.Over (3.1s)
✔ [3744/8034] Built Mathlib.CategoryTheory.Limits.Shapes.Pullback.PullbackObjObj (18s)
✔ [3745/8034] Built Mathlib.Algebra.Order.ToIntervalMod (16s)
✔ [3746/8034] Built Mathlib.Topology.Sets.Closeds (4.1s)
✔ [3747/8034] Built Mathlib.LinearAlgebra.Quotient.Pi (3.9s)
✔ [3748/8034] Built Mathlib.Topology.Order.WithTop (7.7s)
✔ [3749/8034] Built Mathlib.CategoryTheory.ObjectProperty.Orthogonal (2.1s)
✔ [3750/8034] Built Mathlib.CategoryTheory.Limits.Types.Multicoequalizer (2.4s)
✔ [3751/8034] Built Mathlib.RingTheory.Ideal.Quotient.Basic (4.8s)
✔ [3752/8034] Built Mathlib.LinearAlgebra.Goursat (6.2s)
✔ [3753/8034] Built Mathlib.LinearAlgebra.Matrix.Unique (2.3s)
✔ [3754/8034] Built Mathlib.LinearAlgebra.Isomorphisms (5.6s)
✔ [3755/8034] Built Mathlib.Algebra.Algebra.Subalgebra.Matrix (2.3s)
✔ [3756/8034] Built Mathlib.Algebra.Homology.ShortComplex.FunctorEquivalence (4.7s)
✔ [3757/8034] Built Mathlib.CategoryTheory.DifferentialObject (5.4s)
✔ [3758/8034] Built Mathlib.LinearAlgebra.TensorProduct.Map (18s)
✔ [3759/8034] Built Mathlib.LinearAlgebra.Multilinear.TensorProduct (3.2s)
✔ [3760/8034] Built Mathlib.LinearAlgebra.Multilinear.Pi (2.9s)
✔ [3761/8034] Built Mathlib.Data.Matrix.Basis (4.8s)
✔ [3762/8034] Built Mathlib.CategoryTheory.GradedObject (7.2s)
✔ [3763/8034] Built Mathlib.LinearAlgebra.DFinsupp (9.2s)
✔ [3764/8034] Built Mathlib.CategoryTheory.Limits.Preserves.Shapes.Images (2.7s)
✔ [3765/8034] Built Mathlib.CategoryTheory.Limits.FunctorCategory.EpiMono (2.6s)
✔ [3766/8034] Built Mathlib.Algebra.Exact (11s)
✔ [3767/8034] Built Mathlib.CategoryTheory.ConcreteCategory.EpiMono (2.5s)
✔ [3768/8034] Built Mathlib.Algebra.Homology.ShortComplex.Limits (4.0s)
✔ [3769/8034] Built Mathlib.LinearAlgebra.Projection (11s)
✔ [3770/8034] Built Mathlib.CategoryTheory.Shift.CommShift (9.2s)
✔ [3771/8034] Built Mathlib.LinearAlgebra.Multilinear.Curry (5.9s)
✔ [3772/8034] Built Mathlib.Combinatorics.SimpleGraph.Tutte (11s)
✔ [3773/8034] Built Mathlib.CategoryTheory.Limits.MonoCoprod (3.1s)
✔ [3774/8034] Built Mathlib.CategoryTheory.EffectiveEpi.Preserves (2.8s)
✔ [3775/8034] Built Mathlib.CategoryTheory.Limits.Comma (4.9s)
✔ [3776/8034] Built Mathlib.CategoryTheory.GlueData (6.7s)
✔ [3777/8034] Built Mathlib.CategoryTheory.Limits.Constructions.ZeroObjects (3.1s)
✔ [3778/8034] Built Mathlib.LinearAlgebra.AffineSpace.Slope (3.7s)
✔ [3779/8034] Built Mathlib.CategoryTheory.Monoidal.DayConvolution (25s)
✔ [3780/8034] Built Mathlib.Data.Nat.Totient (3.7s)
✔ [3781/8034] Built Mathlib.CategoryTheory.ObjectProperty.ColimitsOfShape (3.7s)
✔ [3782/8034] Built Mathlib.CategoryTheory.Limits.Shapes.Pullback.IsPullback.Basic (4.2s)
✔ [3783/8034] Built Mathlib.CategoryTheory.ObjectProperty.LimitsClosure (3.6s)
✔ [3784/8034] Built Mathlib.CategoryTheory.Sites.EffectiveEpimorphic (4.0s)
✔ [3785/8034] Built Mathlib.CategoryTheory.Limits.Constructions.LimitsOfProductsAndEqualizers (5.2s)
✔ [3786/8034] Built Mathlib.LinearAlgebra.SesquilinearForm.Basic (15s)
✔ [3787/8034] Built Mathlib.Algebra.SkewPolynomial.Basic (3.1s)
✔ [3788/8034] Built Mathlib.Algebra.SkewMonoidAlgebra.Support (3.4s)
✔ [3789/8034] Built Mathlib.Algebra.SkewMonoidAlgebra.Single (2.8s)
✔ [3790/8034] Built Mathlib.Algebra.Polynomial.Degree.Definitions (2.3s)
✔ [3791/8034] Built Mathlib.Algebra.Polynomial.Degree.Monomial (2.4s)
✔ [3792/8034] Built Mathlib.CategoryTheory.Sites.Grothendieck (4.9s)
✔ [3793/8034] Built Mathlib.RingTheory.IntegralClosure.IsIntegral.Defs (2.7s)
✔ [3794/8034] Built Mathlib.CategoryTheory.ConcreteCategory.Elementwise (2.2s)
✔ [3795/8034] Built Mathlib.Algebra.SkewMonoidAlgebra.Lift (4.6s)
✔ [3796/8034] Built Mathlib.CategoryTheory.Limits.Shapes.Opposites.Kernels (2.3s)
✔ [3797/8034] Built Mathlib.CategoryTheory.Limits.Shapes.Pullback.IsPullback.Kernels (2.6s)
✔ [3798/8034] Built Mathlib.Algebra.Polynomial.Degree.Operations (4.6s)
✔ [3799/8034] Built Mathlib.CategoryTheory.Limits.Shapes.NormalMono.Basic (4.4s)
✔ [3800/8034] Built Mathlib.GroupTheory.Perm.Cycle.PossibleTypes (2.4s)
✔ [3801/8034] Built Mathlib.Topology.Connected.LocallyConnected (2.2s)
✔ [3802/8034] Built Mathlib.Topology.Order.UpperLowerSetTopology (2.9s)
✔ [3803/8034] Built Mathlib.CategoryTheory.Sites.IsSheafFor (8.2s)
✔ [3804/8034] Built Mathlib.Topology.SeparatedMap (2.5s)
✔ [3805/8034] Built Mathlib.CategoryTheory.Preadditive.Basic (4.8s)
✔ [3806/8034] Built Mathlib.CategoryTheory.Abelian.Images (3.8s)
✔ [3807/8034] Built Mathlib.LinearAlgebra.AffineSpace.AffineEquiv (11s)
✔ [3808/8034] Built Mathlib.Topology.Connected.TotallyDisconnected (2.7s)
✔ [3809/8034] Built Mathlib.CategoryTheory.Limits.Preserves.Shapes.Kernels (4.2s)
✔ [3810/8034] Built Mathlib.RingTheory.Polynomial.Subring (2.7s)
✔ [3811/8034] Built Mathlib.LinearAlgebra.SModEq (2.3s)
✔ [3812/8034] Built Mathlib.Topology.Separation.Regular (3.0s)
✔ [3813/8034] Built Mathlib.Topology.ContinuousMap.Ordered (2.8s)
✔ [3814/8034] Built Mathlib.Topology.Instances.ENat (2.9s)
✔ [3815/8034] Built Mathlib.Topology.Category.TopCat.EpiMono (2.2s)
✔ [3816/8034] Built Mathlib.RingTheory.Noetherian.Filter (2.4s)
✔ [3817/8034] Built Mathlib.Topology.Order.MonotoneContinuity (3.2s)
✔ [3818/8034] Built Mathlib.CategoryTheory.GuitartExact.Opposite (4.7s)
✔ [3819/8034] Built Mathlib.Algebra.ContinuedFractions.Computation.ApproximationCorollaries (3.7s)
✔ [3820/8034] Built Mathlib.Topology.Algebra.Order.Group (3.9s)
✔ [3821/8034] Built Mathlib.GroupTheory.SpecificGroups.Alternating (4.4s)
✔ [3822/8034] Built Mathlib.Algebra.Homology.ShortComplex.LeftHomology (9.4s)
✔ [3823/8034] Built Mathlib.Algebra.Algebra.Unitization (12s)
✔ [3824/8034] Built Mathlib.Topology.Category.TopCat.Limits.Basic (3.8s)
✔ [3825/8034] Built Mathlib.Topology.Sets.Order (2.3s)
✔ [3826/8034] Built Mathlib.Topology.Order.HullKernel (3.0s)
✔ [3827/8034] Built Mathlib.Topology.Order.IsLUB (4.0s)
✔ [3828/8034] Built Mathlib.Topology.Sober (2.6s)
✔ [3829/8034] Built Mathlib.CategoryTheory.LiftingProperties.ParametrizedAdjunction (4.2s)
✔ [3830/8034] Built Mathlib.CategoryTheory.GradedObject.Single (2.5s)
✔ [3831/8034] Built Mathlib.Data.Matrix.Composition (3.2s)
✔ [3832/8034] Built Mathlib.Algebra.Star.TensorProduct (3.8s)
✔ [3833/8034] Built Mathlib.CategoryTheory.Limits.Shapes.Biproducts (12s)
✔ [3834/8034] Built Mathlib.LinearAlgebra.Matrix.ConjTranspose (4.0s)
✔ [3835/8034] Built Mathlib.CategoryTheory.GradedObject.Bifunctor (3.5s)
✔ [3836/8034] Built Mathlib.LinearAlgebra.Matrix.Module (4.3s)
✔ [3837/8034] Built Mathlib.CategoryTheory.Adjunction.Quadruple (2.7s)
✔ [3838/8034] Built Mathlib.LinearAlgebra.TensorProduct.Finiteness (3.3s)
✔ [3839/8034] Built Mathlib.Algebra.Algebra.Bilinear (5.2s)
✔ [3840/8034] Built Mathlib.CategoryTheory.Functor.RegularEpi (2.8s)
✔ [3841/8034] Built Mathlib.CategoryTheory.Subfunctor.Image (3.7s)
✔ [3842/8034] Built Mathlib.RingTheory.Finiteness.Finsupp (3.0s)
✔ [3843/8034] Built Mathlib.LinearAlgebra.LeftExact (2.7s)
✔ [3844/8034] Built Mathlib.Topology.Order.AtTopBotIxx (10s)
✔ [3845/8034] Built Mathlib.Algebra.Module.LocalizedModule.Exact (3.0s)
✔ [3846/8034] Built Mathlib.LinearAlgebra.Multilinear.DFinsupp (6.3s)
✔ [3847/8034] Built Mathlib.CategoryTheory.Limits.Shapes.ConcreteCategory (3.5s)
✔ [3848/8034] Built Mathlib.LinearAlgebra.Basis.Exact (3.4s)
✔ [3849/8034] Built Mathlib.Algebra.DirectSum.Module (7.6s)
✔ [3850/8034] Built Mathlib.LinearAlgebra.Finsupp.VectorSpace (3.8s)
✔ [3851/8034] Built Mathlib.Order.Category.NonemptyFinLinOrd (4.4s)
✔ [3852/8034] Built Mathlib.Algebra.Module.SnakeLemma (5.7s)
✔ [3853/8034] Built Mathlib.CategoryTheory.Shift.Twist (3.2s)
✔ [3854/8034] Built Mathlib.Algebra.FiveLemma (6.3s)
✔ [3855/8034] Built Mathlib.CategoryTheory.ObjectProperty.Shift (2.8s)
✔ [3856/8034] Built Mathlib.Algebra.Category.Grp.EpiMono (5.6s)
✔ [3857/8034] Built Mathlib.Algebra.Module.Presentation.Basic (6.3s)
✔ [3858/8034] Built Mathlib.CategoryTheory.Limits.Shapes.Preorder.HasIterationOfShape (2.4s)
✔ [3859/8034] Built Mathlib.LinearAlgebra.Basis.VectorSpace (5.0s)
✔ [3860/8034] Built Mathlib.CategoryTheory.Shift.SingleFunctors (5.2s)
✔ [3861/8034] Built Mathlib.CategoryTheory.Shift.Adjunction (5.8s)
✔ [3862/8034] Built Mathlib.CategoryTheory.Limits.Over (3.1s)
✔ [3863/8034] Built Mathlib.NumberTheory.PrimeCounting (2.6s)
✔ [3864/8034] Built Mathlib.Data.Nat.PowModTotient (2.1s)
✔ [3865/8034] Built Mathlib.CategoryTheory.Limits.FullSubcategory (2.2s)
✔ [3866/8034] Built Mathlib.CategoryTheory.Shift.Induced (4.9s)
✔ [3867/8034] Built Mathlib.CategoryTheory.ObjectProperty.Local (2.4s)
✔ [3868/8034] Built Mathlib.CategoryTheory.Monoidal.DayConvolution.Braided (3.8s)
✔ [3869/8034] Built Mathlib.CategoryTheory.Functor.ReflectsIso.Jointly (2.4s)
✔ [3870/8034] Built Mathlib.CategoryTheory.Monoidal.DayConvolution.DayFunctor (5.3s)
✔ [3871/8034] Built Mathlib.CategoryTheory.Sites.Precoverage (3.4s)
✔ [3872/8034] Built Mathlib.CategoryTheory.Limits.Shapes.Pullback.Equifibered (2.6s)
✔ [3873/8034] Built Mathlib.CategoryTheory.ObjectProperty.ColimitsClosure (2.7s)
✔ [3874/8034] Built Mathlib.CategoryTheory.Limits.Shapes.KernelPair (3.1s)
✔ [3875/8034] Built Mathlib.CategoryTheory.Monoidal.DayConvolution.Closed (5.6s)
✔ [3876/8034] Built Mathlib.LinearAlgebra.SesquilinearForm (2.4s)
✔ [3877/8034] Built Mathlib.CategoryTheory.Limits.Types.Pushouts (3.6s)
✔ [3878/8034] Built Mathlib.LinearAlgebra.Quotient.Bilinear (2.9s)
✔ [3879/8034] Built Mathlib.LinearAlgebra.TensorProduct.Associator (15s)
✔ [3880/8034] Built Mathlib.Order.Category.OmegaCompletePartialOrder (2.7s)
✔ [3881/8034] Built Mathlib.RingTheory.IntegralClosure.IsIntegralClosure.Defs (2.1s)
✔ [3882/8034] Built Mathlib.RingTheory.IntegralClosure.Algebra.Defs (2.3s)
✔ [3883/8034] Built Mathlib.Algebra.Category.MonCat.Colimits (2.8s)
✔ [3884/8034] Built Mathlib.Algebra.Polynomial.Degree.Support (2.7s)
✔ [3885/8034] Built Mathlib.Algebra.Polynomial.Degree.Domain (2.7s)
✔ [3886/8034] Built Mathlib.Topology.Specialization (2.6s)
✔ [3887/8034] Built Mathlib.Algebra.Polynomial.Degree.SmallDegree (3.4s)
✔ [3888/8034] Built Mathlib.CategoryTheory.Limits.Shapes.NormalMono.Equalizers (3.7s)
✔ [3889/8034] Built Mathlib.Topology.Order.ScottTopology (2.0s)
✔ [3890/8034] Built Mathlib.CategoryTheory.Subfunctor.Sieves (2.3s)
✔ [3891/8034] Built Mathlib.Algebra.Category.MonCat.FilteredColimits (5.1s)
✔ [3892/8034] Built Mathlib.Topology.LocallyConstant.Basic (4.4s)
✔ [3893/8034] Built Mathlib.GroupTheory.SpecificGroups.Cyclic (9.8s)
✔ [3894/8034] Built Mathlib.CategoryTheory.Sites.EqualizerSheafCondition (3.0s)
✔ [3895/8034] Built Mathlib.CategoryTheory.Limits.Constructions.Filtered (7.5s)
✔ [3896/8034] Built Mathlib.Algebra.Category.Grp.Preadditive (3.3s)
✔ [3897/8034] Built Mathlib.CategoryTheory.Linear.Basic (3.3s)
✔ [3898/8034] Built Mathlib.Topology.Connected.Separation (2.3s)
✔ [3899/8034] Built Mathlib.CategoryTheory.Preadditive.FunctorCategory (3.1s)
✔ [3900/8034] Built Mathlib.ModelTheory.Topology.Types (2.4s)
✔ [3901/8034] Built Mathlib.CategoryTheory.Limits.FormalCoproducts.Basic (9.5s)
✔ [3902/8034] Built Mathlib.CategoryTheory.Preadditive.SingleObj (3.9s)
✔ [3903/8034] Built Mathlib.GroupTheory.Perm.Centralizer (6.3s)
✔ [3904/8034] Built Mathlib.Topology.Separation.Connected (2.1s)
✔ [3905/8034] Built Mathlib.Topology.Order.Priestley (2.0s)
✔ [3906/8034] Built Mathlib.LinearAlgebra.AffineSpace.Midpoint (3.9s)
✔ [3907/8034] Built Mathlib.CategoryTheory.Limits.FunctorCategory.Shapes.Kernels (2.1s)
✔ [3908/8034] Built Mathlib.Topology.Separation.LinearUpperLowerSetTopology (1.9s)
✔ [3909/8034] Built Mathlib.Topology.Order.T5 (2.2s)
✔ [3910/8034] Built Mathlib.LinearAlgebra.PiTensorProduct (14s)
✔ [3911/8034] Built Mathlib.CategoryTheory.Limits.Preserves.Shapes.AbelianImages (3.3s)
✔ [3912/8034] Built Mathlib.Topology.Separation.GDelta (2.3s)
✔ [3913/8034] Built Mathlib.Topology.Separation.NotNormal (2.4s)
✔ [3914/8034] Built Mathlib.Topology.ExtendFrom (2.4s)
✔ [3915/8034] Built Mathlib.Topology.DenseEmbedding (3.1s)
✔ [3916/8034] Built Mathlib.Topology.Perfect (2.5s)
✔ [3917/8034] Built Mathlib.Topology.ShrinkingLemma (2.9s)
✔ [3918/8034] Built Mathlib.Topology.Compactness.Paracompact (3.5s)
✔ [3919/8034] Built Mathlib.Topology.UniformSpace.Separation (2.9s)
✔ [3920/8034] Built Mathlib.Topology.CompactOpen (4.5s)
✔ [3921/8034] Built Mathlib.Topology.Algebra.Order.Archimedean (2.6s)
✔ [3922/8034] Built Mathlib.Topology.Separation.Profinite (4.3s)
✔ [3923/8034] Built Mathlib.CategoryTheory.Localization.DerivabilityStructure.Basic (3.0s)
✔ [3924/8034] Built Mathlib.Topology.Category.TopCat.Limits.Konig (2.4s)
✔ [3925/8034] Built Mathlib.Topology.Algebra.Order.Floor (3.7s)
✔ [3926/8034] Built Mathlib.Topology.Category.TopCat.Limits.Cofiltered (2.7s)
✔ [3927/8034] Built Mathlib.Topology.Category.TopCat.Opens (4.0s)
✔ [3928/8034] Built Mathlib.LinearAlgebra.AffineSpace.AffineSubspace.Basic (9.1s)
✔ [3929/8034] Built Mathlib.Topology.UniformSpace.OfCompactT2 (6.2s)
✔ [3930/8034] Built Mathlib.Topology.Order.Monotone (3.9s)
✔ [3931/8034] Built Mathlib.Topology.Order.DenselyOrdered (3.8s)
✔ [3932/8034] Built Mathlib.Topology.Order.IsNormal (4.8s)
✔ [3933/8034] Built Mathlib.LinearAlgebra.Matrix.RowCol (3.7s)
✔ [3934/8034] Built Mathlib.RingTheory.Ideal.Basis (3.4s)
✔ [3935/8034] Built Mathlib.CategoryTheory.Limits.FunctorCategory.Shapes.Images (2.6s)
✔ [3936/8034] Built Mathlib.Data.Matrix.Bilinear (3.8s)
✔ [3937/8034] Built Mathlib.Data.Matrix.Invertible (5.0s)
✔ [3938/8034] Built Mathlib.Data.Matrix.Block (5.4s)
✔ [3939/8034] Built Mathlib.Algebra.Module.LocalizedModule.IsLocalization (3.7s)
✔ [3940/8034] Built Mathlib.CategoryTheory.Subfunctor.OfSection (2.5s)
✔ [3941/8034] Built Mathlib.CategoryTheory.Subfunctor.Equalizer (2.9s)
✔ [3942/8034] Built Mathlib.GroupTheory.GroupAction.MultipleTransitivity (8.0s)
✔ [3943/8034] Built Mathlib.Algebra.DirectSum.Finsupp (2.3s)
✔ [3944/8034] Built Mathlib.LinearAlgebra.DirectSum.Finite (2.5s)
✔ [3945/8034] Built Mathlib.LinearAlgebra.DirectSum.Basis (2.5s)
✔ [3946/8034] Built Mathlib.LinearAlgebra.Multilinear.DirectSum (3.3s)
✔ [3947/8034] Built Mathlib.LinearAlgebra.BilinearForm.Hom (6.8s)
✔ [3948/8034] Built Mathlib.LinearAlgebra.Multilinear.Finsupp (4.6s)
✔ [3949/8034] Built Mathlib.Algebra.DirectSum.Algebra (4.5s)
✔ [3950/8034] Built Mathlib.Algebra.Module.Presentation.Tensor (3.4s)
✔ [3951/8034] Built Mathlib.Algebra.DirectSum.Decomposition (4.7s)
✔ [3952/8034] Built Mathlib.LinearAlgebra.StdBasis (4.0s)
✔ [3953/8034] Built Mathlib.Algebra.Homology.ShortComplex.RightHomology (12s)
✔ [3954/8034] Built Mathlib.Algebra.Module.Presentation.Free (2.8s)
✔ [3955/8034] Built Mathlib.Algebra.Module.Presentation.Tautological (2.9s)
✔ [3956/8034] Built Mathlib.Algebra.Module.Presentation.DirectSum (3.2s)
✔ [3957/8034] Built Mathlib.Algebra.Group.UniqueProds.VectorSpace (2.3s)
✔ [3958/8034] Built Mathlib.CategoryTheory.Limits.Shapes.BinaryBiproducts (11s)
✔ [3959/8034] Built Mathlib.Algebra.Module.Presentation.Cokernel (3.6s)
✔ [3960/8034] Built Mathlib.Algebra.Colimit.Module (7.0s)
✔ [3961/8034] Built Mathlib.CategoryTheory.Comma.Presheaf.Colimit (2.7s)
✔ [3962/8034] Built Mathlib.AlgebraicTopology.SimplexCategory.Basic (6.5s)
✔ [3963/8034] Built Mathlib.CategoryTheory.ObjectProperty.FiniteProducts (2.5s)
✔ [3964/8034] Built Mathlib.CategoryTheory.Shift.Quotient (3.1s)
✔ [3965/8034] Built Mathlib.CategoryTheory.Localization.Bousfield (2.0s)
✔ [3966/8034] Built Mathlib.CategoryTheory.SmallObject.Iteration.Basic (6.1s)
✔ [3967/8034] Built Mathlib.Algebra.Algebra.Operations (12s)
✔ [3968/8034] Built Mathlib.CategoryTheory.ObjectProperty.ColimitsCardinalClosure (2.8s)
✔ [3969/8034] Built Mathlib.CategoryTheory.Sites.Pretopology (3.6s)
✔ [3970/8034] Built Mathlib.CategoryTheory.Shift.Localization (4.5s)
✔ [3971/8034] Built Mathlib.CategoryTheory.GradedObject.Trifunctor (15s)
✔ [3972/8034] Built Mathlib.GroupTheory.CosetCover (9.3s)
✔ [3973/8034] Built Mathlib.Algebra.Polynomial.Eval.SMul (2.7s)
✔ [3974/8034] Built Mathlib.RingTheory.Polynomial.Opposites (3.2s)
✔ [3975/8034] Built Mathlib.CategoryTheory.Subobject.MonoOver (8.0s)
✔ [3976/8034] Built Mathlib.Algebra.Polynomial.Eval.Subring (2.7s)
✔ [3977/8034] Built Mathlib.CategoryTheory.Limits.VanKampen (6.0s)
✔ [3978/8034] Built Mathlib.FieldTheory.IsRealClosed.Basic (5.0s)
✔ [3979/8034] Built Mathlib.CategoryTheory.Limits.Presheaf (10s)
✔ [3980/8034] Built Mathlib.Algebra.Polynomial.Degree.TrailingDegree (3.7s)
✔ [3981/8034] Built Mathlib.CategoryTheory.Limits.Shapes.Reflexive (8.2s)
✔ [3982/8034] Built Mathlib.CategoryTheory.Sites.Hypercover.Zero (9.0s)
✔ [3983/8034] Built Mathlib.Algebra.Polynomial.Degree.Units (2.8s)
✔ [3984/8034] Built Mathlib.Topology.Order.Category.AlexDisc (3.2s)
✔ [3985/8034] Built Mathlib.Topology.OmegaCompletePartialOrder (2.7s)
✔ [3986/8034] Built Mathlib.CategoryTheory.Monoidal.Cartesian.Basic (11s)
✔ [3987/8034] Built Mathlib.Topology.Order.LawsonTopology (3.3s)
✔ [3988/8034] Built Mathlib.Topology.Germ (2.6s)
✔ [3989/8034] Built Mathlib.Algebra.Polynomial.Derivative (8.1s)
✔ [3990/8034] Built Mathlib.CategoryTheory.Limits.Shapes.Diagonal (9.8s)
✔ [3991/8034] Built Mathlib.Topology.DiscreteQuotient (3.3s)
✔ [3992/8034] Built Mathlib.CategoryTheory.Abelian.NonPreadditive (5.0s)
✔ [3993/8034] Built Mathlib.Algebra.Category.Grp.FilteredColimits (4.5s)
✔ [3994/8034] Built Mathlib.Topology.FiberPartition (2.9s)
✔ [3995/8034] Built Mathlib.CategoryTheory.Sites.Preserves (2.6s)
✔ [3996/8034] Built Mathlib.Algebra.Order.Group.Cyclic (3.1s)
✔ [3997/8034] Built Mathlib.GroupTheory.PGroup (3.5s)
✔ [3998/8034] Built Mathlib.CategoryTheory.Preadditive.LiftToFinset (2.5s)
✔ [3999/8034] Built Mathlib.Algebra.Category.Grp.Kernels (2.4s)
✔ [4000/8034] Built Mathlib.GroupTheory.SpecificGroups.KleinFour (3.7s)
✔ [4001/8034] Built Mathlib.RingTheory.Coalgebra.Basic (11s)
✔ [4002/8034] Built Mathlib.CategoryTheory.Center.Preadditive (1.9s)
✔ [4003/8034] Built Mathlib.CategoryTheory.Localization.Preadditive (2.1s)
✔ [4004/8034] Built Mathlib.CategoryTheory.Linear.FunctorCategory (2.3s)
✔ [4005/8034] Built Mathlib.Algebra.Category.Grp.Adjunctions (3.4s)
✔ [4006/8034] Built Mathlib.CategoryTheory.Limits.FormalCoproducts (1.0s)
✔ [4007/8034] Built Mathlib.Topology.LocallyConstant.Algebra (6.6s)
✔ [4008/8034] Built Mathlib.GroupTheory.SpecificGroups.Alternating.Centralizer (3.2s)
✔ [4009/8034] Built Mathlib.Topology.Order.Real (2.4s)
✔ [4010/8034] Built Mathlib.LinearAlgebra.AffineSpace.MidpointZero (2.7s)
✔ [4011/8034] Built Mathlib.LinearAlgebra.TensorPower.Symmetric (3.6s)
✔ [4012/8034] Built Mathlib.Topology.Algebra.Monoid.AddChar (2.7s)
✔ [4013/8034] Built Mathlib.Topology.DerivedSet (2.7s)
✔ [4014/8034] Built Mathlib.Topology.Compactification.StoneCech (2.9s)
✔ [4015/8034] Built Mathlib.LinearAlgebra.PiTensorProduct.DFinsupp (3.7s)
✔ [4016/8034] Built Mathlib.GroupTheory.ArchimedeanDensely (8.7s)
✔ [4017/8034] Built Mathlib.Algebra.Category.Grp.Colimits (6.9s)
✔ [4018/8034] Built Mathlib.Topology.ContinuousMap.Sigma (2.7s)
✔ [4019/8034] Built Mathlib.Topology.ContinuousMap.SecondCountableSpace (2.8s)
✔ [4020/8034] Built Mathlib.Topology.Homeomorph.Lemmas (4.7s)
✔ [4021/8034] Built Mathlib.Topology.ContinuousMap.Interval (3.6s)
✔ [4022/8034] Built Mathlib.LinearAlgebra.AffineSpace.Ordered (6.0s)
✔ [4023/8034] Built Mathlib.Topology.ClopenBox (2.7s)
✔ [4024/8034] Built Mathlib.Algebra.Category.Grp.Limits (8.9s)
✔ [4025/8034] Built Mathlib.Analysis.Convex.Segment (7.4s)
✔ [4026/8034] Built Mathlib.Topology.Separation.DisjointCover (2.9s)
✔ [4027/8034] Built Mathlib.CategoryTheory.Localization.DerivabilityStructure.PointwiseRightDerived (3.0s)
✔ [4028/8034] Built Mathlib.CategoryTheory.CofilteredSystem (3.0s)
✔ [4029/8034] Built Mathlib.CategoryTheory.Localization.DerivabilityStructure.Constructor (3.4s)
✔ [4030/8034] Built Mathlib.Topology.Category.TopCat.OpenNhds (3.1s)
✔ [4031/8034] Built Mathlib.LinearAlgebra.AffineSpace.Restrict (2.9s)
✔ [4032/8034] Built Mathlib.LinearAlgebra.AffineSpace.Pointwise (3.5s)
✔ [4033/8034] Built Mathlib.Topology.Order.ExtendFrom (2.8s)
✔ [4034/8034] Built Mathlib.Topology.Order.LiminfLimsup (3.5s)
✔ [4035/8034] Built Mathlib.Topology.MetricSpace.Pseudo.Lemmas (3.5s)
✔ [4036/8034] Built Mathlib.LinearAlgebra.Matrix.Permanent (3.3s)
✔ [4037/8034] Built Mathlib.SetTheory.Ordinal.Topology (3.8s)
✔ [4038/8034] Built Mathlib.Topology.Order.LeftRightLim (4.3s)
✔ [4039/8034] Built Mathlib.LinearAlgebra.Matrix.DotProduct (3.9s)
✔ [4040/8034] Built Mathlib.LinearAlgebra.Matrix.Symmetric (3.1s)
✔ [4041/8034] Built Mathlib.Topology.Sheaves.Presheaf (6.0s)
✔ [4042/8034] Built Mathlib.CategoryTheory.Subfunctor.Finite (3.1s)
✔ [4043/8034] Built Mathlib.Data.Matrix.ColumnRowPartitioned (4.6s)
✔ [4044/8034] Built Mathlib.RingTheory.PiTensorProduct (12s)
✔ [4045/8034] Built Mathlib.Topology.Order.IntermediateValue (6.8s)
✔ [4046/8034] Built Mathlib.LinearAlgebra.Multilinear.Basis (3.5s)
✔ [4047/8034] Built Mathlib.LinearAlgebra.Matrix.Notation (6.3s)
✔ [4048/8034] Built Mathlib.LinearAlgebra.AffineSpace.Combination (8.7s)
✔ [4049/8034] Built Mathlib.LinearAlgebra.Matrix.StdBasis (3.0s)
✔ [4050/8034] Built Mathlib.RingTheory.Finiteness.Cardinality (3.6s)
✔ [4051/8034] Built Mathlib.Algebra.MonoidAlgebra.ToDirectSum (4.2s)
✔ [4052/8034] Built Mathlib.Algebra.Module.Presentation.RestrictScalars (3.5s)
✔ [4053/8034] Built Mathlib.CategoryTheory.Limits.Shapes.Pullback.IsPullback.BicartesianSq (3.1s)
✔ [4054/8034] Built Mathlib.CategoryTheory.Preadditive.Projective.Basic (3.2s)
✔ [4055/8034] Built Mathlib.CategoryTheory.Preadditive.OfBiproducts (2.8s)
✔ [4056/8034] Built Mathlib.Algebra.Colimit.Finiteness (2.8s)
✔ [4057/8034] Built Mathlib.AlgebraicTopology.SimplexCategory.Rev (3.0s)
✔ [4058/8034] Built Mathlib.RingTheory.Localization.Module (8.2s)
✔ [4059/8034] Built Mathlib.CategoryTheory.Limits.Preserves.Shapes.Biproducts (3.0s)
✔ [4060/8034] Built Mathlib.AlgebraicTopology.SimplexCategory.GeneratorsRelations.Basic (3.5s)
✔ [4061/8034] Built Mathlib.CategoryTheory.Limits.Shapes.SequentialProduct (5.6s)
✔ [4062/8034] Built Mathlib.AlgebraicTopology.SimplexCategory.Truncated (4.1s)
✔ [4063/8034] Built Mathlib.LinearAlgebra.SModEq.Pointwise (2.6s)
✔ [4064/8034] Built Mathlib.LinearAlgebra.TensorProduct.DirectLimit (5.3s)
✔ [4065/8034] Built Mathlib.CategoryTheory.SmallObject.Iteration.FunctorOfCocone (3.7s)
✔ [4066/8034] Built Mathlib.GroupTheory.GroupAction.MultiplePrimitivity (9.4s)
✔ [4067/8034] Built Mathlib.CategoryTheory.Sites.Spaces (2.6s)
✔ [4068/8034] Built Mathlib.CategoryTheory.Sites.Finite (2.5s)
✔ [4069/8034] Built Mathlib.CategoryTheory.SmallObject.Iteration.ExtendToSucc (3.0s)
✔ [4070/8034] Built Mathlib.Algebra.Homology.ShortComplex.Homology (9.4s)
✔ [4071/8034] Built Mathlib.LinearAlgebra.TensorPower.Basic (11s)
✔ [4072/8034] Built Mathlib.CategoryTheory.Subterminal (3.2s)
✔ [4073/8034] Built Mathlib.CategoryTheory.GradedObject.Associator (3.3s)
✔ [4074/8034] Built Mathlib.CategoryTheory.Sites.SheafOfTypes (3.7s)
✔ [4075/8034] Built Mathlib.LinearAlgebra.TensorProduct.Tower (33s)
✔ [4076/8034] Built Mathlib.CategoryTheory.Monad.Coequalizer (2.8s)
✔ [4077/8034] Built Mathlib.CategoryTheory.ObjectProperty.SiteLocal (2.7s)
✔ [4078/8034] Built Mathlib.CategoryTheory.Monad.Equalizer (3.1s)
✔ [4079/8034] Built Mathlib.CategoryTheory.Sites.Hypercover.ZeroFamily (2.7s)
✔ [4080/8034] Built Mathlib.CategoryTheory.Limits.Preserves.FunctorCategory (4.2s)
✔ [4081/8034] Built Mathlib.Algebra.Homology.ComplexShapeSigns (4.7s)
✔ [4082/8034] Built Mathlib.Algebra.Algebra.Subalgebra.Lattice (7.0s)
✔ [4083/8034] Built Mathlib.CategoryTheory.Sites.JointlySurjective (2.6s)
✔ [4084/8034] Built Mathlib.CategoryTheory.Subobject.Basic (5.7s)
✔ [4085/8034] Built Mathlib.Algebra.DirectSum.Internal (8.3s)
✔ [4086/8034] Built Mathlib.CategoryTheory.Monoidal.Cartesian.InfSemilattice (2.4s)
✔ [4087/8034] Built Mathlib.Algebra.Polynomial.Eval.Degree (3.3s)
✔ [4088/8034] Built Mathlib.CategoryTheory.Monoidal.Closed.Functor (3.3s)
✔ [4089/8034] Built Mathlib.CategoryTheory.Monoidal.Cartesian.Mod_ (2.5s)
✔ [4090/8034] Built Mathlib.CategoryTheory.Monoidal.Closed.Cartesian (3.0s)
✔ [4091/8034] Built Mathlib.CategoryTheory.Monoidal.Types.Basic (2.6s)
✔ [4092/8034] Built Mathlib.AlgebraicTopology.SimplicialObject.Basic (11s)
✔ [4093/8034] Built Mathlib.CategoryTheory.Monoidal.Cartesian.Cat (3.3s)
✔ [4094/8034] Built Mathlib.CategoryTheory.Monoidal.Cartesian.Comon_ (3.4s)
✔ [4095/8034] Built Mathlib.RingTheory.Polynomial.Hermite.Basic (3.3s)
✔ [4096/8034] Built Mathlib.CategoryTheory.Monoidal.OfHasFiniteProducts (4.7s)
✔ [4097/8034] Built Mathlib.Algebra.Polynomial.Identities (3.2s)
✔ [4098/8034] Built Mathlib.CategoryTheory.Galois.Basic (4.3s)
✔ [4099/8034] Built Mathlib.CategoryTheory.Center.NegOnePow (3.1s)
✔ [4100/8034] Built Mathlib.CategoryTheory.Center.Linear (3.5s)
✔ [4101/8034] Built Mathlib.GroupTheory.Torsion (4.6s)
✔ [4102/8034] Built Mathlib.RingTheory.Coalgebra.MulOpposite (3.0s)
✔ [4103/8034] Built Mathlib.GroupTheory.SpecificGroups.Dihedral (4.0s)
✔ [4104/8034] Built Mathlib.MeasureTheory.OuterMeasure.Defs (3.2s)
✔ [4105/8034] Built Mathlib.CategoryTheory.Monoidal.Cartesian.Mon_ (8.1s)
✔ [4106/8034] Built Mathlib.RingTheory.Ideal.Operations (14s)
✔ [4107/8034] Built Mathlib.Combinatorics.Hindman (3.5s)
✔ [4108/8034] Built Mathlib.CategoryTheory.MorphismProperty.Limits (6.4s)
✔ [4109/8034] Built Mathlib.GroupTheory.Sylow (6.9s)
✔ [4110/8034] Built Mathlib.Topology.KrullDimension (2.6s)
✔ [4111/8034] Built Mathlib.Algebra.Category.Ring.FilteredColimits (7.5s)
✔ [4112/8034] Built Mathlib.RingTheory.Coalgebra.Hom (6.7s)
✔ [4113/8034] Built Mathlib.Topology.Category.TopCat.ULift (3.4s)
✔ [4114/8034] Built Mathlib.LinearAlgebra.PiTensorProduct.DirectSum (4.3s)
✔ [4115/8034] Built Mathlib.Analysis.Normed.Group.Defs (5.5s)
✔ [4116/8034] Built Mathlib.Topology.NatEmbedding (2.6s)
✔ [4117/8034] Built Mathlib.Topology.Algebra.Constructions (3.8s)
✔ [4118/8034] Built Mathlib.Topology.ExtremallyDisconnected (2.0s)
✔ [4119/8034] Built Mathlib.Topology.Algebra.Constructions.DomMulAct (3.4s)
✔ [4120/8034] Built Mathlib.Topology.NoetherianSpace (2.0s)
✔ [4121/8034] Built Mathlib.Topology.OpenPartialHomeomorph.Basic (3.4s)
✔ [4122/8034] Built Mathlib.Topology.Compactification.OnePoint.Basic (4.3s)
✔ [4123/8034] Built Mathlib.Topology.Maps.Proper.Basic (2.9s)
✔ [4124/8034] Built Mathlib.CategoryTheory.Localization.DerivabilityStructure.Derives (3.2s)
✔ [4125/8034] Built Mathlib.CategoryTheory.Localization.DerivabilityStructure.OfFunctorialResolutions (3.2s)
✔ [4126/8034] Built Mathlib.Combinatorics.SimpleGraph.Finsubgraph (3.6s)
✔ [4127/8034] Built Mathlib.Combinatorics.Hall.Basic (3.7s)
✔ [4128/8034] Built Mathlib.Combinatorics.SimpleGraph.Ends.Defs (3.7s)
✔ [4129/8034] Built Mathlib.LinearAlgebra.Matrix.Circulant (3.3s)
✔ [4130/8034] Built Mathlib.Topology.MetricSpace.Ultra.Basic (3.5s)
✔ [4131/8034] Built Mathlib.Topology.Sheaves.PresheafOfFunctions (3.1s)
✔ [4132/8034] Built Mathlib.Topology.Category.TopCat.Limits.Products (8.2s)
✔ [4133/8034] Built Mathlib.LinearAlgebra.PiTensorProduct.Finsupp (3.9s)
✔ [4134/8034] Built Mathlib.Analysis.Convex.Star (5.9s)
✔ [4135/8034] Built Mathlib.Topology.Order.Compact (5.3s)
✔ [4136/8034] Built Mathlib.Data.Matrix.Reflection (4.2s)
✔ [4137/8034] Built Mathlib.Combinatorics.Optimization.ValuedCSP (4.4s)
✔ [4138/8034] Built Mathlib.LinearAlgebra.Matrix.Trace (4.0s)
✔ [4139/8034] Built Mathlib.LinearAlgebra.FreeModule.Finite.Basic (3.9s)
✔ [4140/8034] Built Mathlib.RingTheory.OrzechProperty (4.2s)
✔ [4141/8034] Built Mathlib.CategoryTheory.Preadditive.Projective.Preserves (3.5s)
✔ [4142/8034] Built Mathlib.LinearAlgebra.AffineSpace.Centroid (4.4s)
✔ [4143/8034] Built Mathlib.CategoryTheory.Preadditive.Injective.Basic (4.4s)
✔ [4144/8034] Built Mathlib.Algebra.Colimit.TensorProduct (3.8s)
✔ [4145/8034] Built Mathlib.Algebra.Homology.ShortComplex.QuasiIso (3.5s)
✔ [4146/8034] Built Mathlib.AlgebraicTopology.SimplexCategory.MorphismProperty (4.3s)
✔ [4147/8034] Built Mathlib.AlgebraicTopology.SimplexCategory.GeneratorsRelations.EpiMono (4.8s)
✔ [4148/8034] Built Mathlib.LinearAlgebra.TensorPower.Pairing (3.8s)
✔ [4149/8034] Built Mathlib.CategoryTheory.SmallObject.Iteration.Nonempty (4.0s)
✔ [4150/8034] Built Mathlib.LinearAlgebra.AffineSpace.Independent (11s)
✔ [4151/8034] Built Mathlib.CategoryTheory.Sites.PrecoverageToGrothendieck (3.9s)
✔ [4152/8034] Built Mathlib.CategoryTheory.Sites.Closed (3.5s)
✔ [4153/8034] Built Mathlib.CategoryTheory.GradedObject.Unitor (8.1s)
✔ [4154/8034] Built Mathlib.Algebra.Category.Ring.Limits (18s)
✔ [4155/8034] Built Mathlib.Geometry.RingedSpace.PresheafedSpace (16s)
✔ [4156/8034] Built Mathlib.LinearAlgebra.Alternating.Basic (16s)
✔ [4157/8034] Built Mathlib.GroupTheory.GroupAction.Jordan (11s)
✔ [4158/8034] Built Mathlib.LinearAlgebra.TensorProduct.Pi (6.9s)
✔ [4159/8034] Built Mathlib.CategoryTheory.Adjunction.Lifting.Left (4.3s)
✔ [4160/8034] Built Mathlib.CategoryTheory.Monad.Monadicity (5.0s)
✔ [4161/8034] Built Mathlib.CategoryTheory.Monad.Comonadicity (5.3s)
✔ [4162/8034] Built Mathlib.CategoryTheory.Preadditive.Biproducts (14s)
✔ [4163/8034] Built Mathlib.CategoryTheory.Adjunction.Lifting.Right (3.0s)
✔ [4164/8034] Built Mathlib.LinearAlgebra.TensorProduct.Prod (9.5s)
✔ [4165/8034] Built Mathlib.Algebra.Algebra.Subalgebra.Prod (2.8s)
✔ [4166/8034] Built Mathlib.Algebra.Algebra.Subalgebra.Pi (2.8s)
✔ [4167/8034] Built Mathlib.Algebra.Module.LocalizedModule.Submodule (16s)
✔ [4168/8034] Built Mathlib.LinearAlgebra.DirectSum.TensorProduct (9.1s)
✔ [4169/8034] Built Mathlib.CategoryTheory.Limits.FilteredColimitCommutesFiniteLimit (5.2s)
✔ [4170/8034] Built Mathlib.CategoryTheory.Sites.Sheaf (11s)
✔ [4171/8034] Built Mathlib.RingTheory.Finiteness.Subalgebra (2.7s)
✔ [4172/8034] Built Mathlib.GroupTheory.Coxeter.Matrix (20s)
✔ [4173/8034] Built Mathlib.Algebra.FreeAlgebra (5.0s)
✔ [4174/8034] Built Mathlib.Algebra.Central.Defs (2.5s)
✔ [4175/8034] Built Mathlib.Algebra.Algebra.Subalgebra.Pointwise (3.4s)
✔ [4176/8034] Built Mathlib.Algebra.Algebra.Subalgebra.MulOpposite (3.9s)
✔ [4177/8034] Built Mathlib.Algebra.Algebra.Subalgebra.Tower (3.4s)
✔ [4178/8034] Built Mathlib.Algebra.Algebra.Subalgebra.Directed (3.7s)
✔ [4179/8034] Built Mathlib.CategoryTheory.Subobject.Presheaf (2.6s)
✔ [4180/8034] Built Mathlib.CategoryTheory.Subobject.WellPowered (2.9s)
✔ [4181/8034] Built Mathlib.CategoryTheory.Subfunctor.Subobject (3.6s)
✔ [4182/8034] Built Mathlib.CategoryTheory.Subobject.HasCardinalLT (3.3s)
✔ [4183/8034] Built Mathlib.CategoryTheory.Subobject.FactorThru (3.6s)
✔ [4184/8034] Built Mathlib.CategoryTheory.Dialectica.Basic (4.9s)
✔ [4185/8034] Built Mathlib.Algebra.Polynomial.Eval.Irreducible (3.1s)
✔ [4186/8034] Built Mathlib.CategoryTheory.Monoidal.Closed.Zero (3.4s)
✔ [4187/8034] Built Mathlib.RingTheory.Congruence.Hom (10s)
✔ [4188/8034] Built Mathlib.Algebra.Polynomial.Degree.Lemmas (5.2s)
✔ [4189/8034] Built Mathlib.CategoryTheory.Monoidal.Closed.Ideal (4.0s)
✔ [4190/8034] Built Mathlib.CategoryTheory.Monoidal.Internal.Types.Basic (4.4s)
✔ [4191/8034] Built Mathlib.Algebra.Group.ForwardDiff (5.9s)
✔ [4192/8034] Built Mathlib.CategoryTheory.Monoidal.Cartesian.FunctorCategory (5.3s)
✔ [4193/8034] Built Mathlib.CategoryTheory.Monoidal.Types.Coyoneda (3.4s)
✔ [4194/8034] Built Mathlib.Algebra.MvPolynomial.Basic (10s)
✔ [4195/8034] Built Mathlib.CategoryTheory.Monoidal.Functor.Types (4.1s)
✔ [4196/8034] Built Mathlib.AlgebraicTopology.SimplicialObject.Op (3.5s)
✔ [4197/8034] Built Mathlib.RingTheory.GradedAlgebra.Basic (9.1s)
✔ [4198/8034] Built Mathlib.AlgebraicTopology.SimplicialObject.Coskeletal (2.0s)
✔ [4199/8034] Built Mathlib.AlgebraicTopology.SimplicialObject.II (3.3s)
✔ [4200/8034] Built Mathlib.CategoryTheory.Limits.FormalCoproducts.Cech (4.1s)
✔ [4201/8034] Built Mathlib.Algebra.Polynomial.AlgebraMap (9.7s)
✔ [4202/8034] Built Mathlib.AlgebraicTopology.SimplexCategory.Augmented.Basic (4.0s)
✔ [4203/8034] Built Mathlib.CategoryTheory.CopyDiscardCategory.Cartesian (3.2s)
✔ [4204/8034] Built Mathlib.AlgebraicTopology.SimplicialObject.Split (4.5s)
✔ [4205/8034] Built Mathlib.CategoryTheory.Category.Cat.CartesianClosed (3.7s)
✔ [4206/8034] Built Mathlib.AlgebraicTopology.SimplicialSet.Basic (4.0s)
✔ [4207/8034] Built Mathlib.Algebra.Star.Subalgebra (15s)
✔ [4208/8034] Built Mathlib.CategoryTheory.Galois.GaloisObjects (3.6s)
✔ [4209/8034] Built Mathlib.CategoryTheory.Monoidal.Cartesian.CommMon_ (2.6s)
✔ [4210/8034] Built Mathlib.GroupTheory.SpecificGroups.Quaternion (4.1s)
✔ [4211/8034] Built Mathlib.RingTheory.Finiteness.Nakayama (3.4s)
✔ [4212/8034] Built Mathlib.CategoryTheory.Types.Monomorphisms (2.5s)
✔ [4213/8034] Built Mathlib.RingTheory.UniqueFactorizationDomain.Ideal (2.0s)
✔ [4214/8034] Built Mathlib.RingTheory.Coprime.Ideal (3.8s)
✔ [4215/8034] Built Mathlib.CategoryTheory.MorphismProperty.Local (3.1s)
✔ [4216/8034] Built Mathlib.RingTheory.HahnSeries.Multiplication (19s)
✔ [4217/8034] Built Mathlib.GroupTheory.CommutingProbability (5.1s)
✔ [4218/8034] Built Mathlib.CategoryTheory.Localization.FiniteProducts (3.2s)
✔ [4219/8034] Built Mathlib.Algebra.TrivSqZeroExt (21s)
✔ [4220/8034] Built Mathlib.RingTheory.Ideal.IsPrincipalPowQuotient (5.2s)
✔ [4221/8034] Built Mathlib.CategoryTheory.LocallyCartesianClosed.ChosenPullbacksAlong (52s)
✔ [4222/8034] Built Mathlib.AlgebraicTopology.ModelCategory.JoyalTrick (3.2s)
✔ [4223/8034] Built Mathlib.CategoryTheory.Limits.Shapes.Pullback.Square (2.7s)
✔ [4224/8034] Built Mathlib.CategoryTheory.MorphismProperty.LiftingProperty (2.8s)
✔ [4225/8034] Built Mathlib.AlgebraicTopology.RelativeCellComplex.AttachCells (4.4s)
✔ [4226/8034] Built Mathlib.GroupTheory.SpecificGroups.Alternating.KleinFour (3.8s)
✔ [4227/8034] Built Mathlib.Algebra.Module.ZMod (4.2s)
✔ [4228/8034] Built Mathlib.CategoryTheory.MorphismProperty.Descent (5.6s)
✔ [4229/8034] Built Mathlib.Topology.Algebra.Star (3.2s)
✔ [4230/8034] Built Mathlib.GroupTheory.RegularWreathProduct (5.1s)
✔ [4231/8034] Built Mathlib.GroupTheory.Transfer (5.9s)
✔ [4232/8034] Built Mathlib.Topology.QuasiSeparated (2.8s)
✔ [4233/8034] Built Mathlib.Topology.OpenPartialHomeomorph.Continuity (3.1s)
✔ [4234/8034] Built Mathlib.GroupTheory.Nilpotent (6.7s)
✔ [4235/8034] Built Mathlib.RingTheory.Ideal.Maps (10s)
✔ [4236/8034] Built Mathlib.Topology.UniformSpace.Cauchy (5.1s)
✔ [4237/8034] Built Mathlib.AlgebraicTopology.CechNerve (15s)
✔ [4238/8034] Built Mathlib.Topology.Maps.Proper.UniversallyClosed (2.7s)
✔ [4239/8034] Built Mathlib.CategoryTheory.MorphismProperty.OverAdjunction (10s)
✔ [4240/8034] Built Mathlib.Topology.Spectral.Hom (2.9s)
✔ [4241/8034] Built Mathlib.Topology.LocalAtTarget (3.7s)
✔ [4242/8034] Built Mathlib.Topology.IsClosedRestrict (3.1s)
✔ [4243/8034] Built Mathlib.Combinatorics.SimpleGraph.Ends.Properties (2.7s)
✔ [4244/8034] Built Mathlib.Topology.Maps.Proper.CompactlyGenerated (3.7s)
✔ [4245/8034] Built Mathlib.RingTheory.Coalgebra.Equiv (8.0s)
✔ [4246/8034] Built Mathlib.Topology.MetricSpace.Ultra.TotallySeparated (2.9s)
✔ [4247/8034] Built Mathlib.Topology.Category.TopCat.Yoneda (2.0s)
✔ [4248/8034] Built Mathlib.CategoryTheory.MorphismProperty.Representable (11s)
✔ [4249/8034] Built Mathlib.Combinatorics.SimpleGraph.Hall (4.0s)
✔ [4250/8034] Built Mathlib.Topology.Order.Rolle (3.3s)
✔ [4251/8034] Built Mathlib.LinearAlgebra.PiTensorProduct.Basis (3.8s)
✔ [4252/8034] Built Mathlib.CategoryTheory.Preadditive.Injective.Preserves (3.2s)
✔ [4253/8034] Built Mathlib.Algebra.Homology.ShortComplex.Retract (3.0s)
✔ [4254/8034] Built Mathlib.Topology.Algebra.ConstMulAction (10s)
✔ [4255/8034] Built Mathlib.LinearAlgebra.Matrix.Hadamard (4.5s)
✔ [4256/8034] Built Mathlib.Topology.Category.TopCat.Limits.Pullbacks (5.6s)
✔ [4257/8034] Built Mathlib.CategoryTheory.Monoidal.Grp_ (18s)
✔ [4258/8034] Built Mathlib.LinearAlgebra.Alternating.Curry (3.6s)
✔ [4259/8034] Built Mathlib.Algebra.Category.Grp.Biproducts (3.8s)
✔ [4260/8034] Built Mathlib.Analysis.Convex.Basic (8.2s)
✔ [4261/8034] Built Mathlib.CategoryTheory.Monoidal.Closed.FunctorCategory.Complete (3.3s)
✔ [4262/8034] Built Mathlib.CategoryTheory.Preadditive.AdditiveFunctor (4.5s)
✔ [4263/8034] Built Mathlib.LinearAlgebra.AffineSpace.Basis (7.5s)
✔ [4264/8034] Built Mathlib.GroupTheory.Perm.MaximalSubgroups (6.2s)
✔ [4265/8034] Built Mathlib.CategoryTheory.Filtered.CostructuredArrow (2.8s)
✔ [4266/8034] Built Mathlib.Algebra.Homology.CommSq (6.3s)
✔ [4267/8034] Built Mathlib.Algebra.Homology.ShortComplex.PreservesHomology (9.8s)
✔ [4268/8034] Built Mathlib.Topology.Sheaves.Sheaf (3.0s)
✔ [4269/8034] Built Mathlib.LinearAlgebra.Matrix.Determinant.Basic (9.2s)
✔ [4270/8034] Built Mathlib.CategoryTheory.Limits.Preserves.Presheaf (4.1s)
✔ [4271/8034] Built Mathlib.LinearAlgebra.AffineSpace.Simplex.Basic (10s)
✔ [4272/8034] Built Mathlib.CategoryTheory.Sites.Coverage (4.3s)
✔ [4273/8034] Built Mathlib.LinearAlgebra.Alternating.DomCoprod (9.7s)
✔ [4274/8034] Built Mathlib.CategoryTheory.Sites.CoversTop (3.1s)
✔ [4275/8034] Built Mathlib.AlgebraicTopology.SimplexCategory.GeneratorsRelations.NormalForms (11s)
✔ [4276/8034] Built Mathlib.LinearAlgebra.DirectSum.Finsupp (7.5s)
✔ [4277/8034] Built Mathlib.CategoryTheory.Sites.Sheafification (3.7s)
✔ [4278/8034] Built Mathlib.CategoryTheory.Sites.Whiskering (4.3s)
✔ [4279/8034] Built Mathlib.Algebra.Central.Matrix (2.5s)
✔ [4280/8034] Built Mathlib.Algebra.Star.Free (2.7s)
✔ [4281/8034] Built Mathlib.Algebra.CharP.Algebra (2.9s)
✔ [4282/8034] Built Mathlib.CategoryTheory.Functor.Flat (7.3s)
✔ [4283/8034] Built Mathlib.Algebra.Central.Basic (2.9s)
✔ [4284/8034] Built Mathlib.CategoryTheory.GradedObject.Monoidal (12s)
✔ [4285/8034] Built Mathlib.RingTheory.Adjoin.Basic (3.1s)
✔ [4286/8034] Built Mathlib.CategoryTheory.Subobject.Types (2.9s)
✔ [4287/8034] Built Mathlib.CategoryTheory.Topos.Classifier (3.7s)
✔ [4288/8034] Built Mathlib.GroupTheory.Coxeter.Basic (5.7s)
✔ [4289/8034] Built Mathlib.CategoryTheory.Abelian.Basic (11s)
✔ [4290/8034] Built Mathlib.CategoryTheory.Subobject.Comma (4.1s)
✔ [4291/8034] Built Mathlib.RingTheory.Polynomial.Pochhammer (4.1s)
✔ [4292/8034] Built Mathlib.CategoryTheory.Sites.Plus (7.2s)
✔ [4293/8034] Built Mathlib.Algebra.Polynomial.OfFn (3.6s)
✔ [4294/8034] Built Mathlib.Tactic.Ring.NamePolyVars (3.2s)
✔ [4295/8034] Built Mathlib.CategoryTheory.Monoidal.Closed.Types (3.7s)
✔ [4296/8034] Built Mathlib.Algebra.MvPolynomial.Invertible (3.1s)
✔ [4297/8034] Built Mathlib.Tactic.ComputeDegree (4.4s)
✔ [4298/8034] Built Mathlib.Algebra.Polynomial.EraseLead (5.4s)
✔ [4299/8034] Built Mathlib.RingTheory.GradedAlgebra.Homogeneous.Subsemiring (3.9s)
✔ [4300/8034] Built Mathlib.CategoryTheory.Subobject.Lattice (8.1s)
✔ [4301/8034] Built Mathlib.RingTheory.GradedAlgebra.Homogeneous.Submodule (4.1s)
✔ [4302/8034] Built Mathlib.RingTheory.Polynomial.Tower (3.4s)
✔ [4303/8034] Built Mathlib.CategoryTheory.Enriched.Basic (7.2s)
✔ [4304/8034] Built Mathlib.RingTheory.Algebraic.Pi (3.7s)
✔ [4305/8034] Built Mathlib.RingTheory.Polynomial.Wronskian (3.7s)
✔ [4306/8034] Built Mathlib.RingTheory.MvPolynomial.WeightedHomogeneous (6.5s)
✔ [4307/8034] Built Mathlib.Algebra.MonoidAlgebra.Grading (6.4s)
✔ [4308/8034] Built Mathlib.Algebra.Polynomial.Smeval (4.7s)
✔ [4309/8034] Built Mathlib.Algebra.Ring.Subring.IntPolynomial (3.6s)
✔ [4310/8034] Built Mathlib.RingTheory.Polynomial.ShiftedLegendre (4.7s)
✔ [4311/8034] Built Mathlib.Algebra.MvPolynomial.Eval (8.5s)
✔ [4312/8034] Built Mathlib.Algebra.Module.GradedModule (6.0s)
✔ [4313/8034] Built Mathlib.RingTheory.Adjoin.Polynomial (2.0s)
✔ [4314/8034] Built Mathlib.RingTheory.Algebraic.Defs (3.3s)
✔ [4315/8034] Built Mathlib.AlgebraicTopology.SimplexCategory.Augmented (2.4s)
✔ [4316/8034] Built Mathlib.AlgebraicTopology.SimplicialSet.Op (2.8s)
✔ [4317/8034] Built Mathlib.AlgebraicTopology.SimplicialSet.RegularEpi (2.6s)
✔ [4318/8034] Built Mathlib.RingTheory.MvPowerSeries.Basic (10s)
✔ [4319/8034] Built Mathlib.CategoryTheory.Galois.Decomposition (3.6s)
✔ [4320/8034] Built Mathlib.RingTheory.Ideal.IdempotentFG (2.9s)
✔ [4321/8034] Built Mathlib.RingTheory.Noetherian.UniqueFactorizationDomain (2.8s)
✔ [4322/8034] Built Mathlib.RingTheory.UniqueFactorizationDomain.Kaplansky (3.6s)
✔ [4323/8034] Built Mathlib.AlgebraicTopology.SimplicialSet.Subcomplex (5.2s)
✔ [4324/8034] Built Mathlib.AlgebraicTopology.SimplicialSet.CompStructTruncated (5.4s)
✔ [4325/8034] Built Mathlib.CategoryTheory.Preadditive.Injective.LiftingProperties (2.4s)
✔ [4326/8034] Built Mathlib.CategoryTheory.LocallyCartesianClosed.ExponentiableMorphism (3.4s)
✔ [4327/8034] Built Mathlib.CategoryTheory.Preadditive.Projective.LiftingProperties (2.7s)
✔ [4328/8034] Built Mathlib.Algebra.Vertex.HVertexOperator (5.7s)
✔ [4329/8034] Built Mathlib.CategoryTheory.MorphismProperty.RetractArgument (2.9s)
✔ [4330/8034] Built Mathlib.CategoryTheory.Limits.Preserves.Shapes.Square (2.8s)
✔ [4331/8034] Built Mathlib.LinearAlgebra.TensorAlgebra.Basic (6.3s)
✔ [4332/8034] Built Mathlib.Algebra.Algebra.Subalgebra.Unitization (9.1s)
✔ [4333/8034] Built Mathlib.FieldTheory.IntermediateField.Basic (14s)
✔ [4334/8034] Built Mathlib.Topology.Algebra.Star.Real (2.6s)
✔ [4335/8034] Built Mathlib.RingTheory.Derivation.Basic (12s)
✔ [4336/8034] Built Mathlib.RingTheory.HahnSeries.Lex (10s)
✔ [4337/8034] Built Mathlib.GroupTheory.Schreier (3.8s)
✔ [4338/8034] Built Mathlib.Topology.OpenPartialHomeomorph.IsImage (3.7s)
✔ [4339/8034] Built Mathlib.GroupTheory.Frattini (3.0s)
✔ [4340/8034] Built Mathlib.GroupTheory.SchurZassenhaus (4.0s)
✔ [4341/8034] Built Mathlib.Topology.Sets.Compacts (5.3s)
✔ [4342/8034] Built Mathlib.RingTheory.Finiteness.Ideal (3.1s)
✔ [4343/8034] Built Mathlib.CategoryTheory.SmallObject.Construction (7.0s)
✔ [4344/8034] Built Mathlib.RingTheory.Ideal.Quotient.PowTransition (4.6s)
✔ [4345/8034] Built Mathlib.Algebra.DualNumber (11s)
✔ [4346/8034] Built Mathlib.RingTheory.HahnSeries.Summable (12s)
✔ [4347/8034] Built Mathlib.CategoryTheory.LocallyCartesianClosed.Over (10s)
✔ [4348/8034] Built Mathlib.Algebra.CharP.Quotient (2.8s)
✔ [4349/8034] Built Mathlib.Algebra.Algebra.Subalgebra.Operations (3.2s)
✔ [4350/8034] Built Mathlib.RingTheory.Jacobson.Radical (4.6s)
✔ [4351/8034] Built Mathlib.RingTheory.Ideal.Pointwise (3.9s)
✔ [4352/8034] Built Mathlib.RingTheory.Ideal.Prod (3.9s)
✔ [4353/8034] Built Mathlib.Topology.JacobsonSpace (3.1s)
✔ [4354/8034] Built Mathlib.Algebra.Algebra.Spectrum.Basic (6.2s)
✔ [4355/8034] Built Mathlib.Topology.UniformSpace.UniformConvergence (4.1s)
✔ [4356/8034] Built Mathlib.Topology.UniformSpace.UniformEmbedding (4.4s)
✔ [4357/8034] Built Mathlib.LinearAlgebra.PiTensorProduct.Dual (5.4s)
✔ [4358/8034] Built Mathlib.Topology.Algebra.Algebra.Rat (3.2s)
✔ [4359/8034] Built Mathlib.Topology.Algebra.ProperConstSMul (3.4s)
✔ [4360/8034] Built Mathlib.Topology.Algebra.MulAction (4.9s)
✔ [4361/8034] Built Mathlib.Dynamics.Minimal (3.8s)
✔ [4362/8034] Built Mathlib.RingTheory.Polynomial.Chebyshev (24s)
✔ [4363/8034] Built Mathlib.Combinatorics.SimpleGraph.AdjMatrix (4.3s)
✔ [4364/8034] Built Mathlib.AlgebraicTopology.SimplexCategory.Augmented.Monoidal (23s)
✔ [4365/8034] Built Mathlib.LinearAlgebra.TensorProduct.Quotient (12s)
✔ [4366/8034] Built Mathlib.RingTheory.Localization.Away.Basic (11s)
✔ [4367/8034] Built Mathlib.Topology.Category.TopCat.EffectiveEpi (2.9s)
✔ [4368/8034] Built Mathlib.CategoryTheory.Monoidal.Internal.Types.Grp_ (2.0s)
✔ [4369/8034] Built Mathlib.Algebra.Polynomial.Module.AEval (15s)
✔ [4370/8034] Built Mathlib.Topology.Gluing (6.7s)
✔ [4371/8034] Built Mathlib.RingTheory.Ideal.Colon (11s)
✔ [4372/8034] Built Mathlib.RingTheory.Valuation.Basic (11s)
✔ [4373/8034] Built Mathlib.Algebra.Category.Grp.CartesianMonoidal (3.5s)
✔ [4374/8034] Built Mathlib.Analysis.Convex.NNReal (3.4s)
✔ [4375/8034] Built Mathlib.CategoryTheory.Center.Localization (2.9s)
✔ [4376/8034] Built Mathlib.Analysis.Convex.Hull (3.8s)
✔ [4377/8034] Built Mathlib.CategoryTheory.Extensive (8.7s)
✔ [4378/8034] Built Mathlib.LinearAlgebra.Alternating.Uncurry.Fin (5.7s)
✔ [4379/8034] Built Mathlib.CategoryTheory.ObjectProperty.ShiftAdditive (2.7s)
✔ [4380/8034] Built Mathlib.CategoryTheory.Preadditive.LeftExact (3.1s)
✔ [4381/8034] Built Mathlib.CategoryTheory.Preadditive.EilenbergMoore (3.4s)
✔ [4382/8034] Built Mathlib.CategoryTheory.Preadditive.EndoFunctor (3.5s)
✔ [4383/8034] Built Mathlib.CategoryTheory.Preadditive.Transfer (2.7s)
✔ [4384/8034] Built Mathlib.CategoryTheory.Quotient.Preadditive (3.3s)
✔ [4385/8034] Built Mathlib.CategoryTheory.Localization.CalculusOfFractions.Preadditive (3.8s)
✔ [4386/8034] Built Mathlib.CategoryTheory.Preadditive.Opposite (3.4s)
✔ [4387/8034] Built Mathlib.CategoryTheory.Shift.ShiftSequence (4.9s)
✔ [4388/8034] Built Mathlib.CategoryTheory.Shift.Pullback (6.3s)
✔ [4389/8034] Built Mathlib.CategoryTheory.Monoidal.CommGrp_ (9.9s)
✔ [4390/8034] Built Mathlib.CategoryTheory.Monoidal.Cartesian.Over (11s)
✔ [4391/8034] Built Mathlib.CategoryTheory.Linear.LinearFunctor (3.4s)
✔ [4392/8034] Built Mathlib.RingTheory.Coalgebra.TensorProduct (17s)
✔ [4393/8034] Built Mathlib.CategoryTheory.Monoidal.Cartesian.Grp_ (11s)
✔ [4394/8034] Built Mathlib.Topology.Sheaves.Forget (2.5s)
✔ [4395/8034] Built Mathlib.Algebra.Homology.Square (2.6s)
✔ [4396/8034] Built Mathlib.CategoryTheory.Monoidal.Preadditive (4.8s)
✔ [4397/8034] Built Mathlib.Analysis.Convex.Function (11s)
✔ [4398/8034] Built Mathlib.LinearAlgebra.Matrix.AbsoluteValue (3.3s)
✔ [4399/8034] Built Mathlib.LinearAlgebra.Matrix.Determinant.Misc (3.2s)
✔ [4400/8034] Built Mathlib.LinearAlgebra.Matrix.Determinant.TotallyUnimodular (3.6s)
✔ [4401/8034] Built Mathlib.GroupTheory.SpecificGroups.Alternating.MaximalSubgroups (6.0s)
✔ [4402/8034] Built Mathlib.LinearAlgebra.Matrix.Reindex (3.7s)
✔ [4403/8034] Built Mathlib.CategoryTheory.Sites.MorphismProperty (3.4s)
✔ [4404/8034] Built Mathlib.LinearAlgebra.CrossProduct (5.8s)
✔ [4405/8034] Built Mathlib.LinearAlgebra.TensorProduct.Free (3.8s)
✔ [4406/8034] Built Mathlib.CategoryTheory.Sites.Localization (2.9s)
✔ [4407/8034] Built Mathlib.CategoryTheory.Preadditive.Mat (14s)
✔ [4408/8034] Built Mathlib.Algebra.Category.ModuleCat.Basic (12s)
✔ [4409/8034] Built Mathlib.FieldTheory.PrimeField (3.2s)
✔ [4410/8034] Built Mathlib.CategoryTheory.Sites.Canonical (3.8s)
✔ [4411/8034] Built Mathlib.CategoryTheory.Filtered.Flat (2.5s)
✔ [4412/8034] Built Mathlib.LinearAlgebra.TensorProduct.Basis (5.5s)
✔ [4413/8034] Built Mathlib.CategoryTheory.Sites.Limits (4.5s)
✔ [4414/8034] Built Mathlib.Algebra.CharP.Subring (3.1s)
✔ [4415/8034] Built Mathlib.LinearAlgebra.AffineSpace.Ceva (7.2s)
✔ [4416/8034] Built Mathlib.CategoryTheory.Abelian.Monomorphisms (2.2s)
✔ [4417/8034] Built Mathlib.LinearAlgebra.TensorProduct.Submodule (7.2s)
✔ [4418/8034] Built Mathlib.Data.Matrix.Cartan (10s)
✔ [4419/8034] Built Mathlib.CategoryTheory.Idempotents.Basic (2.6s)
✔ [4420/8034] Built Mathlib.CategoryTheory.GradedObject.Braiding (4.2s)
✔ [4421/8034] Built Mathlib.GroupTheory.Coxeter.Length (3.5s)
✔ [4422/8034] Built Mathlib.LinearAlgebra.AffineSpace.Simplex.Centroid (8.0s)
✔ [4423/8034] Built Mathlib.Algebra.Polynomial.CancelLeads (3.2s)
✔ [4424/8034] Built Mathlib.CategoryTheory.Abelian.FunctorCategory (4.1s)
✔ [4425/8034] Built Mathlib.CategoryTheory.Limits.Sifted (4.4s)
✔ [4426/8034] Built Mathlib.Algebra.Polynomial.Reverse (3.0s)
✔ [4427/8034] Built Mathlib.Algebra.Polynomial.Inductions (3.9s)
✔ [4428/8034] Built Mathlib.CategoryTheory.Simple (3.1s)
✔ [4429/8034] Built Mathlib.Algebra.Polynomial.DenomsClearable (3.0s)
✔ [4430/8034] Built Mathlib.CategoryTheory.ExtremalEpi (3.4s)
✔ [4431/8034] Built Mathlib.Algebra.Polynomial.CoeffList (4.6s)
✔ [4432/8034] Built Mathlib.CategoryTheory.Generator.Basic (4.8s)
✔ [4433/8034] Built Mathlib.CategoryTheory.Sites.CompatiblePlus (7.4s)
✔ [4434/8034] Built Mathlib.CategoryTheory.Sites.ConcreteSheafification (8.1s)
✔ [4435/8034] Built Mathlib.Algebra.MvPolynomial.Counit (3.2s)
✔ [4436/8034] Built Mathlib.RingTheory.MvPolynomial.Tower (3.5s)
✔ [4437/8034] Built Mathlib.CategoryTheory.Subobject.Limits (7.4s)
✔ [4438/8034] Built Mathlib.Algebra.MvPolynomial.Rename (5.1s)
✔ [4439/8034] Built Mathlib.CategoryTheory.Enriched.EnrichedCat (6.6s)
✔ [4440/8034] Built Mathlib.CategoryTheory.Functor.FunctorHom (7.3s)
✔ [4441/8034] Built Mathlib.RingTheory.Binomial (6.6s)
✔ [4442/8034] Built Mathlib.RingTheory.GradedAlgebra.Homogeneous.Ideal (8.3s)
✔ [4443/8034] Built Mathlib.CategoryTheory.Enriched.Ordinary.Basic (6.9s)
✔ [4444/8034] Built Mathlib.RingTheory.Adjoin.Singleton (5.3s)
✔ [4445/8034] Built Mathlib.CategoryTheory.Dialectica.Monoidal (9.6s)
✔ [4446/8034] Built Mathlib.RingTheory.Algebraic.LinearIndependent (5.1s)
✔ [4447/8034] Built Mathlib.RingTheory.MvPowerSeries.LexOrder (3.9s)
✔ [4448/8034] Built Mathlib.Algebra.Central.End (15s)
✔ [4449/8034] Built Mathlib.AlgebraicTopology.SimplicialSet.Simplices (3.0s)
✔ [4450/8034] Built Mathlib.AlgebraicTopology.SimplicialSet.SubcomplexColimits (2.9s)
✔ [4451/8034] Built Mathlib.RingTheory.MvPowerSeries.Order (6.1s)
✔ [4452/8034] Built Mathlib.CategoryTheory.Sites.Hypercover.One (20s)
✔ [4453/8034] Built Mathlib.CategoryTheory.MorphismProperty.WeakFactorizationSystem (2.6s)
✔ [4454/8034] Built Mathlib.AlgebraicTopology.SimplicialSet.Degenerate (3.9s)
✔ [4455/8034] Built Mathlib.Algebra.Vertex.VertexOperator (4.0s)
✔ [4456/8034] Built Mathlib.Algebra.CharP.IntermediateField (3.1s)
✔ [4457/8034] Built Mathlib.CategoryTheory.Galois.Prorepresentability (6.9s)
✔ [4458/8034] Built Mathlib.AlgebraicTopology.SimplicialSet.CompStruct (4.7s)
✔ [4459/8034] Built Mathlib.LinearAlgebra.TensorAlgebra.ToTensorPower (4.4s)
✔ [4460/8034] Built Mathlib.LinearAlgebra.TensorAlgebra.Grading (5.1s)
✔ [4461/8034] Built Mathlib.Topology.OpenPartialHomeomorph.Composition (3.2s)
✔ [4462/8034] Built Mathlib.Topology.Spectral.Prespectral (3.3s)
✔ [4463/8034] Built Mathlib.Topology.Baire.LocallyCompactRegular (2.9s)
✔ [4464/8034] Built Mathlib.RingTheory.Derivation.DifferentialRing (4.3s)
✔ [4465/8034] Built Mathlib.Topology.Sets.VietorisTopology (3.6s)
✔ [4466/8034] Built Mathlib.Data.Matrix.DualNumber (3.6s)
✔ [4467/8034] Built Mathlib.LinearAlgebra.SymmetricAlgebra.Basic (7.9s)
✔ [4468/8034] Built Mathlib.CategoryTheory.LocallyCartesianClosed.Sections (3.9s)
✔ [4469/8034] Built Mathlib.RingTheory.HahnSeries.Cardinal (4.3s)
✔ [4470/8034] Built Mathlib.Topology.UniformSpace.CompleteSeparated (3.3s)
✔ [4471/8034] Built Mathlib.Topology.UniformSpace.Pi (3.2s)
✔ [4472/8034] Built Mathlib.Topology.UniformSpace.LocallyUniformConvergence (3.5s)
✔ [4473/8034] Built Mathlib.AlgebraicTopology.Quasicategory.TwoTruncated (10s)
✔ [4474/8034] Built Mathlib.RingTheory.PrincipalIdealDomain (5.5s)
✔ [4475/8034] Built Mathlib.RingTheory.Noetherian.Basic (6.4s)
✔ [4476/8034] Built Mathlib.Topology.Algebra.Order.Module (3.2s)
✔ [4477/8034] Built Mathlib.Dynamics.Transitive (3.4s)
✔ [4478/8034] Built Mathlib.Combinatorics.SimpleGraph.StronglyRegular (3.0s)
✔ [4479/8034] Built Mathlib.RingTheory.TensorProduct.Basic (28s)
✔ [4480/8034] Built Mathlib.RingTheory.Ideal.Oka (3.8s)
✔ [4481/8034] Built Mathlib.RingTheory.IdealFilter.Basic (3.9s)
✔ [4482/8034] Built Mathlib.FieldTheory.IntermediateField.Adjoin.Defs (13s)
✔ [4483/8034] Built Mathlib.RingTheory.IsPrimary (4.6s)
✔ [4484/8034] Built Mathlib.RingTheory.HahnSeries.Valuation (4.1s)
✔ [4485/8034] Built Mathlib.Algebra.Polynomial.Derivation (6.4s)
✔ [4486/8034] Built Mathlib.Algebra.Algebra.Spectrum.Quasispectrum (11s)
✔ [4487/8034] Built Mathlib.Algebra.Star.Unitary (11s)
✔ [4488/8034] Built Mathlib.RingTheory.Valuation.PrimeMultiplicity (3.1s)
✔ [4489/8034] Built Mathlib.Topology.Algebra.Monoid (10s)
✔ [4490/8034] Built Mathlib.RingTheory.Valuation.ExtendToLocalization (4.3s)
✔ [4491/8034] Built Mathlib.CategoryTheory.Action.Continuous (10s)
✔ [4492/8034] Built Mathlib.RingTheory.Valuation.FiniteField (4.4s)
✔ [4493/8034] Built Mathlib.Algebra.Polynomial.Module.Basic (10s)
✔ [4494/8034] Built Mathlib.Analysis.Convex.Extreme (4.3s)
✔ [4495/8034] Built Mathlib.Analysis.Convex.SimplicialComplex.Basic (5.4s)
✔ [4496/8034] Built Mathlib.CategoryTheory.EffectiveEpi.Extensive (3.7s)
✔ [4497/8034] Built Mathlib.CategoryTheory.Sites.Coherent.Basic (3.4s)
✔ [4498/8034] Built Mathlib.RingTheory.Valuation.Integers (7.0s)
✔ [4499/8034] Built Mathlib.Analysis.Convex.Join (6.5s)
✔ [4500/8034] Built Mathlib.Algebra.Order.Ring.Archimedean (10s)
✔ [4501/8034] Built Mathlib.CategoryTheory.Abelian.Transfer (3.7s)
✔ [4502/8034] Built Mathlib.Topology.Category.CompHausLike.Limits (5.3s)
✔ [4503/8034] Built Mathlib.CategoryTheory.Adhesive.Basic (4.8s)
✔ [4504/8034] Built Mathlib.Algebra.Order.Module.HahnEmbedding (22s)
✔ [4505/8034] Built Mathlib.RingTheory.SimpleModule.Basic (14s)
✔ [4506/8034] Built Mathlib.CategoryTheory.Shift.InducedShiftSequence (4.1s)
✔ [4507/8034] Built Mathlib.CategoryTheory.Monoidal.Internal.Types.CommGrp_ (2.9s)
✔ [4508/8034] Built Mathlib.CategoryTheory.Localization.Linear (2.8s)
✔ [4509/8034] Built Mathlib.CategoryTheory.Abelian.Opposite (5.0s)
✔ [4510/8034] Built Mathlib.RingTheory.Valuation.ValuativeRel.Basic (12s)
✔ [4511/8034] Built Mathlib.CategoryTheory.Preadditive.CommGrp_ (4.1s)
✔ [4512/8034] Built Mathlib.CategoryTheory.Quotient.Linear (3.3s)
✔ [4513/8034] Built Mathlib.Geometry.Convex.Cone.Basic (9.7s)
✔ [4514/8034] Built Mathlib.CategoryTheory.Shift.ShiftedHom (3.0s)
✔ [4515/8034] Built Mathlib.CategoryTheory.Shift.Opposite (5.4s)
✔ [4516/8034] Built Mathlib.CategoryTheory.Monoidal.Linear (2.8s)
✔ [4517/8034] Built Mathlib.CategoryTheory.Monoidal.Cartesian.CommGrp_ (3.5s)
✔ [4518/8034] Built Mathlib.CategoryTheory.Shift.CommShiftTwo (5.4s)
✔ [4519/8034] Built Mathlib.CategoryTheory.Distributive.Monoidal (3.6s)
✔ [4520/8034] Built Mathlib.RingTheory.Ideal.Quotient.Operations (26s)
✔ [4521/8034] Built Mathlib.Algebra.Category.ModuleCat.Algebra (3.5s)
✔ [4522/8034] Built Mathlib.Algebra.Category.ModuleCat.EpiMono (3.2s)
✔ [4523/8034] Built Mathlib.Analysis.Convex.Combination (15s)
✔ [4524/8034] Built Mathlib.CategoryTheory.Limits.ConcreteCategory.WithAlgebraicStructures (3.6s)
✔ [4525/8034] Built Mathlib.Analysis.Convex.Slope (4.7s)
✔ [4526/8034] Built Mathlib.Analysis.Convex.Piecewise (5.0s)
✔ [4527/8034] Built Mathlib.Algebra.Category.Grp.ZModuleEquivalence (3.2s)
✔ [4528/8034] Built Mathlib.LinearAlgebra.Matrix.Transvection (5.6s)
✔ [4529/8034] Built Mathlib.Algebra.Category.ModuleCat.Tannaka (3.9s)
✔ [4530/8034] Built Mathlib.Algebra.Category.AlgCat.Basic (5.6s)
✔ [4531/8034] Built Mathlib.CategoryTheory.Preadditive.Yoneda.Basic (5.0s)
✔ [4532/8034] Built Mathlib.GroupTheory.GroupAction.SubMulAction.Combination (6.2s)
✔ [4533/8034] Built Mathlib.Analysis.Convex.Mul (8.2s)
✔ [4534/8034] Built Mathlib.Algebra.Category.ModuleCat.Products (4.0s)
✔ [4535/8034] Built Mathlib.Algebra.Homology.ShortComplex.Preadditive (13s)
✔ [4536/8034] Built Mathlib.CategoryTheory.Sites.Types (3.1s)
✔ [4537/8034] Built Mathlib.Topology.Category.TopCat.GrothendieckTopology (3.4s)
✔ [4538/8034] Built Mathlib.Topology.Sheaves.Limits (2.9s)
✔ [4539/8034] Built Mathlib.Algebra.Category.CoalgCat.Basic (4.6s)
✔ [4540/8034] Built Mathlib.Algebra.Category.ModuleCat.Colimits (5.9s)
✔ [4541/8034] Built Mathlib.CategoryTheory.Filtered.Final (3.6s)
✔ [4542/8034] Built Mathlib.CategoryTheory.Sites.CartesianMonoidal (4.1s)
✔ [4543/8034] Built Mathlib.Algebra.Polynomial.Mirror (3.2s)
✔ [4544/8034] Built Mathlib.Algebra.Module.Projective (4.9s)
✔ [4545/8034] Built Mathlib.CategoryTheory.Idempotents.Karoubi (4.5s)
✔ [4546/8034] Built Mathlib.CategoryTheory.Sites.Subcanonical (6.3s)
✔ [4547/8034] Built Mathlib.CategoryTheory.Adjunction.AdjointFunctorTheorems (3.2s)
✔ [4548/8034] Built Mathlib.CategoryTheory.Triangulated.Basic (14s)
✔ [4549/8034] Built Mathlib.CategoryTheory.Generator.StrongGenerator (3.2s)
✔ [4550/8034] Built Mathlib.CategoryTheory.Generator.Type (2.0s)
✔ [4551/8034] Built Mathlib.Algebra.Polynomial.Monic (4.9s)
✔ [4552/8034] Built Mathlib.Algebra.Category.ModuleCat.Limits (8.0s)
✔ [4553/8034] Built Mathlib.CategoryTheory.Generator.Presheaf (3.9s)
✔ [4554/8034] Built Mathlib.GroupTheory.Coxeter.Inversion (6.5s)
✔ [4555/8034] Built Mathlib.CategoryTheory.Abelian.Subobject (3.1s)
✔ [4556/8034] Built Mathlib.Algebra.MvPolynomial.Comap (3.5s)
✔ [4557/8034] Built Mathlib.Algebra.Homology.ImageToKernel (3.9s)
✔ [4558/8034] Built Mathlib.CategoryTheory.Sites.Subsheaf (4.6s)
✔ [4559/8034] Built Mathlib.CategoryTheory.Sites.CompatibleSheafification (5.0s)
✔ [4560/8034] Built Mathlib.CategoryTheory.Monoidal.Closed.Enrichment (3.2s)
✔ [4561/8034] Built Mathlib.Algebra.Polynomial.Laurent (7.0s)
✔ [4562/8034] Built Mathlib.CategoryTheory.Monoidal.Closed.FunctorToTypes (4.3s)
✔ [4563/8034] Built Mathlib.CategoryTheory.Enriched.Limits.HasConicalLimits (3.3s)
✔ [4564/8034] Built Mathlib.CategoryTheory.Enriched.Opposite (3.7s)
✔ [4565/8034] Built Mathlib.CategoryTheory.Enriched.HomCongr (3.5s)
✔ [4566/8034] Built Mathlib.Algebra.MvPolynomial.Degrees (5.0s)
✔ [4567/8034] Built Mathlib.AlgebraicTopology.SimplicialSet.AnodyneExtensions.IsUniquelyCodimOneFace (3.1s)
✔ [4568/8034] Built Mathlib.RingTheory.GradedAlgebra.Radical (5.1s)
✔ [4569/8034] Built Mathlib.CategoryTheory.Sites.Hypercover.IsSheaf (3.1s)
✔ [4570/8034] Built Mathlib.CategoryTheory.Sites.Hypercover.Subcanonical (4.3s)
✔ [4571/8034] Built Mathlib.AlgebraicTopology.SimplicialSet.Skeleton (3.2s)
✔ [4572/8034] Built Mathlib.RingTheory.MvPowerSeries.NoZeroDivisors (4.4s)
✔ [4573/8034] Built Mathlib.AlgebraicTopology.SimplicialSet.NonDegenerateSimplices (3.3s)
✔ [4574/8034] Built Mathlib.AlgebraicTopology.ModelCategory.Instances (4.3s)
✔ [4575/8034] Built Mathlib.AlgebraicTopology.SimplicialSet.Dimension (3.6s)
✔ [4576/8034] Built Mathlib.AlgebraicGeometry.ProjectiveSpectrum.Topology (6.1s)
✔ [4577/8034] Built Mathlib.CategoryTheory.Bicategory.CatEnriched (8.5s)
✔ [4578/8034] Built Mathlib.Algebra.Homology.HomologicalComplex (10s)
✔ [4579/8034] Built Mathlib.CategoryTheory.Enriched.FunctorCategory (9.1s)
✔ [4580/8034] Built Mathlib.Topology.IsLocalHomeomorph (3.1s)
✔ [4581/8034] Built Mathlib.CategoryTheory.Sites.Hypercover.Homotopy (6.2s)
✔ [4582/8034] Built Mathlib.Topology.Spectral.Basic (2.8s)
✔ [4583/8034] Built Mathlib.AlgebraicTopology.SimplicialSet.Nerve (5.4s)
✔ [4584/8034] Built Mathlib.Topology.UniformSpace.Ultra.Constructions (2.6s)
✔ [4585/8034] Built Mathlib.Topology.OpenPartialHomeomorph.Constructions (4.6s)
✔ [4586/8034] Built Mathlib.Topology.Constructible (4.6s)
✔ [4587/8034] Built Mathlib.LinearAlgebra.FreeProduct.Basic (6.7s)
✔ [4588/8034] Built Mathlib.Topology.Metrizable.Basic (3.3s)
✔ [4589/8034] Built Mathlib.Topology.UniformSpace.UniformApproximation (3.2s)
✔ [4590/8034] Built Mathlib.Topology.UniformSpace.Equiv (4.4s)
✔ [4591/8034] Built Mathlib.RingTheory.EuclideanDomain (3.4s)
✔ [4592/8034] Built Mathlib.RingTheory.Int.Basic (3.5s)
✔ [4593/8034] Built Mathlib.RingTheory.SimpleRing.Principal (3.1s)
✔ [4594/8034] Built Mathlib.RingTheory.GradedAlgebra.Noetherian (3.0s)
✔ [4595/8034] Built Mathlib.Topology.EMetricSpace.Basic (5.7s)
✔ [4596/8034] Built Mathlib.RingTheory.Bezout (3.4s)
✔ [4597/8034] Built Mathlib.NumberTheory.FLT.Basic (4.9s)
✔ [4598/8034] Built Mathlib.Topology.UniformSpace.Closeds (6.7s)
✔ [4599/8034] Built Mathlib.RingTheory.Noetherian.Orzech (3.3s)
✔ [4600/8034] Built Mathlib.RingTheory.Ideal.IsPrincipal (4.3s)
✔ [4601/8034] Built Mathlib.FieldTheory.Tower (3.2s)
✔ [4602/8034] Built Mathlib.RingTheory.Finiteness.Cofinite (3.6s)
✔ [4603/8034] Built Mathlib.RingTheory.Noetherian.OfPrime (3.1s)
✔ [4604/8034] Built Mathlib.Algebra.Module.Bimodule (3.8s)
✔ [4605/8034] Built Mathlib.RingTheory.PrincipalIdealDomainOfPrime (3.0s)
✔ [4606/8034] Built Mathlib.RingTheory.Ideal.IsPrimary (3.1s)
✔ [4607/8034] Built Mathlib.Algebra.Algebra.Spectrum.Pi (3.7s)
✔ [4608/8034] Built Mathlib.Topology.Algebra.Group.Units (3.2s)
✔ [4609/8034] Built Mathlib.Algebra.Algebra.StrictPositivity (4.0s)
✔ [4610/8034] Built Mathlib.Topology.Algebra.Star.Unitary (3.7s)
✔ [4611/8034] Built Mathlib.Topology.Algebra.Group.AddTorsor (3.1s)
✔ [4612/8034] Built Mathlib.Algebra.Star.UnitaryStarAlgAut (5.3s)
✔ [4613/8034] Built Mathlib.RingTheory.Coalgebra.Convolution (7.9s)
✔ [4614/8034] Built Mathlib.LinearAlgebra.Matrix.Kronecker (8.1s)
✔ [4615/8034] Built Mathlib.Topology.ApproximateUnit (2.9s)
✔ [4616/8034] Built Mathlib.Topology.Algebra.Monoid.FunOnFinite (3.1s)
✔ [4617/8034] Built Mathlib.Dynamics.Flow (4.6s)
✔ [4618/8034] Built Mathlib.Topology.Algebra.GroupWithZero (5.0s)
✔ [4619/8034] Built Mathlib.CategoryTheory.Sites.Coherent.CoherentSheaves (3.6s)
✔ [4620/8034] Built Mathlib.NumberTheory.Zsqrtd.Basic (8.1s)
✔ [4621/8034] Built Mathlib.CategoryTheory.Sites.Coherent.ExtensiveSheaves (3.9s)
✔ [4622/8034] Built Mathlib.CategoryTheory.Sites.Coherent.ExtensiveTopology (3.8s)
✔ [4623/8034] Built Mathlib.Algebra.Polynomial.Module.TensorProduct (5.6s)
✔ [4624/8034] Built Mathlib.CategoryTheory.Sites.Abelian (3.0s)
✔ [4625/8034] Built Mathlib.CategoryTheory.RegularCategory.Basic (5.9s)
✔ [4626/8034] Built Mathlib.CategoryTheory.Sites.Coherent.Comparison (4.4s)
✔ [4627/8034] Built Mathlib.Topology.Sets.CompactOpenCovered (17s)
✔ [4628/8034] Built Mathlib.Topology.Category.CompHausLike.SigmaComparison (3.2s)
✔ [4629/8034] Built Mathlib.CategoryTheory.Adhesive (2.8s)
✔ [4630/8034] Built Mathlib.Topology.Category.CompHausLike.Cartesian (3.8s)
✔ [4631/8034] Built Mathlib.CategoryTheory.Sites.Coherent.RegularSheaves (6.1s)
✔ [4632/8034] Built Mathlib.CategoryTheory.Action.Limits (6.1s)
✔ [4633/8034] Built Mathlib.RingTheory.Jacobson.Semiprimary (3.5s)
✔ [4634/8034] Built Mathlib.CategoryTheory.Shift.Linear (2.9s)
✔ [4635/8034] Built Mathlib.RingTheory.Valuation.ValuativeRel (2.9s)
✔ [4636/8034] Built Mathlib.LinearAlgebra.TensorProduct.Graded.External (14s)
✔ [4637/8034] Built Mathlib.Topology.Algebra.Group.Basic (12s)
✔ [4638/8034] Built Mathlib.RingTheory.Valuation.ValuativeRel.Trivial (3.6s)
✔ [4639/8034] Built Mathlib.Analysis.Convex.Cone.Extension (4.9s)
✔ [4640/8034] Built Mathlib.CategoryTheory.Sites.LeftExact (8.2s)
✔ [4641/8034] Built Mathlib.CategoryTheory.Distributive.Cartesian (3.7s)
✔ [4642/8034] Built Mathlib.Geometry.Convex.Cone.Pointed (5.6s)
✔ [4643/8034] Built Mathlib.Algebra.Category.Grp.LeftExactFunctor (7.0s)
✔ [4644/8034] Built Mathlib.CategoryTheory.Localization.SmallShiftedHom (7.6s)
✔ [4645/8034] Built Mathlib.RingTheory.TensorProduct.Quotient (6.1s)
✔ [4646/8034] Built Mathlib.CategoryTheory.Triangulated.Opposite.Basic (7.5s)
✔ [4647/8034] Built Mathlib.CategoryTheory.Monoidal.Subcategory (6.8s)
✔ [4648/8034] Built Mathlib.RingTheory.Valuation.Quotient (3.9s)
✔ [4649/8034] Built Mathlib.RingTheory.Derivation.ToSquareZero (6.5s)
✔ [4650/8034] Built Mathlib.RingTheory.Ideal.Quotient.Noetherian (3.8s)
✔ [4651/8034] Built Mathlib.Algebra.Category.ModuleCat.Injective (3.5s)
✔ [4652/8034] Built Mathlib.RingTheory.Ideal.Over (8.1s)
✔ [4653/8034] Built Mathlib.RingTheory.Jacobson.Ideal (5.3s)
✔ [4654/8034] Built Mathlib.RingTheory.SimpleModule.Isotypic (12s)
✔ [4655/8034] Built Mathlib.RingTheory.Idempotents (8.4s)
✔ [4656/8034] Built Mathlib.Analysis.Convex.Independent (3.5s)
✔ [4657/8034] Built Mathlib.CategoryTheory.Generator.Preadditive (3.4s)
✔ [4658/8034] Built Mathlib.Algebra.Module.Torsion.Basic (13s)
✔ [4659/8034] Built Mathlib.Algebra.Category.ModuleCat.Kernels (5.6s)
✔ [4660/8034] Built Mathlib.CategoryTheory.Preadditive.Yoneda.Injective (2.9s)
✔ [4661/8034] Built Mathlib.CategoryTheory.Adjunction.Additive (3.9s)
✔ [4662/8034] Built Mathlib.Analysis.Convex.Caratheodory (4.6s)
✔ [4663/8034] Built Mathlib.CategoryTheory.Preadditive.Yoneda.Projective (2.0s)
✔ [4664/8034] Built Mathlib.Analysis.Convex.StoneSeparation (5.7s)
✔ [4665/8034] Built Mathlib.CategoryTheory.Linear.Yoneda (5.2s)
✔ [4666/8034] Built Mathlib.CategoryTheory.Limits.Shapes.Preorder.WellOrderContinuous (3.3s)
✔ [4667/8034] Built Mathlib.CategoryTheory.Comma.Final (3.7s)
✔ [4668/8034] Built Mathlib.CategoryTheory.Limits.FinallySmall (3.2s)
✔ [4669/8034] Built Mathlib.Order.Interval.Set.Final (2.8s)
✔ [4670/8034] Built Mathlib.Analysis.Convex.Jensen (7.6s)
✔ [4671/8034] Built Mathlib.CategoryTheory.Sites.CartesianClosed (3.0s)
✔ [4672/8034] Built Mathlib.CategoryTheory.Limits.Constructions.Over.Connected (4.6s)
✔ [4673/8034] Built Mathlib.CategoryTheory.Presentable.IsCardinalFiltered (4.9s)
✔ [4674/8034] Built Mathlib.Algebra.Polynomial.UnitTrinomial (4.1s)
✔ [4675/8034] Built Mathlib.Algebra.Category.ModuleCat.FilteredColimits (5.2s)
✔ [4676/8034] Built Mathlib.Algebra.Category.ModuleCat.Monoidal.Basic (17s)
✔ [4677/8034] Built Mathlib.Algebra.Homology.ShortComplex.Linear (7.0s)
✔ [4678/8034] Built Mathlib.CategoryTheory.Idempotents.Biproducts (3.5s)
✔ [4679/8034] Built Mathlib.CategoryTheory.Idempotents.KaroubiKaroubi (3.9s)
✔ [4680/8034] Built Mathlib.Algebra.Category.ModuleCat.Projective (3.8s)
✔ [4681/8034] Built Mathlib.RingTheory.SimpleModule.InjectiveProjective (3.2s)
✔ [4682/8034] Built Mathlib.Algebra.Homology.ShortComplex.Abelian (9.3s)
✔ [4683/8034] Built Mathlib.CategoryTheory.Idempotents.FunctorCategories (4.6s)
✔ [4684/8034] Built Mathlib.Geometry.RingedSpace.PresheafedSpace.HasColimits (9.2s)
✔ [4685/8034] Built Mathlib.RingTheory.Finiteness.Projective (2.8s)
✔ [4686/8034] Built Mathlib.CategoryTheory.Idempotents.FunctorExtension (5.8s)
✔ [4687/8034] Built Mathlib.CategoryTheory.Functor.KanExtension.Dense (3.3s)
✔ [4688/8034] Built Mathlib.Algebra.Polynomial.Lifts (3.0s)
✔ [4689/8034] Built Mathlib.Algebra.Azumaya.Defs (4.2s)
✔ [4690/8034] Built Mathlib.Algebra.Polynomial.GroupRingAction (3.7s)
✔ [4691/8034] Built Mathlib.Algebra.Polynomial.Degree.IsMonicOfDegree (3.7s)
✔ [4692/8034] Built Mathlib.CategoryTheory.Generator.Sheaf (3.0s)
✔ [4693/8034] Built Mathlib.CategoryTheory.Triangulated.Rotate (5.5s)
✔ [4694/8034] Built Mathlib.CategoryTheory.Functor.TypeValuedFlat (11s)
✔ [4695/8034] Built Mathlib.Algebra.Polynomial.Sequence (4.4s)
✔ [4696/8034] Built Mathlib.Algebra.Polynomial.BigOperators (4.7s)
✔ [4697/8034] Built Mathlib.Algebra.Polynomial.Div (5.8s)
✔ [4698/8034] Built Mathlib.CategoryTheory.Enriched.Limits.HasConicalPullbacks (3.0s)
✔ [4699/8034] Built Mathlib.CategoryTheory.Enriched.Limits.HasConicalProducts (2.9s)
✔ [4700/8034] Built Mathlib.RingTheory.Coalgebra.MonoidAlgebra (4.3s)
✔ [4701/8034] Built Mathlib.CategoryTheory.Sites.PreservesSheafification (6.4s)
✔ [4702/8034] Built Mathlib.RingTheory.MvPowerSeries.Trunc (4.6s)
✔ [4703/8034] Built Mathlib.Algebra.MvPolynomial.Variables (4.5s)
✔ [4704/8034] Built Mathlib.AlgebraicTopology.SimplicialSet.NonDegenerateSimplicesSubcomplex (3.4s)
✔ [4705/8034] Built Mathlib.AlgebraicTopology.ModelCategory.IsCofibrant (3.4s)
✔ [4706/8034] Built Mathlib.RingTheory.MvPowerSeries.Inverse (4.6s)
✔ [4707/8034] Built Mathlib.CategoryTheory.Sites.Continuous (5.5s)
✔ [4708/8034] Built Mathlib.RingTheory.MvPolynomial.Basic (5.8s)
✔ [4709/8034] Built Mathlib.AlgebraicTopology.SimplicialSet.Finite (4.1s)
✔ [4710/8034] Built Mathlib.AlgebraicTopology.ModelCategory.Basic (4.9s)
✔ [4711/8034] Built Mathlib.Algebra.Category.AlgCat.Limits (9.7s)
✔ [4712/8034] Built Mathlib.Algebra.Homology.Embedding.Boundary (3.4s)
✔ [4713/8034] Built Mathlib.CategoryTheory.Monoidal.Closed.FunctorCategory.Basic (5.0s)
✔ [4714/8034] Built Mathlib.Topology.OpenPartialHomeomorph (2.7s)
✔ [4715/8034] Built Mathlib.Algebra.MvPolynomial.Equiv (8.0s)
✔ [4716/8034] Built Mathlib.Topology.GDelta.MetrizableSpace (3.0s)
✔ [4717/8034] Built Mathlib.AlgebraicTopology.MooreComplex (5.0s)
✔ [4718/8034] Built Mathlib.AlgebraicTopology.SimplicialSet.NerveNondegenerate (4.2s)
✔ [4719/8034] Built Mathlib.Topology.Sequences (3.7s)
✔ [4720/8034] Built Mathlib.Algebra.Homology.HomologicalBicomplex (5.9s)
✔ [4721/8034] Built Mathlib.Algebra.Homology.DifferentialObject (6.3s)
✔ [4722/8034] Built Mathlib.Algebra.Homology.Single (5.9s)
✔ [4723/8034] Built Mathlib.Topology.UniformSpace.AbstractCompletion (4.3s)
✔ [4724/8034] Built Mathlib.Data.ZMod.Coprime (3.4s)
✔ [4725/8034] Built Mathlib.RingTheory.Localization.Rat (3.4s)
✔ [4726/8034] Built Mathlib.Topology.MetricSpace.Cauchy (3.4s)
✔ [4727/8034] Built Mathlib.RingTheory.TensorProduct.Maps (49s)
✔ [4728/8034] Built Mathlib.Topology.EMetricSpace.Pi (3.9s)
✔ [4729/8034] Built Mathlib.Topology.MetricSpace.Pseudo.Basic (5.4s)
✔ [4730/8034] Built Mathlib.Topology.UniformSpace.UniformConvergenceTopology (8.4s)
✔ [4731/8034] Built Mathlib.LinearAlgebra.InvariantBasisNumber (5.7s)
✔ [4732/8034] Built Mathlib.RingTheory.Ideal.AssociatedPrime.Basic (5.6s)
✔ [4733/8034] Built Mathlib.LinearAlgebra.Matrix.Vec (4.9s)
✔ [4734/8034] Built Mathlib.NumberTheory.PythagoreanTriples (9.8s)
✔ [4735/8034] Built Mathlib.Topology.Algebra.Affine (5.6s)
✔ [4736/8034] Built Mathlib.RingTheory.Localization.Ideal (7.0s)
✔ [4737/8034] Built Mathlib.Topology.FiberBundle.Trivialization (11s)
✔ [4738/8034] Built Mathlib.LinearAlgebra.Matrix.IsDiag (4.9s)
✔ [4739/8034] Built Mathlib.RingTheory.Valuation.ValuationRing (9.0s)
✔ [4740/8034] Built Mathlib.Topology.EMetricSpace.Paracompact (8.7s)
✔ [4741/8034] Built Mathlib.Dynamics.OmegaLimit (5.1s)
✔ [4742/8034] Built Mathlib.LinearAlgebra.Matrix.ToLin (25s)
✔ [4743/8034] Built Mathlib.Topology.Algebra.WithZeroTopology (5.2s)
✔ [4744/8034] Built Mathlib.CategoryTheory.Sites.Coherent.CoherentTopology (4.5s)
✔ [4745/8034] Built Mathlib.CategoryTheory.Sites.Coherent.ExtensiveColimits (4.0s)
✔ [4746/8034] Built Mathlib.CategoryTheory.Sites.Coherent.RegularTopology (5.3s)
✔ [4747/8034] Built Mathlib.Topology.Category.CompHausLike.EffectiveEpi (5.9s)
✔ [4748/8034] Built Mathlib.NumberTheory.Zsqrtd.GaussianInt (8.9s)
✔ [4749/8034] Built Mathlib.Topology.Algebra.Group.TopologicalAbelianization (6.6s)
✔ [4750/8034] Built Mathlib.Topology.Algebra.Order.LiminfLimsup (8.1s)
✔ [4751/8034] Built Mathlib.Topology.Algebra.Group.SubmonoidClosure (7.7s)
✔ [4752/8034] Built Mathlib.CategoryTheory.Galois.Examples (9.3s)
✔ [4753/8034] Built Mathlib.CategoryTheory.Galois.Topology (9.4s)
✔ [4754/8034] Built Mathlib.Topology.Algebra.Group.GroupTopology (8.4s)
✔ [4755/8034] Built Mathlib.NumberTheory.PellMatiyasevic (12s)
✔ [4756/8034] Built Mathlib.Geometry.Convex.Cone.Simplicial (5.5s)
✔ [4757/8034] Built Mathlib.CategoryTheory.Sites.RegularEpi (8.9s)
✔ [4758/8034] Built Mathlib.Analysis.Convex.Cone.Closure (5.8s)
✔ [4759/8034] Built Mathlib.Topology.Algebra.Group.Pointwise (11s)
✔ [4760/8034] Built Mathlib.Algebra.Category.Grp.Injective (6.1s)
✔ [4761/8034] Built Mathlib.RingTheory.Ideal.MinimalPrime.Basic (5.9s)
✔ [4762/8034] Built Mathlib.CategoryTheory.Shift.ShiftedHomOpposite (7.0s)
✔ [4763/8034] Built Mathlib.RingTheory.LocalRing.MaximalIdeal.Basic (6.4s)
✔ [4764/8034] Built Mathlib.Geometry.Convex.Cone.Dual (13s)
✔ [4765/8034] Built Mathlib.CategoryTheory.Action.Monoidal (18s)
✔ [4766/8034] Built Mathlib.Algebra.DirectSum.Idempotents (6.5s)
✔ [4767/8034] Built Mathlib.CategoryTheory.Generator.Abelian (6.3s)
✔ [4768/8034] Built Mathlib.LinearAlgebra.Matrix.Ideal (9.9s)
✔ [4769/8034] Built Mathlib.RingTheory.Nakayama (11s)
✔ [4770/8034] Built Mathlib.Topology.Algebra.IsUniformGroup.Defs (21s)
✔ [4771/8034] Built Mathlib.CategoryTheory.Limits.Preserves.Shapes.Preorder (4.8s)
✔ [4772/8034] Built Mathlib.CategoryTheory.Limits.Constructions.Over.Basic (4.1s)
✔ [4773/8034] Built Mathlib.CategoryTheory.Filtered.FinallySmall (5.5s)
✔ [4774/8034] Built Mathlib.Algebra.Category.ModuleCat.Subobject (8.5s)
✔ [4775/8034] Built Mathlib.CategoryTheory.Triangulated.Opposite.Triangle (16s)
✔ [4776/8034] Built Mathlib.Algebra.CharP.LinearMaps (10s)
✔ [4777/8034] Built Mathlib.CategoryTheory.Limits.Indization.IndObject (6.2s)
✔ [4778/8034] Built Mathlib.Algebra.Category.ModuleCat.Abelian (8.6s)
✔ [4779/8034] Built Mathlib.CategoryTheory.Presentable.Basic (7.1s)
✔ [4780/8034] Built Mathlib.CategoryTheory.Idempotents.SimplicialObject (5.5s)
✔ [4781/8034] Built Mathlib.Algebra.Category.ModuleCat.Monoidal.Symmetric (9.6s)
✔ [4782/8034] Built Mathlib.Algebra.Category.CoalgCat.Monoidal (10s)
✔ [4783/8034] Built Mathlib.CategoryTheory.Presentable.Directed (12s)
✔ [4784/8034] Built Mathlib.CategoryTheory.Limits.Shapes.Pullback.EquifiberedLimits (14s)
✔ [4785/8034] Built Mathlib.Algebra.Polynomial.RingDivision (9.4s)
✔ [4786/8034] Built Mathlib.CategoryTheory.Enriched.Limits.HasConicalTerminal (4.9s)
✔ [4787/8034] Built Mathlib.Algebra.Azumaya.Matrix (14s)
✔ [4788/8034] Built Mathlib.Algebra.Polynomial.PartialFractions (10s)
✔ [4789/8034] Built Mathlib.LinearAlgebra.Matrix.Polynomial (7.1s)
✔ [4790/8034] Built Mathlib.Algebra.Polynomial.HasseDeriv (8.6s)
✔ [4791/8034] Built Mathlib.Algebra.Polynomial.SumIteratedDerivative (9.1s)
✔ [4792/8034] Built Mathlib.Algebra.Homology.ShortComplex.Exact (17s)
✔ [4793/8034] Built Mathlib.Algebra.Category.ModuleCat.Adjunctions (18s)
✔ [4794/8034] Built Mathlib.Algebra.Polynomial.CoeffMem (14s)
✔ [4795/8034] Built Mathlib.CategoryTheory.Sites.LocallyInjective (8.0s)
✔ [4796/8034] Built Mathlib.CategoryTheory.Sites.Adjunction (6.2s)
✔ [4797/8034] Built Mathlib.Algebra.MvPolynomial.Supported (6.1s)
✔ [4798/8034] Built Mathlib.CategoryTheory.Monoidal.Internal.Module (22s)
✔ [4799/8034] Built Mathlib.AlgebraicTopology.SimplicialSet.AnodyneExtensions.Pairing (5.9s)
✔ [4800/8034] Built Mathlib.Algebra.MvPolynomial.CommRing (7.7s)
✔ [4801/8034] Built Mathlib.AlgebraicTopology.ModelCategory.Bifibrant (6.8s)
✔ [4802/8034] Built Mathlib.CategoryTheory.Sites.CoverPreserving (6.3s)
✔ [4803/8034] Built Mathlib.Algebra.MvPolynomial.Monad (9.4s)
✔ [4804/8034] Built Mathlib.AlgebraicTopology.ModelCategory.Opposite (5.1s)
✔ [4805/8034] Built Mathlib.AlgebraicTopology.SimplicialSet.FiniteColimits (5.0s)
✔ [4806/8034] Built Mathlib.CategoryTheory.Sites.Pullback (9.6s)
✔ [4807/8034] Built Mathlib.Algebra.MvPolynomial.Polynomial (5.5s)
✔ [4808/8034] Built Mathlib.Algebra.MvPolynomial.Cardinal (5.5s)
✔ [4809/8034] Built Mathlib.AlgebraicTopology.ModelCategory.BrownLemma (6.8s)
✔ [4810/8034] Built Mathlib.LinearAlgebra.Reflection (38s)
✔ [4811/8034] Built Mathlib.CategoryTheory.Sites.CoverLifting (10s)
✔ [4812/8034] Built Mathlib.Topology.Category.Sequential (5.4s)
✔ [4813/8034] Built Mathlib.AlgebraicTopology.ModelCategory.PathObject (9.8s)
✔ [4814/8034] Built Mathlib.AlgebraicTopology.ModelCategory.Cylinder (9.7s)
✔ [4815/8034] Built Mathlib.Topology.Semicontinuity.Hemicontinuity (6.5s)
✔ [4816/8034] Built Mathlib.CategoryTheory.Triangulated.TriangleShift (35s)
✔ [4817/8034] Built Mathlib.Topology.UniformSpace.Real (5.5s)
✔ [4818/8034] Built Mathlib.RingTheory.AdicCompletion.Basic (51s)
✔ [4819/8034] Built Mathlib.Algebra.Category.ModuleCat.ChangeOfRings (82s)
✔ [4820/8034] Built Mathlib.Algebra.Homology.Double (9.2s)
✔ [4821/8034] Built Mathlib.AlgebraicTopology.SimplicialSet.StdSimplex (14s)
✔ [4822/8034] Built Mathlib.Topology.UniformSpace.Completion (8.7s)
✔ [4823/8034] Built Mathlib.RingTheory.PowerSeries.Basic (16s)
✔ [4824/8034] Built Mathlib.Algebra.Homology.HomologicalComplexLimits (10s)
✔ [4825/8034] Built Mathlib.Algebra.Category.AlgCat.Monoidal (12s)
✔ [4826/8034] Built Mathlib.Algebra.Homology.Augment (14s)
✔ [4827/8034] Built Mathlib.Algebra.Homology.TotalComplex (17s)
✔ [4828/8034] Built Mathlib.Algebra.Algebra.Subalgebra.Centralizer (10s)
✔ [4829/8034] Built Mathlib.Topology.MetricSpace.Pseudo.Pi (6.5s)
✔ [4830/8034] Built Mathlib.Algebra.Homology.Additive (17s)
✔ [4831/8034] Built Mathlib.RingTheory.Bialgebra.Basic (10s)
✔ [4832/8034] Built Mathlib.RingTheory.TensorProduct.Pi (12s)
✔ [4833/8034] Built Mathlib.RingTheory.TensorProduct.Finite (11s)
✔ [4834/8034] Built Mathlib.Topology.EMetricSpace.Diam (8.0s)
✔ [4835/8034] Built Mathlib.LinearAlgebra.TensorProduct.Opposite (12s)
✔ [4836/8034] Built Mathlib.RingTheory.Nilpotent.Exp (15s)
✔ [4837/8034] Built Mathlib.Topology.UniformSpace.CompactConvergence (11s)
✔ [4838/8034] Built Mathlib.Topology.UniformSpace.Equicontinuity (10s)
✔ [4839/8034] Built Mathlib.Analysis.Convex.Extrema (8.6s)
✔ [4840/8034] Built Mathlib.NumberTheory.FLT.Four (12s)
✔ [4841/8034] Built Mathlib.LinearAlgebra.Dimension.StrongRankCondition (14s)
✔ [4842/8034] Built Mathlib.LinearAlgebra.Matrix.InvariantBasisNumber (10s)
✔ [4843/8034] Built Mathlib.LinearAlgebra.TensorProduct.Matrix (10s)
✔ [4844/8034] Built Mathlib.Topology.FiberBundle.Basic (12s)
✔ [4845/8034] Built Mathlib.RingTheory.TensorProduct.Free (9.5s)
✔ [4846/8034] Built Mathlib.LinearAlgebra.TensorProduct.Graded.Internal (88s)
✔ [4847/8034] Built Mathlib.RingTheory.Valuation.Archimedean (14s)
✔ [4848/8034] Built Mathlib.LinearAlgebra.Matrix.Dual (10s)
✔ [4849/8034] Built Mathlib.LinearAlgebra.Matrix.Basis (15s)
✔ [4850/8034] Built Mathlib.RingTheory.Nilpotent.Lemmas (9.3s)
✔ [4851/8034] Built Mathlib.CategoryTheory.Sites.Coherent.ReflectsPreregular (7.2s)
✔ [4852/8034] Built Mathlib.CategoryTheory.Sites.Coherent.ReflectsPrecoherent (7.5s)
✔ [4853/8034] Built Mathlib.LinearAlgebra.TensorProduct.RightExactness (33s)
✔ [4854/8034] Built Mathlib.ModelTheory.Arithmetic.Presburger.Semilinear.Basic (16s)
✔ [4855/8034] Built Mathlib.CategoryTheory.Galois.Action (10s)
✔ [4856/8034] Built Mathlib.RingTheory.Ideal.AssociatedPrime.Finiteness (32s)
✔ [4857/8034] Built Mathlib.Topology.Algebra.Group.Compact (14s)
✔ [4858/8034] Built Mathlib.Topology.Algebra.Order.UpperLower (17s)
✔ [4859/8034] Built Mathlib.RingTheory.Ideal.MinimalPrime.Noetherian (20s)
✔ [4860/8034] Built Mathlib.Topology.Algebra.Group.Quotient (22s)
✔ [4861/8034] Built Mathlib.Topology.Algebra.Ring.Basic (27s)
✔ [4862/8034] Built Mathlib.RingTheory.MatrixAlgebra (61s)
✔ [4863/8034] Built Mathlib.Topology.Algebra.Group.OpenMapping (25s)
✔ [4864/8034] Built Mathlib.RingTheory.LocalRing.ResidueField.Defs (15s)
✔ [4865/8034] Built Mathlib.RingTheory.Lasker (25s)
✔ [4866/8034] Built Mathlib.Analysis.Convex.Strict (29s)
✔ [4867/8034] Built Mathlib.RingTheory.LocalRing.RingHom.Basic (11s)
✔ [4868/8034] Built Mathlib.NumberTheory.Dioph (31s)
✔ [4869/8034] Built Mathlib.RingTheory.LocalRing.NonLocalRing (9.7s)
✔ [4870/8034] Built Mathlib.RingTheory.SimpleRing.Matrix (6.1s)
✔ [4871/8034] Built Mathlib.RingTheory.DualNumber (24s)
✔ [4872/8034] Built Mathlib.Topology.Algebra.IsUniformGroup.Order (5.6s)
✔ [4873/8034] Built Mathlib.AlgebraicTopology.ModelCategory.Over (4.8s)
✔ [4874/8034] Built Mathlib.LinearAlgebra.Complex.Module (39s)
✔ [4875/8034] Built Mathlib.Topology.Algebra.IsUniformGroup.Constructions (6.4s)
✔ [4876/8034] Built Mathlib.Algebra.Category.Grp.Subobject (4.6s)
✔ [4877/8034] Built Mathlib.LinearAlgebra.TensorProduct.Subalgebra (69s)
✔ [4878/8034] Built Mathlib.CategoryTheory.Preadditive.Yoneda.Limits (5.2s)
✔ [4879/8034] Built Mathlib.Topology.Algebra.InfiniteSum.Group (10s)
✔ [4880/8034] Built Mathlib.CategoryTheory.Limits.Shapes.Preorder.TransfiniteCompositionOfShape (8.8s)
✔ [4881/8034] Built Mathlib.CategoryTheory.Limits.Indization.LocallySmall (5.7s)
✔ [4882/8034] Built Mathlib.CategoryTheory.Limits.MorphismProperty (8.1s)
✔ [4883/8034] Built Mathlib.CategoryTheory.Limits.Indization.FilteredColimits (6.9s)
✔ [4884/8034] Built Mathlib.CategoryTheory.Presentable.Finite (4.7s)
✔ [4885/8034] Built Mathlib.CategoryTheory.Limits.Indization.ParallelPair (7.5s)
✔ [4886/8034] Built Mathlib.Algebra.Category.Grp.Abelian (7.2s)
✔ [4887/8034] Built Mathlib.CategoryTheory.Presentable.Retracts (4.8s)
✔ [4888/8034] Built Mathlib.CategoryTheory.Presentable.Type (5.1s)
✔ [4889/8034] Built Mathlib.Algebra.Category.ModuleCat.Images (7.1s)
✔ [4890/8034] Built Mathlib.CategoryTheory.Presentable.Limits (5.0s)
✔ [4891/8034] Built Mathlib.CategoryTheory.Abelian.Refinements (4.2s)
✔ [4892/8034] Built Mathlib.RingTheory.Polynomial.Ideal (6.7s)
✔ [4893/8034] Built Mathlib.Algebra.Homology.ShortComplex.ShortExact (5.1s)
✔ [4894/8034] Built Mathlib.Algebra.Category.ModuleCat.Monoidal.Closed (7.8s)
✔ [4895/8034] Built Mathlib.Algebra.Polynomial.Taylor (7.6s)
✔ [4896/8034] Built Mathlib.LinearAlgebra.Matrix.MvPolynomial (5.8s)
✔ [4897/8034] Built Mathlib.RingTheory.IsTensorProduct (71s)
✔ [4898/8034] Built Mathlib.CategoryTheory.Abelian.Exact (8.0s)
✔ [4899/8034] Built Mathlib.AlgebraicTopology.SimplicialSet.AnodyneExtensions.PairingCore (7.6s)
✔ [4900/8034] Built Mathlib.Algebra.Homology.ExactSequence (8.9s)
✔ [4901/8034] Built Mathlib.RingTheory.FreeCommRing (8.7s)
✔ [4902/8034] Built Mathlib.Algebra.MvPolynomial.Derivation (9.1s)
✔ [4903/8034] Built Mathlib.CategoryTheory.Sites.LocallySurjective (10s)
✔ [4904/8034] Built Mathlib.RingTheory.MvPolynomial.Symmetric.Defs (10s)
✔ [4905/8034] Built Mathlib.RingTheory.AlgebraicIndependent.Defs (9.3s)
✔ [4906/8034] Built Mathlib.Algebra.Polynomial.Roots (17s)
✔ [4907/8034] Built Mathlib.Algebra.MvPolynomial.Division (12s)
✔ [4908/8034] Built Mathlib.AlgebraicTopology.ModelCategory.RightHomotopy (10s)
✔ [4909/8034] Built Mathlib.RingTheory.Morita.Basic (7.8s)
✔ [4910/8034] Built Mathlib.AlgebraicTopology.ModelCategory.LeftHomotopy (10s)
✔ [4911/8034] Built Mathlib.RingTheory.Localization.AtPrime.Basic (51s)
✔ [4912/8034] Built Mathlib.Algebra.Category.ModuleCat.Pseudofunctor (9.5s)
✔ [4913/8034] Built Mathlib.RingTheory.AdicCompletion.LocalRing (11s)
✔ [4914/8034] Built Mathlib.Topology.UniformSpace.Ultra.Completion (4.0s)
✔ [4915/8034] Built Mathlib.RingTheory.Polynomial.Basic (15s)
✔ [4916/8034] Built Mathlib.Topology.Category.UniformSpace (8.0s)
✔ [4917/8034] Built Mathlib.Algebra.Category.Ring.Adjunctions (18s)
✔ [4918/8034] Built Mathlib.AlgebraicTopology.SimplicialSet.Boundary (5.7s)
✔ [4919/8034] Built Mathlib.Topology.Algebra.UniformMulAction (8.1s)
✔ [4920/8034] Built Mathlib.Algebra.Category.CoalgCat.ComonEquivalence (26s)
✔ [4921/8034] Built Mathlib.CategoryTheory.Triangulated.Pretriangulated (17s)
✔ [4922/8034] Built Mathlib.RingTheory.PowerSeries.CoeffMulMem (5.9s)
✔ [4923/8034] Built Mathlib.AlgebraicTopology.SimplicialSet.Horn (9.9s)
✔ [4924/8034] Built Mathlib.RingTheory.PowerSeries.Schroder (7.0s)
✔ [4925/8034] Built Mathlib.RingTheory.HahnSeries.PowerSeries (9.0s)
✔ [4926/8034] Built Mathlib.RingTheory.PowerSeries.Trunc (9.3s)
✔ [4927/8034] Built Mathlib.CategoryTheory.Generator.HomologicalComplex (5.9s)
✔ [4928/8034] Built Mathlib.RingTheory.PowerSeries.WellKnown (7.7s)
✔ [4929/8034] Built Mathlib.RingTheory.PowerSeries.Catalan (6.7s)
✔ [4930/8034] Built Mathlib.RingTheory.PowerSeries.Order (8.9s)
✔ [4931/8034] Built Mathlib.AlgebraicTopology.SimplicialSet.Monoidal (14s)
✔ [4932/8034] Built Mathlib.RingTheory.HahnSeries.HEval (13s)
✔ [4933/8034] Built Mathlib.Algebra.Category.AlgCat.Symmetric (6.7s)
✔ [4934/8034] Built Mathlib.Topology.MetricSpace.ProperSpace (4.9s)
✔ [4935/8034] Built Mathlib.Topology.MetricSpace.Pseudo.Real (4.7s)
✔ [4936/8034] Built Mathlib.Topology.MetricSpace.Ultra.Pi (4.4s)
✔ [4937/8034] Built Mathlib.RingTheory.DividedPowers.Basic (10s)
✔ [4938/8034] Built Mathlib.Topology.MetricSpace.Basic (6.5s)
✔ [4939/8034] Built Mathlib.Algebra.Homology.TotalComplexSymmetry (8.4s)
✔ [4940/8034] Built Mathlib.Algebra.Homology.Embedding.Restriction (4.9s)
✔ [4941/8034] Built Mathlib.Algebra.Homology.HomologicalComplexBiprod (5.4s)
✔ [4942/8034] Built Mathlib.AlgebraicTopology.AlternatingFaceMapComplex (7.5s)
✔ [4943/8034] Built Mathlib.RingTheory.HopfAlgebra.Basic (5.6s)
✔ [4944/8034] Built Mathlib.CategoryTheory.Idempotents.HomologicalComplex (8.3s)
✔ [4945/8034] Built Mathlib.Topology.Metrizable.ContinuousMap (4.2s)
✔ [4946/8034] Built Mathlib.Algebra.Homology.Linear (7.3s)
✔ [4947/8034] Built Mathlib.Analysis.Oscillation (5.0s)
✔ [4948/8034] Built Mathlib.Topology.UniformSpace.HeineCantor (4.5s)
✔ [4949/8034] Built Mathlib.Topology.UniformSpace.Ascoli (4.9s)
✔ [4950/8034] Built Mathlib.Topology.MetricSpace.Equicontinuity (5.0s)
✔ [4951/8034] Built Mathlib.Topology.EMetricSpace.Lipschitz (7.6s)
✔ [4952/8034] Built Mathlib.Algebra.Algebra.Epi (8.7s)
✔ [4953/8034] Built Mathlib.GroupTheory.FreeGroup.GeneratorEquiv (5.4s)
✔ [4954/8034] Built Mathlib.Algebra.Homology.Bifunctor (17s)
✔ [4955/8034] Built Mathlib.Algebra.Category.ModuleCat.Presheaf (33s)
✔ [4956/8034] Built Mathlib.Algebra.Module.SpanRank (7.0s)
✔ [4957/8034] Built Mathlib.RingTheory.Bialgebra.Hom (14s)
✔ [4958/8034] Built Mathlib.CategoryTheory.Preadditive.HomOrthogonal (8.2s)
✔ [4959/8034] Built Mathlib.RingTheory.AdicCompletion.Algebra (39s)
✔ [4960/8034] Built Mathlib.Topology.FiberBundle.Constructions (8.1s)
✔ [4961/8034] Built Mathlib.RingTheory.Noetherian.Nilpotent (5.9s)
✔ [4962/8034] Built Mathlib.RingTheory.Polynomial.Nilpotent (7.7s)
✔ [4963/8034] Built Mathlib.LinearAlgebra.Dimension.Free (10s)
✔ [4964/8034] Built Mathlib.RingTheory.Ideal.Quotient.Nilpotent (7.1s)
✔ [4965/8034] Built Mathlib.RingTheory.Spectrum.Prime.Basic (8.9s)
✔ [4966/8034] Built Mathlib.Topology.Covering.Basic (11s)
✔ [4967/8034] Built Mathlib.RingTheory.Finiteness.Nilpotent (6.2s)
✔ [4968/8034] Built Mathlib.Algebra.Homology.ShortComplex.HomologicalComplex (19s)
✔ [4969/8034] Built Mathlib.RingTheory.ZMod (5.2s)
✔ [4970/8034] Built Mathlib.Algebra.QuadraticAlgebra.Defs (15s)
✔ [4971/8034] Built Mathlib.CategoryTheory.Galois.Full (6.1s)
✔ [4972/8034] Built Mathlib.RingTheory.Ideal.Quotient.Index (8.2s)
✔ [4973/8034] Built Mathlib.Topology.Algebra.Group.ClosedSubgroup (5.8s)
✔ [4974/8034] Built Mathlib.LinearAlgebra.FreeModule.PID (17s)
✔ [4975/8034] Built Mathlib.Topology.Algebra.ProperAction.Basic (6.9s)
✔ [4976/8034] Built Mathlib.LinearAlgebra.TensorProduct.Vanishing (9.4s)
✔ [4977/8034] Built Mathlib.Topology.Algebra.MvPolynomial (6.4s)
✔ [4978/8034] Built Mathlib.Topology.Algebra.Module.Basic (7.7s)
✔ [4979/8034] Built Mathlib.Topology.Algebra.Field (7.9s)
✔ [4980/8034] Built Mathlib.RingTheory.Ideal.Quotient.ChineseRemainder (11s)
✔ [4981/8034] Built Mathlib.Topology.Category.TopCommRingCat (5.0s)
✔ [4982/8034] Built Mathlib.Topology.Algebra.Localization (4.7s)
✔ [4983/8034] Built Mathlib.Topology.Algebra.RestrictedProduct.TopologicalSpace (9.6s)
✔ [4984/8034] Built Mathlib.Topology.Algebra.Module.Compact (5.3s)
✔ [4985/8034] Built Mathlib.Topology.Algebra.Ring.Ideal (4.9s)
✔ [4986/8034] Built Mathlib.Algebra.CharP.LocalRing (4.9s)
✔ [4987/8034] Built Mathlib.Topology.Algebra.OpenSubgroup (10s)
✔ [4988/8034] Built Mathlib.Topology.UniformSpace.Matrix (4.2s)
✔ [4989/8034] Built Mathlib.RingTheory.QuotSMulTop (16s)
✔ [4990/8034] Built Mathlib.Algebra.Category.Ring.Instances (5.6s)
✔ [4991/8034] Built Mathlib.RingTheory.Ideal.MinimalPrime.Colon (13s)
✔ [4992/8034] Built Mathlib.RingTheory.DiscreteValuationRing.Basic (6.9s)
✔ [4993/8034] Built Mathlib.CategoryTheory.Limits.Indization.Products (3.9s)
✔ [4994/8034] Built Mathlib.RingTheory.LocalRing.ResidueField.Basic (7.3s)
✔ [4995/8034] Built Mathlib.CategoryTheory.Limits.Indization.Equalizers (3.9s)
✔ [4996/8034] Built Mathlib.CategoryTheory.Presentable.CardinalFilteredPresentation (4.3s)
✔ [4997/8034] Built Mathlib.Algebra.Category.Grp.Images (4.8s)
✔ [4998/8034] Built Mathlib.CategoryTheory.Abelian.CommSq (4.6s)
✔ [4999/8034] Built Mathlib.CategoryTheory.ObjectProperty.EpiMono (3.9s)
✔ [5000/8034] Built Mathlib.Algebra.Homology.ShortComplex.Ab (5.2s)
✔ [5001/8034] Built Mathlib.CategoryTheory.MorphismProperty.TransfiniteComposition (9.0s)
✔ [5002/8034] Built Mathlib.CategoryTheory.ObjectProperty.Extensions (3.8s)
✔ [5003/8034] Built Mathlib.Algebra.Homology.HomologicalComplexAbelian (5.2s)
✔ [5004/8034] Built Mathlib.Topology.Algebra.InfiniteSum.NatInt (9.4s)
✔ [5005/8034] Built Mathlib.CategoryTheory.Presentable.ColimitPresentation (8.7s)
✔ [5006/8034] Built Mathlib.CategoryTheory.Abelian.EpiWithInjectiveKernel (5.0s)
✔ [5007/8034] Built Mathlib.CategoryTheory.Sites.MayerVietorisSquare (8.7s)
✔ [5008/8034] Built Mathlib.AlgebraicTopology.SimplicialSet.AnodyneExtensions.Rank (5.4s)
✔ [5009/8034] Built Mathlib.Algebra.Homology.ShortComplex.ExactFunctor (6.2s)
✔ [5010/8034] Built Mathlib.ModelTheory.Algebra.Ring.FreeCommRing (6.6s)
✔ [5011/8034] Built Mathlib.SetTheory.Cardinal.Free (6.9s)
✔ [5012/8034] Built Mathlib.CategoryTheory.Abelian.Pseudoelements (8.8s)
✔ [5013/8034] Built Mathlib.LinearAlgebra.Matrix.Adjugate (12s)
✔ [5014/8034] Built Mathlib.RingTheory.PolynomialAlgebra (11s)
✔ [5015/8034] Built Mathlib.RingTheory.MvPolynomial.FreeCommRing (8.4s)
✔ [5016/8034] Built Mathlib.Algebra.Homology.ExactSequenceFour (13s)
✔ [5017/8034] Built Mathlib.CategoryTheory.Sites.LocallyFullyFaithful (6.5s)
✔ [5018/8034] Built Mathlib.CategoryTheory.Abelian.DiagramLemmas.Four (14s)
✔ [5019/8034] Built Mathlib.CategoryTheory.Sites.LocallyBijective (6.8s)
✔ [5020/8034] Built Mathlib.Algebra.MvPolynomial.PDeriv (9.6s)
✔ [5021/8034] Built Mathlib.RingTheory.TensorProduct.MvPolynomial (19s)
✔ [5022/8034] Built Mathlib.RingTheory.TensorProduct.MonoidAlgebra (19s)
✔ [5023/8034] Built Mathlib.RingTheory.MvPolynomial.Symmetric.FundamentalTheorem (11s)
✔ [5024/8034] Built Mathlib.RingTheory.AlgebraicIndependent.Basic (11s)
✔ [5025/8034] Built Mathlib.Algebra.MvPolynomial.Funext (7.7s)
✔ [5026/8034] Built Mathlib.Algebra.Colimit.Ring (18s)
✔ [5027/8034] Built Mathlib.RingTheory.Algebraic.Cardinality (7.8s)
✔ [5028/8034] Built Mathlib.Algebra.Homology.ShortComplex.SnakeLemma (23s)
✔ [5029/8034] Built Mathlib.RingTheory.Polynomial.Dickson (10s)
✔ [5030/8034] Built Mathlib.RingTheory.IntegralDomain (10s)
✔ [5031/8034] Built Mathlib.RingTheory.MvPolynomial.Homogeneous (15s)
✔ [5032/8034] Built Mathlib.RingTheory.Ideal.MinimalPrime.Localization (6.9s)
✔ [5033/8034] Built Mathlib.AlgebraicTopology.ModelCategory.Homotopy (7.0s)
✔ [5034/8034] Built Mathlib.Topology.Algebra.InfiniteSum.Constructions (38s)
✔ [5035/8034] Built Mathlib.Algebra.Polynomial.FieldDivision (14s)
✔ [5036/8034] Built Mathlib.RingTheory.Localization.AtPrime (5.0s)
✔ [5037/8034] Built Mathlib.Algebra.Quaternion (59s)
✔ [5038/8034] Built Mathlib.RingTheory.LocalProperties.Submodule (9.1s)
✔ [5039/8034] Built Mathlib.RingTheory.Localization.BaseChange (35s)
✔ [5040/8034] Built Mathlib.RingTheory.LocalRing.LocalSubring (12s)
✔ [5041/8034] Built Mathlib.Algebra.MvPolynomial.SchwartzZippel (20s)
✔ [5042/8034] Built Mathlib.RingTheory.SurjectiveOnStalks (10s)
✔ [5043/8034] Built Mathlib.RingTheory.Adjoin.FG (6.7s)
✔ [5044/8034] Built Mathlib.Data.Nat.Choose.Lucas (6.3s)
✔ [5045/8034] Built Mathlib.Algebra.Polynomial.Expand (7.7s)
✔ [5046/8034] Built Mathlib.RingTheory.MvPolynomial.Symmetric.NewtonIdentities (28s)
✔ [5047/8034] Built Mathlib.RingTheory.Localization.LocalizationLocalization (9.8s)
✔ [5048/8034] Built Mathlib.Tactic.ReduceModChar (8.9s)
✔ [5049/8034] Built Mathlib.Topology.Algebra.GroupCompletion (9.2s)
✔ [5050/8034] Built Mathlib.AlgebraicTopology.SimplicialSet.CategoryWithFibrations (5.3s)
✔ [5051/8034] Built Mathlib.CategoryTheory.Triangulated.TStructure.Basic (7.7s)
✔ [5052/8034] Built Mathlib.RingTheory.PowerSeries.GaussNorm (5.3s)
✔ [5053/8034] Built Mathlib.RingTheory.PowerSeries.Binomial (6.0s)
✔ [5054/8034] Built Mathlib.Topology.Algebra.UniformConvergence (12s)
✔ [5055/8034] Built Mathlib.RingTheory.PowerSeries.NoZeroDivisors (5.4s)
✔ [5056/8034] Built Mathlib.RingTheory.Polynomial.HilbertPoly (7.0s)
✔ [5057/8034] Built Mathlib.AlgebraicTopology.SimplicialCategory.Basic (4.9s)
✔ [5058/8034] Built Mathlib.AlgebraicTopology.SimplicialSet.ProdStdSimplex (7.2s)
✔ [5059/8034] Built Mathlib.CategoryTheory.Triangulated.Triangulated (12s)
✔ [5060/8034] Built Mathlib.AlgebraicTopology.SimplicialSet.RelativeMorphism (8.4s)
✔ [5061/8034] Built Mathlib.RingTheory.Polynomial.Quotient (17s)
✔ [5062/8034] Built Mathlib.AlgebraicTopology.SimplicialSet.Path (10s)
✔ [5063/8034] Built Mathlib.RingTheory.DividedPowers.RatAlgebra (7.1s)
✔ [5064/8034] Built Mathlib.Topology.MetricSpace.TransferInstance (4.9s)
✔ [5065/8034] Built Mathlib.Topology.MetricSpace.Bounded (9.2s)
✔ [5066/8034] Built Mathlib.Topology.Metrizable.Real (4.6s)
✔ [5067/8034] Built Mathlib.Topology.MetricSpace.Infsep (6.3s)
✔ [5068/8034] Built Mathlib.RingTheory.DividedPowers.DPMorphism (7.6s)
✔ [5069/8034] Built Mathlib.Topology.Metrizable.Uniformity (7.9s)
✔ [5070/8034] Built Mathlib.AlgebraicTopology.DoldKan.Notations (4.6s)
✔ [5071/8034] Built Mathlib.CategoryTheory.Sites.SheafCohomology.Cech (5.0s)
✔ [5072/8034] Built Mathlib.AlgebraicTopology.SimplicialSet.HornColimits (16s)
✔ [5073/8034] Built Mathlib.Algebra.Category.Ring.Epi (5.5s)
✔ [5074/8034] Built Mathlib.Algebra.Homology.BifunctorFlip (6.5s)
✔ [5075/8034] Built Mathlib.Algebra.Category.ModuleCat.Presheaf.ChangeOfRings (8.9s)
✔ [5076/8034] Built Mathlib.Algebra.Category.ModuleCat.Presheaf.Free (9.9s)
✔ [5077/8034] Built Mathlib.Topology.Algebra.IsUniformGroup.Basic (12s)
✔ [5078/8034] Built Mathlib.Algebra.Category.ModuleCat.Presheaf.Limits (10s)
✔ [5079/8034] Built Mathlib.RingTheory.Morita.Matrix (39s)
✔ [5080/8034] Built Mathlib.RingTheory.AdicCompletion.RingHom (9.5s)
✔ [5081/8034] Built Mathlib.Dynamics.Newton (6.5s)
✔ [5082/8034] Built Mathlib.RingTheory.Bialgebra.MonoidAlgebra (10s)
✔ [5083/8034] Built Mathlib.Algebra.Category.ModuleCat.Presheaf.Colimits (12s)
✔ [5084/8034] Built Mathlib.Analysis.Normed.Group.Basic (19s)
✔ [5085/8034] Built Mathlib.RingTheory.Polynomial.IrreducibleRing (6.0s)
✔ [5086/8034] Built Mathlib.Algebra.Category.ModuleCat.Presheaf.Monoidal (14s)
✔ [5087/8034] Built Mathlib.Topology.Covering (4.1s)
✔ [5088/8034] Built Mathlib.RingTheory.KrullDimension.Basic (6.0s)
✔ [5089/8034] Built Mathlib.RingTheory.Bialgebra.Equiv (16s)
✔ [5090/8034] Built Mathlib.Algebra.Polynomial.RuleOfSigns (52s)
✔ [5091/8034] Built Mathlib.LinearAlgebra.FiniteDimensional.Defs (7.7s)
✔ [5092/8034] Built Mathlib.Algebra.Homology.Refinements (5.3s)
✔ [5093/8034] Built Mathlib.RingTheory.Finiteness.NilpotentKer (17s)
✔ [5094/8034] Built Mathlib.Algebra.Homology.Embedding.RestrictionHomology (7.8s)
✔ [5095/8034] Built Mathlib.LinearAlgebra.FreeModule.ModN (12s)
✔ [5096/8034] Built Mathlib.Topology.Covering.Quotient (10s)
✔ [5097/8034] Built Mathlib.Algebra.Homology.SingleHomology (7.1s)
✔ [5098/8034] Built Mathlib.Algebra.QuadraticAlgebra (4.0s)
✔ [5099/8034] Built Mathlib.LinearAlgebra.Dimension.Constructions (13s)
✔ [5100/8034] Built Mathlib.Algebra.Homology.EulerCharacteristic (6.4s)
✔ [5101/8034] Built Mathlib.Data.ZMod.QuotientRing (6.5s)
✔ [5102/8034] Built Mathlib.Algebra.AffineMonoid.Embedding (5.5s)
✔ [5103/8034] Built Mathlib.Algebra.Homology.LeftResolution.Basic (10s)
✔ [5104/8034] Built Mathlib.Topology.Algebra.ProperAction.AddTorsor (4.7s)
✔ [5105/8034] Built Mathlib.RingTheory.Artinian.Module (15s)
✔ [5106/8034] Built Mathlib.Topology.Algebra.Module.Simple (5.4s)
✔ [5107/8034] Built Mathlib.RingTheory.AdicCompletion.Functoriality (27s)
✔ [5108/8034] Built Mathlib.Topology.Algebra.ClopenNhdofOne (4.9s)
✔ [5109/8034] Built Mathlib.Topology.Algebra.IntermediateField (6.3s)
✔ [5110/8034] Built Mathlib.Algebra.CharP.MixedCharZero (5.9s)
✔ [5111/8034] Built Mathlib.Algebra.QuadraticAlgebra.Basic (12s)
✔ [5112/8034] Built Mathlib.LinearAlgebra.FreeModule.Int (12s)
✔ [5113/8034] Built Mathlib.Topology.Algebra.Order.Field (8.4s)
✔ [5114/8034] Built Mathlib.Topology.Algebra.NonUnitalAlgebra (10s)
✔ [5115/8034] Built Mathlib.Topology.Algebra.LinearTopology (7.0s)
✔ [5116/8034] Built Mathlib.Topology.Algebra.Nonarchimedean.Basic (6.4s)
✔ [5117/8034] Built Mathlib.Topology.Algebra.FilterBasis (11s)
✔ [5118/8034] Built Mathlib.CategoryTheory.Presentable.EssentiallyLarge (5.3s)
✔ [5119/8034] Built Mathlib.CategoryTheory.Presentable.LocallyPresentable (5.1s)
✔ [5120/8034] Built Mathlib.CategoryTheory.Galois.IsFundamentalgroup (8.8s)
✔ [5121/8034] Built Mathlib.CategoryTheory.Subobject.ArtinianObject (5.4s)
✔ [5122/8034] Built Mathlib.CategoryTheory.Galois.EssSurj (12s)
✔ [5123/8034] Built Mathlib.CategoryTheory.Limits.Indization.Category (7.5s)
✔ [5124/8034] Built Mathlib.CategoryTheory.Subobject.NoetherianObject (5.1s)
✔ [5125/8034] Built Mathlib.RingTheory.Henselian (9.1s)
✔ [5126/8034] Built Mathlib.AlgebraicTopology.RelativeCellComplex.Basic (6.3s)
✔ [5127/8034] Built Mathlib.CategoryTheory.Abelian.SerreClass.Basic (4.5s)
✔ [5128/8034] Built Mathlib.CategoryTheory.MorphismProperty.FunctorCategory (5.2s)
✔ [5129/8034] Built Mathlib.Algebra.Homology.Factorizations.Basic (4.5s)
✔ [5130/8034] Built Mathlib.CategoryTheory.Localization.BousfieldTransfiniteComposition (5.3s)
✔ [5131/8034] Built Mathlib.Topology.Sheaves.MayerVietoris (5.3s)
✔ [5132/8034] Built Mathlib.AlgebraicTopology.SimplicialSet.AnodyneExtensions.RankNat (4.9s)
✔ [5133/8034] Built Mathlib.CategoryTheory.SmallObject.TransfiniteIteration (7.8s)
✔ [5134/8034] Built Mathlib.CategoryTheory.Abelian.Projective.Basic (4.8s)
✔ [5135/8034] Built Mathlib.CategoryTheory.Abelian.Injective.Basic (4.0s)
✔ [5136/8034] Built Mathlib.Algebra.Homology.Homotopy (29s)
✔ [5137/8034] Built Mathlib.ModelTheory.Algebra.Field.CharP (5.1s)
✔ [5138/8034] Built Mathlib.CategoryTheory.Abelian.GrothendieckAxioms.Basic (6.4s)
✔ [5139/8034] Built Mathlib.CategoryTheory.SmallObject.TransfiniteCompositionLifting (10s)
✔ [5140/8034] Built Mathlib.Algebra.FreeAlgebra.Cardinality (5.6s)
✔ [5141/8034] Built Mathlib.LinearAlgebra.Matrix.Nondegenerate (6.5s)
✔ [5142/8034] Built Mathlib.RingTheory.MatrixPolynomialAlgebra (6.9s)
✔ [5143/8034] Built Mathlib.CategoryTheory.Sites.EpiMono (6.4s)
✔ [5144/8034] Built Mathlib.NumberTheory.LucasPrimality (5.6s)
✔ [5145/8034] Built Mathlib.Algebra.Homology.BifunctorAssociator (52s)
✔ [5146/8034] Built Mathlib.RingTheory.Polynomial.Bernstein (9.2s)
✔ [5147/8034] Built Mathlib.RingTheory.MvPolynomial.EulerIdentity (7.2s)
✔ [5148/8034] Built Mathlib.Algebra.Homology.ShortComplex.ConcreteCategory (10s)
✔ [5149/8034] Built Mathlib.Algebra.Category.ModuleCat.Sheaf (11s)
✔ [5150/8034] Built Mathlib.RingTheory.RootsOfUnity.Basic (10s)
✔ [5151/8034] Built Mathlib.CategoryTheory.Sites.DenseSubsite.Basic (14s)
✔ [5152/8034] Built Mathlib.AlgebraicTopology.ModelCategory.FibrantObjectHomotopy (8.2s)
✔ [5153/8034] Built Mathlib.AlgebraicTopology.ModelCategory.CofibrantObjectHomotopy (7.7s)
✔ [5154/8034] Built Mathlib.Topology.Algebra.InfiniteSum.Ring (7.5s)
✔ [5155/8034] Built Mathlib.Algebra.MvPolynomial.Nilpotent (9.9s)
✔ [5156/8034] Built Mathlib.Algebra.Polynomial.SpecificDegree (5.7s)
✔ [5157/8034] Built Mathlib.Algebra.Homology.HomologySequence (16s)
✔ [5158/8034] Built Mathlib.CategoryTheory.Abelian.DiagramLemmas.KernelCokernelComp (16s)
✔ [5159/8034] Built Mathlib.Algebra.Polynomial.Homogenize (14s)
✔ [5160/8034] Built Mathlib.RingTheory.Polynomial.Radical (7.2s)
✔ [5161/8034] Built Mathlib.RingTheory.Polynomial.Content (10s)
✔ [5162/8034] Built Mathlib.Algebra.Polynomial.Degree.CardPowDegree (10s)
✔ [5163/8034] Built Mathlib.RingTheory.Adjoin.FGBaseChange (5.4s)
✔ [5164/8034] Built Mathlib.RingTheory.TensorProduct.IsBaseChangePi (8.1s)
✔ [5165/8034] Built Mathlib.RingTheory.MvPolynomial.Localization (8.9s)
✔ [5166/8034] Built Mathlib.RingTheory.MvPolynomial.MonomialOrder (20s)
✔ [5167/8034] Built Mathlib.RingTheory.Adjoin.Tower (7.6s)
✔ [5168/8034] Built Mathlib.RingTheory.IntegralClosure.IsIntegral.Basic (7.5s)
✔ [5169/8034] Built Mathlib.Algebra.QuaternionBasis (14s)
✔ [5170/8034] Built Mathlib.RingTheory.Localization.Algebra (12s)
✔ [5171/8034] Built Mathlib.Topology.Algebra.InfiniteSum.GroupCompletion (5.7s)
✔ [5172/8034] Built Mathlib.AlgebraicTopology.SimplicialSet.KanComplex (5.4s)
✔ [5173/8034] Built Mathlib.Algebra.Polynomial.Splits (19s)
✔ [5174/8034] Built Mathlib.RingTheory.Localization.AsSubring (8.0s)
✔ [5175/8034] Built Mathlib.RingTheory.Polynomial.GaussNorm (6.5s)
✔ [5176/8034] Built Mathlib.CategoryTheory.Triangulated.TStructure.TruncLTGE (9.2s)
✔ [5177/8034] Built Mathlib.RingTheory.TensorProduct.DirectLimitFG (15s)
✔ [5178/8034] Built Mathlib.RingTheory.HahnSeries.Binomial (7.8s)
✔ [5179/8034] Built Mathlib.Topology.Algebra.Equicontinuity (5.7s)
✔ [5180/8034] Built Mathlib.Topology.Algebra.InfiniteSum.UniformOn (8.5s)
✔ [5181/8034] Built Mathlib.AlgebraicTopology.SimplicialCategory.SimplicialObject (5.6s)
✔ [5182/8034] Built Mathlib.RingTheory.Algebraic.Basic (14s)
✔ [5183/8034] Built Mathlib.AlgebraicTopology.SimplicialSet.FiniteProd (5.1s)
✔ [5184/8034] Built Mathlib.AlgebraicTopology.SimplicialSet.KanComplex.MulStruct (5.0s)
✔ [5185/8034] Built Mathlib.Topology.Algebra.Module.LinearMap (55s)
✔ [5186/8034] Built Mathlib.RingTheory.PowerSeries.Inverse (8.8s)
✔ [5187/8034] Built Mathlib.Algebra.Category.Ring.Constructions (24s)
✔ [5188/8034] Built Mathlib.Algebra.DualQuaternion (26s)
✔ [5189/8034] Built Mathlib.RingTheory.Jacobson.Polynomial (6.1s)
✔ [5190/8034] Built Mathlib.Topology.MetricSpace.Sequences (5.3s)
✔ [5191/8034] Built Mathlib.Topology.MetricSpace.Antilipschitz (6.4s)
✔ [5192/8034] Built Mathlib.Topology.MetricSpace.ProperSpace.Lemmas (5.5s)
✔ [5193/8034] Built Mathlib.Topology.Instances.Int (5.8s)
✔ [5194/8034] Built Mathlib.Topology.MetricSpace.Lipschitz (7.5s)
✔ [5195/8034] Built Mathlib.Topology.Bornology.Real (5.7s)
✔ [5196/8034] Built Mathlib.Analysis.BoxIntegral.Box.Basic (8.4s)
✔ [5197/8034] Built Mathlib.AlgebraicTopology.SimplicialNerve (14s)
✔ [5198/8034] Built Mathlib.Geometry.Manifold.StructureGroupoid (8.4s)
✔ [5199/8034] Built Mathlib.Order.Filter.ENNReal (8.5s)
✔ [5200/8034] Built Mathlib.Algebra.Category.ModuleCat.Presheaf.EpiMono (5.8s)
✔ [5201/8034] Built Mathlib.AlgebraicTopology.SimplicialSet.StrictSegal (13s)
✔ [5202/8034] Built Mathlib.Topology.Algebra.Order.ArchimedeanDiscrete (6.8s)
✔ [5203/8034] Built Mathlib.Topology.Algebra.IsUniformGroup.DiscreteSubgroup (7.2s)
✔ [5204/8034] Built Mathlib.Analysis.Normed.Group.Submodule (5.1s)
✔ [5205/8034] Built Mathlib.Analysis.Normed.Group.Indicator (4.8s)
✔ [5206/8034] Built Mathlib.Analysis.Calculus.TangentCone.Defs (5.4s)
✔ [5207/8034] Built Mathlib.RingTheory.HopfAlgebra.MonoidAlgebra (8.8s)
✔ [5208/8034] Built Mathlib.Algebra.Category.ModuleCat.Presheaf.Abelian (8.4s)
✔ [5209/8034] Built Mathlib.Analysis.NormedSpace.Extr (4.6s)
✔ [5210/8034] Built Mathlib.Topology.Algebra.UniformRing (10s)
✔ [5211/8034] Built Mathlib.RingTheory.DividedPowers.SubDPIdeal (11s)
✔ [5212/8034] Built Mathlib.Analysis.Normed.Order.Hom.Basic (5.1s)
✔ [5213/8034] Built Mathlib.Topology.Algebra.Module.StrongDual (4.2s)
✔ [5214/8034] Built Mathlib.Analysis.Normed.Group.Subgroup (5.2s)
✔ [5215/8034] Built Mathlib.Analysis.NormedSpace.SphereNormEquiv (4.0s)
✔ [5216/8034] Built Mathlib.Analysis.NormedSpace.Real (4.1s)
✔ [5217/8034] Built Mathlib.Analysis.NormedSpace.MStructure (4.2s)
✔ [5218/8034] Built Mathlib.InformationTheory.Hamming (6.1s)
✔ [5219/8034] Built Mathlib.Analysis.NormedSpace.Int (4.2s)
✔ [5220/8034] Built Mathlib.Analysis.NormedSpace.IndicatorFunction (4.2s)
✔ [5221/8034] Built Mathlib.Analysis.NormedSpace.ENormedSpace (4.3s)
✔ [5222/8034] Built Mathlib.Analysis.NormedSpace.ConformalLinearMap (4.3s)
✔ [5223/8034] Built Mathlib.Analysis.Normed.Group.Constructions (8.1s)
✔ [5224/8034] Built Mathlib.Analysis.NormedSpace.BallAction (4.4s)
✔ [5225/8034] Built Mathlib.Analysis.Normed.Module.MStructure (8.9s)
✔ [5226/8034] Built Mathlib.Analysis.Normed.Order.Basic (4.2s)
✔ [5227/8034] Built Mathlib.Analysis.Normed.Module.ENormedSpace (4.2s)
✔ [5228/8034] Built Mathlib.Analysis.Normed.Group.CocompactMap (4.6s)
✔ [5229/8034] Built Mathlib.Algebra.Module.FinitePresentation (41s)
✔ [5230/8034] Built Mathlib.Analysis.Normed.Group.Real (5.2s)
✔ [5231/8034] Built Mathlib.RingTheory.KrullDimension.Field (4.9s)
✔ [5232/8034] Built Mathlib.RingTheory.Ideal.NatInt (5.9s)
✔ [5233/8034] Built Mathlib.LinearAlgebra.Basis.MulOpposite (5.1s)
✔ [5234/8034] Built Mathlib.Algebra.Category.ModuleCat.Presheaf.Pushforward (21s)
✔ [5235/8034] Built Mathlib.Algebra.BrauerGroup.Defs (5.9s)
✔ [5236/8034] Built Mathlib.LinearAlgebra.Dimension.Torsion.Basic (5.9s)
✔ [5237/8034] Built Mathlib.RingTheory.Adjoin.Dimension (7.3s)
✔ [5238/8034] Built Mathlib.Algebra.LinearRecurrence (7.8s)
✔ [5239/8034] Built Mathlib.Algebra.Category.ModuleCat.LeftResolution (6.0s)
✔ [5240/8034] Built Mathlib.Algebra.Homology.LeftResolution.Transport (5.4s)
✔ [5241/8034] Built Mathlib.LinearAlgebra.Dimension.ErdosKaplansky (8.7s)
✔ [5242/8034] Built Mathlib.LinearAlgebra.Dimension.FreeAndStrongRankCondition (8.3s)
✔ [5243/8034] Built Mathlib.Algebra.AffineMonoid.UniqueSums (5.6s)
✔ [5244/8034] Built Mathlib.Algebra.Homology.Embedding.Connect (10s)
✔ [5245/8034] Built Mathlib.LinearAlgebra.Dimension.Finite (8.8s)
✔ [5246/8034] Built Mathlib.RingTheory.Artinian.Instances (6.4s)
✔ [5247/8034] Built Mathlib.RingTheory.Artinian.Ring (5.9s)
✔ [5248/8034] Built Mathlib.Algebra.Category.BialgCat.Basic (13s)
✔ [5249/8034] Built Mathlib.RingTheory.FiniteLength (6.5s)
✔ [5250/8034] Built Mathlib.CategoryTheory.Triangulated.Functor (38s)
✔ [5251/8034] Built Mathlib.Topology.Algebra.TopologicallyNilpotent (5.1s)
✔ [5252/8034] Built Mathlib.Topology.Algebra.Nonarchimedean.TotallyDisconnected (5.1s)
✔ [5253/8034] Built Mathlib.Topology.Algebra.UniformFilterBasis (5.1s)
✔ [5254/8034] Built Mathlib.CategoryTheory.Presentable.Adjunction (4.5s)
✔ [5255/8034] Built Mathlib.CategoryTheory.Presentable.Dense (5.7s)
✔ [5256/8034] Built Mathlib.CategoryTheory.Preadditive.Indization (4.4s)
✔ [5257/8034] Built Mathlib.Topology.Algebra.InfiniteSum.Order (8.7s)
✔ [5258/8034] Built Mathlib.Topology.Algebra.Nonarchimedean.Bases (6.0s)
✔ [5259/8034] Built Mathlib.RingTheory.IdealFilter.Topology (7.5s)
✔ [5260/8034] Built Mathlib.CategoryTheory.Presentable.StrongGenerator (6.7s)
✔ [5261/8034] Built Mathlib.CategoryTheory.Noetherian (4.7s)
✔ [5262/8034] Built Mathlib.AlgebraicTopology.SimplicialSet.Monomorphisms (4.7s)
✔ [5263/8034] Built Mathlib.CategoryTheory.Galois.Equivalence (6.6s)
✔ [5264/8034] Built Mathlib.Algebra.Category.Grp.IsFinite (4.8s)
✔ [5265/8034] Built Mathlib.Topology.Algebra.NonUnitalStarAlgebra (10s)
✔ [5266/8034] Built Mathlib.Algebra.Lie.Subalgebra (15s)
✔ [5267/8034] Built Mathlib.RingTheory.Bialgebra.TensorProduct (22s)
✔ [5268/8034] Built Mathlib.CategoryTheory.Abelian.Yoneda (6.6s)
✔ [5269/8034] Built Mathlib.AlgebraicTopology.DoldKan.Homotopies (5.3s)
✔ [5270/8034] Built Mathlib.CategoryTheory.Abelian.GrothendieckAxioms.Types (4.2s)
✔ [5271/8034] Built Mathlib.Algebra.Homology.HomotopyCategory (6.6s)
✔ [5272/8034] Built Mathlib.CategoryTheory.Abelian.GrothendieckAxioms.Colim (6.1s)
✔ [5273/8034] Built Mathlib.CategoryTheory.ObjectProperty.FunctorCategory.PreservesLimits (6.1s)
✔ [5274/8034] Built Mathlib.CategoryTheory.Abelian.GrothendieckAxioms.FunctorCategory (4.7s)
✔ [5275/8034] Built Mathlib.Algebra.Homology.QuasiIso (7.5s)
✔ [5276/8034] Built Mathlib.CategoryTheory.Abelian.GrothendieckAxioms.Connected (6.3s)
✔ [5277/8034] Built Mathlib.Topology.Instances.AddCircle.Defs (17s)
✔ [5278/8034] Built Mathlib.Algebra.Category.Grp.AB (7.7s)
✔ [5279/8034] Built Mathlib.CategoryTheory.Abelian.GrothendieckCategory.Basic (5.0s)
✔ [5280/8034] Built Mathlib.AlgebraicTopology.ExtraDegeneracy (13s)
✔ [5281/8034] Built Mathlib.Algebra.Homology.HomotopyCofiber (14s)
✔ [5282/8034] Built Mathlib.CategoryTheory.Sites.PreservesLocallyBijective (5.1s)
✔ [5283/8034] Built Mathlib.Algebra.Homology.BifunctorHomotopy (15s)
✔ [5284/8034] Built Mathlib.Algebra.Category.ModuleCat.Sheaf.Limits (7.5s)
✔ [5285/8034] Built Mathlib.Topology.Sheaves.SheafCondition.Sites (6.3s)
✔ [5286/8034] Built Mathlib.Algebra.Category.ModuleCat.Sheaf.ChangeOfRings (8.3s)
✔ [5287/8034] Built Mathlib.CategoryTheory.Sites.Point.Basic (12s)
✔ [5288/8034] Built Mathlib.AlgebraicTopology.ModelCategory.DerivabilityStructureFibrant (4.8s)
✔ [5289/8034] Built Mathlib.CategoryTheory.SmallObject.IsCardinalForSmallObjectArgument (12s)
✔ [5290/8034] Built Mathlib.Algebra.Homology.Monoidal (12s)
✔ [5291/8034] Built Mathlib.AlgebraicTopology.ModelCategory.DerivabilityStructureCofibrant (4.7s)
✔ [5292/8034] Built Mathlib.Algebra.Homology.HomotopyCategory.HomComplex (21s)
✔ [5293/8034] Built Mathlib.CategoryTheory.Abelian.SerreClass.MorphismProperty (6.6s)
✔ [5294/8034] Built Mathlib.RingTheory.RootsOfUnity.PrimitiveRoots (13s)
✔ [5295/8034] Built Mathlib.Algebra.Homology.ShortComplex.ModuleCat (15s)
✔ [5296/8034] Built Mathlib.Algebra.Homology.ConcreteCategory (7.9s)
✔ [5297/8034] Built Mathlib.NumberTheory.FLT.MasonStothers (6.7s)
✔ [5298/8034] Built Mathlib.Algebra.MvPolynomial.Expand (8.0s)
✔ [5299/8034] Built Mathlib.RingTheory.Polynomial.UniqueFactorization (7.1s)
✔ [5300/8034] Built Mathlib.LinearAlgebra.Matrix.SpecialLinearGroup (15s)
✔ [5301/8034] Built Mathlib.CategoryTheory.Sites.DenseSubsite.SheafEquiv (14s)
✔ [5302/8034] Built Mathlib.RingTheory.Polynomial.Eisenstein.Criterion (7.3s)
✔ [5303/8034] Built Mathlib.RingTheory.TensorProduct.IsBaseChangeFree (6.9s)
✔ [5304/8034] Built Mathlib.RingTheory.Polynomial.ContentIdeal (8.1s)
✔ [5305/8034] Built Mathlib.AlgebraicTopology.ModelCategory.BifibrantObjectHomotopy (11s)
✔ [5306/8034] Built Mathlib.CategoryTheory.Sites.DenseSubsite.OneHypercoverDense (17s)
✔ [5307/8034] Built Mathlib.RingTheory.MvPolynomial.MonomialOrder.DegLex (4.9s)
✔ [5308/8034] Built Mathlib.RingTheory.Artinian.Algebra (5.4s)
✔ [5309/8034] Built Mathlib.AlgebraicTopology.Quasicategory.Basic (4.3s)
✔ [5310/8034] Built Mathlib.Analysis.Complex.IsIntegral (5.2s)
✔ [5311/8034] Built Mathlib.RingTheory.MvPolynomial.Groebner (10s)
✔ [5312/8034] Built Mathlib.FieldTheory.Minpoly.Basic (6.6s)
✔ [5313/8034] Built Mathlib.RingTheory.Polynomial.Vieta (6.9s)
✔ [5314/8034] Built Mathlib.Algebra.AlgebraicCard (5.9s)
✔ [5315/8034] Built Mathlib.RingTheory.Polynomial.ScaleRoots (7.5s)
✔ [5316/8034] Built Mathlib.Topology.Algebra.LinearMapCompletion (6.5s)
✔ [5317/8034] Built Mathlib.Analysis.Convex.Exposed (6.7s)
✔ [5318/8034] Built Mathlib.RingTheory.Algebraic.MvPolynomial (8.8s)
✔ [5319/8034] Built Mathlib.Algebra.CubicDiscriminant (10s)
✔ [5320/8034] Built Mathlib.RingTheory.MvPolynomial.Ideal (13s)
✔ [5321/8034] Built Mathlib.Topology.Algebra.Module.WeakBilin (7.0s)
✔ [5322/8034] Built Mathlib.Topology.Algebra.Module.PerfectPairing (8.9s)
✔ [5323/8034] Built Mathlib.RingTheory.FiniteType (16s)
✔ [5324/8034] Built Mathlib.RingTheory.Polynomial.Morse (17s)
✔ [5325/8034] Built Mathlib.Topology.Algebra.Module.ClosedSubmodule (10s)
✔ [5326/8034] Built Mathlib.RingTheory.PowerSeries.Ideal (9.0s)
✔ [5327/8034] Built Mathlib.Topology.MetricSpace.ShrinkingLemma (5.7s)
✔ [5328/8034] Built Mathlib.Topology.MetricSpace.MetricSeparated (6.3s)
✔ [5329/8034] Built Mathlib.Topology.Algebra.Algebra (16s)
✔ [5330/8034] Built Mathlib.RingTheory.RingHomProperties (9.1s)
✔ [5331/8034] Built Mathlib.Topology.Instances.Nat (5.9s)
✔ [5332/8034] Built Mathlib.Topology.Algebra.SeparationQuotient.Basic (12s)
✔ [5333/8034] Built Mathlib.RingTheory.LocalProperties.Exactness (22s)
✔ [5334/8034] Built Mathlib.Algebra.Category.Ring.Topology (10s)
✔ [5335/8034] Built Mathlib.Topology.Algebra.Module.LinearMapPiProd (13s)
✔ [5336/8034] Built Mathlib.Topology.MetricSpace.Isometry (10s)
✔ [5337/8034] Built Mathlib.Topology.MetricSpace.Bilipschitz (5.2s)
✔ [5338/8034] Built Mathlib.Algebra.Category.Ring.Under.Basic (12s)
✔ [5339/8034] Built Mathlib.Topology.Algebra.Ring.Real (5.5s)
✔ [5340/8034] Built Mathlib.Topology.Algebra.Nonarchimedean.Completion (5.3s)
✔ [5341/8034] Built Mathlib.Topology.Algebra.MetricSpace.Lipschitz (8.1s)
✔ [5342/8034] Built Mathlib.Analysis.Normed.Order.Hom.Ultra (5.1s)
✔ [5343/8034] Built Mathlib.Algebra.Module.Presentation.Finite (5.7s)
✔ [5344/8034] Built Mathlib.Analysis.Normed.Group.Int (5.7s)
✔ [5345/8034] Built Mathlib.Topology.Algebra.UniformField (6.7s)
✔ [5346/8034] Built Mathlib.Analysis.Calculus.TangentCone.Basic (7.6s)
✔ [5347/8034] Built Mathlib.Analysis.BoxIntegral.Partition.Basic (8.9s)
✔ [5348/8034] Built Mathlib.Algebra.Category.ModuleCat.Presheaf.Generator (7.9s)
✔ [5349/8034] Built Mathlib.RingTheory.Valuation.ValuationSubring (27s)
✔ [5350/8034] Built Mathlib.NumberTheory.FrobeniusNumber (7.5s)
✔ [5351/8034] Built Mathlib.Algebra.Homology.LeftResolution.Reduced (8.0s)
✔ [5352/8034] Built Mathlib.AlgebraicTopology.SimplicialSet.Coskeletal (10s)
✔ [5353/8034] Built Mathlib.Topology.ContinuousMap.Algebra (26s)
✔ [5354/8034] Built Mathlib.FieldTheory.Finiteness (5.6s)
✔ [5355/8034] Built Mathlib.LinearAlgebra.Dimension.Torsion.Finite (5.8s)
✔ [5356/8034] Built Mathlib.LinearAlgebra.Dimension.RankNullity (9.6s)
✔ [5357/8034] Built Mathlib.CategoryTheory.ObjectProperty.Ind (5.2s)
✔ [5358/8034] Built Mathlib.CategoryTheory.Localization.Triangulated (7.6s)
✔ [5359/8034] Built Mathlib.CategoryTheory.Generator.Indization (5.5s)
✔ [5360/8034] Built Mathlib.RingTheory.MvPowerSeries.PiTopology (8.1s)
✔ [5361/8034] Built Mathlib.Analysis.NormedSpace.FunctionSeries (5.6s)
✔ [5362/8034] Built Mathlib.RingTheory.Length (9.6s)
✔ [5363/8034] Built Mathlib.Topology.Algebra.Nonarchimedean.AdicTopology (7.3s)
✔ [5364/8034] Built Mathlib.Analysis.NormedSpace.Pointwise (5.5s)
✔ [5365/8034] Built Mathlib.Algebra.Category.HopfAlgCat.Basic (11s)
✔ [5366/8034] Built Mathlib.Topology.Compactness.HilbertCubeEmbedding (5.3s)
✔ [5367/8034] Built Mathlib.NumberTheory.TsumDivsorsAntidiagonal (5.3s)
✔ [5368/8034] Built Mathlib.Analysis.NormedSpace.RieszLemma (5.2s)
✔ [5369/8034] Built Mathlib.Analysis.NormedSpace.Connected (5.0s)
✔ [5370/8034] Built Mathlib.CategoryTheory.Presentable.OrthogonalReflection (12s)
✔ [5371/8034] Built Mathlib.LinearAlgebra.FiniteDimensional.Basic (15s)
✔ [5372/8034] Built Mathlib.Data.Real.Hyperreal (4.8s)
✔ [5373/8034] Built Mathlib.Data.Real.Cardinality (4.0s)
✔ [5374/8034] Built Mathlib.LinearAlgebra.Dimension.OrzechProperty (15s)
✔ [5375/8034] Built Mathlib.Data.Complex.FiniteDimensional (4.6s)
✔ [5376/8034] Built Mathlib.Data.Complex.Cardinality (4.7s)
✔ [5377/8034] Built Mathlib.Algebra.ArithmeticGeometric (4.0s)
✔ [5378/8034] Built Mathlib.RingTheory.SimpleModule.WedderburnArtin (16s)
✔ [5379/8034] Built Mathlib.CategoryTheory.Abelian.Indization (13s)
✔ [5380/8034] Built Mathlib.Topology.Semicontinuous (4.4s)
✔ [5381/8034] Built Mathlib.CategoryTheory.Presentable.Presheaf (5.4s)
✔ [5382/8034] Built Mathlib.Analysis.Normed.Ring.Basic (25s)
✔ [5383/8034] Built Mathlib.Algebra.Homology.Functor (5.4s)
✔ [5384/8034] Built Mathlib.CategoryTheory.Preadditive.Injective.Resolution (6.7s)
✔ [5385/8034] Built Mathlib.Topology.Covering.AddCircle (6.2s)
✔ [5386/8034] Built Mathlib.CategoryTheory.Triangulated.SpectralObject (22s)
✔ [5387/8034] Built Mathlib.CategoryTheory.Preadditive.Projective.Resolution (7.1s)
✔ [5388/8034] Built Mathlib.AlgebraicTopology.DoldKan.Faces (9.4s)
✔ [5389/8034] Built Mathlib.Algebra.Homology.HomologySequenceLemmas (9.1s)
✔ [5390/8034] Built Mathlib.CategoryTheory.Abelian.GrothendieckCategory.Monomorphisms (4.9s)
✔ [5391/8034] Built Mathlib.RingTheory.HopfAlgebra.TensorProduct (10s)
✔ [5392/8034] Built Mathlib.Algebra.Category.ModuleCat.AB (7.1s)
✔ [5393/8034] Built Mathlib.Algebra.Homology.GrothendieckAbelian (4.7s)
✔ [5394/8034] Built Mathlib.Algebra.Homology.HomotopyCategory.Shift (12s)
✔ [5395/8034] Built Mathlib.Algebra.Homology.Opposite (12s)
✔ [5396/8034] Built Mathlib.Topology.Sheaves.PUnit (4.6s)
✔ [5397/8034] Built Mathlib.CategoryTheory.Abelian.GrothendieckCategory.Subobject (9.6s)
✔ [5398/8034] Built Mathlib.CategoryTheory.SmallObject.Basic (4.2s)
✔ [5399/8034] Built Mathlib.Algebra.Homology.HomotopyCategory.HomComplexInduction (4.9s)
✔ [5400/8034] Built Mathlib.CategoryTheory.Sites.Point.Category (5.8s)
✔ [5401/8034] Built Mathlib.Algebra.Homology.AlternatingConst (7.8s)
✔ [5402/8034] Built Mathlib.Algebra.Homology.Localization (7.0s)
✔ [5403/8034] Built Mathlib.Algebra.Module.CharacterModule (14s)
✔ [5404/8034] Built Mathlib.Topology.Sheaves.SheafCondition.OpensLeCover (7.4s)
✔ [5405/8034] Built Mathlib.Topology.Sheaves.Functors (8.8s)
✔ [5406/8034] Built Mathlib.CategoryTheory.Abelian.SerreClass.Bousfield (4.7s)
✔ [5407/8034] Built Mathlib.RingTheory.RootsOfUnity.EnoughRootsOfUnity (5.2s)
✔ [5408/8034] Built Mathlib.RingTheory.RootsOfUnity.CyclotomicUnits (7.1s)
✔ [5409/8034] Built Mathlib.RingTheory.Regular.Category (5.7s)
✔ [5410/8034] Built Mathlib.Algebra.Category.ModuleCat.Free (7.5s)
✔ [5411/8034] Built Mathlib.Algebra.Category.ModuleCat.Ulift (7.1s)
✔ [5412/8034] Built Mathlib.RingTheory.MvPolynomial.Expand (5.5s)
✔ [5413/8034] Built Mathlib.LinearAlgebra.Matrix.ProjectiveSpecialLinearGroup (5.7s)
✔ [5414/8034] Built Mathlib.Algebra.Category.ModuleCat.Localization (9.3s)
✔ [5415/8034] Built Mathlib.RingTheory.WittVector.WittPolynomial (8.1s)
✔ [5416/8034] Built Mathlib.Algebra.Category.ModuleCat.Biproducts (11s)
✔ [5417/8034] Built Mathlib.Algebra.Lie.Submodule (25s)
✔ [5418/8034] Built Mathlib.CategoryTheory.Sites.DenseSubsite.InducedTopology (5.7s)
✔ [5419/8034] Built Mathlib.CategoryTheory.Sites.ConstantSheaf (7.5s)
✔ [5420/8034] Built Mathlib.NumberTheory.FLT.Polynomial (11s)
✔ [5421/8034] Built Mathlib.LinearAlgebra.Matrix.FixedDetMatrices (10s)
✔ [5422/8034] Built Mathlib.Algebra.MvPolynomial.NoZeroDivisors (7.5s)
✔ [5423/8034] Built Mathlib.AlgebraicTopology.Quasicategory.StrictSegal (7.2s)
✔ [5424/8034] Built Mathlib.RingTheory.Polynomial.Eisenstein.Basic (6.4s)
✔ [5425/8034] Built Mathlib.RingTheory.Polynomial.SmallDegreeVieta (7.5s)
✔ [5426/8034] Built Mathlib.Combinatorics.Nullstellensatz (8.2s)
✔ [5427/8034] Built Mathlib.RingTheory.Finiteness.Small (6.0s)
✔ [5428/8034] Built Mathlib.RingTheory.Polynomial.IntegralNormalization (7.9s)
✔ [5429/8034] Built Mathlib.Algebra.Homology.HomotopyCategory.MappingCone (21s)
✔ [5430/8034] Built Mathlib.Algebra.Category.ModuleCat.Presheaf.Sheafify (23s)
✔ [5431/8034] Built Mathlib.RingTheory.Localization.InvSubmonoid (6.4s)
✔ [5432/8034] Built Mathlib.AlgebraicGeometry.EllipticCurve.Weierstrass (9.3s)
✔ [5433/8034] Built Mathlib.RingTheory.AlgebraicIndependent.Transcendental (10s)
✔ [5434/8034] Built Mathlib.RingTheory.Finiteness.Quotient (6.6s)
✔ [5435/8034] Built Mathlib.RingTheory.ReesAlgebra (7.0s)
✔ [5436/8034] Built Mathlib.Topology.Algebra.Module.WeakDual (10s)
✔ [5437/8034] Built Mathlib.LinearAlgebra.FreeModule.StrongRankCondition (5.5s)
✔ [5438/8034] Built Mathlib.RingTheory.GradedAlgebra.FiniteType (8.1s)
✔ [5439/8034] Built Mathlib.Algebra.Category.BialgCat.Monoidal (38s)
✔ [5440/8034] Built Mathlib.Topology.Instances.PNat (5.7s)
✔ [5441/8034] Built Mathlib.RingTheory.RingHom.Injective (6.1s)
✔ [5442/8034] Built Mathlib.Topology.Algebra.SeparationQuotient.Section (7.2s)
✔ [5443/8034] Built Mathlib.RingTheory.FinitePresentation (11s)
✔ [5444/8034] Built Mathlib.Topology.Algebra.SeparationQuotient.Hom (6.2s)
✔ [5445/8034] Built Mathlib.Analysis.Convex.Cone.Basic (9.5s)
✔ [5446/8034] Built Mathlib.Topology.Algebra.SeparationQuotient.FiniteDimensional (5.0s)
✔ [5447/8034] Built Mathlib.RingTheory.EssentialFiniteness (11s)
✔ [5448/8034] Built Mathlib.Topology.Instances.TrivSqZeroExt (8.1s)
✔ [5449/8034] Built Mathlib.Topology.MetricSpace.ProperSpace.Real (4.8s)
✔ [5450/8034] Built Mathlib.Topology.Algebra.StarSubalgebra (11s)
✔ [5451/8034] Built Mathlib.RingTheory.PolynomialLaw.Basic (19s)
✔ [5452/8034] Built Mathlib.Topology.MetricSpace.Dilation (8.1s)
✔ [5453/8034] Built Mathlib.Topology.Instances.ZMultiples (5.7s)
✔ [5454/8034] Built Mathlib.Topology.Instances.NNReal.Lemmas (6.7s)
✔ [5455/8034] Built Mathlib.Topology.MetricSpace.Algebra (13s)
✔ [5456/8034] Built Mathlib.Topology.Instances.Rat (6.6s)
✔ [5457/8034] Built Mathlib.Topology.MetricSpace.Gluing (7.7s)
✔ [5458/8034] Built Mathlib.Analysis.Subadditive (5.6s)
✔ [5459/8034] Built Mathlib.Analysis.Normed.Group.Continuity (8.8s)
✔ [5460/8034] Built Mathlib.Topology.Instances.Real.Lemmas (6.0s)
✔ [5461/8034] Built Mathlib.Topology.Algebra.InfiniteSum.Nonarchimedean (6.1s)
✔ [5462/8034] Built Mathlib.Algebra.Category.CommAlgCat.Basic (11s)
✔ [5463/8034] Built Mathlib.Analysis.Calculus.TangentCone.Prod (5.8s)
✔ [5464/8034] Built Mathlib.Analysis.Calculus.TangentCone.Pi (5.6s)
✔ [5465/8034] Built Mathlib.Analysis.BoxIntegral.Partition.Split (6.2s)
✔ [5466/8034] Built Mathlib.RingTheory.Valuation.RamificationGroup (5.5s)
✔ [5467/8034] Built Mathlib.Algebra.Category.ModuleCat.Presheaf.Pullback (8.1s)
✔ [5468/8034] Built Mathlib.Analysis.BoxIntegral.Partition.Tagged (8.2s)
✔ [5469/8034] Built Mathlib.Topology.UnitInterval (11s)
✔ [5470/8034] Built Mathlib.Topology.Algebra.Module.Multilinear.Basic (20s)
✔ [5471/8034] Built Mathlib.Topology.Algebra.Valued.ValuationTopology (7.0s)
✔ [5472/8034] Built Mathlib.Topology.MetricSpace.IsometricSMul (18s)
✔ [5473/8034] Built Mathlib.Topology.ContinuousMap.LocallyConstant (5.8s)
✔ [5474/8034] Built Mathlib.Topology.Algebra.ContinuousAffineMap (22s)
✔ [5475/8034] Built Mathlib.Topology.ContinuousMap.Lattice (5.2s)
✔ [5476/8034] Built Mathlib.Topology.Algebra.Group.CompactOpen (8.3s)
✔ [5477/8034] Built Mathlib.Topology.ContinuousMap.Star (7.1s)
✔ [5478/8034] Built Mathlib.Topology.UniformSpace.ProdApproximation (5.1s)
✔ [5479/8034] Built Mathlib.RingTheory.MvPowerSeries.LinearTopology (6.5s)
✔ [5480/8034] Built Mathlib.RingTheory.Valuation.Extension (13s)
✔ [5481/8034] Built Mathlib.CategoryTheory.Abelian.GrothendieckAxioms.Indization (4.3s)
✔ [5482/8034] Built Mathlib.RingTheory.PowerSeries.PiTopology (6.3s)
✔ [5483/8034] Built Mathlib.RingTheory.AdicCompletion.Topology (6.3s)
✔ [5484/8034] Built Mathlib.RingTheory.MvPowerSeries.Evaluation (8.3s)
✔ [5485/8034] Built Mathlib.LinearAlgebra.Dimension.DivisionRing (8.0s)
✔ [5486/8034] Built Mathlib.AlgebraicTopology.SimplicialSet.Presentable (5.1s)
✔ [5487/8034] Built Mathlib.CategoryTheory.MorphismProperty.Ind (9.6s)
✔ [5488/8034] Built Mathlib.Topology.Algebra.IsOpenUnits (7.7s)
✔ [5489/8034] Built Mathlib.LinearAlgebra.Projectivization.Basic (7.5s)
✔ [5490/8034] Built Mathlib.Analysis.Normed.Ring.Finite (4.8s)
✔ [5491/8034] Built Mathlib.Analysis.Normed.Ring.TransferInstance (4.7s)
✔ [5492/8034] Built Mathlib.Analysis.Normed.Ring.WithAbs (5.5s)
✔ [5493/8034] Built Mathlib.CategoryTheory.Triangulated.Subcategory (13s)
✔ [5494/8034] Built Mathlib.Algebra.Homology.Embedding.IsSupported (5.2s)
✔ [5495/8034] Built Mathlib.LinearAlgebra.Matrix.NonsingularInverse (11s)
✔ [5496/8034] Built Mathlib.AlgebraicTopology.DoldKan.Projections (6.5s)
✔ [5497/8034] Built Mathlib.CategoryTheory.Abelian.Projective.Resolution (8.8s)
✔ [5498/8034] Built Mathlib.CategoryTheory.Abelian.Injective.Resolution (9.1s)
✔ [5499/8034] Built Mathlib.Topology.Algebra.Module.Equiv (37s)
✔ [5500/8034] Built Mathlib.Algebra.Homology.HomotopyCategory.SingleFunctors (7.1s)
✔ [5501/8034] Built Mathlib.Analysis.Normed.Field.Basic (12s)
✔ [5502/8034] Built Mathlib.Algebra.Category.Grp.EnoughInjectives (4.0s)
✔ [5503/8034] Built Mathlib.Algebra.Homology.HomotopyCategory.ShiftSequence (9.0s)
✔ [5504/8034] Built Mathlib.Algebra.Category.Grp.LargeColimits (5.7s)
✔ [5505/8034] Built Mathlib.Algebra.Homology.CochainComplexOpposite (11s)
✔ [5506/8034] Built Mathlib.AlgebraicTopology.SimplicialSet.HomotopyCat (27s)
✔ [5507/8034] Built Mathlib.Topology.Sheaves.Alexandrov (7.7s)
✔ [5508/8034] Built Mathlib.CategoryTheory.Abelian.GrothendieckCategory.ColimCoyoneda (8.0s)
✔ [5509/8034] Built Mathlib.AlgebraicTopology.Quasicategory.Nerve (4.1s)
✔ [5510/8034] Built Mathlib.CategoryTheory.Sites.GlobalSections (6.1s)
✔ [5511/8034] Built Mathlib.CategoryTheory.Sites.Coherent.SheafComparison (6.7s)
✔ [5512/8034] Built Mathlib.RingTheory.Polynomial.Eisenstein.Distinguished (5.7s)
✔ [5513/8034] Built Mathlib.Topology.ContinuousMap.Periodic (30s)
✔ [5514/8034] Built Mathlib.AlgebraicGeometry.EllipticCurve.ModelsWithJ (6.4s)
✔ [5515/8034] Built Mathlib.Algebra.Homology.HomotopyCategory.HomComplexShift (18s)
✔ [5516/8034] Built Mathlib.Algebra.Lie.Ideal (11s)
✔ [5517/8034] Built Mathlib.Algebra.Homology.TotalComplexShift (17s)
✔ [5518/8034] Built Mathlib.CategoryTheory.Sites.Equivalence (10s)
✔ [5519/8034] Built Mathlib.Topology.Sheaves.SheafCondition.PairwiseIntersections (16s)
✔ [5520/8034] Built Mathlib.Algebra.Lie.OfAssociative (13s)
✔ [5521/8034] Built Mathlib.RingTheory.MvPolynomial (4.0s)
✔ [5522/8034] Built Mathlib.Algebra.Algebra.Subalgebra.IsSimpleOrder (6.2s)
✔ [5523/8034] Built Mathlib.RingTheory.MvPolynomial.IrreducibleQuadratic (12s)
✔ [5524/8034] Built Mathlib.Topology.Algebra.Module.CharacterSpace (9.2s)
✔ [5525/8034] Built Mathlib.LinearAlgebra.FreeAlgebra (5.4s)
✔ [5526/8034] Built Mathlib.RingTheory.LocalRing.Quotient (8.7s)
✔ [5527/8034] Built Mathlib.Algebra.Category.ModuleCat.Presheaf.Sheafification (13s)
✔ [5528/8034] Built Mathlib.RingTheory.Filtration (11s)
✔ [5529/8034] Built Mathlib.RingTheory.Flat.Basic (15s)
✔ [5530/8034] Built Mathlib.LinearAlgebra.FreeModule.Finite.Quotient (8.4s)
✔ [5531/8034] Built Mathlib.LinearAlgebra.FreeModule.Finite.Matrix (7.7s)
✔ [5532/8034] Built Mathlib.RingTheory.Localization.Submodule (6.2s)
✔ [5533/8034] Built Mathlib.AlgebraicGeometry.EllipticCurve.VariableChange (16s)
✔ [5534/8034] Built Mathlib.Topology.MetricSpace.Congruence (4.6s)
✔ [5535/8034] Built Mathlib.Topology.MetricSpace.DilationEquiv (6.2s)
✔ [5536/8034] Built Mathlib.Analysis.Real.Spectrum (6.4s)
✔ [5537/8034] Built Mathlib.Algebra.Category.HopfAlgCat.Monoidal (12s)
✔ [5538/8034] Built Mathlib.Analysis.Normed.Group.Rat (5.0s)
✔ [5539/8034] Built Mathlib.Topology.MetricSpace.Completion (6.4s)
✔ [5540/8034] Built Mathlib.Topology.UniformSpace.CompareReals (5.7s)
✔ [5541/8034] Built Mathlib.RingTheory.LocalProperties.Projective (16s)
✔ [5542/8034] Built Mathlib.Topology.Algebra.InfiniteSum.Field (5.5s)
✔ [5543/8034] Built Mathlib.Topology.Metrizable.CompletelyMetrizable (6.6s)
✔ [5544/8034] Built Mathlib.Data.Real.Sqrt (9.1s)
✔ [5545/8034] Built Mathlib.Algebra.Category.Ring.FinitePresentation (14s)
✔ [5546/8034] Built Mathlib.Topology.Instances.ENNReal.Lemmas (11s)
✔ [5547/8034] Built Mathlib.Algebra.Algebra.Subalgebra.Rank (18s)
✔ [5548/8034] Built Mathlib.RingTheory.FiniteStability (15s)
✔ [5549/8034] Built Mathlib.Analysis.Normed.Group.Bounded (7.3s)
✔ [5550/8034] Built Mathlib.Topology.Algebra.Valued.WithZeroMulInt (5.1s)
✔ [5551/8034] Built Mathlib.Algebra.Category.CommAlgCat.FiniteType (7.9s)
✔ [5552/8034] Built Mathlib.Topology.Algebra.AffineSubspace (5.1s)
✔ [5553/8034] Built Mathlib.Analysis.Normed.Group.AddTorsor (6.6s)
✔ [5554/8034] Built Mathlib.Topology.Algebra.Valued.ValuativeRel (8.9s)
✔ [5555/8034] Built Mathlib.RingTheory.LocalRing.ResidueField.Ideal (20s)
✔ [5556/8034] Built Mathlib.RingTheory.PowerSeries.Evaluation (7.5s)
✔ [5557/8034] Built Mathlib.LinearAlgebra.Dimension.LinearMap (7.4s)
✔ [5558/8034] Built Mathlib.Topology.Algebra.Valued.ValuedField (11s)
✔ [5559/8034] Built Mathlib.Analysis.Normed.Group.Uniform (13s)
✔ [5560/8034] Built Mathlib.Topology.Path (16s)
✔ [5561/8034] Built Mathlib.LinearAlgebra.Projectivization.Independence (6.3s)
✔ [5562/8034] Built Mathlib.LinearAlgebra.Projectivization.Cardinality (8.1s)
✔ [5563/8034] Built Mathlib.LinearAlgebra.Projectivization.Action (6.7s)
✔ [5564/8034] Built Mathlib.Topology.Homotopy.Basic (18s)
✔ [5565/8034] Built Mathlib.LinearAlgebra.Projectivization.Constructions (9.9s)
✔ [5566/8034] Built Mathlib.LinearAlgebra.FiniteDimensional.Lemmas (10s)
✔ [5567/8034] Built Mathlib.CategoryTheory.Triangulated.Orthogonal (6.0s)
✔ [5568/8034] Built Mathlib.RingTheory.MvPowerSeries.Substitution (15s)
✔ [5569/8034] Built Mathlib.LinearAlgebra.Projectivization.Subspace (9.2s)
✔ [5570/8034] Built Mathlib.CategoryTheory.Triangulated.HomologicalFunctor (9.2s)
✔ [5571/8034] Built Mathlib.Combinatorics.Enumerative.Partition.GenFun (17s)
✔ [5572/8034] Built Mathlib.RingTheory.GradedAlgebra.HomogeneousLocalization (35s)
✔ [5573/8034] Built Mathlib.LinearAlgebra.AffineSpace.Matrix (6.2s)
✔ [5574/8034] Built Mathlib.Algebra.Homology.Embedding.Extend (8.7s)
✔ [5575/8034] Built Mathlib.LinearAlgebra.Matrix.BaseChange (6.7s)
✔ [5576/8034] Built Mathlib.LinearAlgebra.Matrix.Block (8.1s)
✔ [5577/8034] Built Mathlib.LinearAlgebra.SymplecticGroup (6.7s)
✔ [5578/8034] Built Mathlib.LinearAlgebra.Matrix.ZPow (7.2s)
✔ [5579/8034] Built Mathlib.AlgebraicTopology.DoldKan.PInfty (7.4s)
✔ [5580/8034] Built Mathlib.LinearAlgebra.UnitaryGroup (10s)
✔ [5581/8034] Built Mathlib.Analysis.Convex.ContinuousLinearEquiv (4.8s)
✔ [5582/8034] Built Mathlib.CategoryTheory.Abelian.LeftDerived (9.7s)
✔ [5583/8034] Built Mathlib.LinearAlgebra.Dimension.Localization (22s)
✔ [5584/8034] Built Mathlib.LinearAlgebra.Matrix.GeneralLinearGroup.Defs (11s)
✔ [5585/8034] Built Mathlib.Topology.Algebra.InfiniteSum.Module (7.8s)
✔ [5586/8034] Built Mathlib.Topology.Algebra.Algebra.Equiv (9.2s)
✔ [5587/8034] Built Mathlib.Topology.Algebra.Module.TransferInstance (4.0s)
✔ [5588/8034] Built Mathlib.Analysis.CStarAlgebra.Module.Synonym (7.0s)
✔ [5589/8034] Built Mathlib.Topology.Algebra.Module.LinearPMap (8.5s)
✔ [5590/8034] Built Mathlib.CategoryTheory.Abelian.RightDerived (10s)
✔ [5591/8034] Built Mathlib.Topology.Algebra.Module.Star (6.9s)
✔ [5592/8034] Built Mathlib.LinearAlgebra.Matrix.SchurComplement (15s)
✔ [5593/8034] Built Mathlib.Analysis.Fourier.Notation (6.7s)
✔ [5594/8034] Built Mathlib.Analysis.Normed.Field.TransferInstance (4.2s)
✔ [5595/8034] Built Mathlib.Topology.Instances.RealVectorSpace (5.7s)
✔ [5596/8034] Built Mathlib.Topology.MetricSpace.CauSeqFilter (4.3s)
✔ [5597/8034] Built Mathlib.Algebra.Category.ModuleCat.EnoughInjectives (4.0s)
✔ [5598/8034] Built Mathlib.Analysis.Polynomial.CauchyBound (9.0s)
✔ [5599/8034] Built Mathlib.CategoryTheory.Sites.Coherent.LocallySurjective (5.3s)
✔ [5600/8034] Built Mathlib.Topology.Algebra.ContinuousAffineEquiv (13s)
✔ [5601/8034] Built Mathlib.Algebra.Category.Grp.Ulift (6.0s)
✔ [5602/8034] Built Mathlib.Analysis.Normed.MulAction (8.4s)
✔ [5603/8034] Built Mathlib.Topology.Algebra.Module.ModuleTopology (11s)
✔ [5604/8034] Built Mathlib.Topology.Algebra.Module.Alternating.Basic (19s)
✔ [5605/8034] Built Mathlib.CategoryTheory.Abelian.GrothendieckAxioms.Sheaf (5.5s)
✔ [5606/8034] Built Mathlib.Algebra.Homology.HomotopyCategory.HomComplexCohomology (9.6s)
✔ [5607/8034] Built Mathlib.CategoryTheory.Sites.Coherent.Equivalence (6.9s)
✔ [5608/8034] Built Mathlib.Algebra.Lie.IdealOperations (9.5s)
✔ [5609/8034] Built Mathlib.Topology.Sheaves.SheafCondition.UniqueGluing (6.9s)
✔ [5610/8034] Built Mathlib.CategoryTheory.Abelian.GrothendieckCategory.EnoughInjectives (15s)
✔ [5611/8034] Built Mathlib.CategoryTheory.Sites.Over (9.0s)
✔ [5612/8034] Built Mathlib.RingTheory.PowerSeries.WeierstrassPreparation (17s)
✔ [5613/8034] Built Mathlib.RingTheory.Derivation.Lie (7.0s)
✔ [5614/8034] Built Mathlib.Algebra.Lie.UniversalEnveloping (6.8s)
✔ [5615/8034] Built Mathlib.Algebra.Lie.Quotient (9.4s)
✔ [5616/8034] Built Mathlib.Analysis.Asymptotics.Defs (23s)
✔ [5617/8034] Built Mathlib.Algebra.Lie.DirectSum (10s)
✔ [5618/8034] Built Mathlib.LinearAlgebra.SymmetricAlgebra.Basis (5.9s)
✔ [5619/8034] Built Mathlib.FieldTheory.MvRatFunc.Rank (6.0s)
✔ [5620/8034] Built Mathlib.Algebra.Homology.HomotopyCategory.Pretriangulated (21s)
✔ [5621/8034] Built Mathlib.LinearAlgebra.TensorAlgebra.Basis (5.4s)
✔ [5622/8034] Built Mathlib.Algebra.Jordan.Basic (10s)
✔ [5623/8034] Built Mathlib.Algebra.Category.ModuleCat.Sheaf.Abelian (4.7s)
✔ [5624/8034] Built Mathlib.RingTheory.AdicCompletion.Noetherian (4.5s)
✔ [5625/8034] Built Mathlib.Topology.Sheaves.SheafCondition.EqualizerProducts (18s)
✔ [5626/8034] Built Mathlib.Algebra.Lie.Derivation.Basic (15s)
✔ [5627/8034] Built Mathlib.RingTheory.Flat.Tensor (6.3s)
✔ [5628/8034] Built Mathlib.Algebra.Central.TensorProduct (5.6s)
✔ [5629/8034] Built Mathlib.RingTheory.Flat.Stability (5.7s)
✔ [5630/8034] Built Mathlib.LinearAlgebra.Span.TensorProduct (8.9s)
✔ [5631/8034] Built Mathlib.RingTheory.Flat.CategoryTheory (5.9s)
✔ [5632/8034] Built Mathlib.Algebra.Category.ModuleCat.Sheaf.Colimits (12s)
✔ [5633/8034] Built Mathlib.RingTheory.Regular.IsSMulRegular (8.8s)
✔ [5634/8034] Built Mathlib.LinearAlgebra.LinearDisjoint (10s)
✔ [5635/8034] Built Mathlib.LinearAlgebra.Matrix.FiniteDimensional (5.8s)
✔ [5636/8034] Built Mathlib.LinearAlgebra.FreeModule.IdealQuotient (6.0s)
✔ [5637/8034] Built Mathlib.LinearAlgebra.Multilinear.FiniteDimensional (5.1s)
✔ [5638/8034] Built Mathlib.RingTheory.Ideal.Cotangent (15s)
✔ [5639/8034] Built Mathlib.RingTheory.Localization.Away.Lemmas (5.1s)
✔ [5640/8034] Built Mathlib.Analysis.NormedSpace.HomeomorphBall (4.9s)
✔ [5641/8034] Built Mathlib.Data.Complex.Norm (4.9s)
✔ [5642/8034] Built Mathlib.RingTheory.AdicCompletion.Exactness (18s)
✔ [5643/8034] Built Mathlib.Analysis.NormedSpace.PiTensorProduct.ProjectiveSeminorm (5.3s)
✔ [5644/8034] Built Mathlib.Topology.MetricSpace.Similarity (8.2s)
✔ [5645/8034] Built Mathlib.Analysis.Complex.Norm (7.5s)
✔ [5646/8034] Built Mathlib.Analysis.NormedSpace.PiTensorProduct.InjectiveSeminorm (5.5s)
✔ [5647/8034] Built Mathlib.Analysis.NormedSpace.OperatorNorm.Prod (5.2s)
✔ [5648/8034] Built Mathlib.Analysis.NormedSpace.OperatorNorm.NNNorm (5.1s)
✔ [5649/8034] Built Mathlib.Analysis.NormedSpace.OperatorNorm.NormedSpace (5.2s)
✔ [5650/8034] Built Mathlib.Analysis.NormedSpace.OperatorNorm.Mul (4.9s)
✔ [5651/8034] Built Mathlib.AlgebraicGeometry.EllipticCurve.NormalForms (11s)
✔ [5652/8034] Built Mathlib.RingTheory.LocalProperties.Basic (13s)
✔ [5653/8034] Built Mathlib.Analysis.NormedSpace.OperatorNorm.Completeness (4.7s)
✔ [5654/8034] Built Mathlib.Analysis.NormedSpace.OperatorNorm.Basic (4.5s)
✔ [5655/8034] Built Mathlib.Analysis.NormedSpace.OperatorNorm.Bilinear (4.7s)
✔ [5656/8034] Built Mathlib.AlgebraicTopology.SimplicialSet.NerveAdjunction (47s)
✔ [5657/8034] Built Mathlib.Analysis.NormedSpace.Multilinear.Curry (4.3s)
✔ [5658/8034] Built Mathlib.Analysis.NormedSpace.OperatorNorm.Asymptotics (4.7s)
✔ [5659/8034] Built Mathlib.RingTheory.FractionalIdeal.Basic (14s)
✔ [5660/8034] Built Mathlib.Analysis.NormedSpace.Alternating.Uncurry.Fin (4.1s)
✔ [5661/8034] Built Mathlib.Analysis.NormedSpace.Multilinear.Basic (4.1s)
✔ [5662/8034] Built Mathlib.Analysis.NormedSpace.Alternating.Curry (4.1s)
✔ [5663/8034] Built Mathlib.Analysis.NormedSpace.Alternating.Basic (4.1s)
✔ [5664/8034] Built Mathlib.Analysis.NormedSpace.Extend (4.2s)
✔ [5665/8034] Built Mathlib.Analysis.NormedSpace.HahnBanach.Extension (4.4s)
✔ [5666/8034] Built Mathlib.Analysis.NormedSpace.HahnBanach.SeparatingDual (4.3s)
✔ [5667/8034] Built Mathlib.Analysis.NormedSpace.HahnBanach.Separation (4.1s)
✔ [5668/8034] Built Mathlib.Analysis.NormedSpace.RCLike (4.0s)
✔ [5669/8034] Built Mathlib.Analysis.NormedSpace.Normalize (3.0s)
✔ [5670/8034] Built Mathlib.Algebra.Homology.BifunctorShift (45s)
✔ [5671/8034] Built Mathlib.Data.Real.StarOrdered (4.4s)
✔ [5672/8034] Built Mathlib.Data.Real.CompleteField (4.4s)
✔ [5673/8034] Built Mathlib.Data.Rat.NatSqrt.Real (4.9s)
✔ [5674/8034] Built Mathlib.NumberTheory.Zsqrtd.ToReal (4.0s)
✔ [5675/8034] Built Mathlib.Data.Real.Irrational (5.1s)
✔ [5676/8034] Built Mathlib.AlgebraicTopology.SimplicialSet.HoFunctorMonoidal (55s)
✔ [5677/8034] Built Mathlib.NumberTheory.Real.Irrational (6.9s)
✔ [5678/8034] Built Mathlib.Tactic.NormNum.RealSqrt (6.9s)
✔ [5679/8034] Built Mathlib.Algebra.Star.CHSH (9.0s)
✔ [5680/8034] Built Mathlib.LinearAlgebra.Matrix.Diagonal (7.6s)
✔ [5681/8034] Built Mathlib.Analysis.Normed.Order.Lattice (7.2s)
✔ [5682/8034] Built Mathlib.Analysis.Calculus.TangentCone.DimOne (6.1s)
✔ [5683/8034] Built Mathlib.Analysis.Normed.Affine.Simplex (9.5s)
✔ [5684/8034] Built Mathlib.Analysis.Normed.Group.Completion (5.1s)
✔ [5685/8034] Built Mathlib.Analysis.Normed.Ring.Lemmas (9.8s)
✔ [5686/8034] Built Mathlib.RingTheory.Spectrum.Prime.RingHom (10s)
✔ [5687/8034] Built Mathlib.Analysis.Normed.Group.BallSphere (6.2s)
✔ [5688/8034] Built Mathlib.Analysis.Normed.Group.Lemmas (4.0s)
✔ [5689/8034] Built Mathlib.Topology.UniformSpace.Path (5.1s)
✔ [5690/8034] Built Mathlib.Analysis.Normed.Group.Ultra (9.1s)
✔ [5691/8034] Built Mathlib.Topology.Homotopy.Equiv (5.9s)
✔ [5692/8034] Built Mathlib.Topology.Connected.PathConnected (7.9s)
✔ [5693/8034] Built Mathlib.Topology.Algebra.InfiniteSum.ENNReal (16s)
✔ [5694/8034] Built Mathlib.Topology.EMetricSpace.BoundedVariation (16s)
✔ [5695/8034] Built Mathlib.Topology.Homotopy.HSpaces (7.7s)
✔ [5696/8034] Built Mathlib.Algebra.Category.ModuleCat.Simple (6.2s)
✔ [5697/8034] Built Mathlib.RingTheory.SimpleModule.Rank (5.5s)
✔ [5698/8034] Built Mathlib.Analysis.Normed.Group.Hom (16s)
✔ [5699/8034] Built Mathlib.RingTheory.MvPowerSeries.Expand (8.5s)
✔ [5700/8034] Built Mathlib.Algebra.Homology.Embedding.StupidTrunc (6.3s)
✔ [5701/8034] Built Mathlib.RingTheory.PowerSeries.Substitution (9.6s)
✔ [5702/8034] Built Mathlib.CategoryTheory.Triangulated.Opposite.Pretriangulated (8.3s)
✔ [5703/8034] Built Mathlib.Algebra.Homology.Embedding.HomEquiv (7.9s)
✔ [5704/8034] Built Mathlib.Algebra.Homology.Embedding.ExtendHomotopy (8.8s)
✔ [5705/8034] Built Mathlib.LinearAlgebra.AffineSpace.FiniteDimensional (16s)
✔ [5706/8034] Built Mathlib.Algebra.Homology.Embedding.ExtendHomology (12s)
✔ [5707/8034] Built Mathlib.AlgebraicTopology.DoldKan.FunctorN (6.0s)
✔ [5708/8034] Built Mathlib.LinearAlgebra.Matrix.Charpoly.Basic (12s)
✔ [5709/8034] Built Mathlib.LinearAlgebra.Matrix.Hermitian (8.8s)
✔ [5710/8034] Built Mathlib.CategoryTheory.Abelian.Ext (6.7s)
✔ [5711/8034] Built Mathlib.AlgebraicTopology.DoldKan.Decomposition (6.0s)
✔ [5712/8034] Built Mathlib.CategoryTheory.Monoidal.Tor (5.0s)
✔ [5713/8034] Built Mathlib.AlgebraicTopology.DoldKan.FunctorGamma (10s)
✔ [5714/8034] Built Mathlib.Algebra.Category.CommAlgCat.Monoidal (117s)
✔ [5715/8034] Built Mathlib.LinearAlgebra.Eigenspace.Basic (22s)
✔ [5716/8034] Built Mathlib.LinearAlgebra.Vandermonde (14s)
✔ [5717/8034] Built Mathlib.Combinatorics.Enumerative.Partition.Glaisher (18s)
✔ [5718/8034] Built Mathlib.LinearAlgebra.Matrix.GeneralLinearGroup.Basic (6.9s)
✔ [5719/8034] Built Mathlib.Analysis.Normed.Group.NullSubmodule (6.3s)
✔ [5720/8034] Built Mathlib.Algebra.Module.Lattice (9.9s)
✔ [5721/8034] Built Mathlib.RingTheory.Flat.Equalizer (63s)
✔ [5722/8034] Built Mathlib.LinearAlgebra.Matrix.ToLinearEquiv (7.8s)
✔ [5723/8034] Built Mathlib.CategoryTheory.Sites.Coherent.SequentialLimit (7.9s)
✔ [5724/8034] Built Mathlib.Topology.Sheaves.SheafOfFunctions (4.0s)
✔ [5725/8034] Built Mathlib.Topology.Algebra.InfiniteSum.ConditionalInt (10s)
✔ [5726/8034] Built Mathlib.Analysis.Normed.Operator.ContinuousLinearMap (11s)
✔ [5727/8034] Built Mathlib.CategoryTheory.Abelian.GrothendieckCategory.Coseparator (5.4s)
✔ [5728/8034] Built Mathlib.CategoryTheory.Sites.Point.Over (5.4s)
✔ [5729/8034] Built Mathlib.Algebra.Homology.HomotopyCategory.HomComplexSingle (11s)
✔ [5730/8034] Built Mathlib.CategoryTheory.Sites.PseudofunctorSheafOver (6.5s)
✔ [5731/8034] Built Mathlib.CategoryTheory.Abelian.GrothendieckCategory.ModuleEmbedding.Opposite (11s)
✔ [5732/8034] Built Mathlib.CategoryTheory.Sites.SheafHom (8.9s)
✔ [5733/8034] Built Mathlib.CategoryTheory.Sites.Descent.IsPrestack (11s)
✔ [5734/8034] Built Mathlib.Algebra.Lie.Abelian (16s)
✔ [5735/8034] Built Mathlib.Algebra.Lie.Free (9.6s)
✔ [5736/8034] Built Mathlib.Algebra.Azumaya.Basic (8.1s)
✔ [5737/8034] Built Mathlib.Algebra.Symmetrized (10s)
✔ [5738/8034] Built Mathlib.Algebra.LieRinehartAlgebra.Defs (14s)
✔ [5739/8034] Built Mathlib.Topology.Sheaves.Stalks (19s)
✔ [5740/8034] Built Mathlib.RingTheory.Flat.Localization (8.6s)
✔ [5741/8034] Built Mathlib.Algebra.Homology.HomotopyCategory.DegreewiseSplit (14s)
✔ [5742/8034] Built Mathlib.Algebra.Homology.HomotopyCategory.Triangulated (16s)
✔ [5743/8034] Built Mathlib.Algebra.Category.ModuleCat.Sheaf.Free (9.8s)
✔ [5744/8034] Built Mathlib.RingTheory.Flat.EquationalCriterion (17s)
✔ [5745/8034] Built Mathlib.RingTheory.RingHom.Bijective (5.8s)
✔ [5746/8034] Built Mathlib.RingTheory.RingHom.EssFiniteType (6.3s)
✔ [5747/8034] Built Mathlib.RingTheory.Flat.FaithfullyFlat.Basic (16s)
✔ [5748/8034] Built Mathlib.Analysis.Complex.Order (8.9s)
✔ [5749/8034] Built Mathlib.LinearAlgebra.Dual.Lemmas (54s)
✔ [5750/8034] Built Mathlib.RingTheory.RingHom.OpenImmersion (6.6s)
✔ [5751/8034] Built Mathlib.Analysis.Complex.Exponential (12s)
✔ [5752/8034] Built Mathlib.RingTheory.LocalProperties.Reduced (5.9s)
✔ [5753/8034] Built Mathlib.CategoryTheory.Category.Cat.Colimit (4.9s)
✔ [5754/8034] Built Mathlib.RingTheory.RingHom.Surjective (6.8s)
✔ [5755/8034] Built Mathlib.AlgebraicTopology.Quasicategory.StrictBicategory (5.1s)
✔ [5756/8034] Built Mathlib.RingTheory.RingHom.Finite (11s)
✔ [5757/8034] Built Mathlib.RingTheory.Regular.RegularSequence (21s)
✔ [5758/8034] Built Mathlib.Topology.Instances.Irrational (6.3s)
✔ [5759/8034] Built Mathlib.NumberTheory.Rayleigh (7.2s)
✔ [5760/8034] Built Mathlib.NumberTheory.Real.GoldenRatio (9.5s)
✔ [5761/8034] Built Mathlib.Analysis.Asymptotics.Completion (6.5s)
✔ [5762/8034] Built Mathlib.Topology.UniformSpace.Dini (6.7s)
✔ [5763/8034] Built Mathlib.Topology.Instances.AddCircle.DenseSubgroup (8.1s)
✔ [5764/8034] Built Mathlib.Analysis.Normed.Field.Instances (7.5s)
✔ [5765/8034] Built Mathlib.Analysis.Normed.Ring.Int (5.5s)
✔ [5766/8034] Built Mathlib.NumberTheory.DiophantineApproximation.Basic (13s)
✔ [5767/8034] Built Mathlib.RingTheory.RingHom.Locally (21s)
✔ [5768/8034] Built Mathlib.Topology.Bornology.BoundedOperation (7.0s)
✔ [5769/8034] Built Mathlib.Topology.Algebra.Polynomial (8.6s)
✔ [5770/8034] Built Mathlib.RingTheory.AdicCompletion.AsTensorProduct (31s)
✔ [5771/8034] Built Mathlib.RingTheory.FractionalIdeal.Operations (21s)
✔ [5772/8034] Built Mathlib.Analysis.Normed.Field.Lemmas (11s)
✔ [5773/8034] Built Mathlib.Analysis.Normed.Operator.LinearIsometry (82s)
✔ [5774/8034] Built Mathlib.RingTheory.Extension.Basic (36s)
✔ [5775/8034] Built Mathlib.RingTheory.Spectrum.Maximal.Localization (9.2s)
✔ [5776/8034] Built Mathlib.Analysis.Normed.Ring.Ultra (5.0s)
✔ [5777/8034] Built Mathlib.Algebra.Category.ModuleCat.Sheaf.PushforwardContinuous (51s)
✔ [5778/8034] Built Mathlib.RingTheory.KrullDimension.NonZeroDivisors (5.8s)
✔ [5779/8034] Built Mathlib.Topology.Connected.LocPathConnected (5.1s)
✔ [5780/8034] Built Mathlib.Algebra.Category.ModuleCat.Topology.Basic (58s)
✔ [5781/8034] Built Mathlib.Topology.Instances.AddCircle.Real (5.6s)
✔ [5782/8034] Built Mathlib.Analysis.Normed.Group.InfiniteSum (5.7s)
✔ [5783/8034] Built Mathlib.Topology.Algebra.InfiniteSum.Real (5.4s)
✔ [5784/8034] Built Mathlib.Analysis.Convex.PathConnected (8.1s)
✔ [5785/8034] Built Mathlib.Analysis.SumOverResidueClass (5.7s)
✔ [5786/8034] Built Mathlib.MeasureTheory.OuterMeasure.Basic (5.9s)
✔ [5787/8034] Built Mathlib.Analysis.Normed.Group.SeparationQuotient (6.2s)
✔ [5788/8034] Built Mathlib.Analysis.Normed.Group.HomCompletion (7.5s)
✔ [5789/8034] Built Mathlib.RingTheory.PowerSeries.Expand (7.2s)
✔ [5790/8034] Built Mathlib.CategoryTheory.Triangulated.Yoneda (7.9s)
✔ [5791/8034] Built Mathlib.Analysis.Normed.Group.SemiNormedGrp (10s)
✔ [5792/8034] Built Mathlib.RingTheory.PowerSeries.Derivative (10s)
✔ [5793/8034] Built Mathlib.Analysis.Convex.Radon (8.3s)
✔ [5794/8034] Built Mathlib.AlgebraicTopology.DoldKan.Normalized (7.8s)
✔ [5795/8034] Built Mathlib.Topology.Semicontinuity.Basic (13s)
✔ [5796/8034] Built Mathlib.Algebra.Homology.Embedding.TruncGE (11s)
✔ [5797/8034] Built Mathlib.AlgebraicTopology.DoldKan.NReflectsIso (7.1s)
✔ [5798/8034] Built Mathlib.CategoryTheory.Triangulated.Opposite.Triangulated (13s)
✔ [5799/8034] Built Mathlib.AlgebraicTopology.DoldKan.Degeneracies (8.8s)
✔ [5800/8034] Built Mathlib.Topology.Homotopy.Path (23s)
✔ [5801/8034] Built Mathlib.LinearAlgebra.Matrix.Charpoly.Coeff (12s)
✔ [5802/8034] Built Mathlib.Algebra.Homology.LocalCohomology (9.0s)
✔ [5803/8034] Built Mathlib.CategoryTheory.Triangulated.Opposite.Functor (18s)
✔ [5804/8034] Built Mathlib.Algebra.Lie.Sl2 (10s)
✔ [5805/8034] Built Mathlib.LinearAlgebra.Eigenspace.Matrix (10s)
✔ [5806/8034] Built Mathlib.CategoryTheory.Abelian.FreydMitchell (7.2s)
✔ [5807/8034] Built Mathlib.Algebra.Lie.Matrix (10s)
✔ [5808/8034] Built Mathlib.Algebra.Lie.Derivation.AdjointAction (6.9s)
✔ [5809/8034] Built Mathlib.CategoryTheory.Sites.Monoidal (8.8s)
✔ [5810/8034] Built Mathlib.LinearAlgebra.Lagrange (14s)
✔ [5811/8034] Built Mathlib.Algebra.Star.LinearMap (17s)
✔ [5812/8034] Built Mathlib.CategoryTheory.Abelian.GrothendieckCategory.ModuleEmbedding.GabrielPopescu (13s)
✔ [5813/8034] Built Mathlib.Algebra.Lie.Normalizer (8.7s)
✔ [5814/8034] Built Mathlib.Algebra.Lie.SerreConstruction (7.0s)
✔ [5815/8034] Built Mathlib.Analysis.Convex.Between (27s)
✔ [5816/8034] Built Mathlib.Topology.Sheaves.LocalPredicate (7.7s)
✔ [5817/8034] Built Mathlib.Topology.Sheaves.LocallySurjective (5.1s)
✔ [5818/8034] Built Mathlib.Algebra.Homology.HomotopyCategory.HomologicalFunctor (5.5s)
✔ [5819/8034] Built Mathlib.Algebra.Order.Ring.StandardPart (61s)
✔ [5820/8034] Built Mathlib.Algebra.Category.Ring.LinearAlgebra (5.3s)
✔ [5821/8034] Built Mathlib.Algebra.Homology.HomotopyCategory.SpectralObject (6.4s)
✔ [5822/8034] Built Mathlib.Topology.Sheaves.Skyscraper (12s)
✔ [5823/8034] Built Mathlib.Geometry.RingedSpace.Stalks (10s)
✔ [5824/8034] Built Mathlib.Topology.Sheaves.CommRingCat (14s)
✔ [5825/8034] Built Mathlib.RingTheory.Kaehler.Basic (77s)
✔ [5826/8034] Built Mathlib.Algebra.Lie.TensorProduct (19s)
✔ [5827/8034] Built Mathlib.Data.Complex.Order (4.4s)
✔ [5828/8034] Built Mathlib.RingTheory.Flat.FaithfullyFlat.Algebra (7.9s)
✔ [5829/8034] Built Mathlib.Geometry.Convex.Cone.TensorProduct (8.4s)
✔ [5830/8034] Built Mathlib.Data.Complex.Exponential (4.6s)
✔ [5831/8034] Built Mathlib.RingTheory.TensorProduct.Nontrivial (12s)
✔ [5832/8034] Built Mathlib.LinearAlgebra.GeneralLinearGroup.AlgEquiv (7.0s)
✔ [5833/8034] Built Mathlib.Analysis.SpecialFunctions.Log.ERealExp (5.3s)
✔ [5834/8034] Built Mathlib.Algebra.Module.Submodule.Union (13s)
✔ [5835/8034] Built Mathlib.LinearAlgebra.BilinearForm.Properties (15s)
✔ [5836/8034] Built Mathlib.RingTheory.Flat.Domain (24s)
✔ [5837/8034] Built Mathlib.Algebra.Category.ModuleCat.Stalk (27s)
✔ [5838/8034] Built Mathlib.Topology.Instances.RatLemmas (6.3s)
✔ [5839/8034] Built Mathlib.LinearAlgebra.Contraction (14s)
✔ [5840/8034] Built Mathlib.RingTheory.Regular.Flat (7.7s)
✔ [5841/8034] Built Mathlib.RingTheory.Localization.Finiteness (10s)
✔ [5842/8034] Built Mathlib.LinearAlgebra.BilinearForm.TensorProduct (19s)
✔ [5843/8034] Built Mathlib.Analysis.Complex.Trigonometric (12s)
✔ [5844/8034] Built Mathlib.NumberTheory.DiophantineApproximation.ContinuedFractions (5.7s)
✔ [5845/8034] Built Mathlib.Algebra.Lie.Cochain (38s)
✔ [5846/8034] Built Mathlib.Algebra.Category.CommBialgCat (50s)
✔ [5847/8034] Built Mathlib.LinearAlgebra.PerfectPairing.Basic (19s)
✔ [5848/8034] Built Mathlib.LinearAlgebra.Matrix.SesquilinearForm (47s)
✔ [5849/8034] Built Mathlib.RingTheory.RingHom.FiniteType (15s)
✔ [5850/8034] Built Mathlib.Topology.ContinuousMap.Polynomial (8.4s)
✔ [5851/8034] Built Mathlib.RingTheory.FractionalIdeal.Inverse (10s)
✔ [5852/8034] Built Mathlib.Analysis.Normed.Field.Ultra (6.9s)
✔ [5853/8034] Built Mathlib.NumberTheory.Pell (12s)
✔ [5854/8034] Built Mathlib.Topology.Connected.PathComponentOne (6.3s)
✔ [5855/8034] Built Mathlib.Geometry.Manifold.ChartedSpace (8.9s)
✔ [5856/8034] Built Mathlib.Algebra.Category.ModuleCat.Sheaf.Generators (13s)
✔ [5857/8034] Built Mathlib.Analysis.Normed.Group.FunctionSeries (7.8s)
✔ [5858/8034] Built Mathlib.Analysis.Normed.Field.UnitBall (16s)
✔ [5859/8034] Built Mathlib.Algebra.Category.ModuleCat.Topology.Homology (14s)
✔ [5860/8034] Built Mathlib.Topology.ContinuousMap.Bounded.Basic (22s)
✔ [5861/8034] Built Mathlib.Analysis.Convex.Quasiconvex (9.3s)
✔ [5862/8034] Built Mathlib.Analysis.Normed.Ring.InfiniteSum (11s)
✔ [5863/8034] Built Mathlib.MeasureTheory.OuterMeasure.Operations (9.0s)
✔ [5864/8034] Built Mathlib.Analysis.Normed.Module.Basic (22s)
✔ [5865/8034] Built Mathlib.Analysis.Convex.StdSimplex (13s)
✔ [5866/8034] Built Mathlib.NumberTheory.Padics.PadicNumbers (23s)
✔ [5867/8034] Built Mathlib.MeasureTheory.OuterMeasure.AE (8.6s)
✔ [5868/8034] Built Mathlib.RingTheory.PowerSeries.Exp (7.5s)
✔ [5869/8034] Built Mathlib.Analysis.Normed.Group.SemiNormedGrp.Completion (8.7s)
✔ [5870/8034] Built Mathlib.AlgebraicTopology.DoldKan.HomotopyEquivalence (6.7s)
✔ [5871/8034] Built Mathlib.Algebra.Category.ModuleCat.Sheaf.PullbackContinuous (24s)
✔ [5872/8034] Built Mathlib.Topology.Semicontinuity.Lindelof (7.9s)
✔ [5873/8034] Built Mathlib.Algebra.Homology.Embedding.TruncGEHomology (8.8s)
✔ [5874/8034] Built Mathlib.Topology.Instances.EReal.Lemmas (9.3s)
✔ [5875/8034] Built Mathlib.Topology.Homotopy.Affine (5.6s)
✔ [5876/8034] Built Mathlib.Topology.Homotopy.Contractible (5.9s)
✔ [5877/8034] Built Mathlib.Topology.Homotopy.Product (7.4s)
✔ [5878/8034] Built Mathlib.AlgebraicTopology.DoldKan.SplitSimplicialObject (8.5s)
✔ [5879/8034] Built Mathlib.Algebra.Homology.Embedding.TruncLE (9.5s)
✔ [5880/8034] Built Mathlib.LinearAlgebra.Matrix.Charpoly.Univ (6.9s)
✔ [5881/8034] Built Mathlib.RingTheory.Extension.Generators (32s)
✔ [5882/8034] Built Mathlib.Analysis.Asymptotics.Lemmas (27s)
✔ [5883/8034] Built Mathlib.Geometry.Polygon.Basic (5.4s)
✔ [5884/8034] Built Mathlib.Topology.Sheaves.Sheafify (5.4s)
✔ [5885/8034] Built Mathlib.Algebra.Homology.HomotopyCategory.Acyclic (5.3s)
✔ [5886/8034] Built Mathlib.CategoryTheory.Triangulated.Adjunction (9.7s)
✔ [5887/8034] Built Mathlib.LinearAlgebra.Matrix.Charpoly.LinearMap (10s)
✔ [5888/8034] Built Mathlib.CategoryTheory.Sites.Descent.DescentData (76s)
✔ [5889/8034] Built Mathlib.Geometry.RingedSpace.SheafedSpace (8.8s)
✔ [5890/8034] Built Mathlib.Algebra.Category.ModuleCat.Differentials.Basic (9.7s)
✔ [5891/8034] Built Mathlib.Algebra.Homology.HomotopyCategory.ShortExact (10s)
✔ [5892/8034] Built Mathlib.Combinatorics.Additive.VerySmallDoubling (46s)
✔ [5893/8034] Built Mathlib.Analysis.Convex.BetweenList (13s)
✔ [5894/8034] Built Mathlib.AlgebraicTopology.FundamentalGroupoid.Basic (22s)
✔ [5895/8034] Built Mathlib.Analysis.Convex.Visible (18s)
✔ [5896/8034] Built Mathlib.RingTheory.Coalgebra.GroupLike (10s)
✔ [5897/8034] Built Mathlib.LinearAlgebra.BilinearForm.Orthogonal (12s)
✔ [5898/8034] Built Mathlib.Data.Complex.Trigonometric (5.7s)
✔ [5899/8034] Built Mathlib.LinearAlgebra.BilinearForm.DualLattice (12s)
✔ [5900/8034] Built Mathlib.Analysis.SpecialFunctions.Trigonometric.Chebyshev.Basic (8.1s)
✔ [5901/8034] Built Mathlib.LinearAlgebra.Coevaluation (11s)
✔ [5902/8034] Built Mathlib.LinearAlgebra.PerfectPairing.Matrix (6.5s)
✔ [5903/8034] Built Mathlib.LinearAlgebra.Trace (17s)
✔ [5904/8034] Built Mathlib.RingTheory.Support (13s)
✔ [5905/8034] Built Mathlib.RingTheory.Localization.Free (14s)
✔ [5906/8034] Built Mathlib.Algebra.Lie.SkewAdjoint (10s)
✔ [5907/8034] Built Mathlib.Geometry.Manifold.HasGroupoid (8.3s)
✔ [5908/8034] Built Mathlib.Analysis.Normed.Algebra.Ultra (5.5s)
✔ [5909/8034] Built Mathlib.Topology.ContinuousMap.Bounded.ArzelaAscoli (6.6s)
✔ [5910/8034] Built Mathlib.LinearAlgebra.Determinant (28s)
✔ [5911/8034] Built Mathlib.Algebra.Lie.BaseChange (29s)
✔ [5912/8034] Built Mathlib.RepresentationTheory.Basic (26s)
✔ [5913/8034] Built Mathlib.LinearAlgebra.PerfectPairing.Restrict (18s)
✔ [5914/8034] Built Mathlib.Analysis.Normed.Module.Span (9.3s)
✔ [5915/8034] Built Mathlib.Analysis.Normed.Module.TransferInstance (6.7s)
✔ [5916/8034] Built Mathlib.LinearAlgebra.RootSystem.Defs (23s)
✔ [5917/8034] Built Mathlib.Analysis.CStarAlgebra.Basic (12s)
✔ [5918/8034] Built Mathlib.Analysis.Normed.Operator.Conformal (8.4s)
✔ [5919/8034] Built Mathlib.LinearAlgebra.Matrix.BilinearForm (26s)
✔ [5920/8034] Built Mathlib.Analysis.Normed.Module.Ball.RadialEquiv (11s)
✔ [5921/8034] Built Mathlib.Analysis.LocallyConvex.Basic (13s)
✔ [5922/8034] Built Mathlib.Analysis.Normed.Affine.AddTorsor (12s)
✔ [5923/8034] Built Mathlib.Analysis.Normed.Module.RCLike.Real (7.9s)
✔ [5924/8034] Built Mathlib.AlgebraicTopology.TopologicalSimplex (8.2s)
✔ [5925/8034] Built Mathlib.NumberTheory.Harmonic.Int (7.1s)
✔ [5926/8034] Built Mathlib.MeasureTheory.OuterMeasure.BorelCantelli (7.1s)
✔ [5927/8034] Built Mathlib.Analysis.Convex.Topology (14s)
✔ [5928/8034] Built Mathlib.Analysis.LocallyConvex.Polar (17s)
✔ [5929/8034] Built Mathlib.Analysis.Convex.Contractible (6.3s)
✔ [5930/8034] Built Mathlib.Topology.Homotopy.LocallyContractible (6.7s)
✔ [5931/8034] Built Mathlib.Algebra.Category.ModuleCat.Sheaf.PullbackFree (14s)
✔ [5932/8034] Built Mathlib.Analysis.SpecificLimits.Basic (13s)
✔ [5933/8034] Built Mathlib.Algebra.Homology.Embedding.TruncLEHomology (7.3s)
✔ [5934/8034] Built Mathlib.NumberTheory.Padics.PadicIntegers (19s)
✔ [5935/8034] Built Mathlib.AlgebraicTopology.DoldKan.GammaCompN (9.1s)
✔ [5936/8034] Built Mathlib.RingTheory.Kaehler.TensorProduct (64s)
✔ [5937/8034] Built Mathlib.Tactic.ComputeAsymptotics.Lemmas (9.2s)
✔ [5938/8034] Built Mathlib.Order.Filter.ZeroAndBoundedAtFilter (6.0s)
✔ [5939/8034] Built Mathlib.Analysis.Asymptotics.SuperpolynomialDecay (8.0s)
✔ [5940/8034] Built Mathlib.NumberTheory.Bernoulli (26s)
✔ [5941/8034] Built Mathlib.Algebra.Homology.DerivedCategory.Basic (8.4s)
✔ [5942/8034] Built Mathlib.CategoryTheory.Sites.Descent.IsStack (5.2s)
✔ [5943/8034] Built Mathlib.Analysis.Normed.Affine.Isometry (42s)
✔ [5944/8034] Built Mathlib.Analysis.Asymptotics.Theta (9.5s)
✔ [5945/8034] Built Mathlib.RingTheory.Extension.Presentation.Basic (18s)
✔ [5946/8034] Built Mathlib.LinearAlgebra.QuadraticForm.Basic (55s)
✔ [5947/8034] Built Mathlib.CategoryTheory.Triangulated.Opposite.OpOp (13s)
✔ [5948/8034] Built Mathlib.Geometry.RingedSpace.Basic (7.5s)
✔ [5949/8034] Built Mathlib.AlgebraicTopology.FundamentalGroupoid.PUnit (5.8s)
✔ [5950/8034] Built Mathlib.AlgebraicTopology.FundamentalGroupoid.FundamentalGroup (5.8s)
✔ [5951/8034] Built Mathlib.RingTheory.Bialgebra.GroupLike (6.6s)
✔ [5952/8034] Built Mathlib.AlgebraicTopology.FundamentalGroupoid.Product (8.3s)
✔ [5953/8034] Built Mathlib.RingTheory.IntegralClosure.Algebra.Basic (13s)
✔ [5954/8034] Built Mathlib.Topology.Subpath (8.2s)
✔ [5955/8034] Built Mathlib.Analysis.Normed.Module.Ball.Action (56s)
✔ [5956/8034] Built Mathlib.Analysis.SpecialFunctions.Trigonometric.Chebyshev (5.9s)
✔ [5957/8034] Built Mathlib.RingTheory.Kaehler.Polynomial (81s)
✔ [5958/8034] Built Mathlib.LinearAlgebra.PID (7.6s)
✔ [5959/8034] Built Mathlib.Topology.Algebra.Module.Determinant (6.9s)
✔ [5960/8034] Built Mathlib.LinearAlgebra.Matrix.Gershgorin (8.2s)
✔ [5961/8034] Built Mathlib.RingTheory.Ideal.AssociatedPrime.Localization (11s)
✔ [5962/8034] Built Mathlib.Algebra.DirectSum.LinearMap (13s)
✔ [5963/8034] Built Mathlib.Geometry.Manifold.LocalInvariantProperties (10s)
✔ [5964/8034] Built Mathlib.Algebra.QuadraticAlgebra.NormDeterminant (8.8s)
✔ [5965/8034] Built Mathlib.LinearAlgebra.Complex.Determinant (6.5s)
✔ [5966/8034] Built Mathlib.Algebra.Category.FGModuleCat.Basic (19s)
✔ [5967/8034] Built Mathlib.LinearAlgebra.FreeModule.Determinant (6.5s)
✔ [5968/8034] Built Mathlib.Algebra.Category.ModuleCat.Differentials.Presheaf (26s)
✔ [5969/8034] Built Mathlib.RingTheory.Norm.Defs (6.7s)
✔ [5970/8034] Built Mathlib.Algebra.Lie.Extension (82s)
✔ [5971/8034] Built Mathlib.RingTheory.Polynomial.DegreeLT (12s)
✔ [5972/8034] Built Mathlib.LinearAlgebra.FreeModule.Finite.CardQuotient (10s)
✔ [5973/8034] Built Mathlib.Analysis.Normed.Module.Shrink (6.1s)
✔ [5974/8034] Built Mathlib.RingTheory.TensorProduct.IsBaseChangeHom (22s)
✔ [5975/8034] Built Mathlib.LinearAlgebra.Orientation (16s)
✔ [5976/8034] Built Mathlib.Algebra.Lie.Solvable (14s)
✔ [5977/8034] Built Mathlib.Algebra.Lie.Classical (25s)
✔ [5978/8034] Built Mathlib.RepresentationTheory.Subrepresentation (10s)
✔ [5979/8034] Built Mathlib.LinearAlgebra.Matrix.Rank (17s)
✔ [5980/8034] Built Mathlib.RepresentationTheory.Submodule (12s)
✔ [5981/8034] Built Mathlib.RingTheory.Trace.Defs (10s)
✔ [5982/8034] Built Mathlib.LinearAlgebra.RootSystem.OfBilinear (12s)
✔ [5983/8034] Built Mathlib.Analysis.Normed.Affine.Ceva (6.2s)
✔ [5984/8034] Built Mathlib.Analysis.Normed.Module.Ray (6.6s)
✔ [5985/8034] Built Mathlib.Analysis.LocallyConvex.BalancedCoreHull (8.9s)
✔ [5986/8034] Built Mathlib.Analysis.Calculus.TangentCone.Real (6.7s)
✔ [5987/8034] Built Mathlib.RepresentationTheory.Intertwining (18s)
✔ [5988/8034] Built Mathlib.AlgebraicTopology.SingularSet (7.8s)
✔ [5989/8034] Built Mathlib.Topology.UrysohnsLemma (10s)
✔ [5990/8034] Built Mathlib.Topology.Algebra.AsymptoticCone (12s)
✔ [5991/8034] Built Mathlib.MeasureTheory.OuterMeasure.OfFunction (9.1s)
✔ [5992/8034] Built Mathlib.Topology.Algebra.Module.LocallyConvex (12s)
✔ [5993/8034] Built Mathlib.Analysis.Normed.Group.Completeness (6.7s)
✔ [5994/8034] Built Mathlib.Analysis.Normed.Field.ProperSpace (7.1s)
✔ [5995/8034] Built Mathlib.Analysis.BoxIntegral.Box.SubboxInduction (8.1s)
✔ [5996/8034] Built Mathlib.Algebra.Category.ModuleCat.Sheaf.Quasicoherent (78s)
✔ [5997/8034] Built Mathlib.Analysis.Real.Hyperreal (12s)
✔ [5998/8034] Built Mathlib.Analysis.Real.Cardinality (7.3s)
✔ [5999/8034] Built Mathlib.Analysis.SpecificLimits.ArithmeticGeometric (7.5s)
✔ [6000/8034] Built Mathlib.Analysis.SpecialFunctions.ArithmeticGeometricMean (7.7s)
✔ [6001/8034] Built Mathlib.Topology.MetricSpace.Contracting (7.9s)
✔ [6002/8034] Built Mathlib.Topology.Baire.CompleteMetrizable (7.8s)
✔ [6003/8034] Built Mathlib.Analysis.Hofer (10s)
✔ [6004/8034] Built Mathlib.Dynamics.Circle.RotationNumber.TranslationNumber (13s)
✔ [6005/8034] Built Mathlib.Algebra.Homology.Embedding.AreComplementary (7.5s)
✔ [6006/8034] Built Mathlib.Topology.MetricSpace.HausdorffDistance (10s)
✔ [6007/8034] Built Mathlib.Analysis.RCLike.Basic (38s)
✔ [6008/8034] Built Mathlib.Topology.CWComplex.Classical.Basic (30s)
✔ [6009/8034] Built Mathlib.Analysis.SpecificLimits.Normed (25s)
✔ [6010/8034] Built Mathlib.Analysis.Asymptotics.LinearGrowth (13s)
✔ [6011/8034] Built Mathlib.RingTheory.LocalRing.Module (60s)
✔ [6012/8034] Built Mathlib.RingTheory.DividedPowers.Padic (10s)
✔ [6013/8034] Built Mathlib.Algebra.Homology.DerivedCategory.ShortExact (6.2s)
✔ [6014/8034] Built Mathlib.AlgebraicTopology.DoldKan.NCompGamma (8.5s)
✔ [6015/8034] Built Mathlib.Algebra.Homology.DerivedCategory.SmallShiftedHom (5.0s)
✔ [6016/8034] Built Mathlib.Algebra.Homology.DerivedCategory.Linear (5.5s)
✔ [6017/8034] Built Mathlib.Algebra.Homology.DerivedCategory.HomologySequence (6.1s)
✔ [6018/8034] Built Mathlib.Algebra.Category.ContinuousCohomology.Basic (119s)
✔ [6019/8034] Built Mathlib.NumberTheory.Padics.RingHoms (14s)
✔ [6020/8034] Built Mathlib.Analysis.Normed.Affine.MazurUlam (7.7s)
✔ [6021/8034] Built Mathlib.NumberTheory.BernoulliPolynomials (12s)
✔ [6022/8034] Built Mathlib.Analysis.Asymptotics.AsymptoticEquivalent (8.9s)
✔ [6023/8034] Built Mathlib.RingTheory.HopfAlgebra.GroupLike (5.0s)
✔ [6024/8034] Built Mathlib.LinearAlgebra.QuadraticForm.Isometry (8.1s)
✔ [6025/8034] Built Mathlib.LinearAlgebra.QuadraticForm.Basis (9.2s)
✔ [6026/8034] Built Mathlib.LinearAlgebra.Matrix.PosDef (11s)
✔ [6027/8034] Built Mathlib.LinearAlgebra.Eigenspace.Minpoly (7.7s)
✔ [6028/8034] Built Mathlib.RingTheory.Extension.Presentation.Submersive (14s)
✔ [6029/8034] Built Mathlib.Geometry.RingedSpace.LocallyRingedSpace (12s)
✔ [6030/8034] Built Mathlib.AlgebraicTopology.FundamentalGroupoid.InducedMaps (12s)
✔ [6031/8034] Built Mathlib.RingTheory.IntegralClosure.Algebra.Ideal (8.3s)
✔ [6032/8034] Built Mathlib.RepresentationTheory.Rep (65s)
✔ [6033/8034] Built Mathlib.Analysis.Seminorm (53s)
✔ [6034/8034] Built Mathlib.Geometry.Manifold.Sheaf.Basic (5.6s)
✔ [6035/8034] Built Mathlib.RingTheory.IntegralClosure.IsIntegral.AlmostIntegral (11s)
✔ [6036/8034] Built Mathlib.Algebra.Category.FGModuleCat.EssentiallySmall (7.4s)
✔ [6037/8034] Built Mathlib.Algebra.Category.FGModuleCat.Limits (7.2s)
✔ [6038/8034] Built Mathlib.RingTheory.IntegralClosure.IsIntegralClosure.Basic (15s)
✔ [6039/8034] Built Mathlib.Algebra.Category.FGModuleCat.Colimits (7.2s)
✔ [6040/8034] Built Mathlib.LinearAlgebra.Complex.Orientation (5.1s)
✔ [6041/8034] Built Mathlib.Algebra.Lie.Character (5.2s)
✔ [6042/8034] Built Mathlib.Algebra.Lie.Semisimple.Defs (5.6s)
✔ [6043/8034] Built Mathlib.RepresentationTheory.Semisimple (5.1s)
✔ [6044/8034] Built Mathlib.RingTheory.Regular.Depth (15s)
✔ [6045/8034] Built Mathlib.CategoryTheory.Sites.Descent.Precoverage (29s)
✔ [6046/8034] Built Mathlib.RingTheory.NormTrace (5.7s)
✔ [6047/8034] Built Mathlib.RingTheory.Complex (5.5s)
✔ [6048/8034] Built Mathlib.Analysis.Normed.Module.Extr (5.8s)
✔ [6049/8034] Built Mathlib.LinearAlgebra.Matrix.GeneralLinearGroup.Card (8.6s)
✔ [6050/8034] Built Mathlib.AlgebraicTopology.SingularHomology.Basic (6.2s)
✔ [6051/8034] Built Mathlib.NumberTheory.Padics.Hensel (40s)
✔ [6052/8034] Built Mathlib.Combinatorics.Configuration (9.6s)
✔ [6053/8034] Built Mathlib.LinearAlgebra.QuadraticForm.TensorProduct (31s)
✔ [6054/8034] Built Mathlib.Topology.Metrizable.Urysohn (7.0s)
✔ [6055/8034] Built Mathlib.LinearAlgebra.Dual.BaseChange (16s)
✔ [6056/8034] Built Mathlib.Topology.UrysohnsBounded (6.2s)
✔ [6057/8034] Built Mathlib.Topology.ContinuousMap.LocallyConvex (5.6s)
✔ [6058/8034] Built Mathlib.MeasureTheory.OuterMeasure.Caratheodory (6.1s)
✔ [6059/8034] Built Mathlib.Topology.Category.CompHaus.Basic (8.2s)
✔ [6060/8034] Built Mathlib.Analysis.Convex.TotallyBounded (5.7s)
✔ [6061/8034] Built Mathlib.Analysis.BoxIntegral.Partition.SubboxInduction (6.1s)
✔ [6062/8034] Built Mathlib.Analysis.Complex.Cardinality (5.7s)
✔ [6063/8034] Built Mathlib.Analysis.SpecificLimits.RCLike (5.4s)
✔ [6064/8034] Built Mathlib.Algebra.Lie.Nilpotent (21s)
✔ [6065/8034] Built Mathlib.Topology.PartitionOfUnity (12s)
✔ [6066/8034] Built Mathlib.Algebra.Homology.Embedding.CochainComplex (8.0s)
✔ [6067/8034] Built Mathlib.Analysis.ConstantSpeed (6.6s)
✔ [6068/8034] Built Mathlib.Analysis.Normed.Group.Tannery (6.9s)
✔ [6069/8034] Built Mathlib.Topology.Homotopy.HomotopyGroup (40s)
✔ [6070/8034] Built Mathlib.Topology.Separation.CompletelyRegular (13s)
✔ [6071/8034] Built Mathlib.Dynamics.BirkhoffSum.NormedSpace (6.7s)
✔ [6072/8034] Built Mathlib.Analysis.RCLike.TangentCone (6.5s)
✔ [6073/8034] Built Mathlib.Analysis.Normed.Module.Normalize (6.1s)
✔ [6074/8034] Built Mathlib.RingTheory.HahnSeries.HahnEmbedding (11s)
✔ [6075/8034] Built Mathlib.Analysis.RCLike.Extend (11s)
✔ [6076/8034] Built Mathlib.Topology.MetricSpace.Closeds (9.6s)
✔ [6077/8034] Built Mathlib.RingTheory.PowerSeries.Restricted (15s)
✔ [6078/8034] Built Mathlib.Topology.CWComplex.Classical.Finite (9.5s)
✔ [6079/8034] Built Mathlib.Topology.MetricSpace.Thickening (10s)
✔ [6080/8034] Built Mathlib.NumberTheory.EulerProduct.Basic (8.6s)
✔ [6081/8034] Built Mathlib.Analysis.Calculus.TangentCone.Seq (10s)
✔ [6082/8034] Built Mathlib.Analysis.Real.OfDigits (12s)
✔ [6083/8034] Built Mathlib.Analysis.Complex.Basic (25s)
✔ [6084/8034] Built Mathlib.NumberTheory.TsumDivisorsAntidiagonal (12s)
✔ [6085/8034] Built Mathlib.Topology.Algebra.Module.PerfectSpace (9.4s)
✔ [6086/8034] Built Mathlib.Analysis.SpecificLimits.Fibonacci (11s)
✔ [6087/8034] Built Mathlib.Analysis.Convex.Body (18s)
✔ [6088/8034] Built Mathlib.Analysis.Normed.Group.ControlledClosure (14s)
✔ [6089/8034] Built Mathlib.AlgebraicTopology.DoldKan.EquivalenceAdditive (7.5s)
✔ [6090/8034] Built Mathlib.RingTheory.LinearDisjoint (39s)
✔ [6091/8034] Built Mathlib.Algebra.Homology.DerivedCategory.SingleTriangle (9.8s)
✔ [6092/8034] Built Mathlib.Topology.MetricSpace.PiNat (20s)
✔ [6093/8034] Built Mathlib.Analysis.Normed.Ring.Units (10s)
✔ [6094/8034] Built Mathlib.Algebra.Homology.DerivedCategory.ExactFunctor (9.4s)
✔ [6095/8034] Built Mathlib.Topology.Algebra.Module.FiniteDimension (41s)
✔ [6096/8034] Built Mathlib.NumberTheory.Padics.ProperSpace (6.0s)
✔ [6097/8034] Built Mathlib.Analysis.Normed.Group.Quotient (23s)
✔ [6098/8034] Built Mathlib.Analysis.SpecialFunctions.Choose (6.4s)
✔ [6099/8034] Built Mathlib.Combinatorics.SimpleGraph.Extremal.TuranDensity (7.5s)
✔ [6100/8034] Built Mathlib.LinearAlgebra.SesquilinearForm.Star (7.2s)
✔ [6101/8034] Built Mathlib.RingTheory.Smooth.StandardSmooth (6.8s)
✔ [6102/8034] Built Mathlib.RingTheory.Extension.Cotangent.Basic (58s)
✔ [6103/8034] Built Mathlib.LinearAlgebra.QuadraticForm.IsometryEquiv (10s)
✔ [6104/8034] Built Mathlib.Geometry.RingedSpace.LocallyRingedSpace.ResidueField (8.8s)
✔ [6105/8034] Built Mathlib.Analysis.Calculus.TangentCone.ProperSpace (7.2s)
✔ [6106/8034] Built Mathlib.Algebra.Lie.Semisimple.Basic (8.8s)
✔ [6107/8034] Built Mathlib.Analysis.Convex.EGauge (13s)
✔ [6108/8034] Built Mathlib.Analysis.LocallyConvex.Bounded (16s)
✔ [6109/8034] Built Mathlib.AlgebraicGeometry.ProjectiveSpectrum.StructureSheaf (20s)
✔ [6110/8034] Built Mathlib.RingTheory.Extension.Presentation.Core (21s)
✔ [6111/8034] Built Mathlib.RepresentationTheory.Homological.Resolution (19s)
✔ [6112/8034] Built Mathlib.Algebra.Lie.InvariantForm (11s)
✔ [6113/8034] Built Mathlib.RingTheory.NoetherNormalization (16s)
✔ [6114/8034] Built Mathlib.RepresentationTheory.Maschke (11s)
✔ [6115/8034] Built Mathlib.Topology.Category.CompHaus.Frm (5.4s)
✔ [6116/8034] Built Mathlib.RingTheory.Valuation.AlgebraInstances (18s)
✔ [6117/8034] Built Mathlib.MeasureTheory.OuterMeasure.Induced (8.2s)
✔ [6118/8034] Built Mathlib.Topology.Category.CompHaus.Projective (5.4s)
✔ [6119/8034] Built Mathlib.Topology.Compactness.CompactlyGeneratedSpace (6.5s)
✔ [6120/8034] Built Mathlib.Topology.Category.CompHaus.Limits (5.3s)
✔ [6121/8034] Built Mathlib.LinearAlgebra.Complex.FiniteDimensional (5.2s)
✔ [6122/8034] Built Mathlib.Topology.Category.Profinite.Basic (8.3s)
✔ [6123/8034] Built Mathlib.Analysis.Convex.PartitionOfUnity (5.5s)
✔ [6124/8034] Built Mathlib.AlgebraicTopology.FundamentalGroupoid.SimplyConnected (26s)
✔ [6125/8034] Built Mathlib.Analysis.BoxIntegral.Partition.Filter (7.4s)
✔ [6126/8034] Built Mathlib.Algebra.Lie.CartanSubalgebra (4.9s)
✔ [6127/8034] Built Mathlib.RepresentationTheory.Coinduced (27s)
✔ [6128/8034] Built Mathlib.CategoryTheory.Abelian.Projective.Extend (5.8s)
✔ [6129/8034] Built Mathlib.Algebra.Homology.DerivedCategory.Fractions (6.4s)
✔ [6130/8034] Built Mathlib.CategoryTheory.Abelian.Injective.Extend (5.6s)
✔ [6131/8034] Built Mathlib.Topology.Separation.Lemmas (4.7s)
✔ [6132/8034] Built Mathlib.Topology.UniformSpace.Uniformizable (4.8s)
✔ [6133/8034] Built Mathlib.Algebra.Homology.Factorizations.CM5b (7.0s)
✔ [6134/8034] Built Mathlib.Algebra.Lie.Engel (11s)
✔ [6135/8034] Built Mathlib.Topology.CWComplex.Classical.Subcomplex (6.3s)
✔ [6136/8034] Built Mathlib.Topology.MetricSpace.Cover (5.6s)
✔ [6137/8034] Built Mathlib.Algebra.Homology.HomotopyCategory.KInjective (8.8s)
✔ [6138/8034] Built Mathlib.Topology.MetricSpace.ThickenedIndicator (7.1s)
✔ [6139/8034] Built Mathlib.Analysis.Complex.Spectrum (5.6s)
✔ [6140/8034] Built Mathlib.RingTheory.Algebraic.Integral (32s)
✔ [6141/8034] Built Mathlib.Analysis.Complex.HalfPlane (5.3s)
✔ [6142/8034] Built Mathlib.Analysis.Normed.Group.Pointwise (8.7s)
✔ [6143/8034] Built Mathlib.Analysis.Complex.UpperHalfPlane.Basic (7.0s)
✔ [6144/8034] Built Mathlib.Analysis.Complex.Asymptotics (5.2s)
✔ [6145/8034] Built Mathlib.Analysis.Complex.ReImTopology (5.9s)
✔ [6146/8034] Built Mathlib.RepresentationTheory.Coinvariants (39s)
✔ [6147/8034] Built Mathlib.Algebra.Category.FGModuleCat.Abelian (34s)
✔ [6148/8034] Built Mathlib.AlgebraicTopology.DoldKan.EquivalencePseudoabelian (6.5s)
✔ [6149/8034] Built Mathlib.Topology.MetricSpace.CantorScheme (6.0s)
✔ [6150/8034] Built Mathlib.Topology.Instances.CantorSet (12s)
✔ [6151/8034] Built Mathlib.Topology.MetricSpace.Polish (7.1s)
✔ [6152/8034] Built Mathlib.Topology.ContinuousMap.Units (7.1s)
✔ [6153/8034] Built Mathlib.Analysis.Normed.Group.SemiNormedGrp.Kernels (8.4s)
✔ [6154/8034] Built Mathlib.Analysis.Normed.Module.ContinuousInverse (8.4s)
✔ [6155/8034] Built Mathlib.Analysis.Complex.AbelLimit (13s)
✔ [6156/8034] Built Mathlib.Analysis.Calculus.TangentCone (4.0s)
✔ [6157/8034] Built Mathlib.Algebra.Module.Presentation.Differentials (11s)
✔ [6158/8034] Built Mathlib.LinearAlgebra.QuadraticForm.Real (8.7s)
✔ [6159/8034] Built Mathlib.RingTheory.Extension.Cotangent.Free (11s)
✔ [6160/8034] Built Mathlib.LinearAlgebra.QuadraticForm.QuadraticModuleCat (8.9s)
✔ [6161/8034] Built Mathlib.Analysis.LocallyConvex.AbsConvex (8.8s)
✔ [6162/8034] Built Mathlib.Topology.Algebra.Module.Multilinear.Bounded (8.2s)
✔ [6163/8034] Built Mathlib.LinearAlgebra.QuadraticForm.Prod (12s)
✔ [6164/8034] Built Mathlib.Analysis.LocallyConvex.ContinuousOfBounded (9.0s)
✔ [6165/8034] Built Mathlib.Topology.Algebra.Module.UniformConvergence (7.6s)
✔ [6166/8034] Built Mathlib.Topology.Category.Locale (5.7s)
✔ [6167/8034] Built Mathlib.Geometry.RingedSpace.OpenImmersion (58s)
✔ [6168/8034] Built Mathlib.LinearAlgebra.CliffordAlgebra.Basic (20s)
✔ [6169/8034] Built Mathlib.LinearAlgebra.QuadraticForm.TensorProduct.Isometries (20s)
✔ [6170/8034] Built Mathlib.Topology.Algebra.ProperAction.ProperlyDiscontinuous (7.0s)
✔ [6171/8034] Built Mathlib.Topology.Category.CompactlyGenerated (5.0s)
✔ [6172/8034] Built Mathlib.Topology.Category.CompHaus.EffectiveEpi (6.0s)
✔ [6173/8034] Built Mathlib.MeasureTheory.Measure.MeasureSpaceDef (8.7s)
✔ [6174/8034] Built Mathlib.Analysis.CStarAlgebra.Classes (30s)
✔ [6175/8034] Built Mathlib.Topology.Category.Stonean.Basic (6.7s)
✔ [6176/8034] Built Mathlib.Topology.Instances.Complex (7.9s)
✔ [6177/8034] Built Mathlib.Topology.Category.Profinite.Projective (5.4s)
✔ [6178/8034] Built Mathlib.RepresentationTheory.Homological.GroupCohomology.Basic (17s)
✔ [6179/8034] Built Mathlib.Topology.Category.Profinite.Product (6.4s)
✔ [6180/8034] Built Mathlib.Topology.Category.Profinite.Limits (4.0s)
✔ [6181/8034] Built Mathlib.Topology.Category.Compactum (7.4s)
✔ [6182/8034] Built Mathlib.Topology.Category.Profinite.AsLimit (5.8s)
✔ [6183/8034] Built Mathlib.Topology.MetricSpace.PartitionOfUnity (5.2s)
✔ [6184/8034] Built Mathlib.Topology.Category.Profinite.CofilteredLimit (8.2s)
✔ [6185/8034] Built Mathlib.MeasureTheory.Measure.AddContent (17s)
✔ [6186/8034] Built Mathlib.Algebra.Homology.DerivedCategory.FullyFaithful (4.8s)
✔ [6187/8034] Built Mathlib.Algebra.Homology.DerivedCategory.TStructure (5.6s)
✔ [6188/8034] Built Mathlib.Algebra.Homology.DerivedCategory.KInjective (5.1s)
✔ [6189/8034] Built Mathlib.Algebra.Homology.HomotopyCategory.KProjective (5.2s)
✔ [6190/8034] Built Mathlib.Analysis.LocallyConvex.WithSeminorms (25s)
✔ [6191/8034] Built Mathlib.Algebra.Lie.EngelSubalgebra (6.5s)
✔ [6192/8034] Built Mathlib.Topology.Homotopy.Lifting (9.8s)
✔ [6193/8034] Built Mathlib.RingTheory.Kaehler.JacobiZariski (37s)
✔ [6194/8034] Built Mathlib.Topology.MetricSpace.CoveringNumbers (8.8s)
✔ [6195/8034] Built Mathlib.FieldTheory.Minpoly.Field (8.2s)
✔ [6196/8034] Built Mathlib.Analysis.Complex.IntegerCompl (6.0s)
✔ [6197/8034] Built Mathlib.Analysis.Normed.Order.UpperLower (7.7s)
✔ [6198/8034] Built Mathlib.Analysis.Normed.Module.Convex (9.6s)
✔ [6199/8034] Built Mathlib.Algebra.Lie.Loop (31s)
✔ [6200/8034] Built Mathlib.FieldTheory.IntermediateField.Algebraic (13s)
✔ [6201/8034] Built Mathlib.Analysis.SpecialFunctions.Exp (9.4s)
✔ [6202/8034] Built Mathlib.Analysis.Complex.Convex (9.4s)
✔ [6203/8034] Built Mathlib.RingTheory.Localization.Integral (14s)
✔ [6204/8034] Built Mathlib.Analysis.Normed.Module.Ball.Pointwise (12s)
✔ [6205/8034] Built Mathlib.Analysis.Asymptotics.TVS (43s)
✔ [6206/8034] Built Mathlib.Topology.Algebra.Category.ProfiniteGrp.Basic (25s)
✔ [6207/8034] Built Mathlib.AlgebraicTopology.DoldKan.Equivalence (5.0s)
✔ [6208/8034] Built Mathlib.Topology.MetricSpace.HausdorffAlexandroff (5.5s)
✔ [6209/8034] Built Mathlib.Topology.MetricSpace.Perfect (5.6s)
✔ [6210/8034] Built Mathlib.Analysis.Complex.UpperHalfPlane.MoebiusAction (15s)
✔ [6211/8034] Built Mathlib.RepresentationTheory.Homological.FiniteCyclic (13s)
✔ [6212/8034] Built Mathlib.LinearAlgebra.CliffordAlgebra.CategoryTheory (4.8s)
✔ [6213/8034] Built Mathlib.RepresentationTheory.Homological.GroupHomology.Basic (14s)
✔ [6214/8034] Built Mathlib.Condensed.Basic (4.9s)
✔ [6215/8034] Built Mathlib.MeasureTheory.Function.AEMeasurableSequence (4.5s)
✔ [6216/8034] Built Mathlib.Topology.Order.Category.FrameAdjunction (7.6s)
✔ [6217/8034] Built Mathlib.MeasureTheory.Measure.Doubling (5.3s)
✔ [6218/8034] Built Mathlib.Geometry.RingedSpace.LocallyRingedSpace.HasColimits (9.1s)
✔ [6219/8034] Built Mathlib.MeasureTheory.Measure.AEDisjoint (4.9s)
✔ [6220/8034] Built Mathlib.RingTheory.Smooth.Kaehler (57s)
✔ [6221/8034] Built Mathlib.Topology.Category.Stonean.Limits (4.9s)
✔ [6222/8034] Built Mathlib.Topology.Category.Stonean.Adjunctions (4.6s)
✔ [6223/8034] Built Mathlib.Topology.Category.Profinite.EffectiveEpi (4.8s)
✔ [6224/8034] Built Mathlib.LinearAlgebra.QuadraticForm.Dual (15s)
✔ [6225/8034] Built Mathlib.Topology.Algebra.Module.Multilinear.Topology (15s)
✔ [6226/8034] Built Mathlib.LinearAlgebra.ExteriorAlgebra.Basic (14s)
✔ [6227/8034] Built Mathlib.Algebra.Homology.DerivedCategory.KProjective (6.4s)
✔ [6228/8034] Built Mathlib.Topology.Category.Profinite.Nobeling.Basic (10s)
✔ [6229/8034] Built Mathlib.Topology.Category.Profinite.Extend (8.0s)
✔ [6230/8034] Built Mathlib.LinearAlgebra.QuadraticForm.QuadraticModuleCat.Monoidal (18s)
✔ [6231/8034] Built Mathlib.Topology.Compactness.DeltaGeneratedSpace (7.1s)
✔ [6232/8034] Built Mathlib.Topology.Category.LightProfinite.Basic (11s)
✔ [6233/8034] Built Mathlib.Analysis.LocallyConvex.WeakDual (10s)
✔ [6234/8034] Built Mathlib.LinearAlgebra.CliffordAlgebra.Grading (20s)
✔ [6235/8034] Built Mathlib.LinearAlgebra.Charpoly.Basic (8.2s)
✔ [6236/8034] Built Mathlib.Algebra.Polynomial.Module.FiniteDimensional (5.8s)
✔ [6237/8034] Built Mathlib.LinearAlgebra.AnnihilatingPolynomial (6.3s)
✔ [6238/8034] Built Mathlib.Analysis.LocallyConvex.Barrelled (10s)
✔ [6239/8034] Built Mathlib.FieldTheory.Normal.Defs (11s)
✔ [6240/8034] Built Mathlib.Analysis.SpecialFunctions.PolynomialExp (5.8s)
✔ [6241/8034] Built Mathlib.Algebra.Homology.DerivedCategory.Ext.Basic (17s)
✔ [6242/8034] Built Mathlib.Analysis.InnerProductSpace.Defs (18s)
✔ [6243/8034] Built Mathlib.RingTheory.PowerBasis (15s)
✔ [6244/8034] Built Mathlib.Analysis.Convex.StrictConvexSpace (9.7s)
✔ [6245/8034] Built Mathlib.RingTheory.RingHom.Integral (11s)
✔ [6246/8034] Built Mathlib.Analysis.SpecialFunctions.Log.Basic (13s)
✔ [6247/8034] Built Mathlib.RingTheory.Ideal.GoingUp (14s)
✔ [6248/8034] Built Mathlib.RingTheory.IntegralClosure.IntegrallyClosed (14s)
✔ [6249/8034] Built Mathlib.FieldTheory.RatFunc.Basic (53s)
✔ [6250/8034] Built Mathlib.Analysis.SpecialFunctions.Trigonometric.Basic (17s)
✔ [6251/8034] Built Mathlib.Analysis.Calculus.FDeriv.Defs (10s)
✔ [6252/8034] Built Mathlib.Analysis.Normed.Group.AddCircle (14s)
✔ [6253/8034] Built Mathlib.FieldTheory.IntermediateField.Adjoin.Algebra (22s)
✔ [6254/8034] Built Mathlib.Analysis.Normed.Module.Ball.Homeomorph (14s)
✔ [6255/8034] Built Mathlib.Topology.Algebra.Module.Cardinality (8.0s)
✔ [6256/8034] Built Mathlib.Topology.Algebra.Category.ProfiniteGrp.Limits (11s)
✔ [6257/8034] Built Mathlib.Analysis.Complex.UpperHalfPlane.Topology (9.1s)
✔ [6258/8034] Built Mathlib.Condensed.TopComparison (7.8s)
✔ [6259/8034] Built Mathlib.Condensed.CartesianClosed (6.7s)
✔ [6260/8034] Built Mathlib.Condensed.Functors (6.3s)
✔ [6261/8034] Built Mathlib.Condensed.Module (7.3s)
✔ [6262/8034] Built Mathlib.NumberTheory.ModularForms.SlashActions (11s)
✔ [6263/8034] Built Mathlib.Topology.Category.Stonean.EffectiveEpi (6.1s)
✔ [6264/8034] Built Mathlib.Analysis.Convex.Gauge (20s)
✔ [6265/8034] Built Mathlib.MeasureTheory.Measure.NullMeasurable (6.0s)
✔ [6266/8034] Built Mathlib.Analysis.Convex.Side (30s)
✔ [6267/8034] Built Mathlib.Topology.Category.LightProfinite.Limits (5.4s)
✔ [6268/8034] Built Mathlib.Topology.Category.LightProfinite.Cartesian (5.8s)
✔ [6269/8034] Built Mathlib.Topology.Category.DeltaGenerated (6.1s)
✔ [6270/8034] Built Mathlib.Topology.Category.Profinite.Nobeling.ZeroLimit (7.2s)
✔ [6271/8034] Built Mathlib.LinearAlgebra.QuadraticForm.QuadraticModuleCat.Symmetric (7.2s)
✔ [6272/8034] Built Mathlib.Topology.Category.Profinite.Nobeling.Span (8.5s)
✔ [6273/8034] Built Mathlib.Topology.Category.LightProfinite.Sequence (6.1s)
✔ [6274/8034] Built Mathlib.Topology.Category.LightProfinite.AsLimit (6.8s)
✔ [6275/8034] Built Mathlib.Algebra.Homology.DerivedCategory.Ext.TStructure (5.0s)
✔ [6276/8034] Built Mathlib.LinearAlgebra.Charpoly.ToMatrix (6.8s)
✔ [6277/8034] Built Mathlib.CategoryTheory.Sites.SheafCohomology.Basic (7.9s)
✔ [6278/8034] Built Mathlib.Algebra.Homology.DerivedCategory.Ext.Linear (7.7s)
✔ [6279/8034] Built Mathlib.LinearAlgebra.ExteriorAlgebra.Grading (17s)
✔ [6280/8034] Built Mathlib.LinearAlgebra.Matrix.Charpoly.Minpoly (6.2s)
✔ [6281/8034] Built Mathlib.Topology.Algebra.Module.Alternating.Topology (19s)
✔ [6282/8034] Built Mathlib.Topology.Category.Profinite.Nobeling.Successor (17s)
✔ [6283/8034] Built Mathlib.Algebra.Homology.DerivedCategory.Ext.ExtClass (10s)
✔ [6284/8034] Built Mathlib.LinearAlgebra.CliffordAlgebra.Conjugation (13s)
✔ [6285/8034] Built Mathlib.RepresentationTheory.Induced (70s)
✔ [6286/8034] Built Mathlib.FieldTheory.Separable (10s)
✔ [6287/8034] Built Mathlib.LinearAlgebra.CliffordAlgebra.Prod (16s)
✔ [6288/8034] Built Mathlib.Analysis.Convex.StrictConvexBetween (6.4s)
✔ [6289/8034] Built Mathlib.Analysis.Convex.LinearIsometry (6.5s)
✔ [6290/8034] Built Mathlib.RingTheory.Conductor (10s)
✔ [6291/8034] Built Mathlib.Data.Complex.ExponentialBounds (4.9s)
✔ [6292/8034] Built Mathlib.NumberTheory.VonMangoldt (5.0s)
✔ [6293/8034] Built Mathlib.Topology.Algebra.Module.StrongTopology (68s)
✔ [6294/8034] Built Mathlib.Analysis.Convex.Uniform (7.7s)
✔ [6295/8034] Built Mathlib.RingTheory.Adjoin.PowerBasis (10s)
✔ [6296/8034] Built Mathlib.NumberTheory.ArithmeticFunction.VonMangoldt (6.4s)
✔ [6297/8034] Built Mathlib.Analysis.SpecialFunctions.Log.PosLog (6.6s)
✔ [6298/8034] Built Mathlib.Geometry.RingedSpace.PresheafedSpace.Gluing (30s)
✔ [6299/8034] Built Mathlib.NumberTheory.Height.Basic (9.6s)
✔ [6300/8034] Built Mathlib.Algebra.GCDMonoid.IntegrallyClosed (6.6s)
✔ [6301/8034] Built Mathlib.RingTheory.Valuation.Integral (6.8s)
✔ [6302/8034] Built Mathlib.RingTheory.Polynomial.RationalRoot (6.4s)
✔ [6303/8034] Built Mathlib.Analysis.InnerProductSpace.Basic (23s)
✔ [6304/8034] Built Mathlib.RingTheory.LocalProperties.IntegrallyClosed (12s)
✔ [6305/8034] Built Mathlib.Analysis.Convex.StrictCombination (18s)
✔ [6306/8034] Built Mathlib.Analysis.SpecialFunctions.Artanh (15s)
✔ [6307/8034] Built Mathlib.Analysis.Complex.Circle (10s)
✔ [6308/8034] Built Mathlib.Analysis.SpecialFunctions.Trigonometric.Chebyshev.Extremal (14s)
✔ [6309/8034] Built Mathlib.RingTheory.Jacobson.Ring (17s)
✔ [6310/8034] Built Mathlib.Analysis.Complex.UpperHalfPlane.FunctionsBoundedAtInfty (9.9s)
✔ [6311/8034] Built Mathlib.Analysis.SpecialFunctions.Trigonometric.Inverse (14s)
✔ [6312/8034] Built Mathlib.Analysis.Normed.Module.Connected (12s)
✔ [6313/8034] Built Mathlib.Condensed.Limits (7.7s)
✔ [6314/8034] Built Mathlib.Topology.Algebra.Category.ProfiniteGrp.Completion (13s)
✔ [6315/8034] Built Mathlib.Condensed.Equivalence (7.4s)
✔ [6316/8034] Built Mathlib.RingTheory.Spectrum.Prime.Topology (22s)
✔ [6317/8034] Built Mathlib.Condensed.TopCatAdjunction (12s)
✔ [6318/8034] Built Mathlib.RingTheory.AlgebraicIndependent.Adjoin (19s)
✔ [6319/8034] Built Mathlib.Topology.Category.LightProfinite.EffectiveEpi (7.0s)
✔ [6320/8034] Built Mathlib.Analysis.LocallyConvex.AbsConvexOpen (12s)
✔ [6321/8034] Built Mathlib.Analysis.Convex.GaugeRescale (13s)
✔ [6322/8034] Built Mathlib.Topology.Category.LightProfinite.Extend (11s)
✔ [6323/8034] Built Mathlib.Topology.Category.LightProfinite.Injective (14s)
✔ [6324/8034] Built Mathlib.LinearAlgebra.Charpoly.BaseChange (8.9s)
✔ [6325/8034] Built Mathlib.Topology.Category.Profinite.Nobeling.Induction (8.0s)
✔ [6326/8034] Built Mathlib.CategoryTheory.Abelian.Injective.Ext (15s)
✔ [6327/8034] Built Mathlib.Analysis.LocallyConvex.Separation (23s)
✔ [6328/8034] Built Mathlib.Algebra.Homology.DerivedCategory.Ext.Map (11s)
✔ [6329/8034] Built Mathlib.RingTheory.AlgebraicIndependent.TranscendenceBasis (32s)
✔ [6330/8034] Built Mathlib.CategoryTheory.Abelian.Projective.Ext (16s)
✔ [6331/8034] Built Mathlib.MeasureTheory.Measure.MeasureSpace (20s)
✔ [6332/8034] Built Mathlib.LinearAlgebra.Eigenspace.Zero (17s)
✔ [6333/8034] Built Mathlib.LinearAlgebra.CliffordAlgebra.Star (6.1s)
✔ [6334/8034] Built Mathlib.Analysis.SpecialFunctions.Bernstein (23s)
✔ [6335/8034] Built Mathlib.RepresentationTheory.Homological.GroupHomology.Shapiro (7.6s)
✔ [6336/8034] Built Mathlib.Analysis.SpecialFunctions.Trigonometric.Angle (39s)
✔ [6337/8034] Built Mathlib.RingTheory.Polynomial.SeparableDegree (4.9s)
✔ [6338/8034] Built Mathlib.Algebra.Module.LinearMap.Polynomial (22s)
✔ [6339/8034] Built Mathlib.RingTheory.AdjoinRoot (54s)
✔ [6340/8034] Built Mathlib.RepresentationTheory.Homological.GroupCohomology.Shapiro (8.0s)
✔ [6341/8034] Built Mathlib.Analysis.Normed.Field.WithAbs (8.9s)
✔ [6342/8034] Built Mathlib.LinearAlgebra.CliffordAlgebra.Fold (12s)
✔ [6343/8034] Built Mathlib.Analysis.LocallyConvex.StrongTopology (6.1s)
✔ [6344/8034] Built Mathlib.FieldTheory.Fixed (12s)
✔ [6345/8034] Built Mathlib.NumberTheory.ArithmeticFunction (5.4s)
✔ [6346/8034] Built Mathlib.RingTheory.DedekindDomain.Basic (5.6s)
✔ [6347/8034] Built Mathlib.Analysis.InnerProductSpace.Convex (5.7s)
✔ [6348/8034] Built Mathlib.LinearAlgebra.CliffordAlgebra.BaseChange (20s)
✔ [6349/8034] Built Mathlib.RingTheory.LocalRing.ResidueField.Instances (14s)
✔ [6350/8034] Built Mathlib.RingTheory.Derivation.MapCoeffs (14s)
✔ [6351/8034] Built Mathlib.Analysis.Normed.Operator.Compact (12s)
✔ [6352/8034] Built Mathlib.Analysis.Convex.Strong (8.0s)
✔ [6353/8034] Built Mathlib.Analysis.InnerProductSpace.GramMatrix (6.1s)
✔ [6354/8034] Built Mathlib.Analysis.InnerProductSpace.Affine (5.9s)
✔ [6355/8034] Built Mathlib.Geometry.Euclidean.Inversion.Basic (7.3s)
✔ [6356/8034] Built Mathlib.Algebra.Homology.DerivedCategory.Ext.ExactSequences (26s)
✔ [6357/8034] Built Mathlib.Analysis.Convex.AmpleSet (5.9s)
✔ [6358/8034] Built Mathlib.Condensed.Solid (5.0s)
✔ [6359/8034] Built Mathlib.NumberTheory.Niven (13s)
✔ [6360/8034] Built Mathlib.Condensed.Explicit (6.2s)
✔ [6361/8034] Built Mathlib.Analysis.Complex.Isometry (8.1s)
✔ [6362/8034] Built Mathlib.RingTheory.KrullDimension.Zero (6.0s)
✔ [6363/8034] Built Mathlib.Topology.Algebra.Module.PointwiseConvergence (17s)
✔ [6364/8034] Built Mathlib.Condensed.Epi (7.3s)
✔ [6365/8034] Built Mathlib.RingTheory.Valuation.LocalSubring (18s)
✔ [6366/8034] Built Mathlib.Analysis.Complex.UnitDisc.Basic (11s)
✔ [6367/8034] Built Mathlib.Analysis.InnerProductSpace.Projection.Minimal (12s)
✔ [6368/8034] Built Mathlib.RepresentationTheory.FiniteIndex (27s)
✔ [6369/8034] Built Mathlib.Condensed.AB (10s)
✔ [6370/8034] Built Mathlib.RingTheory.Ideal.GoingDown (7.3s)
✔ [6371/8034] Built Mathlib.RingTheory.Spectrum.Prime.IsOpenComapC (5.2s)
✔ [6372/8034] Built Mathlib.RingTheory.Spectrum.Maximal.Topology (4.8s)
✔ [6373/8034] Built Mathlib.Analysis.Normed.Operator.Basic (25s)
✔ [6374/8034] Built Mathlib.RingTheory.Spectrum.Prime.Noetherian (6.4s)
✔ [6375/8034] Built Mathlib.RingTheory.Spectrum.Prime.Module (5.0s)
✔ [6376/8034] Built Mathlib.RingTheory.Ideal.Height (8.5s)
✔ [6377/8034] Built Mathlib.Condensed.Light.Basic (5.9s)
✔ [6378/8034] Built Mathlib.RingTheory.Spectrum.Prime.ConstructibleSet (7.7s)
✔ [6379/8034] Built Mathlib.LinearAlgebra.Eigenspace.Charpoly (5.8s)
✔ [6380/8034] Built Mathlib.Condensed.Light.Instances (7.4s)
✔ [6381/8034] Built Mathlib.RingTheory.Spectrum.Prime.TensorProduct (8.4s)
✔ [6382/8034] Built Mathlib.Analysis.Convex.KreinMilman (6.9s)
✔ [6383/8034] Built Mathlib.RingTheory.Spectrum.Prime.FreeLocus (15s)
✔ [6384/8034] Built Mathlib.MeasureTheory.Measure.Map (7.8s)
✔ [6385/8034] Built Mathlib.RingTheory.Finiteness.ModuleFinitePresentation (7.7s)
✔ [6386/8034] Built Mathlib.Analysis.SpecialFunctions.Complex.Arg (10s)
✔ [6387/8034] Built Mathlib.Analysis.Convex.Cone.Dual (15s)
✔ [6388/8034] Built Mathlib.Analysis.LocallyConvex.WeakSpace (14s)
✔ [6389/8034] Built Mathlib.LinearAlgebra.Transvection (15s)
✔ [6390/8034] Built Mathlib.LinearAlgebra.FreeModule.Norm (10s)
✔ [6391/8034] Built Mathlib.RingTheory.Localization.Away.AdjoinRoot (6.9s)
✔ [6392/8034] Built Mathlib.Algebra.Lie.Rank (13s)
✔ [6393/8034] Built Mathlib.RingTheory.Adjoin.Field (12s)
✔ [6394/8034] Built Mathlib.FieldTheory.KummerPolynomial (6.5s)
✔ [6395/8034] Built Mathlib.Analysis.LocallyConvex.SeparatingDual (22s)
✔ [6396/8034] Built Mathlib.LinearAlgebra.CliffordAlgebra.Equivs (20s)
✔ [6397/8034] Built Mathlib.Algebra.Homology.DerivedCategory.Ext.EnoughInjectives (7.9s)
✔ [6398/8034] Built Mathlib.LinearAlgebra.SpecialLinearGroup (28s)
✔ [6399/8034] Built Mathlib.RingTheory.DiscreteValuationRing.TFAE (12s)
✔ [6400/8034] Built Mathlib.LinearAlgebra.ExteriorAlgebra.OfAlternating (14s)
✔ [6401/8034] Built Mathlib.Algebra.Homology.DerivedCategory.Ext.EnoughProjectives (7.8s)
✔ [6402/8034] Built Mathlib.RingTheory.KrullDimension.LocalRing (7.3s)
✔ [6403/8034] Built Mathlib.Analysis.Convex.Approximation (31s)
✔ [6404/8034] Built Mathlib.RingTheory.Localization.Pi (7.1s)
✔ [6405/8034] Built Mathlib.Condensed.EffectiveEpi (5.7s)
✔ [6406/8034] Built Mathlib.RingTheory.Spectrum.Prime.Polynomial (30s)
✔ [6407/8034] Built Mathlib.Analysis.InnerProductSpace.OfNorm (18s)
✔ [6408/8034] Built Mathlib.Algebra.Polynomial.Bivariate (19s)
✔ [6409/8034] Built Mathlib.Analysis.Normed.Module.RCLike.Extend (6.4s)
✔ [6410/8034] Built Mathlib.RingTheory.RingHom.Flat (7.5s)
✔ [6411/8034] Built Mathlib.RingTheory.Algebraic.StronglyTranscendental (11s)
✔ [6412/8034] Built Mathlib.LinearAlgebra.CliffordAlgebra.Even (24s)
✔ [6413/8034] Built Mathlib.Analysis.LocallyConvex.PointwiseConvergence (11s)
✔ [6414/8034] Built Mathlib.LinearAlgebra.CliffordAlgebra.Contraction (26s)
✔ [6415/8034] Built Mathlib.Analysis.Normed.Operator.Asymptotics (6.2s)
✔ [6416/8034] Built Mathlib.RingTheory.DedekindDomain.Ideal.Basic (25s)
✔ [6417/8034] Built Mathlib.RingTheory.Spectrum.Prime.Jacobson (4.7s)
✔ [6418/8034] Built Mathlib.RingTheory.KrullDimension.Module (5.5s)
✔ [6419/8034] Built Mathlib.RingTheory.KrullDimension.PID (5.1s)
✔ [6420/8034] Built Mathlib.Condensed.Light.TopComparison (5.1s)
✔ [6421/8034] Built Mathlib.Condensed.Light.CartesianClosed (5.2s)
✔ [6422/8034] Built Mathlib.Analysis.Normed.Operator.NNNorm (9.9s)
✔ [6423/8034] Built Mathlib.RingTheory.HopkinsLevitzki (8.3s)
✔ [6424/8034] Built Mathlib.Condensed.Discrete.Basic (5.4s)
✔ [6425/8034] Built Mathlib.Condensed.Light.Module (7.5s)
✔ [6426/8034] Built Mathlib.RingTheory.Grassmannian (5.6s)
✔ [6427/8034] Built Mathlib.MeasureTheory.Group.Defs (5.0s)
✔ [6428/8034] Built Mathlib.MeasureTheory.Measure.AbsolutelyContinuous (5.0s)
✔ [6429/8034] Built Mathlib.Analysis.Complex.Arg (5.0s)
✔ [6430/8034] Built Mathlib.Analysis.SpecialFunctions.Complex.Log (6.2s)
✔ [6431/8034] Built Mathlib.RingTheory.Polynomial.IsIntegral (42s)
✔ [6432/8034] Built Mathlib.Topology.ContinuousMap.Bounded.Normed (20s)
✔ [6433/8034] Built Mathlib.FieldTheory.SplittingField.IsSplittingField (7.1s)
✔ [6434/8034] Built Mathlib.RingTheory.Unramified.Basic (8.5s)
✔ [6435/8034] Built Mathlib.CategoryTheory.Abelian.Injective.Dimension (6.3s)
✔ [6436/8034] Built Mathlib.CategoryTheory.Abelian.GrothendieckCategory.HasExt (4.9s)
✔ [6437/8034] Built Mathlib.LinearAlgebra.Center (11s)
✔ [6438/8034] Built Mathlib.FieldTheory.Perfect (9.5s)
✔ [6439/8034] Built Mathlib.RingTheory.DedekindDomain.Dvr (6.9s)
✔ [6440/8034] Built Mathlib.Algebra.Category.ModuleCat.Ext.HasExt (4.7s)
✔ [6441/8034] Built Mathlib.Analysis.Normed.Operator.Extend (24s)
✔ [6442/8034] Built Mathlib.AlgebraicGeometry.StructureSheaf (66s)
✔ [6443/8034] Built Mathlib.RingTheory.RingHom.FinitePresentation (14s)
✔ [6444/8034] Built Mathlib.CategoryTheory.Abelian.Projective.Dimension (5.7s)
✔ [6445/8034] Built Mathlib.AlgebraicGeometry.EllipticCurve.Affine.Basic (7.6s)
✔ [6446/8034] Built Mathlib.RingTheory.RingHom.FaithfullyFlat (5.9s)
✔ [6447/8034] Built Mathlib.CategoryTheory.Sites.SheafCohomology.MayerVietoris (45s)
✔ [6448/8034] Built Mathlib.Analysis.LocallyConvex.WeakOperatorTopology (17s)
✔ [6449/8034] Built Mathlib.LinearAlgebra.CliffordAlgebra.Inversion (8.3s)
✔ [6450/8034] Built Mathlib.Algebra.Lie.CartanExists (21s)
✔ [6451/8034] Built Mathlib.RingTheory.LocalRing.ResidueField.Fiber (28s)
✔ [6452/8034] Built Mathlib.Condensed.Light.TopCatAdjunction (10s)
✔ [6453/8034] Built Mathlib.RingTheory.Jacobson.Artinian (6.7s)
✔ [6454/8034] Built Mathlib.RingTheory.OrderOfVanishing (10s)
✔ [6455/8034] Built Mathlib.Condensed.Light.Explicit (5.1s)
✔ [6456/8034] Built Mathlib.Condensed.Light.Limits (5.3s)
✔ [6457/8034] Built Mathlib.MeasureTheory.Covering.VitaliFamily (6.1s)
✔ [6458/8034] Built Mathlib.Condensed.Light.Small (8.6s)
✔ [6459/8034] Built Mathlib.Algebra.Category.Ring.Under.Limits (20s)
✔ [6460/8034] Built Mathlib.LinearAlgebra.CliffordAlgebra.EvenEquiv (19s)
✔ [6461/8034] Built Mathlib.RingTheory.Ideal.KrullsHeightTheorem (14s)
✔ [6462/8034] Built Mathlib.Condensed.Discrete.LocallyConstant (11s)
✔ [6463/8034] Built Mathlib.MeasureTheory.Measure.QuasiMeasurePreserving (5.4s)
✔ [6464/8034] Built Mathlib.Analysis.SpecialFunctions.Complex.Circle (6.0s)
✔ [6465/8034] Built Mathlib.Condensed.Light.Monoidal (14s)
✔ [6466/8034] Built Mathlib.Analysis.SpecialFunctions.Complex.CircleMap (5.3s)
✔ [6467/8034] Built Mathlib.LinearAlgebra.ExteriorPower.Basic (29s)
✔ [6468/8034] Built Mathlib.RingTheory.RootsOfUnity.Complex (6.7s)
✔ [6469/8034] Built Mathlib.Topology.ContinuousMap.Bounded.Star (6.2s)
✔ [6470/8034] Built Mathlib.Topology.ContinuousMap.BoundedCompactlySupported (5.4s)
✔ [6471/8034] Built Mathlib.RingTheory.ClassGroup (24s)
✔ [6472/8034] Built Mathlib.Analysis.SpecialFunctions.Pow.Complex (7.4s)
✔ [6473/8034] Built Mathlib.Topology.MetricSpace.GromovHausdorffRealized (8.4s)
✔ [6474/8034] Built Mathlib.Topology.TietzeExtension (8.6s)
✔ [6475/8034] Built Mathlib.Analysis.Normed.Operator.Bilinear (51s)
✔ [6476/8034] Built Mathlib.Analysis.Calculus.FDeriv.Basic (30s)
✔ [6477/8034] Built Mathlib.RingTheory.Flat.TorsionFree (6.2s)
✔ [6478/8034] Built Mathlib.FieldTheory.SplittingField.Construction (10s)
✔ [6479/8034] Built Mathlib.RingTheory.Unramified.Pi (9.9s)
✔ [6480/8034] Built Mathlib.Algebra.Category.ModuleCat.Ext.DimensionShifting (9.2s)
✔ [6481/8034] Built Mathlib.FieldTheory.PerfectClosure (10s)
✔ [6482/8034] Built Mathlib.FieldTheory.Finite.Basic (12s)
✔ [6483/8034] Built Mathlib.Algebra.Category.ModuleCat.Descent (7.0s)
✔ [6484/8034] Built Mathlib.RingTheory.DedekindDomain.Ideal.Lemmas (38s)
✔ [6485/8034] Built Mathlib.RingTheory.Flat.FaithfullyFlat.Descent (8.5s)
✔ [6486/8034] Built Mathlib.RingTheory.Finiteness.Descent (10s)
✔ [6487/8034] Built Mathlib.AlgebraicGeometry.EllipticCurve.Projective.Basic (14s)
✔ [6488/8034] Built Mathlib.Condensed.Light.Functors (7.1s)
✔ [6489/8034] Built Mathlib.RingTheory.Unramified.Finite (19s)
✔ [6490/8034] Built Mathlib.AlgebraicGeometry.EllipticCurve.Jacobian.Basic (15s)
✔ [6491/8034] Built Mathlib.RingTheory.Smooth.Basic (21s)
✔ [6492/8034] Built Mathlib.RingTheory.KrullDimension.Polynomial (6.4s)
✔ [6493/8034] Built Mathlib.Condensed.Light.Epi (7.3s)
✔ [6494/8034] Built Mathlib.LinearAlgebra.CliffordAlgebra.SpinGroup (11s)
✔ [6495/8034] Built Mathlib.Dynamics.BirkhoffSum.QuasiMeasurePreserving (3.0s)
✔ [6496/8034] Built Mathlib.AlgebraicGeometry.EllipticCurve.Affine.Formula (15s)
✔ [6497/8034] Built Mathlib.RingTheory.Spectrum.Prime.LTSeries (5.4s)
✔ [6498/8034] Built Mathlib.FieldTheory.IntermediateField.Adjoin.Basic (26s)
✔ [6499/8034] Built Mathlib.RingTheory.Spectrum.Prime.ChevalleyComplexity (50s)
✔ [6500/8034] Built Mathlib.MeasureTheory.Measure.Comap (5.1s)
✔ [6501/8034] Built Mathlib.AlgebraicGeometry.Spec (21s)
✔ [6502/8034] Built Mathlib.Topology.Algebra.PontryaginDual (5.8s)
✔ [6503/8034] Built Mathlib.LinearAlgebra.Semisimple (24s)
✔ [6504/8034] Built Mathlib.Algebra.Category.ModuleCat.ExteriorPower (6.5s)
✔ [6505/8034] Built Mathlib.NumberTheory.MulChar.Lemmas (5.9s)
✔ [6506/8034] Built Mathlib.LinearAlgebra.ExteriorPower.Pairing (7.7s)
✔ [6507/8034] Built Mathlib.LinearAlgebra.QuadraticForm.Complex (6.8s)
✔ [6508/8034] Built Mathlib.Analysis.RCLike.BoundedContinuous (8.1s)
✔ [6509/8034] Built Mathlib.RingTheory.UniqueFactorizationDomain.ClassGroup (7.5s)
✔ [6510/8034] Built Mathlib.Analysis.SpecialFunctions.Trigonometric.Complex (7.8s)
✔ [6511/8034] Built Mathlib.Analysis.Fourier.BoundedContinuousFunctionChar (9.9s)
✔ [6512/8034] Built Mathlib.Condensed.Discrete.Colimit (15s)
✔ [6513/8034] Built Mathlib.Analysis.SpecialFunctions.Pow.Real (10s)
✔ [6514/8034] Built Mathlib.Topology.ContinuousMap.Compact (12s)
✔ [6515/8034] Built Mathlib.Analysis.Normed.Operator.Completeness (7.8s)
✔ [6516/8034] Built Mathlib.Analysis.Calculus.FDeriv.RestrictScalars (9.7s)
✔ [6517/8034] Built Mathlib.RingTheory.Polynomial.GaussLemma (6.6s)
✔ [6518/8034] Built Mathlib.Analysis.Normed.Operator.NormedSpace (14s)
✔ [6519/8034] Built Mathlib.Condensed.Discrete.Module (22s)
✔ [6520/8034] Built Mathlib.Topology.ContinuousMap.ZeroAtInfty (17s)
✔ [6521/8034] Built Mathlib.RingTheory.ZMod.Torsion (5.4s)
✔ [6522/8034] Built Mathlib.Analysis.Calculus.FDeriv.Congr (11s)
✔ [6523/8034] Built Mathlib.NumberTheory.DirichletCharacter.Bounds (5.0s)
✔ [6524/8034] Built Mathlib.Analysis.Calculus.FDeriv.Comp (13s)
✔ [6525/8034] Built Mathlib.Algebra.Category.ModuleCat.Ext.Finite (10s)
✔ [6526/8034] Built Mathlib.FieldTheory.Finite.Polynomial (7.3s)
✔ [6527/8034] Built Mathlib.LinearAlgebra.RootSystem.IsValuedIn (14s)
✔ [6528/8034] Built Mathlib.NumberTheory.Wilson (5.8s)
✔ [6529/8034] Built Mathlib.NumberTheory.LegendreSymbol.QuadraticChar.Basic (7.5s)
✔ [6530/8034] Built Mathlib.RingTheory.ZMod.UnitsCyclic (10s)
✔ [6531/8034] Built Mathlib.NumberTheory.PowModTotient (5.0s)
✔ [6532/8034] Built Mathlib.Analysis.Normed.Operator.Prod (19s)
✔ [6533/8034] Built Mathlib.LinearAlgebra.Matrix.Charpoly.FiniteField (6.6s)
✔ [6534/8034] Built Mathlib.NumberTheory.FermatPsp (9.5s)
✔ [6535/8034] Built Mathlib.FieldTheory.ChevalleyWarning (6.9s)
✔ [6536/8034] Built Mathlib.Algebra.Module.DedekindDomain (5.5s)
✔ [6537/8034] Built Mathlib.NumberTheory.SumFourSquares (10s)
✔ [6538/8034] Built Mathlib.GroupTheory.SpecificGroups.ZGroup (9.5s)
✔ [6539/8034] Built Mathlib.RingTheory.DedekindDomain.PID (8.0s)
✔ [6540/8034] Built Mathlib.RingTheory.Etale.Basic (6.6s)
✔ [6541/8034] Built Mathlib.Condensed.Light.EffectiveEpi (4.7s)
✔ [6542/8034] Built Mathlib.Condensed.Light.AB (5.6s)
✔ [6543/8034] Built Mathlib.RingTheory.Smooth.AdicCompletion (6.7s)
✔ [6544/8034] Built Mathlib.RingTheory.QuasiFinite.Basic (42s)
✔ [6545/8034] Built Mathlib.RingTheory.FractionalIdeal.Extended (10s)
✔ [6546/8034] Built Mathlib.Condensed.Light.InternallyProjective (6.7s)
✔ [6547/8034] Built Mathlib.RingTheory.Smooth.Local (10s)
✔ [6548/8034] Built Mathlib.RingTheory.Smooth.Pi (10s)
✔ [6549/8034] Built Mathlib.RingTheory.Valuation.Minpoly (4.4s)
✔ [6550/8034] Built Mathlib.RingTheory.KrullDimension.Regular (7.5s)
✔ [6551/8034] Built Mathlib.RingTheory.AlgebraicIndependent.RankAndCardinality (6.0s)
✔ [6552/8034] Built Mathlib.LinearAlgebra.Eigenspace.Semisimple (8.9s)
✔ [6553/8034] Built Mathlib.LinearAlgebra.JordanChevalley (9.7s)
✔ [6554/8034] Built Mathlib.LinearAlgebra.ExteriorPower.Basis (10s)
✔ [6555/8034] Built Mathlib.MeasureTheory.Measure.Restrict (14s)
✔ [6556/8034] Built Mathlib.FieldTheory.Relrank (15s)
✔ [6557/8034] Built Mathlib.FieldTheory.Extension (16s)
✔ [6558/8034] Built Mathlib.Analysis.SpecialFunctions.Trigonometric.Arctan (10s)
✔ [6559/8034] Built Mathlib.RingTheory.Spectrum.Prime.Chevalley (17s)
✔ [6560/8034] Built Mathlib.AlgebraicGeometry.EllipticCurve.Jacobian.Formula (22s)
✔ [6561/8034] Built Mathlib.Analysis.Normed.Unbundled.RingSeminorm (7.6s)
✔ [6562/8034] Built Mathlib.NumberTheory.ClassNumber.AdmissibleCardPowDegree (6.5s)
✔ [6563/8034] Built Mathlib.Analysis.Convex.SpecificFunctions.Basic (6.1s)
✔ [6564/8034] Built Mathlib.RingTheory.Valuation.RankOne (5.9s)
✔ [6565/8034] Built Mathlib.Analysis.SpecialFunctions.Log.Base (8.3s)
✔ [6566/8034] Built Mathlib.Analysis.RCLike.Sqrt (17s)
✔ [6567/8034] Built Mathlib.Analysis.SpecialFunctions.Log.Monotone (5.3s)
✔ [6568/8034] Built Mathlib.Combinatorics.SimpleGraph.Regularity.Bound (9.6s)
✔ [6569/8034] Built Mathlib.Analysis.SpecificLimits.FloorPow (13s)
✔ [6570/8034] Built Mathlib.Tactic.NormNum.Irrational (8.1s)
✔ [6571/8034] Built Mathlib.AlgebraicGeometry.Scheme (24s)
✔ [6572/8034] Built Mathlib.Topology.ContinuousMap.Weierstrass (5.6s)
✔ [6573/8034] Built Mathlib.Topology.MetricSpace.Ultra.ContinuousMaps (5.0s)
✔ [6574/8034] Built Mathlib.Analysis.SpecialFunctions.Log.RpowTendsto (11s)
✔ [6575/8034] Built Mathlib.Analysis.Complex.OperatorNorm (6.3s)
✔ [6576/8034] Built Mathlib.Analysis.Normed.Module.RCLike.Basic (7.2s)
✔ [6577/8034] Built Mathlib.Analysis.SpecialFunctions.Pow.NNReal (12s)
✔ [6578/8034] Built Mathlib.AlgebraicGeometry.EllipticCurve.Affine.Point (36s)
✔ [6579/8034] Built Mathlib.Topology.MetricSpace.UniformConvergence (11s)
✔ [6580/8034] Built Mathlib.Analysis.AbsoluteValue.Equivalence (15s)
✔ [6581/8034] Built Mathlib.Analysis.Normed.Module.Completion (6.7s)
✔ [6582/8034] Built Mathlib.RingTheory.Polynomial.Resultant.Basic (58s)
✔ [6583/8034] Built Mathlib.Analysis.Normed.Operator.BanachSteinhaus (4.9s)
✔ [6584/8034] Built Mathlib.FieldTheory.Minpoly.IsIntegrallyClosed (13s)
✔ [6585/8034] Built Mathlib.Topology.ContinuousMap.Ideals (16s)
✔ [6586/8034] Built Mathlib.Analysis.Normed.Group.ZeroAtInfty (5.7s)
✔ [6587/8034] Built Mathlib.Analysis.Normed.Affine.ContinuousAffineMap (10s)
✔ [6588/8034] Built Mathlib.Topology.ContinuousMap.ContinuousMapZero (20s)
✔ [6589/8034] Built Mathlib.RingTheory.WittVector.StructurePolynomial (9.2s)
✔ [6590/8034] Built Mathlib.LinearAlgebra.RootSystem.Reduced (8.2s)
✔ [6591/8034] Built Mathlib.Analysis.Calculus.FDeriv.Const (11s)
✔ [6592/8034] Built Mathlib.NumberTheory.LegendreSymbol.Basic (5.8s)
✔ [6593/8034] Built Mathlib.NumberTheory.ArithmeticFunction.Carmichael (6.3s)
✔ [6594/8034] Built Mathlib.LinearAlgebra.RootSystem.BaseChange (11s)
✔ [6595/8034] Built Mathlib.Analysis.Normed.Module.Multilinear.Basic (77s)
✔ [6596/8034] Built Mathlib.Condensed.Discrete.Characterization (16s)
✔ [6597/8034] Built Mathlib.AlgebraicGeometry.EllipticCurve.Projective.Formula (53s)
✔ [6598/8034] Built Mathlib.Analysis.CStarAlgebra.ContinuousMap (16s)
✔ [6599/8034] Built Mathlib.RingTheory.PicardGroup (47s)
✔ [6600/8034] Built Mathlib.LinearAlgebra.RootSystem.RootPositive (10s)
✔ [6601/8034] Built Mathlib.Combinatorics.Additive.ErdosGinzburgZiv (8.3s)
✔ [6602/8034] Built Mathlib.Analysis.Normed.Operator.Banach (26s)
✔ [6603/8034] Built Mathlib.RingTheory.LocalProperties.Semilocal (6.8s)
✔ [6604/8034] Built Mathlib.Analysis.Normed.Operator.Mul (21s)
✔ [6605/8034] Built Mathlib.RingTheory.Etale.Pi (5.5s)
✔ [6606/8034] Built Mathlib.MeasureTheory.Measure.Typeclasses.NoAtoms (5.7s)
✔ [6607/8034] Built Mathlib.MeasureTheory.Measure.MutuallySingular (6.9s)
✔ [6608/8034] Built Mathlib.Algebra.Module.PID (12s)
✔ [6609/8034] Built Mathlib.RingTheory.Smooth.StandardSmoothCotangent (12s)
✔ [6610/8034] Built Mathlib.Data.Real.Pi.Bounds (5.9s)
✔ [6611/8034] Built Mathlib.FieldTheory.Minpoly.IsConjRoot (8.4s)
✔ [6612/8034] Built Mathlib.Topology.ContinuousMap.CompactlySupported (27s)
✔ [6613/8034] Built Mathlib.MeasureTheory.Measure.Typeclasses.Finite (10s)
✔ [6614/8034] Built Mathlib.Analysis.Polynomial.Norm (6.5s)
✔ [6615/8034] Built Mathlib.Analysis.Normed.Unbundled.SeminormFromBounded (7.7s)
✔ [6616/8034] Built Mathlib.Analysis.Normed.Unbundled.SeminormFromConst (9.1s)
✔ [6617/8034] Built Mathlib.NumberTheory.Padics.ValuativeRel (6.3s)
✔ [6618/8034] Built Mathlib.Analysis.Normed.Unbundled.AlgebraNorm (9.6s)
✔ [6619/8034] Built Mathlib.FieldTheory.Normal.Basic (14s)
✔ [6620/8034] Built Mathlib.RingTheory.Valuation.DiscreteValuativeRel (7.0s)
✔ [6621/8034] Built Mathlib.Topology.Algebra.Valued.NormedValued (9.3s)
✔ [6622/8034] Built Mathlib.AlgebraicGeometry.Modules.Presheaf (6.2s)
✔ [6623/8034] Built Mathlib.AlgebraicGeometry.Over (6.2s)
✔ [6624/8034] Built Mathlib.Analysis.Convex.SpecificFunctions.Pow (6.0s)
✔ [6625/8034] Built Mathlib.FieldTheory.IsAlgClosed.Basic (21s)
✔ [6626/8034] Built Mathlib.Analysis.Normed.Module.RieszLemma (8.5s)
✔ [6627/8034] Built Mathlib.LinearAlgebra.Matrix.HermitianFunctionalCalculus (6.3s)
✔ [6628/8034] Built Mathlib.Tactic.ComputeAsymptotics.Multiseries.Basis (7.1s)
✔ [6629/8034] Built Mathlib.Computability.AkraBazzi.GrowsPolynomially (18s)
✔ [6630/8034] Built Mathlib.RingTheory.RingHom.QuasiFinite (31s)
✔ [6631/8034] Built Mathlib.Analysis.MeanInequalitiesPow (11s)
✔ [6632/8034] Built Mathlib.NumberTheory.Padics.MahlerBasis (14s)
✔ [6633/8034] Built Mathlib.Analysis.NormedSpace.DualNumber (6.3s)
✔ [6634/8034] Built Mathlib.Analysis.MeanInequalities (13s)
✔ [6635/8034] Built Mathlib.LinearAlgebra.Matrix.LDL (6.0s)
✔ [6636/8034] Built Mathlib.AlgebraicGeometry.OpenImmersion (21s)
✔ [6637/8034] Built Mathlib.Analysis.SpecialFunctions.Log.ENNRealLog (6.4s)
✔ [6638/8034] Built Mathlib.RingTheory.QuasiFinite.Weakly (35s)
✔ [6639/8034] Built Mathlib.Analysis.SpecialFunctions.Pow.Asymptotics (7.3s)
✔ [6640/8034] Built Mathlib.LinearAlgebra.Matrix.Charpoly.Disc (5.9s)
✔ [6641/8034] Built Mathlib.RingTheory.RootsOfUnity.Minpoly (7.7s)
✔ [6642/8034] Built Mathlib.Tactic.ComputeAsymptotics.Multiseries.Corecursion (10s)
✔ [6643/8034] Built Mathlib.RingTheory.Etale.StandardEtale (44s)
✔ [6644/8034] Built Mathlib.AlgebraicGeometry.EllipticCurve.DivisionPolynomial.Basic (12s)
✔ [6645/8034] Built Mathlib.Combinatorics.SimpleGraph.Regularity.Chunk (32s)
✔ [6646/8034] Built Mathlib.AlgebraicGeometry.EllipticCurve.Jacobian.Point (15s)
✔ [6647/8034] Built Mathlib.RingTheory.IntegralClosure.GoingDown (13s)
✔ [6648/8034] Built Mathlib.RingTheory.WittVector.Defs (9.9s)
✔ [6649/8034] Built Mathlib.RingTheory.Perfection (20s)
✔ [6650/8034] Built Mathlib.Topology.ContinuousMap.StarOrdered (11s)
✔ [6651/8034] Built Mathlib.NumberTheory.Zsqrtd.QuadraticReciprocity (8.7s)
✔ [6652/8034] Built Mathlib.RingTheory.DedekindDomain.Instances (51s)
✔ [6653/8034] Built Mathlib.RingTheory.IsAdjoinRoot (17s)
✔ [6654/8034] Built Mathlib.NumberTheory.LegendreSymbol.GaussEisensteinLemmas (10s)
✔ [6655/8034] Built Mathlib.Analysis.Normed.Operator.CompleteCodomain (8.5s)
✔ [6656/8034] Built Mathlib.Analysis.BoxIntegral.Partition.Additive (8.4s)
✔ [6657/8034] Built Mathlib.MeasureTheory.Topology (5.5s)
✔ [6658/8034] Built Mathlib.AlgebraicGeometry.EllipticCurve.Projective.Point (11s)
✔ [6659/8034] Built Mathlib.GroupTheory.FiniteAbelian.Basic (8.6s)
✔ [6660/8034] Built Mathlib.Analysis.Normed.Module.Complemented (14s)
✔ [6661/8034] Built Mathlib.Analysis.Normed.Module.PiTensorProduct.ProjectiveSeminorm (17s)
✔ [6662/8034] Built Mathlib.FieldTheory.Minpoly.ConjRootClass (6.7s)
✔ [6663/8034] Built Mathlib.LinearAlgebra.RootSystem.Finite.CanonicalBilinear (18s)
✔ [6664/8034] Built Mathlib.Analysis.Calculus.Deriv.Basic (26s)
✔ [6665/8034] Built Mathlib.MeasureTheory.Measure.Sub (5.6s)
✔ [6666/8034] Built Mathlib.MeasureTheory.Measure.Typeclasses.Probability (6.9s)
✔ [6667/8034] Built Mathlib.Analysis.Calculus.InverseFunctionTheorem.ApproximatesLinearOn (22s)
✔ [6668/8034] Built Mathlib.MeasureTheory.Measure.Decomposition.Hahn (8.6s)
✔ [6669/8034] Built Mathlib.Analysis.Normed.Algebra.Unitization (19s)
✔ [6670/8034] Built Mathlib.MeasureTheory.Measure.MeasuredSets (11s)
✔ [6671/8034] Built Mathlib.Topology.ContinuousMap.StoneWeierstrass (35s)
✔ [6672/8034] Built Mathlib.Analysis.Normed.Operator.BoundedLinearMaps (24s)
✔ [6673/8034] Built Mathlib.RingTheory.Nullstellensatz (8.5s)
✔ [6674/8034] Built Mathlib.MeasureTheory.Measure.Typeclasses.SFinite (10s)
✔ [6675/8034] Built Mathlib.RingTheory.Extension.Cotangent.LocalizationAway (18s)
✔ [6676/8034] Built Mathlib.RepresentationTheory.AlgebraRepresentation.Basic (6.3s)
✔ [6677/8034] Built Mathlib.LinearAlgebra.Matrix.Charpoly.Eigs (5.7s)
✔ [6678/8034] Built Mathlib.FieldTheory.IsAlgClosed.Spectrum (7.0s)
✔ [6679/8034] Built Mathlib.RingTheory.SimpleModule.IsAlgClosed (5.6s)
✔ [6680/8034] Built Mathlib.FieldTheory.Normal.Closure (13s)
✔ [6681/8034] Built Mathlib.FieldTheory.IsAlgClosed.Classification (9.5s)
✔ [6682/8034] Built Mathlib.RingTheory.Etale.Kaehler (79s)
✔ [6683/8034] Built Mathlib.Topology.Algebra.Valued.LocallyCompact (15s)
✔ [6684/8034] Built Mathlib.Tactic.ComputeAsymptotics.Multiseries.Majorized (6.1s)
✔ [6685/8034] Built Mathlib.FieldTheory.IsAlgClosed.AlgebraicClosure (12s)
✔ [6686/8034] Built Mathlib.AlgebraicGeometry.Sites.MorphismProperty (7.6s)
✔ [6687/8034] Built Mathlib.Topology.MetricSpace.Snowflaking (9.7s)
✔ [6688/8034] Built Mathlib.NumberTheory.Padics.AddChar (11s)
✔ [6689/8034] Built Mathlib.FieldTheory.PrimitiveElement (14s)
✔ [6690/8034] Built Mathlib.AlgebraicGeometry.EllipticCurve.DivisionPolynomial.Degree (11s)
✔ [6691/8034] Built Mathlib.Analysis.SpecialFunctions.Pow.Continuity (13s)
✔ [6692/8034] Built Mathlib.Topology.ContinuousMap.ContinuousSqrt (8.1s)
✔ [6693/8034] Built Mathlib.RingTheory.Perfectoid.Untilt (8.5s)
✔ [6694/8034] Built Mathlib.Combinatorics.SimpleGraph.Regularity.Increment (12s)
✔ [6695/8034] Built Mathlib.RingTheory.WittVector.Basic (11s)
✔ [6696/8034] Built Mathlib.GroupTheory.FiniteAbelian.Duality (6.6s)
✔ [6697/8034] Built Mathlib.LinearAlgebra.Matrix.GeneralLinearGroup.FinTwo (14s)
✔ [6698/8034] Built Mathlib.Analysis.Normed.Module.Alternating.Basic (50s)
✔ [6699/8034] Built Mathlib.Analysis.Calculus.Deriv.Support (5.7s)
✔ [6700/8034] Built Mathlib.NumberTheory.SumTwoSquares (13s)
✔ [6701/8034] Built Mathlib.MeasureTheory.Constructions.Projective (7.2s)
✔ [6702/8034] Built Mathlib.Probability.ConditionalProbability (8.9s)
✔ [6703/8034] Built Mathlib.Analysis.InnerProductSpace.Continuous (7.2s)
✔ [6704/8034] Built Mathlib.Analysis.Calculus.FDeriv.Linear (8.9s)
✔ [6705/8034] Built Mathlib.ModelTheory.Algebra.Ring.Definability (7.6s)
✔ [6706/8034] Built Mathlib.NumberTheory.KummerDedekind (20s)
✔ [6707/8034] Built Mathlib.LinearAlgebra.RootSystem.Finite.Nondegenerate (15s)
✔ [6708/8034] Built Mathlib.MeasureTheory.Measure.Decomposition.Exhaustion (6.0s)
✔ [6709/8034] Built Mathlib.MeasureTheory.Measure.Real (8.8s)
✔ [6710/8034] Built Mathlib.MeasureTheory.Measure.Trim (6.5s)
✔ [6711/8034] Built Mathlib.MeasureTheory.Measure.Dirac (7.9s)
✔ [6712/8034] Built Mathlib.Analysis.Normed.Lp.ProdLp (34s)
✔ [6713/8034] Built Mathlib.Analysis.Normed.Module.Multilinear.Curry (64s)
✔ [6714/8034] Built Mathlib.Analysis.CStarAlgebra.Unitization (21s)
✔ [6715/8034] Built Mathlib.RepresentationTheory.Irreducible (8.1s)
✔ [6716/8034] Built Mathlib.CategoryTheory.Preadditive.Schur (6.5s)
✔ [6717/8034] Built Mathlib.LinearAlgebra.Eigenspace.Triangularizable (10s)
✔ [6718/8034] Built Mathlib.FieldTheory.AlgebraicClosure (8.7s)
✔ [6719/8034] Built Mathlib.NumberTheory.LocalField.Basic (8.3s)
✔ [6720/8034] Built Mathlib.Analysis.Calculus.Deriv.Comp (26s)
✔ [6721/8034] Built Mathlib.Analysis.CStarAlgebra.ContinuousFunctionalCalculus.Unital (35s)
✔ [6722/8034] Built Mathlib.ModelTheory.Algebra.Field.IsAlgClosed (6.5s)
✔ [6723/8034] Built Mathlib.RingTheory.Unramified.Locus (12s)
✔ [6724/8034] Built Mathlib.Topology.VectorBundle.Basic (23s)
✔ [6725/8034] Built Mathlib.RingTheory.Nilpotent.GeometricallyReduced (7.5s)
✔ [6726/8034] Built Mathlib.RingTheory.Smooth.Locus (13s)
✔ [6727/8034] Built Mathlib.AlgebraicGeometry.Cover.MorphismProperty (8.5s)
✔ [6728/8034] Built Mathlib.FieldTheory.Isaacs (9.2s)
✔ [6729/8034] Built Mathlib.FieldTheory.Minpoly.MinpolyDiv (8.3s)
✔ [6730/8034] Built Mathlib.RingTheory.Norm.Basic (8.6s)
✔ [6731/8034] Built Mathlib.Analysis.Normed.Unbundled.IsPowMulFaithful (8.1s)
✔ [6732/8034] Built Mathlib.FieldTheory.Differential.Basic (12s)
✔ [6733/8034] Built Mathlib.Analysis.Asymptotics.SpecificAsymptotics (8.2s)
✔ [6734/8034] Built Mathlib.Analysis.Normed.Module.PiTensorProduct.InjectiveSeminorm (42s)
✔ [6735/8034] Built Mathlib.Combinatorics.SimpleGraph.Regularity.Lemma (8.7s)
✔ [6736/8034] Built Mathlib.RingTheory.WittVector.Teichmuller (6.9s)
✔ [6737/8034] Built Mathlib.Analysis.PSeries (14s)
✔ [6738/8034] Built Mathlib.Analysis.Normed.Unbundled.SmoothingSeminorm (13s)
✔ [6739/8034] Built Mathlib.Topology.MetricSpace.Holder (10s)
✔ [6740/8034] Built Mathlib.NumberTheory.MulChar.Duality (6.5s)
✔ [6741/8034] Built Mathlib.NumberTheory.Ostrowski (16s)
✔ [6742/8034] Built Mathlib.Topology.Instances.Matrix (8.6s)
✔ [6743/8034] Built Mathlib.AlgebraicGeometry.Modules.Sheaf (65s)
✔ [6744/8034] Built Mathlib.MeasureTheory.Constructions.ProjectiveFamilyContent (5.5s)
✔ [6745/8034] Built Mathlib.RingTheory.WittVector.IsPoly (13s)
✔ [6746/8034] Built Mathlib.FieldTheory.Galois.Basic (23s)
✔ [6747/8034] Built Mathlib.Analysis.Calculus.Deriv.Linear (6.9s)
✔ [6748/8034] Built Mathlib.RingTheory.Extension.Cotangent.Basis (38s)
✔ [6749/8034] Built Mathlib.FieldTheory.SeparableDegree (35s)
✔ [6750/8034] Built Mathlib.Analysis.InnerProductSpace.Completion (10s)
✔ [6751/8034] Built Mathlib.MeasureTheory.Measure.WithDensityFinite (5.5s)
✔ [6752/8034] Built Mathlib.MeasureTheory.OuterMeasure.OfAddContent (5.0s)
✔ [6753/8034] Built Mathlib.Probability.ProbabilityMassFunction.Basic (6.0s)
✔ [6754/8034] Built Mathlib.MeasureTheory.Measure.AEMeasurable (7.4s)
✔ [6755/8034] Built Mathlib.Topology.Compactification.OnePoint.ProjectiveLine (14s)
✔ [6756/8034] Built Mathlib.MeasureTheory.Measure.Count (5.7s)
✔ [6757/8034] Built Mathlib.LinearAlgebra.RootSystem.Basic (11s)
✔ [6758/8034] Built Mathlib.Analysis.CStarAlgebra.ContinuousFunctionalCalculus.Unitary (6.2s)
✔ [6759/8034] Built Mathlib.Analysis.Normed.Module.Alternating.Curry (9.7s)
✔ [6760/8034] Built Mathlib.Analysis.Normed.Algebra.UnitizationL1 (11s)
✔ [6761/8034] Built Mathlib.MeasureTheory.VectorMeasure.Basic (17s)
✔ [6762/8034] Built Mathlib.RingTheory.AlgebraicIndependent.AlgebraicClosure (10s)
✔ [6763/8034] Built Mathlib.LinearAlgebra.Eigenspace.Pi (11s)
✔ [6764/8034] Built Mathlib.RingTheory.RingHom.Unramified (5.8s)
✔ [6765/8034] Built Mathlib.FieldTheory.AxGrothendieck (6.7s)
✔ [6766/8034] Built Mathlib.RepresentationTheory.FDRep (15s)
✔ [6767/8034] Built Mathlib.RingTheory.RingHom.Smooth (5.7s)
✔ [6768/8034] Built Mathlib.RingTheory.Etale.Locus (8.1s)
✔ [6769/8034] Built Mathlib.Topology.VectorBundle.Constructions (10s)
✔ [6770/8034] Built Mathlib.Analysis.SpecialFunctions.CompareExp (6.4s)
✔ [6771/8034] Built Mathlib.Analysis.Calculus.FDeriv.Add (33s)
✔ [6772/8034] Built Mathlib.RingTheory.Ideal.Norm.AbsNorm (9.9s)
✔ [6773/8034] Built Mathlib.Analysis.Normed.Lp.lpSpace (51s)
✔ [6774/8034] Built Mathlib.Analysis.Polynomial.Basic (8.5s)
✔ [6775/8034] Built Mathlib.Analysis.InnerProductSpace.LinearMap (37s)
✔ [6776/8034] Built Mathlib.Analysis.Calculus.FormalMultilinearSeries (28s)
✔ [6777/8034] Built Mathlib.NumberTheory.SumPrimeReciprocals (6.8s)
✔ [6778/8034] Built Mathlib.Analysis.Normed.Lp.PiLp (33s)
✔ [6779/8034] Built Mathlib.Analysis.Calculus.FDeriv.Prod (41s)
✔ [6780/8034] Built Mathlib.NumberTheory.DirichletCharacter.Orthogonality (5.0s)
✔ [6781/8034] Built Mathlib.NumberTheory.ModularForms.EisensteinSeries.Summable (10s)
✔ [6782/8034] Built Mathlib.RingTheory.Polynomial.UniversalFactorizationRing (126s)
✔ [6783/8034] Built Mathlib.Topology.MetricSpace.HolderNorm (7.3s)
✔ [6784/8034] Built Mathlib.AlgebraicGeometry.Cover.Open (17s)
✔ [6785/8034] Built Mathlib.Analysis.Normed.Unbundled.FiniteExtension (10s)
✔ [6786/8034] Built Mathlib.RingTheory.WittVector.Verschiebung (6.1s)
✔ [6787/8034] Built Mathlib.Combinatorics.SimpleGraph.Triangle.Removal (15s)
✔ [6788/8034] Built Mathlib.RingTheory.WittVector.MulP (6.4s)
✔ [6789/8034] Built Mathlib.NumberTheory.ModularForms.ArithmeticSubgroups (11s)
✔ [6790/8034] Built Mathlib.RingTheory.WittVector.InitTail (11s)
✔ [6791/8034] Built Mathlib.RingTheory.Norm.Transitivity (11s)
✔ [6792/8034] Built Mathlib.FieldTheory.Galois.NormalBasis (13s)
✔ [6793/8034] Built Mathlib.NumberTheory.Modular (19s)
✔ [6794/8034] Built Mathlib.RingTheory.WittVector.Frobenius (14s)
✔ [6795/8034] Built Mathlib.FieldTheory.Differential.Liouville (14s)
✔ [6796/8034] Built Mathlib.FieldTheory.IsSepClosed (9.7s)
✔ [6797/8034] Built Mathlib.FieldTheory.PolynomialGaloisGroup (11s)
✔ [6798/8034] Built Mathlib.Probability.ProbabilityMassFunction.Monad (7.2s)
✔ [6799/8034] Built Mathlib.MeasureTheory.Order.Lattice (5.5s)
✔ [6800/8034] Built Mathlib.Analysis.CStarAlgebra.Multiplier (49s)
✔ [6801/8034] Built Mathlib.Probability.UniformOn (6.0s)
✔ [6802/8034] Built Mathlib.FieldTheory.KrullTopology (16s)
✔ [6803/8034] Built Mathlib.Dynamics.Ergodic.MeasurePreserving (6.5s)
✔ [6804/8034] Built Mathlib.Analysis.Normed.Module.FiniteDimension (26s)
✔ [6805/8034] Built Mathlib.FieldTheory.KummerExtension (22s)
✔ [6806/8034] Built Mathlib.MeasureTheory.Measure.PreVariation (7.1s)
✔ [6807/8034] Built Mathlib.Analysis.CStarAlgebra.ContinuousFunctionalCalculus.NonUnital (54s)
✔ [6808/8034] Built Mathlib.MeasureTheory.Measure.Complex (7.4s)
✔ [6809/8034] Built Mathlib.RingTheory.RingHom.Etale (6.1s)
✔ [6810/8034] Built Mathlib.Topology.VectorBundle.Hom (48s)
✔ [6811/8034] Built Mathlib.MeasureTheory.VectorMeasure.Decomposition.Hahn (10s)
✔ [6812/8034] Built Mathlib.RingTheory.Smooth.StandardSmoothOfFree (22s)
✔ [6813/8034] Built Mathlib.MeasureTheory.Group.Arithmetic (16s)
✔ [6814/8034] Built Mathlib.Analysis.Calculus.Conformal.NormedSpace (6.5s)
✔ [6815/8034] Built Mathlib.Analysis.Calculus.FDeriv.Pi (7.3s)
✔ [6816/8034] Built Mathlib.MeasureTheory.VectorMeasure.AddContent (16s)
✔ [6817/8034] Built Mathlib.Analysis.Calculus.FDeriv.Affine (7.2s)
✔ [6818/8034] Built Mathlib.RingTheory.Ideal.Int (7.8s)
✔ [6819/8034] Built Mathlib.RepresentationTheory.Tannaka (15s)
✔ [6820/8034] Built Mathlib.Analysis.Calculus.Deriv.Add (14s)
✔ [6821/8034] Built Mathlib.Topology.MetricSpace.Kuratowski (7.4s)
✔ [6822/8034] Built Mathlib.Analysis.InnerProductSpace.ConformalLinearMap (6.6s)
✔ [6823/8034] Built Mathlib.RepresentationTheory.Invariants (18s)
✔ [6824/8034] Built Mathlib.Analysis.Normed.Module.Alternating.Uncurry.Fin (24s)
✔ [6825/8034] Built Mathlib.FieldTheory.LinearDisjoint (42s)
✔ [6826/8034] Built Mathlib.Algebra.Lie.Weights.Basic (24s)
✔ [6827/8034] Built Mathlib.Analysis.Normed.Lp.LpEquiv (11s)
✔ [6828/8034] Built Mathlib.Analysis.InnerProductSpace.Orthonormal (13s)
✔ [6829/8034] Built Mathlib.Analysis.CStarAlgebra.lpSpace (16s)
✔ [6830/8034] Built Mathlib.Analysis.Normed.Lp.Matrix (10s)
✔ [6831/8034] Built Mathlib.Analysis.Normed.Unbundled.InvariantExtension (9.2s)
✔ [6832/8034] Built Mathlib.LinearAlgebra.RootSystem.Hom (34s)
✔ [6833/8034] Built Mathlib.Analysis.Calculus.FDeriv.Bilinear (13s)
✔ [6834/8034] Built Mathlib.NumberTheory.ModularForms.CongruenceSubgroups (10s)
✔ [6835/8034] Built Mathlib.Analysis.Calculus.Deriv.Prod (15s)
✔ [6836/8034] Built Mathlib.Combinatorics.Additive.Corner.Roth (14s)
✔ [6837/8034] Built Mathlib.RingTheory.WittVector.Identities (9.5s)
✔ [6838/8034] Built Mathlib.RingTheory.WittVector.Truncated (11s)
✔ [6839/8034] Built Mathlib.Analysis.Calculus.FDeriv.Equiv (32s)
✔ [6840/8034] Built Mathlib.FieldTheory.Finite.GaloisField (12s)
✔ [6841/8034] Built Mathlib.FieldTheory.AbsoluteGaloisGroup (7.3s)
✔ [6842/8034] Built Mathlib.NumberTheory.ModularForms.SlashInvariantForms (14s)
✔ [6843/8034] Built Mathlib.Probability.ProbabilityMassFunction.Constructions (11s)
✔ [6844/8034] Built Mathlib.Dynamics.Ergodic.Ergodic (8.3s)
✔ [6845/8034] Built Mathlib.FieldTheory.AbelRuffini (15s)
✔ [6846/8034] Built Mathlib.Analysis.Calculus.InverseFunctionTheorem.FiniteDimensional (8.8s)
✔ [6847/8034] Built Mathlib.AlgebraicGeometry.Restrict (26s)
✔ [6848/8034] Built Mathlib.NumberTheory.LSeries.Basic (10s)
✔ [6849/8034] Built Mathlib.AlgebraicGeometry.EllipticCurve.IsomOfJ (17s)
✔ [6850/8034] Built Mathlib.Analysis.PSeriesComplex (7.9s)
✔ [6851/8034] Built Mathlib.NumberTheory.Cyclotomic.CyclotomicCharacter (15s)
✔ [6852/8034] Built Mathlib.Analysis.Normed.Affine.AsymptoticCone (8.6s)
✔ [6853/8034] Built Mathlib.MeasureTheory.VectorMeasure.Variation.Defs (5.0s)
✔ [6854/8034] Built Mathlib.RingTheory.RootsOfUnity.Lemmas (6.8s)
✔ [6855/8034] Built Mathlib.Analysis.Normed.Affine.AddTorsorBases (8.8s)
✔ [6856/8034] Built Mathlib.Analysis.RCLike.Lemmas (9.2s)
✔ [6857/8034] Built Mathlib.Analysis.Analytic.ConvergenceRadius (35s)
✔ [6858/8034] Built Mathlib.Analysis.LocallyConvex.Montel (12s)
✔ [6859/8034] Built Mathlib.MeasureTheory.Order.Group.Lattice (5.4s)
✔ [6860/8034] Built Mathlib.Geometry.Manifold.ConformalGroupoid (5.8s)
✔ [6861/8034] Built Mathlib.MeasureTheory.Group.Pointwise (6.4s)
✔ [6862/8034] Built Mathlib.MeasureTheory.VectorMeasure.Decomposition.Jordan (9.9s)
✔ [6863/8034] Built Mathlib.Analysis.Calculus.Deriv.Pi (6.0s)
✔ [6864/8034] Built Mathlib.NumberTheory.RamificationInertia.Basic (49s)
✔ [6865/8034] Built Mathlib.Analysis.Calculus.Deriv.AffineMap (8.9s)
✔ [6866/8034] Built Mathlib.RingTheory.RingHom.StandardSmooth (13s)
✔ [6867/8034] Built Mathlib.FieldTheory.SeparableClosure (32s)
✔ [6868/8034] Built Mathlib.Analysis.Calculus.LocalExtr.Basic (9.9s)
✔ [6869/8034] Built Mathlib.Analysis.Calculus.Conformal.InnerProduct (8.1s)
✔ [6870/8034] Built Mathlib.Analysis.Calculus.Deriv.Slope (11s)
✔ [6871/8034] Built Mathlib.MeasureTheory.Group.MeasurableEquiv (16s)
✔ [6872/8034] Built Mathlib.MeasureTheory.Constructions.BorelSpace.Basic (16s)
✔ [6873/8034] Built Mathlib.RepresentationTheory.Character (10s)
✔ [6874/8034] Built Mathlib.LinearAlgebra.RootSystem.RootPairingCat (6.8s)
✔ [6875/8034] Built Mathlib.LinearAlgebra.RootSystem.WeylGroup (9.8s)
✔ [6876/8034] Built Mathlib.Analysis.InnerProductSpace.Subspace (15s)
✔ [6877/8034] Built Mathlib.RingTheory.WittVector.Domain (8.5s)
✔ [6878/8034] Built Mathlib.Analysis.CStarAlgebra.ContinuousFunctionalCalculus.Restrict (35s)
✔ [6879/8034] Built Mathlib.Topology.MetricSpace.GromovHausdorff (31s)
✔ [6880/8034] Built Mathlib.RingTheory.WittVector.Compare (10s)
✔ [6881/8034] Built Mathlib.Algebra.Lie.Weights.Cartan (27s)
✔ [6882/8034] Built Mathlib.Algebra.Lie.Weights.Linear (26s)
✔ [6883/8034] Built Mathlib.NumberTheory.ModularForms.Cusps (27s)
✔ [6884/8034] Built Mathlib.Analysis.Calculus.FDeriv.WithLp (14s)
✔ [6885/8034] Built Mathlib.RingTheory.Smooth.NoetherianDescent (49s)
✔ [6886/8034] Built Mathlib.Analysis.Complex.Conformal (17s)
✔ [6887/8034] Built Mathlib.RingTheory.WittVector.MulCoeff (22s)
✔ [6888/8034] Built Mathlib.Analysis.Calculus.Deriv.Inverse (11s)
✔ [6889/8034] Built Mathlib.Analysis.CStarAlgebra.ContinuousFunctionalCalculus.Unique (54s)
✔ [6890/8034] Built Mathlib.Algebra.Lie.LieTheorem (39s)
✔ [6891/8034] Built Mathlib.Analysis.Calculus.InverseFunctionTheorem.FDeriv (14s)
✔ [6892/8034] Built Mathlib.FieldTheory.Cardinality (8.3s)
✔ [6893/8034] Built Mathlib.Analysis.Calculus.FDeriv.Star (14s)
✔ [6894/8034] Built Mathlib.Analysis.Normed.Unbundled.SpectralNorm (41s)
✔ [6895/8034] Built Mathlib.Probability.ProbabilityMassFunction.Binomial (8.3s)
✔ [6896/8034] Built Mathlib.FieldTheory.Finite.Extension (9.5s)
✔ [6897/8034] Built Mathlib.NumberTheory.LSeries.Linearity (9.8s)
✔ [6898/8034] Built Mathlib.NumberTheory.LSeries.Convergence (10s)
✔ [6899/8034] Built Mathlib.RepresentationTheory.Homological.GroupCohomology.LowDegree (55s)
✔ [6900/8034] Built Mathlib.NumberTheory.ModularForms.EisensteinSeries.Defs (18s)
✔ [6901/8034] Built Mathlib.Analysis.Analytic.RadiusLiminf (11s)
✔ [6902/8034] Built Mathlib.MeasureTheory.VectorMeasure.Decomposition.JordanSub (8.3s)
✔ [6903/8034] Built Mathlib.Analysis.Convex.Intrinsic (16s)
✔ [6904/8034] Built Mathlib.Analysis.Normed.Affine.Convex (17s)
✔ [6905/8034] Built Mathlib.Analysis.Normed.Module.HahnBanach (17s)
✔ [6906/8034] Built Mathlib.Analysis.Complex.Tietze (19s)
✔ [6907/8034] Built Mathlib.RingTheory.RingHom.LocallyStandardSmooth (8.8s)
✔ [6908/8034] Built Mathlib.Analysis.Calculus.LocalExtr.Rolle (9.1s)
✔ [6909/8034] Built Mathlib.Analysis.Analytic.OfScalars (23s)
✔ [6910/8034] Built Mathlib.RingTheory.Localization.AtPrime.Extension (17s)
✔ [6911/8034] Built Mathlib.Analysis.Normed.Lp.MeasurableSpace (9.5s)
✔ [6912/8034] Built Mathlib.Analysis.SpecialFunctions.Log.ENNRealLogExp (8.6s)
✔ [6913/8034] Built Mathlib.MeasureTheory.Function.SpecialFunctions.Arctan (8.4s)
✔ [6914/8034] Built Mathlib.FieldTheory.Galois.GaloisClosure (19s)
✔ [6915/8034] Built Mathlib.AlgebraicGeometry.Gluing (40s)
✔ [6916/8034] Built Mathlib.RepresentationTheory.Homological.GroupHomology.LowDegree (81s)
✔ [6917/8034] Built Mathlib.AlgebraicGeometry.GammaSpecAdjunction (41s)
✔ [6918/8034] Built Mathlib.MeasureTheory.Constructions.BorelSpace.ContinuousLinearMap (9.7s)
✔ [6919/8034] Built Mathlib.MeasureTheory.Constructions.BorelSpace.Complex (6.8s)
✔ [6920/8034] Built Mathlib.MeasureTheory.Constructions.BorelSpace.Order (19s)
✔ [6921/8034] Built Mathlib.MeasureTheory.Constructions.ClosedCompactCylinders (5.0s)
✔ [6922/8034] Built Mathlib.MeasureTheory.Constructions.BorelSpace.WithTop (5.0s)
✔ [6923/8034] Built Mathlib.MeasureTheory.Constructions.BorelSpace.Metric (7.2s)
✔ [6924/8034] Built Mathlib.Topology.Baire.BaireMeasurable (6.9s)
✔ [6925/8034] Built Mathlib.Dynamics.Ergodic.Conservative (6.4s)
✔ [6926/8034] Built Mathlib.FieldTheory.PurelyInseparable.Basic (28s)
✔ [6927/8034] Built Mathlib.MeasureTheory.Measure.OpenPos (7.0s)
✔ [6928/8034] Built Mathlib.Analysis.Calculus.FDeriv.CompCLM (84s)
✔ [6929/8034] Built Mathlib.MeasureTheory.Covering.Vitali (11s)
✔ [6930/8034] Built Mathlib.RingTheory.WittVector.Complete (9.7s)
✔ [6931/8034] Built Mathlib.Topology.VectorBundle.Riemannian (109s)
✔ [6932/8034] Built Mathlib.MeasureTheory.Measure.Regular (13s)
✔ [6933/8034] Built Mathlib.Geometry.Euclidean.Angle.Unoriented.Basic (12s)
✔ [6934/8034] Built Mathlib.NumberTheory.ModularForms.Identities (9.3s)
✔ [6935/8034] Built Mathlib.RepresentationTheory.FinGroupCharZero (16s)
✔ [6936/8034] Built Mathlib.LinearAlgebra.RootSystem.Irreducible (15s)
✔ [6937/8034] Built Mathlib.RingTheory.Smooth.Flat (9.4s)
✔ [6938/8034] Built Mathlib.FieldTheory.SeparablyGenerated (42s)
✔ [6939/8034] Built Mathlib.RingTheory.WittVector.DiscreteValuationRing (8.8s)
✔ [6940/8034] Built Mathlib.NumberTheory.ModularForms.BoundedAtCusp (12s)
✔ [6941/8034] Built Mathlib.Algebra.Lie.Weights.Chain (18s)
✔ [6942/8034] Built Mathlib.Analysis.Calculus.InverseFunctionTheorem.Deriv (7.7s)
✔ [6943/8034] Built Mathlib.Algebra.Lie.Semisimple.Lemmas (9.5s)
✔ [6944/8034] Built Mathlib.Analysis.CStarAlgebra.ContinuousFunctionalCalculus.Pi (11s)
✔ [6945/8034] Built Mathlib.Analysis.Calculus.ContDiff.FTaylorSeries (81s)
✔ [6946/8034] Built Mathlib.Analysis.Calculus.LagrangeMultipliers (9.1s)
✔ [6947/8034] Built Mathlib.Analysis.Calculus.Deriv.Star (8.4s)
✔ [6948/8034] Built Mathlib.Analysis.InnerProductSpace.Orthogonal (24s)
✔ [6949/8034] Built Mathlib.NumberTheory.LSeries.Convolution (7.4s)
✔ [6950/8034] Built Mathlib.NumberTheory.LSeries.Injectivity (9.2s)
✔ [6951/8034] Built Mathlib.NumberTheory.Padics.Complex (11s)
✔ [6952/8034] Built Mathlib.NumberTheory.ModularForms.EisensteinSeries.UniformConvergence (6.1s)
✔ [6953/8034] Built Mathlib.RingTheory.DedekindDomain.Factorization (58s)
✔ [6954/8034] Built Mathlib.RepresentationTheory.Homological.GroupCohomology.FiniteCyclic (13s)
✔ [6955/8034] Built Mathlib.Analysis.Asymptotics.ExpGrowth (8.8s)
✔ [6956/8034] Built Mathlib.Analysis.Convex.Continuous (12s)
✔ [6957/8034] Built Mathlib.Analysis.SpecialFunctions.OrdinaryHypergeometric (13s)
✔ [6958/8034] Built Mathlib.Analysis.Calculus.Implicit (22s)
✔ [6959/8034] Built Mathlib.MeasureTheory.Function.SpecialFunctions.RCLike (5.7s)
✔ [6960/8034] Built Mathlib.Analysis.Normed.Module.Dual (16s)
✔ [6961/8034] Built Mathlib.FieldTheory.Galois.Infinite (14s)
✔ [6962/8034] Built Mathlib.Topology.EMetricSpace.PairReduction (16s)
✔ [6963/8034] Built Mathlib.MeasureTheory.Function.SpecialFunctions.Inner (5.4s)
✔ [6964/8034] Built Mathlib.Algebra.Lie.TraceForm (38s)
✔ [6965/8034] Built Mathlib.Analysis.Analytic.Basic (75s)
✔ [6966/8034] Built Mathlib.MeasureTheory.Function.Floor (5.4s)
✔ [6967/8034] Built Mathlib.Analysis.SpecialFunctions.ContinuousFunctionalCalculus.PosPart.Basic (32s)
✔ [6968/8034] Built Mathlib.MeasureTheory.Function.EssSup (7.9s)
✔ [6969/8034] Built Mathlib.MeasureTheory.Function.AEMeasurableOrder (10s)
✔ [6970/8034] Built Mathlib.RepresentationTheory.Homological.GroupHomology.FiniteCyclic (21s)
✔ [6971/8034] Built Mathlib.MeasureTheory.Constructions.BorelSpace.Real (10s)
✔ [6972/8034] Built Mathlib.MeasureTheory.Measure.Stieltjes (12s)
✔ [6973/8034] Built Mathlib.MeasureTheory.Constructions.Polish.Basic (11s)
✔ [6974/8034] Built Mathlib.FieldTheory.Galois.Profinite (25s)
✔ [6975/8034] Built Mathlib.FieldTheory.JacobsonNoether (13s)
✔ [6976/8034] Built Mathlib.FieldTheory.PurelyInseparable.Exponent (8.0s)
✔ [6977/8034] Built Mathlib.RepresentationTheory.Homological.GroupCohomology.Functoriality (37s)
✔ [6978/8034] Built Mathlib.MeasureTheory.Function.SimpleFunc (21s)
✔ [6979/8034] Built Mathlib.RingTheory.WittVector.TeichmullerSeries (7.8s)
✔ [6980/8034] Built Mathlib.RingTheory.Trace.Basic (19s)
✔ [6981/8034] Built Mathlib.FieldTheory.PurelyInseparable.PerfectClosure (17s)
✔ [6982/8034] Built Mathlib.MeasureTheory.Measure.Support (8.3s)
✔ [6983/8034] Built Mathlib.MeasureTheory.Measure.ContinuousPreimage (6.2s)
✔ [6984/8034] Built Mathlib.FieldTheory.IsPerfectClosure (13s)
✔ [6985/8034] Built Mathlib.MeasureTheory.Measure.RegularityCompacts (5.4s)
✔ [6986/8034] Built Mathlib.MeasureTheory.Group.Action (10s)
✔ [6987/8034] Built Mathlib.Geometry.Euclidean.Angle.Unoriented.Conformal (5.6s)
✔ [6988/8034] Built Mathlib.RingTheory.Unramified.Field (13s)
✔ [6989/8034] Built Mathlib.RingTheory.Spectrum.Prime.Homeomorph (17s)
✔ [6990/8034] Built Mathlib.MeasureTheory.Measure.Content (7.7s)
✔ [6991/8034] Built Mathlib.AlgebraicGeometry.ProjectiveSpectrum.Scheme (33s)
✔ [6992/8034] Built Mathlib.NumberTheory.ModularForms.EisensteinSeries.IsBoundedAtImInfty (6.5s)
✔ [6993/8034] Built Mathlib.Geometry.Euclidean.Angle.Unoriented.Affine (9.8s)
✔ [6994/8034] Built Mathlib.AlgebraicGeometry.AffineScheme (41s)
✔ [6995/8034] Built Mathlib.Geometry.Euclidean.PerpBisector (8.3s)
✔ [6996/8034] Built Mathlib.FieldTheory.Galois.Abelian (7.1s)
✔ [6997/8034] Built Mathlib.Topology.Algebra.Ring.Compact (7.8s)
✔ [6998/8034] Built Mathlib.Dynamics.TopologicalEntropy.CoverEntropy (7.9s)
✔ [6999/8034] Built Mathlib.Algebra.Lie.Killing (6.9s)
✔ [7000/8034] Built Mathlib.MeasureTheory.Constructions.BorelSpace.Metrizable (5.0s)
✔ [7001/8034] Built Mathlib.MeasureTheory.Function.SpecialFunctions.Basic (6.7s)
✔ [7002/8034] Built Mathlib.Analysis.InnerProductSpace.Symmetric (12s)
✔ [7003/8034] Built Mathlib.MeasureTheory.Constructions.Polish.EmbeddingReal (4.9s)
✔ [7004/8034] Built Mathlib.RingTheory.WittVector.FrobeniusFractionField (14s)
✔ [7005/8034] Built Mathlib.FieldTheory.Finite.Trace (6.1s)
✔ [7006/8034] Built Mathlib.Analysis.Normed.Module.WeakDual (16s)
✔ [7007/8034] Built Mathlib.RingTheory.DedekindDomain.IntegralClosure (9.4s)
✔ [7008/8034] Built Mathlib.MeasureTheory.Integral.Lebesgue.Basic (10s)
✔ [7009/8034] Built Mathlib.RepresentationTheory.Homological.GroupCohomology.LongExactSequence (11s)
✔ [7010/8034] Built Mathlib.MeasureTheory.Group.AEStabilizer (7.7s)
✔ [7011/8034] Built Mathlib.RingTheory.Discriminant (11s)
✔ [7012/8034] Built Mathlib.MeasureTheory.Group.FoelnerFilter (8.7s)
✔ [7013/8034] Built Mathlib.FieldTheory.PurelyInseparable.Tower (14s)
✔ [7014/8034] Built Mathlib.FieldTheory.NormalizedTrace (13s)
✔ [7015/8034] Built Mathlib.RingTheory.Perfectoid.FontaineTheta (14s)
✔ [7016/8034] Built Mathlib.Geometry.Euclidean.Inversion.ImageHyperplane (5.6s)
✔ [7017/8034] Built Mathlib.Analysis.Analytic.ChangeOrigin (22s)
✔ [7018/8034] Built Mathlib.Geometry.Euclidean.Angle.Unoriented.RightAngle (7.9s)
✔ [7019/8034] Built Mathlib.Geometry.Euclidean.Basic (7.2s)
✔ [7020/8034] Built Mathlib.FieldTheory.CardinalEmb (49s)
✔ [7021/8034] Built Mathlib.RepresentationTheory.Homological.GroupHomology.Functoriality (62s)
✔ [7022/8034] Built Mathlib.Geometry.Euclidean.Simplex (9.3s)
✔ [7023/8034] Built Mathlib.Dynamics.TopologicalEntropy.Semiconj (5.9s)
✔ [7024/8034] Built Mathlib.Dynamics.TopologicalEntropy.NetEntropy (5.9s)
✔ [7025/8034] Built Mathlib.MeasureTheory.Function.SimpleFuncDense (5.9s)
✔ [7026/8034] Built Mathlib.Algebra.Lie.Derivation.Killing (7.3s)
✔ [7027/8034] Built Mathlib.MeasureTheory.Integral.RieszMarkovKakutani.Basic (15s)
✔ [7028/8034] Built Mathlib.MeasureTheory.Integral.Lebesgue.Norm (4.4s)
✔ [7029/8034] Built Mathlib.RingTheory.Unramified.LocalRing (18s)
✔ [7030/8034] Built Mathlib.RingTheory.Etale.Field (22s)
✔ [7031/8034] Built Mathlib.MeasureTheory.Integral.Lebesgue.Add (7.2s)
✔ [7032/8034] Built Mathlib.Dynamics.Ergodic.Action.Basic (5.7s)
✔ [7033/8034] Built Mathlib.RingTheory.Localization.NormTrace (6.2s)
✔ [7034/8034] Built Mathlib.NumberTheory.ClassNumber.Finite (13s)
✔ [7035/8034] Built Mathlib.RingTheory.Perfectoid.BDeRham (9.6s)
✔ [7036/8034] Built Mathlib.NumberTheory.NumberField.Basic (15s)
✔ [7037/8034] Built Mathlib.Dynamics.TopologicalEntropy.Subset (6.0s)
✔ [7038/8034] Built Mathlib.Geometry.Euclidean.Sphere.Basic (8.8s)
✔ [7039/8034] Built Mathlib.AlgebraicGeometry.ProjectiveSpectrum.Basic (25s)
✔ [7040/8034] Built Mathlib.RepresentationTheory.Homological.GroupHomology.LongExactSequence (10s)
✔ [7041/8034] Built Mathlib.LinearAlgebra.RootSystem.Finite.Lemmas (50s)
✔ [7042/8034] Built Mathlib.Analysis.InnerProductSpace.Projection.Basic (21s)
✔ [7043/8034] Built Mathlib.Analysis.Normed.Algebra.Exponential (15s)
✔ [7044/8034] Built Mathlib.RingTheory.Smooth.Field (7.2s)
✔ [7045/8034] Built Mathlib.MeasureTheory.Integral.Lebesgue.Map (5.6s)
✔ [7046/8034] Built Mathlib.MeasureTheory.Function.StronglyMeasurable.Basic (13s)
✔ [7047/8034] Built Mathlib.RingTheory.WittVector.Isocrystal (24s)
✔ [7048/8034] Built Mathlib.NumberTheory.RamificationInertia.Unramified (9.4s)
✔ [7049/8034] Built Mathlib.MeasureTheory.Integral.Lebesgue.Sub (6.2s)
✔ [7050/8034] Built Mathlib.MeasureTheory.Integral.MeanInequalities (9.7s)
✔ [7051/8034] Built Mathlib.MeasureTheory.Integral.Lebesgue.Markov (5.9s)
✔ [7052/8034] Built Mathlib.AlgebraicGeometry.Pullbacks (32s)
✔ [7053/8034] Built Mathlib.NumberTheory.NumberField.Discriminant.Defs (7.5s)
✔ [7054/8034] Built Mathlib.Topology.Algebra.Valued.WithVal (8.8s)
✔ [7055/8034] Built Mathlib.NumberTheory.NumberField.Norm (9.2s)
✔ [7056/8034] Built Mathlib.Geometry.Euclidean.Sphere.SecondInter (9.9s)
✔ [7057/8034] Built Mathlib.RingTheory.FractionalIdeal.Norm (12s)
✔ [7058/8034] Built Mathlib.Analysis.Analytic.CPolynomialDef (29s)
✔ [7059/8034] Built Mathlib.Analysis.CStarAlgebra.Exponential (5.4s)
✔ [7060/8034] Built Mathlib.Analysis.InnerProductSpace.Projection.Reflection (12s)
✔ [7061/8034] Built Mathlib.MeasureTheory.Constructions.Polish.StronglyMeasurable (5.2s)
✔ [7062/8034] Built Mathlib.Analysis.InnerProductSpace.Projection.Submodule (12s)
✔ [7063/8034] Built Mathlib.NumberTheory.NumberField.Ideal.KummerDedekind (15s)
✔ [7064/8034] Built Mathlib.Probability.Distributions.Geometric (4.6s)
✔ [7065/8034] Built Mathlib.Algebra.Lie.Weights.Killing (26s)
✔ [7066/8034] Built Mathlib.MeasureTheory.Function.Egorov (5.5s)
✔ [7067/8034] Built Mathlib.LinearAlgebra.RootSystem.Chain (15s)
✔ [7068/8034] Built Mathlib.MeasureTheory.Integral.Lebesgue.DominatedConvergence (5.0s)
✔ [7069/8034] Built Mathlib.MeasureTheory.Integral.Lebesgue.Countable (7.6s)
✔ [7070/8034] Built Mathlib.MeasureTheory.Function.StronglyMeasurable.AEStronglyMeasurable (10s)
✔ [7071/8034] Built Mathlib.Analysis.Normed.Algebra.Spectrum (22s)
✔ [7072/8034] Built Mathlib.NumberTheory.Padics.WithVal (12s)
✔ [7073/8034] Built Mathlib.NumberTheory.NumberField.FractionalIdeal (13s)
✔ [7074/8034] Built Mathlib.Analysis.Analytic.Linear (13s)
✔ [7075/8034] Built Mathlib.Analysis.InnerProductSpace.MeanErgodic (8.4s)
✔ [7076/8034] Built Mathlib.Analysis.InnerProductSpace.Semisimple (6.2s)
✔ [7077/8034] Built Mathlib.Analysis.Normed.Algebra.TrivSqZeroExt (27s)
✔ [7078/8034] Built Mathlib.MeasureTheory.Integral.Indicator (5.8s)
✔ [7079/8034] Built Mathlib.Probability.Process.Kolmogorov (6.4s)
✔ [7080/8034] Built Mathlib.MeasureTheory.Measure.GiryMonad (6.8s)
✔ [7081/8034] Built Mathlib.Analysis.InnerProductSpace.Projection.FiniteDimensional (18s)
✔ [7082/8034] Built Mathlib.AlgebraicGeometry.Modules.Tilde (71s)
✔ [7083/8034] Built Mathlib.MeasureTheory.Function.LpSeminorm.Defs (6.4s)
✔ [7084/8034] Built Mathlib.RingTheory.NormalClosure (65s)
✔ [7085/8034] Built Mathlib.MeasureTheory.Function.StronglyMeasurable.Inner (5.9s)
✔ [7086/8034] Built Mathlib.AlgebraicGeometry.Limits (29s)
✔ [7087/8034] Built Mathlib.RingTheory.DedekindDomain.AdicValuation (29s)
✔ [7088/8034] Built Mathlib.MeasureTheory.Function.Piecewise (6.6s)
✔ [7089/8034] Built Mathlib.Analysis.Analytic.Composition (28s)
✔ [7090/8034] Built Mathlib.LinearAlgebra.RootSystem.Base (16s)
✔ [7091/8034] Built Mathlib.MeasureTheory.Function.StronglyMeasurable.ENNReal (5.1s)
✔ [7092/8034] Built Mathlib.Analysis.InnerProductSpace.Dual (20s)
✔ [7093/8034] Built Mathlib.Analysis.Analytic.WithLp (5.1s)
✔ [7094/8034] Built Mathlib.Analysis.Normed.Algebra.Basic (7.1s)
✔ [7095/8034] Built Mathlib.Analysis.Normed.Algebra.DualNumber (5.3s)
✔ [7096/8034] Built Mathlib.Probability.Kernel.Disintegration.MeasurableStieltjes (5.8s)
✔ [7097/8034] Built Mathlib.MeasureTheory.Function.AEEqFun (14s)
✔ [7098/8034] Built Mathlib.MeasureTheory.Category.MeasCat (5.9s)
✔ [7099/8034] Built Mathlib.Probability.Kernel.Defs (6.8s)
✔ [7100/8034] Built Mathlib.Analysis.InnerProductSpace.Projection (5.0s)
✔ [7101/8034] Built Mathlib.Geometry.Euclidean.Projection (33s)
✔ [7102/8034] Built Mathlib.Geometry.Euclidean.Sphere.OrthRadius (7.2s)
✔ [7103/8034] Built Mathlib.RingTheory.IntegralClosure.IntegralRestrict (59s)
✔ [7104/8034] Built Mathlib.AlgebraicGeometry.Morphisms.Basic (8.8s)
✔ [7105/8034] Built Mathlib.MeasureTheory.Measure.Prod (12s)
✔ [7106/8034] Built Mathlib.Analysis.Calculus.FDeriv.Measurable (23s)
✔ [7107/8034] Built Mathlib.RingTheory.DedekindDomain.SInteger (7.4s)
✔ [7108/8034] Built Mathlib.RingTheory.DedekindDomain.GaussLemma (7.6s)
✔ [7109/8034] Built Mathlib.Algebra.Lie.Weights.RootSystem (31s)
✔ [7110/8034] Built Mathlib.FieldTheory.RatFunc.AsPolynomial (8.8s)
✔ [7111/8034] Built Mathlib.AlgebraicGeometry.Properties (12s)
✔ [7112/8034] Built Mathlib.RingTheory.DedekindDomain.SelmerGroup (10s)
✔ [7113/8034] Built Mathlib.RingTheory.DedekindDomain.FiniteAdeleRing (8.0s)
✔ [7114/8034] Built Mathlib.RingTheory.Smooth.Fiber (70s)
✔ [7115/8034] Built Mathlib.RingTheory.Valuation.Discrete.Basic (12s)
✔ [7116/8034] Built Mathlib.Analysis.InnerProductSpace.WeakOperatorTopology (5.8s)
✔ [7117/8034] Built Mathlib.Dynamics.Ergodic.Function (4.8s)
✔ [7118/8034] Built Mathlib.Analysis.InnerProductSpace.LaxMilgram (8.5s)
✔ [7119/8034] Built Mathlib.Geometry.Euclidean.Angle.Unoriented.Projection (5.9s)
✔ [7120/8034] Built Mathlib.Probability.Kernel.Basic (7.8s)
✔ [7121/8034] Built Mathlib.Analysis.Calculus.Gradient.Basic (15s)
✔ [7122/8034] Built Mathlib.LinearAlgebra.RootSystem.CartanMatrix (19s)
✔ [7123/8034] Built Mathlib.RepresentationTheory.Homological.GroupCohomology.Hilbert90 (13s)
✔ [7124/8034] Built Mathlib.MeasureTheory.Function.LpSeminorm.Basic (20s)
✔ [7125/8034] Built Mathlib.Geometry.Euclidean.Sphere.Tangent (15s)
✔ [7126/8034] Built Mathlib.AlgebraicGeometry.Morphisms.LocalClosure (8.2s)
✔ [7127/8034] Built Mathlib.Geometry.Euclidean.Altitude (21s)
✔ [7128/8034] Built Mathlib.NumberTheory.Padics.HeightOneSpectrum (37s)
✔ [7129/8034] Built Mathlib.Geometry.Euclidean.SignedDist (25s)
✔ [7130/8034] Built Mathlib.LinearAlgebra.RootSystem.BaseExists (31s)
✔ [7131/8034] Built Mathlib.AlgebraicGeometry.Cover.Sigma (7.3s)
✔ [7132/8034] Built Mathlib.RingTheory.Trace.Quotient (19s)
✔ [7133/8034] Built Mathlib.Geometry.Euclidean.Circumcenter (27s)
✔ [7134/8034] Built Mathlib.AlgebraicGeometry.LimitsOver (10s)
✔ [7135/8034] Built Mathlib.RingTheory.Invariant.Basic (17s)
✔ [7136/8034] Built Mathlib.MeasureTheory.Group.Convolution (7.8s)
✔ [7137/8034] Built Mathlib.Analysis.Analytic.Inverse (38s)
✔ [7138/8034] Built Mathlib.FieldTheory.RatFunc.Degree (5.4s)
✔ [7139/8034] Built Mathlib.FieldTheory.Laurent (6.7s)
✔ [7140/8034] Built Mathlib.AlgebraicGeometry.Morphisms.Constructors (13s)
✔ [7141/8034] Built Mathlib.Analysis.CStarAlgebra.ContinuousFunctionalCalculus.Instances (56s)
✔ [7142/8034] Built Mathlib.RingTheory.Polynomial.Cyclotomic.Basic (11s)
✔ [7143/8034] Built Mathlib.Probability.Kernel.MeasurableLIntegral (5.9s)
✔ [7144/8034] Built Mathlib.Probability.Kernel.Composition.CompNotation (5.3s)
✔ [7145/8034] Built Mathlib.AlgebraicGeometry.FunctionField (8.8s)
✔ [7146/8034] Built Mathlib.Probability.Kernel.Composition.MapComap (10s)
✔ [7147/8034] Built Mathlib.MeasureTheory.Function.LpSeminorm.Trim (7.3s)
✔ [7148/8034] Built Mathlib.MeasureTheory.Function.LpSeminorm.Prod (7.3s)
✔ [7149/8034] Built Mathlib.MeasureTheory.Group.Measure (20s)
✔ [7150/8034] Built Mathlib.Probability.Independence.Kernel.Indep (12s)
✔ [7151/8034] Built Mathlib.MeasureTheory.Function.LpSeminorm.TriangleInequality (9.4s)
✔ [7152/8034] Built Mathlib.MeasureTheory.Function.LpSeminorm.Indicator (9.3s)
✔ [7153/8034] Built Mathlib.MeasureTheory.Function.LpSeminorm.Monotonicity (10s)
✔ [7154/8034] Built Mathlib.LinearAlgebra.RootSystem.Finite.G2 (52s)
✔ [7155/8034] Built Mathlib.AlgebraicGeometry.EllipticCurve.Reduction (18s)
✔ [7156/8034] Built Mathlib.MeasureTheory.Function.LpSeminorm.ChebyshevMarkov (7.6s)
✔ [7157/8034] Built Mathlib.AlgebraicGeometry.Morphisms.LocalIso (7.7s)
✔ [7158/8034] Built Mathlib.Geometry.Euclidean.Sphere.Power (8.0s)
✔ [7159/8034] Built Mathlib.Algebra.Lie.Weights.IsSimple (34s)
✔ [7160/8034] Built Mathlib.RingTheory.Frobenius (11s)
✔ [7161/8034] Built Mathlib.AlgebraicGeometry.Morphisms.UnderlyingMap (11s)
✔ [7162/8034] Built Mathlib.NumberTheory.FunctionField (13s)
✔ [7163/8034] Built Mathlib.RingTheory.LaurentSeries (35s)
✔ [7164/8034] Built Mathlib.FieldTheory.Galois.IsGaloisGroup (17s)
✔ [7165/8034] Built Mathlib.LinearAlgebra.RootSystem.GeckConstruction.Basic (32s)
✔ [7166/8034] Built Mathlib.Analysis.CStarAlgebra.Projection (8.1s)
✔ [7167/8034] Built Mathlib.Analysis.InnerProductSpace.PiL2 (82s)
✔ [7168/8034] Built Mathlib.Geometry.Euclidean.MongePoint (21s)
✔ [7169/8034] Built Mathlib.AlgebraicGeometry.Morphisms.RingHomProperties (19s)
✔ [7170/8034] Built Mathlib.Analysis.Analytic.Constructions (77s)
✔ [7171/8034] Built Mathlib.Probability.Kernel.Composition.Comp (7.9s)
✔ [7172/8034] Built Mathlib.RingTheory.Polynomial.Cyclotomic.Roots (11s)
✔ [7173/8034] Built Mathlib.Probability.Kernel.Composition.ParallelComp (7.9s)
✔ [7174/8034] Built Mathlib.MeasureTheory.Group.LIntegral (6.0s)
✔ [7175/8034] Built Mathlib.Probability.Kernel.Proper (12s)
✔ [7176/8034] Built Mathlib.Analysis.CStarAlgebra.ContinuousFunctionalCalculus.Commute (17s)
✔ [7177/8034] Built Mathlib.MeasureTheory.Measure.EverywherePos (12s)
✔ [7178/8034] Built Mathlib.MeasureTheory.Function.LpSeminorm.SMul (9.5s)
✔ [7179/8034] Built Mathlib.RingTheory.LocalRing.ResidueField.Polynomial (53s)
✔ [7180/8034] Built Mathlib.Analysis.CStarAlgebra.ContinuousFunctionalCalculus.Range (23s)
✔ [7181/8034] Built Mathlib.MeasureTheory.Constructions.Pi (17s)
✔ [7182/8034] Built Mathlib.NumberTheory.ClassNumber.FunctionField (7.7s)
✔ [7183/8034] Built Mathlib.MeasureTheory.Group.Prod (14s)
✔ [7184/8034] Built Mathlib.AlgebraicGeometry.Morphisms.OpenImmersion (9.8s)
✔ [7185/8034] Built Mathlib.Geometry.Euclidean.Incenter (44s)
✔ [7186/8034] Built Mathlib.AlgebraicGeometry.Morphisms.QuasiCompact (13s)
✔ [7187/8034] Built Mathlib.Geometry.Euclidean.Angle.Unoriented.CrossProduct (6.5s)
✔ [7188/8034] Built Mathlib.Topology.Category.TopCat.Sphere (8.2s)
✔ [7189/8034] Built Mathlib.AlgebraicGeometry.Cover.Over (20s)
✔ [7190/8034] Built Mathlib.Analysis.InnerProductSpace.MulOpposite (7.1s)
✔ [7191/8034] Built Mathlib.Analysis.Matrix.Hermitian (8.6s)
✔ [7192/8034] Built Mathlib.NumberTheory.RamificationInertia.Galois (15s)
✔ [7193/8034] Built Mathlib.Analysis.Quaternion (12s)
✔ [7194/8034] Built Mathlib.RingTheory.Invariant.Profinite (51s)
✔ [7195/8034] Built Mathlib.Analysis.InnerProductSpace.CanonicalTensor (9.5s)
✔ [7196/8034] Built Mathlib.AlgebraicGeometry.Morphisms.FiniteType (9.6s)
✔ [7197/8034] Built Mathlib.Analysis.RCLike.Inner (13s)
✔ [7198/8034] Built Mathlib.Analysis.Analytic.Polynomial (9.8s)
✔ [7199/8034] Built Mathlib.Analysis.InnerProductSpace.GramSchmidtOrtho (15s)
✔ [7200/8034] Built Mathlib.Analysis.Analytic.Uniqueness (13s)
✔ [7201/8034] Built Mathlib.Analysis.Analytic.Within (8.0s)
✔ [7202/8034] Built Mathlib.Probability.Kernel.Irreducible (6.9s)
✔ [7203/8034] Built Mathlib.Analysis.InnerProductSpace.l2Space (30s)
✔ [7204/8034] Built Mathlib.Probability.Decision.Risk.Defs (6.9s)
✔ [7205/8034] Built Mathlib.Probability.Kernel.Composition.CompMap (6.5s)
✔ [7206/8034] Built Mathlib.Analysis.Matrix.Normed (22s)
✔ [7207/8034] Built Mathlib.LinearAlgebra.RootSystem.GeckConstruction.Lemmas (44s)
✔ [7208/8034] Built Mathlib.Analysis.InnerProductSpace.ProdL2 (28s)
✔ [7209/8034] Built Mathlib.Analysis.CStarAlgebra.ContinuousFunctionalCalculus.Isometric (58s)
✔ [7210/8034] Built Mathlib.RingTheory.Polynomial.Cyclotomic.Factorization (9.9s)
✔ [7211/8034] Built Mathlib.RingTheory.Polynomial.Cyclotomic.Expand (7.0s)
✔ [7212/8034] Built Mathlib.Analysis.SpecialFunctions.ContinuousFunctionalCalculus.Rpow.Basic (70s)
✔ [7213/8034] Built Mathlib.AlgebraicGeometry.Morphisms.SurjectiveOnStalks (29s)
✔ [7214/8034] Built Mathlib.Probability.Kernel.Composition.CompProd (11s)
✔ [7215/8034] Built Mathlib.MeasureTheory.Integral.Marginal (10s)
✔ [7216/8034] Built Mathlib.Dynamics.Ergodic.Action.Regular (8.4s)
✔ [7217/8034] Built Mathlib.AlgebraicGeometry.Morphisms.IsIso (8.7s)
✔ [7218/8034] Built Mathlib.MeasureTheory.Function.LpSeminorm.CompareExp (12s)
✔ [7219/8034] Built Mathlib.RingTheory.Polynomial.Cyclotomic.Eval (17s)
✔ [7220/8034] Built Mathlib.Analysis.LConvolution (10s)
✔ [7221/8034] Built Mathlib.Topology.CWComplex.Abstract.Basic (6.0s)
✔ [7222/8034] Built Mathlib.MeasureTheory.Measure.Haar.Basic (14s)
✔ [7223/8034] Built Mathlib.Analysis.Fourier.FiniteAbelian.Orthogonality (8.1s)
✔ [7224/8034] Built Mathlib.Probability.Kernel.Composition.Prod (7.4s)
✔ [7225/8034] Built Mathlib.RingTheory.DedekindDomain.Different (94s)
✔ [7226/8034] Built Mathlib.Analysis.Matrix (7.3s)
✔ [7227/8034] Built Mathlib.Analysis.Normed.Algebra.MatrixExponential (10s)
✔ [7228/8034] Built Mathlib.Analysis.InnerProductSpace.Orientation (14s)
✔ [7229/8034] Built Mathlib.RingTheory.QuasiFinite.Polynomial (27s)
✔ [7230/8034] Built Mathlib.Analysis.Analytic.CPolynomial (41s)
✔ [7231/8034] Built Mathlib.Analysis.SpecialFunctions.ContinuousFunctionalCalculus.PosPart.Isometric (10s)
✔ [7232/8034] Built Mathlib.Analysis.Distribution.DerivNotation (20s)
✔ [7233/8034] Built Mathlib.AlgebraicGeometry.Morphisms.Preimmersion (8.9s)
✔ [7234/8034] Built Mathlib.NumberTheory.Cyclotomic.Basic (38s)
✔ [7235/8034] Built Mathlib.NumberTheory.PrimesCongruentOne (8.7s)
✔ [7236/8034] Built Mathlib.AlgebraicGeometry.Morphisms.QuasiSeparated (32s)
✔ [7237/8034] Built Mathlib.NumberTheory.SiegelsLemma (23s)
✔ [7238/8034] Built Mathlib.RingTheory.Ideal.Norm.RelNorm (29s)
✔ [7239/8034] Built Mathlib.AlgebraicGeometry.IdealSheaf.Basic (34s)
✔ [7240/8034] Built Mathlib.Probability.Kernel.Composition.KernelLemmas (7.5s)
✔ [7241/8034] Built Mathlib.Combinatorics.Additive.Randomisation (10s)
✔ [7242/8034] Built Mathlib.LinearAlgebra.RootSystem.GeckConstruction.Semisimple (81s)
✔ [7243/8034] Built Mathlib.MeasureTheory.Measure.WithDensity (16s)
✔ [7244/8034] Built Mathlib.Analysis.Fourier.FiniteAbelian.PontryaginDuality (14s)
✔ [7245/8034] Built Mathlib.RingTheory.Polynomial.Eisenstein.IsIntegral (23s)
✔ [7246/8034] Built Mathlib.Probability.Kernel.IonescuTulcea.PartialTraj (11s)
✔ [7247/8034] Built Mathlib.RingTheory.LittleWedderburn (21s)
✔ [7248/8034] Built Mathlib.RingTheory.RootsOfUnity.AlgebraicallyClosed (7.2s)
✔ [7249/8034] Built Mathlib.MeasureTheory.Function.AEEqOfLIntegral (6.0s)
✔ [7250/8034] Built Mathlib.MeasureTheory.Measure.Haar.OfBasis (23s)
✔ [7251/8034] Built Mathlib.AlgebraicGeometry.Morphisms.FinitePresentation (8.9s)
✔ [7252/8034] Built Mathlib.MeasureTheory.Function.L1Space.HasFiniteIntegral (10s)
✔ [7253/8034] Built Mathlib.AlgebraicGeometry.Stalk (15s)
✔ [7254/8034] Built Mathlib.MeasureTheory.Measure.SubFinite (7.1s)
✔ [7255/8034] Built Mathlib.MeasureTheory.Integral.LebesgueNormedSpace (7.4s)
✔ [7256/8034] Built Mathlib.MeasureTheory.Function.StronglyMeasurable.Lemmas (9.4s)
✔ [7257/8034] Built Mathlib.NumberTheory.Cyclotomic.PrimitiveRoots (18s)
✔ [7258/8034] Built Mathlib.Analysis.InnerProductSpace.TwoDim (30s)
✔ [7259/8034] Built Mathlib.MeasureTheory.Function.LpSpace.Basic (46s)
✔ [7260/8034] Built Mathlib.MeasureTheory.Measure.Decomposition.Lebesgue (16s)
✔ [7261/8034] Built Mathlib.MeasureTheory.Function.AEEqFun.DomAct (12s)
✔ [7262/8034] Built Mathlib.MeasureTheory.Measure.Lebesgue.Basic (15s)
✔ [7263/8034] Built Mathlib.NumberTheory.Cyclotomic.Gal (10s)
✔ [7264/8034] Built Mathlib.Analysis.CStarAlgebra.ContinuousFunctionalCalculus.Continuity (54s)
✔ [7265/8034] Built Mathlib.NumberTheory.Cyclotomic.Discriminant (14s)
✔ [7266/8034] Built Mathlib.AlgebraicGeometry.ResidueField (20s)
✔ [7267/8034] Built Mathlib.MeasureTheory.Function.LpSpace.Complete (9.6s)
✔ [7268/8034] Built Mathlib.Probability.Kernel.Composition.MeasureCompProd (8.2s)
✔ [7269/8034] Built Mathlib.AlgebraicGeometry.IdealSheaf.Subscheme (35s)
✔ [7270/8034] Built Mathlib.Analysis.BoxIntegral.Partition.Measure (7.6s)
✔ [7271/8034] Built Mathlib.LinearAlgebra.RootSystem.GeckConstruction.Relations (64s)
✔ [7272/8034] Built Mathlib.RingTheory.DedekindDomain.LinearDisjoint (45s)
✔ [7273/8034] Built Mathlib.MeasureTheory.Function.LpSpace.Indicator (13s)
✔ [7274/8034] Built Mathlib.NumberTheory.NumberField.Cyclotomic.Galois (8.7s)
✔ [7275/8034] Built Mathlib.Probability.Kernel.Composition.MeasureComp (6.0s)
✔ [7276/8034] Built Mathlib.MeasureTheory.Function.LpSpace.ContinuousFunctions (18s)
✔ [7277/8034] Built Mathlib.MeasureTheory.Function.ConvergenceInMeasure (9.7s)
✔ [7278/8034] Built Mathlib.Probability.Kernel.Disintegration.Basic (9.4s)
✔ [7279/8034] Built Mathlib.Analysis.SpecialFunctions.ContinuousFunctionalCalculus.Rpow.Isometric (12s)
✔ [7280/8034] Built Mathlib.Probability.Kernel.Composition.Lemmas (6.6s)
✔ [7281/8034] Built Mathlib.Probability.Kernel.Invariance (7.1s)
✔ [7282/8034] Built Mathlib.AlgebraicGeometry.PullbackCarrier (15s)
✔ [7283/8034] Built Mathlib.MeasureTheory.Measure.Hausdorff (23s)
✔ [7284/8034] Built Mathlib.Probability.Decision.Risk.Basic (8.6s)
✔ [7285/8034] Built Mathlib.MeasureTheory.Measure.Lebesgue.EqHaar (24s)
✔ [7286/8034] Built Mathlib.MeasureTheory.Function.LpOrder (8.3s)
✔ [7287/8034] Built Mathlib.Analysis.Calculus.FDeriv.Analytic (57s)
✔ [7288/8034] Built Mathlib.MeasureTheory.Function.LpSpace.DomAct.Basic (15s)
✔ [7289/8034] Built Mathlib.Geometry.Euclidean.Angle.Oriented.Basic (30s)
✔ [7290/8034] Built Mathlib.AlgebraicGeometry.Morphisms.UniversallyInjective (6.0s)
✔ [7291/8034] Built Mathlib.AlgebraicGeometry.Sites.Pretopology (6.5s)
✔ [7292/8034] Built Mathlib.Analysis.Convex.Measure (7.2s)
✔ [7293/8034] Built Mathlib.AlgebraicGeometry.Morphisms.Affine (10s)
✔ [7294/8034] Built Mathlib.Probability.Independence.Kernel.IndepFun (19s)
✔ [7295/8034] Built Mathlib.Analysis.BoxIntegral.Basic (25s)
✔ [7296/8034] Built Mathlib.MeasureTheory.Measure.Haar.InnerProductSpace (12s)
✔ [7297/8034] Built Mathlib.AlgebraicGeometry.Sites.BigZariski (6.4s)
✔ [7298/8034] Built Mathlib.Analysis.SpecialFunctions.Exponential (15s)
✔ [7299/8034] Built Mathlib.AlgebraicGeometry.Fiber (7.7s)
✔ [7300/8034] Built Mathlib.AlgebraicGeometry.Cover.Directed (20s)
✔ [7301/8034] Built Mathlib.AlgebraicGeometry.Sites.Small (13s)
✔ [7302/8034] Built Mathlib.Probability.Independence.Kernel (5.8s)
✔ [7303/8034] Built Mathlib.MeasureTheory.Function.L1Space.Integrable (24s)
✔ [7304/8034] Built Mathlib.Analysis.SpecialFunctions.ContinuousFunctionalCalculus.Abs (31s)
✔ [7305/8034] Built Mathlib.AlgebraicGeometry.Morphisms.AffineAnd (11s)
✔ [7306/8034] Built Mathlib.Geometry.Euclidean.Angle.Oriented.Rotation (23s)
✔ [7307/8034] Built Mathlib.AlgebraicGeometry.Cover.QuasiCompact (16s)
✔ [7308/8034] Built Mathlib.MeasureTheory.Measure.Lebesgue.Complex (9.0s)
✔ [7309/8034] Built Mathlib.AlgebraicGeometry.GluingOneHypercover (8.8s)
✔ [7310/8034] Built Mathlib.Analysis.BoxIntegral.DivergenceTheorem (14s)
✔ [7311/8034] Built Mathlib.Combinatorics.Derangements.Exponential (7.7s)
✔ [7312/8034] Built Mathlib.Probability.Distributions.Poisson (7.4s)
✔ [7313/8034] Built Mathlib.Probability.Independence.Basic (17s)
✔ [7314/8034] Built Mathlib.Analysis.SpecialFunctions.Trigonometric.Series (10s)
✔ [7315/8034] Built Mathlib.AlgebraicGeometry.Geometrically.Basic (9.2s)
✔ [7316/8034] Built Mathlib.Analysis.InnerProductSpace.Adjoint (178s)
✔ [7317/8034] Built Mathlib.AlgebraicGeometry.RelativeGluing (14s)
✔ [7318/8034] Built Mathlib.Analysis.Calculus.FDeriv.ContinuousMultilinearMap (41s)
✔ [7319/8034] Built Mathlib.MeasureTheory.Function.L1Space.AEEqFun (14s)
✔ [7320/8034] Built Mathlib.AlgebraicGeometry.Morphisms.Descent (13s)
✔ [7321/8034] Built Mathlib.MeasureTheory.Function.UniformIntegrable (20s)
✔ [7322/8034] Built Mathlib.Probability.Moments.IntegrableExpMul (20s)
✔ [7323/8034] Built Mathlib.MeasureTheory.Integral.IntegrableOn (18s)
✔ [7324/8034] Built Mathlib.AlgebraicGeometry.Sites.QuasiCompact (9.2s)
✔ [7325/8034] Built Mathlib.Analysis.SpecialFunctions.ContinuousFunctionalCalculus.ExpLog.Basic (27s)
✔ [7326/8034] Built Mathlib.Probability.Independence.Integrable (8.9s)
✔ [7327/8034] Built Mathlib.AlgebraicGeometry.Morphisms.ClosedImmersion (22s)
✔ [7328/8034] Built Mathlib.AlgebraicGeometry.Sites.Representability (12s)
✔ [7329/8034] Built Mathlib.Probability.Independence.Process (10s)
✔ [7330/8034] Built Mathlib.Analysis.CStarAlgebra.ContinuousLinearMap (9.9s)
✔ [7331/8034] Built Mathlib.Analysis.Normed.Algebra.QuaternionExponential (11s)
✔ [7332/8034] Built Mathlib.Probability.Distributions.Fernique (31s)
✔ [7333/8034] Built Mathlib.Analysis.Convex.Cone.InnerDual (14s)
✔ [7334/8034] Built Mathlib.Geometry.Euclidean.Angle.Oriented.Affine (32s)
✔ [7335/8034] Built Mathlib.MeasureTheory.Function.UnifTight (11s)
✔ [7336/8034] Built Mathlib.Analysis.VonNeumannAlgebra.Basic (22s)
✔ [7337/8034] Built Mathlib.Analysis.Calculus.ContDiff.Defs (76s)
✔ [7338/8034] Built Mathlib.MeasureTheory.SpecificCodomains.ContinuousMap (9.6s)
✔ [7339/8034] Built Mathlib.Analysis.InnerProductSpace.LinearPMap (25s)
✔ [7340/8034] Built Mathlib.RingTheory.ZariskisMainTheorem (139s)
✔ [7341/8034] Built Mathlib.AlgebraicGeometry.Sites.SmallAffineZariski (23s)
✔ [7342/8034] Built Mathlib.Analysis.SpecialFunctions.ContinuousFunctionalCalculus.ExpLog (7.2s)
✔ [7343/8034] Built Mathlib.AlgebraicGeometry.IdealSheaf.Functorial (9.7s)
✔ [7344/8034] Built Mathlib.Analysis.Calculus.ContDiff.CPolynomial (8.9s)
✔ [7345/8034] Built Mathlib.MeasureTheory.Function.LocallyIntegrable (17s)
✔ [7346/8034] Built Mathlib.Geometry.Euclidean.Angle.Oriented.Projection (11s)
✔ [7347/8034] Built Mathlib.AlgebraicGeometry.Morphisms.Separated (16s)
✔ [7348/8034] Built Mathlib.Analysis.Calculus.ContDiff.FaaDiBruno (93s)
✔ [7349/8034] Built Mathlib.Geometry.Euclidean.Triangle (15s)
✔ [7350/8034] Built Mathlib.AlgebraicGeometry.Morphisms.UniversallyClosed (22s)
✔ [7351/8034] Built Mathlib.Analysis.Calculus.IteratedDeriv.Defs (14s)
✔ [7352/8034] Built Mathlib.MeasureTheory.SpecificCodomains.ContinuousMapZero (9.4s)
✔ [7353/8034] Built Mathlib.Geometry.Euclidean.Angle.Oriented.RightAngle (23s)
✔ [7354/8034] Built Mathlib.Analysis.Calculus.ContDiff.RestrictScalars (15s)
✔ [7355/8034] Built Mathlib.MeasureTheory.Function.SimpleFuncDenseLp (44s)
✔ [7356/8034] Built Mathlib.AlgebraicGeometry.Morphisms.Immersion (14s)
✔ [7357/8034] Built Mathlib.Geometry.Euclidean.Sphere.Ptolemy (10s)
✔ [7358/8034] Built Mathlib.AlgebraicGeometry.Morphisms.FormallyUnramified (15s)
✔ [7359/8034] Built Mathlib.Geometry.Euclidean.Congruence (11s)
✔ [7360/8034] Built Mathlib.Analysis.Calculus.InverseFunctionTheorem.Analytic (8.6s)
✔ [7361/8034] Built Mathlib.AlgebraicGeometry.Morphisms.Integral (10s)
✔ [7362/8034] Built Mathlib.Analysis.Calculus.IteratedDeriv.ConvergenceOnBall (9.8s)
✔ [7363/8034] Built Mathlib.Analysis.Calculus.FDeriv.Mul (121s)
✔ [7364/8034] Built Mathlib.Analysis.Calculus.FDeriv.ContinuousAlternatingMap (61s)
✔ [7365/8034] Built Mathlib.Analysis.InnerProductSpace.TensorProduct (69s)
✔ [7366/8034] Built Mathlib.MeasureTheory.Function.LpSpace.ContinuousCompMeasurePreserving (9.8s)
✔ [7367/8034] Built Mathlib.Geometry.Euclidean.Similarity (22s)
✔ [7368/8034] Built Mathlib.MeasureTheory.Function.StronglyMeasurable.Lp (8.5s)
✔ [7369/8034] Built Mathlib.Analysis.CStarAlgebra.Matrix (75s)
✔ [7370/8034] Built Mathlib.Geometry.Euclidean.Angle.Unoriented.TriangleInequality (31s)
✔ [7371/8034] Built Mathlib.Analysis.Calculus.ContDiff.Basic (42s)
✔ [7372/8034] Built Mathlib.AlgebraicGeometry.ColimitsOver (73s)
✔ [7373/8034] Built Mathlib.Geometry.Euclidean.Angle.Sphere (21s)
✔ [7374/8034] Built Mathlib.AlgebraicGeometry.Noetherian (11s)
✔ [7375/8034] Built Mathlib.AlgebraicGeometry.PointsPi (13s)
✔ [7376/8034] Built Mathlib.Analysis.Calculus.DSlope (9.3s)
✔ [7377/8034] Built Mathlib.AlgebraicGeometry.Morphisms.Finite (11s)
✔ [7378/8034] Built Mathlib.MeasureTheory.Measure.SeparableMeasure (22s)
✔ [7379/8034] Built Mathlib.AlgebraicGeometry.QuasiAffine (12s)
✔ [7380/8034] Built Mathlib.Analysis.Calculus.DiffContOnCl (9.8s)
✔ [7381/8034] Built Mathlib.MeasureTheory.Integral.FinMeasAdditive (20s)
✔ [7382/8034] Built Mathlib.MeasureTheory.Function.LpSpace.DomAct.Continuous (8.8s)
✔ [7383/8034] Built Mathlib.LinearAlgebra.Matrix.Permutation (10s)
✔ [7384/8034] Built Mathlib.AlgebraicGeometry.Artinian (10s)
✔ [7385/8034] Built Mathlib.AlgebraicGeometry.Morphisms.Proper (9.0s)
✔ [7386/8034] Built Mathlib.AlgebraicGeometry.SpreadingOut (14s)
✔ [7387/8034] Built Mathlib.Geometry.Euclidean.NinePointCircle (15s)
✔ [7388/8034] Built Mathlib.AlgebraicGeometry.AlgClosed.Basic (8.8s)
✔ [7389/8034] Built Mathlib.MeasureTheory.Function.ConditionalExpectation.AEMeasurable (23s)
✔ [7390/8034] Built Mathlib.Analysis.Calculus.FDeriv.Pow (27s)
✔ [7391/8034] Built Mathlib.LinearAlgebra.Matrix.Swap (8.9s)
✔ [7392/8034] Built Mathlib.Geometry.Euclidean.Angle.Bisector (49s)
✔ [7393/8034] Built Mathlib.Analysis.Calculus.ContDiff.Comp (28s)
✔ [7394/8034] Built Mathlib.Analysis.Analytic.IsolatedZeros (25s)
✔ [7395/8034] Built Mathlib.LinearAlgebra.Matrix.Stochastic (15s)
✔ [7396/8034] Built Mathlib.RingTheory.Unramified.LocalStructure (77s)
✔ [7397/8034] Built Mathlib.AlgebraicGeometry.Morphisms.Flat (162s)
✔ [7398/8034] Built Mathlib.Analysis.Calculus.Deriv.Pow (10s)
✔ [7399/8034] Built Mathlib.AlgebraicGeometry.ValuativeCriterion (16s)
✔ [7400/8034] Built Mathlib.Analysis.Calculus.IteratedDeriv.FaaDiBruno (11s)
✔ [7401/8034] Built Mathlib.Analysis.Calculus.ContDiff.Deriv (9.3s)
✔ [7402/8034] Built Mathlib.Analysis.Calculus.Deriv.Mul (45s)
✔ [7403/8034] Built Mathlib.Analysis.Calculus.ContDiffHolder.Pointwise (13s)
✔ [7404/8034] Built Mathlib.AlgebraicGeometry.RationalMap (19s)
✔ [7405/8034] Built Mathlib.Analysis.Convex.DoublyStochasticMatrix (12s)
✔ [7406/8034] Built Mathlib.AlgebraicGeometry.Morphisms.SchemeTheoreticallyDominant (10s)
✔ [7407/8034] Built Mathlib.Analysis.InnerProductSpace.Coalgebra (49s)
✔ [7408/8034] Built Mathlib.AlgebraicGeometry.Morphisms.QuasiFinite (28s)
✔ [7409/8034] Built Mathlib.AlgebraicGeometry.Morphisms.UniversallyOpen (9.2s)
✔ [7410/8034] Built Mathlib.Analysis.Calculus.Deriv.CompMul (6.7s)
✔ [7411/8034] Built Mathlib.Analysis.Calculus.Darboux (8.3s)
✔ [7412/8034] Built Mathlib.Analysis.Calculus.Deriv.MeanValue (13s)
✔ [7413/8034] Built Mathlib.Analysis.Calculus.Deriv.Polynomial (12s)
✔ [7414/8034] Built Mathlib.AlgebraicGeometry.Geometrically.Reduced (10s)
✔ [7415/8034] Built Mathlib.Analysis.Calculus.Deriv.Inv (13s)
✔ [7416/8034] Built Mathlib.AlgebraicGeometry.Geometrically.Irreducible (8.8s)
✔ [7417/8034] Built Mathlib.Analysis.Calculus.LineDeriv.Basic (19s)
✔ [7418/8034] Built Mathlib.AlgebraicGeometry.Morphisms.FlatDescent (11s)
✔ [7419/8034] Built Mathlib.Analysis.Calculus.Deriv.Shift (7.3s)
✔ [7420/8034] Built Mathlib.Analysis.Convex.Birkhoff (16s)
✔ [7421/8034] Built Mathlib.Analysis.Calculus.MeanValue (24s)
✔ [7422/8034] Built Mathlib.AlgebraicGeometry.Morphisms.Smooth (25s)
✔ [7423/8034] Built Mathlib.Analysis.Calculus.LocalExtr.Polynomial (7.3s)
✔ [7424/8034] Built Mathlib.AlgebraicGeometry.AffineSpace (67s)
✔ [7425/8034] Built Mathlib.Analysis.Calculus.DerivativeTest (11s)
✔ [7426/8034] Built Mathlib.AlgebraicGeometry.Geometrically.Integral (9.1s)
✔ [7427/8034] Built Mathlib.AlgebraicGeometry.Morphisms.FlatMono (8.1s)
✔ [7428/8034] Built Mathlib.Analysis.Calculus.LineDeriv.Measurable (9.4s)
✔ [7429/8034] Built Mathlib.Analysis.Calculus.LHopital (10s)
✔ [7430/8034] Built Mathlib.Analysis.Calculus.LocalExtr.LineDeriv (10s)
✔ [7431/8034] Built Mathlib.Analysis.Calculus.LineDeriv.QuadraticMap (11s)
✔ [7432/8034] Built Mathlib.Analysis.Convex.Deriv (17s)
✔ [7433/8034] Built Mathlib.AlgebraicGeometry.ProjectiveSpectrum.Proper (41s)
✔ [7434/8034] Built Mathlib.Analysis.Calculus.Deriv.ZPow (12s)
✔ [7435/8034] Built Mathlib.AlgebraicGeometry.Group.Smooth (9.4s)
✔ [7436/8034] Built Mathlib.AlgebraicGeometry.Morphisms.Etale (9.2s)
✔ [7437/8034] Built Mathlib.Analysis.Calculus.ContDiff.RCLike (12s)
✔ [7438/8034] Built Mathlib.Analysis.SpecialFunctions.Pochhammer (7.9s)
✔ [7439/8034] Built Mathlib.NumberTheory.Transcendental.Liouville.Basic (12s)
✔ [7440/8034] Built Mathlib.Analysis.Calculus.FDeriv.Extend (11s)
✔ [7441/8034] Built Mathlib.Analysis.Calculus.UniformLimitsDeriv (13s)
✔ [7442/8034] Built Mathlib.Analysis.Calculus.IteratedDeriv.WithinZpow (5.8s)
✔ [7443/8034] Built Mathlib.Analysis.Calculus.Taylor (16s)
✔ [7444/8034] Built Mathlib.AlgebraicGeometry.Sites.Etale (6.5s)
✔ [7445/8034] Built Mathlib.NumberTheory.Transcendental.Liouville.Residual (6.1s)
✔ [7446/8034] Built Mathlib.NumberTheory.Transcendental.Liouville.LiouvilleNumber (7.4s)
✔ [7447/8034] Built Mathlib.NumberTheory.Transcendental.Liouville.LiouvilleWith (7.0s)
✔ [7448/8034] Built Mathlib.Analysis.Calculus.LogDeriv (10s)
✔ [7449/8034] Built Mathlib.Topology.Algebra.InfiniteSum.TsumUniformlyOn (6.0s)
✔ [7450/8034] Built Mathlib.Topology.MetricSpace.HausdorffDimension (9.4s)
✔ [7451/8034] Built Mathlib.MeasureTheory.Integral.SetToL1 (82s)
✔ [7452/8034] Built Mathlib.NumberTheory.Transcendental.Liouville.Measure (4.0s)
✔ [7453/8034] Built Mathlib.Analysis.Calculus.ContDiff.Operations (70s)
✔ [7454/8034] Built Mathlib.RingTheory.Etale.QuasiFinite (147s)
✔ [7455/8034] Built Mathlib.Analysis.Calculus.AddTorsor.AffineMap (6.1s)
✔ [7456/8034] Built Mathlib.Analysis.Calculus.ContDiff.Polynomial (6.2s)
✔ [7457/8034] Built Mathlib.Analysis.Calculus.InverseFunctionTheorem.ContDiff (7.8s)
✔ [7458/8034] Built Mathlib.Analysis.SpecialFunctions.Sqrt (8.7s)
✔ [7459/8034] Built Mathlib.Analysis.Calculus.ContDiff.FiniteDimension (8.9s)
✔ [7460/8034] Built Mathlib.RingTheory.Smooth.IntegralClosure (75s)
✔ [7461/8034] Built Mathlib.Analysis.Calculus.ContDiff.WithLp (9.8s)
✔ [7462/8034] Built Mathlib.AlgebraicGeometry.AffineTransitionLimit (99s)
✔ [7463/8034] Built Mathlib.Analysis.Calculus.AddTorsor.Coord (6.9s)
✔ [7464/8034] Built Mathlib.Analysis.Calculus.BumpFunction.Basic (8.8s)
✔ [7465/8034] Built Mathlib.Analysis.Complex.RealDeriv (9.9s)
✔ [7466/8034] Built Mathlib.Analysis.Calculus.SmoothSeries (16s)
✔ [7467/8034] Built Mathlib.Analysis.InnerProductSpace.Laplacian (19s)
✔ [7468/8034] Built Mathlib.Geometry.Manifold.IsManifold.Basic (19s)
✔ [7469/8034] Built Mathlib.Analysis.Calculus.ImplicitContDiff (12s)
✔ [7470/8034] Built Mathlib.Analysis.Analytic.IteratedFDeriv (18s)
✔ [7471/8034] Built Mathlib.MeasureTheory.Integral.Bochner.L1 (25s)
✔ [7472/8034] Built Mathlib.Geometry.Manifold.Metrizable (5.2s)
✔ [7473/8034] Built Mathlib.Analysis.InnerProductSpace.Harmonic.Basic (6.6s)
✔ [7474/8034] Built Mathlib.Analysis.Calculus.ContDiff.Bounds (26s)
✔ [7475/8034] Built Mathlib.Geometry.Manifold.LocalSourceTargetProperty (7.4s)
✔ [7476/8034] Built Mathlib.Analysis.InnerProductSpace.Calculus (17s)
✔ [7477/8034] Built Mathlib.Geometry.Manifold.IsManifold.ExtChartAt (11s)
✔ [7478/8034] Built Mathlib.Analysis.InnerProductSpace.EuclideanDist (9.9s)
✔ [7479/8034] Built Mathlib.Analysis.Calculus.IteratedDeriv.Lemmas (38s)
✔ [7480/8034] Built Mathlib.Analysis.Calculus.Deriv.Abs (10s)
✔ [7481/8034] Built Mathlib.Analysis.InnerProductSpace.Rayleigh (12s)
✔ [7482/8034] Built Mathlib.Geometry.Manifold.MFDeriv.Defs (9.9s)
✔ [7483/8034] Built Mathlib.Geometry.Manifold.IsManifold.InteriorBoundary (10s)
✔ [7484/8034] Built Mathlib.Geometry.Euclidean.Inversion.Calculus (14s)
✔ [7485/8034] Built Mathlib.Analysis.Calculus.FDeriv.Symmetric (28s)
✔ [7486/8034] Built Mathlib.Geometry.Manifold.ContMDiff.Defs (19s)
✔ [7487/8034] Built Mathlib.Analysis.Calculus.FDeriv.Norm (12s)
✔ [7488/8034] Built Mathlib.Geometry.Diffeology.Basic (13s)
✔ [7489/8034] Built Mathlib.MeasureTheory.Integral.Bochner.Basic (28s)
✔ [7490/8034] Built Mathlib.Analysis.SpecialFunctions.ExpDeriv (13s)
✔ [7491/8034] Built Mathlib.Geometry.Manifold.Bordism (11s)
✔ [7492/8034] Built Mathlib.Geometry.Manifold.Immersion (24s)
✔ [7493/8034] Built Mathlib.Analysis.InnerProductSpace.Spectrum (19s)
✔ [7494/8034] Built Mathlib.Probability.ProbabilityMassFunction.Integrals (8.4s)
✔ [7495/8034] Built Mathlib.Geometry.Manifold.Instances.Real (19s)
✔ [7496/8034] Built Mathlib.MeasureTheory.Integral.CompactlySupported (11s)
✔ [7497/8034] Built Mathlib.Analysis.NormedSpace.MultipliableUniformlyOn (7.9s)
✔ [7498/8034] Built Mathlib.MeasureTheory.Function.ContinuousMapDense (12s)
✔ [7499/8034] Built Mathlib.MeasureTheory.Integral.Bochner.VitaliCaratheodory (13s)
✔ [7500/8034] Built Mathlib.Analysis.Analytic.Order (26s)
✔ [7501/8034] Built Mathlib.Geometry.Manifold.ContMDiff.Basic (15s)
✔ [7502/8034] Built Mathlib.Analysis.Real.Pi.Chudnovsky (8.0s)
✔ [7503/8034] Built Mathlib.Data.Real.Pi.Irrational (7.7s)
✔ [7504/8034] Built Mathlib.Data.Real.Pi.Leibniz (7.7s)
✔ [7505/8034] Built Mathlib.Data.Real.Pi.Wallis (7.1s)
✔ [7506/8034] Built Mathlib.NumberTheory.Cyclotomic.Embeddings (7.4s)
✔ [7507/8034] Built Mathlib.NumberTheory.NumberField.Completion (6.8s)
✔ [7508/8034] Built Mathlib.Probability.Integration (7.4s)
✔ [7509/8034] Built Mathlib.Probability.Kernel.Integral (7.8s)
✔ [7510/8034] Built Mathlib.Geometry.Manifold.Notation (23s)
✔ [7511/8034] Built Mathlib.Analysis.InnerProductSpace.Harmonic.Analytic (7.2s)
✔ [7512/8034] Built Mathlib.Analysis.Calculus.DifferentialForm.Basic (26s)
✔ [7513/8034] Built Mathlib.MeasureTheory.Integral.BoundedContinuousFunction (9.5s)
✔ [7514/8034] Built Mathlib.MeasureTheory.Function.LpSeminorm.LpNorm (12s)
✔ [7515/8034] Built Mathlib.Analysis.SpecialFunctions.SmoothTransition (8.0s)
✔ [7516/8034] Built Mathlib.Analysis.Calculus.VectorField (31s)
✔ [7517/8034] Built Mathlib.MeasureTheory.Group.Integral (12s)
✔ [7518/8034] Built Mathlib.Analysis.SpecialFunctions.Sigmoid (10s)
✔ [7519/8034] Built Mathlib.RingTheory.Polynomial.Hermite.Gaussian (9.1s)
✔ [7520/8034] Built Mathlib.Analysis.SpecialFunctions.MulExpNegMulSq (8.9s)
✔ [7521/8034] Built Mathlib.Analysis.ODE.Gronwall (11s)
✔ [7522/8034] Built Mathlib.MeasureTheory.Integral.Bochner.Set (37s)
✔ [7523/8034] Built Mathlib.Analysis.InnerProductSpace.Trace (10s)
✔ [7524/8034] Built Mathlib.Analysis.Distribution.ContDiffMapSupportedIn (90s)
✔ [7525/8034] Built Mathlib.Analysis.SpecialFunctions.Trigonometric.Deriv (20s)
✔ [7526/8034] Built Mathlib.Analysis.SpecialFunctions.Trigonometric.DerivHyp (20s)
✔ [7527/8034] Built Mathlib.Analysis.InnerProductSpace.JointEigenspace (9.9s)
✔ [7528/8034] Built Mathlib.Geometry.Manifold.ContMDiff.Atlas (10s)
✔ [7529/8034] Built Mathlib.Analysis.Calculus.BumpFunction.InnerProduct (7.7s)
✔ [7530/8034] Built Mathlib.Analysis.Calculus.DifferentialForm.VectorField (7.7s)
✔ [7531/8034] Built Mathlib.MeasureTheory.Measure.HasOuterApproxClosed (8.3s)
✔ [7532/8034] Built Mathlib.Analysis.Matrix.Spectrum (16s)
✔ [7533/8034] Built Mathlib.Probability.Kernel.SetIntegral (6.1s)
✔ [7534/8034] Built Mathlib.Analysis.BoxIntegral.Integrability (10s)
✔ [7535/8034] Built Mathlib.Geometry.Manifold.ContMDiff.Constructions (17s)
✔ [7536/8034] Built Mathlib.MeasureTheory.Measure.Haar.NormedSpace (12s)
✔ [7537/8034] Built Mathlib.Analysis.SpecialFunctions.Log.Deriv (30s)
✔ [7538/8034] Built Mathlib.AlgebraicGeometry.Normalization (94s)
✔ [7539/8034] Built Mathlib.MeasureTheory.Integral.Regular (6.9s)
✔ [7540/8034] Built Mathlib.MeasureTheory.Integral.Bochner.FundThmCalculus (7.1s)
✔ [7541/8034] Built Mathlib.Analysis.Meromorphic.Basic (20s)
✔ [7542/8034] Built Mathlib.Geometry.Manifold.MFDeriv.Basic (54s)
✔ [7543/8034] Built Mathlib.MeasureTheory.Function.Holder (39s)
✔ [7544/8034] Built Mathlib.MeasureTheory.Integral.Bochner.ContinuousLinearMap (16s)
✔ [7545/8034] Built Mathlib.Analysis.SpecialFunctions.Trigonometric.ComplexDeriv (7.2s)
✔ [7546/8034] Built Mathlib.Analysis.SpecialFunctions.Trigonometric.InverseDeriv (8.6s)
✔ [7547/8034] Built Mathlib.Analysis.SpecialFunctions.Arcosh (9.0s)
✔ [7548/8034] Built Mathlib.Analysis.Convex.SpecificFunctions.Deriv (8.6s)
✔ [7549/8034] Built Mathlib.Analysis.SpecialFunctions.Log.InvLog (8.1s)
✔ [7550/8034] Built Mathlib.Analysis.SpecialFunctions.Arsinh (10s)
✔ [7551/8034] Built Mathlib.Analysis.Complex.ExponentialBounds (8.7s)
✔ [7552/8034] Built Mathlib.Analysis.Matrix.PosDef (10s)
✔ [7553/8034] Built Mathlib.Analysis.InnerProductSpace.Positive (33s)
✔ [7554/8034] Built Mathlib.Analysis.SpecialFunctions.Log.NegMulLog (8.3s)
✔ [7555/8034] Built Mathlib.Analysis.Meromorphic.IsolatedZeros (7.2s)
✔ [7556/8034] Built Mathlib.Analysis.SpecialFunctions.Complex.LogDeriv (9.3s)
✔ [7557/8034] Built Mathlib.Analysis.Matrix.HermitianFunctionalCalculus (15s)
✔ [7558/8034] Built Mathlib.Geometry.Manifold.MFDeriv.FDeriv (8.9s)
✔ [7559/8034] Built Mathlib.MeasureTheory.Integral.Asymptotics (8.6s)
✔ [7560/8034] Built Mathlib.Analysis.Calculus.BumpFunction.Normed (11s)
✔ [7561/8034] Built Mathlib.MeasureTheory.Function.AEEqOfIntegral (11s)
✔ [7562/8034] Built Mathlib.MeasureTheory.SpecificCodomains.Pi (10s)
✔ [7563/8034] Built Mathlib.Probability.Kernel.WithDensity (11s)
✔ [7564/8034] Built Mathlib.Analysis.Meromorphic.Order (16s)
✔ [7565/8034] Built Mathlib.MeasureTheory.Function.L2Space (15s)
✔ [7566/8034] Built Mathlib.MeasureTheory.Measure.Decomposition.RadonNikodym (11s)
✔ [7567/8034] Built Mathlib.Analysis.Distribution.TestFunction (33s)
✔ [7568/8034] Built Mathlib.Analysis.SpecialFunctions.Trigonometric.ArctanDeriv (11s)
✔ [7569/8034] Built Mathlib.MeasureTheory.Integral.RieszMarkovKakutani.Real (38s)
✔ [7570/8034] Built Mathlib.Analysis.CStarAlgebra.ContinuousFunctionalCalculus.Integral (25s)
✔ [7571/8034] Built Mathlib.NumberTheory.Harmonic.EulerMascheroni (10s)
✔ [7572/8034] Built Mathlib.NumberTheory.Bertrand (13s)
✔ [7573/8034] Built Mathlib.MeasureTheory.Measure.FiniteMeasure (25s)
✔ [7574/8034] Built Mathlib.Analysis.Matrix.LDL (10s)
✔ [7575/8034] Built Mathlib.Analysis.Complex.UpperHalfPlane.Metric (13s)
✔ [7576/8034] Built Mathlib.Combinatorics.Additive.AP.Three.Behrend (17s)
✔ [7577/8034] Built Mathlib.MeasureTheory.Group.FundamentalDomain (56s)
✔ [7578/8034] Built Mathlib.NumberTheory.EulerProduct.ExpLog (8.2s)
✔ [7579/8034] Built Mathlib.Analysis.SpecialFunctions.BinaryEntropy (14s)
✔ [7580/8034] Built Mathlib.MeasureTheory.Integral.Average (28s)
✔ [7581/8034] Built Mathlib.AlgebraicGeometry.ZariskisMainTheorem (42s)
✔ [7582/8034] Built Mathlib.Analysis.Complex.CoveringMap (13s)
✔ [7583/8034] Built Mathlib.MeasureTheory.Integral.IntervalIntegral.Basic (30s)
✔ [7584/8034] Built Mathlib.Geometry.Manifold.Instances.Icc (13s)
✔ [7585/8034] Built Mathlib.MeasureTheory.VectorMeasure.WithDensity (9.2s)
✔ [7586/8034] Built Mathlib.Analysis.SpecialFunctions.Trigonometric.Chebyshev.RootsExtrema (31s)
✔ [7587/8034] Built Mathlib.MeasureTheory.Function.ConditionalExpectation.Unique (9.7s)
✔ [7588/8034] Built Mathlib.MeasureTheory.SpecificCodomains.WithLp (9.0s)
✔ [7589/8034] Built Mathlib.Dynamics.Ergodic.RadonNikodym (9.2s)
✔ [7590/8034] Built Mathlib.Probability.Kernel.Disintegration.CDFToKernel (17s)
✔ [7591/8034] Built Mathlib.Analysis.Distribution.Distribution (11s)
✔ [7592/8034] Built Mathlib.Probability.Density (12s)
✔ [7593/8034] Built Mathlib.Analysis.Meromorphic.Divisor (17s)
✔ [7594/8034] Built Mathlib.Analysis.SpecialFunctions.Pow.Deriv (26s)
✔ [7595/8034] Built Mathlib.Analysis.Meromorphic.TrailingCoefficient (17s)
✔ [7596/8034] Built Mathlib.MeasureTheory.Measure.Tilted (12s)
✔ [7597/8034] Built Mathlib.Analysis.SpecialFunctions.Trigonometric.Bounds (12s)
✔ [7598/8034] Built Mathlib.Combinatorics.Extremal.RuzsaSzemeredi (11s)
✔ [7599/8034] Built Mathlib.MeasureTheory.Integral.RieszMarkovKakutani.NNReal (15s)
✔ [7600/8034] Built Mathlib.Geometry.Manifold.ContMDiff.NormedSpace (71s)
✔ [7601/8034] Built Mathlib.MeasureTheory.Group.GeometryOfNumbers (15s)
✔ [7602/8034] Built Mathlib.Analysis.Matrix.Order (35s)
✔ [7603/8034] Built Mathlib.MeasureTheory.Integral.MeanValue (10s)
✔ [7604/8034] Built Mathlib.Computability.AkraBazzi.SumTransform (51s)
✔ [7605/8034] Built Mathlib.MeasureTheory.Integral.IntervalAverage (11s)
✔ [7606/8034] Built Mathlib.Analysis.Convex.Integral (14s)
✔ [7607/8034] Built Mathlib.MeasureTheory.Function.Intersectivity (13s)
✔ [7608/8034] Built Mathlib.MeasureTheory.Covering.Differentiation (15s)
✔ [7609/8034] Built Mathlib.MeasureTheory.Measure.ProbabilityMeasure (17s)
✔ [7610/8034] Built Mathlib.MeasureTheory.Integral.IntervalIntegral.Slope (16s)
✔ [7611/8034] Built Mathlib.Probability.Kernel.Disintegration.CondCDF (10s)
✔ [7612/8034] Built Mathlib.Analysis.SumIntegralComparisons (16s)
✔ [7613/8034] Built Mathlib.Dynamics.Ergodic.Extreme (10s)
✔ [7614/8034] Built Mathlib.MeasureTheory.Integral.Layercake (17s)
✔ [7615/8034] Built Mathlib.MeasureTheory.VectorMeasure.Decomposition.Lebesgue (14s)
✔ [7616/8034] Built Mathlib.MeasureTheory.Measure.LogLikelihoodRatio (11s)
✔ [7617/8034] Built Mathlib.Analysis.Meromorphic.NormalForm (14s)
✔ [7618/8034] Built Mathlib.Analysis.InnerProductSpace.NormPow (14s)
✔ [7619/8034] Built Mathlib.MeasureTheory.Integral.DominatedConvergence (21s)
✔ [7620/8034] Built Mathlib.Analysis.SpecialFunctions.Trigonometric.Sinc (9.4s)
✔ [7621/8034] Built Mathlib.MeasureTheory.Integral.CurveIntegral.Basic (31s)
✔ [7622/8034] Built Mathlib.Probability.Distributions.Uniform (19s)
✔ [7623/8034] Built Mathlib.Analysis.Real.Pi.Bounds (14s)
✔ [7624/8034] Built Mathlib.Analysis.Complex.Angle (11s)
✔ [7625/8034] Built Mathlib.Geometry.Manifold.ContMDiffMap (12s)
✔ [7626/8034] Built Mathlib.Combinatorics.SimpleGraph.LapMatrix (14s)
✔ [7627/8034] Built Mathlib.MeasureTheory.Covering.DensityTheorem (9.5s)
✔ [7628/8034] Built Mathlib.MeasureTheory.Measure.Decomposition.IntegralRNDeriv (11s)
✔ [7629/8034] Built Mathlib.MeasureTheory.Measure.DiracProba (8.7s)
✔ [7630/8034] Built Mathlib.MeasureTheory.Function.ConditionalExpectation.CondexpL2 (30s)
✔ [7631/8034] Built Mathlib.MeasureTheory.Integral.IntervalIntegral.MeanValue (14s)
✔ [7632/8034] Built Mathlib.Probability.CDF (9.1s)
✔ [7633/8034] Built Mathlib.MeasureTheory.VectorMeasure.Decomposition.RadonNikodym (9.6s)
✔ [7634/8034] Built Mathlib.Algebra.Module.ZLattice.Basic (48s)
✔ [7635/8034] Built Mathlib.Geometry.Manifold.VectorBundle.FiberwiseLinear (27s)
✔ [7636/8034] Built Mathlib.MeasureTheory.Function.SpecialFunctions.Sinc (8.9s)
✔ [7637/8034] Built Mathlib.Geometry.Manifold.MFDeriv.SpecificFunctions (78s)
✔ [7638/8034] Built Mathlib.InformationTheory.KullbackLeibler.KLFun (10s)
✔ [7639/8034] Built Mathlib.Analysis.Meromorphic.FactorizedRational (19s)
✔ [7640/8034] Built Mathlib.Probability.Kernel.MeasurableIntegral (15s)
✔ [7641/8034] Built Mathlib.MeasureTheory.Covering.LiminfLimsup (13s)
✔ [7642/8034] Built Mathlib.MeasureTheory.Covering.Besicovitch (27s)
✔ [7643/8034] Built Mathlib.MeasureTheory.Covering.OneDim (9.5s)
✔ [7644/8034] Built Mathlib.MeasureTheory.Measure.Portmanteau (25s)
✔ [7645/8034] Built Mathlib.MeasureTheory.Integral.Prod (20s)
✔ [7646/8034] Built Mathlib.Analysis.Calculus.ParametricIntegral (24s)
✔ [7647/8034] Built Mathlib.MeasureTheory.Measure.Haar.Quotient (28s)
✔ [7648/8034] Built Mathlib.Analysis.Normed.Operator.ContinuousAlgEquiv (99s)
✔ [7649/8034] Built Mathlib.InformationTheory.KullbackLeibler.Basic (10s)
✔ [7650/8034] Built Mathlib.Geometry.Manifold.Algebra.Monoid (26s)
✔ [7651/8034] Built Mathlib.Analysis.BoxIntegral.UnitPartition (19s)
✔ [7652/8034] Built Mathlib.Analysis.Calculus.Monotone (16s)
✔ [7653/8034] Built Mathlib.MeasureTheory.Integral.IntervalIntegral.LebesgueDifferentiationThm (16s)
✔ [7654/8034] Built Mathlib.Probability.Kernel.Composition.IntegralCompProd (19s)
✔ [7655/8034] Built Mathlib.MeasureTheory.Integral.IntervalIntegral.FundThmCalculus (39s)
✔ [7656/8034] Built Mathlib.MeasureTheory.Function.ConditionalExpectation.CondexpL1 (31s)
✔ [7657/8034] Built Mathlib.MeasureTheory.Group.IntegralConvolution (9.8s)
✔ [7658/8034] Built Mathlib.Computability.AkraBazzi.AkraBazzi (55s)
✔ [7659/8034] Built Mathlib.MeasureTheory.Covering.BesicovitchVectorSpace (26s)
✔ [7660/8034] Built Mathlib.MeasureTheory.Function.ConvergenceInDistribution (22s)
✔ [7661/8034] Built Mathlib.MeasureTheory.Measure.LevyProkhorovMetric (26s)
✔ [7662/8034] Built Mathlib.Analysis.Calculus.ParametricIntervalIntegral (12s)
✔ [7663/8034] Built Mathlib.MeasureTheory.Integral.Pi (13s)
✔ [7664/8034] Built Mathlib.Geometry.Manifold.VectorBundle.Basic (40s)
✔ [7665/8034] Built Mathlib.Analysis.BoundedVariation (13s)
✔ [7666/8034] Built Mathlib.MeasureTheory.Integral.DivergenceTheorem (35s)
✔ [7667/8034] Built Mathlib.MeasureTheory.Integral.IntervalIntegral.Periodic (20s)
✔ [7668/8034] Built Mathlib.Geometry.Manifold.Algebra.LieGroup (20s)
✔ [7669/8034] Built Mathlib.MeasureTheory.Integral.IntervalIntegral.DistLEIntegral (18s)
✔ [7670/8034] Built Mathlib.Analysis.SpecialFunctions.NonIntegrable (20s)
✔ [7671/8034] Built Mathlib.NumberTheory.Transcendental.Lindemann.AnalyticalPart (19s)
✔ [7672/8034] Built Mathlib.MeasureTheory.Integral.IntervalIntegral.ContDiff (15s)
✔ [7673/8034] Built Mathlib.Algebra.Module.ZLattice.Summable (59s)
✔ [7674/8034] Built Mathlib.Analysis.Fourier.FourierTransform (44s)
✔ [7675/8034] Built Mathlib.MeasureTheory.Function.ConditionalExpectation.Basic (19s)
✔ [7676/8034] Built Mathlib.MeasureTheory.Order.UpperLower (15s)
✔ [7677/8034] Built Mathlib.MeasureTheory.Integral.IntervalIntegral.IntegrationByParts (27s)
✔ [7678/8034] Built Mathlib.MeasureTheory.Measure.FiniteMeasureProd (14s)
✔ [7679/8034] Built Mathlib.Geometry.Manifold.VectorBundle.Pullback (10s)
✔ [7680/8034] Built Mathlib.MeasureTheory.Measure.Haar.Unique (53s)
✔ [7681/8034] Built Mathlib.MeasureTheory.Measure.FiniteMeasurePi (12s)
✔ [7682/8034] Built Mathlib.Algebra.Module.ZLattice.Covolume (40s)
✔ [7683/8034] Built Mathlib.MeasureTheory.Function.Jacobian (26s)
✔ [7684/8034] Built Mathlib.Geometry.Manifold.Instances.UnitsOfNormedAlgebra (11s)
✔ [7685/8034] Built Mathlib.MeasureTheory.Group.AddCircle (13s)
✔ [7686/8034] Built Mathlib.Geometry.Manifold.Algebra.Structures (9.9s)
✔ [7687/8034] Built Mathlib.Probability.Notation (10s)
✔ [7688/8034] Built Mathlib.Analysis.SpecialFunctions.Integrability.Basic (14s)
✔ [7689/8034] Built Mathlib.MeasureTheory.Measure.Tight (34s)
✔ [7690/8034] Built Mathlib.MeasureTheory.Function.ConditionalExpectation.Indicator (11s)
✔ [7691/8034] Built Mathlib.Geometry.Manifold.VectorBundle.Tangent (30s)
✔ [7692/8034] Built Mathlib.MeasureTheory.Function.AbsolutelyContinuous (31s)
✔ [7693/8034] Built Mathlib.MeasureTheory.Measure.Lebesgue.Integral (11s)
✔ [7694/8034] Built Mathlib.MeasureTheory.Integral.CircleIntegral (23s)
✔ [7695/8034] Built Mathlib.MeasureTheory.Measure.HasOuterApproxClosedProd (75s)
✔ [7696/8034] Built Mathlib.Geometry.Manifold.MFDeriv.NormedSpace (96s)
✔ [7697/8034] Built Mathlib.MeasureTheory.Group.ModularCharacter (17s)
✔ [7698/8034] Built Mathlib.Geometry.Manifold.VectorBundle.SmoothSection (35s)
✔ [7699/8034] Built Mathlib.Analysis.Fourier.RiemannLebesgueLemma (27s)
✔ [7700/8034] Built Mathlib.Analysis.Fourier.AddCircle (29s)
✔ [7701/8034] Built Mathlib.MeasureTheory.Measure.Haar.MulEquivHaarChar (17s)
✔ [7702/8034] Built Mathlib.MeasureTheory.Constructions.UnitInterval (15s)
✔ [7703/8034] Built Mathlib.Analysis.SpecialFunctions.Trigonometric.Chebyshev.Orthogonality (33s)
✔ [7704/8034] Built Mathlib.MeasureTheory.Measure.Haar.DistribChar (20s)
✔ [7705/8034] Built Mathlib.Dynamics.Ergodic.Action.OfMinimal (26s)
✔ [7706/8034] Built Mathlib.MeasureTheory.Measure.Haar.Disintegration (31s)
✔ [7707/8034] Built Mathlib.MeasureTheory.Function.JacobianOneDim (23s)
✔ [7708/8034] Built Mathlib.Dynamics.Ergodic.AddCircle (16s)
✔ [7709/8034] Built Mathlib.Geometry.Manifold.Instances.Sphere (53s)
✔ [7710/8034] Built Mathlib.MeasureTheory.Function.ConditionalLExpectation (14s)
✔ [7711/8034] Built Mathlib.MeasureTheory.Integral.CurveIntegral.Poincare (61s)
✔ [7712/8034] Built Mathlib.Probability.Independence.Integration (18s)
✔ [7713/8034] Built Mathlib.Analysis.SpecialFunctions.JapaneseBracket (14s)
✔ [7714/8034] Built Mathlib.Probability.ConditionalExpectation (18s)
✔ [7715/8034] Built Mathlib.Analysis.SpecialFunctions.PolarCoord (27s)
✔ [7716/8034] Built Mathlib.MeasureTheory.Measure.TightNormed (17s)
✔ [7717/8034] Built Mathlib.Analysis.SpecialFunctions.Integrals.Basic (24s)
✔ [7718/8034] Built Mathlib.MeasureTheory.Function.ConditionalExpectation.Real (16s)
✔ [7719/8034] Built Mathlib.Analysis.SpecialFunctions.Integrability.LogMeromorphic (19s)
✔ [7720/8034] Built Mathlib.Geometry.Manifold.Algebra.SmoothFunctions (38s)
✔ [7721/8034] Built Mathlib.Geometry.Manifold.MFDeriv.Atlas (24s)
✔ [7722/8034] Built Mathlib.MeasureTheory.Integral.CircleTransform (19s)
✔ [7723/8034] Built Mathlib.MeasureTheory.Integral.TorusIntegral (19s)
✔ [7724/8034] Built Mathlib.Dynamics.Ergodic.AddCircleAdd (11s)
✔ [7725/8034] Built Mathlib.MeasureTheory.Function.ConditionalExpectation.PullOut (32s)
✔ [7726/8034] Built Mathlib.MeasureTheory.Integral.CircleAverage (23s)
✔ [7727/8034] Built Mathlib.NumberTheory.ZetaValues (22s)
✔ [7728/8034] Built Mathlib.Analysis.Complex.CauchyIntegral (30s)
✔ [7729/8034] Built Mathlib.Analysis.Convolution (128s)
✔ [7730/8034] Built Mathlib.Probability.Moments.Covariance (12s)
✔ [7731/8034] Built Mathlib.Topology.Compactification.OnePoint.Sphere (13s)
✔ [7732/8034] Built Mathlib.Analysis.Fourier.AddCircleMulti (24s)
✔ [7733/8034] Built Mathlib.Geometry.Manifold.Riemannian.PathELength (18s)
✔ [7734/8034] Built Mathlib.MeasureTheory.Measure.Prokhorov (47s)
✔ [7735/8034] Built Mathlib.MeasureTheory.Integral.IntervalIntegral.DerivIntegrable (43s)
✔ [7736/8034] Built Mathlib.NumberTheory.WellApproximable (20s)
✔ [7737/8034] Built Mathlib.NumberTheory.Harmonic.Bounds (10s)
✔ [7738/8034] Built Mathlib.Analysis.SpecialFunctions.Pow.Integral (10s)
✔ [7739/8034] Built Mathlib.Probability.Independence.BoundedContinuousFunction (39s)
✔ [7740/8034] Built Mathlib.Analysis.Real.Pi.Wallis (11s)
✔ [7741/8034] Built Mathlib.MeasureTheory.Constructions.HaarToSphere (21s)
✔ [7742/8034] Built Mathlib.Geometry.Manifold.VectorBundle.MDifferentiable (43s)
✔ [7743/8034] Built Mathlib.Probability.Process.Filtration (17s)
✔ [7744/8034] Built Mathlib.Analysis.SpecialFunctions.Complex.LogBounds (27s)
✔ [7745/8034] Built Mathlib.Geometry.Manifold.MFDeriv.UniqueDifferential (13s)
✔ [7746/8034] Built Mathlib.Analysis.Complex.ValueDistribution.Proximity.Basic (11s)
✔ [7747/8034] Built Mathlib.Analysis.Real.Pi.Irrational (21s)
✔ [7748/8034] Built Mathlib.Analysis.SpecialFunctions.Integrals.LogTrigonometric (18s)
✔ [7749/8034] Built Mathlib.Analysis.Complex.RemovableSingularity (12s)
✔ [7750/8034] Built Mathlib.MeasureTheory.Integral.IntegralEqImproper (38s)
✔ [7751/8034] Built Mathlib.Analysis.ODE.PicardLindelof (23s)
✔ [7752/8034] Built Mathlib.Analysis.SpecialFunctions.Complex.Analytic (11s)
✔ [7753/8034] Built Mathlib.Analysis.Polynomial.Fourier (15s)
✔ [7754/8034] Built Mathlib.Analysis.Complex.UpperHalfPlane.Manifold (11s)
✔ [7755/8034] Built Mathlib.Analysis.Complex.TaylorSeries (11s)
✔ [7756/8034] Built Mathlib.Analysis.Complex.MeanValue (13s)
✔ [7757/8034] Built Mathlib.Analysis.Complex.Liouville (13s)
✔ [7758/8034] Built Mathlib.Analysis.Complex.AbsMax (14s)
✔ [7759/8034] Built Mathlib.MeasureTheory.Function.FactorsThrough (10s)
✔ [7760/8034] Built Mathlib.Analysis.SpecialFunctions.Stirling (14s)
✔ [7761/8034] Built Mathlib.Analysis.Complex.HasPrimitives (17s)
✔ [7762/8034] Built Mathlib.Geometry.Manifold.Sheaf.Smooth (33s)
✔ [7763/8034] Built Mathlib.Probability.Moments.Variance (16s)
✔ [7764/8034] Built Mathlib.Geometry.Manifold.DerivationBundle (34s)
✔ [7765/8034] Built Mathlib.Probability.Process.PartitionFiltration (10s)
✔ [7766/8034] Built Mathlib.Analysis.Distribution.TemperateGrowth (52s)
✔ [7767/8034] Built Mathlib.MeasureTheory.Integral.IntervalIntegral.TrapezoidalRule (45s)
✔ [7768/8034] Built Mathlib.Probability.Process.Adapted (12s)
✔ [7769/8034] Built Mathlib.Analysis.SpecialFunctions.Complex.Arctan (12s)
✔ [7770/8034] Built Mathlib.Analysis.SpecialFunctions.Log.Summable (11s)
✔ [7771/8034] Built Mathlib.Analysis.Complex.Periodic (11s)
✔ [7772/8034] Built Mathlib.Analysis.Complex.LocallyUniformLimit (11s)
✔ [7773/8034] Built Mathlib.Geometry.Manifold.VectorBundle.LocalFrame (25s)
✔ [7774/8034] Built Mathlib.MeasureTheory.Integral.ExpDecay (10s)
✔ [7775/8034] Built Mathlib.Analysis.SpecialFunctions.ImproperIntegrals (16s)
✔ [7776/8034] Built Mathlib.Analysis.SpecialFunctions.MulExpNegMulSqIntegral (22s)
✔ [7777/8034] Built Mathlib.Analysis.Complex.Positivity (11s)
✔ [7778/8034] Built Mathlib.Analysis.InnerProductSpace.Harmonic.Constructions (14s)
✔ [7779/8034] Built Mathlib.Geometry.Manifold.Complex (12s)
✔ [7780/8034] Built Mathlib.Analysis.Calculus.LineDeriv.IntegrationByParts (24s)
✔ [7781/8034] Built Mathlib.Analysis.Complex.Polynomial.Basic (15s)
✔ [7782/8034] Built Mathlib.Analysis.Calculus.ContDiff.Convolution (50s)
✔ [7783/8034] Built Mathlib.MeasureTheory.Integral.PeakFunction (26s)
✔ [7784/8034] Built Mathlib.Analysis.Complex.Schwarz (16s)
✔ [7785/8034] Built Mathlib.NumberTheory.AbelSummation (32s)
✔ [7786/8034] Built Mathlib.Analysis.Complex.PhragmenLindelof (19s)
✔ [7787/8034] Built Mathlib.Probability.HasLaw (9.3s)
✔ [7788/8034] Built Mathlib.Geometry.Manifold.Sheaf.LocallyRingedSpace (13s)
✔ [7789/8034] Built Mathlib.Probability.CondVar (13s)
✔ [7790/8034] Built Mathlib.Analysis.Analytic.Binomial (29s)
✔ [7791/8034] Built Mathlib.Geometry.Manifold.Diffeomorph (39s)
✔ [7792/8034] Built Mathlib.NumberTheory.ModularForms.Basic (30s)
✔ [7793/8034] Built Mathlib.MeasureTheory.Integral.IntervalIntegral.AbsolutelyContinuousFun (58s)
✔ [7794/8034] Built Mathlib.Analysis.Complex.Harmonic.Analytic (20s)
✔ [7795/8034] Built Mathlib.Analysis.Real.Pi.Leibniz (8.6s)
✔ [7796/8034] Built Mathlib.Analysis.Complex.UpperHalfPlane.Exp (8.4s)
✔ [7797/8034] Built Mathlib.Probability.Process.Predictable (11s)
✔ [7798/8034] Built Mathlib.NumberTheory.ModularForms.EisensteinSeries.MDifferentiable (8.7s)
✔ [7799/8034] Built Mathlib.Analysis.Complex.SummableUniformlyOn (8.3s)
✔ [7800/8034] Built Mathlib.Analysis.Calculus.LogDerivUniformlyOn (7.8s)
✔ [7801/8034] Built Mathlib.NumberTheory.LSeries.Deriv (9.4s)
✔ [7802/8034] Built Mathlib.Probability.Distributions.Pareto (8.5s)
✔ [7803/8034] Built Mathlib.Probability.Distributions.Cauchy (8.0s)
✔ [7804/8034] Built Mathlib.Analysis.Normed.Module.MultipliableUniformlyOn (14s)
✔ [7805/8034] Built Mathlib.Analysis.FunctionalSpaces.SobolevInequality (53s)
✔ [7806/8034] Built Mathlib.Analysis.SpecialFunctions.Gamma.Basic (13s)
✔ [7807/8034] Built Mathlib.Analysis.Polynomial.Factorization (9.8s)
✔ [7808/8034] Built Mathlib.MeasureTheory.Measure.FiniteMeasureExt (13s)
✔ [7809/8034] Built Mathlib.Analysis.Complex.Polynomial.UnitTrinomial (9.4s)
✔ [7810/8034] Built Mathlib.Analysis.Normed.Algebra.GelfandFormula (13s)
✔ [7811/8034] Built Mathlib.Probability.Moments.CovarianceBilinDual (31s)
✔ [7812/8034] Built Mathlib.NumberTheory.LegendreSymbol.AddCharacter (14s)
✔ [7813/8034] Built Mathlib.Probability.Process.Stopping (28s)
✔ [7814/8034] Built Mathlib.Analysis.Complex.OpenMapping (17s)
✔ [7815/8034] Built Mathlib.Analysis.Complex.Polynomial.GaussLucas (12s)
✔ [7816/8034] Built Mathlib.Analysis.MellinTransform (20s)
✔ [7817/8034] Built Mathlib.NumberTheory.NumberField.InfinitePlace.Embeddings (13s)
✔ [7818/8034] Built Mathlib.Analysis.Complex.BorelCaratheodory (13s)
✔ [7819/8034] Built Mathlib.Probability.IdentDistrib (12s)
✔ [7820/8034] Built Mathlib.Geometry.Manifold.MFDeriv.Tangent (11s)
✔ [7821/8034] Built Mathlib.Analysis.Complex.Hadamard (14s)
✔ [7822/8034] Built Mathlib.Geometry.Manifold.SmoothEmbedding (10s)
✔ [7823/8034] Built Mathlib.Geometry.Manifold.PoincareConjecture (12s)
✔ [7824/8034] Built Mathlib.Analysis.Complex.Harmonic.MeanValue (11s)
✔ [7825/8034] Built Mathlib.Analysis.SpecialFunctions.Trigonometric.EulerSineProd (18s)
✔ [7826/8034] Built Mathlib.NumberTheory.ModularForms.EisensteinSeries.Basic (7.3s)
✔ [7827/8034] Built Mathlib.Geometry.Manifold.VectorBundle.Hom (93s)
✔ [7828/8034] Built Mathlib.NumberTheory.LSeries.Positivity (8.1s)
✔ [7829/8034] Built Mathlib.Geometry.Manifold.LocalDiffeomorph (18s)
✔ [7830/8034] Built Mathlib.Probability.Distributions.Gamma (8.3s)
✔ [7831/8034] Built Mathlib.MeasureTheory.Integral.Gamma (9.8s)
✔ [7832/8034] Built Mathlib.Analysis.Distribution.FourierSchwartz (7.5s)
✔ [7833/8034] Built Mathlib.NumberTheory.Cyclotomic.Three (7.3s)
✔ [7834/8034] Built Mathlib.NumberTheory.Cyclotomic.Rat (7.4s)
✔ [7835/8034] Built Mathlib.NumberTheory.LSeries.SumCoeff (26s)
✔ [7836/8034] Built Mathlib.Analysis.Calculus.BumpFunction.FiniteDimension (30s)
✔ [7837/8034] Built Mathlib.NumberTheory.Cyclotomic.PID (7.5s)
✔ [7838/8034] Built Mathlib.NumberTheory.Chebyshev (32s)
✔ [7839/8034] Built Mathlib.RingTheory.Polynomial.Selmer (11s)
✔ [7840/8034] Built Mathlib.Analysis.SpecialFunctions.Gaussian.GaussianIntegral (15s)
✔ [7841/8034] Built Mathlib.Analysis.SpecialFunctions.Gamma.Deriv (11s)
✔ [7842/8034] Built Mathlib.NumberTheory.ModularForms.QExpansion (27s)
✔ [7843/8034] Built Mathlib.Analysis.Normed.Algebra.GelfandMazur (20s)
✔ [7844/8034] Built Mathlib.Analysis.SpecialFunctions.Complex.CircleAddChar (18s)
✔ [7845/8034] Built Mathlib.NumberTheory.GaussSum (20s)
✔ [7846/8034] Built Mathlib.NumberTheory.LSeries.AbstractFuncEq (18s)
✔ [7847/8034] Built Mathlib.Probability.Martingale.Basic (20s)
✔ [7848/8034] Built Mathlib.Analysis.CStarAlgebra.Spectrum (20s)
✔ [7849/8034] Built Mathlib.Probability.Process.FiniteDimensionalLaws (9.1s)
✔ [7850/8034] Built Mathlib.Probability.Process.HittingTime (19s)
✔ [7851/8034] Built Mathlib.Probability.Moments.Basic (11s)
✔ [7852/8034] Built Mathlib.Geometry.Manifold.Algebra.LeftInvariantDerivation (77s)
✔ [7853/8034] Built Mathlib.MeasureTheory.Measure.CharacteristicFunction (28s)
✔ [7854/8034] Built Mathlib.Geometry.Manifold.IntegralCurve.Basic (10s)
✔ [7855/8034] Built Mathlib.Analysis.SpecialFunctions.Integrals.PosLogEqCircleAverage (10s)
✔ [7856/8034] Built Mathlib.NumberTheory.NumberField.FinitePlaces (19s)
✔ [7857/8034] Built Mathlib.Probability.Distributions.Exponential (9.7s)
✔ [7858/8034] Built Mathlib.Analysis.Calculus.BumpFunction.Convolution (11s)
✔ [7859/8034] Built Mathlib.Geometry.Manifold.BumpFunction (11s)
✔ [7860/8034] Built Mathlib.NumberTheory.NumberField.InfinitePlace.Basic (25s)
✔ [7861/8034] Built Mathlib.Analysis.SpecialFunctions.Trigonometric.Cotangent (17s)
✔ [7862/8034] Built Mathlib.NumberTheory.ModularForms.LevelOne (9.6s)
✔ [7863/8034] Built Mathlib.NumberTheory.LegendreSymbol.QuadraticChar.GaussSum (9.4s)
✔ [7864/8034] Built Mathlib.NumberTheory.DirichletCharacter.GaussSum (10s)
✔ [7865/8034] Built Mathlib.Analysis.SpecialFunctions.Gamma.BohrMollerup (13s)
✔ [7866/8034] Built Mathlib.MeasureTheory.Measure.Lebesgue.VolumeOfBalls (14s)
✔ [7867/8034] Built Mathlib.NumberTheory.ModularForms.Petersson (13s)
✔ [7868/8034] Built Mathlib.Probability.Martingale.OptionalSampling (11s)
✔ [7869/8034] Built Mathlib.Probability.Martingale.Centering (11s)
✔ [7870/8034] Built Mathlib.NumberTheory.JacobiSum.Basic (13s)
✔ [7871/8034] Built Mathlib.Analysis.SpecialFunctions.Gaussian.FourierTransform (19s)
✔ [7872/8034] Built Mathlib.Geometry.Manifold.ContMDiffMFDeriv (26s)
✔ [7873/8034] Built Mathlib.Probability.StrongLaw (34s)
✔ [7874/8034] Built Mathlib.Probability.Martingale.OptionalStopping (12s)
✔ [7875/8034] Built Mathlib.Geometry.Manifold.IntegralCurve.Transform (8.4s)
✔ [7876/8034] Built Mathlib.Probability.Martingale.Upcrossing (13s)
✔ [7877/8034] Built Mathlib.Probability.Moments.ComplexMGF (12s)
✔ [7878/8034] Built Mathlib.Probability.Independence.CharacteristicFunction (11s)
✔ [7879/8034] Built Mathlib.Analysis.Calculus.BumpFunction.SmoothApprox (8.2s)
✔ [7880/8034] Built Mathlib.MeasureTheory.Measure.IntegralCharFun (13s)
✔ [7881/8034] Built Mathlib.Analysis.Polynomial.MahlerMeasure (12s)
✔ [7882/8034] Built Mathlib.Probability.Moments.CovarianceBilin (17s)
✔ [7883/8034] Built Mathlib.NumberTheory.NumberField.ProductFormula (9.0s)
✔ [7884/8034] Built Mathlib.NumberTheory.NumberField.InfinitePlace.Completion (8.9s)
✔ [7885/8034] Built Mathlib.Analysis.Fourier.FourierTransformDeriv (98s)
✔ [7886/8034] Built Mathlib.NumberTheory.LegendreSymbol.QuadraticReciprocity (7.9s)
✔ [7887/8034] Built Mathlib.Analysis.Complex.JensenFormula (16s)
✔ [7888/8034] Built Mathlib.Analysis.CStarAlgebra.GelfandDuality (25s)
✔ [7889/8034] Built Mathlib.Analysis.SpecialFunctions.Gamma.Beta (11s)
✔ [7890/8034] Built Mathlib.Analysis.Fourier.ZMod (12s)
✔ [7891/8034] Built Mathlib.Geometry.Manifold.PartitionOfUnity (20s)
✔ [7892/8034] Built Mathlib.NumberTheory.ModularForms.NormTrace (13s)
✔ [7893/8034] Built Mathlib.NumberTheory.NumberField.InfinitePlace.Ramification (15s)
✔ [7894/8034] Built Mathlib.Geometry.Manifold.IntegralCurve.ExistUnique (8.9s)
✔ [7895/8034] Built Mathlib.Probability.Martingale.Convergence (9.5s)
✔ [7896/8034] Built Mathlib.NumberTheory.Height.NumberField (8.0s)
✔ [7897/8034] Built Mathlib.Analysis.Fourier.Inversion (13s)
✔ [7898/8034] Built Mathlib.Probability.Moments.MGFAnalytic (10s)
✔ [7899/8034] Built Mathlib.NumberTheory.ModularForms.Bounds (15s)
✔ [7900/8034] Built Mathlib.NumberTheory.NumberField.Units.Basic (20s)
✔ [7901/8034] Built Mathlib.Analysis.Meromorphic.Complex (6.7s)
✔ [7902/8034] Built Mathlib.NumberTheory.Fermat (8.7s)
✔ [7903/8034] Built Mathlib.Probability.Distributions.Beta (7.9s)
✔ [7904/8034] Built Mathlib.Analysis.SpecialFunctions.Gamma.Deligne (7.0s)
✔ [7905/8034] Built Mathlib.NumberTheory.LegendreSymbol.JacobiSymbol (12s)
✔ [7906/8034] Built Mathlib.NumberTheory.MahlerMeasure (17s)
✔ [7907/8034] Built Mathlib.Geometry.Manifold.SmoothApprox (7.9s)
✔ [7908/8034] Built Mathlib.Geometry.Manifold.VectorField.Pullback (22s)
✔ [7909/8034] Built Mathlib.Analysis.Distribution.AEEqOfIntegralContDiff (10s)
✔ [7910/8034] Built Mathlib.Geometry.Manifold.WhitneyEmbedding (12s)
✔ [7911/8034] Built Mathlib.NumberTheory.NumberField.InfinitePlace.TotallyRealComplex (11s)
✔ [7912/8034] Built Mathlib.Probability.Martingale.BorelCantelli (11s)
✔ [7913/8034] Built Mathlib.Geometry.Manifold.IntegralCurve.UniformTime (13s)
✔ [7914/8034] Built Mathlib.Probability.Moments.Tilted (8.4s)
✔ [7915/8034] Built Mathlib.Analysis.Complex.ValueDistribution.LogCounting.Basic (19s)
✔ [7916/8034] Built Mathlib.Probability.Kernel.Disintegration.Density (11s)
✔ [7917/8034] Built Mathlib.Geometry.Manifold.VectorBundle.Riemannian (69s)
✔ [7918/8034] Built Mathlib.Analysis.MellinInversion (11s)
✔ [7919/8034] Built Mathlib.Probability.Distributions.Gaussian.Real (14s)
✔ [7920/8034] Built Mathlib.Analysis.SpecialFunctions.Elliptic.Weierstrass (113s)
✔ [7921/8034] Built Mathlib.NumberTheory.LSeries.MellinEqDirichlet (11s)
✔ [7922/8034] Built Mathlib.Analysis.Normed.Lp.SmoothApprox (8.8s)
✔ [7923/8034] Built Mathlib.NumberTheory.NumberField.Cyclotomic.Embeddings (8.1s)
✔ [7924/8034] Built Mathlib.Probability.BorelCantelli (8.1s)
✔ [7925/8034] Built Mathlib.Tactic.NormNum.LegendreSymbol (12s)
✔ [7926/8034] Built Mathlib.Analysis.Complex.ValueDistribution.CharacteristicFunction (8.6s)
✔ [7927/8034] Built Mathlib.NumberTheory.Harmonic.GammaDeriv (16s)
✔ [7928/8034] Built Mathlib.NumberTheory.LucasLehmer (19s)
✔ [7929/8034] Built Mathlib.Probability.Kernel.Disintegration.StandardBorel (9.2s)
✔ [7930/8034] Built Mathlib.Probability.Kernel.RadonNikodym (10s)
✔ [7931/8034] Built Mathlib.Tactic (7.6s)
✔ [7932/8034] Built Mathlib.Analysis.SpecialFunctions.Gamma.Digamma (6.4s)
✔ [7933/8034] Built Mathlib.Analysis.Calculus.Rademacher (18s)
✔ [7934/8034] Built Mathlib.Analysis.Complex.ValueDistribution.FirstMainTheorem (8.6s)
✔ [7935/8034] Built Mathlib.Probability.Kernel.Disintegration.Integral (7.7s)
✔ [7936/8034] Built Mathlib.Probability.Kernel.Composition.AbsolutelyContinuous (5.9s)
✔ [7937/8034] Built Mathlib.Probability.Distributions.Gaussian.Basic (16s)
✔ [7938/8034] Built Mathlib.Geometry.Manifold.VectorField.LieBracket (21s)
✔ [7939/8034] Built Mathlib.Analysis.CStarAlgebra.ContinuousFunctionalCalculus.Basic (42s)
✔ [7940/8034] Built Mathlib.Probability.Kernel.CompProdEqIff (5.4s)
✔ [7941/8034] Built Mathlib.Probability.Distributions.Gaussian.HasGaussianLaw.Def (5.3s)
✔ [7942/8034] Built Mathlib.Probability.Kernel.Disintegration.Unique (5.8s)
✔ [7943/8034] Built Mathlib.Geometry.Manifold.Riemannian.Basic (26s)
✔ [7944/8034] Built Mathlib.NumberTheory.NumberField.CanonicalEmbedding.Basic (37s)
✔ [7945/8034] Built Mathlib.Probability.Distributions.Gaussian.IsGaussianProcess.Def (6.7s)
✔ [7946/8034] Built Mathlib.Analysis.CStarAlgebra.SpecialFunctions.PosPart (10s)
✔ [7947/8034] Built Mathlib.Geometry.Manifold.GroupLieAlgebra (12s)
✔ [7948/8034] Built Mathlib.Probability.Kernel.Posterior (8.8s)
✔ [7949/8034] Built Mathlib.Analysis.InnerProductSpace.StarOrder (12s)
✔ [7950/8034] Built Mathlib.Probability.Distributions.Gaussian.Fernique (14s)
✔ [7951/8034] Built Mathlib.Probability.Kernel.CondDistrib (9.3s)
✔ [7952/8034] Built Mathlib.NumberTheory.NumberField.EquivReindex (7.3s)
✔ [7953/8034] Built Mathlib.NumberTheory.NumberField.InfiniteAdeleRing (7.7s)
✔ [7954/8034] Built Mathlib.NumberTheory.NumberField.CanonicalEmbedding.PolarCoord (12s)
✔ [7955/8034] Built Mathlib.Probability.Kernel.Condexp (9.3s)
✔ [7956/8034] Built Mathlib.NumberTheory.NumberField.AdeleRing (8.3s)
✔ [7957/8034] Built Mathlib.Probability.Distributions.Gaussian.HasGaussianLaw.Basic (11s)
✔ [7958/8034] Built Mathlib.NumberTheory.NumberField.CanonicalEmbedding.ConvexBody (16s)
✔ [7959/8034] Built Mathlib.Probability.Kernel.IonescuTulcea.Traj (14s)
✔ [7960/8034] Built Mathlib.Probability.Distributions.Gaussian.CharFun (16s)
✔ [7961/8034] Built Mathlib.NumberTheory.NumberField.House (17s)
✔ [7962/8034] Built Mathlib.Probability.Distributions.Gaussian.IsGaussianProcess.Basic (9.8s)
✔ [7963/8034] Built Mathlib.Probability.Independence.Conditional (13s)
✔ [7964/8034] Built Mathlib.Probability.Moments.SubGaussian (13s)
✔ [7965/8034] Built Mathlib.Probability.ProductMeasure (13s)
✔ [7966/8034] Built Mathlib.NumberTheory.NumberField.Units.DirichletTheorem (16s)
✔ [7967/8034] Built Mathlib.Analysis.CStarAlgebra.ContinuousFunctionalCalculus.Order (40s)
✔ [7968/8034] Built Mathlib.Probability.Independence.ZeroOne (6.7s)
✔ [7969/8034] Built Mathlib.NumberTheory.NumberField.Discriminant.Basic (18s)
✔ [7970/8034] Built Mathlib.Probability.Independence.InfinitePi (8.2s)
✔ [7971/8034] Built Mathlib.Probability.Distributions.SetBernoulli (9.8s)
✔ [7972/8034] Built Mathlib.Probability.IdentDistribIndep (7.9s)
✔ [7973/8034] Built Mathlib.Probability.HasLawExists (8.2s)
✔ [7974/8034] Built Mathlib.NumberTheory.NumberField.ClassNumber (13s)
✔ [7975/8034] Built Mathlib.Analysis.CStarAlgebra.PositiveLinearMap (17s)
✔ [7976/8034] Built Mathlib.Analysis.CStarAlgebra.Hom (18s)
✔ [7977/8034] Built Mathlib.Analysis.CStarAlgebra.Unitary.Span (18s)
✔ [7978/8034] Built Mathlib.Analysis.CStarAlgebra.Module.Defs (19s)
✔ [7979/8034] Built Mathlib.NumberTheory.NumberField.Units.Regulator (21s)
✔ [7980/8034] Built Mathlib.NumberTheory.NumberField.CanonicalEmbedding.FundamentalCone (21s)
✔ [7981/8034] Built Mathlib.Analysis.CStarAlgebra.Unitary.Connected (25s)
✔ [7982/8034] Built Mathlib.NumberTheory.NumberField.Discriminant.Different (25s)
✔ [7983/8034] Built Mathlib.Analysis.CStarAlgebra.Module.Constructions (13s)
✔ [7984/8034] Built Mathlib.Analysis.Distribution.SchwartzSpace.Basic (89s)
✔ [7985/8034] Built Mathlib.Analysis.CStarAlgebra.GelfandNaimarkSegal (19s)
✔ [7986/8034] Built Mathlib.NumberTheory.NumberField.CanonicalEmbedding.NormLeOne (15s)
✔ [7987/8034] Built Mathlib.Probability.Distributions.Gaussian.HasGaussianLaw.Independence (49s)
✔ [7988/8034] Built Mathlib.NumberTheory.NumberField.CMField (19s)
✔ [7989/8034] Built Mathlib.Analysis.CStarAlgebra.ApproximateUnit (46s)
✔ [7990/8034] Built Mathlib.NumberTheory.NumberField.Ideal.Asymptotics (13s)
✔ [7991/8034] Built Mathlib.Analysis.Distribution.SchwartzSpace.Deriv (18s)
✔ [7992/8034] Built Mathlib.Analysis.Distribution.SchwartzSpace (3.9s)
✔ [7993/8034] Built Mathlib.NumberTheory.NumberField.DedekindZeta (5.3s)
✔ [7994/8034] Built Mathlib.Analysis.CStarAlgebra.CStarMatrix (23s)
✔ [7995/8034] Built Mathlib.NumberTheory.NumberField.Cyclotomic.Basic (29s)
✔ [7996/8034] Built Mathlib.Analysis.SpecialFunctions.ContinuousFunctionalCalculus.Rpow.IntegralRepresentation (16s)
✔ [7997/8034] Built Mathlib.NumberTheory.NumberField.Cyclotomic.PID (5.9s)
✔ [7998/8034] Built Mathlib.Analysis.CStarAlgebra.CompletelyPositiveMap (9.8s)
✔ [7999/8034] Built Mathlib.NumberTheory.NumberField.Cyclotomic.Three (9.3s)
✔ [8000/8034] Built Mathlib.NumberTheory.NumberField.Ideal.Basic (9.4s)
✔ [8001/8034] Built Mathlib.Analysis.SpecialFunctions.ContinuousFunctionalCalculus.Rpow.Order (6.7s)
✔ [8002/8034] Built Mathlib.Analysis.Distribution.SchwartzSpace.Fourier (20s)
✔ [8003/8034] Built Mathlib.NumberTheory.NumberField.Cyclotomic.Ideal (19s)
✔ [8004/8034] Built Mathlib.NumberTheory.FLT.Three (11s)
✔ [8005/8034] Built Mathlib.Analysis.SpecialFunctions.ContinuousFunctionalCalculus.ExpLog.Order (9.0s)
✔ [8006/8034] Built Mathlib.Analysis.Fourier.PoissonSummation (6.1s)
✔ [8007/8034] Built Mathlib.Analysis.SpecialFunctions.Gaussian.PoissonSummation (3.0s)
✔ [8008/8034] Built Mathlib.Analysis.Fourier.Convolution (16s)
✔ [8009/8034] Built Mathlib.NumberTheory.ModularForms.JacobiTheta.TwoVariable (6.7s)
✔ [8010/8034] Built Mathlib.NumberTheory.ModularForms.JacobiTheta.OneVariable (4.7s)
✔ [8011/8034] Built Mathlib.NumberTheory.ModularForms.JacobiTheta.Bounds (5.2s)
✔ [8012/8034] Built Mathlib.NumberTheory.ModularForms.JacobiTheta.Manifold (4.0s)
✔ [8013/8034] Built Mathlib.Analysis.Distribution.TemperedDistribution (25s)
✔ [8014/8034] Built Mathlib.NumberTheory.LSeries.HurwitzZetaOdd (7.9s)
✔ [8015/8034] Built Mathlib.NumberTheory.LSeries.HurwitzZetaEven (8.8s)
✔ [8016/8034] Built Mathlib.NumberTheory.LSeries.HurwitzZeta (3.9s)
✔ [8017/8034] Built Mathlib.NumberTheory.LSeries.RiemannZeta (4.1s)
✔ [8018/8034] Built Mathlib.Analysis.Fourier.LpSpace (14s)
✔ [8019/8034] Built Mathlib.NumberTheory.LSeries.Dirichlet (7.6s)
✔ [8020/8034] Built Mathlib.NumberTheory.ModularForms.EisensteinSeries.E2.Defs (7.6s)
✔ [8021/8034] Built Mathlib.NumberTheory.LSeries.HurwitzZetaValues (8.1s)
✔ [8022/8034] Built Mathlib.NumberTheory.Harmonic.ZetaAsymp (8.5s)
✔ [8023/8034] Built Mathlib.NumberTheory.LSeries.ZMod (9.0s)
✔ [8024/8034] Built Mathlib.NumberTheory.EulerProduct.DirichletLSeries (4.2s)
✔ [8025/8034] Built Mathlib.NumberTheory.LSeries.DirichletContinuation (3.0s)
✔ [8026/8034] Built Mathlib.NumberTheory.ModularForms.EisensteinSeries.QExpansion (11s)
✔ [8027/8034] Built Mathlib.NumberTheory.LSeries.Nonvanishing (4.4s)
✔ [8028/8034] Built Mathlib.NumberTheory.LSeries.PrimesInAP (5.8s)
✔ [8029/8034] Built Mathlib.NumberTheory.ModularForms.EisensteinSeries.E2.Summable (6.2s)
✔ [8030/8034] Built Mathlib.NumberTheory.ModularForms.EisensteinSeries.E2.Transform (5.5s)
✔ [8031/8034] Built Mathlib.NumberTheory.ModularForms.DedekindEta (5.9s)
✔ [8032/8034] Built Mathlib (8.5s)
⚠ [8033/8034] Built ThetaGroupAnchor (20s)
warning: ThetaGroupAnchor.lean:99:5: unused variable `hcop`

Note: This linter can be disabled with `set_option linter.unusedVariables false`
warning: ThetaGroupAnchor.lean:167:55: unused variable `hn`

Note: This linter can be disabled with `set_option linter.unusedVariables false`
Build completed successfully (8034 jobs).
