index,gamma_refined,abs_zeta_prime_sq,residual
62500,49286.2471254982485195927698245,42.6948696283277788349973151154,1.97448908727500002777398214773e-21
62501,49287.081899169493629190753532,149.640640831906683646595623751,2.39374842466201475654476230864e-21
62502,49287.9158874013042486713341778,112.51632926820519773645671101,3.90216773046379568789281581633e-21
62503,49288.6150616694873229032330128,61.7564581433655961796657743929,5.08049227215774201761668180157e-23
62504,49289.3454826016265615109773029,26.6245369915716210416247471697,1.88856428429812785013732724552e-21
62505,49289.9212651298729350653161028,14.4202454522669372271096773491,1.39399851966014982711929676655e-21
62506,49290.4648356382907392746275091,18.040456439401782664084773675,7.27191823861677823929457148251e-22
62507,49291.2260576495050179241353776,17.0729897475851474527581309093,1.34130486039812848342845314992e-21
62508,49291.6241249984349183841464965,27.4455455496839650831078267391,3.82880244346758498891890074808e-23
62509,49292.5169695634390886650691536,141.14358986465469793717612999,2.38970613855065333067826599841e-23
62510,49293.113491826040296433718907,306.759071330621864346602425119,5.04896647274167979829885423736e-22
62511,49294.2488692811787158890032185,412.695331990276169941661450175,5.74055437038750518379228040462e-21
62512,49294.8655139969673077048730688,252.603625764941072841789532673,5.24526120991309097414944822409e-21
62513,49295.741540884240810780748192,152.650394214758563622153620864,3.75060583965710511522508450458e-21
62514,49296.6021548455911527808700922,13.3685524100522619247216560106,1.3827806711969045381326465487e-21
62515,49297.0375625836063251132670376,3.05258997673381446723417913802,5.88881570061653784195248289562e-22
62516,49297.3692782708933054117159795,4.92493554609992001453920563574,4.93271453497972469041777294582e-22
62517,49298.1944572978680829330316979,19.5807894488058864643371957352,3.52674421295698037077223535248e-22
62518,49298.6064122675421010441210807,43.990800638006328778352634807,1.57464656213878373387721452405e-21
62519,49299.9165650120886547369941318,79.3642969954453439476370275886,5.12421971609547793705954182818e-22
62520,49300.4227815037416412168570959,29.7349744746997738208165490292,2.7841808034709865769758270973e-22
62521,49301.0092510139269517245479289,29.6629506989487442411571501774,7.43652662397613124673971558932e-22
62522,49301.5720482239003326904473043,57.5878616079539755196290016844,8.78525045303466505261055774653e-22
62523,49302.3531843173898215680228981,153.597560065622040538580775278,3.76819346819940425099645255291e-21
62524,49303.0331070667873554583875828,333.11817653024724753470808518,1.56266219779630668476415162034e-21
62525,49304.2043460401926681362463916,134.676786873714684835975192536,3.3100834718945042470338365596e-21
62526,49304.7635773855537202190949602,23.8552279704462969349725776154,1.07007922833911932094386852235e-21
62527,49305.0778540078733938258189943,36.793601948773677938062083333,6.26169425664355993374104206004e-22
62528,49306.3539277025839685738939207,55.0214231495783994349525290377,8.80968833815648628461448001262e-22
62529,49306.8276792605339435040869877,21.9249964182259021431398264724,8.02500741826808495622025754062e-22
62530,49307.6458359701087939204123443,1.32732041565064012687808437352,3.7670149334939325306074229623e-22
62531,49307.7737466703363104003155352,1.43870365489697316006046673682,3.23755165116714901482092987815e-22
62532,49308.8125541191052860447727252,26.8945689388919049108673059901,2.14190277604355563737316070339e-21
62533,49309.3701831186327077288931929,16.3829956151733869828282573725,1.3283974401663780125899127486e-21
62534,49309.8545285294946738426390693,30.1321547540976473800377944115,1.61868217184637967164783442218e-21
62535,49310.4617513828585544652011986,210.284234372145654186975073999,6.05892825490190790319518820972e-21
62536,49311.7212809742629260137757336,852.337525580608141895266884746,1.15247329171746406114615285551e-20
62537,49312.6358373023421991749658467,137.387551091257300529349200271,4.87024949144859787507011185864e-21
62538,49313.2231674496232529085612252,32.2540185761619389572268044566,1.75197840519955522328860522236e-22
62539,49313.6926068626778509892375618,30.4995482334919189583911725866,1.40263224235856761267430364501e-21
62540,49314.4562975116018052067500804,43.1021335297757565431628134523,6.05132373234203382775087443177e-22
62541,49315.0280485271956050933605278,55.9526126355138577514478043952,1.76983755026872329510318066934e-21
62542,49315.9387730451105046153195818,42.7736597807506845828745515986,1.84710852734094290006162898749e-21
62543,49316.4064572778551434071077816,41.3366952477243944090647732137,4.09794750574093424723979751064e-22
62544,49317.4343015543942184360947863,9.9124625227993525634625449518,9.52673196379683555605566533413e-23
62545,49317.6831856887987748639243056,8.55335859340940707119289320923,1.05973153472016527673121339112e-21
62546,49318.3840503458646411206465431,79.4466489522258731272118437301,6.94837881784200885128051818321e-22
62547,49319.5592909960194091873324826,13.9351651853190817794590524661,1.04547969836107105976428476026e-21
62548,49319.7968938400639651501912269,10.3414964933455781577807487646,9.54213757248152063300123602e-22
62549,49320.4719979881626428198639173,61.5687689386406312545654326497,1.47767898415623441849924561825e-21
62550,49321.0445033720888476280921503,262.63023226653811580938536572,6.76325760124119049296826586241e-21
62551,49322.438541326470027195571728,314.442136494936803520637011962,3.53464067812340217834097501997e-21
62552,49322.9634007048237469814982963,138.207460284035413016999675178,3.86639975335230086060530119286e-21
62553,49323.8901765574757114448917252,31.8212524354631933325381116,1.92078801862749139594512519031e-21
62554,49324.3966079506935946789624255,8.8118214164063445575334693846,1.08415387773050027108589140874e-22
62555,49324.8528129552455898221414581,9.80756755565415853475002334609,2.86003037133201072886551311832e-22
62556,49325.5200305717482095308904173,23.8232367038830546557840506521,1.78280350882473104307127419032e-21
62557,49326.3349373113985781076538143,14.4358845020009197558124961505,1.07839314797206718022758105171e-21
62558,49326.6982568359248449707311562,18.5914624985991918268376270397,3.30897246132718574720699894863e-22
62559,49327.5060139835789677521790556,125.215402870255119753955454432,1.18182480220650548787613324332e-22
62560,49328.3606719128995426249389157,196.181489887644433041563346337,4.45145456155802465557592947222e-21
62561,49329.2148354766465093531488671,46.6378694958427492693976589258,7.99906739063257875091373145148e-22
62562,49329.4935817853401003865424988,60.7098113228241899828884513574,1.40044999550901123260861791616e-22
62563,49330.7808770145331222758279143,182.03511901844455590044530568,2.13403070083306279214403515368e-21
62564,49331.323027845632234694155496,80.1814894454387694431191162929,3.71864089863521928199292312708e-21
62565,49332.0393103320895080630740019,62.3018026037107230139087427527,2.51545023219655760004252864264e-22
62566,49332.7989202502659641684434332,13.8647288300541832429782902021,8.85333643647706662693248950635e-22
62567,49333.0983791702575067409131574,15.9329224371432501773441911566,6.95485568188949808679445298041e-22
62568,49333.9184330168506936634349776,143.219713537098088127470361612,7.33735985840571685146912195393e-22
62569,49335.0740758323933963455464497,28.1581783967382916806178905032,1.47000378909589372545708862901e-21
62570,49335.4340392004069427390659759,15.7524908990220751940290860416,6.49914468182781016806621544997e-22
62571,49336.3566521475136495803607813,2.58972823467224323867767785398,2.6045384905599956964434278107e-22
62572,49336.620153317254273761698459,1.26974093424164173568617150372,1.75199723461656240688731929541e-22
62573,49336.9294204780617298688279003,6.47773098655027008886771796926,3.04237578037679191391747197497e-22
62574,49338.0111996965489771685862683,318.493007870113964551909854078,6.50809757024362893867316491852e-21
62575,49338.8200096967126391632080759,559.406847226553769489985740841,4.00893466511571987682579706782e-21
62576,49339.7628173457257647752561242,460.993697995741880966782967275,2.1909404256429600949479938929e-21
62577,49340.5412647322652160826877104,187.558889807688571203092784689,1.96127513228982838962739516037e-21
62578,49341.2978564791078016268744694,51.5458643836003443226071970392,2.29146323652733705426352766786e-21
62579,49341.8315887330817875434945871,29.5028455097538045708527689428,5.98995245027865032493259672727e-23
62580,49342.5052728238878651821939421,29.0234794207552178043952020362,2.73105145955933683376288529459e-22
62581,49343.2282719600796927558224423,15.0931833441405273413137655877,1.29906459293819107190721886982e-21
62582,49343.7129072049012878825210216,13.6454485260732558709249934732,1.42738598197560805424582645682e-21
62583,49344.3533620188359619202989977,27.4992418885859144630499604919,1.11922353006707508248799843252e-21
62584,49344.9256436618631034316720426,82.793868934688603817502872192,2.85571965262809674540129894526e-21
62585,49346.0529857324275112394061458,108.237275422880035362833243414,3.57501026006913113326826451409e-21
62586,49346.6124446675858401763977317,47.5472072912994541941447355471,1.86815627439761841445581356415e-21
62587,49347.1160460797830341793270811,83.6768339384856025278815518656,3.7097029789930405891684714361e-21
62588,49348.0299629738203800045548033,229.321174636336773026998339746,1.27538217533961520708541924537e-21
62589,49348.9699108327952426556141867,26.3230970014069785971187071313,1.50830318007341234496882419839e-21
62590,49349.2165705173387765110917507,25.0287643282404442458888672321,8.63523381745301654127901243193e-23
62591,49350.0246771971107142774968738,278.962498554002757341914873507,3.002704100161806223510514742e-21
62592,49351.2179988788470994745779079,104.981849409202417143437888528,2.17465190798156257422470467742e-21
62593,49351.9189221615319339642150094,3.09660992290292872255916799197,6.62174461409526466159469973244e-22
62594,49352.0974678246722895265259767,2.87448629748284732307620147911,5.52874851211756740061070120598e-22
62595,49352.9122215328383593362069112,27.2066816817708622941043493485,1.55293721235579927021621200343e-21
62596,49353.5922322376070444946233535,28.4871946349029207858239505998,6.87012546193498134374479679876e-22
62597,49354.2174833904063245445061404,37.4239090632997741682559239657,1.35571988847069263904577635555e-21
62598,49355.0906014284265133880162187,10.136726058194335461055331099,8.02183659988614586541815365714e-22
62599,49355.329544622798132164052732,11.9720036356232951718742101115,2.90325380833306988764859435597e-22
62600,49356.1822681073836732196126332,191.777378894960059027487535063,1.86558373129474683689611205777e-21
62601,49356.8804590807144339709945063,685.380738464662622520300206911,6.12323808035208316698501241062e-21
62602,49358.3694034964838648182940635,123.497370211532332679958028247,3.1390854146961592823801193912e-21
62603,49358.8486254564552902051870645,19.632723743084985258000845937,1.14668503754644448396767296791e-21
62604,49359.2940505443079273447311285,16.533528587224598826129384939,3.16053262380358487448770143758e-22
62605,49359.9917835849435861293065927,22.191266475644517041198377763,1.97407240980063512253733249232e-21
62606,49360.5815045505729553213637539,23.4195708394579410991948685458,5.7439422976534999011117381347e-23
62607,49361.1575631832606562044920563,53.0977289470098315744185720072,6.17756383092231226743437919523e-23
62608,49362.1233038744409135140373489,76.9733822000055049885434223859,9.7747074475188568600728098628e-22
62609,49362.7577089010372451397422785,42.0839331630634513194971601649,2.41997210778605685774436477905e-21
62610,49363.3247804124605670805750164,57.1801275487512100709997982686,2.24861878906838359114168877955e-21
62611,49364.3006896247384739192719751,25.6618377428207912049456110936,1.06297989817632279161340906456e-21
62612,49364.743195143311386088968776,10.1781478458239227324365938108,1.29873185771612545769191306983e-21
62613,49365.0877886632746928699200175,27.8991346523761693081160773096,3.16692499483505086769310624549e-22
62614,49366.2216415767817911952277204,340.220622165194478534011592676,6.15333635535183629709826613246e-21
62615,49366.9346586522945900539948915,310.670115019700036937078285219,1.52980088832629699408451344656e-21
62616,49367.7855627002111978859731712,237.608899273171251341289329659,5.66570303954615501720533916672e-21
62617,49368.5683820397821743311932601,74.1812526182902555522479520215,1.53965641010656164858099280063e-21
62618,49369.0503037757801119638814718,66.6829659113487580958761982154,1.61100099647074437571905703994e-21
62619,49370.0025942528289666554804333,50.9726955594959671839773913985,4.0521736856013110828378905598e-22
62620,49370.6356468847647325640082942,15.7887636664986512234193635461,7.48234246055031267864269443608e-22
62621,49371.2433411414235623475765437,5.73269577021651931602094769506,4.93709879389632850904405324654e-22
62622,49371.7005046568172521599274772,4.2377209157151541052210240351,2.19801348160594443766796775139e-22
62623,49372.1060642919224764069275974,13.7388316259245234105144573205,8.75598462189059393081510252771e-22
62624,49373.0774248298793276062457418,120.101148678837583244074482093,4.56968883705381024816784962624e-21
62625,49373.6568506423689614621917794,259.283824713692147500844680603,5.0453449459859702575196487429e-21
62626,49374.9551167845706335957247277,102.047598731336786710502482689,3.36861546319248085862132018338e-22
62627,49375.3236162691253840255417881,57.484876448720012649104874612,2.9098195876128729699345385023e-22
62628,49376.0110259320990358016039737,140.260002408646125488769092102,2.68540484717252705836124295623e-21
62629,49376.8214460687776808614958012,205.303149443003149971701078371,4.36482086815792535912959213844e-21
62630,49377.9074596405977906687002655,5.88356225873345369755822605281,6.87552598113232686645881419321e-22
62631,49378.1007717976348619562877558,3.83007422098684395952081853023,4.36460428252786830416519725641e-22
62632,49378.6561557474541283170949195,30.1141934165033476508529418835,8.36283407660653648227367936928e-22
62633,49379.5536879418311639241121659,105.440959310394382674238803796,3.35890218658199180911115625259e-21
62634,49380.3851524900309135515487114,58.0614927350402784545377304934,4.93216049327532268406671025949e-22
62635,49381.0338014554170307541147243,22.8346679815242855019076688646,1.9604303576213152717028224445e-21
62636,49381.5098619795280223404160741,27.5403152303193427296249625998,2.02845438036128608607488822453e-21
62637,49382.4242555030992975884418793,21.1508012507200210190314533697,1.42143365318742713336126596811e-22
62638,49382.8093613510826235455267258,20.3360945614046197408371570861,1.00993451191555890885144314166e-21
62639,49383.5090761360357440902958066,77.8469480642204934914180327679,1.56454726779035715180177564296e-21
62640,49384.1118997481819046559641764,289.183771339669180044877115431,4.13826857022169070429152318876e-21
62641,49385.2552170792818069682167778,1028.0768870166019783849931672,1.04141350429035674394602852625e-21
62642,49386.4190197306602840526217948,20.7972422310214480751539246128,1.15000236783051226215803992774e-21
62643,49386.6419541333487824202836494,12.8499737583434442153142850983,1.11969583560916683328919351484e-21
62644,49387.4636444028994151102450329,23.8763390737966192205245599629,1.09533640813003978104080436274e-22
62645,49388.0663504183389828354506071,11.1109474044790953348858751107,3.47337893000579919957929027049e-22
62646,49388.6497339196562190309471885,4.69980136856782588952806762686,2.27665398539466870028993467303e-22
62647,49388.9306586892682470122712399,9.54386893569882822658577958189,6.99927913772877732408047965162e-22
62648,49390.2523197973729356461332748,37.1115448079062373034994262377,1.17113449167567451723944199975e-21
62649,49390.6709801845494752103495053,18.5646684366747662005360378903,1.17386482231157339714989864069e-21
62650,49391.2068519011131415633211362,44.3109965556210655246403635093,3.15516334588639100546587134716e-22
62651,49391.9529632661464330404612042,180.934559192932454401538686668,8.73148993610959475729953275448e-22
62652,49392.8233809430465279968302961,374.226648674898496161424489285,4.48779287804584756776310683285e-21
62653,49393.8041944921460788857517438,106.963983861673649391216642011,3.20951965339164000966507674893e-21
62654,49394.2611536161401971052972379,70.5095866415454907017317388524,1.46818679901336575881715314894e-21
62655,49395.1731666731525239471349129,21.2702353175599405206178807458,9.72183926573052668228490822732e-22
62656,49395.4389452909944946308028178,23.2903935787532819872725274854,4.94202444132144841803761764851e-23
62657,49396.3677299288099000781071364,208.60944747753426052770967969,1.90585932007789019050596584168e-21
62658,49397.3482626522469895670364292,80.7273658765797868379690130064,3.69730201920448878491932655912e-22
62659,49397.999283051256800341601513,16.5314308869451966122168300592,1.59615664835464599708363734717e-21
62660,49398.4694526137067601018294085,11.2297434010619870219741008922,8.98832648207651719785676659085e-22
62661,49399.1101166615449323589495369,14.882630086568177462867371482,9.9555380958960108788190020645e-22
62662,49399.6849315712779707611617839,22.7818676236231327052571923829,1.62072741967125487208121149217e-21
62663,49400.369660113711047663476738,50.0698640746006580343737863702,2.85507506879359562744531073241e-21
62664,49401.1108138539402517865660342,61.7846861201986338088300391246,2.65422508743184333824140373805e-21
62665,49401.5498366622611985326783471,149.02713664835827080125582818,4.76532880381706697133849577531e-21
62666,49402.8186756760858003116700023,650.180383553109468630675834402,4.99736760405740567659489599713e-21
62667,49403.5762205395466604223526249,235.073423682262420114112801682,2.57696131621796029239218098846e-22
62668,49404.3660122995898620194624947,50.9660516875331104968588735891,1.95539204374622777239812529974e-21
62669,49404.8210541398971117592498905,35.8942949077642579977660145575,6.92050126600069881458212830557e-22
62670,49405.6218669468851152763003289,36.8998166224894139782906322059,1.5785063473810652469828482652e-21
62671,49406.2619658093819935081514603,20.3697048615190245941850550618,1.05051976229560032025633884214e-21
62672,49406.9348954408572303549679664,6.71540562454651643523540189732,7.62216638824023952725039522463e-22
62673,49407.2491637281942999629177672,9.14986332002315846545592271086,3.00413152553473627103506079092e-22
62674,49407.9720128358007783572728768,118.680562546452700026760407386,3.86913992565044578995186088977e-21
62675,49409.3184394547770137934417838,21.9401597220915647539504421578,5.44248297658034969338883729923e-23
62676,49409.5671396503740635737437846,14.8246668297111536616263777085,1.47647945403011644109416174343e-21
62677,49410.4300296799982929115960676,17.585097555746049319382551711,1.06245833204373378266801647111e-21
62678,49410.7448682911139299537567931,22.2477649126415709362092025619,1.96012295625900158948371033937e-21
62679,49411.5231963387183551276353504,258.897222361938368348940793632,1.02361864294821544301037989119e-21
62680,49412.6000202482367751194177499,397.963933745403324693513114033,7.29442039144661391462745567984e-21
62681,49413.3240486946419342164411402,187.885348972671590840287512589,4.73606083366703892439164136007e-21
62682,49414.0518652556082783019833617,105.840263468720776563047351352,2.26505844597942182986440962425e-21
62683,49414.8638379136967978095658083,18.0269368174257103623058651043,1.35320233507425314786951895521e-22
62684,49415.1931987351738069885967023,16.4863303863128147941739044706,1.33653091304113659295943865433e-21
62685,49416.0658224433303332603536688,43.750858232086019299267284156,7.60122107096902324888933687664e-23
62686,49416.7947730471933698698145832,19.1994888655654329068386173498,5.65655972291337452957729965651e-22
62687,49417.3710487507671871108136959,9.41957445814443418357681273287,1.02795605917242280440425709009e-21
62688,49417.8831617954671562561901109,8.57163557938005867377733354404,2.29264444763920674035294920961e-23
62689,49418.2926498749630916286419371,28.4771715198870154357389405331,1.57837696784944435431805961762e-22
62690,49419.335440272584969470601714,351.615116764889485010088397269,4.83958655123848820985008998135e-21
62691,49420.1367829866119719371200657,409.909766232265974407876155156,6.19481542798684293002304691958e-21
62692,49420.8902319756731608576401192,519.224351509653366489794446748,6.61355008390669660582695201927e-21
62693,49422.0879969803153664338444024,39.158957234898068779789780656,2.16755687704713801929178389142e-21
62694,49422.5116181094178564674294464,7.04116095871756308445194578223,4.62133795885463249819329572154e-22
62695,49422.8740872517200380503367976,8.84449338650330848280588736209,1.16916052533670705600192973348e-21
62696,49423.5075032632743321962531635,49.0476142899506941758383127635,1.49677943903462591357998174347e-21
62697,49424.4891007152424930826434041,68.829900356234930411573268961,3.49964419463806481254907147347e-21
62698,49425.0217653323928228954864963,62.802705477672049466799924843,7.71865419678856478553730841601e-22
62699,49425.9038293160537079841716213,62.8406724131083237900432569837,1.46353965786780150787658400167e-22
62700,49426.6174488234509059628784226,18.4966446302922358346543727774,6.3217156048482140112008949677e-22
62701,49427.1303583766950478568738504,7.85684415530811414236853182466,6.13051669938265854525298997007e-22
62702,49427.4710082061762117302389419,18.0050886077677973077286037385,2.57403856455632713457789113744e-22
62703,49428.6408561699266639258902522,69.9096808377268688289677762261,1.88960420146724423549120092664e-21
62704,49429.0228059221927542492857461,77.6827275806715308308658174237,1.73943967401665496400541935814e-21
62705,49430.0410630077649710708666216,152.548883981324662116374486004,2.74765176191652660096179967387e-21
62706,49430.4877334863371536351157733,196.39841821715532843273750155,1.32056159197397686730176246227e-21
62707,49431.5599751147665079536539507,513.569848227880263083297885119,2.93674771851870338974252697261e-21
62708,49432.5890157600725153254584688,38.6033781195256715240006021349,1.35688619098856402654295228693e-21
62709,49433.1308785951840892278387128,3.04717225254399282588910295302,3.76625516712750773614801483685e-23
62710,49433.4028352596261151755853388,2.80913285336407255288620753966,5.62588870959306475193859724724e-22
62711,49434.0330636688098433194713163,17.331528367357155362776678492,1.17053158697656394321960034253e-21
62712,49434.8956296120881130803529736,21.0249515480410966579286042684,1.44477359117219580882317372537e-21
62713,49435.359371854243266960351843,23.0395407273688656067985485105,7.31775593912523885206195663131e-22
62714,49436.0081375119930641712904243,96.8446444192691466360755515488,2.43516542028513118920350652759e-21
62715,49437.0416142741105686733671555,133.280838979159718266633117049,4.76868269356790553188848003161e-21
62716,49437.5907051664549895742841377,102.559019571619055028280387947,1.24660939338893072683365820126e-22
62717,49438.2692734081718175724535941,217.474573301147255298474012447,5.27646107187355612821021799196e-21
62718,49439.2378867765720368042909966,191.178318527629279981571388047,4.79456992675250612100376243319e-21
62719,49439.8533120647353341820697974,117.970492079507816483885805911,3.29157372787040590949730345226e-21
62720,49440.6060561617067678426332272,94.9900642601106148071603953836,3.84402144402880929152394225104e-21
62721,49441.3324226360317742475732766,43.6283635643357887208683033772,7.14173916725546204601191740571e-23
62722,49441.8258465710419998054289893,47.1488783364709692071187353913,2.45822263495585644524011893043e-21
62723,49442.7054067936399171547014384,54.0400334153092354666268344571,7.43397618196965198703935553307e-22
62724,49443.2337289021085829426818603,55.058398729422616106509763594,1.73693948497074196257971866201e-21
62725,49444.1584882441623107225937749,45.5537532500819545282455478775,1.25669380453429283045205655694e-21
62726,49444.7873730920747832604755288,14.9840945821635373156484291292,1.37477440211581437509538206232e-22
62727,49445.2515321370464810088597708,15.8186427323988862164173132579,1.57918669866968793090603900225e-21
62728,49446.0431038805329663963335888,17.1683367254181918952660167774,6.26430774167550427249770279434e-22
62729,49446.5171023996302172507677199,11.3855513572976888200545235713,5.74458026371795535111515443022e-22
62730,49446.8193611567733967251181726,42.079938191045229584907391999,1.33513099524084123152445144904e-21
62731,49448.644773808003067697376604,300.342417439173995208516711401,5.11792774857055267167782365936e-21
62732,49449.1472620110606414506418191,71.2810534458941377184273448332,1.64169368129970829916324810549e-21
62733,49449.7772673397720824841302494,38.4876124605411731323082925635,1.31261513036365190252273781276e-21
62734,49450.3347896671047162969258755,38.2915798329631294383617040614,2.0866602284483861034550670725e-21
62735,49451.0890913114014620440875205,45.5195400294525094103552666113,4.20574087699815349480673178403e-22
62736,49451.8690151015225302800750996,14.2065449517027712597194666824,1.06548624225792373238584874833e-21
62737,49452.2645707863990642202769321,13.0604474969562883292773871334,7.51294592178293142623691217609e-22
62738,49453.0120209293920531735855835,30.6178917126901251253293149976,3.09265447336537459659877179923e-22
62739,49453.5688421052915623318678303,57.6399436762014559591383512347,3.1602242433490385576824362205e-21
62740,49454.5055934328468305380997922,89.3343445985889067403894403494,2.82231790887022316043874118614e-22
62741,49455.0386150644855147330130236,102.260636003506761222730351295,5.82084755341097303157790237251e-22
62742,49455.9706687140663171600719367,118.388625706488379662521197771,3.14862148701627795163589169174e-21
62743,49456.5794801654330713781712493,71.3559635301434374209720042836,3.4150954420201704659465691465e-21
62744,49457.1258984259234025683194179,129.699401127020192965009779005,1.16203092133216877253541986151e-21
62745,49458.1642527847401342835837309,133.703303388373747899215617755,9.56621510164012250794485394992e-22
62746,49458.6613815780306578791479011,109.23301931883683290723060494,3.70895003041004953146500029751e-21
62747,49459.5209366165561954624548666,140.690006677999112614836351084,1.09280877963034928159615282586e-21
62748,49460.1781971222355838688013425,127.37958822938588629197130257,4.59343484135453340290275026575e-21
62749,49461.2863594479832378653502356,7.90868677566396591422766810069,9.32928621940176291165102284126e-22
62750,49461.6636309751251216286284239,1.11716424584645955314086905882,4.27081808334410786933019953988e-22
62751,49461.8942723679738939353449278,1.87065228883198620449229884666,3.03271767150951827091465884399e-22
62752,49462.7489587358074880184010021,28.9517989739540399594505693269,3.19834914729820307270417261671e-22
62753,49463.3515689240550313956865157,61.3312470276752341857565827793,6.49296011905060261054084388332e-22
62754,49464.2735406503448907005898671,87.3937642737534296869767844308,2.35288654915611227222313371683e-21
62755,49464.8355488285935036445324723,72.1345683725123990360435381856,1.13237784487048711178330865375e-21
62756,49465.350625307677887426356593,233.746040913128155156610941777,5.24350294574449956164084033814e-21
62757,49466.7819863342662755066716981,158.554051565311130068793204552,4.4228058261382596458737006881e-21
62758,49467.1456476989768302833178868,99.4788180568573971117508585176,2.44004779292819582897381356761e-23
62759,49468.2229534671853462068825484,32.7192397975871890310560849471,1.63657025800119589015467457135e-21
62760,49468.6988413835931678456177456,8.63253877703906747895555334009,7.38714859928117898199867746414e-23
62761,49469.2539589146906673964541993,3.01143964716578693741555439624,6.19573503384533313697762847622e-22
62762,49469.5035655015033610179793377,5.58672560115142703177110471773,7.63363142293406864610867762168e-23
62763,49470.502168950585274989501199,160.25054540466490874968230804,1.58643551715490634931320229925e-21
62764,49471.5367390946322058513532416,55.3932814074858468926236669419,1.96167237879815613131775906783e-21
62765,49472.0120155828787223897442506,29.2681908581621884221479407618,6.43944294663340751131859205632e-22
62766,49472.7595751025012252817203093,17.3054354108633623890504213735,1.45290005840317738893199375608e-22
62767,49473.1488050801862507039880389,22.1331972532560813469532973948,3.57510418975702756330944919048e-22
62768,49473.9718997618604726420689039,85.7895307957916787284919755095,3.10425058394552903090623503538e-21
62769,49474.5701785780513032788708469,174.239129890586015757921926696,3.65249114578249367470036754923e-21
62770,49475.5294892695333418176303658,352.375052755174964249768299674,1.3589642045206339194021440184e-21
62771,49476.2183771125063088889650615,358.107213658338127005449235983,3.48332296305322434689359948714e-21
62772,49477.2261787937653011426999832,143.053501808410178545620728458,5.78318197566423787046226877893e-22
62773,49477.898013658358091682979869,22.6238260813276570075254856008,1.48607049124929652918850464047e-22
62774,49478.2843902632855271242270167,20.7312917438198197273241815987,4.64910446387721885698402636924e-22
62775,49479.1266025441660372814100951,37.1856977722544871718084615759,1.50530854152297928521112163489e-21
62776,49479.8060859971380724647827148,19.7318341180753922314180283984,4.606920765291955899015765458e-22
62777,49480.4458264866422668404567952,8.23918924497843007404438842704,3.41806610874069941832917886327e-22
62778,49480.8396528061752865316051105,11.1759423921265849892813745257,8.77400589982594134666464179426e-22
62779,49481.6248354175657155238720004,35.6168335409314607114819334251,2.49156170264056381270109581178e-21
62780,49482.0717992289981868652621965,93.2337537024290704170452160733,3.74445207786573315295674233472e-22
62781,49483.2432939832960589615789891,609.13844682922902843319086675,6.29104913085866209494604516914e-21
62782,49484.138622491915433631052693,174.110900684012977439879219975,9.47103966059554614119890778826e-22
62783,49484.7074362941615245071079399,88.7486782146732484559959621763,1.02027181975560559828417489876e-21
62784,49485.4720647621461955519344748,40.8545035563896293658387494306,2.24832910757023440781858450039e-22
62785,49485.8928234398146315585774935,47.9908146663128593065504560301,2.46185660949552340201590675787e-22
62786,49486.8361349920572791059619409,91.0183684407172937503851511527,9.76434467614286519482458028216e-23
62787,49487.4433795506627709807642417,74.4581241874315451497726577356,2.12795123898179274258975147523e-22
62788,49488.3459752272349498750832629,25.449530816497214892538964265,1.653426577480598040719713794e-21
62789,49488.7871388815996882633231418,14.2454122919708861529290381059,6.50356146697973985409091110442e-22
62790,49489.2923263308009631186378687,39.783946033724355186343654849,4.26387594272238718947847251502e-23
62791,49490.4588430043088869893361664,28.5121567746870234562861150557,2.12516842425552311785955786767e-21
62792,49490.9241167437801995049874643,8.80143833112079080918708241751,8.94284099100343569365155697714e-22
62793,49491.3454005952683371055121783,13.4752714954174023538456195239,1.19168318285030140791531610525e-21
62794,49491.9526527186158883616466377,83.1696942717753451928894836917,1.47884308318836370318155337171e-21
62795,49492.9658416759263888217823945,250.628052721445706485372533497,6.17356584352698246020996539608e-21
62796,49493.4882065006360786654020477,420.82226951763348164101574519,2.77084138685301938239919460377e-21
62797,49494.8969157499074690188502953,147.772202718650448256460200199,9.01416129777609535819227954742e-22
62798,49495.3692016835130794885096834,41.6716821745532442321279804243,6.99802824197170269033836201891e-22
62799,49496.0363384796544644767169929,21.3473009341209136050818043372,4.80368867460959450322303247887e-22
62800,49496.5880520559975883358049334,15.530662634234063654223933501,1.47954162258117348351832664458e-21
62801,49497.2956447678165515826392093,8.24742438506688311506388448114,8.41824405681538860531030204431e-22
62802,49497.653983472911454140665972,11.8328366907312893400524775243,8.49929105956929798729428033827e-22
62803,49498.6039249835107489073700981,30.1402969636269059548626981555,2.70308772022453873723229636488e-22
62804,49498.9849952066424190935821334,47.3250755573659341980643666701,1.20885470501375817614145785387e-21
62805,49500.2480809929691761397658428,41.665292881928886091133127126,1.309846553371787208013499473e-21
62806,49500.5820771856515794223685178,28.7769870960715890218160945366,1.75340838033685665966003538848e-21
62807,49501.3573143308723585624875491,51.5371757202073768313341004656,1.58114310784384610813143111728e-21
62808,49501.7545115846474014797419889,112.031990847414392185029610098,3.51366993114677390679588957847e-21
62809,49503.301576905276747746563392,43.9717467553254582791129058019,1.16731409879406984703907395047e-21
62810,49503.6221821692078362200330899,16.6399077249792113706671651211,3.71661228571505481438112511242e-22
62811,49504.1590121849595279381427597,31.3912561160676472505252687165,1.58298193190402935895071424212e-21
62812,49504.7770367962631580695139456,98.0564395419243752632340831919,8.64349151853867537598382903364e-22
62813,49505.7611875464559069263718008,176.451913595037388601516140512,5.02026063069082271258241617271e-21
62814,49506.6166468114321423118972011,39.4808604581150645406318377005,2.58871552213756407244588409786e-22
62815,49507.1688624032666956157995353,13.2290611560006658163301404641,1.41664685581758514872037713135e-21
62816,49507.7038007329432910181615703,11.5450793660491310157720680163,1.23936774484601652992376431652e-21
62817,49508.3783559643315856461643474,9.95130901899973854017908256539,7.50769562258048328238688809969e-22
62818,49508.8224210965741739329621479,14.1815495181596149456072905688,7.24476002348902279314174792356e-22
62819,49509.4292444782812893637077861,84.7826354920683411641621639627,9.4285195897737496851365197027e-22
62820,49510.4421058586232219755397714,338.629638420145357280913665848,5.79027011570550513142866890641e-21
62821,49511.0901306522659018598860364,501.494549361635183171495458968,7.67594020180800512478358458692e-21
62822,49512.2501587665650641473653446,225.959261737722269515133977984,4.50384153651242784300009005706e-21
62823,49512.7854851275363322349969888,97.8651371175204983490239462762,2.70358399997293804304168241842e-21
62824,49513.6810745122465162360014101,12.4098339132764217842386896044,4.6161907142379174144481974247e-22
62825,49513.9483589244428823880189126,10.6170565703175193947351080985,1.86688002766390024556592792879e-22
62826,49514.8209164044971890972519659,31.6587220820774404360823324063,2.3449597455193596799859859609e-21
62827,49515.4332233518936028880199563,20.1102431775213382381144755956,5.21707615440412051159686716636e-22
62828,49515.9449389820760402359608546,33.3977729977255552660045333548,2.31331331159103094857044558589e-21
62829,49516.8517927620635351608879704,49.1132788266466895684601357761,1.07193320978628269704449203477e-21
62830,49517.3449254284664318594569088,58.5594278910344929371661984912,1.87264341068350544947121260902e-22
62831,49518.2222571726599722891134379,119.923148720794466981189292198,1.24515130258637372202624066002e-21
62832,49518.9750682090789840668496746,70.9057346227846131107333456751,6.7817173593544433957469790492e-22
62833,49519.5912981038751957084969902,48.4230677407875702553586286667,1.45406739014688532787281381285e-21
62834,49520.1691993513020740593092235,64.8567239678420896493499176161,2.15190824961844637443403813049e-22
62835,49520.7795387237533255784884396,206.582760410977705203258646842,5.58656236003320715716151502541e-21
62836,49521.7918588886812969600784005,629.669497583995514229943296747,5.02568011496638857117546094981e-21
62837,49522.9591241487616262732709747,13.9846858120924850413535867409,1.7568824810968715906460719727e-22
62838,49523.1490888915108439685099939,10.0045524275424230792104948317,7.41158276552003191810139960527e-22
62839,49524.0545200555755817366362281,21.8854134537056042702791497558,1.92450898003082528047451064544e-23
62840,49524.5641046177089670660175061,12.6471605594604641754534791791,1.0293570881135132854341378588e-21
62841,49525.1237633684040839395903433,20.314088689807703209084966828,5.19055468283187651317548424757e-22
62842,49525.8377257662466602479424062,44.87699995903139020720573135,1.06299664723446593875370970414e-21
62843,49526.7871723893966245853480866,7.62852760205267544158432667318,8.01789899603553835289240516368e-22
62844,49527.0431930483775680826499704,6.16869053361954895383123022703,9.03556843203448969760399891899e-22
62845,49527.5865957575262414216597999,60.4924858419000935057356842307,2.21198252172732093907152153743e-21
62846,49528.5643348700155658941200141,649.090958417456185793393952399,8.12743271079266346561198351509e-21
62847,49529.6249768132440933295155506,508.767929795190467996770690106,3.44982827266561893730541176585e-21
62848,49530.4504540061738842640432715,86.7136257854437922114118561703,9.66209978424803206728135315454e-22
62849,49530.9831539225788316802653342,33.0734731629390837373966115665,2.29391521287237859806263426573e-21
62850,49531.5174140206426373213436328,42.4854488542854020227633236315,2.05971364847097429292249702368e-21
62851,49532.4089678086581419418821057,30.661267418195541470507426639,2.04346067384963652624297303795e-21
62852,49532.9548088617893407074263746,10.3915227147349620901263073504,1.29298312724229299346237497199e-21
62853,49533.2684807053229565498566261,21.8198590091886770566023056828,8.62111752849617458201287529407e-22
62854,49534.6220704956834827908395594,75.1909293817391332486820501108,2.18710150035724965657514559934e-21
62855,49535.2148863579746468369554735,14.6274936089621756350263210942,7.58027119375115869409346055505e-22
62856,49535.6941435407849810364258338,8.82008957921315674619523124807,3.97057021291825174657534391252e-22
62857,49536.1636077602575038015871563,19.5668946952590928644321617458,1.66172316810230242849129393509e-21
62858,49536.9709641619627699090118488,78.3026720335939017911176220521,1.90199224058594920788979389556e-21
62859,49537.6626112002883664411113342,120.364324187292373375279991649,4.48615883317064739964958587045e-21
62860,49538.2820563998768309779928377,326.344794340520101240796805214,7.14303859350087409980094532034e-21
62861,49539.5057356938682130333117159,283.90162997373980768469694075,5.30378087817524973105509614128e-21
62862,49540.1256953214535258112678248,68.7252196597347977192816489101,1.6278871917254646553110230422e-21
62863,49540.561050443490552983112536,91.1426990112621447960107489685,1.35577757995675593603694320417e-21
62864,49541.8684552623987068379652647,8.56307964925449679647694751054,9.35897322246044354544852500636e-22
62865,49542.0887854330858059513954133,5.29892146563440284011818940355,5.76016805808438845679920741825e-22
62866,49542.9606977116792776648389977,2.97550047009630519516965857975,5.46638376959894560719014057812e-22
62867,49543.2318782223512990260910166,2.4954332049601680774068623004,1.32362706622786585443850092539e-22
62868,49543.7874728456347154015280804,18.7030471155844809441277363853,7.52803556839585444723547116963e-22
62869,49544.5827744350794196696670136,133.71234847022994567592839665,4.3474696247895604377998715002e-21
62870,49545.5592393169549072716640773,189.031615471528017516444485821,2.80247973420979427937258283955e-21
62871,49546.2568848463156136867721776,100.831225231127980579021175574,2.58502635616098730454995794866e-21
62872,49546.8298472709763920991431974,117.129001108268162968354271651,2.83442301651547794709544199106e-21
62873,49547.603059063354471461622968,231.221934354002948939519766502,2.00699306828585486876721789017e-22
62874,49548.4887332406387418792564047,161.460294608127266586005505311,4.71979694993315701437291697183e-21
62875,49549.1617294424434245072713391,73.00028949254287095680550407,3.2861603093494717965015089695e-21
62876,49549.7201293105473555251134942,80.4129174996808856723745855802,2.24487661963252536332755548657e-21
62877,49550.683569216249111634429476,27.0041227856990890648585039139,1.14400847398599822936466459538e-21
62878,49550.9959944054891321318686698,26.960173677282749006047253845,6.30057227961608762930730423323e-22
62879,49552.0218113422414669024512137,61.3286946806574283361964368386,9.1613335408551712411984392811e-22
62880,49552.6758466449590854033638084,19.2154065674684943718676282858,1.7332509461023268706729459783e-21
62881,49553.1539390778089023088442184,18.000286378837740077379805305,3.26160708845785902701839573357e-22
62882,49553.8377118062937448044048126,38.9710227481492612521544463496,1.42944146890049277720685802141e-21
62883,49554.6663411147456124164868498,26.0339518582051932407213849641,1.05352287434198662375590933796e-22
62884,49555.2021358819890915511553283,9.5105554729663524591385207123,8.77397936230828168776770541194e-22
62885,49555.4693491801769382707826187,21.6998944458612376593827276995,1.04421723385250948457746936984e-22
62886,49556.5928886763137500279181497,1192.54148925449468562709580518,1.4304609544757973648622771929e-20
62887,49557.8357543396742365150325931,423.164417688321984770624190986,7.70050896048433508257190194337e-21
62888,49558.6448516972180661337127901,16.5511686960438388384429472276,1.68548833741810376833713263571e-21
62889,49558.98214644598408335519519,7.46616799497735127702115487359,8.9052960009814794734785068544e-22
62890,49559.6023283505248271439483041,7.14914934882631437609616689392,3.30053605966029254237582698911e-22
62891,49559.9655912772648470070742789,14.411133037421088593885069009,1.26467172670792954633394689129e-21
62892,49561.0361776934204644834543041,64.9044967938134611759217213968,2.93020015447421468298853188171e-21
62893,49561.7513240987649468220768624,15.4400727816594720451173274272,1.32245263589881511138185606766e-21
62894,49562.0999612358495715761599342,18.3028404193713328192598320824,1.17795330365288685104685832402e-21
62895,49562.9507957848708157706199917,86.8249084902755516669841609765,1.69420553447247144257337726e-22
62896,49563.6833172629157686100181557,97.3590009364643458026632325681,3.66113720169680756150740494048e-23
62897,49564.3876720814147300817183648,98.044378346763841986070843693,3.80109218785420383304501887647e-21
62898,49565.0085517262557312631939733,155.763772211023622254522533077,4.95521016427045724521121528855e-21
62899,49565.9713694552593604120877237,130.05256151847394720271657165,3.78513851858881720668161788051e-21
62900,49566.5045364754817300375765994,100.55126564954663768916759154,4.09935799725373349595550741616e-21
62901,49567.2774201323146590500371304,127.573240076956283298497825182,8.13879550684727659194954926626e-22
62902,49567.8713913607058651571668918,199.319554255564222456354122669,4.50803042392677764073609994702e-21
62903,49569.113372422756795009547121,31.9066580137687030603345160928,2.10594540497063737377132168561e-21
62904,49569.500836786678119474901262,10.0107243817136646717507426957,8.90290107772066757958201561173e-22
62905,49569.9668551159936462495292818,18.1468386235959602339422313552,4.92321213261373087767246991189e-22
62906,49570.9385885058871724856781264,13.9012111418383268848112223385,1.47550851931989154714275669448e-21
62907,49571.3988854700550065313647641,6.46528824903428087825064465479,9.37195274865818114756695214421e-22
62908,49571.8747838619237379865515086,11.4790851673257513076673371038,1.07048423938088198695073431648e-21
62909,49572.4665479788212718065438966,58.2974614361451676485201253998,8.53944891442710265269300427771e-23
62910,49573.3505174583923182614614294,335.34956811696874614582116023,6.72020159143666517906735316444e-21
62911,49574.2581794415854697724747398,459.089496740456758483872190094,1.75627768999420649582635434294e-21
62912,49575.158394502639627775092334,112.973896387051120756439952499,1.31230108174049701089064865277e-21
62913,49575.5338909051816873561017673,118.144358454731142732735487118,2.90791673060638250184594209379e-21
62914,49576.8408008894385268605815008,21.9605349020722706639985225582,1.66639740684606333786524285887e-21
62915,49577.1260851331781012580827854,11.3038595988384136493776020124,9.00165303607228171026582318521e-22
62916,49577.7826809065866222536202509,25.0989510462061289488723941931,1.29223648190898192559236419026e-22
62917,49578.5787337785843574095277821,6.9938305850640565024042164018,2.42232293841361629300112229379e-22
62918,49578.8273646713073686013501545,8.87115994568379341685313835721,7.52629497685940554987713690427e-22
62919,49579.7462839013813553059423927,128.820648404252354230766775628,4.52859793879677318077293779993e-21
62920,49580.6218298910736548027254906,133.347495509448096331241067131,3.69782099857416750787650053156e-21
62921,49581.5387496457505508719501021,13.1547787737804184848688317028,3.21203187169793649371212892127e-22
62922,49581.8885739581594080592710836,6.12534842013578841586540346458,6.95250007848612093303826622078e-22
62923,49582.3665281125276815749014508,14.719384850809198453485427675,2.5243076539748372423240402814e-22
62924,49582.9275796506652409081374597,94.7303196379022151807675175395,3.26597840843228483417412842569e-21
62925,49584.0417989021459043713577984,582.294169219325752947039047717,8.78352315782058999239063835683e-21
62926,49584.9018940986545609595812499,292.150886147095534861446631684,5.1268333161827927063019565032e-22
62927,49585.5393285401611064188002622,213.834602473440097568932741651,5.66734995970663706253073509459e-21
62928,49586.5001081423195589629110352,62.9138831698586962713242204753,5.98289811056008624338118390142e-22
62929,49587.0793828635176407324844723,13.0572426743317394307457301389,1.37762656640466482349448514533e-21
62930,49587.4596254309236317726274954,16.0186640284374675072747654225,1.67189997476480110731199139343e-21
62931,49588.5471910690026326409054123,3.00259896076483227234661505602,6.61165636817499026444669955956e-22
62932,49588.72128019858128918639119,2.69310614422297038078380776855,2.51814762734685979574475753887e-22
62933,49589.5038926295311096045661989,33.0078324649962009246535026759,1.37365487947750429624829704428e-22
62934,49590.2232681930493230922328957,46.4685772554707430490752602634,1.6158307863459127663405772325e-21
62935,49590.827810113080265961839943,72.135852151417647930435312007,2.95788245517790387679596382482e-22
62936,49591.482770527283953036443216,237.066271956867790053702190727,1.46160571475876776819886690548e-21
62937,49592.4820463560725832934962679,616.197532990851252798617245744,1.01778972034877227130186659872e-20
62938,49593.6595045460581974440677825,1.58259448932121452681837389881,5.24741050086231282760114308312e-22
62939,49593.7157379159357961104548529,1.47774900376545886657211258892,7.26066114635905470715285361714e-23
62940,49594.7643636642818006868471014,35.3871655044707585440607761407,1.42844686151535544732002781099e-21
62941,49595.2321389624983027687875304,19.7036675765230213687068477852,9.08622608177394394787708637496e-22
62942,49595.6919069984352358336897657,57.6163448792189538177756419382,2.96469934017787138013558745273e-21
62943,49596.9691263950449996898597597,75.5169633115120643995688341599,9.80342070566588090350845326457e-22
62944,49597.5179674227766756401990851,20.9324498544751472641697379656,1.70554740645798598213185513109e-21
62945,49598.0670579349496727757268064,16.0086810593653499739542576727,1.26606058312058085904943052336e-21
62946,49598.6817127149377940834585735,19.1055963464530749732885042253,3.35601471500981114158550860303e-23
62947,49599.248085580954927926809873,37.4044808574279031314436369563,1.47409632787917639404992241402e-21
62948,49600.0694241887851432506072921,82.6298425573767909335990578955,2.50055811835619290980740746221e-22
62949,49600.8453529757685784364290258,43.1990119316278803916707861706,1.68965514372085685465283515385e-21
62950,49601.2695717684584624888307991,51.8668002456995404150917359903,5.0803378743212002469584843571e-22
62951,49601.9044933107069324741183392,372.413983362045970379172868969,7.72157085944373854852182596129e-21
62952,49603.4174866079135646860452189,203.572100117571460254968262139,3.03624525431390023296163224362e-21
62953,49603.9079236342017676524086549,52.3786046653634370945248161009,7.60445656672733526127550054054e-22
62954,49604.5100897769297148038957605,39.8465483408299045536883005131,1.69863429959404591691045072946e-21
62955,49605.2525233437116143650365107,22.22817185705209580320286533,5.53139374259448454363398685995e-22
62956,49605.8537713229520587949608207,10.0639474716574353232847665706,3.02273244884890849707901008941e-22
62957,49606.3861944897038017455311016,7.32071461869530657821837529849,8.71760834696857161989273091649e-23
62958,49606.8046405685760472907105731,18.554419803334345541791700947,1.54351103898872855401979849893e-21
62959,49607.7606166869535332939376001,130.485034727259529732783467067,1.02934457837801977276107452207e-21
62960,49608.5956768067323428339709587,82.6711794336417955116163009213,3.55336609259454057825620897176e-21
62961,49609.1354682302956788397879775,80.7321150372135725306221411633,1.94924463320733157190145283212e-22
62962,49609.9310606083381222175844569,128.365853380778321564848200055,3.63615629712311921399348572041e-21
62963,49610.7110568403994584081237486,58.9826795244845489312383096839,2.33747560938241698232529163714e-22
62964,49611.0956985198743214458407772,86.1459014032130688567378462725,2.43740541103241808458374678496e-21
62965,49612.18257097178229159845343,322.540664550686867178335061569,3.72034082559405906044171694809e-21
62966,49613.0351900136455422454110071,68.8186037474600079253896507366,1.23142319299564679390098211401e-21
62967,49613.5535033761844798843165212,28.6181824281255799899245946274,1.14817445436482214461374934617e-21
62968,49614.0526317565488186167175639,48.0329023976127646620028048226,4.08561858558009374362386762032e-22
62969,49614.9599531506422715447420442,93.9119021001900093284312409461,1.31204766691572896849091565313e-21
62970,49615.6654752574792349413230866,65.1352934906020069897118978358,1.17826555392260759229620809196e-21
62971,49616.619742879133918779580492,4.19989071608864779892074936423,7.58413583163205981344579509849e-22
62972,49616.943112655487483934900497,1.10324920155410453201583574647,8.71467731732246329647554514282e-23
62973,49617.2007454834738868472529453,2.85318015150788580538252850714,6.73177748479148610597855015273e-22
62974,49618.2697606795182237079664656,20.8818902448848376562057810436,9.65080743780165827684542119497e-22
62975,49618.5236496080003455303751754,33.260045590164110709651293464,1.86642334695539236692577500462e-21
62976,49619.6666999873681242974444701,1093.03137962829878657430531579,3.94127854730865342052305630562e-21
62977,49620.9198563508701478748159175,92.0049850670249204978135537217,6.36036520874743135330995754241e-22
62978,49621.2756893552556933188721535,41.606854130737115309806500198,2.39631572004737433357605560329e-21
62979,49621.9805027340565767991641726,53.7105308443748603377793631312,1.88863269417335938764585667473e-22
62980,49622.6178839942219297545148139,55.351319125310431152098436631,2.699179894396396573316755093e-21
62981,49623.500167420514880693781403,16.564829237163754593456047331,3.07094120461383989474553220093e-22
62982,49623.8967568986831119974746989,10.9184963239136813454549685462,5.43103118994704283859464706151e-22
62983,49624.4638631471260020073890877,33.9166495038414458563474004407,1.1897947121087828115741443e-21
62984,49625.3306787263982902084525612,85.8871835031157667802029217311,1.04047843564867686813496036979e-21
62985,49626.0925260733330465531648809,57.5209686030068803886315622367,5.88115710536053920187145514286e-22
62986,49626.6701607106574132715138993,57.2686245377985689049953549002,2.45661116316956913461185946707e-21
62987,49627.5030037977474271509590452,35.3134586123986772792740394571,3.64690636171807438374219314053e-22
62988,49627.8749699452647555092021293,48.1501216504829867434427586249,4.7586030868301623019397382243e-22
62989,49628.9361127039783513509714444,115.208788846123838634309485524,4.00242610128128300889846146554e-21
62990,49629.4342953669047470588604217,103.870152251372699127260544456,3.44866473590446713537395419821e-21
62991,49630.1903869360394742784452049,251.784789498018354600575965171,8.54158574452826402523800602289e-22
62992,49630.9958465181946238446930934,405.418392157881541382037109202,1.78688596898263227541003822432e-21
62993,49632.0498194668866073028753706,111.783354197128219941858749459,4.2465317464867483812673143738e-21
62994,49632.7321313980432427269947779,11.9003252956697523066827117677,5.23828830422836943554014855916e-22
62995,49633.1751313819365646065953507,4.54457969877537881990953097596,6.77296786955593282448459179979e-22
62996,49633.6249526963575722043048402,6.8489315786918477072458888494,1.00059189850250633951917489948e-21
62997,49634.2351897832721485027302663,27.9607498789598435242404260282,8.04617307599192975485476424593e-22
62998,49635.177821868019470025752717,38.6502705621587109966634738063,1.03156758211515895944094022105e-22
62999,49635.6874369916557873691643402,32.4371765866592806873221311178,3.94512296153352952306073106062e-22
63000,49636.2707788533538880086432564,97.9055774722601406829319762769,1.25068712709195169363487614896e-22
63001,49637.4222814249207906874509068,8.84560451526787985182022798189,6.34468571363564448389893220711e-22
63002,49637.5137002895887843103968757,9.67406939414541269024399228571,5.43621558371232520033049693865e-22
63003,49638.9636918132330396905357698,389.752089458546085989442417891,7.96168888867479266975634745943e-21
63004,49639.7573935246486290582567117,31.4827786305997872746984916041,2.07277671398185529996429368621e-21
63005,49640.169084784583208006046115,14.1449788639492300132843033314,1.33152612107327783062380679276e-22
63006,49640.7676761366114466449405569,15.4927018740437257633790167696,4.81762922438484331243444672945e-22
63007,49641.2241970959679994535616476,35.8442834399655420219645260269,1.326774459758488069313396515e-21
63008,49642.3333674919841726653357744,56.906659812754318888095176762,2.23294246903752648083680538684e-22
63009,49642.773400772533923898648576,49.5139115468601481271796279359,4.23286647739870039343133416555e-22
63010,49643.7251051236611134811027487,48.4275975537885032929683318478,4.33916869202370410724393908878e-22
63011,49644.292588948830681831993584,24.7120137631357980447346751279,2.07539600827035717299082904126e-22
63012,49644.9004787438421529094985438,26.1752700358543614887922771058,1.88026031071423857824958268142e-23
63013,49645.6830365640933696399470908,6.00667053462856687478699631733,8.874817084162463188108394484e-22
63014,49645.880414092977865680895337,7.98274147323505318984726707411,6.26406477686863680263196450537e-22
63015,49646.7525235757325894021289721,388.963591754112353558933832034,1.99139352457246079923540415587e-21
63016,49647.9545976745580094979315139,502.212669431638624421371396616,8.85383326534358568279190222859e-21
63017,49648.6090518292728579251942481,233.725263457058009650099528077,4.25683452463143658827756741976e-21
63018,49649.467895006902667784599548,68.9498472915289640336915480154,1.2957756935568676701815015768e-21
63019,49649.9883611375863858517030201,35.9512264239697196579228573283,1.90568717448780752191633222935e-21
63020,49650.687595846069043290641546,29.4143192594294728782279684741,2.11357646218422718192746937292e-22
63021,49651.2793535960819473166950425,28.7657079041185122943330127897,6.96493631578673196817504846742e-23
63022,49652.0938171186352885787536653,16.5667081337812207071004144358,2.97511431881077243037183833864e-22
63023,49652.6138183106093297013770175,9.30908614574022263057410028559,1.12088721763813044866138285759e-21
63024,49653.229099293292588397785894,3.03732653300604939794232312179,2.86279942576056014090985687888e-22
63025,49653.3953196002142785073236099,5.57680688940953267089696543641,2.85354475398694763051919000299e-22
63026,49655.0927272275222501095960648,93.5894019787283341854953640108,1.41765233401205896959486393875e-21
63027,49655.5140688313978849900157256,26.0921002904239460822125612117,6.85667112773765711349764235058e-22
63028,49655.9052148743022952024981489,56.2793351710447961639260923279,3.05294608557718726046843794301e-21
63029,49657.1014389703685597505406242,69.6062695082552281560428199946,2.4847932363653453048638547901e-21
63030,49657.4546499681821171720570135,58.6823104653417721236512094848,1.16090404917954678483717568078e-21
63031,49658.3535796462839154708315898,154.333829299616698183178437055,1.36718506659755808351963395639e-21
63032,49659.1660580523961588409317873,53.0808372023448908226399519046,2.71350842548456925886486612163e-21
63033,49659.6286079421824847989976977,47.6045555027913725209946421256,6.94553501302458458589397234971e-22
63034,49660.484602643709295130365655,69.7492418210963690798281745572,2.11119001840747513308602799171e-21
63035,49661.3057562090257591044993284,9.99711162233825558260574669358,6.36638686834461110817558633391e-22
63036,49661.5940795041472832156167217,9.52571441456307958183430953202,1.20029719814584813413555301602e-21
63037,49662.4647757574425323702412716,33.3785463996609086117008379301,1.50076252516979352918800393506e-21
63038,49663.1008573953375389667713273,22.8043239407941822409695041032,1.04800292420743844530718152103e-21
63039,49663.6325653159086929488190604,30.1818540936949243941677235493,1.20352220543917871489638729747e-21
63040,49664.2322045807879605127596641,105.489558662781776337123134674,6.67680529123390563574865893617e-22
63041,49665.0570091917546133659420017,554.976409723995122054992061542,1.06788752747043941694352005012e-21
63042,49666.0974750079503913441301842,782.448250318944658435539532816,9.79453241918433481459100272265e-21
63043,49667.0281739076168572201969683,164.406620388535187927893511897,8.18152033486948095251236684239e-23
63044,49667.674242415940024131234075,37.6992203682535157409676036994,4.50592902808604553373885244405e-23
63045,49668.3368184309345920408709991,7.14557768122938456144427551336,2.55184729600098598562824679674e-23
63046,49668.7149572329181147150530704,5.2923773746212502579538015113,8.88987296730769555630588492344e-22
63047,49669.2558777521435856572014479,17.4405876013502211111033496124,8.66679501224965378870684084261e-22
63048,49670.0051622572025849954801205,70.2454734212299197793509073059,8.1927681585075468383216909762e-22
63049,49670.8144330640988358763078191,132.886808859061445948196497182,1.13036714623567673246150223398e-21
63050,49671.785973351668237828760109,31.8288510117196556858190026912,9.58515505563014562768017014474e-23
63051,49672.2410941341556906082264761,11.0534917443145257334611494191,1.11355703898202882547749911613e-21
63052,49672.618595387334275169804482,24.3039358883412582632734200655,8.14579737209769687436262098974e-22
63053,49673.5208519127555286266743579,225.616497193214382846961866354,4.03677177239373590905406870071e-21
63054,49674.395755569554148569090775,270.442220382431250582239351546,4.05024275486633139560136415451e-21
63055,49675.238582594151067201299412,80.8733313971684118972193424417,1.03034510921221790927960783485e-21
63056,49675.6609353992144057526551079,77.5981128958641943026063216764,8.82094931962988075725234551404e-22
63057,49676.5298524825195769865361778,181.200161579104420939125629507,3.15012736366313587166425846017e-21
63058,49677.2882635702287079727474204,137.064693048122494560988675716,2.24116479884995972809526933746e-21
63059,49678.0284362762161687490235779,94.4907799932054257901614544654,9.40869396357304962414880420497e-22
63060,49678.973781567640644923891767,6.59020446931635311279517571894,1.08508256507508999517942634144e-21
63061,49679.2840325748011870084913374,3.10374195133471225908729513861,3.93839791125401898292229161533e-22
63062,49679.7856126314010464596737396,7.87123504934119813536949076334,6.37060456991278833314184334979e-22
63063,49680.4192703324951125670873421,29.9459111942545983344633835606,1.55981220026236764484194889044e-21
63064,49681.2904790474942943062843355,40.7551306426547444642668179345,1.31658414814804103848766083757e-21
63065,49681.7255209269725806898716493,60.1627436112417974748868435503,4.98111944414345987781403786077e-22
63066,49682.5139431765833370714356248,433.082104436404196340213431318,4.17977525217651827287455479832e-21
63067,49683.62344216680510557560297,623.371207705738564583064282307,5.84653463027890966059747646476e-21
63068,49684.5812317127473673873247272,37.742588191161681801598688046,1.66505412094605379273964990387e-21
63069,49684.9153932274195482397459793,19.3684947507790689474290947766,1.54412116871091147784398736161e-21
63070,49685.4705930923125396592097714,61.444917038005648610982866975,1.21296682353824129064910435526e-22
63071,49686.5848721134246230588823348,28.4991490955986236941658053641,1.99197926366583626648176034538e-21
63072,49686.990207907805630626702132,14.430522303379828207027588111,1.52774822624714132164053030453e-21
63073,49687.6104248433432618034570178,22.4701583153494346718555296467,1.11318211813485274214215412515e-21
63074,49688.1809371913839535457805943,49.6813899102833069130999970518,2.96040053774761629137141620412e-21
63075,49689.0987311297653223925986871,91.9393600109911024836544683508,1.42886250118051741543555866093e-21
63076,49689.7800089893806594908170718,65.3719559502042791909298848257,8.06737948196883433007753160312e-22
63077,49690.4881885762565223623689429,50.3787473573077859925035709225,1.65853638681684787558419063468e-21
63078,49691.192640374587053174114977,24.1797436962933362937155841881,5.33867581834276132341138019739e-22
63079,49691.663306377552234921682345,21.9591078525198796363820889772,1.05793569418749853712828078074e-21
63080,49692.1555783699433459317793355,88.2396779097098111856206401228,3.27975232265976555053443949782e-21
63081,49693.1533411545001121933514914,928.487024415286352786163432134,1.4703213529537302875864194424e-21
63082,49694.4046102365865287424509865,205.101249462176167172300061687,9.17991563976285958766606277361e-23
63083,49695.0429959577493948528374559,17.95647271390517026611500702,3.49691843178527779030087209129e-23
63084,49695.3998110928839825784111488,12.9625655876194010095225033942,1.4243816579166221168595816394e-21
63085,49696.0540095434525969717166303,37.3045529056566949213731266337,1.58533450178993427331112975629e-21
63086,49696.9820275531091515602273766,16.9648917529950985923115069375,1.10256581549705000931432961087e-21
63087,49697.4239301409695531926804983,9.86786601219069554106626803715,1.2535049705681020596620516659e-21
63088,49697.9923017058108479105416907,19.7038017694847213766866202369,1.3209907920677180897521523953e-21
63089,49698.6821086167314730245274745,48.6363513755542744163926922089,1.52757040632451468794059033692e-21
63090,49699.4018827566467418596560027,90.9823319961608963363346662331,2.72923405839511360030596952529e-21
63091,49700.0988118031127451289652391,164.528891738681439780709916467,3.18772505641451940168167537096e-22
63092,49700.8557516741526112931192,344.078948344664643674607954853,2.16256007285417327505810660144e-22
63093,49701.8356004630579280861359445,234.973285583741169736894768143,2.33134162373881757205239362377e-21
63094,49702.4225782127913691201533501,163.720797754009927047118100533,6.3762558018253695666626648928e-22
63095,49703.4559796708953086152619378,18.5584480912217132398593847066,3.73029670935896702420556295347e-22
63096,49703.7812954988850493555342004,8.75576391620367477175016668246,1.24013058454545928425811951145e-21
63097,49704.2536806003917319441710495,28.5876301078611373056427025421,2.90794481719343827129563819431e-22
63098,49705.0984523965560278161715367,166.266684114453134235674573447,5.38583186243410306564975017878e-21
63099,49706.1500336433804405229807177,66.7269911562969695348544499977,3.22583916358967262924842433544e-21
63100,49706.6962743158226257348510316,24.9106492493090027823694093052,1.83332292273472530640246491585e-21
63101,49707.371886449957835916646079,11.5730771577094101341645654623,1.0216686157432711466185353562e-21
63102,49707.8398096727147703662998073,10.4255621379440558206671940095,7.36042235068134698664813548801e-22
63103,49708.4583895713210858516087803,20.6792357261031857955565453992,1.22640818493916293250436709512e-21
63104,49708.9738195655716687022721544,68.9292609604336945540413061908,2.42426341528628989211781619996e-21
63105,49710.056008611973110449695229,243.216815784771497736174816913,2.86875002998601677854851041458e-21
63106,49710.6456564559041144366121114,251.803509474975358585874495725,5.766579754681230147473488439e-21
63107,49711.4757826477579673919509463,467.727903041756977748376616977,1.97614402312173933932235931571e-21
63108,49712.3836763907402914809316647,320.148029485836134336513798274,4.8743111590308397318467498396e-21
63109,49713.2895363496013015182068171,35.4972645959423407978835895807,1.72777058862605455583562132222e-21
63110,49713.7348667750170375440423255,13.9811335546252066260734008716,9.03506628106510454469951129733e-22
63111,49714.4123894163086173125667628,6.28277199533045751972021741645,9.94808137422553137645661767184e-22
63112,49714.7611341326178634990727201,8.23522948095576267735633925702,2.0085865670630240274340617728e-23
63113,49715.6965552996846273743346504,10.9441986024880011131660619605,7.43027640915443435698694691999e-22
63114,49715.9638623581236031271383644,15.7524520322312567633049699655,4.4374661738025980133730904922e-22
63115,49717.1695719448394058761736668,68.5653210293159445393989331942,1.61680319831290816083194954884e-21
63116,49717.5641732652621202112248271,69.045074189471019473393734751,2.34089926326019905381235654749e-21
63117,49718.6526297987565617270565886,53.1787813805296470262110327595,1.45315613311893284882005425725e-22
63118,49719.0692648001885985975473747,30.4039509744078266090245450444,5.2062101258530432926262054243e-22
63119,49719.57286346703081207057105,105.572701254712704970159262233,3.50900619040359545586509552919e-21
63120,49720.7784361657735238584115121,192.179022172863418319523744758,3.96440056296674887469467276067e-21
63121,49721.4057696687941548820515691,48.6179365312073346693058399488,1.71054115568855298818942431322e-21
63122,49721.7958711296186951616418097,72.081954031152489016217193917,1.04467803112327013816729163442e-21
63123,49723.034891142103230942163896,62.7718863704102755618649473651,2.4748127757244669121114826179e-21
63124,49723.5599935695783890925272072,14.9788826871867800897590348835,1.03592233947123316007305250651e-21
63125,49724.034833001333650924461677,13.7907064466731938712547954419,1.09057239865253658885228500504e-21
63126,49724.6059522885098020273413704,39.8293125749409199214590822243,1.03972906851094564034588289639e-21
63127,49725.742656702710032479442552,14.1780301619276291933185322213,1.51052730472707458736281178183e-21
63128,49726.129573958546303573096742,5.48006754366468432261667658543,8.28708719480530611509191594265e-22
63129,49726.5904050190892300805971272,10.3308371737129541577639245547,6.28569611985270090727612294623e-22
63130,49727.1900454658179376794465732,46.657765855371799385604256021,8.01332493397287811211107611723e-22
63131,49727.8305872281979090952279254,343.091321515817366244418997877,5.33515257994771558885000305987e-21
63132,49729.2539331653723951309223996,699.710762087192486443393591671,4.03126842418838032629935800593e-21
63133,49730.0124538733200870421634519,107.352493523938854116339161751,8.79149907285622471169895130296e-24
63134,49730.6614867109864829795047525,16.7259925163620189651074346087,1.42048518675148506184808620133e-21
63135,49731.0188463767809635304192108,16.0091183825110508482640675477,7.2457721615653722970526000776e-22
63136,49731.8737071799480026437936979,23.9367533327256116222403174917,3.67170871411808114096048094859e-22
63137,49732.3028075517640398620848565,30.8746295864291954385773041177,3.54896946812633172045432706459e-23
63138,49733.2698582212257632303430704,56.2225790706765167642525582309,2.63940483659364460861479343669e-21
63139,49733.9157661232047807566449922,21.370770466280998233659987701,8.70041254626889496294424319559e-22
63140,49734.3277956066158013267670859,32.710216795123866020092434592,2.97516018452229834977235508598e-23
63141,49735.3712654081094167226917691,55.2553862502477736258103037175,1.34496321786314822693432062642e-21
63142,49735.8636867184812322031934549,40.9851001804435318933821868633,2.80807483401927990958336550727e-22
63143,49736.5608335783407376456825028,73.638207814718075698337342772,2.42326598513489963914434263953e-21
63144,49737.293616812858048477695607,79.2381673202806058693569284425,8.76367781186736233866205836079e-22
63145,49737.8012952814071689534091962,159.043314610848167592905334065,1.22432039996995467302768541648e-21
63146,49739.061033368955551851662333,54.6531419888810835025716745532,1.291439099384476017936583074e-21
63147,49739.3009243980717834007116333,49.900268431108686833034072993,1.02296430420417710396445341466e-22
63148,49740.3680643284715713321497002,212.380792530788273926594335629,1.9508728711608046276098573587e-21
63149,49741.1130398327636526678141339,81.0198472804606384074324595122,1.42395979260553430214250876567e-21
63150,49741.9730486442305640133619463,3.44494974730448916462793395804,1.36525852856071906632658031417e-22
63151,49742.1785394822798013199844764,2.78125935172652568055554904615,5.51244470881395958782365025492e-22
63152,49743.0014082788650439417836884,8.49538228856332684800394290339,6.27037298860498688385286373616e-22
63153,49743.4558674090501476031474116,7.76020425255671563371787484228,2.54544958562445052955872861235e-22
63154,49743.9207896345169097848376949,33.0514950232688743700423461768,2.29134723161712132694081846217e-21
63155,49745.0961573836583453289115593,131.120896362452537981779517157,2.96645255699681724580081370639e-21
63156,49745.5882162346095494013553903,127.74121278075058565321914906,3.9765612525836995455017742629e-21
63157,49746.4790601849742774690929367,209.181268684914775127126996953,1.60497652201450840931524354538e-21
63158,49747.0841330026006443588648646,254.814813499588801774687371192,2.23193183599141639425075887037e-21
63159,49748.0457653396405374918183776,275.424856047011113109890722945,3.44103275134330757383725668705e-21
63160,49748.9319058466058011200649445,28.1047083016425355455653801739,9.04098726258582856454808752594e-22
63161,49749.286310106867769497113976,17.8718617190354441779953841377,5.53298365734097843612513634416e-22
63162,49750.0672828675976171808609885,19.3225449581184504204740809788,6.76444783685379401364471845299e-22
63163,49750.5161794050013669841719293,21.0672185832581318972588230519,1.13574747978786963521796875091e-21
63164,49751.1346938597917635478167312,98.3926212307072074956176363464,2.69462762314130890747623686413e-21
63165,49752.5022823079450635796712512,17.1853071193482243828868816548,8.26752527744171227699165800491e-22
63166,49752.8373013849082090878478625,5.59929966534271850328327430977,5.03386587446430619074821165327e-22
63167,49753.2817200033612123346600294,11.2972004561225783130815207359,7.03938785008751058001013207011e-22
63168,49754.0345691939728944117763626,32.6188684032811060157522311186,2.0042321764422616878934914018e-21
63169,49754.6054668467263848678275084,63.0312940831117204449901535131,2.75324475985751557195939222521e-22
63170,49755.5147873518634854439498783,58.4855697609450666512088865506,1.43516824105370666573490571225e-21
63171,49755.8065873837897760045091917,100.243432393631760154104501165,3.29682952488541199510806441671e-21
63172,49757.3942900876643566719106319,257.637587606040696133904084035,3.13721139125717154095661756638e-21
63173,49757.9321519825092219271378389,57.3873951580976741600644596346,2.5011903904053772646865691728e-21
63174,49758.5063273902657822087427174,39.5443523274971771399050763246,2.18379561203055493420692500476e-21
63175,49759.2392113075327933348674366,22.9518839661988975428240862741,8.52552543495041593065653919702e-22
63176,49759.758578387772680745798166,19.2979928332249749762452711643,2.21970731612210028267288451817e-22
63177,49760.431977952894811432573138,31.0982989913351610356875510878,1.22935574263735045417775825326e-21
63178,49761.2314216861818712793762373,17.5560872344844106336542403,1.48774896457393596116768967857e-21
63179,49761.6681006433595582792304903,17.0718164091981636863398780025,4.5703385093199445883107299355e-22
63180,49762.3015374289955047539725587,65.4072824056824369893262985947,3.32587922828124932565110554112e-22
63181,49763.2379562865606221373037344,95.1746512127019167274902879039,2.73481577848103023979701399107e-21
63182,49763.6879550767463761862346898,144.004423910013818736063388024,9.96554919738509135714261459909e-23
63183,49764.8324830702465511612294,301.318333171182634446524889334,4.55515543751037125486132777504e-21
63184,49765.6556768373289409469006926,30.6896492445729005700409732046,4.49387701278984277167742694666e-22
63185,49766.0245943863351195903871969,16.5899203143643554531149026646,1.55671780669791463930798100864e-21
63186,49766.485542090996287427784211,62.100688704692426622788745282,1.70627819460135516155502378384e-21
63187,49767.699983744821598754277003,136.759551780399422720381181788,5.47870837379646586963379650805e-22
63188,49768.236803926767535813478873,77.9419091725598268270457746919,1.94285287858544437574241216685e-21
63189,49769.0851246043467058311304772,38.5582894819201140567033143414,2.10925281815442211839894684086e-21
63190,49769.5974086781718959172934828,25.9333284848941307168365586738,3.29209176063329813969362913417e-23
63191,49770.4056530243220453553197109,11.09836995423116240952942361,3.92918417703029118290451368915e-22
63192,49770.7608119449008981710761711,11.7253165744260004127136256778,7.08109548092835449239640157929e-22
63193,49771.5598529145686602773377256,43.2641538401219259349168251167,1.24067459839328611875110137675e-21
63194,49772.2474056650483725362681943,49.2485031651963294544305555182,1.25266736028761356246947189645e-21
63195,49772.9788569852270223059931088,18.7380726316078775446104255584,2.01038562421652979880698515165e-22
63196,49773.2085730708154994026478305,33.0572844550428602677082751193,3.49670717946235409748125112848e-22
63197,49774.6366014728309637837123578,730.018181015718023401260321055,9.10897139311981167192246670315e-21
63198,49775.3756780149057899447765237,269.577206841319633423124496128,3.75085668950513316501314443781e-21
63199,49776.223866996873910147461029,46.5493081330781410966815945223,2.21637713169699144453210716033e-21
63200,49776.6841850981054288905544449,24.3561149313144830032361326049,1.80653781607601656271088996442e-21
63201,49777.4453831234162386037910765,12.706670398761279910074389337,1.03015130771843130892998449423e-21
63202,49777.8705799505620909483310792,11.8278329017553304307421410362,2.22190862915657473869909090813e-22
63203,49778.6265773512202667007337934,16.3126961605019356437072524349,8.66539495795323886884861151087e-22
63204,49779.0260721481127512705989781,30.5864433484023959373063256973,6.48154799449234206899155265313e-22
63205,49780.0285020659829594607780413,196.600694815091984517271009298,4.58484020039120351714841498285e-21
63206,49780.9854363013908682386974919,50.4835664544831223137417109881,2.60513854134312432915423460744e-21
63207,49781.5711203588046574466642051,6.17588482503381454555515806764,8.19610444091636154644412671867e-22
63208,49781.8163226163614978199767337,7.83000665241975780062723228921,4.5615801078332076228521772221e-22
63209,49782.5445284139792116268517847,152.329681370448145994889242204,1.42421820071326258584936375482e-22
63210,49783.5859154513273764428129918,489.284300424613116194622771132,8.65094219725053472794726591413e-21
63211,49784.5327873540198978899517199,101.361223466128220943485746863,6.66865699653415519804871172616e-22
63212,49784.9752082676042638844806894,64.2311208600099166401328411857,2.61963798921809713361848239002e-21
63213,49785.7239872210716896910746017,98.1185853997253752962987918381,3.55881863407244876655426268099e-21
63214,49786.3987844673570772387398007,121.863210217640046435300338053,1.54818027352415764931862891805e-21
63215,49787.5167560239906656097874426,5.84010708333359472830607880003,8.35259190423595954870080725065e-22
63216,49787.7273918487482278315981647,3.95234267185634630594451581249,3.98144507840955580710870104183e-23
63217,49788.4388623533076082584518254,16.6351997994262294640567185678,5.3360659434699565896036053363e-22
63218,49789.1696132044087441594479186,9.33317335573937721361687238169,1.16439677309772589011267875977e-22
63219,49789.5821047770201909728002011,9.54873417495976242482907636772,1.11455996813429805982625804986e-22
63220,49790.0945984890323733682394114,52.6491425281346249761532695135,1.71584144576787450616649801905e-21
63221,49791.0939773352625778129650176,552.212387030405460357120459839,9.30289137430676230649075387132e-21
63222,49792.1515106588416421724557746,246.333547728242128574391485175,1.24646318923067731688320849862e-21
63223,49792.6295398200326164209525155,195.508354430828732716219571597,1.87122014245226676930434450183e-21
63224,49793.6885439092979274633918585,95.1694867699858416498605053498,3.03706553971533868598402170729e-21
63225,49794.2578444258435854729852614,24.7771225485641270555841713799,8.24331274410152041610309683749e-22
63226,49794.7412534568005768803986665,23.8635680705213555206906532792,1.05690647131950474919773537439e-21
63227,49795.4475255374238270024786043,40.0264609839394943606290223531,1.53634774540504683609592897123e-21
63228,49796.046777822018657229254093,71.5047556635539600124891180917,3.28144508812854614047579436079e-21
63229,49797.0885408539884584293575037,37.3935841606201511444684353177,1.82044646156997886500531403741e-22
63230,49797.5935724467486396455337995,12.2942701639147280350164529608,1.45079244517392153104532022866e-21
63231,49797.9886817346935830370548398,23.2018792546354429421009828303,4.81678586436309497247598712001e-22
63232,49798.9797986265362167549935968,90.3662198374789970186594088782,3.42817813312796217407212733463e-21
63233,49799.7521234823724739572096941,22.6669908222549854267680427287,1.46042265690550769228269038318e-21
63234,49800.1056545558316317858151704,24.1766531744074194624420550193,5.00779612034313112679306164461e-22
63235,49800.8708810633615523931151605,122.953020935587213847950158665,1.82776532043019012071211697741e-21
63236,49801.5968501688624039668145199,275.206638932394341899006940095,5.50928080101900515452787647241e-21
63237,49802.3788603589689308011499438,677.472049268571838861977760983,2.09747386353122358737886199289e-21
63238,49803.6307348368886013029819311,140.251645471993852419277024608,2.76456186791264069119964145521e-21
63239,49804.2044319114157976185794364,22.2142256575419103551358433268,4.23349151033165924864313976595e-22
63240,49804.7704020490483129587723441,6.62633410695350056245323916238,6.6619711893773011607502282638e-22
63241,49805.2022282118800333576002523,5.94072920154645230553165095582,5.79629298826684767385581038139e-22
63242,49805.7297887785888876215465346,19.7511781285959271041545664747,8.77212354504378630171726133903e-22
63243,49806.663323233751355062724609,46.71546146618095043105138181,1.33141432529120378315335731663e-21
63244,49807.2836872880006599332648035,34.7123951475381298672401211662,2.19918378860834899186574322621e-21
63245,49807.9150748762411522811288311,38.8734943097496769632149201238,1.59869683810907501692440228761e-21
63246,49808.4476354994319140491945173,94.6991602388871378117017613524,3.15254599426084026145583859984e-21
63247,49809.4473772327104225898953111,270.419475743645476817763523282,1.49636617477161542718554915008e-21
63248,49810.1206228297286841546401546,260.957472738742144137763872078,4.06641040468444883271324961574e-21
63249,49810.9844445389066728682024619,219.269218322130059512165250632,1.6820091245939741984832401863e-21
63250,49811.7144882882501134474471725,109.673094122578187310625057523,1.23111790314985327322250630942e-21
63251,49812.4790397725785000310720505,25.784556066016279552443484511,5.12984582057850954208779100848e-22
63252,49812.8632306186729342802995768,23.1685102245689747233570140861,2.73606174300933407968926557786e-22
63253,49813.5803749496989116271894467,81.3931342402525289152566544996,3.36577323081482752693608518222e-21
63254,49814.3992477356857753697412233,123.985844957443886332267071007,2.85389938278925586000301560148e-21
63255,49815.2811897188773384111581547,40.9670350220236837700286724642,1.88976509597728477169711328615e-21
63256,49815.7726745301981904678602305,25.9343574623442487157229313777,1.38864626784008004755101494843e-21
63257,49816.5851368615023842682232329,13.5674366642219532759965109997,1.09387584537698918482501418513e-22
63258,49817.074776812192280731448247,6.32947384206646686040759348328,5.6770177169196585590946776389e-23
63259,49817.4771062678864463675696429,12.9080967305624468505472736289,1.02168196329219832290802910441e-21
63260,49818.1529764389402228579410158,130.039217514369332989412195908,1.14974018021334122159322084356e-21
63261,49819.1312697740829651412677014,731.628972974164298841274696975,4.61731224552936116589232379984e-21
63262,49820.1306327268687447918481137,519.631039092817366259636647053,5.1157293834287617472327104407e-21
63263,49820.9323092436365315448863232,136.004176109750123190979862238,2.50498566546240207589053032828e-22
63264,49821.6680223265357816383982639,8.84585586164711441840296627545,5.76043596414142808012411678734e-22
63265,49821.8560089372711284464289545,10.0666147803486196118152508718,2.25946260568393721863574736848e-22
63266,49823.189876299809904516973266,14.4413932461875953121671349855,8.51673630535679857024818727064e-22
63267,49823.6296800031240787867361304,2.19374194888428017887785831347,3.55731351319809352707399493115e-22
63268,49823.9536301887871485881845349,2.30823312068003403135675391493,3.13576042554387295754378337628e-22
63269,49824.4117885169170452732397325,16.612875749411220239936444415,2.35779646513562436944170153661e-22
63270,49825.540749224470141521843289,123.974179948912686712275971888,1.17583366375039387408843046018e-21
63271,49826.1282419305017346434916938,131.712359115965483205232977106,1.54846275203575015854190800308e-21
63272,49827.2417422491098014513452344,5.66692473970764567543494173403,9.40800720886839517006938223889e-22
63273,49827.3629341119338366726693498,5.38519717233614231433991914819,7.8008106747382622718349774867e-22
63274,49828.2621124091896653394811259,157.23180683201323734591812763,2.49617944628092957289857230836e-21
63275,49829.0653438981999299825496,166.685806209474477115274219543,2.41648851748602250095986081661e-21
63276,49829.7087784532299805908675709,194.286789049019607563467602266,5.54548607228386081840385246994e-21
63277,49830.6224567242954477018403671,141.935135735578240930747014636,1.75062534371309782252190237227e-21
63278,49831.1904243954283602089968498,114.938829151298237194256777496,1.05812861891666874415439060024e-21
63279,49832.2427330854230311685163804,10.8959380056922344797249294304,8.03937942399498755025077544209e-22
63280,49832.4682977324291374171419621,8.90616800609707423002710677843,6.67581801411024705499187931485e-22
63281,49833.4287743026561212872684573,17.8817471087454894234189215486,7.24872810611661644980467732912e-24
63282,49833.8942214290563587203887061,11.5677849382252119113643108324,5.07464613472927663523378650333e-22
63283,49834.4920077900504802243280702,20.9852900186061345584891960363,1.22832464083661652703287270486e-21
63284,49835.1207438160680915533338481,53.830605173427199231560662324,2.9741010535965082395693554364e-21
63285,49836.0757278599704493949534469,36.4890363697662478020559769291,1.02177480988353158993689486064e-22
63286,49836.4434704629443649261339345,35.2054020803090128207825733977,1.99248510688763251534194930968e-21
63287,49837.0139404532932926719618393,288.784968267254355454018161315,2.71869172098815608362638301998e-22
63288,49838.6423865276764788433008272,251.377092340970571846077997865,4.70232610710120863958771511751e-21
63289,49839.2530720633208632382369606,19.8393751095611402281182285856,6.00390693093017483589741582594e-22
63290,49839.6379249556886319180549965,11.7034217349826572372693246953,1.34909323051053286822924323498e-21
63291,49840.251273865006100074206946,20.5299511261885061233791880382,1.87633987359945753090187892998e-21
63292,49840.9139356545260750825367215,27.8253874272162268222538868591,5.3667855807037175931312336202e-22
63293,49841.5135868114723412929871194,47.7451415401597271251214579418,1.79348488244203623782675127498e-21
63294,49842.2789589900301617019281549,111.566315117085071460923429162,2.69805525725001638627270256318e-21
63295,49843.225356626366299924560094,58.5027156403092468537999822317,2.47819681493024224718311822888e-22
63296,49843.9000626680168198342997179,6.53861332833987020127639101748,5.74415467919443744512497706844e-22
63297,49844.1423371571279166720178825,7.58984039558494353613875389599,9.47352017892269161789062879739e-22
63298,49844.9651689001590510766799808,96.7879503366919167490527172694,1.86567749862211715333513817571e-21
63299,49845.8365884048228408312487058,102.192217136995579557969830211,3.55741055499569424406977477741e-21
63300,49846.354490734289713324798753,131.502299672891667930487953268,2.52592679542412268590402433252e-21
63301,49847.2996285274997820027162045,197.295251410656985190198174546,2.38745400116754230501195042557e-21
63302,49847.8437340119332683429622169,239.052465005094426628205773511,4.11154870931237361111527157839e-21
63303,49848.9040030639948779292939793,232.429434770252937725478258304,3.61014559987535985676496692457e-21
63304,49849.7543272379998524358206697,8.57241854334626221672942938485,4.22653767404706616786403177775e-22
63305,49849.9471135455312167177999416,7.89784309669718062537197184921,9.71114330999766294697508042345e-22
63306,49851.0671960731854693871486369,9.99509211780110100188276392792,4.78140770715473894937000584088e-22
63307,49851.4123471489064271184281468,5.65244968263888443493106762524,2.97640728386292890188240464806e-22
63308,49852.0071483914487549972928442,13.5087403145969552510283329888,9.62611082064357432427181513033e-22
63309,49852.7518024979682352467421517,10.9180775952400044948350890847,6.36354890684204704076691652351e-22
63310,49853.0591090255528306196906474,20.2017981643166903000921141266,6.24696085551647386041378439159e-22
63311,49854.0761516927913217734721839,399.294292530581867845984487576,2.78824557611337444378663305184e-21
63312,49855.0824620151620358733463188,242.483757545819151683709736105,5.42333009244124981531975266197e-21
63313,49855.6731941850306256887723986,139.04709599224809483938966565,2.99154628781892704863600496588e-21
63314,49856.3797710092266459028687966,151.426855362820408069938477561,1.78398910909655439822933330223e-21
63315,49857.1372641811823910222996542,135.683946546471955160395245847,3.03800323192060112493297620259e-21
63316,49857.8776642746403742435650597,90.6331818396399885598146494341,1.44158685463997114468395194241e-21
63317,49858.6390847690616534800149236,30.5651836150545337893968048568,1.88760755919505362911675381793e-21
63318,49859.1087870809230024117682117,24.0293663908879595085224343945,1.45077607250414990636230234837e-23
63319,49859.7855268277119473722319265,46.3860220135346974486815229524,2.19901086990735475638455534092e-21
63320,49860.4829260583571232464644523,76.7653789164015585351734975259,3.52157616030381744303182555686e-21
63321,49861.2934231655032869816362284,87.6155063373454846700336338845,2.650950308972679513871225736e-21
63322,49862.1683296577610454464113207,15.2141821816712545390240110893,1.2167902377462039706849072675e-21
63323,49862.5391642702377057768219114,9.6622617931278604472034541955,1.10888459762119354802560560016e-21
63324,49863.1767845611625136857667163,18.2090164815263007719214586271,1.21941515341120511971536212002e-21
63325,49863.6769891943664994813586714,41.3665470048247195355586469772,9.38310226670886779507266832749e-22
63326,49864.3300006102595434997384338,340.316030601460668734176693728,4.97475635860244149811773899617e-21
63327,49865.9042171812346486103752089,61.3799090633366065349517298867,3.04503026160209026274404242334e-21
63328,49866.1124026398579081672283296,45.5088700737939211505749662244,4.85341420715092542574281715248e-22
63329,49867.1623597458074162217728092,93.4201364691496384175641077658,2.68449902920317596708808593824e-21
63330,49867.8962108812985815330642053,8.8699875189992274629530142921,1.15844595807266439735807571162e-21
63331,49868.2556050255050981336914187,4.7391421727139109803958166542,1.21378982802703567262304624772e-22
63332,49868.7226511158697621761650922,14.8739487221723468331581669756,1.32554868287714433731623256303e-21
63333,49869.6947627813425923456534676,32.7920704864106834716616679565,4.84694261332537885719754250081e-22
63334,49870.2029129497415885722656548,29.8533737849904773239407406837,1.47213817666418773651615297482e-21
63335,49870.9429689183332883084144071,46.3605920805002088591313721037,9.90620143049512642906256892453e-22
63336,49871.4868564056822198545085292,88.469652805371960876955158639,1.54421979527582282413139954763e-21
63337,49872.6555816504273156687145285,5.62084992766488919747788374039,2.7868255045810283475987422145e-23
63338,49872.7482746941156383789877146,5.81967371393152430823452070905,5.11844114932383319182387240844e-23
63339,49873.8871237580817614302600074,363.400191842667640548779342646,2.07262610902163750531615720801e-22
63340,49874.7708676380261369182670617,115.532807404049337152122750593,3.90648123134447125452484927363e-21
63341,49875.4230929324562009097665424,23.716584722072194110498400922,1.47848875085950236132408500253e-21
63342,49875.8142225915428124426813197,22.2652597631055070175452435833,1.16947353359236227531912900316e-21
63343,49876.3972725736177261057843847,119.342109621362812686506927916,2.03353711805061134402378600064e-22
63344,49877.7557171725564678296843823,66.6808110616774462877410890183,2.73532299634445171518901441463e-21
63345,49878.2492100573824697193228356,16.9732886776796991208862945854,1.46291384810000824900735141096e-21
63346,49878.8476180506062734993176141,8.84470252220830887643594537294,9.88406072877559944457102201692e-22
63347,49879.4046559484253341441015012,4.30817077780437640919790136176,3.49120704929516936632737757896e-22
63348,49879.7137999803000327469192632,9.25257221405310618129577950541,1.19809772735162618343946917158e-21
63349,49881.0044622829019284617803269,6.65941692861199636050986913488,5.75670703230215910888887710791e-22
63350,49881.161591880577887538816878,6.30311720591246988943958551484,5.34868252076313337029203696776e-22
63351,49881.9025880939451467382699624,191.18240951652489276169542094,2.61659448367849318448605642014e-22
63352,49882.9074485158349139483124215,682.560438205265289726534726706,1.28089080314029352481925474867e-21
63353,49883.8301420285426979883869532,347.441068268834732906299636525,5.59998301644910736515288856598e-21
63354,49884.5002902990376944092983136,190.12759785252659507487087139,5.30527614974328239054840981269e-21
63355,49885.5177734662131709206775692,10.634563932721258221185474092,6.54375758225937897182776915143e-23
63356,49885.8428024207097623805549398,3.58524040144840076427438126284,4.71720128453267753215293657843e-22
63357,49886.2266258553353643036757888,9.17410465622068590186852799172,1.26754509555860417033835514019e-21
63358,49887.1525937069592369672696976,36.796175051718368477438045509,1.30831075571266674456846473942e-21
63359,49887.7853378734025054931905957,23.054465352734973683681303161,1.18712613830548655449523536785e-21
63360,49888.2299357491967719797954213,46.8862605261395926346114722668,1.82003275863022383759634533558e-21
63361,49889.3296434049812663260097924,123.982656244268068932793720324,7.9888214233666801252585355314e-22
63362,49890.0292958274096142379481856,35.6901758081511905431170112993,6.57065826516119557867023817304e-22
63363,49890.4749396106192921495672103,37.0521379025029225080012462459,4.71734538771997557001404224279e-22
63364,49891.334028793466184933803424,39.6953175636192992088851260616,1.59508338815206187844783000515e-21
63365,49891.7044746271942391211933385,58.5078277445457942721609519169,2.75125774130725318445104772873e-21
63366,49892.6258743841471950531557976,490.236465977372077193294308247,1.46808769273782098883114221905e-21
63367,49893.6731983463943099602527056,300.315723173293667607422958093,7.3303328542136585088167649906e-21
63368,49894.4311052806815198206858099,50.559421561881370178598928145,1.61611263659324587525292181712e-21
63369,49894.8985162480494939952827883,30.5683968117082657454327368527,4.2255441254540039649963339486e-23
63370,49895.5692480428333577542385302,44.3195864362344814828118256152,1.87003902371085300185349953713e-21
63371,49896.2932039367952975990123539,47.7315161277532465992341598206,2.73803869327543041631659109276e-21
63372,49897.0916049742643462862775286,19.4021538489514671767072385329,1.78298499168482926100439408638e-21
63373,49897.5997692938670280174689027,11.7160092871057372046898206472,4.73099615861084745907847288179e-22
63374,49898.255203494229026816672727,8.11825160495258966318271163566,7.31630863895652429109899714448e-22
63375,49898.6128810693267583659240631,14.1979244987250897560212778443,1.42706813608143845972248844869e-21
63376,49899.3686028072604274018741873,181.520762158979397579976869072,5.55150722494165801191627116848e-21
63377,49900.3114142234549283387809207,778.124257107101999850347549663,3.56842867094141350951513002086e-21
63378,49901.3924346675734159159161827,367.609370628945743329009455438,1.97525405543248617458163478265e-21
63379,49902.2524846529445004377869864,5.35399975904485953220889959579,2.31015923720353034421908133068e-22
63380,49902.3814752267760357475517293,5.01653216986432151228026331056,6.99860411091257675665405892443e-22
63381,49903.3969529115058368297768025,41.3150837274685367048003725428,1.16309589927125823201056760214e-21
63382,49903.8635640225794097516440104,38.2210598315876832662482552024,1.74028711145095599727480863399e-22
63383,49904.7460819056813481984035851,35.3382419816803288624718122341,1.44902084818521360724922693182e-21
63384,49905.201919411590579889094502,36.1536236442483859634693949355,1.54599803301138913515021373679e-21
63385,49905.9897305627547626270895552,99.5029648620893489782127680812,3.57259155968740921479803108066e-21
63386,49906.996614344167125016060435,18.1186435990322898103288761445,1.10707476504093142092136181785e-21
63387,49907.371055671870743302377251,8.84207721000106700742489678786,9.23470730991881737929500441092e-22
63388,49907.8882216127787035103335756,21.0119250108520037697142298607,1.31961631836914353580042366096e-21
63389,49908.540943121248299674217316,97.4849080851047139287685454938,2.65215385627420661390835008744e-21
63390,49909.7080629457332179356207679,16.8911862702037011772528658172,9.85012051127111658693709472984e-22
63391,49909.8689645540572027980560871,17.3284928315556404544350982371,5.37037441839607871885303786843e-24
63392,49910.843757989155517362957955,474.466608624357425784517356972,2.45454396113410767924152346844e-21
63393,49911.7697546857795279310351563,479.526826828087228915734359074,2.48176140695597880440137235581e-21
63394,49912.7420460084684794281538599,61.30894854974832782209901856,1.40972775120180170746303317002e-21
63395,49913.2139649799120395942489216,22.8734786574361609038158984853,1.06698554835311066145646657447e-21
63396,49913.8833292534854618447972967,15.2600052553081291180097883355,5.55953099688576588456701510698e-23
63397,49914.529893541489856570047528,5.57332075271803211539274421778,5.03905304870136291301775968126e-22
63398,49914.9491232203818979225118144,4.65736071820577913177090932217,3.50496614711963514534183384699e-23
63399,49915.3896451377952085249997191,19.7118813787438533365461547163,1.07740977599837413668409446532e-21
63400,49916.4277310558309694916402192,193.398034132416432256129743116,3.27003917307598614287627646609e-21
63401,49917.4110408137334054028661049,24.9326372336890496804405050852,1.65519040370833891260168427741e-21
63402,49917.6764821149583132289721313,21.6537028304063029678205116343,3.65988329238222923859190831507e-22
63403,49918.3935034721042337855798292,191.821863530469652640363110042,4.79562055859477961467305053637e-21
63404,49919.3686263810622344431777875,425.35178139125626572350012073,6.84509508402855483576079110913e-21
63405,49920.3294069085310058448515997,72.8207405858636466991560327067,5.92867441140785989393924381711e-22
63406,49920.7532033324223113687070427,42.3723275864052229832323197019,1.89906413336519639927741718945e-21
63407,49921.5186508472697507003292689,41.9753343993313174737224653848,2.08590065579285349645861732848e-21
63408,49922.0244241390209256768939369,50.2028152797660054148793639881,1.07552996437814454945246392241e-21
63409,49922.830662971577199017171788,111.959291081101461257456212471,4.47697338810521938074638100474e-21
63410,49923.6927329716718586215419676,58.3955962308345732957044813688,5.65454640593196021488910315648e-22
63411,49924.276941669333394691010955,33.2033507201067540911494240682,4.30079976961137094209488003992e-22
63412,49924.9735636061535116417798273,24.7004696585441422197904245135,1.96394601931584841247525219724e-21
63413,49925.5903197457009621478857384,18.0417508979401476031004002365,1.27717079554123039553201891964e-21
63414,49926.2711936778319948229086568,5.67421383565740644312778127644,2.90440261854523089397505110061e-22
63415,49926.5033470734066853775220413,9.04862225325559537827632559931,1.03021605782151100096458560806e-21
63416,49927.4755689095537862019437246,299.16063283582039282089961162,4.41060153117751867310951934022e-21
63417,49928.2197761781164860403780297,882.7527177800521959430976384,9.48484071647721155590526896753e-21
63418,49929.7553306564952286585433398,30.1127526692811298035999480015,2.1195692892639125323894511456e-21
63419,49930.0656469618326197765705451,6.51407643656950244487661023066,8.14624072156163988943589131613e-22
63420,49930.402854986752037018111705,12.7915159670746257716084916672,3.1602686324343202299309267519e-22
63421,49931.3726648652596367645323414,34.3615091252307039416878388374,2.02910501551798386315525232802e-22
63422,49931.8701438202757631548840485,31.1068712786286369217414386316,1.15181151213398856094601169101e-21
63423,49932.7625610286233033617855548,18.8978612569319868091991863583,5.72510273481962167865052379004e-22
63424,49933.1870972768002206567790949,15.4014746151612793699085415068,1.25389502031712640761028622296e-21
63425,49933.9001594707348703742604006,28.4878060708180209682852296896,2.05229349674916759169621258814e-21
63426,49934.4056407680034191992090488,62.2404177431972632630466681441,2.94719413686140004178062159766e-21
63427,49935.3581720722238850992404771,246.050471522160352342902477266,5.1562084392617110033609880342e-21
63428,49936.2976314810730654614359783,72.3828547932525903378634886785,2.829242053253479039524740108e-21
63429,49936.8100942988308345322906498,26.671446912613022931619539957,2.00802219402843233139208299764e-21
63430,49937.2130163908688431400600936,55.3417121506885517139486182229,2.05331813713898447021850659068e-21
63431,49938.2522551079531817980538178,271.153509396126591094533589298,1.06568486552622027169356032341e-21
63432,49939.0453853025650830890858251,111.862392749644169404629327635,4.71050028962963661771011180908e-22
63433,49939.5254449684421661995663303,131.734278536276646103334760601,6.39846956292405031245983356819e-22
63434,49940.6953571900940917712441047,57.5957374883627181414611167468,2.56840833803361220453559191789e-21
63435,49941.2241635146238530386219567,12.1181851464305500133432192277,6.40533008995379478271483963679e-23
63436,49941.6511888509092518919133665,13.1358256950187608030746469541,1.51999559166077047266838315327e-22
63437,49942.4492128066525672474802287,19.0976206682330366366069225952,1.58727769468958338995337633025e-23
63438,49942.9563888655569753829031011,22.6926628042406991880145613074,4.95604079506635286378484907128e-22
63439,49943.8776906482782219084945725,6.89592254363423795244539513884,9.65000118129840165463275037537e-22
63440,49944.0893008662016413134670353,7.96104923846215869029065698357,9.87610691207696681354701602468e-22
63441,49944.9255370784767445561053401,187.282152330937354394213567556,2.00979908184978376117900134653e-21
63442,49945.8288335473626172502520613,443.144756869618681733314050532,3.67849509609024275673549154032e-22
63443,49946.6248996287193690567535722,482.226418920779313845665783805,5.72877159266694101464050245782e-21
63444,49947.5172445733683884520253905,275.992866527323499636147334591,2.17278717991991051170487591052e-21
63445,49948.2708191104258549271443353,94.4830674885067828257385169732,4.40835919808878664784453307412e-22
63446,49949.0851302444722997839018467,7.40888886542726210522827898736,1.71476392660063672222100404286e-23
63447,49949.4075342592949062102801073,3.89640063933772782550531240179,5.77835718495048596639283933393e-22
63448,49949.9231131125670771703856052,9.52676469922441466579586281058,2.35516402697287567011123386313e-22
63449,49950.4311618219339863470985781,48.0102206494593633311059687045,1.88009855232534760770238722362e-21
63450,49951.7992498487859328895023639,56.3101922073024655713255806687,1.09415451550979656925697125455e-21
63451,49952.2387144490311100574006054,22.8217016061351990910613062992,1.71728364567727363100603170458e-21
63452,49952.8324246670576304186216568,32.2016122126608805903601881091,3.65800210670726085016927765898e-22
63453,49953.5931753336686082843153258,30.6265547817594580171387311587,1.93804295610981687149328544575e-21
63454,49954.2058480548472418650043177,10.306026488854959318307394911,1.29559567664025053877987069802e-21
63455,49954.4399160189583876233865005,20.4568859450703680824618924815,5.65116553612158610222088100823e-22
63456,49956.023517855397996090820439,59.3481085146854915239322269751,1.19242196551342759161043717475e-21
63457,49956.2483050173253970845995857,49.3047728742399773615295890601,9.87287388284456734782856195932e-22
63458,49957.2866737687393417943231386,154.279491947513014051340238862,4.44557786966134726943249417108e-21
63459,49957.8286577074489153458656389,131.208453244840004995339409894,3.44517702618159764290329175444e-21
63460,49958.9142821987511517934886161,25.2858636606792383397177861943,2.35189141141153637828425695076e-22
63461,49959.3190575642819916234660046,9.84637661948485037415397673245,2.47249435783265906803507819747e-23
63462,49959.8903028352317711413769523,12.7383596553460039116839354339,5.22487751252648418784852651373e-22
63463,49960.5543916248604047381173446,15.0081247401510471604419156276,2.75023068746146613638593577942e-22
63464,49961.1129850738414534439409426,21.9603540154025420569006433313,5.13589739227782336859404222443e-22
63465,49961.8673314875085153486463062,29.1312626225537004284664258802,1.68350546062824173283696642296e-21
63466,49962.2874080989362779532165244,60.9797772830920584784873402797,2.18400045439750920012713415698e-21
63467,49963.3282406194563339420308756,418.97608526776181769000672255,1.51127643857300562802318801171e-21
63468,49964.1350859997125508118931997,373.317036917072415460447462679,6.92470043831557477022323492156e-21
63469,49965.0383589670503833413228961,110.144773823174584402740920642,2.1948095571836811514800625485e-22
63470,49965.5458474320397940806607691,64.870135429743351684935024094,1.36683167182651709686502588737e-22
63471,49966.3327614429533790250223236,36.6441534061206034704095324387,2.25522183351621729752652536374e-21
63472,49966.726177843213147649942647,48.5719090860471580478818840192,9.20312494095887625325517237565e-22
63473,49967.9169916829113753714701736,18.0496553294055361567136440644,1.76748823231040039818126812373e-21
63474,49968.1603551250926173347403946,15.4935321312347562720676193996,1.14046627440362045156512612274e-21
63475,49969.1732788616410293636674823,29.4989237384387396852609034299,2.20785105942980287784358106049e-21
63476,49969.611622398464498397952168,22.6764989274546670782514284647,1.95052327822368008290680272446e-21
63477,49970.3204305433489767153939808,49.5273961912850051105209365849,6.4788741360123033464793474632e-22
63478,49971.0958840954169014822956524,49.2913479476016242141416193047,2.94971226982018562861142055221e-21
63479,49971.75058513961400701491997,36.1116299277550248711822325744,5.02277456237069307888518853982e-22
63480,49972.4564547897027255057902756,10.834581921164933715640196944,5.85712937095862264685779239587e-23
63481,49972.6990590250442361207197889,16.6842700357905304576749938294,1.33981616549052652646436109294e-21
63482,49973.5800946768037974225436328,695.339413130875842981060102022,5.62330345998464420825951885248e-21
63483,49975.0313935227365610988451142,339.700236642144424921980113827,6.36092397375931294370813009342e-22
63484,49975.6693702428469011979507248,42.7302543837282624486025067607,2.09470190918918976235697062693e-21
63485,49976.2707541364638996353784237,5.79647300950349641605384027184,3.49935838911928061480024075156e-22
63486,49976.5354798245869133244258873,7.07677524082455678096070084788,6.84415999705988140793188774054e-22
63487,49977.5832769275301172401145218,11.9232859486486681210066676709,7.59583290507297038020241129819e-22
63488,49977.9091028587741711673996681,11.250920751337044256702192147,9.32070701774663503175129399708e-22
63489,49978.8101029660254590055502787,17.16420217893817028324690786,5.80532923576627289482595185001e-22
63490,49979.1515609515078870464129728,24.2617018768609054993655585541,6.74522351402005403847753123322e-22
63491,49980.1380845421041997516663182,150.901137174646418472048737531,1.70766890085897092915766060046e-22
63492,49981.0032522651775271056275112,37.4964183559570032855909270328,1.11636053999644777697387871699e-21
63493,49981.3485952694643637703515162,37.0943475307027551259592124036,2.44640193768848985054792687585e-21
63494,49982.091663373858069811101365,242.554169891514839952338924142,1.8137058305111361596042325915e-22
63495,49983.1858854307214448099914834,211.702487291105935876132394374,1.95981854824597645902277116012e-21
63496,49983.8677846067014941769826506,43.0240103210627892053468903174,2.68729741200454481622751624686e-21
63497,49984.2487646219654194861129247,50.2274991640001135392841793793,2.30789468230935094373478223052e-21
63498,49985.3014481225856997896765728,51.5751616227770460361734281684,9.18799176551102795326543369676e-22
63499,49985.7029508192707056071886983,43.1772337631878524591497829581,2.52959915180833221695489412074e-22
63500,49986.4759004280228131671655109,139.673455372847756727508167508,1.47366245783040043816039359708e-21
63501,49987.6410936894834593977505201,12.3050799421425812309358328582,7.7055633960924930541594630449e-22
63502,49988.0488112154228655750514586,2.13629918877490647333794613616,5.7043186302038431133556624494e-22
63503,49988.3907103694004889802474438,2.49503247819113887285328318821,4.74947763121583810720449080531e-22
63504,49988.9261015773857665658951096,13.9296865342781259606415655819,9.14864077416135831722844736322e-22
63505,49989.6828851472102214399623715,87.2838257836912259793290841683,9.17688003953188229906312968262e-22
63506,49990.4512842728683724962209127,273.793195826090931452302089759,1.99559523685651901763498000088e-21
63507,49991.3383557190757373536383394,487.649664502728342310961732168,9.15629578903459744769690134087e-21
63508,49992.1651407951426569311222747,395.555620798292994012563940788,5.99773794831363751405842067676e-21
63509,49992.9703118096351787469591151,204.201232443673284599595064185,1.27675841788188076400730012121e-21
63510,49993.7056860741898440046489524,82.0105220414334615566454184021,3.80298342004532781303488624739e-21
63511,49994.4097941483366069973614072,23.7582043236396108085882096944,2.77937995330977490401887610441e-22
63512,49994.8745735050993486406087272,19.6642277065019777540657457981,1.78417490553614181912657011579e-21
63513,49995.6659047898716225413656511,18.1001837775712062142839484835,1.71735944411061754105024120599e-21
63514,49996.1875367491345164169561424,12.1381134956506061029355351972,1.00570187859485759107328268591e-21
63515,49996.6224743496246931938076534,33.6994400116840687336189299598,1.92095399572708985669658528716e-21
63516,49997.7490298678080040531106328,141.638331777399670861718913995,9.53593726856201725399918467511e-22
63517,49998.500133391326510697690105,38.2126145403086579772526601624,1.52468215045969145077460647743e-21
63518,49998.973947683305848060979198,28.0414328782974677809378281193,2.1359471445628918888857019396e-21
63519,49999.5727523416031930153847323,68.8298902176695240389982734586,3.09816662892122893091964038017e-21
63520,50000.4067523905532160914105378,144.803407317985510806836000897,4.64520642281912031787020221275e-22
63521,50001.124810521126129329867314,130.626180977859072711129750363,2.98400009776682038353631006625e-21
63522,50001.6736630219449101149565156,253.261774454841939711844426624,7.04736979841613537153969163073e-22
63523,50002.8781884928671304349736583,227.04034679252353009747955543,4.82335080039667306490281401198e-21
63524,50003.4740411328417123910481065,82.9847151086416700642309765161,9.2571471447771901598958489628e-22
63525,50004.2648433197324002768945542,23.7329564844356512992716586256,1.02841252173972753308134478013e-21
63526,50004.8787260820056865687211784,1.92340786109021432401368842143,1.66359884075133358788445932599e-22
63527,50005.0498154078454040801501612,2.45549361772192015380894881705,7.71566098400898584824569124158e-23
63528,50006.1195970612740767777092045,38.1406057136152235025128520681,2.11912542814628403830691178113e-21
63529,50006.6965738196248644975552575,28.3575303890950547553627688782,1.60497986273510591478709675705e-21
63530,50007.3999544544665892354660761,25.7672629694353139993997456476,1.86210298756333358346972518916e-21
63531,50007.9689453104033347738929607,18.6329853954596656931524222249,1.26909184018937811480021376811e-21
63532,50008.3102970567122338547793018,54.9338969782368798905318539682,1.85330395918196769507195802191e-21
63533,50009.7267671176255245472991478,673.057961252321847511730489757,2.16715090900138158427670588327e-21
63534,50010.4428686714952556273774375,272.058119159619371672717504496,4.02428219461940960581780437403e-21
63535,50011.3544430160722516565583785,31.6763915325847270467309877707,6.31692301754263270595791574887e-22
63536,50011.777417242752441268983292,11.4006290888668545414693533398,4.6216997970581687396762208336e-22
63537,50012.2474847142583427853467684,19.2323322030188631555736261486,1.66200607482775689691026490044e-21
63538,50012.9425375808243019523008245,71.8172974170887036450248373537,1.86179797403788675043676055413e-21
63539,50013.8224338755094497507470735,108.08022608618067889780061251,3.256651504084100192235150475e-21
63540,50014.5845878935688001512869274,55.0382355013517430029043935253,1.01944469178477444252428009254e-21
63541,50015.2131585886304898946982556,31.849468999065205362711618897,6.54945870516223984757621775437e-22
63542,50015.8338346629164750308561282,28.3040644888235255366158340963,2.90350602273113822547654716941e-23
63543,50016.4563297102809038430944225,36.9548524243657217128994538614,1.08321535328893614880875660984e-21
63544,50017.1684421396519349064610521,49.5059931419899847714474627584,2.24041915437605422481386083251e-21
63545,50017.887341357373379265058785,24.1286098030400455688764687942,1.73809245392890689761212375317e-21
63546,50018.1742190043091627988307341,45.1010206716751341236280236508,1.22757373716205731846153839316e-22
63547,50019.4771705364682906909333907,559.442689371815654489790160393,4.34299812870901801220131565239e-21
63548,50020.2532909620279748708647148,171.825242708531334910606329168,5.24890876534004512096976845973e-21
63549,50020.8017046843036928411888039,143.61197465448598509098920467,6.96285457156253946328377642691e-22
63550,50021.75931887108789215425115,77.9287779430776340343752391005,1.94440537912638384169368790903e-21
63551,50022.3770797881366491565499008,25.8886819281931360576240949016,6.88455234086685550425037038278e-22
63552,50023.0789205243329925327914337,5.29003587899610896947950159379,4.29463949838712291479260396207e-22
63553,50023.423125414929649804872037,4.50645326078712807946490314456,1.13147466968463301015678208807e-22
63554,50024.0293995536034171583239499,18.3716449312278518717692767444,6.52800495377174249406197717847e-22
63555,50024.7884127206156328447864285,40.2589816830740681959091768185,2.46554246529533637374306924676e-21
63556,50025.2927910221327551637839492,102.230046593188735744806088834,1.39663907868422471433114657836e-21
63557,50026.5598548614684204138412886,105.839950880202032160972994214,2.43839876329412371508735701692e-21
63558,50026.9694076704917411206152591,71.2903234054644572845081738731,3.4878218240929779156844843764e-21
63559,50027.9337904647338642581386759,7.77804267073234806643259845607,7.98952197849598847553685850198e-22
63560,50028.0515868869343807801337087,8.89959647825655382572479053769,2.51545456151573733359988664304e-22
63561,50029.3977563015381924312654368,257.052136612843780886162481354,3.38635112503045347650428758524e-22
63562,50030.2831487115976614652922215,3.34607974608717399577416130254,3.42784836273896555612857743575e-23
63563,50030.4235865463789287706769038,2.74016589773813637584486723624,5.15524705815484500532449063364e-22
63564,50031.0402676537369311108557405,56.6743622642290746480845187871,1.17127080357042123934262295166e-21
63565,50032.2418585554258710991938278,41.0946240813175210151444866871,1.40222528831718615735457625882e-21
63566,50032.6366542406081980375914771,25.4314773827215085522104407585,3.72219030812019222840507063124e-22
63567,50033.4039290371605784837993614,39.2287174469960380215180875359,2.00763884249137056505234520542e-23
63568,50034.1976561389774375196099272,8.73918802674233641375168281952,9.40311282920151733501386256756e-22
63569,50034.528640631008986072321626,7.7260990803571978424873084549,7.81386600439537964323312214009e-22
63570,50035.1700702201101313112844014,38.1816869139358998638510175119,1.09072632497896947619348032975e-21
63571,50035.9442436350851811776407896,84.7704109323360813416141000824,2.15825997667476789513375895057e-21
63572,50036.4225913619186880841524464,242.979618392184356021430554132,5.59076052175564995597406848813e-22
63573,50037.8400210027981650531992823,600.298857197717125386959739303,2.2000721646531950441091936752e-21
63574,50038.5320788522642305575479215,143.091832757574500714482720708,2.34519877757352912962943976692e-21
63575,50039.269187298595395569448658,30.8776677209674394212097775928,1.30934511391725326988047646091e-21
63576,50039.8253514936626031863102597,8.11710979880287723679401518833,9.05574050159212728436173560481e-22
63577,50040.1878063185692198750903802,11.3226682969468343361149859211,4.46310065998324162204574800955e-22
63578,50041.1022057100104082888677456,25.8315161845257635692889797422,1.11020561577720536861849009377e-21
63579,50041.5551831167708850247446911,32.1657580805778016512418533681,1.56440296975437486194212597089e-21
63580,50042.4535231291639590002742511,70.0687145597960117755583207549,1.37877750812427120756820681734e-21
63581,50043.1474049822488911338402318,42.2092475788487788670749851491,2.4469191408633478717606488306e-21
63582,50043.7480651881480020627110957,32.2552387153882097084509211913,9.04571064231506389036107321469e-22
63583,50044.2243907058233566317892834,75.8520691745368422699425960408,1.33366976310844751791206397347e-21
63584,50045.358843764665181065333347,145.656414977093668773397856381,2.50046967669866487141059869749e-21
63585,50045.8717839346987644257814484,111.089138634198192072198034088,3.01534263290909930616051529683e-22
63586,50046.7387725888970528046606011,95.2601799613015608484519668005,2.97731006965609930871633221904e-21
63587,50047.2819323214175772159515125,74.685234925213827399963781428,1.28684989758630195829102990396e-21
63588,50047.875305478406404027898449,196.941254380544010295559094208,1.64812904609948570760103102095e-21
63589,50049.0475047853624590813847715,190.469879118293015069444553323,5.63027206483936621160146488405e-21
63590,50049.8373191014168184738691799,12.6556144654915234629659853258,1.19001440585796231849897673573e-21
63591,50050.1798629338322627362203708,6.8986321943614979757772158254,6.86474626878498602270170632392e-22
63592,50050.7418507572192512359171683,18.4673801078423667267370733535,7.14417840832947111808706756695e-22
63593,50051.6899594327439025323509319,7.09733463117277563476337077041,5.0573788451088205770434604306e-22
63594,50051.9841874610232447544785221,6.11790420871431746722405291822,9.55556970475446831508835877149e-22
63595,50052.5896042616995496515957247,46.073869016819219432075214473,2.94782141797529842363410710795e-22
63596,50053.5900867960390982379761869,102.889996370068160257358904385,1.31892630828211029484367333334e-21
63597,50054.078492221590748385444121,128.501889334602561238853531314,7.35328578758655461109254546532e-22
63598,50054.8689734641449871678727807,590.707932300352411989624445526,5.39238423453636415009076569708e-21
63599,50056.1684581618406510814200258,106.380568395858961990590281953,5.87283309290536895791773365483e-22
63600,50056.5874367297247486694463152,36.4215731832090741252937176593,2.21716983946526370922847776949e-21
63601,50057.1524189231231674441569926,52.7790946722620581319179349412,1.00069618467196187348769735268e-21
63602,50058.005803783734898515061646,48.5891631055504233324502838223,1.57976965991485855333949128531e-21
63603,50058.8055502476162784370289484,1.29846930306237354281428911983,5.3251554085302133895051124973e-24
63604,50058.918644223525051498013513,1.33971963064668733413928642638,2.310247551999212832100290719e-22
63605,50059.7608025924556974046092745,68.4262547899576007576549570315,3.21594616970345185537187286283e-21
63606,50060.537067511445077875120196,166.737185558129545130625198388,2.10774748637100998481947072307e-21
63607,50061.7306686328256835532804327,8.90539388216668601607009975977,5.25849317193971445400056935073e-22
63608,50061.975186248979480691229825,4.7421931336309111712343845579,4.97227440814325821242218829923e-22
63609,50062.5426419463369524360367714,14.8125531689497460485622115264,8.87716721867610401054526488095e-22
63610,50063.0949773031945008720087006,47.6486045977738609919018030165,2.17606596923576532746246075827e-21
63611,50063.8437396710168589453892594,294.652114166115961764383629447,4.9286515918496296278859549467e-21
63612,50064.8841668195920836246030529,624.62038429659109725119081304,8.45593131773849249947471415599e-21
63613,50065.7298874469107055690555815,279.854176082488370551058794365,5.3242623865163193534914542814e-21
63614,50066.508092294526672207228104,72.650566825205591934005212913,3.42101588266837368784732695622e-21
63615,50067.1123222752856919742517488,22.003737367743345153417791125,5.0854273281344495169859015518e-22
63616,50067.5388045050168346532784824,28.6804095491260906846017770979,1.46562016074788890789644159719e-22
63617,50068.5173952247881001435082074,40.1121072153563153383257086041,9.19568416519576542101362681542e-22
63618,50069.2035141649114643838301501,8.17493233634909252999588787431,6.79856670827142313984285510884e-22
63619,50069.665845304847888699961897,3.20946673453677605648639554083,5.83304194722033244423729886799e-22
63620,50069.992417311789862732861575,7.23200042004598294188114817555,8.6951997851511988036094254823e-22
63621,50070.8272616113054905310857467,129.280203897004258175908514082,4.74291875102643169512120248728e-21
63622,50071.7749419432533405853667359,235.823173534773123697043086571,2.20569235874596642680094797426e-21
63623,50072.4276775218044043925876008,250.732423609014687196407742434,5.95782373116517046988458730102e-22
63624,50073.2429036803109229814070728,362.742722594511815273465354928,7.77236721582340955098117899043e-22
63625,50074.2872630720075759529898345,36.1225597793363649013461420645,7.63885453249774797842217981581e-22
63626,50074.5859585851307660460616957,24.884952268295016888343022748,4.97099680664244580228611119125e-22
63627,50075.409085877017591991250859,46.819966941338071514076882062,2.42436819057720564321468622141e-21
63628,50075.9362467395626825306501563,52.3917552309917503005849088991,6.25660866414013772309555937732e-22
63629,50076.6857002942015552101684816,121.794228960262335150384049075,3.68149016732015068753097358893e-21
63630,50077.6091009663997331874085938,80.2064167251658647863288384083,9.55563582265881579032113911517e-22
63631,50078.3685658744675770617946404,8.54436513832255835916737966055,9.0494840942633718564357607615e-22
63632,50078.6510963510045105262463895,7.96278908657793934821181869868,8.03336149673917302352686237121e-23
63633,50079.5233682877396406623781496,17.4271046122230109259313312459,8.7020651081741864562910559186e-23
63634,50079.9026353006627045397190118,25.5988588308978209870221457108,7.1770446015554193157870587049e-22
63635,50080.9437751623144587071398148,53.1830557974500095054171200066,3.01141011834038773749102754527e-21
63636,50081.380642763565031916274154,49.5404628719774995001325328023,5.31251452869563358565311420145e-22
63637,50082.0385945078883877992670259,211.897384242069850801674570189,1.34467318894573569175739519092e-21
63638,50082.937719001938384982544324,795.249767545442190754298858254,6.10599040474968423899549421003e-21
63639,50084.0383487840086631553480397,366.06113618541308219975688147,5.56208812516520477607437386552e-22
63640,50084.8449073606132108431077097,33.4652269761830217873561492038,7.4478255872747027309338032099e-22
63641,50085.3179643417565255534492454,11.2470019765343463927902706793,1.57897222175583464451433652397e-22
63642,50085.9607736180381753488685567,3.53314068160399999724743860204,7.28857302735822680455701613508e-23
63643,50086.260232408648173804206478,4.4744504770561362663108879718,2.54515837541329363713739528405e-22
63644,50086.9568801278179788570439993,46.5270008282361256050070528815,1.48223792984036707789631752492e-21
63645,50087.9973303669813438159674183,45.8847016200841087083734543044,2.17117299082103435439490340914e-21
63646,50088.4266410195182395289680604,41.0917416384915992769326187972,8.891545908903857123202892434e-22
63647,50089.201365086526449180168139,116.503220794705214116321354062,3.67165784387511207226735668856e-21
63648,50090.0738486400911464463153282,61.4866772639582917067792448184,3.08464055517302014845098607203e-21
63649,50090.4930180316305104265459962,68.393727010613711573886055499,2.85819011722499135785105077187e-21
63650,50091.3472659938304854341590581,240.283296547650947086093534354,6.5425708685101565785485877103e-23
63651,50092.1737181149604617396028512,222.662451870714359650562161354,1.3477307858272493934155151002e-21
63652,50092.9532569959688541731745685,103.467416711632541412181764658,1.13880077773266532001634383101e-22
63653,50093.525921445496096393848358,81.8658486694000910062910894281,3.2213803651822933667030739742e-21
63654,50094.3246660803988427481136037,62.3526662647109921542128087277,1.2460895643761010665859758015e-21
63655,50094.8312345823857959468763439,75.4069615058980527472784773599,2.39083295782652590556324852955e-21
63656,50095.9515935678623799815787403,23.4368579686290449139951122173,1.3949782894263555867488792739e-21
63657,50096.3657305353320618699317792,8.74229380374680791676545314633,1.20129036609352836193829898862e-21
63658,50096.8426184281537967103175703,17.1280867151665324754300285219,1.36183247497368413954746278068e-21
63659,50097.8162379418514500010792622,13.8721956256914937538996765335,1.89846544833604781930442096025e-22
63660,50098.3230700262801680896527898,2.13318561881999583920567218245,4.62254689403463658347693429961e-22
63661,50098.5079770485813230412284664,3.57310380289031176978618370316,7.13242567379169220854326637597e-22
63662,50099.3415404270816629176125293,403.785124821979569574357326056,4.29111547969110712894194140252e-21
63663,50100.9542547304600983889511481,167.872856523662686104419114451,1.34961580025500253184940879653e-21
63664,50101.3742465871463495246880291,47.5492550421362420111161441318,1.84819814724390190315345081758e-21
63665,50101.9043712789104315503788681,64.959048701634806932752820121,1.78859539976296260876479501722e-21
63666,50102.7556966009882482522876375,72.9403451234570040866864788135,3.59047785661032779369367238727e-21
63667,50103.4173726357828166744850904,40.8913330373170212054195792483,9.40192276313171420025663407969e-22
63668,50104.12977303336341808796473,15.6066610782127022767308838573,3.98404623941714358230922595784e-22
63669,50104.5319988163059121469413668,18.4208268764090735610386948736,8.57507847623695597320915839937e-22
63670,50105.4825059865145672567175032,14.7742178266598143383624294042,1.20990870264925302056319241008e-21
63671,50105.7619396631994799060532669,18.7108430991053677098384548351,9.40164755089948613097763556312e-22
63672,50106.8286456619049705447969092,118.361131796604170924745434535,4.2592635327305188384742126625e-22
63673,50107.5261592722902250307392163,61.4568084513156067852622760664,2.09056260659039432725501711603e-21
63674,50108.1469123647974414717995633,46.5961233222955049122771444826,2.69117259357642312324445112954e-21
63675,50108.7713916058635765533064432,52.7357887768437991282184122494,5.52197782404057239511427486325e-23
63676,50109.3359352137210376930416133,121.491301457033026286199680599,2.88856489395448764003061725993e-21
63677,50110.2434827473616708209147429,384.469221527452837500503123246,7.62350470974038980400132240008e-21
63678,50111.091619145144066168159866,324.954079868926128952332421638,6.80581913766979979938756261096e-21
63679,50111.8792953415549789983215114,166.313676482170097077679702283,2.27307416184022579482989028243e-22
63680,50112.60274149034333955794606,75.8711428029813941817141046739,3.22909999114365855438700043251e-21
63681,50113.3471617862647452884350592,22.2298499943402900569566669978,4.34781447459826306935218340004e-22
63682,50113.9021825026079205595354015,9.1072308630621644813903123548,1.22854827248695008625793320146e-21
63683,50114.5465058974666127132151777,1.03662411559921847935167089192,2.34905373666429594454631931975e-22
63684,50114.6771147993243488293501865,1.43108269114192334710985532326,4.03773479901670910119588904064e-22
63685,50116.0259626650875432566432255,17.6717688196846251149183007954,1.12710677020863693395587154707e-21
63686,50116.2874803752612589829422792,15.699145609078995298104534584,1.26952670725703818096972476185e-21
63687,50117.0186503836955957421451852,147.620771371739614656934962737,3.07201029583816334290250594284e-21
63688,50118.0195859079359158998858168,152.613597880435146648167605194,2.24308639313932114221613918503e-23
63689,50118.4180497307992164615567364,215.350302730307190644578359582,4.30824023064704264237811928423e-21
63690,50119.893648908404514156642862,73.5066722231693399820586205388,1.10724264537626107861841510353e-21
63691,50120.3502954249678813214976843,11.5944548150252414443761739929,1.04903615255326256186751151112e-21
63692,50120.7357745151333509436566997,12.4737624961616089047869482584,5.10674131910524430389248900953e-22
63693,50121.4778089223096847462994632,25.2668747537256648254835639834,9.36886905967283350566715853804e-22
63694,50121.9764539255194357411278227,44.9830698044402121915642497715,2.13959385180355337596168487722e-21
63695,50122.8520833881589420063997954,157.960895337870311682348736557,3.94415971606593697727441047118e-21
63696,50123.8100641195900925086499896,60.8619572125823201553109650803,6.50929296292443837584163767835e-22
63697,50124.430865839021948167199505,14.5673583141265071072925704305,9.51710310128228740858643759539e-22
63698,50124.911592209717405068493852,9.80819445846719277011981594687,2.77023070048341867516077061565e-22
63699,50125.434554885630015559349661,19.6704525668034651685759342454,3.03627671107486784919922661589e-22
63700,50126.0914938738159693116801569,78.0609269116950921511629221383,2.89562470276177018620351970591e-21
63701,50126.962676449989660497471754,187.800785021220963737915839337,1.6772529460122103732045829314e-21
63702,50127.6292953367366435796798461,263.843337118574236145806806321,4.00281791448236390839734780664e-21
63703,50128.4040907445887942447131754,586.428062592007963850806318703,7.67658319974452168226753797331e-21
63704,50129.6016383556292660890550915,114.514715208581994934459954002,4.33838899982085999427435644325e-21
63705,50130.1145574797225522654539895,24.7980105722521771690928780743,1.1804856860289539259346276298e-21
63706,50130.5713845659293276604211477,27.6065938756165145364212503373,5.69931316018126276500610724564e-22
63707,50131.4616875261396958081708872,23.5391415295463940294748580717,6.4999907136056814341131176926e-22
63708,50131.9411269944263004919924692,18.4642493025955803200131530952,2.54823542869267300274302279906e-22
63709,50132.80577326852076650870403,7.02744826885875656291633078469,7.51628688200394173693072238108e-22
63710,50133.1539978439955084047711725,4.7662865183900443086998638527,5.21821940458496714250150372367e-22
63711,50133.5786431260971419044653489,24.7218641273440437888264717674,1.34806415066453278269046781101e-21
63712,50134.7304744302050318367380396,258.92662388849220780211741897,5.90526879209910399608572899084e-21
63713,50135.4557152842988650002734855,189.741971242825154641044889035,3.05832209410499602303386742869e-21
63714,50136.198653159985296828521142,148.952558218990571325575936169,1.50046004420530450145224925006e-22
63715,50136.8954702162255340933693598,115.028368432684905229072923779,9.50963133247881334916056583414e-22
63716,50137.5710329776359448154338437,107.450093719411406937786894768,4.09569250215485724926470537931e-21
63717,50138.2643698344820944393147741,118.328981170768118378831917269,3.75328052850304979982188605701e-21
63718,50138.9402990454887441357344626,180.039873785348804296879126545,3.7270226598726001482811790704e-21
63719,50140.0880960101393360353702849,15.5233126012249010924854191602,1.01125404376785595125841350281e-21
63720,50140.3674307941190573332305837,8.37402846540779703945776734783,8.75112391049818836943452361323e-22
63721,50140.9300262616620059481106571,31.3911366856148806072434287303,4.10053892659280581701614976161e-22
63722,50141.7970835274884926382289953,68.1650412123735859696857860994,1.13760489766872930965265231434e-21
63723,50142.6033426836248266958277426,24.5414090449526690596215375172,5.99621315138726364117973442983e-22
63724,50143.1031418070006350280386467,15.3893510413228537521650817022,9.18575968671697314775362998798e-22
63725,50143.7973972006929199911163799,8.11228338376141776432185369319,5.53048623079801708772700287731e-22
63726,50144.0796774728416651631121211,13.6896163545134017994335899044,8.56409166308823665007172237827e-23
63727,50144.9950502849623902539850716,292.431207231351468055315754728,3.79241234230932022981272946451e-21
63728,50145.7910200597855786569128409,895.002837293758204859349865174,1.15912453943817779698728854073e-20
63729,50147.1223648567101594375763462,161.928007199014258773771924962,2.95182149900824746678202280997e-21
63730,50147.5885700743351760843680225,49.0977081982260352644236622889,2.72760521904670659953851844175e-21
63731,50148.3819433867021665147025596,5.44765177453941503198159778397,7.3773244165888212394449327572e-22
63732,50148.5981309165341049139065553,5.53989834253038411696227404202,3.49656151639573837784437523723e-22
63733,50149.5761357669074415777299575,21.8894261902734008033217027361,7.1329573816498070114647872233e-22
63734,50150.0982785673462994459709088,11.4807011761298116600006800822,1.29082691239601652658752586813e-21
63735,50150.5100968905336186175210407,28.2333780111155323060321971747,1.89681506286398627234546902296e-21
63736,50151.6535061123105609884737621,90.4187715881813871497115270138,2.50211657500106333541660823551e-21
63737,50152.2355300276590802726237554,50.4284513484940472528929283572,1.8799113373356952111479955782e-21
63738,50152.9386985648556055806303769,36.2392313214577325058900077775,1.24695726687866034289014145134e-21
63739,50153.435379601865489338105719,47.133057234922853166204602318,2.89932784104306363621396549474e-21
63740,50154.133689137767167167123314,176.474675618387324759052167155,1.10465005472796706409943405672e-21
63741,50155.0531779236640892227138091,361.651425867489941182233669115,7.61726662688701549817607665717e-21
63742,50155.995667134544298161436964,91.8551507481442604734996847789,2.0219043396450965092678968361e-21
63743,50156.5600626775962510799176199,15.7966651970794892147416346059,5.1944982021640378173736756165e-22
63744,50156.8110916428380705310388388,26.3034974785982856906718689682,7.67588028525518136031628496999e-22
63745,50158.1745780583482128670437029,143.815947317967039963806381783,2.10998399907050884521139542828e-21
63746,50158.8220399087242338278917144,29.9653043362578995543475581035,5.61520645241639802233297729548e-22
63747,50159.4754545941894740124677148,5.27961992887830083609697577539,8.58016004260306755724245457455e-22
63748,50159.8063060031717034517551905,5.16110523684699509121942660401,4.99983088597258475304809030439e-22
63749,50160.6298672907655971918338051,5.95214351306800348306942058608,3.85532906321505845009011207972e-22
63750,50160.9069404803703043226177196,9.00515159335633475141253220474,7.5007070630524209759425271781e-22
63751,50161.8539081517129842482229428,127.812497611557781791616571811,1.94435064195752740122530312816e-21
63752,50162.5876075753189165852283062,183.768822574373036285328533537,9.83567223955666969640009441627e-22
63753,50163.2644503480276420839629941,372.262172382791207238300381304,7.98097419904749585984633506144e-21
63754,50164.3102236120905655131473211,365.923265706063488890493707744,7.75943948611882006773013347447e-21
63755,50165.0402575649767401951667802,112.003168895679362231691477858,2.64664006857252154370862764825e-21
63756,50165.589389002142035866827962,92.3858202957319429004300578814,1.34870561127266135476598070158e-22
63757,50166.6223057136461411358176514,10.4484852142221179807267606453,8.71573364361728066420455281624e-22
63758,50166.9034611320709224117426313,6.14289133064201069555861890578,9.72330504305283960938070781232e-22
63759,50167.4567995651401552988689646,25.6548187826198208670752432956,4.43946060302035438601522957445e-23
63760,50168.2751761150485045517057172,81.2365228182200769853642105021,2.08658899185910374646920022004e-21
63761,50169.081403522927166553302629,70.515240537497217766525431876,1.05852188025266789854153802702e-21
63762,50169.8042149836494799696562435,25.884634373818044250256057417,4.29096152885817743643980196029e-22
63763,50170.1918304702782571340769319,35.6201543276473042703496730518,1.03927662908693462260806766333e-21
63764,50171.3368894762315415954294304,30.6881475535826812747788419767,2.27671940560907857961553821745e-21
63765,50171.7889098854299895513540834,9.70277188596930329440807032467,1.06113091524564897343296119136e-21
63766,50172.1677495783902319420863985,18.0169441806199184922447442703,1.04311849026675960600987951735e-21
63767,50172.7997438488023464186999371,214.448558240677291872812588041,2.79414492892730383221038823757e-21
63768,50174.1311961560311589904783407,717.071279662380793499598590367,1.78991781389287135919406989029e-21
63769,50174.9220996512326979909222946,166.570331724125615694639059055,3.96589726743160514208962927598e-21
63770,50175.6161718064429859155808607,41.1681209443249766046428061819,9.49562863582043207996518348785e-22
63771,50176.2060963967654457980735274,14.4524121304254504579340142936,9.88357589265609949021543565049e-22
63772,50176.6836218821432889649497009,14.7073980188874919545857874656,1.05368608311211318270723708886e-21
63773,50177.3438232593643300296410635,35.0729696909071822392568669469,1.78989562013521874906553446125e-21
63774,50178.2198911551088353089854647,25.0286162106610052945459495068,1.6476227900598911069412644124e-21
63775,50178.7372199262601789089772153,15.7139411919957645627909595337,9.96291498716472601374107859645e-22
63776,50179.290934724657734757353106,28.1430473550209683891101707352,8.16145178673860686748408089699e-22
63777,50179.9849730704341267677464473,73.5259061843961770960827544845,1.24756437658625014491042049173e-21
63778,50180.5839641765759523103963079,253.985191407953815402370810712,2.74266731695714223560679963552e-21
63779,50181.9172868157691087568418698,177.563803891636716926780592143,3.43073409035324687549240799573e-21
63780,50182.3819557073990935823376393,77.3245540776363344331690177879,1.2377363860635600802223161569e-22
63781,50183.0400929700998989311785901,105.065955355064952868713145759,7.97935676047074470376803168572e-22
63782,50183.866688179656104802735112,75.2490108826265181266698802338,6.34710148514562078403341762621e-22
63783,50184.5280692234267389743862962,26.4607641546302685574037919307,2.03807221855568334241632340341e-21
63784,50184.9262578885104428629275904,37.6708603781038038836102191266,8.36050679912909703365718845517e-22
63785,50185.8815407757836453267944049,131.36352549816661399747202069,1.45632164242699670392803748777e-22
63786,50186.6632627715980234276767019,72.4397825615551771071892190674,3.29380739872896092304720753621e-21
63787,50187.5271234569299041128696918,2.86286058907822943579851034982,8.66851480982386725842271928239e-23
63788,50187.6937064347264842839166395,2.64478981075984066028307439366,5.90207885684877313222592980318e-22
63789,50188.567012706219159077187158,19.3753121288153382385224751677,9.38247740153249690538137684083e-22
63790,50189.0293236251194910436294079,27.265717284298914599351668559,1.06904314813772859843916602201e-22
63791,50189.7716146733656257103908452,111.560215116756403114777658598,2.6514577923989716381432311347e-21
63792,50190.5138936460517273269354567,282.275271854168578526809304373,4.01198136468417207401864995049e-21
63793,50191.3618174843806374672136731,549.696873835063727545960962989,8.07973051116798765475310177521e-21
63794,50192.3291624206463940553020718,259.506021306112207171026556472,5.85238995823193914030975609509e-21
63795,50192.9093080271393645124420189,161.804381012800910725494225091,4.20939758154744336373902830823e-21
63796,50193.820946135305528155546102,72.0596168700312799237411646872,1.5742195626205396878009845666e-21
63797,50194.6143852990650890746413758,1.88012548096068753375582465371,8.86464957236130864361461995016e-24
63798,50194.784774115316682978637727,1.58028153074515227617476153885,1.03868771396697448105994854614e-22
63799,50195.5165974923905211359004443,12.562362721367490549719469037,1.19899183680068687284801216932e-21
63800,50196.087135202918595732255831,20.2679656742764499034780045674,2.20244443386703888061538671017e-22
63801,50196.6395321610980258595802996,80.8696045337130488935558830631,2.27998622047818945734150928857e-21
63802,50197.9148836324628396733803895,98.4727257938640160726151667398,1.05487302676018496199733609321e-21
63803,50198.4461843523127052208124842,32.1025713495210924578589914471,2.30588755628573600538092549319e-21
63804,50199.0015933263370547622339487,25.1054267493943160993399377926,1.10936762982601693668054964432e-21
63805,50199.421682535816255408695187,69.1909394363574169904529472035,2.04545524253087318950612329667e-21
63806,50200.7042643419893076202313844,153.632433139772887755750223038,9.4789845509023863818538087279e-22
63807,50201.1492272887940487569226297,110.485366394751171023966518262,3.93353208986182845683760311868e-21
63808,50202.0948451592128885004466089,71.5164092142469145027553589819,5.62867155922473652849843509274e-23
63809,50202.5087028618114121901528345,70.8174541403653609818818946297,5.1980434060431777948094849189e-22
63810,50203.5640418765717879643504922,56.2913717041964888790504663727,8.58932883729613371561553957809e-22
63811,50204.0442994572671213456799689,31.4520328352731573017227242491,5.89792984538342925605782544628e-22
63812,50204.7323331883579918132093493,41.4179201902232744561234949828,6.74575956538164252307202332396e-22
63813,50205.5204717309155249559497309,22.7832850930351754218873791326,1.72414818657078688846666315304e-21
63814,50206.0997776929746593426327449,10.1228015941413430344227122119,1.30058900698374746272749707477e-21
63815,50206.5519866890526089230270666,14.2557342313594261362076031071,2.87246509550967733351416439135e-22
63816,50207.2739280549192673759166493,44.4681464810475772750158528258,2.15381538925651364326801104888e-21
63817,50207.9008939862663863516310676,92.8598394105764709526597883331,1.82171522999265381817792622775e-21
63818,50208.5222643351368903699623954,420.657875464645528152319232554,4.70821131162054068592413514272e-21
63819,50209.9208131529656088161235486,513.454581481945645834774592778,7.62179525932297215265689195657e-21
63820,50210.6102449559018593298170028,95.0471111681807842480767802335,2.01453126274358860281603207967e-21
63821,50211.3516005003079738709594132,8.50509726967192556223245681312,2.93067111031079493705396530704e-22
63822,50211.704454872448209166772353,3.42674839154988248728052161395,1.25181707421905806704857303081e-22
63823,50212.0295857719174700808178747,11.0012702193119146033497005085,1.18837719723345007678323173289e-21
63824,50213.2784024562775785633136227,70.0919047148381446621617506365,1.72491212903390855169100321497e-21
63825,50213.9867585680703364173654791,4.18714863833472972566884733014,6.11964456101264804642288032404e-22
63826,50214.1651064767112950893442875,4.76824110552327964221030596982,3.91449217660126297626432564475e-22
63827,50215.1544370302296528967096543,73.9324194127051588770417541084,9.49485938212107825406558849548e-22
63828,50215.8053715737878392842397291,76.1019649005597419874993607684,4.30551855955539109028291754013e-23
63829,50216.6943688643208737116512038,17.2769484440243997031828196319,6.62681079477657387506377971886e-22
63830,50216.9353997790338304565133173,20.5622732229675279937466705597,1.61818510295707404128431314306e-21
63831,50218.055921327961470593888904,105.151221063242404596397467143,2.58123998110018986752863598245e-21
63832,50218.5709314084667938178661482,71.8613166617829572384669240572,3.1848019082121158392520031573e-21
63833,50219.1166888034194110280208211,216.342126258108057727673238091,9.11887966684141608321233381917e-22
63834,50220.3441430709622910537948708,356.243828181718869799366625608,6.56990379044561920741384689221e-21
63835,50221.1297809516196962583588215,43.4742222438787803040907899894,7.09476416497853246612708057302e-22
63836,50221.5538954343745436643397858,27.8575951240819704466643489742,5.00594284463784516367337525686e-22
63837,50222.472725489390786008380464,6.2435752769281690485467286439,3.85930149293235916157405242634e-22
63838,50222.7464860319693304727277726,5.22244281851918173015836137521,5.04061792944728623910972351278e-23
63839,50223.5142074484246137885963201,19.4571110352936013810851839315,3.7905117082929800023119092648e-22
63840,50224.1297982273276512062899616,22.2415545347192420178763680963,2.98894926784132755820958155956e-22
63841,50224.7284249272265163525084473,38.9905551602696535933729296204,2.39982654278052695387877057675e-21
63842,50225.3288685857191740131310621,144.768192497559940639705680373,3.07771417498595256377297535299e-21
63843,50226.6200192893970336424473173,28.9851846960491316614226131898,1.24391245557536898030033299994e-21
63844,50226.7968076251888466583442506,27.475959183278541003115389894,6.12019723291202404807823701098e-22
63845,50227.8088173462458959755488108,349.618905654426770938694474202,2.21870079887127968751365658576e-21
63846,50228.6448028567870486039710194,206.590842644097090395542986132,5.72683776750651752491473305775e-24
63847,50229.4842877046032910020960056,35.008143562882929494405592803,1.9511424805257728544366593183e-21
63848,50229.9441964513842880261326643,15.9851543716308536575680201103,1.63221808973298695714853813089e-21
63849,50230.5145810299348857223664515,20.594120694356227409047761193,1.26803714130875381325109587629e-21
63850,50231.0950033313222583512759174,46.2975055474667353237797549247,6.46438969453691861506922513149e-22
63851,50231.8785122637264722602303614,145.554099007035895888078088687,4.10012769662114933902665676398e-21
63852,50232.9252884721934604246661674,57.5866441251474972714303830434,1.96307987059511185791327921354e-22
63853,50233.5224439012379249891468519,12.059635915793051213131858569,1.12850212170039421386647962202e-21
63854,50233.9979803306200494473957335,7.17025728194780964578825714116,7.30519737984630873134149499622e-22
63855,50234.4556536881997939355352458,15.4037755307319216221120568265,3.27505053451774756713731525364e-22
63856,50235.1923056237169670259794783,72.3219543072402550248607101919,1.79353589857462756360718470476e-21
63857,50235.8113228487139997549716149,261.322866579529533637865293042,1.71463570756352636870506241312e-21
63858,50236.9112602494688292008211087,862.665697013260527820719947321,9.69612741353171488530879900252e-21
63859,50238.0415379559590569248907904,10.6147579160932968541407285979,5.308231111315591590823315922e-22
63860,50238.1681183037066490499519045,9.18857509154688472751106484873,5.16501463002400843332228055415e-22
63861,50239.1686440337655426032276947,81.6629753793548807255179448734,1.55700051480489475717636077801e-22
63862,50239.8965924241739975391971665,22.6020866141862780261280664548,1.82114311896135150536593890528e-21
63863,50240.4551794036466893748413212,8.38487108738033028723682614699,8.99973474014257416939990296178e-22
63864,50240.8903669484552496061419281,11.2445675390826459739813279733,1.11028945423627287791294863223e-21
63865,50241.6272760690674482814642227,34.680041286586291788699667405,2.11387283886365078314989664576e-21
63866,50242.3259519712136670312609665,50.6573834173493269641270499712,3.57138488382818980743300327171e-23
63867,50243.047818948564602784169384,48.258222807798391992776024764,8.25607495136570420828700635044e-22
63868,50243.5036403493886390991738365,100.79103484360870373897321604,1.6780397635585755882111016653e-21
63869,50244.783652341334136149462475,72.0295990174536437478851572482,1.85098044571372208154482746715e-21
63870,50245.0802318719147164453633734,62.647677037093751937328028815,2.20852224605159484730729728101e-21
63871,50246.1866416459943336139391091,61.0303426060816971338745391572,1.17113319183426547870255965265e-21
63872,50246.5708752734269376458125019,44.4553552762426604629181633919,2.71356917833969743421368936012e-21
63873,50247.3122381777824633157907284,118.318167677672632603345852772,3.69224149520229534896895300394e-21
63874,50248.0983935939596232872005981,133.941963683327565863851767464,2.4089351415022391799490810153e-22
63875,50248.78522842449875865626755,145.039171572827873588893560712,1.61615804531727862318723978184e-21
63876,50249.8575195531252250782219673,17.0806172931222453559698264317,5.85226335451013146913711500271e-22
63877,50250.3048289581518176113925495,2.47799574465039094278434913887,6.188867089998528196018484765e-22
63878,50250.5715129838260079539538376,3.61343419702063095087422291639,6.40338165350782272696777751396e-22
63879,50251.3194569370328195055514345,50.1790151164211819751931362363,7.24475184032894028274246499111e-22
63880,50252.3668678976698997877392501,27.3898884240834281482671274658,2.11505434076701222167055879399e-21
63881,50252.7492269387165580103361671,20.1515186738730909254952353636,8.68775887518728471407321839246e-22
63882,50253.5019141115743857661273773,19.1685871558009244441108150385,9.61961296983039428278566633462e-22
63883,50253.7475005056470659060256794,38.3419320689503039804371556703,7.74293428531119098287000953327e-23
63884,50255.2189551030357628720402411,1084.60794988876374114315983045,1.7812723072745222629200064127e-21
63885,50256.229334344241674893105403,49.3366872470969074268737703557,3.39917648254645090929690741793e-22
63886,50256.5982422517661160325885746,19.6703754009059905702074770107,1.66724915174851527336892101018e-21
63887,50257.2054887708527959065943549,27.9057592021265057595379430069,4.39024036614406441570195951953e-22
63888,50258.0130127555002453228701255,11.5184840294767733366785955987,6.70694624498897229680403529046e-22
63889,50258.4174224909169784991636398,8.8122883671653146410622378235,3.14034502596690725004791764612e-23
63890,50258.9583590237470439009241321,33.1834109847585378784175068055,1.66146074590794221158159978764e-21
63891,50259.8809861893010457687593277,126.992582024152006450893821651,2.6139088931426672048596461175e-21
63892,50260.8480375989843241260331087,10.1416049493058304460994358107,1.12030630379545339514984733906e-21
63893,50261.0324736521233341748979024,10.350142593850821367061203147,4.99802081049761192755407596471e-22
63894,50262.1937048940759263439862889,24.0916730485941347077401494529,2.83723375598602686122273825509e-22
63895,50262.4945971556568777537984125,20.2668348709274429891759100728,1.64991833146428300041365501053e-21
63896,50263.174105842487032561775803,137.2577442468229173832797241,1.01137860904141909639433640631e-23
63897,50264.0645709389832888106913151,439.194926443513554155476239502,4.36263447061835245246555942707e-21
63898,50265.1498864430618392101606853,66.6664901009416565805348456043,2.03932123905505308532158440408e-21
63899,50265.4804867339387522975624444,47.4714937221103523302183002345,5.29216087693729839513191759435e-22
63900,50266.3230352185506660198126064,106.970616572725705574350244335,1.68944383737236297055840041532e-21
63901,50267.0402172503226932046987789,73.5004476173178916289035316534,3.3082967311150368884844278075e-21
63902,50267.7233722193681018797277304,57.6531996842455688694651025998,2.49527027815569020541773096867e-21
63903,50268.5869911450231491448442584,13.7608770382412695953417644748,9.38668879313067546980031915978e-22
63904,50269.0719591835751497719748007,4.41798274342978026646982400249,5.97527255424358111199131897834e-22
63905,50269.5104431454856440898395594,5.19933674660150811806174420605,3.60477801626929284320854143331e-22
63906,50270.0456162908063910447286604,18.4839244770252416493567814986,1.75856541567468477222855074751e-21
63907,50270.6761247957925148294646918,137.179272087818749575640601684,4.58237517766757857718489951531e-21
63908,50271.8819775326184428977876554,387.262893171663315010869324183,1.71889611625195917486435101265e-21
63909,50272.4704512036425658832634905,311.507341939013663957029800723,5.65004593265230879355693480085e-21
63910,50273.4487445367399054396465702,173.986465003632108551588626639,1.46583189663821931765480728559e-21
63911,50274.0691943780055418726176874,61.941331502265706475565390324,7.86256928882409118951368994353e-22
63912,50274.6129567564718109006753619,66.2415047365928147723880151767,1.80749677851033483900789940042e-22
63913,50275.5414258725035786923449534,33.2978003337623862933901527929,1.36333865175435057061353389628e-21
63914,50275.9896158682256416628668943,22.7831508530170299493583726145,1.42155600098339278890347412478e-21
63915,50276.7213644376603369545668118,26.6345010367302919626904701636,2.08993028532201600118771315684e-21
63916,50277.1936934256243223595527602,45.4149240239188775992096713013,2.39947037210820230885341230919e-21
63917,50278.2870535334070970899717934,42.5860574481679687793107856781,7.4916023371658924510883168645e-22
63918,50278.7062894198239833320467443,32.0835288556100976632599144895,2.07075642116085336649893569597e-21
63919,50279.539617960958221091545271,41.4023473106804517029504682763,1.97113226055512775350105556519e-21
63920,50280.1506063613063220085846337,21.7595997049153974607848374008,1.18896142761891231148638921343e-21
63921,50280.5752998084500755975371649,39.7264505056790887945036604706,2.05124028038974098341779411223e-21
63922,50281.4480744585373236286692655,234.041105061737297635522338316,2.47460128109175035755728123141e-21
63923,50282.3009169637115778874808009,218.896301256015155773083787401,1.85357242932239941640575195891e-21
63924,50282.8067935648569678670063165,363.753894778521523083410600007,1.042183229593037657578435313e-21
63925,50284.3945417340358415269362124,12.3759795850847259142326742149,8.49662419399610218957035975406e-22
63926,50284.644382834841488500327631,4.05360180991126438157456871896,2.5113129040994756293406342611e-22
63927,50285.1317927393018030771687911,6.28861601730510787894796174317,2.98388842606824597078157465397e-23
63928,50285.6550078688695504455999366,15.8231540329487122055022859599,7.80502598200970449322498768257e-22
63929,50286.540816448236109707640165,22.5955449658877998957739782639,6.66628813691674261756449823312e-22
63930,50287.0214746168953348376991626,23.5778785330073136264871973413,4.30339661423485668957563585994e-22
63931,50287.7491414010251400425916098,58.897163558071476219869484122,2.76176796886621188918109660627e-21
63932,50288.4949058958077784529856165,78.5938561882374786557359289804,4.76444885144665551769308755182e-22
63933,50289.1746585397610292072899631,83.9989541190001353572250984207,1.04112008562058875013743563479e-21
63934,50289.7656587810593890196464524,159.49649406450011123648443951,4.96759799489431909094486014906e-21
63935,50290.5910146531815467897795561,543.679673344082935986435520295,5.97101698385276069574267421496e-21
63936,50291.9573655473935957993808204,7.89193298219317156630519927388,1.63168118248338894578252830422e-22
63937,50292.127822145249305439731081,4.50790780551386333596876394018,5.65873443117951255031782083408e-22
63938,50292.6602694532884471967767128,27.7890579711207860343891204657,9.15692393326506283244841992726e-22
63939,50293.4644226917433373266593476,77.1167939189920090284438962054,3.70886627218150873848374525124e-21
63940,50294.0968571842254649819096175,131.529448950039605219024385842,1.12047205262339975302409918275e-21
63941,50295.2887196612758785234169941,11.4380785070104385392838970573,4.03370130530824429579816180354e-22
63942,50295.5087993233303037846869907,8.34278553295507214898037164797,9.49159076824266455240766839433e-22
63943,50296.3146069518595877394712819,34.131162803602007750173003566,1.86589898704835525162314103183e-21
63944,50297.0828561155774657215684569,11.2109652032584796794016798253,1.49610702948727331745092729264e-22
63945,50297.4673741008695214420086442,10.0769472311326485451218809253,3.8914000279758885722031095844e-22
63946,50298.0831834397630526022817813,39.6793835643178788195301947636,1.24208416712225245954200907994e-21
63947,50298.7888010652564876025724655,155.182919455090631217426059382,1.69148015567381876719457651704e-21
63948,50299.5731511524879476763496988,576.58459250508366921827212658,5.55040516564861704000499727605e-21
63949,50300.7080545973486631308268053,447.625957893391644354615995781,6.27130624862237604387669397241e-21
63950,50301.398352466418168490496105,139.732918019719502362221172345,2.53972064201317798628776153452e-22
63951,50302.0901820454321104030159204,55.3827696897274633763553296494,1.96102993205166422258400366631e-21
63952,50302.6692067631297132062983418,38.8326523863857417643602709443,1.04043738185975998736342014465e-21
63953,50303.3759325531953638567743168,35.930295797513414211257450532,1.87099115450880550210758369636e-22
63954,50304.1513562140807332308613994,10.4253223463961058773585682138,1.29709284507888379413175128532e-21
63955,50304.560599143591657586159277,7.41680864879265494950381722036,1.06194753951496041741709500547e-21
63956,50305.1272620050789799889648632,18.9285137275233915848216838808,1.20610077130497658770657019617e-21
63957,50305.7062585965800559573267219,88.1070039625352777440453703008,7.28266224628979283793479251159e-22
63958,50306.9578156089801423812181467,103.838879842055996454106838483,2.46528851891955698695070512478e-21
63959,50307.4086810994641499205837699,65.3480695502688734243069007418,1.32460105978322666647179003011e-21
63960,50308.3779359070384091271527444,3.92474563749798830473204274107,3.3768426801701586983920323818e-22
63961,50308.4896562821981616798413091,4.09899870023726393140812057111,5.24148611067944610411559445957e-22
63962,50309.3855243074902194012911413,303.14682353567111540891556684,1.00479872592414043466838439342e-21
63963,50310.5426752892069993542347755,130.682951129748935222391117961,2.21940501882607962338575467373e-22
63964,50310.9729148247883210204382051,85.3604480867254561003983990222,9.04702113241976201736971733659e-22
63965,50311.9161437861988833590281431,43.5063563633667919134422416666,1.02596666275582035790959109956e-21
63966,50312.3207997595989304661907782,36.7879840036550352420214141497,2.56558334664656016615234356496e-21
63967,50313.230762175870179316463401,46.3744522551827854241438259662,1.66186438551553701729528586035e-23
63968,50313.8729108309373288311619608,18.8606508441363536356564304224,4.34862186105726769207779412105e-22
63969,50314.4436972538632299705955098,12.1099227091750925754663207337,1.25431153462794572888525566726e-21
63970,50314.9375910478480984775010122,21.1320068590250048554725736606,6.55028598616440180528744830244e-22
63971,50315.8156519911254644197071381,34.6087019703538137086908392597,5.50016858951711720166625854279e-22
63972,50316.4058601013176791635247257,12.6597719724563816651959211351,4.12163242137220070219186276101e-23
63973,50316.6559012037444193318019544,27.3534315618105418541049327437,1.83009252291863804805439734443e-22
63974,50318.0285757507739061634756471,982.413889185892663300792457716,7.2636942866276206348182327851e-21
63975,50318.9356606126256132548806944,250.779735811253888080970983173,4.17783728532066079111801759682e-21
63976,50319.5805300325841855127234986,83.9814671752449906214160089857,1.83532015769766538265769358683e-21
63977,50320.2720032012176206599796884,35.232637135161905441065349553,3.85799606614764428652590743791e-22
63978,50320.9892966496857577381415498,4.02414297363748512244091901987,2.10399562032054495198082613169e-22
63979,50321.2296751324577625125139684,3.98808136967940338253682864504,4.4060259964086198392388659547e-22
63980,50321.8627986922385600893612191,52.1509116255530171961738221255,1.86876402588627054441050200802e-21
63981,50322.9832361605351109408169694,104.747923968271362673679963978,5.78349161686146698007117933323e-22
63982,50323.6098907622002000220713635,50.9609786389852847141489681482,2.60525603922373408675143984071e-21
63983,50324.4652861537482174379937168,2.55020453782207723350950244186,1.35329459595914936946497493485e-22
63984,50324.6109908179383113019943349,2.52871423937330019060876088129,2.81340605396907003251306375583e-23
63985,50325.3388065200329797209220725,88.112368837253063831185599629,4.21180236776217668410670613877e-22
63986,50326.3895662953634193803857681,159.10674622704524994831368056,2.56561599254800624412072417438e-21
63987,50327.0181594603859719094472026,80.4048651738313490584361416835,1.95373846821039349054717947673e-21
63988,50327.5065489950521294390921052,148.917516922469601258090455679,9.78447816677500516526596143849e-22
63989,50328.6253588413142096574816292,218.348952328219901288173877128,2.11149064244496831690007627903e-21
63990,50329.1506845046383446729479124,168.697444497266973285866623043,3.74859710194762901714770522793e-21
63991,50330.1074340911004495006363889,130.232473474298250519961566695,4.9874139275636597500815687601e-22
63992,50330.9627164041199961454603725,7.63090820476838043708132247131,4.90318797062492872670093526499e-22
63993,50331.2940863385202726392888278,3.47079495002638869124550925681,4.8394846018575846891354836535e-22
63994,50331.8181298917416081686161321,6.55886662824865001583268245103,5.1133220844356727136622439256e-22
63995,50332.3646465734457935291310154,20.1734611599664032843153745842,5.50493662587670604809987006857e-22
63996,50333.2209422264566453130467467,56.143962828427488862799917343,4.55103989110852413477160936647e-22
63997,50333.8577525152529856294150291,63.605197117073724461349724683,2.24490879832379823776863783919e-21
63998,50334.4572875377872078746274859,153.077462796675610442913954541,3.21809948925007361311374927018e-21
63999,50335.3863048817538498983830378,436.147256983852816718684029177,8.91005479187016768279076907858e-22
