6.020948904697596582e+00
1.024377030416654932e+01
1.298809801231242034e+01
1.634260710458721988e+01
1.829199319612353136e+01
2.145061134398346070e+01
2.327837652045953121e+01
2.572875642508872929e+01
2.835963434302533059e+01
2.965638401459315077e+01
3.259218652711715691e+01
3.419995750921314936e+01
3.614288045830313933e+01
3.851192314171868958e+01
4.032267406669053855e+01
4.180708462000455938e+01
4.461789105866230187e+01
4.559958439679157038e+01
4.774156228093914223e+01
4.972312932378258665e+01
5.168609345287053003e+01
5.276882076780473341e+01
5.526754358469921868e+01
5.693437405520229788e+01
5.811670711067392148e+01
6.042171394900783099e+01
6.200863228576776720e+01
6.371464111878542980e+01
6.497617057309599886e+01
6.763692086354606658e+01
6.836588450383442250e+01
7.018587990880210725e+01
7.215548497438187781e+01
7.376763552148588587e+01
7.514312164743310518e+01
7.669630320343020458e+01
7.880999831432090730e+01
8.021013123836664249e+01
8.121395162688314429e+01
8.366665601447057554e+01
8.473174036378162555e+01
8.657766016839026690e+01
8.762971811958790624e+01
8.980113161669581245e+01
9.134970381469757683e+01
9.223749991045426100e+01
9.416661958596002080e+01
9.613601116178055861e+01
9.696174157941747751e+01
9.875530041575453311e+01
1.001348867030677070e+02
1.021413808268896020e+02
1.032880753816789934e+02
1.043332698442675053e+02
1.066944589088957969e+02
1.076902069751466939e+02
1.092599429739282044e+02
1.104996081764291063e+02
1.123678167440122024e+02
1.138147955489927057e+02
1.151423696476493035e+02
1.161932046584611982e+02
1.185375543788469059e+02
1.194529898762091022e+02
1.207312936186604020e+02
1.224474613790686988e+02
1.237945487603195005e+02
1.257685195599156032e+02
1.262987760249414038e+02
1.279594076830633043e+02
1.298856233586454891e+02
1.310935787540840067e+02
1.321435766009878137e+02
1.337441814639747975e+02
1.354908372525569860e+02
1.365473122672825923e+02
1.384572945096963110e+02
1.387501777046113887e+02
1.412536325097518102e+02
1.423944175221978128e+02
1.433290627416176903e+02
1.449781662777114093e+02
1.465220052849082890e+02
1.479345308121808955e+02
1.491884577173024979e+02
1.502963590015430952e+02
1.519619876704836940e+02
1.536996126235152929e+02
1.545754914287198858e+02
1.556502486632433886e+02
1.577483053079029105e+02
1.587050211255294130e+02
1.602364840967709938e+02
1.614071469761566959e+02
1.625660466895990055e+02
1.647311646165769048e+02
1.654014192858631986e+02
1.667538791691083873e+02
1.680444207817097038e+02
1.700511311875266927e+02
1.707347669945787914e+02
1.722804817716213108e+02
1.734429788361350120e+02
1.749150880854006118e+02
1.765973021419181066e+02
1.777012125745737876e+02
1.783623749089856858e+02
1.805693103852854904e+02
1.816149137317044051e+02
1.829167683289689990e+02
1.841150323753684006e+02
1.853739966077004908e+02
1.870687605906944100e+02
1.882713743322707955e+02
1.894917314921285083e+02
1.903711876107558112e+02
1.923611378760562900e+02
1.937970729261467113e+02
1.942318832293609034e+02
1.961320056546842920e+02
1.971134462215763961e+02
1.988064757361468935e+02
2.001620394286985913e+02
2.009016178707688880e+02
2.022605779959316976e+02
2.042210707801581862e+02
2.049920034550983132e+02
2.064119110476111985e+02
2.073173774818878883e+02
2.092277524926479941e+02
2.101031855173984866e+02
2.118334118204238905e+02
2.125376075372134039e+02
2.137618421012780914e+02
2.157938183820155871e+02
2.167034152662029953e+02
2.175819314180380104e+02
2.191726705669443902e+02
2.204056217106370070e+02
2.219285485072545043e+02
2.230031031806292106e+02
2.241222384879467882e+02
2.252932614752054121e+02
2.269881884883754140e+02
2.284055062974364034e+02
2.289590236326752120e+02
2.303301305778047947e+02
2.321004817470690114e+02
2.330480637452988049e+02
2.343517877018327908e+02
2.358362187711414890e+02
2.362415604944756069e+02
2.385371130499825938e+02
2.393384881356197127e+02
2.406267111693931042e+02
2.414779209282112049e+02
2.432289311797385949e+02
2.445131685835881967e+02
2.455648813801140022e+02
2.467240585347250885e+02
2.479951185827383995e+02
2.491845089648855094e+02
2.510865631504561861e+02
2.516369158396142893e+02
2.526234457796684012e+02
2.543144373501226880e+02
2.558379180497420862e+02
2.565045849473484054e+02
2.581652628503512119e+02
2.588344705235249990e+02
2.604304721349255942e+02
2.619136149876497939e+02
2.628836173424605818e+02
2.640542578881282907e+02
2.649328591412200922e+02
2.670006511997152074e+02
2.678014469846023076e+02
2.687833060620479273e+02
2.702780871674818854e+02
2.712549836944488106e+02
2.727558786016933823e+02
2.741714583125191211e+02
2.750331012365801939e+02
2.758589460110831055e+02
2.777723226383192809e+02
2.788036838872865246e+02
2.801571448709746051e+02
2.807931069494090934e+02
2.823796404635613158e+02
2.836045434338831228e+02
2.849255958234166997e+02
2.860802333077169806e+02
2.871494246482419044e+02
2.879784762633212836e+02
2.902521469951744848e+02
2.906772963232606912e+02
2.918320245888447744e+02
2.932024341774729237e+02
2.943272684514598154e+02
2.958034708247192839e+02
2.969006661388548878e+02
2.980788741148923009e+02
2.988703203070775771e+02
3.004344598505344948e+02
3.019198425285970870e+02
3.029179375831171797e+02
3.036611180403339176e+02
3.050652088654189811e+02
3.067951339637120896e+02
3.072860849367148148e+02
3.091224830304224724e+02
3.097399076139748217e+02
3.108236749609454250e+02
3.125563668675609961e+02
3.138779424550679096e+02
3.144331651692888840e+02
3.157349861249269907e+02
3.170123180422326072e+02
3.184562172563549893e+02
3.195796912970354242e+02
3.204063036444929935e+02
3.220019678044902776e+02
3.225391174237918790e+02
3.245184446737242752e+02
3.254747840441062863e+02
3.264585412198654240e+02
3.272599317665116132e+02
3.292000979375791871e+02
3.300360495903458968e+02
3.312114028995819126e+02
3.325729465282333877e+02
3.331815083286944059e+02
3.347686998946794006e+02
3.361527175544333090e+02
3.371396630547770883e+02
3.382262826860367113e+02
3.390112526151997940e+02
3.408419523523529051e+02
3.420261531833647268e+02
3.426858582373587865e+02
3.440836661565687109e+02
3.452097753413460168e+02
3.462627604671017139e+02
3.479246481143633218e+02
3.489817983885467925e+02
3.494343424566002909e+02
3.509772131093085932e+02
3.523917682431247727e+02
3.536933333256829997e+02
3.543017377414640805e+02
3.557444402625969815e+02
3.566276472137673750e+02
3.582882750929423992e+02
3.590964611926056023e+02
3.607110410245588810e+02
3.611974930362085274e+02
3.622769688931667247e+02
3.644197244318352205e+02
3.648037360921119898e+02
3.660496895182690196e+02
3.671255349350747110e+02
3.684338148898078202e+02
3.695016933318963765e+02
3.710690160905649009e+02
3.717700959151501934e+02
3.728848608865911274e+02
3.739348689154617205e+02
3.755468747270076051e+02
3.766839009379747267e+02
3.775592232741847738e+02
3.783869290457616898e+02
3.800570731823140136e+02
3.810486701230353219e+02
3.822397664190157229e+02
3.834850923542027772e+02
3.843728456816805874e+02
3.852152276718099984e+02
3.871492092876308106e+02
3.880821424777153084e+02
3.887777179618526020e+02
3.901691126288973805e+02
3.910819257199606795e+02
3.928517629133617106e+02
3.934434077110107069e+02
3.948199970917935957e+02
3.958046096034178163e+02
3.967344554225484785e+02
3.982504159767378837e+02
3.995655109221427779e+02
4.006928757687115876e+02
4.008264309422547171e+02
4.028183184588996824e+02
4.039074050434836067e+02
4.049455862206119150e+02
4.061612477978882225e+02
4.071450155618871918e+02
4.080395266729540253e+02
4.095882131208358032e+02
4.108716628634833796e+02
4.116605714508531264e+02
4.127311469575827232e+02
4.136692853952956739e+02
4.154292958729205907e+02
4.163705912266159999e+02
4.171292702136133244e+02
4.185574767268274741e+02
4.194874594223070972e+02
4.205289538979832855e+02
4.225103730295799096e+02
4.226872546051342283e+02
4.240668954927375012e+02
4.248233888200049932e+02
4.267324170086495201e+02
4.273840178113417778e+02
4.286981079540674955e+02
4.295893859724852177e+02
4.306175578358959228e+02
4.320607725159701999e+02
4.330374431195775173e+02
4.344393523989531900e+02
4.353481541603434266e+02
4.359041636774496737e+02
4.375822193991932068e+02
4.391581082551974191e+02
4.395375694451764730e+02
4.406772278998544721e+02
4.421697399171824259e+02
4.427770442912217845e+02
4.444382905078887234e+02
4.454637391684133831e+02
4.464483316219370863e+02
4.473020089048109185e+02
4.485069310886577796e+02
4.500566203069175231e+02
4.510707759054246822e+02
4.518399724609768100e+02
4.528798695382793085e+02
4.542535143293540045e+02
4.554224974213785231e+02
4.563924981766489282e+02
4.577825505017347041e+02
4.586021322133399849e+02
4.592328833740285177e+02
4.612298600896850758e+02
4.620932621039507922e+02
4.629845743258504740e+02
4.640743501343873163e+02
4.650844961476043977e+02
4.665652940707548169e+02
4.674698784370247040e+02
4.688527634509716790e+02
4.694101534240184037e+02
4.708501188981866790e+02
4.715584886203263864e+02
4.734496394154614904e+02
4.742516613311981928e+02
4.748624034163399870e+02
4.761069088364217237e+02
4.775245048886670816e+02
4.785851748780899015e+02
4.795637908589237099e+02
4.808534311554146825e+02
4.816357251550837759e+02
4.825600895562204187e+02
4.843734517629854963e+02
4.850244076848567829e+02
4.864338522150223980e+02
4.868608211725273236e+02
4.882017463753887228e+02
4.897275841314972240e+02
4.907259118641965188e+02
4.913816567867895060e+02
4.930084237825968216e+02
4.934820835629861904e+02
4.948408818548194859e+02
4.962645961722145103e+02
4.975146502307832179e+02
4.977645505412583020e+02
4.990214117463165735e+02
5.005977739315263193e+02
5.014706009964723989e+02
5.027754581955358049e+02
5.034664305496215206e+02
5.046541249614305116e+02
5.057391394395630755e+02
5.069400530816781725e+02
5.082986736851623846e+02
5.090177445471134092e+02
5.101633885675939837e+02
5.107897573064071253e+02
5.128299079824193996e+02
5.135236032534548940e+02
5.142237175297290150e+02
5.158008894992311753e+02
5.164115845471201283e+02
5.177359754154985012e+02
5.190169866724148733e+02
5.201672927152596912e+02
5.208726677830213703e+02
5.218414813636147755e+02
5.231209862530988630e+02
5.246029343261714075e+02
5.253609488284229201e+02
5.264041359422307096e+02
5.272006661474755447e+02
5.287556452443180888e+02
5.295794678996543325e+02
5.308423358537776267e+02
5.320554959397940138e+02
5.328153584746462457e+02
5.335083832287072028e+02
5.353309577863145705e+02
5.363352004395685526e+02
5.372271070449864965e+02
5.380268267703332867e+02
5.394508199960462207e+02
5.402203841979388699e+02
5.419075991381139374e+02
5.424625630611155884e+02
5.436960927603489608e+02
5.447854612643174050e+02
5.453834428472393938e+02
5.471872580828529635e+02
5.482176791580562849e+02
5.489435323187860831e+02
5.498226396737209143e+02
5.511198674033146290e+02
5.526147956652257562e+02
5.530343450585153278e+02
5.547348011383174935e+02
5.553810620321719398e+02
5.562186899842313323e+02
5.575625465227177529e+02
5.589896836959291022e+02
5.597894208525301565e+02
5.608241858097516115e+02
5.615795528524945439e+02
5.628849188551249654e+02
5.643751522518197135e+02
5.650000100365369917e+02
5.661218678063805783e+02
5.672955831683173074e+02
5.680926736677289455e+02
5.691816802994341060e+02
5.709348215312533057e+02
5.715268400592476610e+02
5.722400677588466351e+02
5.734681818344492967e+02
5.747318736134633355e+02
5.759555575871454494e+02
5.767984209701595546e+02
5.778693624053099711e+02
5.789016965733924280e+02
5.797474187394313958e+02
5.812480964428613106e+02
5.821923709481817468e+02
5.833513493145512712e+02
5.843417991506165663e+02
5.846620807114782110e+02
5.868551283960003957e+02
5.873635300899337608e+02
5.885717411525411080e+02
5.893661445753140242e+02
5.907944462093777247e+02
5.913222265526675301e+02
5.928553025574937010e+02
5.941167077624738795e+02
5.947968092542618024e+02
5.956682585071993117e+02
5.968241417446500918e+02
5.980888887457333567e+02
5.995367297424774051e+02
5.998997286865045453e+02
6.010939156028159687e+02
6.021346744654388203e+02
6.033889795824883322e+02
6.042938148468507507e+02
6.056572116413863114e+02
6.065960615393108810e+02
6.072592259628437432e+02
6.082637627698643428e+02
6.100487415772701070e+02
6.108754264925553343e+02
6.114356522009910577e+02
6.130036770668672261e+02
6.134934583676714510e+02
6.149738366985714038e+02
6.161208010416538627e+02
6.169880742341041469e+02
6.182758449439585320e+02
6.187850274845673084e+02
6.199748711263880523e+02
6.213988654127994096e+02
6.225693821071093907e+02
6.233287885934777250e+02
6.239075978220627121e+02
6.255528905172897112e+02
6.264556094503055874e+02
6.274934504675703693e+02
6.288248332600829826e+02
6.295220316606181541e+02
6.305179652518243074e+02
6.314173023928339035e+02
6.332741153306768638e+02
6.336603986464992886e+02
6.349701148185882857e+02
6.356341501654525246e+02
6.367716143821367041e+02
6.381752488910882448e+02
6.392087842926172243e+02
6.399157072529865218e+02
6.412380422716472594e+02
6.421510941193681674e+02
6.428017679198692349e+02
6.446042130708982540e+02
6.454995097958390033e+02
6.462997802025422516e+02
6.470574896194453913e+02
6.483968158697125546e+02
6.496531083192060123e+02
6.505413424162594538e+02
6.515822961133867466e+02
6.528398136975328043e+02
6.531559884211598046e+02
6.548227785648158488e+02
6.556257041532461471e+02
6.572450804967337490e+02
6.576739074150594888e+02
6.585994545522721637e+02
6.596721673176100467e+02
6.612221254953196876e+02
6.621647130404337531e+02
6.627797859486865946e+02
6.640817572246721738e+02
6.652242255148943286e+02
6.656751566037869452e+02
6.674627126284049154e+02
6.684056460742930312e+02
6.691459265137309558e+02
6.701636136572634541e+02
6.710436833952020379e+02
6.725940455532927444e+02
6.735142288818104817e+02
6.744839882858317424e+02
6.752723776280390666e+02
6.764387006597012260e+02
6.775213497632676081e+02
6.785637944438528848e+02
6.797683542415408056e+02
6.809019239717470100e+02
6.814098665273796769e+02
6.822963785611746061e+02
6.841938467505385688e+02
6.847771968370839204e+02
6.857810324337366410e+02
6.868206148840368996e+02
6.877252681001511974e+02
6.888919944027805968e+02
6.899425346431963817e+02
6.913507098670363575e+02
6.918054605865028179e+02
6.931148427049879501e+02
6.937349747630455568e+02
6.950702734812616654e+02
6.966559939074892327e+02
6.971513762359056727e+02
6.978163458697607666e+02
6.992983025114623388e+02
7.001330267512606724e+02
7.014573816598991698e+02
7.022405893388915956e+02
7.036576379440082292e+02
7.042996661035315356e+02
7.049385849706420686e+02
7.065715103336018501e+02
7.077273261383536465e+02
7.084751153090694515e+02
7.095305873034712931e+02
7.102874602489763447e+02
7.114837045907269157e+02
7.129508720842325147e+02
7.134655090276880856e+02
7.147673183402010864e+02
7.156796943554153358e+02
7.165782451073791890e+02
7.174349620658841786e+02
7.192765291643406727e+02
7.197613024127265362e+02
7.208511267500080066e+02
7.213965403727821695e+02
7.230401731729226640e+02
7.238207589243335178e+02
7.250281206396980451e+02
7.260867236502637070e+02
7.267848242037639466e+02
7.279554812009846501e+02
7.287655136851205953e+02
7.302296081951751603e+02
7.312976267129715779e+02
7.319787906084294491e+02
7.330734616041711433e+02
7.336844868451490811e+02
7.355456086573325365e+02
7.362422154005062112e+02
7.369631246692780451e+02
7.383980144220533930e+02
7.391475479273899509e+02
7.399210804260061423e+02
7.414286422926835485e+02
7.425149281908074954e+02
7.434481362417237733e+02
7.440147088506132604e+02
7.451717587260372966e+02
7.464485689966544442e+02
7.475207561435793195e+02
7.486509811383325541e+02
7.491340877728357555e+02
7.504457510976558297e+02
7.513530950131478221e+02
7.524751394594505882e+02
7.535572035439432739e+02
7.549609342633070810e+02
7.553107419464247414e+02
7.561413111908194651e+02
7.575800884338824517e+02
7.589640394230023048e+02
7.595683515788759905e+02
7.604471322905457100e+02
7.617739765642053271e+02
7.623994810355275149e+02
7.635979560426594617e+02
7.649547912763754312e+02
7.657362055577389128e+02
7.666419294615078570e+02
7.678740516585563682e+02
7.681693516654607947e+02
7.701867165347870241e+02
7.708258071711817365e+02
7.717884437160396374e+02
7.726040294754114939e+02
7.736798482444288538e+02
7.750869282099271231e+02
7.755544106710574397e+02
7.771591319078662536e+02
7.779789698747126749e+02
7.786559856142044964e+02
7.795661094596382554e+02
7.810906753479735016e+02
7.820745595283314060e+02
7.830535651081838751e+02
7.837261727875337556e+02
7.848555409275620605e+02
7.858292341753198116e+02
7.872074469960090255e+02
7.879610276092405456e+02
7.890009606419448573e+02
7.901386212145238233e+02
7.907556349698226086e+02
7.917461777361788791e+02
7.934762551014936207e+02
7.941959279574811035e+02
7.948373446877918695e+02
7.958275219732078085e+02
7.971463115852758392e+02
7.979834117632066182e+02
7.993654986763624493e+02
7.999344870460938637e+02
8.014651278207794576e+02
8.016675391277433391e+02
8.029332679212515131e+02
8.043453544006988523e+02
8.051600105672758900e+02
8.064806097269657812e+02
8.068362330704767373e+02
8.077911764588948245e+02
8.093794239573931009e+02
8.103253673644514947e+02
8.110272862916458507e+02
8.122955278287184910e+02
8.131253658328763549e+02
8.140274789874777071e+02
8.149829513554991536e+02
8.166532704543764112e+02
8.173382220906174780e+02
8.178609671128491527e+02
8.192031694782871227e+02
8.199637064502445583e+02
8.215260126082874876e+02
8.222121715393805061e+02
8.233257810919908479e+02
8.240064282422684983e+02
8.252909367355250652e+02
8.260213690601530061e+02
8.273070343739326518e+02
8.284662823181196245e+02
8.293746560776349952e+02
8.300463533391611008e+02
8.308386520266249136e+02
8.325360171759374452e+02
8.334572208432006164e+02
8.340692125786787301e+02
8.352666724326260237e+02
8.363601688774601826e+02
8.368616453884167186e+02
8.384072903389760540e+02
8.393518078557503941e+02
8.403516857175847008e+02
8.413837324557912325e+02
8.418120701283257858e+02
8.431961614454639857e+02
8.444087960921073091e+02
8.456439669541257445e+02
8.460181819920099997e+02
8.469891250431271601e+02
8.484464313670196134e+02
8.490448783933874211e+02
8.502336493862017051e+02
8.516477909555692349e+02
8.520899232151001570e+02
8.532737115968668604e+02
8.537576710054654541e+02
8.554685037410340556e+02
8.564592565948556739e+02
8.571615879162305873e+02
8.581784763218596481e+02
8.591355203518141934e+02
8.600024503754973466e+02
8.616055462366238089e+02
8.619923121769852514e+02
8.633948696846189250e+02
8.641953001887313803e+02
8.650746370730695389e+02
8.658321488576241336e+02
8.675813005094571508e+02
8.684468618471551054e+02
8.689179548828607267e+02
8.700626363053927435e+02
8.710376280048212720e+02
8.723347526305353767e+02
8.730377371355939431e+02
8.743474629571286414e+02
8.753132700276732976e+02
8.758188400421462347e+02
8.770185742515415086e+02
8.780796272091274659e+02
8.793902598503923400e+02
8.802284373831497533e+02
8.810927297736214996e+02
8.816903828000904468e+02
8.831640847910093726e+02
8.841377434820702774e+02
8.854428202223381277e+02
8.856623235862483625e+02
8.874208749390683124e+02
8.878356447776944833e+02
8.886161598128968535e+02
8.904122796667232933e+02
8.911524988534060867e+02
8.919865586318135229e+02
8.928485885326242624e+02
8.937912941525229371e+02
8.950423313053496486e+02
8.961603839958050912e+02
8.969728525652795952e+02
8.979839030178039820e+02
8.988082072220643113e+02
8.998764224678470782e+02
9.007984333884754733e+02
9.020530444181122220e+02
9.031562133936123473e+02
9.040546118452905375e+02
9.043312424422382492e+02
9.057455838860494168e+02
9.073324754886364190e+02
9.076541323113498265e+02
9.088515505208463310e+02
9.098426539476417929e+02
9.107278333373881196e+02
9.115830588579545974e+02
9.128351558916371005e+02
9.140467353336043743e+02
9.148171300969278263e+02
9.155350482236053722e+02
9.166788458630313698e+02
9.174294494124072799e+02
9.191682277182660528e+02
9.197997515840086180e+02
9.203510794800509984e+02
9.217310558523103055e+02
9.225167674161990590e+02
9.235907996606133565e+02
9.246029865292778140e+02
9.258879811973946516e+02
9.266273605643872315e+02
9.274597079029299493e+02
9.280895227575807667e+02
9.300269972396480398e+02
9.303651725171230282e+02
9.316814845508133658e+02
9.323990259693451890e+02
9.332949253381237895e+02
9.344074633995031718e+02
9.354739173748760095e+02
9.365662901886198597e+02
9.374040657511854988e+02
9.385528801470513827e+02
9.391817979479080805e+02
9.399903334578109479e+02
9.416384278843742095e+02
9.425470916728831980e+02
9.433599481130920594e+02
9.438742701221616471e+02
9.454183467303942052e+02
9.460992606447646267e+02
9.472559859649730925e+02
9.483622353770222162e+02
9.493543810265597358e+02
9.499860037501448460e+02
9.510200657297721136e+02
9.519472437668385965e+02
9.534672340477395664e+02
9.541767944095421399e+02
9.550164467642231330e+02
9.559923304347407793e+02
9.567043357771424326e+02
9.583092886089417561e+02
9.590683356127835850e+02
9.597871428643561558e+02
9.612947256648343455e+02
9.618250601624226874e+02
9.625079497818037453e+02
9.639307371800223336e+02
9.651744713926858594e+02
9.660584492207984795e+02
9.665332424533080484e+02
9.676567420881896169e+02
9.687600498162402118e+02
9.697850920512540824e+02
9.709381982007076886e+02
9.717270561573727718e+02
9.726120336589992803e+02
9.736329822436716768e+02
9.745079611702594775e+02
9.755350304142607456e+02
9.770653262283578897e+02
9.775017380881597546e+02
9.786313971879925475e+02
9.790182604775122854e+02
9.806125062572084516e+02
9.817888398178934040e+02
9.823044268514805708e+02
9.835057007360900343e+02
9.843715064235667569e+02
9.854784259199968801e+02
9.858932693751048646e+02
9.878496799759777787e+02
9.881873981037874728e+02
9.893555267396593536e+02
9.903298238956690511e+02
9.907770280493671180e+02
9.922698082425063149e+02
9.935604709701625552e+02
9.940646109626786711e+02
9.950892935427018529e+02
9.960088505901761664e+02
9.970623659807756667e+02
9.979883734838800819e+02
9.989689215938965390e+02
1.000528826209219005e+03
1.000911036811540953e+03
1.001541090269410006e+03
1.002799865030360024e+03
1.004000415342879023e+03
1.005119756097662957e+03
1.005805231386310993e+03
1.006700588317637994e+03
1.007844850161653994e+03
1.008466563105144019e+03
1.009882244266585985e+03
1.010725168031662974e+03
1.011815627350498971e+03
1.012623314409937961e+03
1.013701721775241026e+03
1.014020955690820983e+03
1.015843134793875038e+03
1.016862443583819982e+03
1.017360273197731999e+03
1.018226474894011972e+03
1.019552943254377965e+03
1.020225161544751018e+03
1.021422633281179969e+03
1.022434313083727943e+03
1.023513247228180035e+03
1.024263786608855980e+03
1.024965329717244003e+03
1.026068850349603963e+03
1.027508244201347907e+03
1.028146144607072074e+03
1.029395707025505089e+03
1.029845828289279098e+03
1.030760522599457090e+03
1.032369561057880901e+03
1.032841880220255007e+03
1.034084314732732992e+03
1.035012533003035060e+03
1.035943301210420941e+03
1.036740567218945898e+03
1.037485062958608069e+03
1.039294499471365953e+03
1.039903143644919965e+03
1.040580791546796036e+03
1.041570647439207960e+03
1.042659643808922965e+03
1.043532510322213056e+03
1.044864585069399936e+03
1.045622916946198075e+03
1.046464991832951910e+03
1.047742780523125020e+03
1.048063287719565096e+03
1.049440689236940898e+03
1.050471662181942065e+03
1.051882481996251954e+03
1.052143257203601024e+03
1.053054495978228942e+03
1.054070313515575890e+03
1.055496368549075896e+03
1.056338597580831902e+03
1.056973574937429930e+03
1.058385002041042071e+03
1.059045985259321924e+03
1.059730544959495091e+03
1.061027050951199044e+03
1.062251434451063915e+03
1.063036564735790989e+03
1.064003835687379024e+03
1.064586154773365934e+03
1.065709361896567998e+03
1.066892820612944888e+03
1.068037699620467038e+03
1.068784253033111099e+03
1.069479598332648948e+03
1.070696499989074027e+03
1.071720819427597917e+03
1.072205664611084103e+03
1.073984942805255059e+03
1.074553783375070907e+03
1.075535615680116962e+03
1.076129589327568965e+03
1.077193791496714084e+03
1.078705566144546992e+03
1.079396640032566893e+03
1.080160425447932994e+03
1.081498052423582976e+03
1.081898547571825020e+03
1.083071939260649060e+03
1.084228296885047030e+03
1.085153107262940011e+03
1.086212016503800896e+03
1.087054275858402889e+03
1.087864913964205925e+03
1.088518851573554002e+03
1.090321333637853058e+03
1.090897860341900923e+03
1.091990548289177013e+03
1.092391553998078052e+03
1.093922656807887051e+03
1.094499403012654057e+03
1.095644464656204946e+03
1.096731139346624104e+03
1.097883567675462018e+03
1.098428198267896960e+03
1.099184146283414066e+03
1.100408854279289017e+03
1.101473074643959990e+03
1.102644803780058055e+03
1.103518761474854955e+03
1.103888078982475918e+03
1.105297902700468967e+03
1.106020508275284101e+03
1.107468081299178039e+03
1.107989738822486061e+03
1.109163446157444014e+03
1.110280293610102035e+03
1.110752437540473011e+03
1.111541221032520070e+03
1.113303888878399903e+03
1.114169234884177968e+03
1.114529046469833929e+03
1.115905285673466096e+03
1.116415606105395909e+03
1.117784368424099057e+03
1.118656247704408997e+03
1.119721905265606892e+03
1.120720467808889907e+03
1.121376370149050899e+03
1.122438671794622906e+03
1.123222073413021917e+03
1.124429171512699895e+03
1.125743723807780043e+03
1.126320398051379016e+03
1.127083280078730013e+03
1.127902909434206094e+03
1.129320059094537100e+03
1.130283813040861105e+03
1.130958362312339887e+03
1.132200308299893095e+03
1.132986075763793906e+03
1.133850101252199920e+03
1.134588675706670074e+03
1.136035973996306893e+03
1.137206704379663051e+03
1.137563760330888954e+03
1.138678870177579029e+03
1.139503961016192079e+03
1.140454984697450982e+03
1.141895777280956963e+03
1.142687515114598000e+03
1.143239983292618035e+03
1.144511415316005014e+03
1.145452217735273052e+03
1.145986587859807969e+03
1.147431673145749073e+03
1.148392070813720920e+03
1.149509805895323098e+03
1.150016592261454889e+03
1.150596276369665929e+03
1.152343025048546906e+03
1.152965991145138105e+03
1.154167549835816999e+03
1.154800269766802103e+03
1.156019529291449999e+03
1.156517012274945955e+03
1.157761918345720005e+03
1.158716272907734037e+03
1.159892693799657081e+03
1.160706926737140066e+03
1.161553014589190070e+03
1.162314223208149997e+03
1.163209833230439926e+03
1.164919415723273914e+03
1.165422169844880045e+03
1.166174860844560953e+03
1.167197166297710964e+03
1.168304144967539969e+03
1.169039811769685002e+03
1.170026444541784940e+03
1.171457107974302062e+03
1.172078787393332959e+03
1.172842310532796091e+03
1.173818662165147089e+03
1.174616258690183940e+03
1.176262762846690066e+03
1.176707577052115084e+03
1.177855272289476943e+03
1.178533399672352061e+03
1.179466982001810948e+03
1.180522132909266020e+03
1.181896437256008085e+03
1.182141379849130089e+03
1.183746747248090060e+03
1.184482432314534890e+03
1.184939749174443023e+03
1.186017587898146985e+03
1.187536407141441941e+03
1.188301668592732995e+03
1.189230951382118974e+03
1.189713955080665073e+03
1.191058931135457897e+03
1.191882368306984063e+03
1.192821994600983089e+03
1.194220248869273973e+03
1.194674163203424996e+03
1.195736051332951092e+03
1.196717847427740935e+03
1.197278023936195950e+03
1.198680419084284040e+03
1.199817498919061109e+03
1.200638244170781036e+03
1.201193203751934107e+03
1.202119057869841981e+03
1.203366201566720974e+03
1.204403101534903044e+03
1.205197067321043050e+03
1.206141828938102890e+03
1.207364124781156988e+03
1.207881134526001006e+03
1.208589811279812011e+03
1.210108531604493010e+03
1.211162160983589956e+03
1.211812809577947974e+03
1.212696295972501048e+03
1.213655443918564970e+03
1.214350669747117990e+03
1.215998710974336063e+03
1.216475448303104940e+03
1.217509251337703972e+03
1.218544833950034899e+03
1.219149072035472955e+03
1.220524509029175988e+03
1.220836343598783060e+03
1.222582578320337916e+03
1.223447782274186920e+03
1.223925243372747900e+03
1.224715023066320100e+03
1.225964932067219934e+03
1.227048252128156037e+03
1.227987231708993932e+03
1.228860738770375065e+03
1.229688142926250976e+03
1.230882502802028966e+03
1.231258914266240936e+03
1.232586864822485950e+03
1.233802480198583908e+03
1.234438865793795003e+03
1.235612177901037057e+03
1.236251437398173039e+03
1.236860043898634103e+03
1.238413813543299057e+03
1.239530565701257046e+03
1.240056663465567908e+03
1.240882337026841924e+03
1.242143410001446000e+03
1.242835131121712038e+03
1.243714435133364077e+03
1.244949497401978988e+03
1.246092532214016046e+03
1.246673864689430047e+03
1.247596611879328975e+03
1.248218028863386962e+03
1.249712233156712045e+03
1.250562307350191986e+03
1.251547205455912945e+03
1.252520489160056059e+03
1.252932565138318978e+03
1.254259075466713057e+03
1.255168383993272982e+03
1.256138476626380907e+03
1.257126164474804000e+03
1.258359221517544029e+03
1.258693681728399042e+03
1.259719236663125002e+03
1.260539605968684100e+03
1.262279093186522005e+03
1.262866043820781897e+03
1.263280778980715922e+03
1.264625265809371967e+03
1.265524517694580027e+03
1.266191624226323029e+03
1.267695021177262106e+03
1.268227010222711897e+03
1.269615017955396070e+03
1.269964615070625086e+03
1.271112387371724026e+03
1.271800392836840047e+03
1.273185706247448934e+03
1.274259773069403082e+03
1.274912334418966111e+03
1.275747634400659990e+03
1.276447792894743088e+03
1.277905275641154958e+03
1.278672646115727957e+03
1.279531557986149892e+03
1.280719791019733975e+03
1.281505885705958917e+03
1.282404211207538083e+03
1.282843935157706028e+03
1.284586376397091044e+03
1.285263266710730022e+03
1.286436898550691012e+03
1.286821515576999900e+03
1.287892745237491908e+03
1.288876534158692948e+03
1.289930873707907040e+03
1.291064513001653040e+03
1.291792677675693085e+03
1.292532341192742933e+03
1.293926121511763995e+03
1.294244847648117002e+03
1.295272630455586068e+03
1.296951352899575113e+03
1.297393021995399977e+03
1.298321192849721001e+03
1.298989019304852945e+03
1.300019843319794973e+03
1.301336449607403893e+03
1.302159400525646106e+03
1.302877701705433083e+03
1.304163066809139082e+03
1.304794057635848958e+03
1.305492355227321013e+03
1.306760445635768065e+03
1.307750555043417080e+03
1.308758494787891095e+03
1.309721383536802932e+03
1.310278619721018913e+03
1.311102823242043996e+03
1.312333680826656064e+03
1.313608384727385101e+03
1.314304585484461086e+03
1.314863276469578068e+03
1.316262504666311088e+03
1.316852068703839905e+03
1.317822754434625040e+03
1.318779176874769064e+03
1.320269186096420981e+03
1.320788242143900106e+03
1.321418652620955072e+03
1.322468351401998916e+03
1.323413845440215937e+03
1.324677962387238040e+03
1.325515283471220073e+03
1.326434611889362031e+03
1.327056030046890100e+03
1.328204653359638087e+03
1.329009227508656977e+03
1.330071556992231081e+03
1.331159919922361041e+03
1.331931734066567969e+03
1.333128017158247076e+03
1.333643777953453082e+03
1.334161962949553072e+03
1.336183232532856891e+03
1.336560408161878058e+03
1.337501680088563944e+03
1.338421541375121933e+03
1.339262419639966083e+03
1.340323039886890001e+03
1.341087479803162068e+03
1.342362314154330988e+03
1.343185225613615103e+03
1.344273086744364036e+03
1.344604961478800078e+03
1.345860832061912106e+03
1.346620181195788973e+03
1.348065375054012065e+03
1.348945586550885992e+03
1.349455274899835103e+03
1.350319051588061029e+03
1.351436607649899997e+03
1.352487106010647949e+03
1.353322602070436005e+03
1.354290007464835071e+03
1.355415975133638085e+03
1.356158140333991923e+03
1.356724525021011004e+03
1.357770150423994892e+03
1.359271118527542967e+03
1.359951297024442056e+03
1.360766696622973086e+03
1.361508501558103944e+03
1.362731115908138008e+03
1.363199341709048895e+03
1.364912066129415052e+03
1.365301360526852932e+03
1.366321988009171946e+03
1.367372062898464037e+03
1.368215285711220076e+03
1.368742938178105987e+03
1.370097786352893081e+03
1.371237814190465997e+03
1.372193157653905018e+03
1.372639920608952025e+03
1.373431772965973096e+03
1.374705659317171012e+03
1.375911990107997099e+03
1.376301756605974106e+03
1.377749123247089074e+03
1.378389290201288077e+03
1.379173730627722989e+03
1.380214836887427055e+03
1.380948612776194068e+03
1.382480063890810015e+03
1.383067262973751895e+03
1.383963963397909993e+03
1.384993829918970050e+03
1.385309356843175919e+03
1.386857158500007927e+03
1.387918545012677896e+03
1.388674089466710029e+03
1.389283380913834890e+03
1.390615983787437926e+03
1.391359314636694080e+03
1.391946189576080087e+03
1.393296872721884029e+03
1.394619630514657047e+03
1.394943714132554078e+03
1.395974886390292113e+03
1.396614016240795991e+03
1.397832545406118015e+03
1.398900197157128105e+03
1.399950501552985997e+03
1.400459490690943085e+03
1.401701935010250054e+03
1.402233499017592067e+03
1.403294465594699886e+03
1.404519287733355895e+03
1.405063461509062108e+03
1.406626980777858989e+03
1.407060629433821987e+03
1.407779755249440086e+03
1.408623990675604091e+03
1.410088459866246012e+03
1.410985472529792105e+03
1.411833725401505944e+03
1.412386794425025073e+03
1.413605674362768923e+03
1.414577667988477970e+03
1.415051896771957900e+03
1.416596281753697895e+03
1.417397022235202940e+03
1.418188533829790003e+03
1.419052675321916013e+03
1.419885393019409094e+03
1.420707221321054931e+03
1.422216683703999934e+03
1.422969698245655991e+03
1.423625450382219015e+03
1.424568096731148898e+03
1.425357128208039057e+03
1.426649147618179995e+03
1.427336861117436911e+03
1.428335042945757095e+03
1.429537020088765075e+03
1.430170945320116061e+03
1.430980259458267938e+03
1.431604878658416055e+03
1.433230574472034959e+03
1.434169969754037083e+03
1.434564355987125055e+03
1.435954330538500926e+03
1.436262826693367970e+03
1.437491214650899110e+03
1.438536535851553936e+03
1.439483120572424014e+03
1.440399932771724934e+03
1.441246035481520948e+03
1.442165478013088887e+03
1.442921160152201992e+03
1.443761667257962927e+03
1.445158398849441937e+03
1.446217873469727010e+03
1.446810673793954038e+03
1.447127924106436012e+03
1.448854763514204933e+03
1.449258042409795962e+03
1.450705040861437055e+03
1.451284766103349057e+03
1.452364443534735983e+03
1.453374973857243958e+03
1.453859374398947011e+03
1.454782526772082065e+03
1.456199296351860085e+03
1.456976720351937047e+03
1.457905136277965994e+03
1.458795557463761952e+03
1.459323094050113923e+03
1.460367057196365977e+03
1.461822838880227891e+03
1.462425017312051068e+03
1.463243979046244931e+03
1.464261552037560932e+03
1.465264597958064087e+03
1.465850101185993026e+03
1.466781434863914910e+03
1.468165575353509894e+03
1.469216608000913993e+03
1.469538096557304016e+03
1.470536807338869039e+03
1.471337233381799933e+03
1.472687162484558030e+03
1.473395828747770111e+03
1.474569918151300044e+03
1.475192541582343893e+03
1.476142452811938938e+03
1.476920747597474019e+03
1.478109058468532112e+03
1.478709910629522028e+03
1.480214735797545927e+03
1.480820521169632912e+03
1.481620964664301027e+03
1.482498723421469094e+03
1.483116561687365902e+03
1.484919212420179974e+03
1.485403819118922002e+03
1.486112427685467992e+03
1.487142477842015978e+03
1.488402855224406039e+03
1.488582164462165110e+03
1.489857692468174037e+03
1.491171784007047108e+03
1.491707985445327949e+03
1.492950051142870052e+03
1.493355642320160996e+03
1.494239684527487043e+03
1.495469203016828033e+03
1.496486563806919094e+03
1.497535147986335915e+03
1.498140321856194987e+03
1.498789288267011898e+03
1.500100542454456900e+03
1.500847490043988955e+03
1.501852994747411913e+03
1.502777658008064009e+03
1.503960984443277994e+03
1.504752633678810071e+03
1.505006009343114101e+03
1.506258875270076942e+03
1.507524221005678100e+03
1.508544753238152907e+03
1.509066815591528893e+03
1.509995747464493888e+03
1.510977605171171035e+03
1.511737043888791050e+03
1.512853774691639046e+03
1.513853835762836070e+03
1.514831043610960933e+03
1.515405705077245102e+03
1.516738120196034970e+03
1.517072765031686913e+03
1.518001890917578066e+03
1.519786535184674904e+03
1.520124081645298929e+03
1.521012047511598894e+03
1.521796078693846084e+03
1.522740547644410071e+03
1.523846719357361053e+03
1.524870880248286085e+03
1.525429357967163924e+03
1.526934382159156030e+03
1.527369919891895051e+03
1.528089905397424900e+03
1.529123199321355969e+03
1.530263805811008979e+03
1.531284998345385929e+03
1.532161125695452029e+03
1.532915838573180054e+03
1.533555233911190953e+03
1.534638268180935938e+03
1.535752666280930043e+03
1.536879084822968025e+03
1.537284026992170084e+03
1.538484543879465036e+03
1.539299241863328007e+03
1.540405862657037005e+03
1.540533432518257996e+03
1.542415340963189919e+03
1.543120919368802106e+03
1.543982120551160051e+03
1.544490346035428956e+03
1.545543257224428999e+03
1.546680610083697957e+03
1.547481013795038052e+03
1.548793272419341065e+03
1.549164392199998019e+03
1.550221328963014912e+03
1.551340320616706094e+03
1.551642499803770988e+03
1.553143423620565954e+03
1.553888670588570903e+03
1.555105408409019901e+03
1.555723396810605891e+03
1.556540819188802061e+03
1.557066145232860890e+03
1.558783272657799898e+03
1.559533371772952933e+03
1.560133259953807055e+03
1.561207631332704977e+03
1.562200078914496999e+03
1.562777231860108031e+03
1.563856896046768043e+03
1.564756407677567040e+03
1.566182387726210891e+03
1.566657978956945954e+03
1.567295978387403011e+03
1.568514994324460076e+03
1.569057541518820926e+03
1.570436339235576042e+03
1.571562585746343984e+03
1.571985874677015090e+03
1.572885570006998023e+03
1.573844564600517970e+03
1.574881065692672109e+03
1.575598538019037960e+03
1.576718333509968033e+03
1.577734058095529917e+03
1.578667271016111044e+03
1.579244255848424928e+03
1.579869438613311104e+03
1.581221146723946049e+03
1.582571315174478968e+03
1.582874905590023900e+03
1.583857339059622063e+03
1.584870526847460042e+03
1.585604917115115995e+03
1.586484361272975093e+03
1.587736606905594954e+03
1.588516914218469083e+03
1.589393717541812975e+03
1.590402017917682997e+03
1.591155752267600064e+03
1.591642459020504020e+03
1.593147275666982978e+03
1.594137350125881085e+03
1.595000531279753886e+03
1.595634389877033072e+03
1.596256030299296071e+03
1.597802710862900085e+03
1.598293253693205088e+03
1.599295944667828962e+03
1.600538329563004936e+03
1.601188118658021040e+03
1.602049977003963932e+03
1.602773618097467079e+03
1.603687265009783914e+03
1.605044529816580962e+03
1.605846260193158059e+03
1.606721229347423105e+03
1.607300027308154995e+03
1.608420547617852890e+03
1.609034709570260020e+03
1.610602805112456053e+03
1.611155567876289979e+03
1.611860725317764945e+03
1.613415246352011081e+03
1.613532972511223079e+03
1.614655508212696077e+03
1.615381865516902963e+03
1.617086984825669106e+03
1.617535367579348076e+03
1.618311616698777925e+03
1.619127741535483892e+03
1.620066251030420062e+03
1.621124596293878085e+03
1.622163513129456078e+03
1.622893885298710074e+03
1.623976063774166050e+03
1.624693082257015931e+03
1.625445612590119936e+03
1.626477124934167932e+03
1.627391677485589071e+03
1.628499300778433962e+03
1.629503818846026888e+03
1.630318617216677922e+03
1.630549565448540989e+03
1.631828159143010907e+03
1.633103035227182090e+03
1.633822997835254000e+03
1.634834871180142045e+03
1.635342265975028113e+03
1.636697465086419925e+03
1.637343257898583943e+03
1.637874335447371095e+03
1.639445022806185989e+03
1.640419233523675985e+03
1.640863700612954972e+03
1.641920150031749017e+03
1.642690047451312921e+03
1.643419456370472062e+03
1.645041712938648061e+03
1.645435418535457984e+03
1.646706262170112041e+03
1.647014654514624908e+03
1.648262901684302960e+03
1.649051868228636067e+03
1.650009225151444070e+03
1.650912550557954091e+03
1.652145144753395016e+03
1.652869336932704073e+03
1.653600160715687025e+03
1.654054207830274891e+03
1.655597960895627011e+03
1.656546664641642110e+03
1.657415674327130091e+03
1.657993385786933914e+03
1.659199250068669016e+03
1.659786904617727942e+03
1.660743884491954987e+03
1.661891772741563045e+03
1.662697002904819101e+03
1.663826165448818074e+03
1.664425763350586067e+03
1.665279629072862008e+03
1.666122271799388955e+03
1.667003112545628028e+03
1.668667480282580982e+03
1.669086071030832045e+03
1.669532617048103930e+03
1.670764854030046990e+03
1.671695604560060929e+03
1.672539686576705890e+03
1.673478150239968954e+03
1.674564163252661956e+03
1.675405548927444897e+03
1.676276894677064092e+03
1.676898527138476084e+03
1.677662401879872050e+03
1.679362544594519022e+03
1.679698013472560888e+03
1.680825958516873925e+03
1.681812984508879936e+03
1.682060829570363921e+03
1.683353261587484894e+03
1.684426343879473052e+03
1.685312244172260080e+03
1.686049814204299082e+03
1.687182913018531963e+03
1.687876520901143977e+03
1.688782850449259058e+03
1.689282107361558019e+03
1.690916333661705039e+03
1.691791096282975104e+03
1.692403310034994092e+03
1.693087906428803080e+03
1.694076368257811055e+03
1.695194841514181007e+03
1.695927873978992011e+03
1.697086951643158045e+03
1.697863497144833900e+03
1.698782083793953007e+03
1.699426878769437963e+03
1.700512984199345965e+03
1.701162565852132047e+03
1.702518669026635962e+03
1.703461856677470905e+03
1.704089879878612919e+03
1.704922007721871978e+03
1.705585386148618909e+03
1.706797072011418095e+03
1.708081268992310925e+03
1.708544465081976114e+03
1.709291271800949062e+03
1.710789062149423899e+03
1.711162839498241055e+03
1.711761746180899081e+03
1.713224836971784953e+03
1.714094676758470086e+03
1.715188489337743931e+03
1.715691954146840089e+03
1.716469138715965073e+03
1.717465757074026897e+03
1.718435578902686984e+03
1.719660729033186954e+03
1.720268796673980887e+03
1.721319081432370922e+03
1.721772004855740079e+03
1.723097167416593038e+03
1.723737059888461090e+03
1.724614891185605984e+03
1.725897290281465075e+03
1.726929453652526945e+03
1.727217202982913932e+03
1.728247130727595959e+03
1.728885480016607971e+03
1.730547578574698946e+03
1.731022200680203014e+03
1.731981286820468995e+03
1.732826420365860940e+03
1.733676164044112056e+03
1.734644605173939908e+03
1.735256546726576062e+03
1.736618731996715042e+03
1.737509931796884985e+03
1.738130231826371073e+03
1.739304411662142002e+03
1.739819601416505975e+03
1.740524949851833071e+03
1.742042894645961042e+03
1.743076386111348938e+03
1.743453717624290903e+03
1.744341631929306914e+03
1.745411510018708896e+03
1.746131920267167061e+03
1.747352001535241925e+03
1.747844811378763097e+03
1.749280984096922111e+03
1.750018998633692036e+03
1.750675101981116995e+03
1.751263788583353971e+03
1.752598344292716092e+03
1.753516323345540968e+03
1.754560277432867906e+03
1.755390426586535114e+03
1.755863306801258886e+03
1.756985402604178944e+03
1.757811950059907986e+03
1.758859397402002969e+03
1.759959051321191964e+03
1.760438256183842896e+03
1.761706819418724081e+03
1.762451164867246007e+03
1.762986920075044054e+03
1.763920013235099077e+03
1.765585873200032893e+03
1.766010706880480939e+03
1.766922456054669055e+03
1.767437097476356030e+03
1.768780980670575900e+03
1.769352843542289065e+03
1.770558541711149019e+03
1.771411737482816989e+03
1.772301652407808888e+03
1.773278888531666098e+03
1.773790242132474077e+03
1.774845503560394945e+03
1.775617442645839901e+03
1.777106502675630054e+03
1.777539600785893981e+03
1.778692669921161951e+03
1.779295136221719986e+03
1.779794356043111065e+03
1.781450662567314112e+03
1.782177336975714070e+03
1.782805109876439019e+03
1.784068489696700908e+03
1.784664362851744954e+03
1.785754189211724906e+03
1.786159755459334065e+03
1.787342364509597019e+03
1.788728733628161081e+03
1.789307033136580003e+03
1.789974637719898055e+03
1.790849716972408942e+03
1.791827442572583095e+03
1.792647085934820097e+03
1.793914129841187105e+03
1.794861502651619048e+03
1.795132162831085907e+03
1.796417735093675901e+03
1.797269488924840061e+03
1.797878109141839104e+03
1.799033710345433065e+03
1.800033200490441914e+03
1.801160937803874049e+03
1.801679140059504107e+03
1.802259072317063101e+03
1.803267573800769014e+03
1.804578103360991008e+03
1.805513550639632967e+03
1.805992457986817953e+03
1.807135100854462962e+03
1.807953140195158085e+03
1.808749019358134092e+03
1.809467051647091012e+03
1.810860983902975931e+03
1.811504579857637054e+03
1.812567144561056011e+03
1.813378779127684993e+03
1.813932023554622901e+03
1.814818097150375024e+03
1.816069688468923914e+03
1.817128663006430088e+03
1.817888389916586902e+03
1.818399174791202086e+03
1.819427524070468053e+03
1.820540175101117939e+03
1.821180018789598989e+03
1.822051833497175949e+03
1.823429783713859024e+03
1.824313945826580039e+03
1.824446992973641045e+03
1.825854707355935034e+03
1.826221890392773048e+03
1.827784455183383898e+03
1.828670087864825064e+03
1.829233108732699975e+03
1.830192101426905083e+03
1.831174002568008973e+03
1.831612001676830914e+03
1.833126785582355978e+03
1.833692863463887079e+03
1.834748689706686946e+03
1.835598715506167991e+03
1.836691169559328046e+03
1.837025830677835984e+03
1.837830109985776062e+03
1.839460958021104034e+03
1.840115238371053010e+03
1.841073755035891963e+03
1.841468944157760916e+03
1.842569007247557920e+03
1.843664580995241977e+03
1.844236951954053893e+03
1.845526717653566038e+03
1.846226683841430031e+03
1.847312065910283991e+03
1.847895210526665096e+03
1.848633650545473984e+03
1.849742789026724040e+03
1.850634215384912068e+03
1.851888651456391017e+03
1.852549987678844900e+03
1.853212182183890945e+03
1.853877873791693901e+03
1.855204759369190924e+03
1.855953574723534075e+03
1.857206196349643960e+03
1.857514473896585969e+03
1.858816316058555913e+03
1.859622354354261915e+03
1.860275731610089906e+03
1.860919410989109110e+03
1.862618267294843918e+03
1.863282454827821994e+03
1.863827417016789013e+03
1.864930065316890023e+03
1.865558628463870946e+03
1.866466897139388948e+03
1.867746962392900059e+03
1.868496759154824986e+03
1.869317340322488917e+03
1.870237918961912101e+03
1.871004181360078064e+03
1.871882059471221964e+03
1.872763316322435912e+03
1.873670444660144994e+03
1.875107525874105022e+03
1.875562266696158986e+03
1.876188805242247099e+03
1.877024815100493925e+03
1.878115892074469002e+03
1.879466950621979095e+03
1.879783448179852030e+03
1.880854061841067960e+03
1.881880096527344904e+03
1.882444461087570971e+03
1.883428424609533067e+03
1.884185400205595897e+03
1.885481721060923064e+03
1.886322671973900924e+03
1.887048775639387941e+03
1.887919985644851977e+03
1.888605359022293896e+03
1.889471912726660094e+03
1.890814399800621914e+03
1.891787753105224965e+03
1.892257939271486975e+03
1.892980509406776036e+03
1.894379947546460016e+03
1.894845647984567904e+03
1.895656636488796948e+03
1.897034489342652023e+03
1.897702351211572022e+03
1.898801755622931069e+03
1.899453067195850053e+03
1.899778031017970989e+03
1.901272204713261999e+03
1.902324638228727963e+03
1.902940826641103058e+03
1.904104554313888912e+03
1.904548986028615900e+03
1.905588105161752082e+03
1.906322942721533991e+03
1.907681429951484006e+03
1.908058742958025050e+03
1.909463318920918027e+03
1.910056973251178988e+03
1.910971534150464095e+03
1.911620388326555030e+03
1.912385188801416007e+03
1.914022686632657042e+03
1.914611987219009052e+03
1.915360462387634016e+03
1.915970354917696113e+03
1.917276848679493014e+03
1.917845118843541968e+03
1.918873232049347052e+03
1.919832120164345952e+03
1.920928855606571915e+03
1.921537932219333015e+03
1.922323391368614011e+03
1.923230479353647070e+03
1.923973670022292026e+03
1.925251880216178961e+03
1.926368028363481017e+03
1.926688652421715915e+03
1.927725459661814057e+03
1.928393122896467048e+03
1.929395674127551956e+03
1.930694835670140947e+03
1.931181333502468078e+03
1.932073572646700086e+03
1.933349439493867976e+03
1.933985463015068035e+03
1.934343561556577015e+03
1.935547598197485058e+03
1.936856670963170927e+03
1.937650325483584993e+03
1.938247198454944964e+03
1.939343911639062071e+03
1.939665772656325089e+03
1.941200523979488935e+03
1.941655180341351070e+03
1.942992066267645896e+03
1.943784296771322033e+03
1.944287489238728085e+03
1.945476693021171968e+03
1.946288260941829094e+03
1.946791003195892017e+03
1.948191988812334102e+03
1.949201866692410022e+03
1.949974210251046998e+03
1.950470512260767009e+03
1.951275902925603987e+03
1.952462962661282063e+03
1.953476828152214011e+03
1.954350055940898073e+03
1.954954331708383052e+03
1.956142523725480032e+03
1.956891430696018915e+03
1.957466736895193890e+03
1.958467529585087959e+03
1.959761669987281948e+03
1.960439553753830069e+03
1.961463000253171913e+03
1.961949952279667968e+03
1.963087601143528900e+03
1.963448728728420974e+03
1.965146954072502012e+03
1.965870861542983903e+03
1.966351323923295013e+03
1.967512221687396050e+03
1.968216000881318905e+03
1.969185943981618038e+03
1.969958151502688906e+03
1.970857519205173048e+03
1.972243301015595989e+03
1.972848584240749005e+03
1.973440266375501096e+03
1.974129903197798058e+03
1.975415757296150105e+03
1.976245335710433892e+03
1.977348544963512040e+03
1.978068903871977909e+03
1.978739058639345103e+03
1.979772366199148109e+03
1.980511035432408107e+03
1.981432017192400963e+03
1.982531817018209040e+03
1.983345794767144071e+03
1.984261495957714033e+03
1.985103395961589968e+03
1.985907144402586937e+03
1.986228496363818067e+03
1.988093276126608998e+03
1.988690354145855963e+03
1.989432004482340062e+03
1.990172887810198972e+03
1.991161207871720990e+03
1.992127504015809109e+03
1.992750475823991110e+03
1.993897360537390114e+03
1.994924786327424044e+03
1.995667809933373064e+03
1.996426993671082982e+03
1.997253471866569953e+03
1.997911130684793079e+03
1.999366020844956893e+03
1.999993276039334887e+03
2.001175453995303087e+03
2.001672139317857955e+03
2.002292429112879063e+03
2.003495906766585904e+03
2.004440377684787109e+03
2.005353957791774974e+03
2.006002249425285072e+03
2.007429334694076942e+03
2.007757333874006008e+03
2.008635659269328926e+03
2.009376474898633887e+03
2.010537888049108915e+03
2.011954285791776101e+03
2.012280883240450066e+03
2.012812975264853094e+03
2.014219942302496975e+03
2.014681044260134058e+03
2.015695488548391950e+03
2.016941607968502012e+03
2.017591801744071063e+03
2.018358819442131107e+03
2.019466688986505005e+03
2.020055226143327900e+03
2.020855795565737935e+03
2.021851204377710928e+03
2.023173221560123011e+03
2.023778666397130110e+03
2.024718837809610932e+03
2.025074316640105963e+03
2.026126317274656913e+03
2.027533113013294042e+03
2.027968885914418934e+03
2.029013487068822087e+03
2.029876956359587894e+03
2.030894078666543919e+03
2.031402521105904043e+03
2.032210627181689915e+03
2.033366729351241929e+03
2.034527727675679898e+03
2.035063265699207932e+03
2.036231417042113890e+03
2.036540090930204997e+03
2.037536502355653965e+03
2.038554554865256023e+03
2.039816369838780020e+03
2.040312716439081896e+03
2.041333391590301972e+03
2.041886026330158984e+03
2.043140339196864034e+03
2.043855525046905086e+03
2.044309394778483011e+03
2.046062166289661945e+03
2.046579398196779039e+03
2.047391608470120900e+03
2.048070357552694986e+03
2.048890528811838976e+03
2.049978757632497945e+03
2.051148946997251187e+03
2.051743217948147958e+03
2.052613314237184113e+03
2.053524122158925820e+03
2.054396220939353043e+03
2.054906738561192924e+03
2.056365637192353915e+03
2.056897462356594133e+03
2.057985300105451188e+03
2.059149508470621186e+03
2.059378764259787204e+03
2.060155125803295959e+03
2.061279663137237094e+03
2.062528725166591812e+03
2.063403696714152829e+03
2.063815229125728820e+03
2.064725736801936819e+03
2.066003574929705792e+03
2.066315207625712901e+03
2.067495274957581842e+03
2.068341639101905912e+03
2.069709808165227969e+03
2.070020631496191982e+03
2.070851054881870823e+03
2.071793545607892156e+03
2.072526077298974087e+03
2.073800510997613856e+03
2.074676621344563046e+03
2.075533108969490058e+03
2.076078601302233892e+03
2.076897989376775968e+03
2.078123893989686167e+03
2.078730307196475223e+03
2.079891836665588016e+03
2.080583451238870111e+03
2.081696016788696852e+03
2.082370717136462190e+03
2.083248488288157205e+03
2.083520922093895933e+03
2.085490385309396061e+03
2.085921488611008954e+03
2.086655865184923186e+03
2.087620694489180096e+03
2.088411566254001173e+03
2.089162721110374150e+03
2.090294101705861067e+03
2.091170783925845171e+03
2.092031342033020792e+03
2.093002840686926902e+03
2.093630925874396780e+03
2.094524437729683086e+03
2.095302237553838950e+03
2.096227930688432934e+03
2.097578133449451798e+03
2.098309057568295884e+03
2.098828772035713882e+03
2.099525612575102969e+03
2.100665140172452084e+03
2.101731928314968172e+03
2.102386168836881097e+03
2.103449711869341172e+03
2.104184207505969880e+03
2.105259491241316027e+03
2.105825837935159143e+03
2.106432303739141844e+03
2.107831067975176211e+03
2.108674905779587789e+03
2.109756935972175143e+03
2.110101509977806018e+03
2.111115220571879036e+03
2.111892883502930090e+03
2.112772896862561993e+03
2.114128320194023217e+03
2.114886655936730222e+03
2.115167780750546171e+03
2.116641244494835064e+03
2.117215022205006790e+03
2.117984825139827080e+03
2.118817891258845975e+03
2.120185646401420854e+03
2.120952412114644176e+03
2.121708062390207942e+03
2.122345134175668136e+03
2.123054612436194020e+03
2.124378332020159178e+03
2.125300047893696956e+03
2.125904702123735206e+03
2.127033449136219133e+03
2.127891587083990089e+03
2.128217538405383038e+03
2.129687073983977825e+03
2.130056367627570125e+03
2.131343952527698093e+03
2.132366636215268045e+03
2.132915585820494016e+03
2.134083719236818069e+03
2.134223766956913096e+03
2.135391556721449888e+03
2.136741231747716029e+03
2.137631838134570899e+03
2.137971161144518192e+03
2.138949186953417211e+03
2.140102474070170047e+03
2.140691461008476836e+03
2.141425832743260798e+03
2.142688541832559167e+03
2.143598248360384787e+03
2.144542473477571093e+03
2.144854677120512861e+03
2.146049566349965971e+03
2.146556115705912816e+03
2.147969143839100070e+03
2.148754644937043849e+03
2.149752779140926123e+03
2.150144702085699009e+03
2.151208498334617161e+03
2.151990626519926991e+03
2.152993071986818904e+03
2.153997583718797159e+03
2.154578466631965057e+03
2.155910000661294816e+03
2.156696357682814778e+03
2.156932512493409831e+03
2.157870164969151119e+03
2.159315185029453914e+03
2.160074795549890950e+03
2.160965090022616096e+03
2.161624481496660792e+03
2.162321754598954158e+03
2.163672882551616112e+03
2.163943827050789878e+03
2.165237528750293222e+03
2.166246160151698859e+03
2.166896637525278948e+03
2.167791632524259967e+03
2.168569295112787131e+03
2.169448415215634213e+03
2.170038584685791193e+03
2.171679513904990927e+03
2.172336507298293782e+03
2.172775938153573861e+03
2.173823553972848003e+03
2.174471077121453163e+03
2.175639479149168892e+03
2.176711203336858034e+03
2.177060549709899078e+03
2.178471425025291865e+03
2.179057259127504949e+03
2.180024238337256065e+03
2.180413301655080886e+03
2.181531079096891972e+03
2.182954836190765036e+03
2.183348324740445150e+03
2.184366240895698866e+03
2.185114676704684825e+03
2.185807983143538877e+03
2.186677787322353197e+03
2.188055237468327050e+03
2.188570268905320063e+03
2.189583187023305072e+03
2.190237535608472172e+03
2.191441233278475011e+03
2.191838140813129939e+03
2.192770269350333820e+03
2.193787496923733215e+03
2.195107505924646830e+03
2.195737705689240101e+03
2.196176294923939167e+03
2.196977649839341211e+03
2.198329933851738133e+03
2.198865806150166918e+03
2.200110326746048031e+03
2.200814206900406134e+03
2.201580275771470951e+03
2.202531105753755128e+03
2.203307286362858122e+03
2.203966558646001886e+03
2.205165184137939832e+03
2.206216462036969915e+03
2.206763851466765118e+03
2.208031232047037975e+03
2.208317455748187967e+03
2.208988191771642960e+03
2.210451199882685160e+03
2.211433259533102046e+03
2.212088731222308070e+03
2.212665808315700815e+03
2.213954464695942079e+03
2.214524907083807193e+03
2.215358430396946915e+03
2.216218867792857964e+03
2.217455367532622859e+03
2.218301246623127099e+03
2.219030244278410009e+03
2.219558370180376187e+03
2.220589720911876157e+03
2.221427544315960859e+03
2.222663254187893017e+03
2.223390223741378122e+03
2.224214848143300060e+03
2.224966737966546134e+03
2.225687082174127227e+03
2.226787654805419152e+03
2.227677286895862835e+03
2.228304911344149787e+03
2.229667051413064200e+03
2.230429680609755906e+03
2.230817614029807828e+03
2.231993923606757107e+03
2.232330860172076882e+03
2.234138880269937999e+03
2.234624445824867962e+03
2.235363850548743812e+03
2.236158290945435965e+03
2.237185607393938881e+03
2.237995821687522948e+03
2.238569289899662181e+03
2.240173239737339827e+03
2.240447814012613890e+03
2.241543273649013827e+03
2.242467570351343966e+03
2.243053668608334192e+03
2.243719032462568066e+03
2.245037648064574114e+03
2.245965199245089025e+03
2.246924426572400989e+03
2.247465257644429130e+03
2.248048575913849163e+03
2.249247365746462947e+03
2.250232076804301869e+03
2.250886051309159029e+03
2.251879561968659800e+03
2.252895396957644152e+03
2.253700214121874978e+03
2.254283337507033139e+03
2.254977990395937013e+03
2.256182851423449847e+03
2.257287721071130818e+03
2.258003411981812860e+03
2.258766381776797971e+03
2.259533939704920158e+03
2.260318687844426222e+03
2.261267084998139126e+03
2.262345011140379029e+03
2.263213338178009963e+03
2.263933397400388913e+03
2.264776116095551060e+03
2.265759892743238197e+03
2.266568234219853821e+03
2.266905800904457919e+03
2.268473160881280819e+03
2.269610337263460224e+03
2.269883471908628962e+03
2.270595117405950987e+03
2.271709328774677033e+03
2.272382704223393830e+03
2.273597455252222062e+03
2.274492636238598152e+03
2.274964530252556870e+03
2.276447749190043851e+03
2.276691328651351796e+03
2.277513276216133818e+03
2.278595031064170144e+03
2.279486338558276202e+03
2.280474805038908016e+03
2.281468445985974995e+03
2.282057060870648911e+03
2.282769408846539136e+03
2.283455371997974908e+03
2.284896139660083008e+03
2.285603589515143995e+03
2.286553194104295926e+03
2.287070686769751774e+03
2.288145523761466848e+03
2.289133077892257006e+03
2.289553232737296184e+03
2.290490039104360221e+03
2.292087934709309138e+03
2.292360653425318105e+03
2.293329028123443095e+03
2.294060086547548053e+03
2.294722577699988051e+03
2.295963769030092863e+03
2.296704387894190859e+03
2.298069992906651805e+03
2.298271229626791865e+03
2.299181703444296090e+03
2.300243469306833049e+03
2.300920085818925145e+03
2.301843483275975814e+03
2.302832308662973901e+03
2.303740751692851973e+03
2.304724054463628818e+03
2.305379295063868085e+03
2.305888868619529148e+03
2.306783101777988122e+03
2.308459129425638821e+03
2.308795703205027166e+03
2.309538141583094784e+03
2.310608976684790832e+03
2.311355382829114205e+03
2.312098593108662044e+03
2.313041239079625939e+03
2.314043909358463225e+03
2.314898220428875902e+03
2.316018202477308023e+03
2.316381666423894785e+03
2.317267907261908022e+03
2.318227122881734886e+03
2.318898902113176973e+03
2.320527448923403881e+03
2.320830423983387846e+03
2.321846715988292999e+03
2.322136100921009074e+03
2.323687474943274083e+03
2.324060648453606063e+03
2.325288971962644155e+03
2.325929062107699792e+03
2.327162187050592820e+03
2.327789262665723982e+03
2.328605318977303796e+03
2.329083714746973783e+03
2.330249667119202968e+03
2.331511836121988836e+03
2.332166480803598915e+03
2.332825892555067185e+03
2.333813644422801190e+03
2.334480110533956122e+03
2.335302056584117054e+03
2.336511424401765908e+03
2.337280249880223892e+03
2.338134243216129107e+03
2.338868586360519203e+03
2.339972653036033080e+03
2.340693940109460982e+03
2.340930760153722986e+03
2.342614843845696214e+03
2.343427246224421197e+03
2.344207554637318026e+03
2.345068822332882974e+03
2.345312116730538946e+03
2.346723351111689226e+03
2.347661840238156856e+03
2.348241263656635965e+03
2.349430734780150942e+03
2.350224306213930959e+03
2.350915476239259988e+03
2.351709427071590198e+03
2.352564951249856222e+03
2.353448854757818026e+03
2.354594734825001979e+03
2.355525524807655984e+03
2.356095944941168000e+03
2.356824993953695866e+03
2.357694284622642954e+03
2.358522168923766912e+03
2.359967659708586780e+03
2.360501434047417206e+03
2.360987067349980862e+03
2.362351178115723997e+03
2.363029231999201784e+03
2.363644198844741823e+03
2.364472995798651937e+03
2.365746961905969783e+03
2.366840163233424846e+03
2.367148466769987863e+03
2.368103193905813896e+03
2.368810076719780227e+03
2.369736465458086968e+03
2.370836460753860138e+03
2.371694167866758107e+03
2.372649600149875823e+03
2.373073824752581913e+03
2.374357481361832924e+03
2.374682768028716055e+03
2.375952417570134912e+03
2.376621782719582825e+03
2.377650557470898093e+03
2.378876103005879941e+03
2.379219232780698803e+03
2.379989103620613150e+03
2.380639934601105779e+03
2.382087928200228816e+03
2.382886296065671104e+03
2.383655943956947795e+03
2.384419576122948001e+03
2.385237950242079933e+03
2.386219311550882139e+03
2.386913071823119026e+03
2.387668773439289907e+03
2.389057308810678933e+03
2.389779892200998802e+03
2.390263623516881125e+03
2.391483057272953829e+03
2.391972344606198021e+03
2.392675129888901211e+03
2.394212085862880940e+03
2.394962919718410831e+03
2.395508993860826195e+03
2.396481222977889047e+03
2.397043301169152073e+03
2.398405654779217002e+03
2.398766921317082961e+03
2.400006411198973183e+03
2.400698567345717947e+03
2.401955026380483105e+03
2.402563981210199017e+03
2.402849563108874918e+03
2.403986346432302071e+03
2.405182620778272849e+03
2.406043735337324051e+03
2.406877267643796131e+03
2.407487252082677060e+03
2.408440112120576941e+03
2.409161457865654029e+03
2.410039866647403869e+03
2.411327506235993042e+03
2.411737217666875949e+03
2.412835829941494922e+03
2.413767906581654188e+03
2.414274270094140775e+03
2.415249929974544102e+03
2.415829000350021943e+03
2.417283283796564774e+03
2.418243304242605063e+03
2.418763283491879974e+03
2.419155334537130784e+03
2.420497745130580824e+03
2.421253894445846981e+03
2.422104512100151169e+03
2.423095076982427145e+03
2.423996154193678194e+03
2.424749313573517156e+03
2.425566344850471069e+03
2.426420628953283995e+03
2.426880592590151082e+03
2.428437920267217123e+03
2.429021719255827065e+03
2.430018957114366003e+03
2.430749146451995784e+03
2.431443598612875121e+03
2.432047459296066791e+03
2.433491568214827112e+03
2.434343791815833811e+03
2.434823332852220119e+03
2.435895288338057981e+03
2.436871455206017799e+03
2.437397067686601076e+03
2.438327097293712995e+03
2.438963031081006193e+03
2.440571903231913893e+03
2.441061733232180814e+03
2.441798276709536822e+03
2.442567552021300799e+03
2.443337921674240079e+03
2.444392819434379817e+03
2.445305493360578112e+03
2.446202923724697030e+03
2.447209919918635023e+03
2.447564328042786201e+03
2.448701598384262070e+03
2.449434171326895012e+03
2.450286229021333838e+03
2.451145888713705972e+03
2.452396828828632806e+03
2.453047720764799124e+03
2.453914201966242217e+03
2.454242422435857861e+03
2.455334077105484084e+03
2.456457568788967819e+03
2.457552878531973874e+03
2.458013995998346218e+03
2.458705613583108061e+03
2.460019723191654066e+03
2.460757380048667073e+03
2.460889005414952862e+03
2.462622365131700008e+03
2.463123852849409104e+03
2.464312259606606858e+03
2.464857928014036133e+03
2.465759048163994066e+03
2.466294480675274826e+03
2.467350822727693867e+03
2.468561589157623075e+03
2.469300636558850783e+03
2.470101113532929048e+03
2.470718811091291172e+03
2.471564301369106033e+03
2.472783703882807913e+03
2.473254982494141132e+03
2.474166470033434052e+03
2.475535574113494022e+03
2.476001729457493184e+03
2.476941402883781848e+03
2.477353206501330988e+03
2.478367253418805831e+03
2.479531249893374934e+03
2.480719756703370876e+03
2.480838160535815859e+03
2.482106471725695883e+03
2.482651013360366960e+03
2.483603724622690152e+03
2.484429741595880841e+03
2.485449105266841798e+03
2.486384087574353998e+03
2.487069600751830876e+03
2.488027112424026200e+03
2.488853662660135797e+03
2.489391655504453865e+03
2.490177097855878856e+03
2.491885469104547155e+03
2.492275810860092861e+03
2.492954762147815018e+03
2.493786083880498154e+03
2.494694327768975199e+03
2.495554560311496971e+03
2.496515491033647777e+03
2.497308888110684165e+03
2.498231297965905924e+03
2.499379449250615835e+03
2.499651978769124980e+03
2.500546410029527124e+03
2.501379690268062859e+03
2.502674886775835148e+03
2.503197908892932901e+03
2.504650968789249873e+03
2.504847337806255837e+03
2.505438798805273109e+03
2.506722334781141853e+03
2.507448876520531030e+03
2.508639812878445809e+03
2.509235766879197854e+03
2.510036057558630091e+03
2.511072857426378960e+03
2.512049483072003113e+03
2.512160028315077852e+03
2.513310127937631023e+03
2.514728153844696863e+03
2.515404803908934809e+03
2.516017166378132970e+03
2.516697929450359879e+03
2.517772968903287165e+03
2.518425123355239975e+03
2.519558416117376964e+03
2.520503372889480033e+03
2.521136566999537990e+03
2.522108908572567088e+03
2.522760280290753144e+03
2.523700110911030151e+03
2.524421806520550035e+03
2.525336801017179823e+03
2.526629135570165090e+03
2.527160631881552035e+03
2.528037327847789129e+03
2.528812992093290177e+03
2.529125355149451025e+03
2.530925140543579801e+03
2.531394090846129984e+03
2.532196617675881043e+03
2.533078861829445941e+03
2.534119656235574894e+03
2.534607328002151917e+03
2.535486924000714225e+03
2.536395489542916948e+03
2.537463874376384865e+03
2.538470837030103212e+03
2.539072032219271023e+03
2.539662614578494868e+03
2.540748393163048149e+03
2.541309592955119115e+03
2.542531180235167085e+03
2.543675608111920155e+03
2.544132205331206933e+03
2.544746281286808880e+03
2.545826900384553028e+03
2.546929535172470878e+03
2.547146213657869794e+03
2.548425941469175086e+03
2.549370922920812063e+03
2.550331320459018116e+03
2.550952886126551221e+03
2.551649877724327780e+03
2.552232200061655021e+03
2.553704298879622911e+03
2.554476841051442989e+03
2.555235349274250893e+03
2.556054030779147070e+03
2.556838568896852848e+03
2.557695975299935981e+03
2.558409215133074213e+03
2.559446394173782210e+03
2.560575757130020975e+03
2.560943991996036857e+03
2.562269390467666199e+03
2.562849199137786854e+03
2.563379847088808219e+03
2.564294372574714089e+03
2.565543883075496979e+03
2.566575372293326836e+03
2.567145120514043811e+03
2.567661756879298082e+03
2.568755475798793213e+03
2.569538695887572885e+03
2.570681202243512871e+03
2.571025588869671083e+03
2.572384325591162906e+03
2.573381507629372209e+03
2.573637911127390907e+03
2.574573746050959926e+03
2.575570394938666141e+03
2.576127760009635949e+03
2.577834973720081962e+03
2.577976600684306959e+03
2.579039393864150952e+03
2.579707032585363777e+03
2.580524036139512191e+03
2.581350243664775007e+03
2.582617091997080934e+03
2.583254629063505035e+03
2.583909673468338951e+03
2.585152583198612774e+03
2.585757684824718126e+03
2.586580149755271123e+03
2.586939046804141981e+03
2.588584487296076986e+03
2.589362761225369013e+03
2.590018600145965138e+03
2.590911313371847882e+03
2.591333112473272195e+03
2.592669126867298928e+03
2.593192245196771182e+03
2.594435626499845057e+03
2.595103001800432139e+03
2.596041127791450890e+03
2.596736384670257848e+03
2.597578713100661844e+03
2.598344310022358059e+03
2.599205603614877873e+03
2.600249879389257785e+03
2.601317359451325956e+03
2.601991160318158109e+03
2.602618493786766066e+03
2.603135438097122915e+03
2.604483499864117221e+03
2.605419582571979845e+03
2.606077570137323164e+03
2.607135542413840085e+03
2.607606798218829226e+03
2.608879681496484864e+03
2.609399078796624963e+03
2.609945351717232825e+03
2.611307162773498931e+03
2.612373034920286955e+03
2.612881707085095059e+03
2.613621432361579991e+03
2.614797172121678159e+03
2.614950752741300221e+03
2.616198209239673815e+03
2.617524198427009196e+03
2.617980084806286868e+03
2.618678857381220041e+03
2.619708808293305083e+03
2.620472757002060007e+03
2.621204243313628012e+03
2.622264019337940226e+03
2.622852884104231180e+03
2.624326571606633024e+03
2.624935588498577999e+03
2.625303120821079119e+03
2.626212732967624106e+03
2.627133587773088038e+03
2.628354571446503996e+03
2.629109231100677789e+03
2.629739158240236065e+03
2.630815124229283811e+03
2.631370086606983023e+03
2.632261169822576903e+03
2.633143998961213128e+03
2.634014719607499956e+03
2.635130985298601900e+03
2.635722359662847794e+03
2.636750809410269994e+03
2.637388173402602206e+03
2.637968320969022898e+03
2.638960217126489169e+03
2.640319339543163096e+03
2.640988099046111984e+03
2.641756332151025163e+03
2.642106275674495919e+03
2.643534027150380098e+03
2.644162164383409163e+03
2.644819747801728226e+03
2.646006723838481776e+03
2.646972133692061107e+03
2.647537334450351864e+03
2.648716753071862058e+03
2.648886792584768045e+03
2.649852091580935848e+03
2.651187488773924088e+03
2.651898466643785923e+03
2.652775353522069963e+03
2.653560492746724776e+03
2.654268052141700082e+03
2.654883756310045101e+03
2.656170694783455929e+03
2.656989607555412931e+03
2.657627950951658931e+03
2.658689865242830820e+03
2.659634103665753173e+03
2.660144674040057907e+03
2.660972262856424095e+03
2.661632480775775093e+03
2.663098936476596919e+03
2.663904640618206940e+03
2.664535718681229810e+03
2.665079551262173936e+03
2.666120266884965076e+03
2.667118916256360080e+03
2.667613550583992946e+03
2.669065611149659162e+03
2.669443845710437017e+03
2.670544688630009205e+03
2.671264581736399123e+03
2.671897336712047036e+03
2.673002208678372881e+03
2.673467175589671115e+03
2.674928457375180187e+03
2.675727048871916850e+03
2.676276149033093134e+03
2.677013834370067798e+03
2.677793535143638110e+03
2.678784643063280782e+03
2.680009781864187971e+03
2.680521181862417961e+03
2.681225420959353869e+03
2.682544977350235968e+03
2.682975475406356964e+03
2.683822148039098010e+03
2.684391001727533876e+03
2.685942894629995862e+03
2.686473231076627144e+03
2.687433686751975074e+03
2.688126254903480913e+03
2.688900635629142926e+03
2.689472245534973808e+03
2.690937953419353107e+03
2.691392077028226140e+03
2.692732896190726024e+03
2.693086683106664168e+03
2.693831694410261207e+03
2.695067812384048011e+03
2.695640890133543053e+03
2.696295996047640074e+03
2.697525410845325951e+03
2.698623557145207997e+03
2.699224845803999870e+03
2.699685092837038155e+03
2.700621588489279020e+03
2.701474996527279927e+03
2.702753851375126942e+03
2.703345879433557911e+03
2.704230178037702899e+03
2.704926518780560855e+03
2.706041931589933938e+03
2.706419890847596889e+03
2.707418769198764039e+03
2.708446755565315016e+03
2.709352809332446213e+03
2.710156608491973202e+03
2.710977411818515975e+03
2.711831416933216133e+03
2.712185581892626942e+03
2.713280619935595041e+03
2.714707564153236035e+03
2.715279869546972805e+03
2.715769774727831191e+03
2.716738429946365159e+03
2.717748749429632880e+03
2.718326827392895211e+03
2.719318785950461915e+03
2.720128681578270971e+03
2.721205897355711841e+03
2.722129628733411209e+03
2.722721150397951988e+03
2.723111390941529862e+03
2.724388778852527139e+03
2.725214911061720159e+03
2.726201029021945942e+03
2.727337567222266898e+03
2.727509665839118043e+03
2.728503298078549960e+03
2.729334103428091112e+03
2.730275625093319832e+03
2.731186831302947212e+03
2.731956656153985023e+03
2.733009041355879162e+03
2.733613655857031063e+03
2.734694484827300130e+03
2.735164424661175872e+03
2.735686483076479817e+03
2.737489547256359856e+03
2.738053281695193164e+03
2.738548230929563942e+03
2.739614373624302971e+03
2.740179933049289048e+03
2.741291939859645026e+03
2.741927473300730981e+03
2.743006325491669941e+03
2.743885964061315917e+03
2.744692403812986868e+03
2.745383451687040179e+03
2.746388067498617147e+03
2.746790033455466073e+03
2.747885089979915847e+03
2.748986811110952203e+03
2.749857344677336187e+03
2.750603643097724216e+03
2.751267520555205010e+03
2.751770241503730176e+03
2.753127498862483208e+03
2.753905308806472931e+03
2.754865566613492774e+03
2.755321494244687074e+03
2.756750777900750109e+03
2.757170679020270200e+03
2.757798471689868165e+03
2.758784492430599130e+03
2.759663616794589871e+03
2.761025886103462199e+03
2.761435685557261877e+03
2.762230171397395225e+03
2.762914270075735203e+03
2.764011852316768000e+03
2.764507310915078051e+03
2.765828379832949850e+03
2.766844211031327177e+03
2.767047921107427101e+03
2.768081267868402847e+03
2.769248782951044177e+03
2.769610716017006780e+03
2.770417882734489922e+03
2.771618872645906777e+03
2.772567855772096209e+03
2.773456868284326902e+03
2.773919951961450806e+03
2.774585442800871988e+03
2.775552954198838961e+03
2.776748016235203977e+03
2.777570858104455965e+03
2.778075965727618041e+03
2.779333790227925874e+03
2.779777696592811935e+03
2.780774469720131947e+03
2.781331496573132881e+03
2.782500210070486901e+03
2.783309973873223043e+03
2.784368888956209958e+03
2.784950055214376789e+03
2.785854140589201052e+03
2.786420782194279127e+03
2.787149214675480835e+03
2.788739335162504176e+03
2.789138899150852922e+03
2.790141367115552839e+03
2.790675211139125167e+03
2.791587214208083878e+03
2.792657363288552006e+03
2.793242324632547934e+03
2.793919245792627862e+03
2.795537249341677125e+03
2.795858795476265186e+03
2.796701044294136864e+03
2.797471187768444906e+03
2.798136837147110782e+03
2.799202057642450200e+03
2.800201676542014866e+03
2.801230540880224908e+03
2.801632871603133935e+03
2.802477052326752982e+03
2.803590992264033048e+03
2.803903130167468134e+03
2.805203705108457143e+03
2.806129082955822923e+03
2.806583102521322871e+03
2.807934350248192004e+03
2.808606231143831792e+03
2.809062403327977790e+03
2.809744092680750782e+03
2.811117074426887939e+03
2.812059350722814997e+03
2.812884506465726190e+03
2.813271177715586873e+03
2.814264482200163911e+03
2.815171745342845952e+03
2.815943544628892141e+03
2.816763233909383871e+03
2.817861470469462802e+03
2.818585896551053793e+03
2.819694981582494165e+03
2.819822800349833869e+03
2.821230255352683798e+03
2.821447484097021061e+03
2.822803944444975059e+03
2.823796110438759115e+03
2.824614470924721900e+03
2.825201316010648043e+03
2.825734225744353807e+03
2.826882124096733151e+03
2.827837985733342975e+03
2.828582652574465101e+03
2.829501898031373912e+03
2.830253734969648121e+03
2.831413410542386828e+03
2.831736024620297030e+03
2.832655202528260816e+03
2.833286950791416984e+03
2.834901808134249222e+03
2.835471460616905915e+03
2.835914517354764939e+03
2.837084999217544919e+03
2.837740721772790948e+03
2.838301546725151184e+03
2.839671302776402172e+03
2.840441768647565823e+03
2.841161738645175774e+03
2.842012918238840030e+03
2.842910029167986977e+03
2.843553344200010088e+03
2.844466904149343009e+03
2.845099806292877020e+03
2.846391420827610091e+03
2.847315168048215128e+03
2.848046012469395919e+03
2.848344200164104222e+03
2.849261456145239208e+03
2.850568224444949919e+03
2.851141821731936034e+03
2.852175537211341179e+03
2.852952826779530824e+03
2.853678714620726169e+03
2.854665548413502165e+03
2.855264130257087800e+03
2.855957252311071898e+03
2.857259294547858190e+03
2.857940732838791973e+03
2.858927332102593937e+03
2.859782482961196820e+03
2.860063680515895157e+03
2.861207848447254946e+03
2.861820757913326815e+03
2.863484322026125938e+03
2.863692975826998008e+03
2.864525392604391072e+03
2.865312048905877873e+03
2.866520590120742781e+03
2.866945826820608090e+03
2.867692122864055818e+03
2.868862443491149861e+03
2.869933463796255182e+03
2.870506409259774955e+03
2.871280057276443131e+03
2.871987773355921036e+03
2.872662390221799797e+03
2.874004386354471990e+03
2.874751463527978103e+03
2.875483290189264153e+03
2.876496556830918053e+03
2.877035488110040205e+03
2.877777266230798887e+03
2.878843725819970132e+03
2.879762235936560046e+03
2.880299758069681047e+03
2.881675569805825944e+03
2.882209108523188206e+03
2.882986028952233028e+03
2.883704894529615103e+03
2.884314812478481144e+03
2.885705102965314836e+03
2.886683004055032143e+03
2.887274254847542124e+03
2.887676026590546826e+03
2.889002926958136868e+03
2.889613316694807054e+03
2.890375644540616122e+03
2.891346198958451168e+03
2.892364732627042940e+03
2.893233056178330116e+03
2.893760855982935936e+03
2.894770017292436933e+03
2.895349982304179775e+03
2.896133781294995970e+03
2.897409310782455123e+03
2.898275692019801227e+03
2.898948998472859785e+03
2.899746955826937210e+03
2.900182057300063207e+03
2.901525544636218910e+03
2.902092737343776207e+03
2.903301950139762084e+03
2.903731297982783872e+03
2.904837821928715130e+03
2.906004252557668224e+03
2.906131139695568891e+03
2.906769992902909053e+03
2.908145035098114022e+03
2.909164156840969099e+03
2.909762319663614107e+03
2.910802391036262179e+03
2.911174977364995812e+03
2.912106087136352016e+03
2.913080147630123975e+03
2.913835877141068067e+03
2.914987315608533208e+03
2.915594141824764847e+03
2.916452476858934915e+03
2.917224397561436035e+03
2.918093823584828897e+03
2.918863580500402804e+03
2.919399952219885108e+03
2.921076764484788782e+03
2.921689511395693899e+03
2.922012816038412893e+03
2.923037424765565902e+03
2.923732581501314144e+03
2.924721498232564045e+03
2.925937899833440042e+03
2.926241445273767113e+03
2.927377003473340210e+03
2.928173705449592944e+03
2.929042557412827136e+03
2.929494235558448963e+03
2.930451692700436979e+03
2.931541431629922954e+03
2.932455650737605083e+03
2.933194807698464047e+03
2.934025524300562211e+03
2.934696433068284023e+03
2.935289303401138113e+03
2.936391597593798906e+03
2.937757834966299924e+03
2.938010398242820884e+03
2.938843839535196821e+03
2.939867208457867036e+03
2.940585029370352004e+03
2.941479402868073976e+03
2.941973624819363067e+03
2.943182119942324789e+03
2.944228534728148134e+03
2.945019883951750217e+03
2.945489698144063823e+03
2.946137550687533803e+03
2.947260104155243880e+03
2.948152099922147954e+03
2.949007604882361193e+03
2.950029465190028986e+03
2.950641136744607138e+03
2.951248819963482219e+03
2.952318315904914016e+03
2.953121403064608785e+03
2.953708008560668986e+03
2.955147265903352036e+03
2.955479915957972025e+03
2.956719886449187925e+03
2.957298228065804778e+03
2.957965537710473200e+03
2.958498087640963149e+03
2.960224025869077195e+03
2.960631894333885157e+03
2.961760590776747904e+03
2.961864682725652983e+03
2.963310873153694047e+03
2.963885000690970173e+03
2.964534891684797003e+03
2.965750028117523925e+03
2.966406090691521968e+03
2.967662655518421161e+03
2.968052218832995095e+03
2.968807591052028783e+03
2.969752408118305993e+03
2.970341832429327951e+03
2.971582012023366133e+03
2.972534968555115938e+03
2.973267898417951073e+03
2.973766213455997786e+03
2.974697631902705780e+03
2.975436555734636840e+03
2.976734953187732117e+03
2.977077414764175046e+03
2.978083195754927146e+03
2.979286677272601992e+03
2.979788791308867985e+03
2.980485652064110127e+03
2.981221971630664939e+03
2.982078182789161929e+03
2.983464895032477216e+03
2.984062347017883894e+03
2.984769403441530812e+03
2.985462120534015867e+03
2.986429024835464134e+03
2.987189609962074883e+03
2.987931625282297773e+03
2.989205686970462921e+03
2.989909153842591877e+03
2.990353809441442991e+03
2.991772536259332810e+03
2.992097797016730055e+03
2.992843975832890010e+03
2.993733814617758071e+03
2.995124155309446905e+03
2.995680597064776975e+03
2.996511855433138862e+03
2.997184251359491100e+03
2.997697045435340897e+03
2.999056771065922931e+03
2.999829581050215893e+03
3.000477280278485978e+03
3.001521930496362984e+03
3.002433007692678984e+03
3.002963866710905222e+03
3.003891011295308999e+03
3.004416847683392007e+03
3.005643669600748126e+03
3.006547967628690003e+03
3.007382758781729990e+03
3.008141180019195872e+03
3.008797658647191838e+03
3.009453428016923226e+03
3.010489189519728825e+03
3.011530807597493094e+03
3.012505895504911223e+03
3.012870132926661881e+03
3.013856048290840135e+03
3.014800609415300187e+03
3.015606148908173964e+03
3.016016830252076034e+03
3.017126390259449181e+03
3.018429157222676167e+03
3.019090355214062129e+03
3.019515963282672146e+03
3.020310770977747779e+03
3.021431949857706968e+03
3.021910330798523773e+03
3.023361743382332861e+03
3.023916622556503171e+03
3.024541410163582896e+03
3.025778149079846116e+03
3.026139914600053089e+03
3.026998731858716837e+03
3.028054478381373883e+03
3.028787905783146925e+03
3.029774249646487988e+03
3.030683236717290129e+03
3.031568663651527913e+03
3.031856093297491043e+03
3.032588936990052844e+03
3.033992404575871205e+03
3.034870188253351898e+03
3.035501250040067134e+03
3.036324241233197881e+03
3.037021053660152120e+03
3.038021886129889936e+03
3.038860962637972989e+03
3.039266260910510937e+03
3.040651246102404002e+03
3.041501924915793097e+03
3.042209091998799977e+03
3.042813099205903200e+03
3.043845072300763150e+03
3.044253270975801115e+03
3.045469778853444950e+03
3.046499748784638996e+03
3.047254260296359007e+03
3.048088060736390162e+03
3.048345971475940132e+03
3.049715509013535211e+03
3.050285986285224226e+03
3.051310348629017881e+03
3.051997149726747011e+03
3.053113404524479847e+03
3.053887061544186054e+03
3.054544799468757901e+03
3.055364347089497187e+03
3.055721447702454952e+03
3.057379974546441190e+03
3.058162875648041791e+03
3.058548777506367060e+03
3.059651151396231853e+03
3.060261274247096026e+03
3.061187346593783786e+03
3.061798650844621989e+03
3.063146697829944969e+03
3.063614499126324063e+03
3.064603403878781137e+03
3.065474220757068906e+03
3.066249349519890984e+03
3.066695662929501850e+03
3.067818105645115793e+03
3.068504185405456155e+03
3.070059679062122996e+03
3.070443575499893086e+03
3.070880883690223072e+03
3.071786311766029030e+03
3.072859585152772979e+03
3.073648617958083832e+03
3.074440400575319018e+03
3.075425338496389941e+03
3.076144314576416946e+03
3.077291140087368149e+03
3.077504617819057785e+03
3.078500643470234081e+03
3.079235856492914991e+03
3.080455467811661947e+03
3.081414810950796891e+03
3.081818985419988167e+03
3.082863732128465927e+03
3.083489078804559085e+03
3.084083442968747931e+03
3.085389034050146165e+03
3.086231865007695887e+03
3.086970963988533185e+03
3.087648857641554059e+03
3.088590084557828959e+03
3.089668053856263214e+03
3.089905690932392190e+03
3.090704878166531216e+03
3.092296907772729810e+03
3.092726026631033164e+03
3.093723692599061906e+03
3.094276971671061801e+03
3.094884031683724061e+03
3.095974263376457202e+03
3.096975260789262848e+03
3.097680286321049152e+03
3.098591597962571086e+03
3.099456969018191103e+03
3.100130522822477815e+03
3.100768176823136855e+03
3.101945568946985077e+03
3.102406486366091940e+03
3.103539620306342840e+03
3.104543495552568857e+03
3.105407066250294065e+03
3.105674359098270088e+03
3.106664678260473011e+03
3.107344880139422912e+03
3.108613272094386957e+03
3.109584506764198977e+03
3.110064929483646210e+03
3.110669031407420789e+03
3.112040971948089009e+03
3.112488498884612909e+03
3.113136499341268973e+03
3.114142558305627972e+03
3.115450584925073144e+03
3.115803643223912786e+03
3.116990843419434896e+03
3.117299912385176867e+03
3.118240838114254075e+03
3.119017324585341157e+03
3.120119896592707846e+03
3.121085009622721827e+03
3.121884364337251100e+03
3.122250169949994870e+03
3.123327597432171842e+03
3.124098729614986951e+03
3.124909944571917094e+03
3.125962728061383132e+03
3.126434519739766074e+03
3.127910994131093048e+03
3.128304290821372888e+03
3.129076004417584954e+03
3.129594188884319010e+03
3.130631198570151810e+03
3.132099585683561145e+03
3.132305769326751033e+03
3.133295401115604818e+03
3.134227737824428004e+03
3.134620040858735138e+03
3.135825303197719222e+03
3.136412098497215993e+03
3.137390626949147190e+03
3.138422298461076934e+03
3.139200409889000184e+03
3.139700561061431017e+03
3.140848228679091790e+03
3.141501301511763813e+03
3.141827256946473881e+03
3.143579308151437090e+03
3.144164981020907817e+03
3.144951543181631223e+03
3.145406766572391916e+03
3.146401908813833870e+03
3.147301425982251203e+03
3.148119789369155114e+03
3.149020778112550943e+03
3.149784764787394124e+03
3.150767092891249831e+03
3.151655660742528198e+03
3.152122141501924034e+03
3.152708308403019146e+03
3.154031656582857067e+03
3.154776054282088808e+03
3.155888360705518153e+03
3.156357991887626213e+03
3.157238258554944878e+03
3.157878480842126010e+03
3.158683254927202142e+03
3.159837139382635996e+03
3.160688660394293947e+03
3.161330416583682108e+03
3.162161543536855788e+03
3.163165333525938877e+03
3.163870965928464102e+03
3.164344135625024137e+03
3.165334907195553114e+03
3.166500860359673879e+03
3.167603480988038882e+03
3.167861103095835006e+03
3.168574098014341871e+03
3.169427383598039796e+03
3.170654245818976960e+03
3.171016108203592012e+03
3.172318864077694798e+03
3.173009545321931000e+03
3.173708788555326009e+03
3.174593611302097997e+03
3.175338968168287010e+03
3.176101210487754997e+03
3.176876230659919202e+03
3.178167598563111824e+03
3.178730161758680879e+03
3.179686954268086993e+03
3.180356232007447943e+03
3.180866607182130792e+03
3.181739304996949159e+03
3.183263438979412967e+03
3.183762820891904994e+03
3.184195017465332057e+03
3.185488370004521130e+03
3.186144290496412850e+03
3.186817499889526971e+03
3.187701293333951980e+03
3.188398454039634089e+03
3.189724687889407960e+03
3.190507991591714017e+03
3.190904308086135188e+03
3.192018590006056002e+03
3.192376588355652984e+03
3.193487887871357088e+03
3.194437203790815147e+03
3.195389607042050102e+03
3.196215947306975067e+03
3.196694215950874877e+03
3.197515778242584020e+03
3.198673574046324120e+03
3.199102155489114011e+03
3.200153082750081921e+03
3.200934758777934803e+03
3.202262443549529962e+03
3.202535802944747957e+03
3.203445229222755188e+03
3.203865564602689119e+03
3.205042086212193226e+03
3.206098428518634137e+03
3.207008329765648796e+03
3.207504300687081923e+03
3.208242580508972878e+03
3.209349153982869211e+03
3.210021422993747819e+03
3.210503768841434976e+03
3.211992299892820029e+03
3.212501767322506112e+03
3.213357920227270824e+03
3.214343567191208876e+03
3.214957881764751164e+03
3.215580640250812849e+03
3.216353033410848184e+03
3.217812289793826949e+03
3.218366212025181085e+03
3.219230563549936051e+03
3.219883655361126785e+03
3.220442435711859162e+03
3.221720880606123956e+03
3.222377119257289905e+03
3.223124046089248168e+03
3.224096099840627176e+03
3.225211122083528153e+03
3.225706219077957030e+03
3.226308557031018154e+03
3.227208306522542898e+03
3.228019874656778029e+03
3.229184037777592039e+03
3.230028288222801166e+03
3.230698644662368224e+03
3.231316289579331169e+03
3.232387058756574788e+03
3.232739606863941844e+03
3.234074841491658844e+03
3.234856495322529099e+03
3.235576764518506025e+03
3.236458337993345140e+03
3.237279183128427121e+03
3.238111004487742775e+03
3.238767817793186168e+03
3.239260714715585891e+03
3.240920857978882850e+03
3.241556903665933078e+03
3.242199153140189082e+03
3.242731215273228827e+03
3.243884471285864947e+03
3.244387966664231044e+03
3.245624835620967133e+03
3.246218545705829911e+03
3.247322265252431862e+03
3.247860883164582901e+03
3.248872469364313929e+03
3.249552742786570889e+03
3.250066430865275834e+03
3.251287789528060785e+03
3.252069616961854990e+03
3.252976844085686935e+03
3.254076745559355913e+03
3.254528972653065921e+03
3.254747685127360000e+03
3.256189910632621832e+03
3.257045289758567833e+03
3.257933970461837816e+03
3.258766612958339010e+03
3.259232085631098926e+03
3.260577551791406222e+03
3.260903176388495012e+03
3.261863341833139202e+03
3.262412355530368131e+03
3.263889210092807843e+03
3.264637947141829045e+03
3.265103495680004926e+03
3.265988954606467814e+03
3.266752908395727900e+03
3.267487523936377784e+03
3.268487746452633019e+03
3.269657557025380811e+03
3.270142488097918886e+03
3.270902106721667224e+03
3.271769808803301203e+03
3.272537984183277786e+03
3.273460522020624012e+03
3.274055308353395958e+03
3.275125922411479223e+03
3.276181256868082983e+03
3.276816865643425899e+03
3.277551827399122885e+03
3.278066028273184202e+03
3.278920000021554188e+03
3.280322266304809091e+03
3.281012729006763038e+03
3.281492219838019992e+03
3.282541022050269021e+03
3.283350533597773847e+03
3.284020973787102776e+03
3.284703708000955885e+03
3.285952872920916889e+03
3.286464848935998816e+03
3.287661199162203047e+03
3.288383764757165864e+03
3.288824335114458790e+03
3.289939331235875215e+03
3.290322156954372076e+03
3.291521959811459055e+03
3.292865808744427795e+03
3.293041031937646039e+03
3.294048896799070008e+03
3.294414374076945933e+03
3.295853842175515183e+03
3.296371010860967999e+03
3.297017248543319965e+03
3.298313425794111026e+03
3.298977820309180970e+03
3.299839617411850213e+03
3.300643151383461827e+03
3.301052222820038878e+03
3.301931512385277074e+03
3.303324981840493820e+03
3.303846290463775858e+03
3.304783651532296972e+03
3.305528099499596919e+03
3.306134708979961033e+03
3.307017995558831899e+03
3.307840124115289200e+03
3.308877840387222932e+03
3.309764189707887908e+03
3.310214109518923124e+03
3.311472159980366087e+03
3.312102135326395910e+03
3.312684194135112193e+03
3.313342075677579032e+03
3.314585167683217151e+03
3.315811040706214953e+03
3.316085963862723929e+03
3.316918487217325946e+03
3.317589719649805829e+03
3.318611718339635900e+03
3.319341622896643003e+03
3.320458570805828003e+03
3.320863377456721082e+03
3.322384221544803950e+03
3.322545544699074981e+03
3.323383203535645862e+03
3.324370589570398806e+03
3.324993822844317947e+03
3.325912081142170791e+03
3.327099295252116008e+03
3.327961251548454129e+03
3.328238383356645045e+03
3.329188024362616034e+03
3.329907078858821023e+03
3.330835406230657100e+03
3.332038893397747870e+03
3.332628161713426834e+03
3.333179969713567971e+03
3.334332487442648926e+03
3.335353182428949822e+03
3.335461579195719878e+03
3.336352614401858773e+03
3.337600067141017917e+03
3.338654193642562859e+03
3.339081001432919948e+03
3.339963660503456140e+03
3.340695952880175810e+03
3.341311883015393050e+03
3.342427060822009935e+03
3.343273163892989032e+03
3.344267872421963148e+03
3.344837912377190150e+03
3.345661377059303049e+03
3.346424872977052928e+03
3.347331093188876821e+03
3.348042165040953932e+03
3.348791526153594077e+03
3.350079828707569050e+03
3.350707368587794008e+03
3.351588360002056106e+03
3.352102773650623021e+03
3.352558510927424777e+03
3.354200543576096152e+03
3.354611912695580031e+03
3.355716765900477185e+03
3.356295322350585138e+03
3.357149855052764906e+03
3.357935645793100775e+03
3.358947276530033832e+03
3.359177473322304195e+03
3.360590015378291810e+03
3.361390536009686002e+03
3.362194921231600802e+03
3.362887658716736041e+03
3.363634072134003873e+03
3.364525932531375020e+03
3.364910026988328809e+03
3.366595567744807795e+03
3.367203638938687163e+03
3.367652900136959943e+03
3.368486616493888050e+03
3.369606213712032059e+03
3.370045077696549015e+03
3.371101244785972995e+03
3.371849862899727214e+03
3.372728207238457799e+03
3.373914117542141867e+03
3.374575613898291977e+03
3.374700186699724782e+03
3.375872624758604161e+03
3.376697869775578965e+03
3.377978576187258113e+03
3.378375730857269900e+03
3.379498432500101899e+03
3.379966810935034118e+03
3.380799052581523028e+03
3.381608955666309157e+03
3.382572643839661851e+03
3.383392875511156944e+03
3.384285589966515090e+03
3.384998730955269821e+03
3.386034124594906189e+03
3.386592305851699166e+03
3.387212957475941948e+03
3.388006536231694099e+03
3.389369929976437106e+03
3.390208900106814781e+03
3.390790293306520198e+03
3.391262045107515860e+03
3.392319440447456145e+03
3.393253204567814009e+03
3.393882911374095784e+03
3.394784497332833780e+03
3.395887530963672816e+03
3.396511564943583835e+03
3.397231028651132874e+03
3.398155422543060013e+03
3.398758769072216182e+03
3.399429790503177173e+03
3.400962428529507179e+03
3.401288509226075803e+03
3.402391657604711781e+03
3.403067509539845105e+03
3.403541109967130069e+03
3.404406077044399808e+03
3.405663634553602151e+03
3.406450927353272164e+03
3.406903739101203882e+03
3.408023966339102117e+03
3.408872053451619195e+03
3.409591018233615159e+03
3.410064545156374152e+03
3.410995489156105123e+03
3.412175169304312931e+03
3.413034572437438783e+03
3.413944305779531987e+03
3.414125236051051161e+03
3.415120659447674825e+03
3.416215752587307179e+03
3.416615796332070204e+03
3.417961391970904060e+03
3.418762025308291868e+03
3.419185124720670956e+03
3.420269013022348190e+03
3.420929273301325793e+03
3.421750652273081869e+03
3.422534742067462048e+03
3.423301905531396187e+03
3.424688395982448128e+03
3.425278097971278839e+03
3.425674459385129921e+03
3.426722765464592158e+03
3.427136771747380863e+03
3.428548104484144915e+03
3.429256010030503148e+03
3.430145797919998131e+03
3.430621191877658930e+03
3.431763785986887797e+03
3.432539537117484997e+03
3.432957471264106061e+03
3.433913668377029808e+03
3.435073423810541044e+03
3.435867521513714109e+03
3.436494232520344212e+03
3.437521329396793135e+03
3.438157680298522791e+03
3.438480251113468057e+03
3.439838824858722091e+03
3.440863677291185923e+03
3.441454747803426926e+03
3.442447113212991098e+03
3.442778101122070893e+03
3.443832317768975827e+03
3.444845836807155138e+03
3.445325843002577130e+03
3.446147949468049774e+03
3.447485741827460060e+03
3.448146561295094216e+03
3.448746000369344983e+03
3.449346181236116081e+03
3.450300887738238998e+03
3.451089850980391930e+03
3.452389827277198947e+03
3.452865670638946085e+03
3.453680014379170188e+03
3.454568622764186784e+03
3.455092426634952972e+03
3.456175863207055954e+03
3.456727886811289864e+03
3.458034434968857113e+03
3.458471459410746775e+03
3.459482376986331928e+03
3.460396626371039929e+03
3.461025851792199774e+03
3.461453623513949879e+03
3.462462773666642079e+03
3.463841911000628897e+03
3.464457830152307906e+03
3.465158921099551208e+03
3.465603850061677804e+03
3.466869739745243805e+03
3.467455975268789189e+03
3.468204793408691785e+03
3.469393080172375903e+03
3.469893397083792934e+03
3.471093294992308984e+03
3.471680590943596144e+03
3.472291263297046044e+03
3.473017240704592950e+03
3.474123134243874119e+03
3.474831162968340777e+03
3.476062610663186206e+03
3.476590600522652949e+03
3.477361041184633905e+03
3.477815638971144836e+03
3.478925722923690955e+03
3.479880762012156993e+03
3.480678379747102099e+03
3.481329956843841046e+03
3.482524517482619103e+03
3.482900521936388941e+03
3.484035555420438868e+03
3.484582521216523219e+03
3.484987553284438036e+03
3.486716293358833809e+03
3.487384776707087894e+03
3.487785582848217928e+03
3.488788005974805856e+03
3.489468963126521885e+03
3.490256819296042067e+03
3.491146474975204001e+03
3.492143763890097944e+03
3.493051396936478795e+03
3.493512121039707836e+03
3.494636701816362802e+03
3.495109840999968128e+03
3.496237747386113824e+03
3.496528707407055208e+03
3.497779148844765132e+03
3.498778548443494856e+03
3.499603392364645060e+03
3.500118871400733951e+03
3.500767831037493124e+03
3.501535488766022809e+03
3.502785100129136936e+03
3.503602028364617126e+03
3.504156403423095981e+03
3.505110623720974218e+03
3.505968191514206865e+03
3.506855339776232086e+03
3.507103826753283101e+03
3.508281943709725965e+03
3.509142459533342844e+03
3.510147472454656963e+03
3.510964979524921091e+03
3.511524877509832095e+03
3.512286076317312109e+03
3.513023876874893176e+03
3.513933633374036162e+03
3.514939388432918804e+03
3.516105966548043853e+03
3.516385036630063041e+03
3.516917947350449140e+03
3.518483524914775899e+03
3.518726501690759960e+03
3.519472809361871896e+03
3.520525961837417981e+03
3.521561302088145112e+03
3.522384510009028872e+03
3.523034134759073822e+03
3.523610993645626877e+03
3.524369261738217119e+03
3.525356789542324805e+03
3.526586903842819083e+03
3.527004025015137813e+03
3.527891273908957828e+03
3.528761986251503004e+03
3.529497078501558917e+03
3.530003163679397858e+03
3.531335355435599922e+03
3.531742293176993826e+03
3.532953081820794978e+03
3.533569261026409094e+03
3.534705537975798052e+03
3.534981768894794186e+03
3.535881517278422962e+03
3.536460088698748223e+03
3.538033151824249217e+03
3.538636073627169026e+03
3.539154806914843903e+03
3.540146075415967971e+03
3.540654826376925030e+03
3.541831910843208789e+03
3.542464820902636802e+03
3.543130273897998904e+03
3.544380535772930216e+03
3.545135721162338996e+03
3.545814763659212986e+03
3.546441077391722956e+03
3.547335184350123200e+03
3.548022314323564842e+03
3.549043161644864085e+03
3.550176433493200875e+03
3.550800723087676943e+03
3.551326801223976872e+03
3.552140722035214822e+03
3.553105414633027976e+03
3.553726287259261881e+03
3.555048204275100034e+03
3.555425095215482088e+03
3.556281364309490073e+03
3.557537712309489052e+03
3.557909431243384915e+03
3.558683139356885931e+03
3.559128377301644832e+03
3.560823874950816844e+03
3.561230214627812984e+03
3.562219508270532970e+03
3.562852386145901164e+03
3.563457710337866956e+03
3.564465351647848820e+03
3.565217800262852052e+03
3.566114600037235959e+03
3.567097238476888833e+03
3.567788540157287116e+03
3.568560752365637200e+03
3.569358829850605161e+03
3.570129715992537967e+03
3.570828616849944865e+03
3.571648303914182179e+03
3.572889899697488090e+03
3.573679006666453006e+03
3.574346003891445889e+03
3.574712956753156050e+03
3.575686642418661904e+03
3.576737358055444020e+03
3.577564265914861153e+03
3.578427337543324029e+03
3.578998680591821994e+03
3.580187629726563955e+03
3.580657339695940209e+03
3.581487069873131077e+03
3.582171817307599213e+03
3.583052119103123914e+03
3.584383212724841087e+03
3.584957892083561092e+03
3.585392250014186175e+03
3.586672765888033155e+03
3.587014361339808147e+03
3.587687417573295988e+03
3.589187250956800199e+03
3.589817699818025176e+03
3.590454644577432191e+03
3.591258191106771847e+03
3.592129968052505774e+03
3.593052637280682120e+03
3.593459841410471199e+03
3.594487248763210118e+03
3.595398774507947110e+03
3.596567962539887958e+03
3.597041845975957131e+03
3.597779598734427054e+03
3.598171618468219094e+03
3.599472875357686007e+03
3.600331525048080948e+03
3.601058600133626896e+03
3.602083293930238142e+03
3.602669510935464132e+03
3.603319830125832141e+03
3.604548066144631775e+03
3.604709927754866840e+03
3.605987896718556840e+03
3.606757976180310834e+03
3.607685176510813108e+03
3.608481824678029170e+03
3.609254874751767147e+03
3.609809164441342091e+03
3.610449113760267210e+03
3.611650369628699082e+03
3.612823803736462196e+03
3.613336036246840195e+03
3.613779022079088918e+03
3.614856748203983898e+03
3.615665182581336012e+03
3.616610380239941151e+03
3.616885486123113878e+03
3.618289864423883046e+03
3.619097142747039015e+03
3.619747261666213035e+03
3.620593581451094906e+03
3.621235422703302902e+03
3.621858014560693846e+03
3.622995155307529785e+03
3.623950791095031946e+03
3.624833481258318898e+03
3.625280131278515910e+03
3.626436737503016047e+03
3.626610066295730121e+03
3.627775549813725775e+03
3.628902592358156198e+03
3.629318166129674864e+03
3.630194457341753150e+03
3.631572841972195874e+03
3.631785922030306210e+03
3.632500655904072119e+03
3.633390807693658189e+03
3.634079202939196875e+03
3.635563428155775910e+03
3.636055699577726955e+03
3.636747151133500211e+03
3.637391186478942927e+03
3.638404603402590055e+03
3.639141640790945075e+03
3.639830389991345783e+03
3.641006836433713943e+03
3.641672083038227811e+03
3.642581816471512866e+03
3.643110817805936222e+03
3.644170869365766976e+03
3.644797357848754018e+03
3.645274714175314784e+03
3.646782862486148133e+03
3.647390286718526113e+03
3.648406368930804092e+03
3.648818830389294817e+03
3.649366596726264106e+03
3.650553637049174995e+03
3.651399201670402817e+03
3.652205844515910030e+03
3.653084264559402072e+03
3.653678437053955804e+03
3.654864348764512215e+03
3.655499823160377218e+03
3.655781232950402227e+03
3.656871098575937140e+03
3.658124388398786778e+03
3.658649874958597138e+03
3.659644979449733910e+03
3.660274159039175174e+03
3.660985635503794128e+03
3.661600337999953808e+03
3.662720095371128082e+03
3.663689849472018068e+03
3.664359205172116162e+03
3.665283341245958127e+03
3.665741885010695114e+03
3.666882038623557946e+03
3.667472120384440132e+03
3.668307209026384044e+03
3.668877489777784831e+03
3.670610161646478900e+03
3.670789100892724036e+03
3.671574461284962126e+03
3.672182324769366005e+03
3.673176517497883196e+03
3.673899136548504885e+03
3.675079117800868062e+03
3.675718962309701965e+03
3.676492027527795926e+03
3.677264091864642978e+03
3.678233081110673083e+03
3.678670829935796064e+03
3.679548575330029962e+03
3.680675941607843015e+03
3.681277480536466101e+03
3.682354409843685971e+03
3.683125898069898994e+03
3.683601429310000185e+03
3.684462941631923968e+03
3.685006776762883874e+03
3.686541888339903835e+03
3.687201597034606948e+03
3.687712635841367955e+03
3.688510195205523814e+03
3.689545385557108148e+03
3.690126385400911204e+03
3.691023745511366087e+03
3.691644538932533123e+03
3.692833828039497803e+03
3.693737554181745963e+03
3.694267597532532818e+03
3.695142164096168926e+03
3.695585928486305875e+03
3.696595904489225177e+03
3.697653403145021002e+03
3.698322256285191997e+03
3.699598852223251924e+03
3.699794229212423033e+03
3.700517318229080956e+03
3.701496702743238984e+03
3.702613309999434023e+03
3.702869106581182223e+03
3.704133374801747777e+03
3.704894968958683876e+03
3.705662226705188914e+03
3.706637955229547060e+03
3.707127487655735877e+03
3.707526536995942934e+03
3.708938702128089062e+03
3.710099404185069943e+03
3.710454944609607082e+03
3.711114554573727219e+03
3.712085873066766908e+03
3.712988531227836120e+03
3.713404422215789964e+03
3.714530971497204973e+03
3.715514825147194188e+03
3.716048296478849807e+03
3.717171777837758782e+03
3.717720280418595848e+03
3.718393891505649208e+03
3.719376032837264120e+03
3.719837827555918921e+03
3.721275960516551095e+03
3.721955039156756811e+03
3.722789123300735810e+03
3.723189804057435140e+03
3.723959120011756113e+03
3.725089799678653890e+03
3.725828952056450817e+03
3.726788290848059205e+03
3.727275578621914065e+03
3.728511856335050197e+03
3.729242340451822201e+03
3.729621046800878958e+03
3.730518870647070798e+03
3.731349357100768884e+03
3.732445510323813778e+03
3.733407704720862057e+03
3.733883583124786128e+03
3.734738597969797866e+03
3.735315106964064853e+03
3.736367102453214102e+03
3.736908768926038192e+03
3.738306971799302119e+03
3.738799481731001833e+03
3.739507124314414796e+03
3.740324031742383795e+03
3.741394393928893805e+03
3.741994450872683046e+03
3.742321312273420972e+03
3.743702908569373903e+03
3.744870606429682084e+03
3.745177913069899205e+03
3.746004284273737994e+03
3.746912697555592786e+03
3.747157793013520859e+03
3.748726537790740167e+03
3.749292824710119930e+03
3.749991844524191947e+03
3.751155620327649103e+03
3.751621219884360926e+03
3.752446866820826926e+03
3.753255050716877122e+03
3.753914268550715860e+03
3.755020660786682129e+03
3.755751054992056197e+03
3.756786246952880902e+03
3.757444367455706924e+03
3.758058206603021063e+03
3.758657201341893142e+03
3.759646906118335210e+03
3.760776620063628798e+03
3.761666833755571133e+03
3.762094002205049946e+03
3.762851478120368029e+03
3.763941031691851094e+03
3.764614881325729129e+03
3.765220318895312175e+03
3.766087959035818130e+03
3.767210184090517942e+03
3.768164270673823921e+03
3.768703062719866011e+03
3.769163101195418221e+03
3.770300376482813135e+03
3.770848697028989136e+03
3.771840065901847083e+03
3.773228446775342036e+03
3.773327100616726057e+03
3.774226728804203958e+03
3.775137531469395071e+03
3.775794753459314961e+03
3.776632580724648960e+03
3.777582464147299106e+03
3.778340595068226776e+03
3.779157654364025802e+03
3.780273043915250128e+03
3.780791848283181025e+03
3.781385574414467101e+03
3.781902251763740878e+03
3.783501458884329168e+03
3.784034253148960943e+03
3.784955353291560186e+03
3.785543577829203059e+03
3.786307631149887129e+03
3.787242311760403027e+03
3.787880213834444930e+03
3.788821063808249164e+03
3.789570959373654205e+03
3.790896466890833835e+03
3.791059379564595929e+03
3.792084367310778816e+03
3.792805520852366953e+03
3.793596713896944038e+03
3.794134094246605855e+03
3.795641321352942214e+03
3.796217220735652973e+03
3.797020161919645034e+03
3.797524136050952166e+03
3.798280813787926945e+03
3.799381169111779855e+03
3.800156826523776999e+03
3.800838645693852868e+03
3.801826297558735860e+03
3.802653883694901197e+03
3.803457179838867887e+03
3.804131632500204887e+03
3.804685074732917201e+03
3.805527554110769870e+03
3.806935507206620059e+03
3.807485264874895165e+03
3.808107316886597800e+03
3.809223370103505204e+03
3.809480754747377887e+03
3.810550217631900068e+03
3.811231171400128915e+03
3.812496976557699782e+03
3.813224073080440121e+03
3.813483690141960778e+03
3.815069062095932168e+03
3.815250672688579925e+03
3.816061112272691844e+03
3.816938614107487865e+03
3.817737828247957168e+03
3.818980964797717206e+03
3.819779300999523912e+03
3.820241038574606137e+03
3.820639958081346776e+03
3.821930466803989930e+03
3.822644940263709032e+03
3.823557105139907890e+03
3.824324712685599025e+03
3.825266009638084142e+03
3.825921999156264974e+03
3.826668906561956192e+03
3.827528072573598820e+03
3.828086245377017804e+03
3.829104852446809218e+03
3.830157805550557896e+03
3.830863771718145927e+03
3.831635163411116991e+03
3.832336112241535830e+03
3.832972054591104097e+03
3.833659124136644095e+03
3.835189649927637220e+03
3.835562259153482955e+03
3.836458323294099046e+03
3.837049201475808786e+03
3.838069193864328099e+03
3.839013058142345926e+03
3.839260928780388895e+03
3.840201248498628956e+03
3.841520775082229193e+03
3.842136820487074147e+03
3.843016279952451896e+03
3.843411812593332797e+03
3.844458893569340944e+03
3.844897653905260086e+03
3.846221853879379978e+03
3.846941627764309942e+03
3.847768981355322921e+03
3.848480542220744155e+03
3.849380814066517814e+03
3.849741541994858835e+03
3.850981874126308867e+03
3.851683913864787883e+03
3.852299976919960955e+03
3.853549844007442061e+03
3.854259518393575036e+03
3.855065651465943120e+03
3.855411057087605968e+03
3.856241396980844911e+03
3.857328473556428889e+03
3.858367356890231804e+03
3.859120958711861022e+03
3.859691758135621967e+03
3.860309905150667873e+03
3.861633523649811195e+03
3.861993295076506001e+03
3.862636742940382192e+03
3.864002953276000881e+03
3.864621698783103966e+03
3.865441840852447058e+03
3.866212376139973003e+03
3.867113473522316781e+03
3.867402501293178830e+03
3.868460177823405957e+03
3.869461916026296876e+03
3.870631575825825166e+03
3.870970009104843939e+03
3.871679864275989075e+03
3.872457594619759220e+03
3.873440802885440917e+03
3.874126331867836143e+03
3.875261228440770083e+03
3.875553962919288097e+03
3.876906165766990853e+03
3.877641394718355059e+03
3.878090033087416032e+03
3.878889227579633825e+03
3.879552090968395078e+03
3.880880165012430098e+03
3.881664653416553847e+03
3.882218781430948184e+03
3.883180171417961901e+03
3.883848426489264057e+03
3.884347575611654975e+03
3.885599619214965969e+03
3.886203597281461953e+03
3.887242303644773074e+03
3.887945165193949833e+03
3.888720162404417806e+03
3.889486393038212100e+03
3.890402201342948047e+03
3.890875138855491969e+03
3.891598804170159838e+03
3.893196189458032222e+03
3.893887460452821870e+03
3.893977078497165166e+03
3.895098109465418020e+03
3.895728619252478893e+03
3.896816388984523201e+03
3.897412827939339877e+03
3.898663893683575225e+03
3.898954637647922937e+03
3.900110807766921880e+03
3.900857012934915929e+03
3.901432916718717934e+03
3.902119684706041880e+03
3.903127923681755874e+03
3.904122973880414065e+03
3.904829014888965958e+03
3.905847262061724905e+03
3.906337079769934007e+03
3.906971958619742963e+03
3.907713775842777068e+03
3.908945918990561950e+03
3.909737822797589160e+03
3.910491607509854930e+03
3.911077238349541858e+03
3.912061378143970160e+03
3.912921404581848947e+03
3.913570237904189980e+03
3.913996800807612090e+03
3.915416961075783092e+03
3.916125257036739185e+03
3.917157010841126976e+03
3.917606821995409064e+03
3.918029758847168068e+03
3.919321648869426099e+03
3.919864547310557100e+03
3.920935183718394910e+03
3.921812478102840032e+03
3.922651878303338890e+03
3.923010394755931884e+03
3.924077708571796848e+03
3.924803954551864081e+03
3.925618305666608194e+03
3.926312861431516012e+03
3.927397211631946902e+03
3.928453629294241182e+03
3.928701921021503040e+03
3.929904630033319791e+03
3.930073787270710000e+03
3.930969762464763789e+03
3.932536078268885831e+03
3.933035749854574078e+03
3.933468005887113122e+03
3.934511929789210171e+03
3.935568533774014213e+03
3.935778535890045077e+03
3.936820510899381134e+03
3.937669031552076831e+03
3.938548753687035969e+03
3.939674361971526196e+03
3.939970693694584043e+03
3.941035084066691070e+03
3.941523940499114815e+03
3.942291982898204878e+03
3.943316611389171157e+03
3.944325611814669173e+03
3.945182314898447203e+03
3.945796094394223928e+03
3.946171273033878151e+03
3.947400549051954840e+03
3.948097413939573016e+03
3.948946472322385034e+03
3.949636187873053132e+03
3.950673358419272972e+03
3.951620909844904872e+03
3.952185884638409789e+03
3.952745495165384000e+03
3.953516195659400182e+03
3.954482442435123176e+03
3.955709112716258005e+03
3.956144622305739176e+03
3.957161710964141093e+03
3.957554219505700985e+03
3.958533821878833805e+03
3.959369143567976153e+03
3.959946288358472884e+03
3.961194366824357076e+03
3.961946216031069980e+03
3.962401679527005854e+03
3.963529940267737857e+03
3.964414545625366827e+03
3.964676666475381808e+03
3.965419382495933860e+03
3.966823042789773808e+03
3.967661038185297002e+03
3.968240430033129996e+03
3.969015422158062847e+03
3.969545135794170164e+03
3.970502737497066846e+03
3.971558786224171854e+03
3.972103192204103834e+03
3.973050001915395114e+03
3.973890276438463843e+03
3.974877587054708783e+03
3.975303835199606056e+03
3.975915244899335903e+03
3.977144140839579904e+03
3.977552508581133225e+03
3.978879724755910047e+03
3.979713005993195111e+03
3.980091892898290098e+03
3.980998630873553793e+03
3.981666076396864810e+03
3.982393597907747790e+03
3.983764484858953892e+03
3.984214082886121105e+03
3.985047531144466120e+03
3.985784744685990063e+03
3.986832087442163811e+03
3.987328021594365964e+03
3.988220171028447112e+03
3.988611700310420929e+03
3.990261503268207889e+03
3.990794615378711114e+03
3.991437715280285829e+03
3.992173708039284065e+03
3.992876651566872169e+03
3.993813274767922849e+03
3.994530756054403810e+03
3.995747353706397007e+03
3.996234223390612897e+03
3.997129386114940189e+03
3.997764913396014890e+03
3.998724162211626208e+03
3.999321070608092214e+03
