=== S2 CONTOUR KAGGLE PUSHER START 2026-08-23T08:23:10Z ===
--- push attempt s2-contour-n288-s00 2026-08-23T08:23:10Z ---
Warning: Looks like you're using an outdated `kaggle` version (installed: 2.2.1), please consider upgrading to the latest version (2.2.2)
Kernel version 1 successfully pushed.  Please check progress at https://www.kaggle.com/code/saarshai/s2-contour-n288-s00
status: saarshai/s2-contour-n288-s00 has status "KernelWorkerStatus.RUNNING"
PUSHED s2-contour-n288-s00 (status confirms the kernel exists and has a run)
--- push attempt s2-contour-n288-s01 2026-08-23T08:23:38Z ---
Warning: Looks like you're using an outdated `kaggle` version (installed: 2.2.1), please consider upgrading to the latest version (2.2.2)
Kernel version 1 successfully pushed.  Please check progress at https://www.kaggle.com/code/saarshai/s2-contour-n288-s01
status: saarshai/s2-contour-n288-s01 has status "KernelWorkerStatus.RUNNING"
PUSHED s2-contour-n288-s01 (status confirms the kernel exists and has a run)
--- push attempt s2-contour-n288-s02 2026-08-23T08:24:07Z ---
Warning: Looks like you're using an outdated `kaggle` version (installed: 2.2.1), please consider upgrading to the latest version (2.2.2)
Kernel version 1 successfully pushed.  Please check progress at https://www.kaggle.com/code/saarshai/s2-contour-n288-s02
status: saarshai/s2-contour-n288-s02 has status "KernelWorkerStatus.RUNNING"
PUSHED s2-contour-n288-s02 (status confirms the kernel exists and has a run)
--- push attempt s2-contour-n288-s03 2026-08-23T08:24:35Z ---
Warning: Looks like you're using an outdated `kaggle` version (installed: 2.2.1), please consider upgrading to the latest version (2.2.2)
Kernel push error: Maximum batch CPU session count of 5 reached.
SLOT BUSY: s2-contour-n288-s03 deferred
waiting: 13 kernel(s) still unpushed; sleeping 300s
--- push attempt s2-contour-n288-s03 2026-08-23T08:29:37Z ---
Warning: Looks like you're using an outdated `kaggle` version (installed: 2.2.1), please consider upgrading to the latest version (2.2.2)
Kernel version 1 successfully pushed.  Please check progress at https://www.kaggle.com/code/saarshai/s2-contour-n288-s03
status: saarshai/s2-contour-n288-s03 has status "KernelWorkerStatus.RUNNING"
PUSHED s2-contour-n288-s03 (status confirms the kernel exists and has a run)
--- push attempt s2-contour-n288-s04 2026-08-23T08:30:05Z ---
Warning: Looks like you're using an outdated `kaggle` version (installed: 2.2.1), please consider upgrading to the latest version (2.2.2)
Kernel version 1 successfully pushed.  Please check progress at https://www.kaggle.com/code/saarshai/s2-contour-n288-s04
status: saarshai/s2-contour-n288-s04 has status "KernelWorkerStatus.RUNNING"
PUSHED s2-contour-n288-s04 (status confirms the kernel exists and has a run)
--- push attempt s2-contour-n288-s05 2026-08-23T08:30:33Z ---
Warning: Looks like you're using an outdated `kaggle` version (installed: 2.2.1), please consider upgrading to the latest version (2.2.2)
Kernel push error: Maximum batch CPU session count of 5 reached.
SLOT BUSY: s2-contour-n288-s05 deferred
waiting: 11 kernel(s) still unpushed; sleeping 300s
--- push attempt s2-contour-n288-s05 2026-08-23T08:35:36Z ---
Warning: Looks like you're using an outdated `kaggle` version (installed: 2.2.1), please consider upgrading to the latest version (2.2.2)
Kernel push error: Maximum batch CPU session count of 5 reached.
SLOT BUSY: s2-contour-n288-s05 deferred
waiting: 11 kernel(s) still unpushed; sleeping 300s
--- push attempt s2-contour-n288-s05 2026-08-23T08:40:38Z ---
Warning: Looks like you're using an outdated `kaggle` version (installed: 2.2.1), please consider upgrading to the latest version (2.2.2)
Kernel push error: Maximum batch CPU session count of 5 reached.
SLOT BUSY: s2-contour-n288-s05 deferred
waiting: 11 kernel(s) still unpushed; sleeping 300s
--- push attempt s2-contour-n288-s05 2026-08-23T08:45:40Z ---
Warning: Looks like you're using an outdated `kaggle` version (installed: 2.2.1), please consider upgrading to the latest version (2.2.2)
Kernel push error: Maximum batch CPU session count of 5 reached.
SLOT BUSY: s2-contour-n288-s05 deferred
waiting: 11 kernel(s) still unpushed; sleeping 300s
--- push attempt s2-contour-n288-s05 2026-08-23T08:50:42Z ---
Warning: Looks like you're using an outdated `kaggle` version (installed: 2.2.1), please consider upgrading to the latest version (2.2.2)
Kernel push error: Maximum batch CPU session count of 5 reached.
SLOT BUSY: s2-contour-n288-s05 deferred
waiting: 11 kernel(s) still unpushed; sleeping 300s
--- push attempt s2-contour-n288-s05 2026-08-23T08:55:45Z ---
Warning: Looks like you're using an outdated `kaggle` version (installed: 2.2.1), please consider upgrading to the latest version (2.2.2)
Kernel push error: Maximum batch CPU session count of 5 reached.
SLOT BUSY: s2-contour-n288-s05 deferred
waiting: 11 kernel(s) still unpushed; sleeping 300s
--- push attempt s2-contour-n288-s05 2026-08-23T09:00:47Z ---
Warning: Looks like you're using an outdated `kaggle` version (installed: 2.2.1), please consider upgrading to the latest version (2.2.2)
Kernel push error: Maximum batch CPU session count of 5 reached.
SLOT BUSY: s2-contour-n288-s05 deferred
waiting: 11 kernel(s) still unpushed; sleeping 300s
--- push attempt s2-contour-n288-s05 2026-08-23T09:05:49Z ---
Warning: Looks like you're using an outdated `kaggle` version (installed: 2.2.1), please consider upgrading to the latest version (2.2.2)
Kernel push error: Maximum batch CPU session count of 5 reached.
SLOT BUSY: s2-contour-n288-s05 deferred
waiting: 11 kernel(s) still unpushed; sleeping 300s
--- push attempt s2-contour-n288-s05 2026-08-23T09:10:51Z ---
Warning: Looks like you're using an outdated `kaggle` version (installed: 2.2.1), please consider upgrading to the latest version (2.2.2)
Kernel push error: Maximum batch CPU session count of 5 reached.
SLOT BUSY: s2-contour-n288-s05 deferred
waiting: 11 kernel(s) still unpushed; sleeping 300s
--- push attempt s2-contour-n288-s05 2026-08-23T09:15:53Z ---
Warning: Looks like you're using an outdated `kaggle` version (installed: 2.2.1), please consider upgrading to the latest version (2.2.2)
Kernel push error: Maximum batch CPU session count of 5 reached.
SLOT BUSY: s2-contour-n288-s05 deferred
waiting: 11 kernel(s) still unpushed; sleeping 300s
--- push attempt s2-contour-n288-s05 2026-08-23T09:20:55Z ---
Warning: Looks like you're using an outdated `kaggle` version (installed: 2.2.1), please consider upgrading to the latest version (2.2.2)
Kernel push error: Maximum batch CPU session count of 5 reached.
SLOT BUSY: s2-contour-n288-s05 deferred
waiting: 11 kernel(s) still unpushed; sleeping 300s
=== S2 CONTOUR KAGGLE PUSHER START 2026-08-23T09:23:18Z ===
--- push attempt s2-contour-n288-s05 2026-08-23T09:23:18Z ---
Warning: Looks like you're using an outdated `kaggle` version (installed: 2.2.1), please consider upgrading to the latest version (2.2.2)
Kernel push error: Maximum batch CPU session count of 5 reached.
SLOT BUSY: s2-contour-n288-s05 deferred
waiting: 11 kernel(s) still unpushed; sleeping 300s
--- push attempt s2-contour-n288-s05 2026-08-23T09:28:19Z ---
Warning: Looks like you're using an outdated `kaggle` version (installed: 2.2.1), please consider upgrading to the latest version (2.2.2)
Kernel push error: Maximum batch CPU session count of 5 reached.
SLOT BUSY: s2-contour-n288-s05 deferred
waiting: 11 kernel(s) still unpushed; sleeping 300s
--- push attempt s2-contour-n288-s05 2026-08-23T09:33:21Z ---
Warning: Looks like you're using an outdated `kaggle` version (installed: 2.2.1), please consider upgrading to the latest version (2.2.2)
Kernel push error: Maximum batch CPU session count of 5 reached.
SLOT BUSY: s2-contour-n288-s05 deferred
waiting: 11 kernel(s) still unpushed; sleeping 300s
--- push attempt s2-contour-n288-s05 2026-08-23T09:38:22Z ---
Warning: Looks like you're using an outdated `kaggle` version (installed: 2.2.1), please consider upgrading to the latest version (2.2.2)
Kernel push error: Maximum batch CPU session count of 5 reached.
SLOT BUSY: s2-contour-n288-s05 deferred
waiting: 11 kernel(s) still unpushed; sleeping 300s
--- push attempt s2-contour-n288-s05 2026-08-23T09:43:25Z ---
Warning: Looks like you're using an outdated `kaggle` version (installed: 2.2.1), please consider upgrading to the latest version (2.2.2)
Kernel push error: Maximum batch CPU session count of 5 reached.
SLOT BUSY: s2-contour-n288-s05 deferred
waiting: 11 kernel(s) still unpushed; sleeping 300s
--- push attempt s2-contour-n288-s05 2026-08-23T09:48:26Z ---
Warning: Looks like you're using an outdated `kaggle` version (installed: 2.2.1), please consider upgrading to the latest version (2.2.2)
Kernel push error: Maximum batch CPU session count of 5 reached.
SLOT BUSY: s2-contour-n288-s05 deferred
waiting: 11 kernel(s) still unpushed; sleeping 300s
--- push attempt s2-contour-n288-s05 2026-08-23T09:53:28Z ---
Warning: Looks like you're using an outdated `kaggle` version (installed: 2.2.1), please consider upgrading to the latest version (2.2.2)
Kernel push error: Maximum batch CPU session count of 5 reached.
SLOT BUSY: s2-contour-n288-s05 deferred
waiting: 11 kernel(s) still unpushed; sleeping 300s
--- push attempt s2-contour-n288-s05 2026-08-23T09:58:29Z ---
Warning: Looks like you're using an outdated `kaggle` version (installed: 2.2.1), please consider upgrading to the latest version (2.2.2)
Kernel push error: Maximum batch CPU session count of 5 reached.
SLOT BUSY: s2-contour-n288-s05 deferred
waiting: 11 kernel(s) still unpushed; sleeping 300s
--- push attempt s2-contour-n288-s05 2026-08-23T10:03:31Z ---
Warning: Looks like you're using an outdated `kaggle` version (installed: 2.2.1), please consider upgrading to the latest version (2.2.2)
Kernel push error: Maximum batch CPU session count of 5 reached.
SLOT BUSY: s2-contour-n288-s05 deferred
waiting: 11 kernel(s) still unpushed; sleeping 300s
--- push attempt s2-contour-n288-s05 2026-08-23T10:08:32Z ---
Warning: Looks like you're using an outdated `kaggle` version (installed: 2.2.1), please consider upgrading to the latest version (2.2.2)
Kernel push error: Maximum batch CPU session count of 5 reached.
SLOT BUSY: s2-contour-n288-s05 deferred
waiting: 11 kernel(s) still unpushed; sleeping 300s
--- push attempt s2-contour-n288-s05 2026-08-23T10:13:33Z ---
Warning: Looks like you're using an outdated `kaggle` version (installed: 2.2.1), please consider upgrading to the latest version (2.2.2)
Kernel push error: Maximum batch CPU session count of 5 reached.
SLOT BUSY: s2-contour-n288-s05 deferred
waiting: 11 kernel(s) still unpushed; sleeping 300s
--- push attempt s2-contour-n288-s05 2026-08-23T10:18:35Z ---
Warning: Looks like you're using an outdated `kaggle` version (installed: 2.2.1), please consider upgrading to the latest version (2.2.2)
Kernel push error: Maximum batch CPU session count of 5 reached.
SLOT BUSY: s2-contour-n288-s05 deferred
waiting: 11 kernel(s) still unpushed; sleeping 300s
--- push attempt s2-contour-n288-s05 2026-08-23T10:23:36Z ---
Warning: Looks like you're using an outdated `kaggle` version (installed: 2.2.1), please consider upgrading to the latest version (2.2.2)
Kernel push error: Maximum batch CPU session count of 5 reached.
SLOT BUSY: s2-contour-n288-s05 deferred
waiting: 11 kernel(s) still unpushed; sleeping 300s
--- push attempt s2-contour-n288-s05 2026-08-23T10:28:38Z ---
Warning: Looks like you're using an outdated `kaggle` version (installed: 2.2.1), please consider upgrading to the latest version (2.2.2)
Kernel push error: Maximum batch CPU session count of 5 reached.
SLOT BUSY: s2-contour-n288-s05 deferred
waiting: 11 kernel(s) still unpushed; sleeping 300s
--- push attempt s2-contour-n288-s05 2026-08-23T10:33:39Z ---
Warning: Looks like you're using an outdated `kaggle` version (installed: 2.2.1), please consider upgrading to the latest version (2.2.2)
Kernel push error: Maximum batch CPU session count of 5 reached.
SLOT BUSY: s2-contour-n288-s05 deferred
waiting: 11 kernel(s) still unpushed; sleeping 300s
--- push attempt s2-contour-n288-s05 2026-08-23T10:38:41Z ---
Warning: Looks like you're using an outdated `kaggle` version (installed: 2.2.1), please consider upgrading to the latest version (2.2.2)
Kernel push error: Maximum batch CPU session count of 5 reached.
SLOT BUSY: s2-contour-n288-s05 deferred
waiting: 11 kernel(s) still unpushed; sleeping 300s
--- push attempt s2-contour-n288-s05 2026-08-23T10:43:43Z ---
Warning: Looks like you're using an outdated `kaggle` version (installed: 2.2.1), please consider upgrading to the latest version (2.2.2)
Kernel push error: Maximum batch CPU session count of 5 reached.
SLOT BUSY: s2-contour-n288-s05 deferred
waiting: 11 kernel(s) still unpushed; sleeping 300s
--- push attempt s2-contour-n288-s05 2026-08-23T10:48:44Z ---
Warning: Looks like you're using an outdated `kaggle` version (installed: 2.2.1), please consider upgrading to the latest version (2.2.2)
Kernel push error: Maximum batch CPU session count of 5 reached.
SLOT BUSY: s2-contour-n288-s05 deferred
waiting: 11 kernel(s) still unpushed; sleeping 300s
--- push attempt s2-contour-n288-s05 2026-08-23T10:53:46Z ---
Warning: Looks like you're using an outdated `kaggle` version (installed: 2.2.1), please consider upgrading to the latest version (2.2.2)
Kernel push error: Maximum batch CPU session count of 5 reached.
SLOT BUSY: s2-contour-n288-s05 deferred
waiting: 11 kernel(s) still unpushed; sleeping 300s
--- push attempt s2-contour-n288-s05 2026-08-23T10:58:47Z ---
Warning: Looks like you're using an outdated `kaggle` version (installed: 2.2.1), please consider upgrading to the latest version (2.2.2)
Kernel push error: Maximum batch CPU session count of 5 reached.
SLOT BUSY: s2-contour-n288-s05 deferred
waiting: 11 kernel(s) still unpushed; sleeping 300s
--- push attempt s2-contour-n288-s05 2026-08-23T11:03:48Z ---
Warning: Looks like you're using an outdated `kaggle` version (installed: 2.2.1), please consider upgrading to the latest version (2.2.2)
Kernel push error: Maximum batch CPU session count of 5 reached.
SLOT BUSY: s2-contour-n288-s05 deferred
waiting: 11 kernel(s) still unpushed; sleeping 300s
--- push attempt s2-contour-n288-s05 2026-08-23T11:08:50Z ---
Warning: Looks like you're using an outdated `kaggle` version (installed: 2.2.1), please consider upgrading to the latest version (2.2.2)
Kernel push error: Maximum batch CPU session count of 5 reached.
SLOT BUSY: s2-contour-n288-s05 deferred
waiting: 11 kernel(s) still unpushed; sleeping 300s
--- push attempt s2-contour-n288-s05 2026-08-23T11:13:51Z ---
Warning: Looks like you're using an outdated `kaggle` version (installed: 2.2.1), please consider upgrading to the latest version (2.2.2)
Kernel push error: Maximum batch CPU session count of 5 reached.
SLOT BUSY: s2-contour-n288-s05 deferred
waiting: 11 kernel(s) still unpushed; sleeping 300s
--- push attempt s2-contour-n288-s05 2026-08-23T11:18:53Z ---
Warning: Looks like you're using an outdated `kaggle` version (installed: 2.2.1), please consider upgrading to the latest version (2.2.2)
Kernel push error: Maximum batch CPU session count of 5 reached.
SLOT BUSY: s2-contour-n288-s05 deferred
waiting: 11 kernel(s) still unpushed; sleeping 300s
--- push attempt s2-contour-n288-s05 2026-08-23T11:23:54Z ---
Warning: Looks like you're using an outdated `kaggle` version (installed: 2.2.1), please consider upgrading to the latest version (2.2.2)
Kernel push error: Maximum batch CPU session count of 5 reached.
SLOT BUSY: s2-contour-n288-s05 deferred
waiting: 11 kernel(s) still unpushed; sleeping 300s
--- push attempt s2-contour-n288-s05 2026-08-23T11:28:55Z ---
Warning: Looks like you're using an outdated `kaggle` version (installed: 2.2.1), please consider upgrading to the latest version (2.2.2)
Kernel push error: Maximum batch CPU session count of 5 reached.
SLOT BUSY: s2-contour-n288-s05 deferred
waiting: 11 kernel(s) still unpushed; sleeping 300s
--- push attempt s2-contour-n288-s05 2026-08-23T11:33:57Z ---
Warning: Looks like you're using an outdated `kaggle` version (installed: 2.2.1), please consider upgrading to the latest version (2.2.2)
Kernel push error: Maximum batch CPU session count of 5 reached.
SLOT BUSY: s2-contour-n288-s05 deferred
waiting: 11 kernel(s) still unpushed; sleeping 300s
--- push attempt s2-contour-n288-s05 2026-08-23T11:38:59Z ---
Warning: Looks like you're using an outdated `kaggle` version (installed: 2.2.1), please consider upgrading to the latest version (2.2.2)
Kernel push error: Maximum batch CPU session count of 5 reached.
SLOT BUSY: s2-contour-n288-s05 deferred
waiting: 11 kernel(s) still unpushed; sleeping 300s
--- push attempt s2-contour-n288-s05 2026-08-23T11:44:00Z ---
Warning: Looks like you're using an outdated `kaggle` version (installed: 2.2.1), please consider upgrading to the latest version (2.2.2)
Kernel push error: Maximum batch CPU session count of 5 reached.
SLOT BUSY: s2-contour-n288-s05 deferred
waiting: 11 kernel(s) still unpushed; sleeping 300s
--- push attempt s2-contour-n288-s05 2026-08-23T11:49:01Z ---
Warning: Looks like you're using an outdated `kaggle` version (installed: 2.2.1), please consider upgrading to the latest version (2.2.2)
Kernel push error: Maximum batch CPU session count of 5 reached.
SLOT BUSY: s2-contour-n288-s05 deferred
waiting: 11 kernel(s) still unpushed; sleeping 300s
--- push attempt s2-contour-n288-s05 2026-08-23T11:54:03Z ---
Warning: Looks like you're using an outdated `kaggle` version (installed: 2.2.1), please consider upgrading to the latest version (2.2.2)
Kernel push error: Maximum batch CPU session count of 5 reached.
SLOT BUSY: s2-contour-n288-s05 deferred
waiting: 11 kernel(s) still unpushed; sleeping 300s
--- push attempt s2-contour-n288-s05 2026-08-23T11:59:04Z ---
Warning: Looks like you're using an outdated `kaggle` version (installed: 2.2.1), please consider upgrading to the latest version (2.2.2)
Kernel push error: Maximum batch CPU session count of 5 reached.
SLOT BUSY: s2-contour-n288-s05 deferred
waiting: 11 kernel(s) still unpushed; sleeping 300s
--- push attempt s2-contour-n288-s05 2026-08-23T12:04:06Z ---
Warning: Looks like you're using an outdated `kaggle` version (installed: 2.2.1), please consider upgrading to the latest version (2.2.2)
Kernel push error: Maximum batch CPU session count of 5 reached.
SLOT BUSY: s2-contour-n288-s05 deferred
waiting: 11 kernel(s) still unpushed; sleeping 300s
--- push attempt s2-contour-n288-s05 2026-08-23T12:09:07Z ---
Warning: Looks like you're using an outdated `kaggle` version (installed: 2.2.1), please consider upgrading to the latest version (2.2.2)
Kernel push error: Maximum batch CPU session count of 5 reached.
SLOT BUSY: s2-contour-n288-s05 deferred
waiting: 11 kernel(s) still unpushed; sleeping 300s
--- push attempt s2-contour-n288-s05 2026-08-23T12:14:09Z ---
Warning: Looks like you're using an outdated `kaggle` version (installed: 2.2.1), please consider upgrading to the latest version (2.2.2)
Kernel push error: Maximum batch CPU session count of 5 reached.
SLOT BUSY: s2-contour-n288-s05 deferred
waiting: 11 kernel(s) still unpushed; sleeping 300s
--- push attempt s2-contour-n288-s05 2026-08-23T12:19:10Z ---
Warning: Looks like you're using an outdated `kaggle` version (installed: 2.2.1), please consider upgrading to the latest version (2.2.2)
Kernel push error: Maximum batch CPU session count of 5 reached.
SLOT BUSY: s2-contour-n288-s05 deferred
waiting: 11 kernel(s) still unpushed; sleeping 300s
--- push attempt s2-contour-n288-s05 2026-08-23T12:24:11Z ---
Warning: Looks like you're using an outdated `kaggle` version (installed: 2.2.1), please consider upgrading to the latest version (2.2.2)
Kernel push error: Maximum batch CPU session count of 5 reached.
SLOT BUSY: s2-contour-n288-s05 deferred
waiting: 11 kernel(s) still unpushed; sleeping 300s
--- push attempt s2-contour-n288-s05 2026-08-23T12:29:13Z ---
Warning: Looks like you're using an outdated `kaggle` version (installed: 2.2.1), please consider upgrading to the latest version (2.2.2)
Kernel push error: Maximum batch CPU session count of 5 reached.
SLOT BUSY: s2-contour-n288-s05 deferred
waiting: 11 kernel(s) still unpushed; sleeping 300s
--- push attempt s2-contour-n288-s05 2026-08-23T12:34:14Z ---
Warning: Looks like you're using an outdated `kaggle` version (installed: 2.2.1), please consider upgrading to the latest version (2.2.2)
Kernel push error: Maximum batch CPU session count of 5 reached.
SLOT BUSY: s2-contour-n288-s05 deferred
waiting: 11 kernel(s) still unpushed; sleeping 300s
--- push attempt s2-contour-n288-s05 2026-08-23T12:39:16Z ---
Warning: Looks like you're using an outdated `kaggle` version (installed: 2.2.1), please consider upgrading to the latest version (2.2.2)
Kernel push error: Maximum batch CPU session count of 5 reached.
SLOT BUSY: s2-contour-n288-s05 deferred
waiting: 11 kernel(s) still unpushed; sleeping 300s
--- push attempt s2-contour-n288-s05 2026-08-23T12:44:17Z ---
Warning: Looks like you're using an outdated `kaggle` version (installed: 2.2.1), please consider upgrading to the latest version (2.2.2)
Kernel push error: Maximum batch CPU session count of 5 reached.
SLOT BUSY: s2-contour-n288-s05 deferred
waiting: 11 kernel(s) still unpushed; sleeping 300s
--- push attempt s2-contour-n288-s05 2026-08-23T12:49:19Z ---
Warning: Looks like you're using an outdated `kaggle` version (installed: 2.2.1), please consider upgrading to the latest version (2.2.2)
Kernel push error: Maximum batch CPU session count of 5 reached.
SLOT BUSY: s2-contour-n288-s05 deferred
waiting: 11 kernel(s) still unpushed; sleeping 300s
--- push attempt s2-contour-n288-s05 2026-08-23T12:54:20Z ---
Warning: Looks like you're using an outdated `kaggle` version (installed: 2.2.1), please consider upgrading to the latest version (2.2.2)
Kernel push error: Maximum batch CPU session count of 5 reached.
SLOT BUSY: s2-contour-n288-s05 deferred
waiting: 11 kernel(s) still unpushed; sleeping 300s
--- push attempt s2-contour-n288-s05 2026-08-23T12:59:21Z ---
Warning: Looks like you're using an outdated `kaggle` version (installed: 2.2.1), please consider upgrading to the latest version (2.2.2)
Kernel push error: Maximum batch CPU session count of 5 reached.
SLOT BUSY: s2-contour-n288-s05 deferred
waiting: 11 kernel(s) still unpushed; sleeping 300s
--- push attempt s2-contour-n288-s05 2026-08-23T13:04:23Z ---
Warning: Looks like you're using an outdated `kaggle` version (installed: 2.2.1), please consider upgrading to the latest version (2.2.2)
Kernel push error: Maximum batch CPU session count of 5 reached.
SLOT BUSY: s2-contour-n288-s05 deferred
waiting: 11 kernel(s) still unpushed; sleeping 300s
--- push attempt s2-contour-n288-s05 2026-08-23T13:09:24Z ---
Warning: Looks like you're using an outdated `kaggle` version (installed: 2.2.1), please consider upgrading to the latest version (2.2.2)
Kernel push error: Maximum batch CPU session count of 5 reached.
SLOT BUSY: s2-contour-n288-s05 deferred
waiting: 11 kernel(s) still unpushed; sleeping 300s
--- push attempt s2-contour-n288-s05 2026-08-23T13:14:26Z ---
Warning: Looks like you're using an outdated `kaggle` version (installed: 2.2.1), please consider upgrading to the latest version (2.2.2)
Kernel push error: Maximum batch CPU session count of 5 reached.
SLOT BUSY: s2-contour-n288-s05 deferred
waiting: 11 kernel(s) still unpushed; sleeping 300s
--- push attempt s2-contour-n288-s05 2026-08-23T13:19:27Z ---
Warning: Looks like you're using an outdated `kaggle` version (installed: 2.2.1), please consider upgrading to the latest version (2.2.2)
Kernel push error: Maximum batch CPU session count of 5 reached.
SLOT BUSY: s2-contour-n288-s05 deferred
waiting: 11 kernel(s) still unpushed; sleeping 300s
--- push attempt s2-contour-n288-s05 2026-08-23T13:24:28Z ---
Warning: Looks like you're using an outdated `kaggle` version (installed: 2.2.1), please consider upgrading to the latest version (2.2.2)
Kernel push error: Maximum batch CPU session count of 5 reached.
SLOT BUSY: s2-contour-n288-s05 deferred
waiting: 11 kernel(s) still unpushed; sleeping 300s
--- push attempt s2-contour-n288-s05 2026-08-23T13:29:30Z ---
Warning: Looks like you're using an outdated `kaggle` version (installed: 2.2.1), please consider upgrading to the latest version (2.2.2)
Kernel push error: Maximum batch CPU session count of 5 reached.
SLOT BUSY: s2-contour-n288-s05 deferred
waiting: 11 kernel(s) still unpushed; sleeping 300s
--- push attempt s2-contour-n288-s05 2026-08-23T13:34:32Z ---
Warning: Looks like you're using an outdated `kaggle` version (installed: 2.2.1), please consider upgrading to the latest version (2.2.2)
Kernel push error: Maximum batch CPU session count of 5 reached.
SLOT BUSY: s2-contour-n288-s05 deferred
waiting: 11 kernel(s) still unpushed; sleeping 300s
--- push attempt s2-contour-n288-s05 2026-08-23T13:39:33Z ---
Warning: Looks like you're using an outdated `kaggle` version (installed: 2.2.1), please consider upgrading to the latest version (2.2.2)
Kernel push error: Maximum batch CPU session count of 5 reached.
SLOT BUSY: s2-contour-n288-s05 deferred
waiting: 11 kernel(s) still unpushed; sleeping 300s
--- push attempt s2-contour-n288-s05 2026-08-23T13:44:34Z ---
Warning: Looks like you're using an outdated `kaggle` version (installed: 2.2.1), please consider upgrading to the latest version (2.2.2)
Kernel push error: Maximum batch CPU session count of 5 reached.
SLOT BUSY: s2-contour-n288-s05 deferred
waiting: 11 kernel(s) still unpushed; sleeping 300s
--- push attempt s2-contour-n288-s05 2026-08-23T13:49:36Z ---
Warning: Looks like you're using an outdated `kaggle` version (installed: 2.2.1), please consider upgrading to the latest version (2.2.2)
Kernel push error: Maximum batch CPU session count of 5 reached.
SLOT BUSY: s2-contour-n288-s05 deferred
waiting: 11 kernel(s) still unpushed; sleeping 300s
--- push attempt s2-contour-n288-s05 2026-08-23T13:54:37Z ---
Warning: Looks like you're using an outdated `kaggle` version (installed: 2.2.1), please consider upgrading to the latest version (2.2.2)
Kernel push error: Maximum batch CPU session count of 5 reached.
SLOT BUSY: s2-contour-n288-s05 deferred
waiting: 11 kernel(s) still unpushed; sleeping 300s
--- push attempt s2-contour-n288-s05 2026-08-23T13:59:39Z ---
Warning: Looks like you're using an outdated `kaggle` version (installed: 2.2.1), please consider upgrading to the latest version (2.2.2)
Kernel push error: Maximum batch CPU session count of 5 reached.
SLOT BUSY: s2-contour-n288-s05 deferred
waiting: 11 kernel(s) still unpushed; sleeping 300s
--- push attempt s2-contour-n288-s05 2026-08-23T14:04:41Z ---
Warning: Looks like you're using an outdated `kaggle` version (installed: 2.2.1), please consider upgrading to the latest version (2.2.2)
Kernel push error: Maximum batch CPU session count of 5 reached.
SLOT BUSY: s2-contour-n288-s05 deferred
waiting: 11 kernel(s) still unpushed; sleeping 300s
--- push attempt s2-contour-n288-s05 2026-08-23T14:09:42Z ---
Warning: Looks like you're using an outdated `kaggle` version (installed: 2.2.1), please consider upgrading to the latest version (2.2.2)
Kernel push error: Maximum batch CPU session count of 5 reached.
SLOT BUSY: s2-contour-n288-s05 deferred
waiting: 11 kernel(s) still unpushed; sleeping 300s
--- push attempt s2-contour-n288-s05 2026-08-23T14:14:44Z ---
Warning: Looks like you're using an outdated `kaggle` version (installed: 2.2.1), please consider upgrading to the latest version (2.2.2)
Kernel push error: Maximum batch CPU session count of 5 reached.
SLOT BUSY: s2-contour-n288-s05 deferred
waiting: 11 kernel(s) still unpushed; sleeping 300s
--- push attempt s2-contour-n288-s05 2026-08-23T14:19:45Z ---
Warning: Looks like you're using an outdated `kaggle` version (installed: 2.2.1), please consider upgrading to the latest version (2.2.2)
Kernel push error: Maximum batch CPU session count of 5 reached.
SLOT BUSY: s2-contour-n288-s05 deferred
waiting: 11 kernel(s) still unpushed; sleeping 300s
--- push attempt s2-contour-n288-s05 2026-08-23T14:24:47Z ---
Warning: Looks like you're using an outdated `kaggle` version (installed: 2.2.1), please consider upgrading to the latest version (2.2.2)
Kernel push error: Maximum batch CPU session count of 5 reached.
SLOT BUSY: s2-contour-n288-s05 deferred
waiting: 11 kernel(s) still unpushed; sleeping 300s
--- push attempt s2-contour-n288-s05 2026-08-23T14:29:49Z ---
Warning: Looks like you're using an outdated `kaggle` version (installed: 2.2.1), please consider upgrading to the latest version (2.2.2)
Kernel push error: Maximum batch CPU session count of 5 reached.
SLOT BUSY: s2-contour-n288-s05 deferred
waiting: 11 kernel(s) still unpushed; sleeping 300s
--- push attempt s2-contour-n288-s05 2026-08-23T14:34:50Z ---
Warning: Looks like you're using an outdated `kaggle` version (installed: 2.2.1), please consider upgrading to the latest version (2.2.2)
Kernel push error: Maximum batch CPU session count of 5 reached.
SLOT BUSY: s2-contour-n288-s05 deferred
waiting: 11 kernel(s) still unpushed; sleeping 300s
--- push attempt s2-contour-n288-s05 2026-08-23T14:39:51Z ---
Warning: Looks like you're using an outdated `kaggle` version (installed: 2.2.1), please consider upgrading to the latest version (2.2.2)
Kernel push error: Maximum batch CPU session count of 5 reached.
SLOT BUSY: s2-contour-n288-s05 deferred
waiting: 11 kernel(s) still unpushed; sleeping 300s
--- push attempt s2-contour-n288-s05 2026-08-23T14:44:53Z ---
Warning: Looks like you're using an outdated `kaggle` version (installed: 2.2.1), please consider upgrading to the latest version (2.2.2)
Kernel push error: Maximum batch CPU session count of 5 reached.
SLOT BUSY: s2-contour-n288-s05 deferred
waiting: 11 kernel(s) still unpushed; sleeping 300s
--- push attempt s2-contour-n288-s05 2026-08-23T14:49:55Z ---
Warning: Looks like you're using an outdated `kaggle` version (installed: 2.2.1), please consider upgrading to the latest version (2.2.2)
Kernel push error: Maximum batch CPU session count of 5 reached.
SLOT BUSY: s2-contour-n288-s05 deferred
waiting: 11 kernel(s) still unpushed; sleeping 300s
--- push attempt s2-contour-n288-s05 2026-08-23T14:54:56Z ---
Warning: Looks like you're using an outdated `kaggle` version (installed: 2.2.1), please consider upgrading to the latest version (2.2.2)
Kernel push error: Maximum batch CPU session count of 5 reached.
SLOT BUSY: s2-contour-n288-s05 deferred
waiting: 11 kernel(s) still unpushed; sleeping 300s
--- push attempt s2-contour-n288-s05 2026-08-23T14:59:57Z ---
Warning: Looks like you're using an outdated `kaggle` version (installed: 2.2.1), please consider upgrading to the latest version (2.2.2)
Kernel push error: Maximum batch CPU session count of 5 reached.
SLOT BUSY: s2-contour-n288-s05 deferred
waiting: 11 kernel(s) still unpushed; sleeping 300s
--- push attempt s2-contour-n288-s05 2026-08-23T15:04:58Z ---
Warning: Looks like you're using an outdated `kaggle` version (installed: 2.2.1), please consider upgrading to the latest version (2.2.2)
Kernel push error: Maximum batch CPU session count of 5 reached.
SLOT BUSY: s2-contour-n288-s05 deferred
waiting: 11 kernel(s) still unpushed; sleeping 300s
--- push attempt s2-contour-n288-s05 2026-08-23T15:10:00Z ---
Warning: Looks like you're using an outdated `kaggle` version (installed: 2.2.1), please consider upgrading to the latest version (2.2.2)
Kernel push error: Maximum batch CPU session count of 5 reached.
SLOT BUSY: s2-contour-n288-s05 deferred
waiting: 11 kernel(s) still unpushed; sleeping 300s
--- push attempt s2-contour-n288-s05 2026-08-23T15:15:02Z ---
Warning: Looks like you're using an outdated `kaggle` version (installed: 2.2.1), please consider upgrading to the latest version (2.2.2)
Kernel push error: Maximum batch CPU session count of 5 reached.
SLOT BUSY: s2-contour-n288-s05 deferred
waiting: 11 kernel(s) still unpushed; sleeping 300s
--- push attempt s2-contour-n288-s05 2026-08-23T15:20:03Z ---
Warning: Looks like you're using an outdated `kaggle` version (installed: 2.2.1), please consider upgrading to the latest version (2.2.2)
Kernel push error: Maximum batch CPU session count of 5 reached.
SLOT BUSY: s2-contour-n288-s05 deferred
waiting: 11 kernel(s) still unpushed; sleeping 300s
--- push attempt s2-contour-n288-s05 2026-08-23T15:25:05Z ---
Warning: Looks like you're using an outdated `kaggle` version (installed: 2.2.1), please consider upgrading to the latest version (2.2.2)
Kernel push error: Maximum batch CPU session count of 5 reached.
SLOT BUSY: s2-contour-n288-s05 deferred
waiting: 11 kernel(s) still unpushed; sleeping 300s
--- push attempt s2-contour-n288-s05 2026-08-23T15:30:07Z ---
Warning: Looks like you're using an outdated `kaggle` version (installed: 2.2.1), please consider upgrading to the latest version (2.2.2)
Kernel push error: Maximum batch CPU session count of 5 reached.
SLOT BUSY: s2-contour-n288-s05 deferred
waiting: 11 kernel(s) still unpushed; sleeping 300s
--- push attempt s2-contour-n288-s05 2026-08-23T15:35:09Z ---
Warning: Looks like you're using an outdated `kaggle` version (installed: 2.2.1), please consider upgrading to the latest version (2.2.2)
Kernel push error: Maximum batch CPU session count of 5 reached.
SLOT BUSY: s2-contour-n288-s05 deferred
waiting: 11 kernel(s) still unpushed; sleeping 300s
--- push attempt s2-contour-n288-s05 2026-08-23T15:40:10Z ---
Warning: Looks like you're using an outdated `kaggle` version (installed: 2.2.1), please consider upgrading to the latest version (2.2.2)
Kernel push error: Maximum batch CPU session count of 5 reached.
SLOT BUSY: s2-contour-n288-s05 deferred
waiting: 11 kernel(s) still unpushed; sleeping 300s
--- push attempt s2-contour-n288-s05 2026-08-23T15:45:12Z ---
Warning: Looks like you're using an outdated `kaggle` version (installed: 2.2.1), please consider upgrading to the latest version (2.2.2)
Kernel push error: Maximum batch CPU session count of 5 reached.
SLOT BUSY: s2-contour-n288-s05 deferred
waiting: 11 kernel(s) still unpushed; sleeping 300s
--- push attempt s2-contour-n288-s05 2026-08-23T15:50:14Z ---
Warning: Looks like you're using an outdated `kaggle` version (installed: 2.2.1), please consider upgrading to the latest version (2.2.2)
Kernel push error: Maximum batch CPU session count of 5 reached.
SLOT BUSY: s2-contour-n288-s05 deferred
waiting: 11 kernel(s) still unpushed; sleeping 300s
--- push attempt s2-contour-n288-s05 2026-08-23T15:55:15Z ---
Warning: Looks like you're using an outdated `kaggle` version (installed: 2.2.1), please consider upgrading to the latest version (2.2.2)
Kernel push error: Maximum batch CPU session count of 5 reached.
SLOT BUSY: s2-contour-n288-s05 deferred
waiting: 11 kernel(s) still unpushed; sleeping 300s
--- push attempt s2-contour-n288-s05 2026-08-23T16:00:17Z ---
Warning: Looks like you're using an outdated `kaggle` version (installed: 2.2.1), please consider upgrading to the latest version (2.2.2)
Kernel push error: Maximum batch CPU session count of 5 reached.
SLOT BUSY: s2-contour-n288-s05 deferred
waiting: 11 kernel(s) still unpushed; sleeping 300s
--- push attempt s2-contour-n288-s05 2026-08-23T16:05:19Z ---
Warning: Looks like you're using an outdated `kaggle` version (installed: 2.2.1), please consider upgrading to the latest version (2.2.2)
Kernel push error: Maximum batch CPU session count of 5 reached.
SLOT BUSY: s2-contour-n288-s05 deferred
waiting: 11 kernel(s) still unpushed; sleeping 300s
--- push attempt s2-contour-n288-s05 2026-08-23T16:10:21Z ---
Warning: Looks like you're using an outdated `kaggle` version (installed: 2.2.1), please consider upgrading to the latest version (2.2.2)
Kernel push error: Maximum batch CPU session count of 5 reached.
SLOT BUSY: s2-contour-n288-s05 deferred
waiting: 11 kernel(s) still unpushed; sleeping 300s
--- push attempt s2-contour-n288-s05 2026-08-23T16:15:22Z ---
Warning: Looks like you're using an outdated `kaggle` version (installed: 2.2.1), please consider upgrading to the latest version (2.2.2)
Kernel push error: Maximum batch CPU session count of 5 reached.
SLOT BUSY: s2-contour-n288-s05 deferred
waiting: 11 kernel(s) still unpushed; sleeping 300s
--- push attempt s2-contour-n288-s05 2026-08-23T16:20:23Z ---
Warning: Looks like you're using an outdated `kaggle` version (installed: 2.2.1), please consider upgrading to the latest version (2.2.2)
Kernel push error: Maximum batch CPU session count of 5 reached.
SLOT BUSY: s2-contour-n288-s05 deferred
waiting: 11 kernel(s) still unpushed; sleeping 300s
--- push attempt s2-contour-n288-s05 2026-08-23T16:25:25Z ---
Warning: Looks like you're using an outdated `kaggle` version (installed: 2.2.1), please consider upgrading to the latest version (2.2.2)
Kernel push error: Maximum batch CPU session count of 5 reached.
SLOT BUSY: s2-contour-n288-s05 deferred
waiting: 11 kernel(s) still unpushed; sleeping 300s
--- push attempt s2-contour-n288-s05 2026-08-23T16:30:27Z ---
Warning: Looks like you're using an outdated `kaggle` version (installed: 2.2.1), please consider upgrading to the latest version (2.2.2)
Kernel push error: Maximum batch CPU session count of 5 reached.
SLOT BUSY: s2-contour-n288-s05 deferred
waiting: 11 kernel(s) still unpushed; sleeping 300s
--- push attempt s2-contour-n288-s05 2026-08-23T16:35:28Z ---
Warning: Looks like you're using an outdated `kaggle` version (installed: 2.2.1), please consider upgrading to the latest version (2.2.2)
Kernel push error: Maximum batch CPU session count of 5 reached.
SLOT BUSY: s2-contour-n288-s05 deferred
waiting: 11 kernel(s) still unpushed; sleeping 300s
--- push attempt s2-contour-n288-s05 2026-08-23T16:40:30Z ---
Warning: Looks like you're using an outdated `kaggle` version (installed: 2.2.1), please consider upgrading to the latest version (2.2.2)
Kernel push error: Maximum batch CPU session count of 5 reached.
SLOT BUSY: s2-contour-n288-s05 deferred
waiting: 11 kernel(s) still unpushed; sleeping 300s
--- push attempt s2-contour-n288-s05 2026-08-23T16:45:31Z ---
Warning: Looks like you're using an outdated `kaggle` version (installed: 2.2.1), please consider upgrading to the latest version (2.2.2)
Kernel push error: Maximum batch CPU session count of 5 reached.
SLOT BUSY: s2-contour-n288-s05 deferred
waiting: 11 kernel(s) still unpushed; sleeping 300s
--- push attempt s2-contour-n288-s05 2026-08-23T16:50:33Z ---
Warning: Looks like you're using an outdated `kaggle` version (installed: 2.2.1), please consider upgrading to the latest version (2.2.2)
Kernel push error: Maximum batch CPU session count of 5 reached.
SLOT BUSY: s2-contour-n288-s05 deferred
waiting: 11 kernel(s) still unpushed; sleeping 300s
--- push attempt s2-contour-n288-s05 2026-08-23T16:55:34Z ---
Warning: Looks like you're using an outdated `kaggle` version (installed: 2.2.1), please consider upgrading to the latest version (2.2.2)
Kernel push error: Maximum batch CPU session count of 5 reached.
SLOT BUSY: s2-contour-n288-s05 deferred
waiting: 11 kernel(s) still unpushed; sleeping 300s
--- push attempt s2-contour-n288-s05 2026-08-23T17:00:36Z ---
Warning: Looks like you're using an outdated `kaggle` version (installed: 2.2.1), please consider upgrading to the latest version (2.2.2)
Kernel push error: Maximum batch CPU session count of 5 reached.
SLOT BUSY: s2-contour-n288-s05 deferred
waiting: 11 kernel(s) still unpushed; sleeping 300s
--- push attempt s2-contour-n288-s05 2026-08-23T17:05:37Z ---
Warning: Looks like you're using an outdated `kaggle` version (installed: 2.2.1), please consider upgrading to the latest version (2.2.2)
Kernel push error: Maximum batch CPU session count of 5 reached.
SLOT BUSY: s2-contour-n288-s05 deferred
waiting: 11 kernel(s) still unpushed; sleeping 300s
--- push attempt s2-contour-n288-s05 2026-08-23T17:10:39Z ---
Warning: Looks like you're using an outdated `kaggle` version (installed: 2.2.1), please consider upgrading to the latest version (2.2.2)
Kernel push error: Maximum batch CPU session count of 5 reached.
SLOT BUSY: s2-contour-n288-s05 deferred
waiting: 11 kernel(s) still unpushed; sleeping 300s
--- push attempt s2-contour-n288-s05 2026-08-23T17:15:41Z ---
Warning: Looks like you're using an outdated `kaggle` version (installed: 2.2.1), please consider upgrading to the latest version (2.2.2)
Kernel push error: Maximum batch CPU session count of 5 reached.
SLOT BUSY: s2-contour-n288-s05 deferred
waiting: 11 kernel(s) still unpushed; sleeping 300s
--- push attempt s2-contour-n288-s05 2026-08-23T17:20:43Z ---
Warning: Looks like you're using an outdated `kaggle` version (installed: 2.2.1), please consider upgrading to the latest version (2.2.2)
Kernel push error: Maximum batch CPU session count of 5 reached.
SLOT BUSY: s2-contour-n288-s05 deferred
waiting: 11 kernel(s) still unpushed; sleeping 300s
--- push attempt s2-contour-n288-s05 2026-08-23T17:25:45Z ---
Warning: Looks like you're using an outdated `kaggle` version (installed: 2.2.1), please consider upgrading to the latest version (2.2.2)
Kernel push error: Maximum batch CPU session count of 5 reached.
SLOT BUSY: s2-contour-n288-s05 deferred
waiting: 11 kernel(s) still unpushed; sleeping 300s
--- push attempt s2-contour-n288-s05 2026-08-23T17:30:47Z ---
Warning: Looks like you're using an outdated `kaggle` version (installed: 2.2.1), please consider upgrading to the latest version (2.2.2)
Kernel push error: Maximum batch CPU session count of 5 reached.
SLOT BUSY: s2-contour-n288-s05 deferred
waiting: 11 kernel(s) still unpushed; sleeping 300s
--- push attempt s2-contour-n288-s05 2026-08-23T17:35:48Z ---
Warning: Looks like you're using an outdated `kaggle` version (installed: 2.2.1), please consider upgrading to the latest version (2.2.2)
Kernel push error: Maximum batch CPU session count of 5 reached.
SLOT BUSY: s2-contour-n288-s05 deferred
waiting: 11 kernel(s) still unpushed; sleeping 300s
--- push attempt s2-contour-n288-s05 2026-08-23T17:40:50Z ---
Warning: Looks like you're using an outdated `kaggle` version (installed: 2.2.1), please consider upgrading to the latest version (2.2.2)
Kernel push error: Maximum batch CPU session count of 5 reached.
SLOT BUSY: s2-contour-n288-s05 deferred
waiting: 11 kernel(s) still unpushed; sleeping 300s
--- push attempt s2-contour-n288-s05 2026-08-23T17:45:52Z ---
Warning: Looks like you're using an outdated `kaggle` version (installed: 2.2.1), please consider upgrading to the latest version (2.2.2)
Kernel push error: Maximum batch CPU session count of 5 reached.
SLOT BUSY: s2-contour-n288-s05 deferred
waiting: 11 kernel(s) still unpushed; sleeping 300s
--- push attempt s2-contour-n288-s05 2026-08-23T17:50:54Z ---
Warning: Looks like you're using an outdated `kaggle` version (installed: 2.2.1), please consider upgrading to the latest version (2.2.2)
Kernel push error: Maximum batch CPU session count of 5 reached.
SLOT BUSY: s2-contour-n288-s05 deferred
waiting: 11 kernel(s) still unpushed; sleeping 300s
--- push attempt s2-contour-n288-s05 2026-08-23T17:55:55Z ---
Warning: Looks like you're using an outdated `kaggle` version (installed: 2.2.1), please consider upgrading to the latest version (2.2.2)
Kernel push error: Maximum batch CPU session count of 5 reached.
SLOT BUSY: s2-contour-n288-s05 deferred
waiting: 11 kernel(s) still unpushed; sleeping 300s
--- push attempt s2-contour-n288-s05 2026-08-23T18:00:57Z ---
Warning: Looks like you're using an outdated `kaggle` version (installed: 2.2.1), please consider upgrading to the latest version (2.2.2)
Kernel push error: Maximum batch CPU session count of 5 reached.
SLOT BUSY: s2-contour-n288-s05 deferred
waiting: 11 kernel(s) still unpushed; sleeping 300s
--- push attempt s2-contour-n288-s05 2026-08-23T18:05:58Z ---
Warning: Looks like you're using an outdated `kaggle` version (installed: 2.2.1), please consider upgrading to the latest version (2.2.2)
Kernel push error: Maximum batch CPU session count of 5 reached.
SLOT BUSY: s2-contour-n288-s05 deferred
waiting: 11 kernel(s) still unpushed; sleeping 300s
--- push attempt s2-contour-n288-s05 2026-08-23T18:11:00Z ---
Warning: Looks like you're using an outdated `kaggle` version (installed: 2.2.1), please consider upgrading to the latest version (2.2.2)
Kernel push error: Maximum batch CPU session count of 5 reached.
SLOT BUSY: s2-contour-n288-s05 deferred
waiting: 11 kernel(s) still unpushed; sleeping 300s
--- push attempt s2-contour-n288-s05 2026-08-23T18:16:01Z ---
Warning: Looks like you're using an outdated `kaggle` version (installed: 2.2.1), please consider upgrading to the latest version (2.2.2)
Kernel push error: Maximum batch CPU session count of 5 reached.
SLOT BUSY: s2-contour-n288-s05 deferred
waiting: 11 kernel(s) still unpushed; sleeping 300s
--- push attempt s2-contour-n288-s05 2026-08-23T18:21:03Z ---
Warning: Looks like you're using an outdated `kaggle` version (installed: 2.2.1), please consider upgrading to the latest version (2.2.2)
Kernel version 1 successfully pushed.  Please check progress at https://www.kaggle.com/code/saarshai/s2-contour-n288-s05
status: saarshai/s2-contour-n288-s05 has status "KernelWorkerStatus.RUNNING"
PUSHED s2-contour-n288-s05 (status confirms the kernel exists and has a run)
--- push attempt s2-contour-n288-s06 2026-08-23T18:21:31Z ---
Warning: Looks like you're using an outdated `kaggle` version (installed: 2.2.1), please consider upgrading to the latest version (2.2.2)
Kernel push error: Maximum batch CPU session count of 5 reached.
SLOT BUSY: s2-contour-n288-s06 deferred
waiting: 10 kernel(s) still unpushed; sleeping 300s
--- push attempt s2-contour-n288-s06 2026-08-23T18:26:32Z ---
Warning: Looks like you're using an outdated `kaggle` version (installed: 2.2.1), please consider upgrading to the latest version (2.2.2)
Kernel push error: Maximum batch CPU session count of 5 reached.
SLOT BUSY: s2-contour-n288-s06 deferred
waiting: 10 kernel(s) still unpushed; sleeping 300s
--- push attempt s2-contour-n288-s06 2026-08-23T18:31:34Z ---
Warning: Looks like you're using an outdated `kaggle` version (installed: 2.2.1), please consider upgrading to the latest version (2.2.2)
Kernel push error: Maximum batch CPU session count of 5 reached.
SLOT BUSY: s2-contour-n288-s06 deferred
waiting: 10 kernel(s) still unpushed; sleeping 300s
--- push attempt s2-contour-n288-s06 2026-08-23T18:36:35Z ---
Warning: Looks like you're using an outdated `kaggle` version (installed: 2.2.1), please consider upgrading to the latest version (2.2.2)
Kernel push error: Maximum batch CPU session count of 5 reached.
SLOT BUSY: s2-contour-n288-s06 deferred
waiting: 10 kernel(s) still unpushed; sleeping 300s
--- push attempt s2-contour-n288-s06 2026-08-23T18:41:36Z ---
Warning: Looks like you're using an outdated `kaggle` version (installed: 2.2.1), please consider upgrading to the latest version (2.2.2)
Kernel push error: Maximum batch CPU session count of 5 reached.
SLOT BUSY: s2-contour-n288-s06 deferred
waiting: 10 kernel(s) still unpushed; sleeping 300s
--- push attempt s2-contour-n288-s06 2026-08-23T18:46:38Z ---
Warning: Looks like you're using an outdated `kaggle` version (installed: 2.2.1), please consider upgrading to the latest version (2.2.2)
Kernel push error: Maximum batch CPU session count of 5 reached.
SLOT BUSY: s2-contour-n288-s06 deferred
waiting: 10 kernel(s) still unpushed; sleeping 300s
--- push attempt s2-contour-n288-s06 2026-08-23T18:51:40Z ---
Warning: Looks like you're using an outdated `kaggle` version (installed: 2.2.1), please consider upgrading to the latest version (2.2.2)
Kernel push error: Maximum batch CPU session count of 5 reached.
SLOT BUSY: s2-contour-n288-s06 deferred
waiting: 10 kernel(s) still unpushed; sleeping 300s
--- push attempt s2-contour-n288-s06 2026-08-23T18:56:41Z ---
Warning: Looks like you're using an outdated `kaggle` version (installed: 2.2.1), please consider upgrading to the latest version (2.2.2)
Kernel push error: Maximum batch CPU session count of 5 reached.
SLOT BUSY: s2-contour-n288-s06 deferred
waiting: 10 kernel(s) still unpushed; sleeping 300s
--- push attempt s2-contour-n288-s06 2026-08-23T19:01:43Z ---
Warning: Looks like you're using an outdated `kaggle` version (installed: 2.2.1), please consider upgrading to the latest version (2.2.2)
Kernel push error: Maximum batch CPU session count of 5 reached.
SLOT BUSY: s2-contour-n288-s06 deferred
waiting: 10 kernel(s) still unpushed; sleeping 300s
--- push attempt s2-contour-n288-s06 2026-08-23T19:06:44Z ---
Warning: Looks like you're using an outdated `kaggle` version (installed: 2.2.1), please consider upgrading to the latest version (2.2.2)
Kernel push error: Maximum batch CPU session count of 5 reached.
SLOT BUSY: s2-contour-n288-s06 deferred
waiting: 10 kernel(s) still unpushed; sleeping 300s
--- push attempt s2-contour-n288-s06 2026-08-23T19:11:45Z ---
Warning: Looks like you're using an outdated `kaggle` version (installed: 2.2.1), please consider upgrading to the latest version (2.2.2)
Kernel push error: Maximum batch CPU session count of 5 reached.
SLOT BUSY: s2-contour-n288-s06 deferred
waiting: 10 kernel(s) still unpushed; sleeping 300s
--- push attempt s2-contour-n288-s06 2026-08-23T19:16:47Z ---
Warning: Looks like you're using an outdated `kaggle` version (installed: 2.2.1), please consider upgrading to the latest version (2.2.2)
Kernel push error: Maximum batch CPU session count of 5 reached.
SLOT BUSY: s2-contour-n288-s06 deferred
waiting: 10 kernel(s) still unpushed; sleeping 300s
--- push attempt s2-contour-n288-s06 2026-08-23T19:21:49Z ---
Warning: Looks like you're using an outdated `kaggle` version (installed: 2.2.1), please consider upgrading to the latest version (2.2.2)
Kernel push error: Maximum batch CPU session count of 5 reached.
SLOT BUSY: s2-contour-n288-s06 deferred
waiting: 10 kernel(s) still unpushed; sleeping 300s
--- push attempt s2-contour-n288-s06 2026-08-23T19:26:50Z ---
Warning: Looks like you're using an outdated `kaggle` version (installed: 2.2.1), please consider upgrading to the latest version (2.2.2)
Kernel version 1 successfully pushed.  Please check progress at https://www.kaggle.com/code/saarshai/s2-contour-n288-s06
status: saarshai/s2-contour-n288-s06 has status "KernelWorkerStatus.RUNNING"
PUSHED s2-contour-n288-s06 (status confirms the kernel exists and has a run)
--- push attempt s2-contour-n288-s07 2026-08-23T19:27:17Z ---
Warning: Looks like you're using an outdated `kaggle` version (installed: 2.2.1), please consider upgrading to the latest version (2.2.2)
Kernel version 1 successfully pushed.  Please check progress at https://www.kaggle.com/code/saarshai/s2-contour-n288-s07
status: saarshai/s2-contour-n288-s07 has status "KernelWorkerStatus.RUNNING"
PUSHED s2-contour-n288-s07 (status confirms the kernel exists and has a run)
--- push attempt s2-contour-n288-s08 2026-08-23T19:27:45Z ---
Warning: Looks like you're using an outdated `kaggle` version (installed: 2.2.1), please consider upgrading to the latest version (2.2.2)
Kernel version 1 successfully pushed.  Please check progress at https://www.kaggle.com/code/saarshai/s2-contour-n288-s08
status: saarshai/s2-contour-n288-s08 has status "KernelWorkerStatus.RUNNING"
PUSHED s2-contour-n288-s08 (status confirms the kernel exists and has a run)
--- push attempt s2-contour-n288-s09 2026-08-23T19:28:13Z ---
Warning: Looks like you're using an outdated `kaggle` version (installed: 2.2.1), please consider upgrading to the latest version (2.2.2)
Kernel push error: Maximum batch CPU session count of 5 reached.
SLOT BUSY: s2-contour-n288-s09 deferred
waiting: 7 kernel(s) still unpushed; sleeping 300s
--- push attempt s2-contour-n288-s09 2026-08-23T19:33:14Z ---
Warning: Looks like you're using an outdated `kaggle` version (installed: 2.2.1), please consider upgrading to the latest version (2.2.2)
Kernel version 1 successfully pushed.  Please check progress at https://www.kaggle.com/code/saarshai/s2-contour-n288-s09
status: saarshai/s2-contour-n288-s09 has status "KernelWorkerStatus.RUNNING"
PUSHED s2-contour-n288-s09 (status confirms the kernel exists and has a run)
--- push attempt s2-contour-n288-s10 2026-08-23T19:33:42Z ---
Warning: Looks like you're using an outdated `kaggle` version (installed: 2.2.1), please consider upgrading to the latest version (2.2.2)
Kernel push error: Maximum batch CPU session count of 5 reached.
SLOT BUSY: s2-contour-n288-s10 deferred
waiting: 6 kernel(s) still unpushed; sleeping 300s
--- push attempt s2-contour-n288-s10 2026-08-23T19:38:44Z ---
Warning: Looks like you're using an outdated `kaggle` version (installed: 2.2.1), please consider upgrading to the latest version (2.2.2)
Kernel push error: Maximum batch CPU session count of 5 reached.
SLOT BUSY: s2-contour-n288-s10 deferred
waiting: 6 kernel(s) still unpushed; sleeping 300s
--- push attempt s2-contour-n288-s10 2026-08-23T19:43:45Z ---
Warning: Looks like you're using an outdated `kaggle` version (installed: 2.2.1), please consider upgrading to the latest version (2.2.2)
Kernel push error: Maximum batch CPU session count of 5 reached.
SLOT BUSY: s2-contour-n288-s10 deferred
waiting: 6 kernel(s) still unpushed; sleeping 300s
--- push attempt s2-contour-n288-s10 2026-08-23T19:48:46Z ---
Warning: Looks like you're using an outdated `kaggle` version (installed: 2.2.1), please consider upgrading to the latest version (2.2.2)
Kernel push error: Maximum batch CPU session count of 5 reached.
SLOT BUSY: s2-contour-n288-s10 deferred
waiting: 6 kernel(s) still unpushed; sleeping 300s
--- push attempt s2-contour-n288-s10 2026-08-23T19:53:48Z ---
Warning: Looks like you're using an outdated `kaggle` version (installed: 2.2.1), please consider upgrading to the latest version (2.2.2)
Kernel push error: Maximum batch CPU session count of 5 reached.
SLOT BUSY: s2-contour-n288-s10 deferred
waiting: 6 kernel(s) still unpushed; sleeping 300s
--- push attempt s2-contour-n288-s10 2026-08-23T19:58:49Z ---
Warning: Looks like you're using an outdated `kaggle` version (installed: 2.2.1), please consider upgrading to the latest version (2.2.2)
Kernel push error: Maximum batch CPU session count of 5 reached.
SLOT BUSY: s2-contour-n288-s10 deferred
waiting: 6 kernel(s) still unpushed; sleeping 300s
--- push attempt s2-contour-n288-s10 2026-08-23T20:03:51Z ---
Warning: Looks like you're using an outdated `kaggle` version (installed: 2.2.1), please consider upgrading to the latest version (2.2.2)
Kernel push error: Maximum batch CPU session count of 5 reached.
SLOT BUSY: s2-contour-n288-s10 deferred
waiting: 6 kernel(s) still unpushed; sleeping 300s
--- push attempt s2-contour-n288-s10 2026-08-23T20:08:53Z ---
Warning: Looks like you're using an outdated `kaggle` version (installed: 2.2.1), please consider upgrading to the latest version (2.2.2)
Kernel push error: Maximum batch CPU session count of 5 reached.
SLOT BUSY: s2-contour-n288-s10 deferred
waiting: 6 kernel(s) still unpushed; sleeping 300s
--- push attempt s2-contour-n288-s10 2026-08-23T20:13:54Z ---
Warning: Looks like you're using an outdated `kaggle` version (installed: 2.2.1), please consider upgrading to the latest version (2.2.2)
Kernel push error: Maximum batch CPU session count of 5 reached.
SLOT BUSY: s2-contour-n288-s10 deferred
waiting: 6 kernel(s) still unpushed; sleeping 300s
--- push attempt s2-contour-n288-s10 2026-08-23T20:18:56Z ---
Warning: Looks like you're using an outdated `kaggle` version (installed: 2.2.1), please consider upgrading to the latest version (2.2.2)
Kernel push error: Maximum batch CPU session count of 5 reached.
SLOT BUSY: s2-contour-n288-s10 deferred
waiting: 6 kernel(s) still unpushed; sleeping 300s
--- push attempt s2-contour-n288-s10 2026-08-23T20:23:58Z ---
Warning: Looks like you're using an outdated `kaggle` version (installed: 2.2.1), please consider upgrading to the latest version (2.2.2)
Kernel push error: Maximum batch CPU session count of 5 reached.
SLOT BUSY: s2-contour-n288-s10 deferred
waiting: 6 kernel(s) still unpushed; sleeping 300s
--- push attempt s2-contour-n288-s10 2026-08-23T20:29:00Z ---
Warning: Looks like you're using an outdated `kaggle` version (installed: 2.2.1), please consider upgrading to the latest version (2.2.2)
Kernel push error: Maximum batch CPU session count of 5 reached.
SLOT BUSY: s2-contour-n288-s10 deferred
waiting: 6 kernel(s) still unpushed; sleeping 300s
--- push attempt s2-contour-n288-s10 2026-08-23T20:34:01Z ---
Warning: Looks like you're using an outdated `kaggle` version (installed: 2.2.1), please consider upgrading to the latest version (2.2.2)
Kernel push error: Maximum batch CPU session count of 5 reached.
SLOT BUSY: s2-contour-n288-s10 deferred
waiting: 6 kernel(s) still unpushed; sleeping 300s
--- push attempt s2-contour-n288-s10 2026-08-23T20:39:03Z ---
Warning: Looks like you're using an outdated `kaggle` version (installed: 2.2.1), please consider upgrading to the latest version (2.2.2)
Kernel push error: Maximum batch CPU session count of 5 reached.
SLOT BUSY: s2-contour-n288-s10 deferred
waiting: 6 kernel(s) still unpushed; sleeping 300s
--- push attempt s2-contour-n288-s10 2026-08-23T20:44:05Z ---
Warning: Looks like you're using an outdated `kaggle` version (installed: 2.2.1), please consider upgrading to the latest version (2.2.2)
Kernel push error: Maximum batch CPU session count of 5 reached.
SLOT BUSY: s2-contour-n288-s10 deferred
waiting: 6 kernel(s) still unpushed; sleeping 300s
--- push attempt s2-contour-n288-s10 2026-08-23T20:49:06Z ---
Warning: Looks like you're using an outdated `kaggle` version (installed: 2.2.1), please consider upgrading to the latest version (2.2.2)
Kernel push error: Maximum batch CPU session count of 5 reached.
SLOT BUSY: s2-contour-n288-s10 deferred
waiting: 6 kernel(s) still unpushed; sleeping 300s
--- push attempt s2-contour-n288-s10 2026-08-23T20:54:08Z ---
Warning: Looks like you're using an outdated `kaggle` version (installed: 2.2.1), please consider upgrading to the latest version (2.2.2)
Kernel push error: Maximum batch CPU session count of 5 reached.
SLOT BUSY: s2-contour-n288-s10 deferred
waiting: 6 kernel(s) still unpushed; sleeping 300s
--- push attempt s2-contour-n288-s10 2026-08-23T20:59:09Z ---
Warning: Looks like you're using an outdated `kaggle` version (installed: 2.2.1), please consider upgrading to the latest version (2.2.2)
Kernel push error: Maximum batch CPU session count of 5 reached.
SLOT BUSY: s2-contour-n288-s10 deferred
waiting: 6 kernel(s) still unpushed; sleeping 300s
--- push attempt s2-contour-n288-s10 2026-08-23T21:04:11Z ---
Warning: Looks like you're using an outdated `kaggle` version (installed: 2.2.1), please consider upgrading to the latest version (2.2.2)
Kernel push error: Maximum batch CPU session count of 5 reached.
SLOT BUSY: s2-contour-n288-s10 deferred
waiting: 6 kernel(s) still unpushed; sleeping 300s
--- push attempt s2-contour-n288-s10 2026-08-23T21:09:12Z ---
Warning: Looks like you're using an outdated `kaggle` version (installed: 2.2.1), please consider upgrading to the latest version (2.2.2)
Kernel push error: Maximum batch CPU session count of 5 reached.
SLOT BUSY: s2-contour-n288-s10 deferred
waiting: 6 kernel(s) still unpushed; sleeping 300s
--- push attempt s2-contour-n288-s10 2026-08-23T21:14:14Z ---
Warning: Looks like you're using an outdated `kaggle` version (installed: 2.2.1), please consider upgrading to the latest version (2.2.2)
Kernel push error: Maximum batch CPU session count of 5 reached.
SLOT BUSY: s2-contour-n288-s10 deferred
waiting: 6 kernel(s) still unpushed; sleeping 300s
--- push attempt s2-contour-n288-s10 2026-08-23T21:19:15Z ---
Warning: Looks like you're using an outdated `kaggle` version (installed: 2.2.1), please consider upgrading to the latest version (2.2.2)
Kernel push error: Maximum batch CPU session count of 5 reached.
SLOT BUSY: s2-contour-n288-s10 deferred
waiting: 6 kernel(s) still unpushed; sleeping 300s
--- push attempt s2-contour-n288-s10 2026-08-23T21:24:17Z ---
Warning: Looks like you're using an outdated `kaggle` version (installed: 2.2.1), please consider upgrading to the latest version (2.2.2)
Kernel push error: Maximum batch CPU session count of 5 reached.
SLOT BUSY: s2-contour-n288-s10 deferred
waiting: 6 kernel(s) still unpushed; sleeping 300s
--- push attempt s2-contour-n288-s10 2026-08-23T21:29:19Z ---
Warning: Looks like you're using an outdated `kaggle` version (installed: 2.2.1), please consider upgrading to the latest version (2.2.2)
Kernel push error: Maximum batch CPU session count of 5 reached.
SLOT BUSY: s2-contour-n288-s10 deferred
waiting: 6 kernel(s) still unpushed; sleeping 300s
--- push attempt s2-contour-n288-s10 2026-08-23T21:34:20Z ---
Warning: Looks like you're using an outdated `kaggle` version (installed: 2.2.1), please consider upgrading to the latest version (2.2.2)
Kernel push error: Maximum batch CPU session count of 5 reached.
SLOT BUSY: s2-contour-n288-s10 deferred
waiting: 6 kernel(s) still unpushed; sleeping 300s
--- push attempt s2-contour-n288-s10 2026-08-23T21:39:22Z ---
Warning: Looks like you're using an outdated `kaggle` version (installed: 2.2.1), please consider upgrading to the latest version (2.2.2)
Kernel push error: Maximum batch CPU session count of 5 reached.
SLOT BUSY: s2-contour-n288-s10 deferred
waiting: 6 kernel(s) still unpushed; sleeping 300s
--- push attempt s2-contour-n288-s10 2026-08-23T21:44:24Z ---
Warning: Looks like you're using an outdated `kaggle` version (installed: 2.2.1), please consider upgrading to the latest version (2.2.2)
Kernel push error: Maximum batch CPU session count of 5 reached.
SLOT BUSY: s2-contour-n288-s10 deferred
waiting: 6 kernel(s) still unpushed; sleeping 300s
--- push attempt s2-contour-n288-s10 2026-08-23T21:49:26Z ---
Warning: Looks like you're using an outdated `kaggle` version (installed: 2.2.1), please consider upgrading to the latest version (2.2.2)
Kernel push error: Maximum batch CPU session count of 5 reached.
SLOT BUSY: s2-contour-n288-s10 deferred
waiting: 6 kernel(s) still unpushed; sleeping 300s
--- push attempt s2-contour-n288-s10 2026-08-23T21:54:27Z ---
Warning: Looks like you're using an outdated `kaggle` version (installed: 2.2.1), please consider upgrading to the latest version (2.2.2)
Kernel push error: Maximum batch CPU session count of 5 reached.
SLOT BUSY: s2-contour-n288-s10 deferred
waiting: 6 kernel(s) still unpushed; sleeping 300s
--- push attempt s2-contour-n288-s10 2026-08-23T21:59:29Z ---
Warning: Looks like you're using an outdated `kaggle` version (installed: 2.2.1), please consider upgrading to the latest version (2.2.2)
Kernel push error: Maximum batch CPU session count of 5 reached.
SLOT BUSY: s2-contour-n288-s10 deferred
waiting: 6 kernel(s) still unpushed; sleeping 300s
--- push attempt s2-contour-n288-s10 2026-08-23T22:04:30Z ---
Warning: Looks like you're using an outdated `kaggle` version (installed: 2.2.1), please consider upgrading to the latest version (2.2.2)
Kernel push error: Maximum batch CPU session count of 5 reached.
SLOT BUSY: s2-contour-n288-s10 deferred
waiting: 6 kernel(s) still unpushed; sleeping 300s
--- push attempt s2-contour-n288-s10 2026-08-23T22:09:32Z ---
Warning: Looks like you're using an outdated `kaggle` version (installed: 2.2.1), please consider upgrading to the latest version (2.2.2)
Kernel push error: Maximum batch CPU session count of 5 reached.
SLOT BUSY: s2-contour-n288-s10 deferred
waiting: 6 kernel(s) still unpushed; sleeping 300s
--- push attempt s2-contour-n288-s10 2026-08-23T22:14:33Z ---
Warning: Looks like you're using an outdated `kaggle` version (installed: 2.2.1), please consider upgrading to the latest version (2.2.2)
Kernel push error: Maximum batch CPU session count of 5 reached.
SLOT BUSY: s2-contour-n288-s10 deferred
waiting: 6 kernel(s) still unpushed; sleeping 300s
--- push attempt s2-contour-n288-s10 2026-08-23T22:19:35Z ---
Warning: Looks like you're using an outdated `kaggle` version (installed: 2.2.1), please consider upgrading to the latest version (2.2.2)
Kernel push error: Maximum batch CPU session count of 5 reached.
SLOT BUSY: s2-contour-n288-s10 deferred
waiting: 6 kernel(s) still unpushed; sleeping 300s
--- push attempt s2-contour-n288-s10 2026-08-23T22:24:36Z ---
Warning: Looks like you're using an outdated `kaggle` version (installed: 2.2.1), please consider upgrading to the latest version (2.2.2)
Kernel push error: Maximum batch CPU session count of 5 reached.
SLOT BUSY: s2-contour-n288-s10 deferred
waiting: 6 kernel(s) still unpushed; sleeping 300s
--- push attempt s2-contour-n288-s10 2026-08-23T22:29:38Z ---
Warning: Looks like you're using an outdated `kaggle` version (installed: 2.2.1), please consider upgrading to the latest version (2.2.2)
Kernel push error: Maximum batch CPU session count of 5 reached.
SLOT BUSY: s2-contour-n288-s10 deferred
waiting: 6 kernel(s) still unpushed; sleeping 300s
--- push attempt s2-contour-n288-s10 2026-08-23T22:34:40Z ---
Warning: Looks like you're using an outdated `kaggle` version (installed: 2.2.1), please consider upgrading to the latest version (2.2.2)
Kernel push error: Maximum batch CPU session count of 5 reached.
SLOT BUSY: s2-contour-n288-s10 deferred
waiting: 6 kernel(s) still unpushed; sleeping 300s
--- push attempt s2-contour-n288-s10 2026-08-23T22:39:41Z ---
Warning: Looks like you're using an outdated `kaggle` version (installed: 2.2.1), please consider upgrading to the latest version (2.2.2)
Kernel push error: Maximum batch CPU session count of 5 reached.
SLOT BUSY: s2-contour-n288-s10 deferred
waiting: 6 kernel(s) still unpushed; sleeping 300s
--- push attempt s2-contour-n288-s10 2026-08-23T22:44:43Z ---
Warning: Looks like you're using an outdated `kaggle` version (installed: 2.2.1), please consider upgrading to the latest version (2.2.2)
Kernel push error: Maximum batch CPU session count of 5 reached.
SLOT BUSY: s2-contour-n288-s10 deferred
waiting: 6 kernel(s) still unpushed; sleeping 300s
--- push attempt s2-contour-n288-s10 2026-08-23T22:49:44Z ---
Warning: Looks like you're using an outdated `kaggle` version (installed: 2.2.1), please consider upgrading to the latest version (2.2.2)
Kernel push error: Maximum batch CPU session count of 5 reached.
SLOT BUSY: s2-contour-n288-s10 deferred
waiting: 6 kernel(s) still unpushed; sleeping 300s
--- push attempt s2-contour-n288-s10 2026-08-23T22:54:46Z ---
Warning: Looks like you're using an outdated `kaggle` version (installed: 2.2.1), please consider upgrading to the latest version (2.2.2)
Kernel push error: Maximum batch CPU session count of 5 reached.
SLOT BUSY: s2-contour-n288-s10 deferred
waiting: 6 kernel(s) still unpushed; sleeping 300s
--- push attempt s2-contour-n288-s10 2026-08-23T22:59:47Z ---
Warning: Looks like you're using an outdated `kaggle` version (installed: 2.2.1), please consider upgrading to the latest version (2.2.2)
Kernel push error: Maximum batch CPU session count of 5 reached.
SLOT BUSY: s2-contour-n288-s10 deferred
waiting: 6 kernel(s) still unpushed; sleeping 300s
--- push attempt s2-contour-n288-s10 2026-08-23T23:04:49Z ---
Warning: Looks like you're using an outdated `kaggle` version (installed: 2.2.1), please consider upgrading to the latest version (2.2.2)
Kernel push error: Maximum batch CPU session count of 5 reached.
SLOT BUSY: s2-contour-n288-s10 deferred
waiting: 6 kernel(s) still unpushed; sleeping 300s
--- push attempt s2-contour-n288-s10 2026-08-23T23:09:50Z ---
Warning: Looks like you're using an outdated `kaggle` version (installed: 2.2.1), please consider upgrading to the latest version (2.2.2)
Kernel push error: Maximum batch CPU session count of 5 reached.
SLOT BUSY: s2-contour-n288-s10 deferred
waiting: 6 kernel(s) still unpushed; sleeping 300s
--- push attempt s2-contour-n288-s10 2026-08-23T23:14:52Z ---
Warning: Looks like you're using an outdated `kaggle` version (installed: 2.2.1), please consider upgrading to the latest version (2.2.2)
Kernel push error: Maximum batch CPU session count of 5 reached.
SLOT BUSY: s2-contour-n288-s10 deferred
waiting: 6 kernel(s) still unpushed; sleeping 300s
--- push attempt s2-contour-n288-s10 2026-08-23T23:19:53Z ---
Warning: Looks like you're using an outdated `kaggle` version (installed: 2.2.1), please consider upgrading to the latest version (2.2.2)
Kernel push error: Maximum batch CPU session count of 5 reached.
SLOT BUSY: s2-contour-n288-s10 deferred
waiting: 6 kernel(s) still unpushed; sleeping 300s
--- push attempt s2-contour-n288-s10 2026-08-23T23:24:55Z ---
Warning: Looks like you're using an outdated `kaggle` version (installed: 2.2.1), please consider upgrading to the latest version (2.2.2)
Kernel push error: Maximum batch CPU session count of 5 reached.
SLOT BUSY: s2-contour-n288-s10 deferred
waiting: 6 kernel(s) still unpushed; sleeping 300s
--- push attempt s2-contour-n288-s10 2026-08-23T23:29:56Z ---
Warning: Looks like you're using an outdated `kaggle` version (installed: 2.2.1), please consider upgrading to the latest version (2.2.2)
Kernel push error: Maximum batch CPU session count of 5 reached.
SLOT BUSY: s2-contour-n288-s10 deferred
waiting: 6 kernel(s) still unpushed; sleeping 300s
--- push attempt s2-contour-n288-s10 2026-08-23T23:34:58Z ---
Warning: Looks like you're using an outdated `kaggle` version (installed: 2.2.1), please consider upgrading to the latest version (2.2.2)
Kernel push error: Maximum batch CPU session count of 5 reached.
SLOT BUSY: s2-contour-n288-s10 deferred
waiting: 6 kernel(s) still unpushed; sleeping 300s
--- push attempt s2-contour-n288-s10 2026-08-23T23:40:00Z ---
Warning: Looks like you're using an outdated `kaggle` version (installed: 2.2.1), please consider upgrading to the latest version (2.2.2)
Kernel push error: Maximum batch CPU session count of 5 reached.
SLOT BUSY: s2-contour-n288-s10 deferred
waiting: 6 kernel(s) still unpushed; sleeping 300s
--- push attempt s2-contour-n288-s10 2026-08-23T23:45:01Z ---
Warning: Looks like you're using an outdated `kaggle` version (installed: 2.2.1), please consider upgrading to the latest version (2.2.2)
Kernel push error: Maximum batch CPU session count of 5 reached.
SLOT BUSY: s2-contour-n288-s10 deferred
waiting: 6 kernel(s) still unpushed; sleeping 300s
--- push attempt s2-contour-n288-s10 2026-08-23T23:50:03Z ---
Warning: Looks like you're using an outdated `kaggle` version (installed: 2.2.1), please consider upgrading to the latest version (2.2.2)
Kernel push error: Maximum batch CPU session count of 5 reached.
SLOT BUSY: s2-contour-n288-s10 deferred
waiting: 6 kernel(s) still unpushed; sleeping 300s
--- push attempt s2-contour-n288-s10 2026-08-23T23:55:04Z ---
Warning: Looks like you're using an outdated `kaggle` version (installed: 2.2.1), please consider upgrading to the latest version (2.2.2)
Kernel push error: Maximum batch CPU session count of 5 reached.
SLOT BUSY: s2-contour-n288-s10 deferred
waiting: 6 kernel(s) still unpushed; sleeping 300s
--- push attempt s2-contour-n288-s10 2026-08-24T00:00:05Z ---
Warning: Looks like you're using an outdated `kaggle` version (installed: 2.2.1), please consider upgrading to the latest version (2.2.2)
Kernel push error: Maximum batch CPU session count of 5 reached.
SLOT BUSY: s2-contour-n288-s10 deferred
waiting: 6 kernel(s) still unpushed; sleeping 300s
--- push attempt s2-contour-n288-s10 2026-08-24T00:05:07Z ---
Warning: Looks like you're using an outdated `kaggle` version (installed: 2.2.1), please consider upgrading to the latest version (2.2.2)
Kernel push error: Maximum batch CPU session count of 5 reached.
SLOT BUSY: s2-contour-n288-s10 deferred
waiting: 6 kernel(s) still unpushed; sleeping 300s
--- push attempt s2-contour-n288-s10 2026-08-24T00:10:08Z ---
Warning: Looks like you're using an outdated `kaggle` version (installed: 2.2.1), please consider upgrading to the latest version (2.2.2)
Kernel push error: Maximum batch CPU session count of 5 reached.
SLOT BUSY: s2-contour-n288-s10 deferred
waiting: 6 kernel(s) still unpushed; sleeping 300s
--- push attempt s2-contour-n288-s10 2026-08-24T00:15:10Z ---
Warning: Looks like you're using an outdated `kaggle` version (installed: 2.2.1), please consider upgrading to the latest version (2.2.2)
Kernel push error: Maximum batch CPU session count of 5 reached.
SLOT BUSY: s2-contour-n288-s10 deferred
waiting: 6 kernel(s) still unpushed; sleeping 300s
--- push attempt s2-contour-n288-s10 2026-08-24T00:20:12Z ---
Warning: Looks like you're using an outdated `kaggle` version (installed: 2.2.1), please consider upgrading to the latest version (2.2.2)
Kernel push error: Maximum batch CPU session count of 5 reached.
SLOT BUSY: s2-contour-n288-s10 deferred
waiting: 6 kernel(s) still unpushed; sleeping 300s
--- push attempt s2-contour-n288-s10 2026-08-24T00:25:14Z ---
Warning: Looks like you're using an outdated `kaggle` version (installed: 2.2.1), please consider upgrading to the latest version (2.2.2)
Kernel push error: Maximum batch CPU session count of 5 reached.
SLOT BUSY: s2-contour-n288-s10 deferred
waiting: 6 kernel(s) still unpushed; sleeping 300s
--- push attempt s2-contour-n288-s10 2026-08-24T00:30:15Z ---
Warning: Looks like you're using an outdated `kaggle` version (installed: 2.2.1), please consider upgrading to the latest version (2.2.2)
Kernel push error: Maximum batch CPU session count of 5 reached.
SLOT BUSY: s2-contour-n288-s10 deferred
waiting: 6 kernel(s) still unpushed; sleeping 300s
--- push attempt s2-contour-n288-s10 2026-08-24T00:35:18Z ---
Warning: Looks like you're using an outdated `kaggle` version (installed: 2.2.1), please consider upgrading to the latest version (2.2.2)
Kernel push error: Maximum batch CPU session count of 5 reached.
SLOT BUSY: s2-contour-n288-s10 deferred
waiting: 6 kernel(s) still unpushed; sleeping 300s
--- push attempt s2-contour-n288-s10 2026-08-24T00:40:19Z ---
Warning: Looks like you're using an outdated `kaggle` version (installed: 2.2.1), please consider upgrading to the latest version (2.2.2)
Kernel push error: Maximum batch CPU session count of 5 reached.
SLOT BUSY: s2-contour-n288-s10 deferred
waiting: 6 kernel(s) still unpushed; sleeping 300s
--- push attempt s2-contour-n288-s10 2026-08-24T00:45:21Z ---
Warning: Looks like you're using an outdated `kaggle` version (installed: 2.2.1), please consider upgrading to the latest version (2.2.2)
Kernel push error: Maximum batch CPU session count of 5 reached.
SLOT BUSY: s2-contour-n288-s10 deferred
waiting: 6 kernel(s) still unpushed; sleeping 300s
--- push attempt s2-contour-n288-s10 2026-08-24T00:50:22Z ---
Warning: Looks like you're using an outdated `kaggle` version (installed: 2.2.1), please consider upgrading to the latest version (2.2.2)
Kernel push error: Maximum batch CPU session count of 5 reached.
SLOT BUSY: s2-contour-n288-s10 deferred
waiting: 6 kernel(s) still unpushed; sleeping 300s
--- push attempt s2-contour-n288-s10 2026-08-24T00:55:24Z ---
Warning: Looks like you're using an outdated `kaggle` version (installed: 2.2.1), please consider upgrading to the latest version (2.2.2)
Kernel push error: Maximum batch CPU session count of 5 reached.
SLOT BUSY: s2-contour-n288-s10 deferred
waiting: 6 kernel(s) still unpushed; sleeping 300s
--- push attempt s2-contour-n288-s10 2026-08-24T01:00:25Z ---
Warning: Looks like you're using an outdated `kaggle` version (installed: 2.2.1), please consider upgrading to the latest version (2.2.2)
Kernel push error: Maximum batch CPU session count of 5 reached.
SLOT BUSY: s2-contour-n288-s10 deferred
waiting: 6 kernel(s) still unpushed; sleeping 300s
--- push attempt s2-contour-n288-s10 2026-08-24T01:05:27Z ---
Warning: Looks like you're using an outdated `kaggle` version (installed: 2.2.1), please consider upgrading to the latest version (2.2.2)
Kernel push error: Maximum batch CPU session count of 5 reached.
SLOT BUSY: s2-contour-n288-s10 deferred
waiting: 6 kernel(s) still unpushed; sleeping 300s
--- push attempt s2-contour-n288-s10 2026-08-24T01:10:28Z ---
Warning: Looks like you're using an outdated `kaggle` version (installed: 2.2.1), please consider upgrading to the latest version (2.2.2)
Kernel push error: Maximum batch CPU session count of 5 reached.
SLOT BUSY: s2-contour-n288-s10 deferred
waiting: 6 kernel(s) still unpushed; sleeping 300s
--- push attempt s2-contour-n288-s10 2026-08-24T01:15:30Z ---
Warning: Looks like you're using an outdated `kaggle` version (installed: 2.2.1), please consider upgrading to the latest version (2.2.2)
Kernel push error: Maximum batch CPU session count of 5 reached.
SLOT BUSY: s2-contour-n288-s10 deferred
waiting: 6 kernel(s) still unpushed; sleeping 300s
--- push attempt s2-contour-n288-s10 2026-08-24T01:20:31Z ---
Warning: Looks like you're using an outdated `kaggle` version (installed: 2.2.1), please consider upgrading to the latest version (2.2.2)
Kernel push error: Maximum batch CPU session count of 5 reached.
SLOT BUSY: s2-contour-n288-s10 deferred
waiting: 6 kernel(s) still unpushed; sleeping 300s
--- push attempt s2-contour-n288-s10 2026-08-24T01:25:32Z ---
Warning: Looks like you're using an outdated `kaggle` version (installed: 2.2.1), please consider upgrading to the latest version (2.2.2)
Kernel push error: Maximum batch CPU session count of 5 reached.
SLOT BUSY: s2-contour-n288-s10 deferred
waiting: 6 kernel(s) still unpushed; sleeping 300s
--- push attempt s2-contour-n288-s10 2026-08-24T01:30:34Z ---
Warning: Looks like you're using an outdated `kaggle` version (installed: 2.2.1), please consider upgrading to the latest version (2.2.2)
Kernel push error: Maximum batch CPU session count of 5 reached.
SLOT BUSY: s2-contour-n288-s10 deferred
waiting: 6 kernel(s) still unpushed; sleeping 300s
--- push attempt s2-contour-n288-s10 2026-08-24T01:35:35Z ---
Warning: Looks like you're using an outdated `kaggle` version (installed: 2.2.1), please consider upgrading to the latest version (2.2.2)
Kernel push error: Maximum batch CPU session count of 5 reached.
SLOT BUSY: s2-contour-n288-s10 deferred
waiting: 6 kernel(s) still unpushed; sleeping 300s
--- push attempt s2-contour-n288-s10 2026-08-24T01:40:36Z ---
Warning: Looks like you're using an outdated `kaggle` version (installed: 2.2.1), please consider upgrading to the latest version (2.2.2)
Kernel push error: Maximum batch CPU session count of 5 reached.
SLOT BUSY: s2-contour-n288-s10 deferred
waiting: 6 kernel(s) still unpushed; sleeping 300s
--- push attempt s2-contour-n288-s10 2026-08-24T01:45:38Z ---
Warning: Looks like you're using an outdated `kaggle` version (installed: 2.2.1), please consider upgrading to the latest version (2.2.2)
Kernel push error: Maximum batch CPU session count of 5 reached.
SLOT BUSY: s2-contour-n288-s10 deferred
waiting: 6 kernel(s) still unpushed; sleeping 300s
--- push attempt s2-contour-n288-s10 2026-08-24T01:50:39Z ---
Warning: Looks like you're using an outdated `kaggle` version (installed: 2.2.1), please consider upgrading to the latest version (2.2.2)
Kernel push error: Maximum batch CPU session count of 5 reached.
SLOT BUSY: s2-contour-n288-s10 deferred
waiting: 6 kernel(s) still unpushed; sleeping 300s
--- push attempt s2-contour-n288-s10 2026-08-24T01:55:40Z ---
Warning: Looks like you're using an outdated `kaggle` version (installed: 2.2.1), please consider upgrading to the latest version (2.2.2)
Kernel push error: Maximum batch CPU session count of 5 reached.
SLOT BUSY: s2-contour-n288-s10 deferred
waiting: 6 kernel(s) still unpushed; sleeping 300s
--- push attempt s2-contour-n288-s10 2026-08-24T02:00:42Z ---
Warning: Looks like you're using an outdated `kaggle` version (installed: 2.2.1), please consider upgrading to the latest version (2.2.2)
Kernel push error: Maximum batch CPU session count of 5 reached.
SLOT BUSY: s2-contour-n288-s10 deferred
waiting: 6 kernel(s) still unpushed; sleeping 300s
--- push attempt s2-contour-n288-s10 2026-08-24T02:05:43Z ---
Warning: Looks like you're using an outdated `kaggle` version (installed: 2.2.1), please consider upgrading to the latest version (2.2.2)
Kernel push error: Maximum batch CPU session count of 5 reached.
SLOT BUSY: s2-contour-n288-s10 deferred
waiting: 6 kernel(s) still unpushed; sleeping 300s
--- push attempt s2-contour-n288-s10 2026-08-24T02:10:45Z ---
Warning: Looks like you're using an outdated `kaggle` version (installed: 2.2.1), please consider upgrading to the latest version (2.2.2)
Kernel push error: Maximum batch CPU session count of 5 reached.
SLOT BUSY: s2-contour-n288-s10 deferred
waiting: 6 kernel(s) still unpushed; sleeping 300s
--- push attempt s2-contour-n288-s10 2026-08-24T02:15:46Z ---
Warning: Looks like you're using an outdated `kaggle` version (installed: 2.2.1), please consider upgrading to the latest version (2.2.2)
Kernel push error: Maximum batch CPU session count of 5 reached.
SLOT BUSY: s2-contour-n288-s10 deferred
waiting: 6 kernel(s) still unpushed; sleeping 300s
--- push attempt s2-contour-n288-s10 2026-08-24T02:20:47Z ---
Warning: Looks like you're using an outdated `kaggle` version (installed: 2.2.1), please consider upgrading to the latest version (2.2.2)
Kernel push error: Maximum batch CPU session count of 5 reached.
SLOT BUSY: s2-contour-n288-s10 deferred
waiting: 6 kernel(s) still unpushed; sleeping 300s
--- push attempt s2-contour-n288-s10 2026-08-24T02:25:49Z ---
Warning: Looks like you're using an outdated `kaggle` version (installed: 2.2.1), please consider upgrading to the latest version (2.2.2)
Kernel push error: Maximum batch CPU session count of 5 reached.
SLOT BUSY: s2-contour-n288-s10 deferred
waiting: 6 kernel(s) still unpushed; sleeping 300s
--- push attempt s2-contour-n288-s10 2026-08-24T02:30:50Z ---
Warning: Looks like you're using an outdated `kaggle` version (installed: 2.2.1), please consider upgrading to the latest version (2.2.2)
Kernel push error: Maximum batch CPU session count of 5 reached.
SLOT BUSY: s2-contour-n288-s10 deferred
waiting: 6 kernel(s) still unpushed; sleeping 300s
--- push attempt s2-contour-n288-s10 2026-08-24T02:35:51Z ---
Warning: Looks like you're using an outdated `kaggle` version (installed: 2.2.1), please consider upgrading to the latest version (2.2.2)
Kernel push error: Maximum batch CPU session count of 5 reached.
SLOT BUSY: s2-contour-n288-s10 deferred
waiting: 6 kernel(s) still unpushed; sleeping 300s
--- push attempt s2-contour-n288-s10 2026-08-24T02:40:53Z ---
Warning: Looks like you're using an outdated `kaggle` version (installed: 2.2.1), please consider upgrading to the latest version (2.2.2)
Kernel push error: Maximum batch CPU session count of 5 reached.
SLOT BUSY: s2-contour-n288-s10 deferred
waiting: 6 kernel(s) still unpushed; sleeping 300s
--- push attempt s2-contour-n288-s10 2026-08-24T02:45:54Z ---
Warning: Looks like you're using an outdated `kaggle` version (installed: 2.2.1), please consider upgrading to the latest version (2.2.2)
Kernel push error: Maximum batch CPU session count of 5 reached.
SLOT BUSY: s2-contour-n288-s10 deferred
waiting: 6 kernel(s) still unpushed; sleeping 300s
--- push attempt s2-contour-n288-s10 2026-08-24T02:50:55Z ---
Warning: Looks like you're using an outdated `kaggle` version (installed: 2.2.1), please consider upgrading to the latest version (2.2.2)
Kernel push error: Maximum batch CPU session count of 5 reached.
SLOT BUSY: s2-contour-n288-s10 deferred
waiting: 6 kernel(s) still unpushed; sleeping 300s
--- push attempt s2-contour-n288-s10 2026-08-24T02:55:57Z ---
Warning: Looks like you're using an outdated `kaggle` version (installed: 2.2.1), please consider upgrading to the latest version (2.2.2)
Kernel push error: Maximum batch CPU session count of 5 reached.
SLOT BUSY: s2-contour-n288-s10 deferred
waiting: 6 kernel(s) still unpushed; sleeping 300s
--- push attempt s2-contour-n288-s10 2026-08-24T03:00:58Z ---
Warning: Looks like you're using an outdated `kaggle` version (installed: 2.2.1), please consider upgrading to the latest version (2.2.2)
Kernel push error: Maximum batch CPU session count of 5 reached.
SLOT BUSY: s2-contour-n288-s10 deferred
waiting: 6 kernel(s) still unpushed; sleeping 300s
--- push attempt s2-contour-n288-s10 2026-08-24T03:05:59Z ---
Warning: Looks like you're using an outdated `kaggle` version (installed: 2.2.1), please consider upgrading to the latest version (2.2.2)
Kernel push error: Maximum batch CPU session count of 5 reached.
SLOT BUSY: s2-contour-n288-s10 deferred
waiting: 6 kernel(s) still unpushed; sleeping 300s
--- push attempt s2-contour-n288-s10 2026-08-24T03:11:01Z ---
Warning: Looks like you're using an outdated `kaggle` version (installed: 2.2.1), please consider upgrading to the latest version (2.2.2)
Kernel push error: Maximum batch CPU session count of 5 reached.
SLOT BUSY: s2-contour-n288-s10 deferred
waiting: 6 kernel(s) still unpushed; sleeping 300s
--- push attempt s2-contour-n288-s10 2026-08-24T03:16:02Z ---
Warning: Looks like you're using an outdated `kaggle` version (installed: 2.2.1), please consider upgrading to the latest version (2.2.2)
Kernel push error: Maximum batch CPU session count of 5 reached.
SLOT BUSY: s2-contour-n288-s10 deferred
waiting: 6 kernel(s) still unpushed; sleeping 300s
--- push attempt s2-contour-n288-s10 2026-08-24T03:21:04Z ---
Warning: Looks like you're using an outdated `kaggle` version (installed: 2.2.1), please consider upgrading to the latest version (2.2.2)
Kernel push error: Maximum batch CPU session count of 5 reached.
SLOT BUSY: s2-contour-n288-s10 deferred
waiting: 6 kernel(s) still unpushed; sleeping 300s
--- push attempt s2-contour-n288-s10 2026-08-24T03:26:05Z ---
Warning: Looks like you're using an outdated `kaggle` version (installed: 2.2.1), please consider upgrading to the latest version (2.2.2)
Kernel push error: Maximum batch CPU session count of 5 reached.
SLOT BUSY: s2-contour-n288-s10 deferred
waiting: 6 kernel(s) still unpushed; sleeping 300s
--- push attempt s2-contour-n288-s10 2026-08-24T03:31:07Z ---
Warning: Looks like you're using an outdated `kaggle` version (installed: 2.2.1), please consider upgrading to the latest version (2.2.2)
Kernel push error: Maximum batch CPU session count of 5 reached.
SLOT BUSY: s2-contour-n288-s10 deferred
waiting: 6 kernel(s) still unpushed; sleeping 300s
--- push attempt s2-contour-n288-s10 2026-08-24T03:36:08Z ---
Warning: Looks like you're using an outdated `kaggle` version (installed: 2.2.1), please consider upgrading to the latest version (2.2.2)
Kernel push error: Maximum batch CPU session count of 5 reached.
SLOT BUSY: s2-contour-n288-s10 deferred
waiting: 6 kernel(s) still unpushed; sleeping 300s
--- push attempt s2-contour-n288-s10 2026-08-24T03:41:09Z ---
Warning: Looks like you're using an outdated `kaggle` version (installed: 2.2.1), please consider upgrading to the latest version (2.2.2)
Kernel push error: Maximum batch CPU session count of 5 reached.
SLOT BUSY: s2-contour-n288-s10 deferred
waiting: 6 kernel(s) still unpushed; sleeping 300s
--- push attempt s2-contour-n288-s10 2026-08-24T03:46:11Z ---
Warning: Looks like you're using an outdated `kaggle` version (installed: 2.2.1), please consider upgrading to the latest version (2.2.2)
Kernel push error: Maximum batch CPU session count of 5 reached.
SLOT BUSY: s2-contour-n288-s10 deferred
waiting: 6 kernel(s) still unpushed; sleeping 300s
--- push attempt s2-contour-n288-s10 2026-08-24T03:51:12Z ---
Warning: Looks like you're using an outdated `kaggle` version (installed: 2.2.1), please consider upgrading to the latest version (2.2.2)
Kernel push error: Maximum batch CPU session count of 5 reached.
SLOT BUSY: s2-contour-n288-s10 deferred
waiting: 6 kernel(s) still unpushed; sleeping 300s
--- push attempt s2-contour-n288-s10 2026-08-24T03:56:14Z ---
Warning: Looks like you're using an outdated `kaggle` version (installed: 2.2.1), please consider upgrading to the latest version (2.2.2)
Kernel push error: Maximum batch CPU session count of 5 reached.
SLOT BUSY: s2-contour-n288-s10 deferred
waiting: 6 kernel(s) still unpushed; sleeping 300s
--- push attempt s2-contour-n288-s10 2026-08-24T04:01:16Z ---
Warning: Looks like you're using an outdated `kaggle` version (installed: 2.2.1), please consider upgrading to the latest version (2.2.2)
Kernel push error: Maximum batch CPU session count of 5 reached.
SLOT BUSY: s2-contour-n288-s10 deferred
waiting: 6 kernel(s) still unpushed; sleeping 300s
--- push attempt s2-contour-n288-s10 2026-08-24T04:06:18Z ---
Warning: Looks like you're using an outdated `kaggle` version (installed: 2.2.1), please consider upgrading to the latest version (2.2.2)
Kernel push error: Maximum batch CPU session count of 5 reached.
SLOT BUSY: s2-contour-n288-s10 deferred
waiting: 6 kernel(s) still unpushed; sleeping 300s
--- push attempt s2-contour-n288-s10 2026-08-24T04:11:20Z ---
Warning: Looks like you're using an outdated `kaggle` version (installed: 2.2.1), please consider upgrading to the latest version (2.2.2)
Kernel push error: Maximum batch CPU session count of 5 reached.
SLOT BUSY: s2-contour-n288-s10 deferred
waiting: 6 kernel(s) still unpushed; sleeping 300s
--- push attempt s2-contour-n288-s10 2026-08-24T04:16:21Z ---
Warning: Looks like you're using an outdated `kaggle` version (installed: 2.2.1), please consider upgrading to the latest version (2.2.2)
Kernel push error: Maximum batch CPU session count of 5 reached.
SLOT BUSY: s2-contour-n288-s10 deferred
waiting: 6 kernel(s) still unpushed; sleeping 300s
--- push attempt s2-contour-n288-s10 2026-08-24T04:21:23Z ---
Warning: Looks like you're using an outdated `kaggle` version (installed: 2.2.1), please consider upgrading to the latest version (2.2.2)
Kernel push error: Maximum batch CPU session count of 5 reached.
SLOT BUSY: s2-contour-n288-s10 deferred
waiting: 6 kernel(s) still unpushed; sleeping 300s
--- push attempt s2-contour-n288-s10 2026-08-24T04:26:24Z ---
Warning: Looks like you're using an outdated `kaggle` version (installed: 2.2.1), please consider upgrading to the latest version (2.2.2)
Kernel push error: Maximum batch CPU session count of 5 reached.
SLOT BUSY: s2-contour-n288-s10 deferred
waiting: 6 kernel(s) still unpushed; sleeping 300s
--- push attempt s2-contour-n288-s10 2026-08-24T04:31:26Z ---
Warning: Looks like you're using an outdated `kaggle` version (installed: 2.2.1), please consider upgrading to the latest version (2.2.2)
Kernel push error: Maximum batch CPU session count of 5 reached.
SLOT BUSY: s2-contour-n288-s10 deferred
waiting: 6 kernel(s) still unpushed; sleeping 300s
--- push attempt s2-contour-n288-s10 2026-08-24T04:36:28Z ---
Warning: Looks like you're using an outdated `kaggle` version (installed: 2.2.1), please consider upgrading to the latest version (2.2.2)
Kernel push error: Maximum batch CPU session count of 5 reached.
SLOT BUSY: s2-contour-n288-s10 deferred
waiting: 6 kernel(s) still unpushed; sleeping 300s
--- push attempt s2-contour-n288-s10 2026-08-24T04:41:29Z ---
Warning: Looks like you're using an outdated `kaggle` version (installed: 2.2.1), please consider upgrading to the latest version (2.2.2)
Kernel push error: Maximum batch CPU session count of 5 reached.
SLOT BUSY: s2-contour-n288-s10 deferred
waiting: 6 kernel(s) still unpushed; sleeping 300s
--- push attempt s2-contour-n288-s10 2026-08-24T04:46:31Z ---
Warning: Looks like you're using an outdated `kaggle` version (installed: 2.2.1), please consider upgrading to the latest version (2.2.2)
Kernel push error: Maximum batch CPU session count of 5 reached.
SLOT BUSY: s2-contour-n288-s10 deferred
waiting: 6 kernel(s) still unpushed; sleeping 300s
--- push attempt s2-contour-n288-s10 2026-08-24T04:51:33Z ---
Warning: Looks like you're using an outdated `kaggle` version (installed: 2.2.1), please consider upgrading to the latest version (2.2.2)
Kernel push error: Maximum batch CPU session count of 5 reached.
SLOT BUSY: s2-contour-n288-s10 deferred
waiting: 6 kernel(s) still unpushed; sleeping 300s
--- push attempt s2-contour-n288-s10 2026-08-24T04:56:35Z ---
Warning: Looks like you're using an outdated `kaggle` version (installed: 2.2.1), please consider upgrading to the latest version (2.2.2)
Kernel push error: Maximum batch CPU session count of 5 reached.
SLOT BUSY: s2-contour-n288-s10 deferred
waiting: 6 kernel(s) still unpushed; sleeping 300s
--- push attempt s2-contour-n288-s10 2026-08-24T05:01:37Z ---
Warning: Looks like you're using an outdated `kaggle` version (installed: 2.2.1), please consider upgrading to the latest version (2.2.2)
Kernel push error: Maximum batch CPU session count of 5 reached.
SLOT BUSY: s2-contour-n288-s10 deferred
waiting: 6 kernel(s) still unpushed; sleeping 300s
--- push attempt s2-contour-n288-s10 2026-08-24T05:06:39Z ---
Warning: Looks like you're using an outdated `kaggle` version (installed: 2.2.1), please consider upgrading to the latest version (2.2.2)
Kernel push error: Maximum batch CPU session count of 5 reached.
SLOT BUSY: s2-contour-n288-s10 deferred
waiting: 6 kernel(s) still unpushed; sleeping 300s
--- push attempt s2-contour-n288-s10 2026-08-24T05:11:40Z ---
Warning: Looks like you're using an outdated `kaggle` version (installed: 2.2.1), please consider upgrading to the latest version (2.2.2)
Kernel push error: Maximum batch CPU session count of 5 reached.
SLOT BUSY: s2-contour-n288-s10 deferred
waiting: 6 kernel(s) still unpushed; sleeping 300s
--- push attempt s2-contour-n288-s10 2026-08-24T05:16:42Z ---
Warning: Looks like you're using an outdated `kaggle` version (installed: 2.2.1), please consider upgrading to the latest version (2.2.2)
Kernel push error: Maximum batch CPU session count of 5 reached.
SLOT BUSY: s2-contour-n288-s10 deferred
waiting: 6 kernel(s) still unpushed; sleeping 300s
--- push attempt s2-contour-n288-s10 2026-08-24T05:21:44Z ---
Warning: Looks like you're using an outdated `kaggle` version (installed: 2.2.1), please consider upgrading to the latest version (2.2.2)
Kernel push error: Maximum batch CPU session count of 5 reached.
SLOT BUSY: s2-contour-n288-s10 deferred
waiting: 6 kernel(s) still unpushed; sleeping 300s
--- push attempt s2-contour-n288-s10 2026-08-24T05:26:46Z ---
Warning: Looks like you're using an outdated `kaggle` version (installed: 2.2.1), please consider upgrading to the latest version (2.2.2)
Kernel version 1 successfully pushed.  Please check progress at https://www.kaggle.com/code/saarshai/s2-contour-n288-s10
status: saarshai/s2-contour-n288-s10 has status "KernelWorkerStatus.RUNNING"
PUSHED s2-contour-n288-s10 (status confirms the kernel exists and has a run)
--- push attempt s2-contour-n288-s11 2026-08-24T05:27:14Z ---
Warning: Looks like you're using an outdated `kaggle` version (installed: 2.2.1), please consider upgrading to the latest version (2.2.2)
Kernel push error: Maximum batch CPU session count of 5 reached.
SLOT BUSY: s2-contour-n288-s11 deferred
waiting: 5 kernel(s) still unpushed; sleeping 300s
--- push attempt s2-contour-n288-s11 2026-08-24T05:32:15Z ---
Warning: Looks like you're using an outdated `kaggle` version (installed: 2.2.1), please consider upgrading to the latest version (2.2.2)
Kernel push error: Maximum batch CPU session count of 5 reached.
SLOT BUSY: s2-contour-n288-s11 deferred
waiting: 5 kernel(s) still unpushed; sleeping 300s
--- push attempt s2-contour-n288-s11 2026-08-24T05:37:17Z ---
Warning: Looks like you're using an outdated `kaggle` version (installed: 2.2.1), please consider upgrading to the latest version (2.2.2)
Kernel push error: Maximum batch CPU session count of 5 reached.
SLOT BUSY: s2-contour-n288-s11 deferred
waiting: 5 kernel(s) still unpushed; sleeping 300s
--- push attempt s2-contour-n288-s11 2026-08-24T05:42:19Z ---
Warning: Looks like you're using an outdated `kaggle` version (installed: 2.2.1), please consider upgrading to the latest version (2.2.2)
Kernel push error: Maximum batch CPU session count of 5 reached.
SLOT BUSY: s2-contour-n288-s11 deferred
waiting: 5 kernel(s) still unpushed; sleeping 300s
--- push attempt s2-contour-n288-s11 2026-08-24T05:47:20Z ---
Warning: Looks like you're using an outdated `kaggle` version (installed: 2.2.1), please consider upgrading to the latest version (2.2.2)
Kernel push error: Maximum batch CPU session count of 5 reached.
SLOT BUSY: s2-contour-n288-s11 deferred
waiting: 5 kernel(s) still unpushed; sleeping 300s
--- push attempt s2-contour-n288-s11 2026-08-24T05:52:22Z ---
Warning: Looks like you're using an outdated `kaggle` version (installed: 2.2.1), please consider upgrading to the latest version (2.2.2)
Kernel push error: Maximum batch CPU session count of 5 reached.
SLOT BUSY: s2-contour-n288-s11 deferred
waiting: 5 kernel(s) still unpushed; sleeping 300s
--- push attempt s2-contour-n288-s11 2026-08-24T05:57:24Z ---
Warning: Looks like you're using an outdated `kaggle` version (installed: 2.2.1), please consider upgrading to the latest version (2.2.2)
Kernel push error: Maximum batch CPU session count of 5 reached.
SLOT BUSY: s2-contour-n288-s11 deferred
waiting: 5 kernel(s) still unpushed; sleeping 300s
--- push attempt s2-contour-n288-s11 2026-08-24T06:02:25Z ---
Warning: Looks like you're using an outdated `kaggle` version (installed: 2.2.1), please consider upgrading to the latest version (2.2.2)
Kernel push error: Maximum batch CPU session count of 5 reached.
SLOT BUSY: s2-contour-n288-s11 deferred
waiting: 5 kernel(s) still unpushed; sleeping 300s
--- push attempt s2-contour-n288-s11 2026-08-24T06:07:26Z ---
Warning: Looks like you're using an outdated `kaggle` version (installed: 2.2.1), please consider upgrading to the latest version (2.2.2)
Kernel push error: Maximum batch CPU session count of 5 reached.
SLOT BUSY: s2-contour-n288-s11 deferred
waiting: 5 kernel(s) still unpushed; sleeping 300s
--- push attempt s2-contour-n288-s11 2026-08-24T06:12:28Z ---
Warning: Looks like you're using an outdated `kaggle` version (installed: 2.2.1), please consider upgrading to the latest version (2.2.2)
Kernel push error: Maximum batch CPU session count of 5 reached.
SLOT BUSY: s2-contour-n288-s11 deferred
waiting: 5 kernel(s) still unpushed; sleeping 300s
--- push attempt s2-contour-n288-s11 2026-08-24T06:17:30Z ---
Warning: Looks like you're using an outdated `kaggle` version (installed: 2.2.1), please consider upgrading to the latest version (2.2.2)
Kernel push error: Maximum batch CPU session count of 5 reached.
SLOT BUSY: s2-contour-n288-s11 deferred
waiting: 5 kernel(s) still unpushed; sleeping 300s
--- push attempt s2-contour-n288-s11 2026-08-24T06:22:31Z ---
Warning: Looks like you're using an outdated `kaggle` version (installed: 2.2.1), please consider upgrading to the latest version (2.2.2)
Kernel push error: Maximum batch CPU session count of 5 reached.
SLOT BUSY: s2-contour-n288-s11 deferred
waiting: 5 kernel(s) still unpushed; sleeping 300s
--- push attempt s2-contour-n288-s11 2026-08-24T06:27:32Z ---
Warning: Looks like you're using an outdated `kaggle` version (installed: 2.2.1), please consider upgrading to the latest version (2.2.2)
Kernel push error: Maximum batch CPU session count of 5 reached.
SLOT BUSY: s2-contour-n288-s11 deferred
waiting: 5 kernel(s) still unpushed; sleeping 300s
--- push attempt s2-contour-n288-s11 2026-08-24T06:32:34Z ---
Warning: Looks like you're using an outdated `kaggle` version (installed: 2.2.1), please consider upgrading to the latest version (2.2.2)
Kernel version 1 successfully pushed.  Please check progress at https://www.kaggle.com/code/saarshai/s2-contour-n288-s11
status: saarshai/s2-contour-n288-s11 has status "KernelWorkerStatus.RUNNING"
PUSHED s2-contour-n288-s11 (status confirms the kernel exists and has a run)
--- push attempt s2-contour-n288-s12 2026-08-24T06:33:02Z ---
Warning: Looks like you're using an outdated `kaggle` version (installed: 2.2.1), please consider upgrading to the latest version (2.2.2)
Kernel version 1 successfully pushed.  Please check progress at https://www.kaggle.com/code/saarshai/s2-contour-n288-s12
status: saarshai/s2-contour-n288-s12 has status "KernelWorkerStatus.RUNNING"
PUSHED s2-contour-n288-s12 (status confirms the kernel exists and has a run)
--- push attempt s2-contour-n288-s13 2026-08-24T06:33:29Z ---
Warning: Looks like you're using an outdated `kaggle` version (installed: 2.2.1), please consider upgrading to the latest version (2.2.2)
Kernel version 1 successfully pushed.  Please check progress at https://www.kaggle.com/code/saarshai/s2-contour-n288-s13
status: saarshai/s2-contour-n288-s13 has status "KernelWorkerStatus.RUNNING"
PUSHED s2-contour-n288-s13 (status confirms the kernel exists and has a run)
--- push attempt s2-contour-n288-s14 2026-08-24T06:33:57Z ---
Warning: Looks like you're using an outdated `kaggle` version (installed: 2.2.1), please consider upgrading to the latest version (2.2.2)
Kernel push error: Maximum batch CPU session count of 5 reached.
SLOT BUSY: s2-contour-n288-s14 deferred
waiting: 2 kernel(s) still unpushed; sleeping 300s
--- push attempt s2-contour-n288-s14 2026-08-24T06:38:58Z ---
Warning: Looks like you're using an outdated `kaggle` version (installed: 2.2.1), please consider upgrading to the latest version (2.2.2)
Kernel version 1 successfully pushed.  Please check progress at https://www.kaggle.com/code/saarshai/s2-contour-n288-s14
status: saarshai/s2-contour-n288-s14 has status "KernelWorkerStatus.RUNNING"
PUSHED s2-contour-n288-s14 (status confirms the kernel exists and has a run)
--- push attempt s2-contour-n288-s15 2026-08-24T06:39:26Z ---
Warning: Looks like you're using an outdated `kaggle` version (installed: 2.2.1), please consider upgrading to the latest version (2.2.2)
Kernel push error: Maximum batch CPU session count of 5 reached.
SLOT BUSY: s2-contour-n288-s15 deferred
waiting: 1 kernel(s) still unpushed; sleeping 300s
