=== S2R CONTOUR KAGGLE PUSHER START 2026-08-24T08:32:42Z ===
--- push attempt s2-contour-n288r-s00 2026-08-24T08:32:42Z ---
Warning: Looks like you're using an outdated `kaggle` version (installed: 2.2.1), please consider upgrading to the latest version (2.2.2)
Kernel push error: Maximum batch CPU session count of 5 reached.
SLOT BUSY: s2-contour-n288r-s00 deferred
waiting: 22 kernel(s) still unpushed; sleeping 300s
--- push attempt s2-contour-n288r-s00 2026-08-24T08:37:44Z ---
Warning: Looks like you're using an outdated `kaggle` version (installed: 2.2.1), please consider upgrading to the latest version (2.2.2)
Kernel push error: Maximum batch CPU session count of 5 reached.
SLOT BUSY: s2-contour-n288r-s00 deferred
waiting: 22 kernel(s) still unpushed; sleeping 300s
--- push attempt s2-contour-n288r-s00 2026-08-24T08:42:45Z ---
Warning: Looks like you're using an outdated `kaggle` version (installed: 2.2.1), please consider upgrading to the latest version (2.2.2)
Kernel push error: Maximum batch CPU session count of 5 reached.
SLOT BUSY: s2-contour-n288r-s00 deferred
waiting: 22 kernel(s) still unpushed; sleeping 300s
--- push attempt s2-contour-n288r-s00 2026-08-24T08:47:47Z ---
Warning: Looks like you're using an outdated `kaggle` version (installed: 2.2.1), please consider upgrading to the latest version (2.2.2)
Kernel push error: Maximum batch CPU session count of 5 reached.
SLOT BUSY: s2-contour-n288r-s00 deferred
waiting: 22 kernel(s) still unpushed; sleeping 300s
--- push attempt s2-contour-n288r-s00 2026-08-24T08:52:48Z ---
Warning: Looks like you're using an outdated `kaggle` version (installed: 2.2.1), please consider upgrading to the latest version (2.2.2)
Kernel push error: Maximum batch CPU session count of 5 reached.
SLOT BUSY: s2-contour-n288r-s00 deferred
waiting: 22 kernel(s) still unpushed; sleeping 300s
--- push attempt s2-contour-n288r-s00 2026-08-24T08:57:50Z ---
Warning: Looks like you're using an outdated `kaggle` version (installed: 2.2.1), please consider upgrading to the latest version (2.2.2)
Kernel push error: Maximum batch CPU session count of 5 reached.
SLOT BUSY: s2-contour-n288r-s00 deferred
waiting: 22 kernel(s) still unpushed; sleeping 300s
--- push attempt s2-contour-n288r-s00 2026-08-24T09:02:51Z ---
Warning: Looks like you're using an outdated `kaggle` version (installed: 2.2.1), please consider upgrading to the latest version (2.2.2)
Kernel push error: Maximum batch CPU session count of 5 reached.
SLOT BUSY: s2-contour-n288r-s00 deferred
waiting: 22 kernel(s) still unpushed; sleeping 300s
--- push attempt s2-contour-n288r-s00 2026-08-24T09:07:53Z ---
Warning: Looks like you're using an outdated `kaggle` version (installed: 2.2.1), please consider upgrading to the latest version (2.2.2)
Kernel push error: Maximum batch CPU session count of 5 reached.
SLOT BUSY: s2-contour-n288r-s00 deferred
waiting: 22 kernel(s) still unpushed; sleeping 300s
--- push attempt s2-contour-n288r-s00 2026-08-24T09:12:55Z ---
Warning: Looks like you're using an outdated `kaggle` version (installed: 2.2.1), please consider upgrading to the latest version (2.2.2)
Kernel push error: Maximum batch CPU session count of 5 reached.
SLOT BUSY: s2-contour-n288r-s00 deferred
waiting: 22 kernel(s) still unpushed; sleeping 300s
--- push attempt s2-contour-n288r-s00 2026-08-24T09:17:57Z ---
Warning: Looks like you're using an outdated `kaggle` version (installed: 2.2.1), please consider upgrading to the latest version (2.2.2)
Kernel push error: Maximum batch CPU session count of 5 reached.
SLOT BUSY: s2-contour-n288r-s00 deferred
waiting: 22 kernel(s) still unpushed; sleeping 300s
--- push attempt s2-contour-n288r-s00 2026-08-24T09:22:58Z ---
Warning: Looks like you're using an outdated `kaggle` version (installed: 2.2.1), please consider upgrading to the latest version (2.2.2)
Kernel push error: Maximum batch CPU session count of 5 reached.
SLOT BUSY: s2-contour-n288r-s00 deferred
waiting: 22 kernel(s) still unpushed; sleeping 300s
--- push attempt s2-contour-n288r-s00 2026-08-24T09:28:01Z ---
Warning: Looks like you're using an outdated `kaggle` version (installed: 2.2.1), please consider upgrading to the latest version (2.2.2)
Kernel push error: Maximum batch CPU session count of 5 reached.
SLOT BUSY: s2-contour-n288r-s00 deferred
waiting: 22 kernel(s) still unpushed; sleeping 300s
--- push attempt s2-contour-n288r-s00 2026-08-24T09:33:02Z ---
Warning: Looks like you're using an outdated `kaggle` version (installed: 2.2.1), please consider upgrading to the latest version (2.2.2)
Kernel push error: Maximum batch CPU session count of 5 reached.
SLOT BUSY: s2-contour-n288r-s00 deferred
waiting: 22 kernel(s) still unpushed; sleeping 300s
--- push attempt s2-contour-n288r-s00 2026-08-24T09:38:04Z ---
Warning: Looks like you're using an outdated `kaggle` version (installed: 2.2.1), please consider upgrading to the latest version (2.2.2)
Kernel push error: Maximum batch CPU session count of 5 reached.
SLOT BUSY: s2-contour-n288r-s00 deferred
waiting: 22 kernel(s) still unpushed; sleeping 300s
--- push attempt s2-contour-n288r-s00 2026-08-24T09:43:06Z ---
Warning: Looks like you're using an outdated `kaggle` version (installed: 2.2.1), please consider upgrading to the latest version (2.2.2)
Kernel push error: Maximum batch CPU session count of 5 reached.
SLOT BUSY: s2-contour-n288r-s00 deferred
waiting: 22 kernel(s) still unpushed; sleeping 300s
--- push attempt s2-contour-n288r-s00 2026-08-24T09:48:08Z ---
Warning: Looks like you're using an outdated `kaggle` version (installed: 2.2.1), please consider upgrading to the latest version (2.2.2)
Kernel push error: Maximum batch CPU session count of 5 reached.
SLOT BUSY: s2-contour-n288r-s00 deferred
waiting: 22 kernel(s) still unpushed; sleeping 300s
--- push attempt s2-contour-n288r-s00 2026-08-24T09:53:10Z ---
Warning: Looks like you're using an outdated `kaggle` version (installed: 2.2.1), please consider upgrading to the latest version (2.2.2)
Kernel push error: Maximum batch CPU session count of 5 reached.
SLOT BUSY: s2-contour-n288r-s00 deferred
waiting: 22 kernel(s) still unpushed; sleeping 300s
--- push attempt s2-contour-n288r-s00 2026-08-24T09:58:12Z ---
Warning: Looks like you're using an outdated `kaggle` version (installed: 2.2.1), please consider upgrading to the latest version (2.2.2)
Kernel push error: Maximum batch CPU session count of 5 reached.
SLOT BUSY: s2-contour-n288r-s00 deferred
waiting: 22 kernel(s) still unpushed; sleeping 300s
--- push attempt s2-contour-n288r-s00 2026-08-24T10:03:14Z ---
Warning: Looks like you're using an outdated `kaggle` version (installed: 2.2.1), please consider upgrading to the latest version (2.2.2)
Kernel push error: Maximum batch CPU session count of 5 reached.
SLOT BUSY: s2-contour-n288r-s00 deferred
waiting: 22 kernel(s) still unpushed; sleeping 300s
--- push attempt s2-contour-n288r-s00 2026-08-24T10:08:16Z ---
Warning: Looks like you're using an outdated `kaggle` version (installed: 2.2.1), please consider upgrading to the latest version (2.2.2)
Kernel push error: Maximum batch CPU session count of 5 reached.
SLOT BUSY: s2-contour-n288r-s00 deferred
waiting: 22 kernel(s) still unpushed; sleeping 300s
--- push attempt s2-contour-n288r-s00 2026-08-24T10:13:18Z ---
Warning: Looks like you're using an outdated `kaggle` version (installed: 2.2.1), please consider upgrading to the latest version (2.2.2)
Kernel push error: Maximum batch CPU session count of 5 reached.
SLOT BUSY: s2-contour-n288r-s00 deferred
waiting: 22 kernel(s) still unpushed; sleeping 300s
--- push attempt s2-contour-n288r-s00 2026-08-24T10:18:19Z ---
Warning: Looks like you're using an outdated `kaggle` version (installed: 2.2.1), please consider upgrading to the latest version (2.2.2)
Kernel push error: Maximum batch CPU session count of 5 reached.
SLOT BUSY: s2-contour-n288r-s00 deferred
waiting: 22 kernel(s) still unpushed; sleeping 300s
--- push attempt s2-contour-n288r-s00 2026-08-24T10:23:20Z ---
Warning: Looks like you're using an outdated `kaggle` version (installed: 2.2.1), please consider upgrading to the latest version (2.2.2)
Kernel push error: Maximum batch CPU session count of 5 reached.
SLOT BUSY: s2-contour-n288r-s00 deferred
waiting: 22 kernel(s) still unpushed; sleeping 300s
--- push attempt s2-contour-n288r-s00 2026-08-24T10:28:22Z ---
Warning: Looks like you're using an outdated `kaggle` version (installed: 2.2.1), please consider upgrading to the latest version (2.2.2)
Kernel push error: Maximum batch CPU session count of 5 reached.
SLOT BUSY: s2-contour-n288r-s00 deferred
waiting: 22 kernel(s) still unpushed; sleeping 300s
--- push attempt s2-contour-n288r-s00 2026-08-24T10:33:23Z ---
Warning: Looks like you're using an outdated `kaggle` version (installed: 2.2.1), please consider upgrading to the latest version (2.2.2)
Kernel push error: Maximum batch CPU session count of 5 reached.
SLOT BUSY: s2-contour-n288r-s00 deferred
waiting: 22 kernel(s) still unpushed; sleeping 300s
--- push attempt s2-contour-n288r-s00 2026-08-24T10:38:25Z ---
Warning: Looks like you're using an outdated `kaggle` version (installed: 2.2.1), please consider upgrading to the latest version (2.2.2)
Kernel push error: Maximum batch CPU session count of 5 reached.
SLOT BUSY: s2-contour-n288r-s00 deferred
waiting: 22 kernel(s) still unpushed; sleeping 300s
--- push attempt s2-contour-n288r-s00 2026-08-24T10:43:26Z ---
Warning: Looks like you're using an outdated `kaggle` version (installed: 2.2.1), please consider upgrading to the latest version (2.2.2)
Kernel push error: Maximum batch CPU session count of 5 reached.
SLOT BUSY: s2-contour-n288r-s00 deferred
waiting: 22 kernel(s) still unpushed; sleeping 300s
--- push attempt s2-contour-n288r-s00 2026-08-24T10:48:28Z ---
Warning: Looks like you're using an outdated `kaggle` version (installed: 2.2.1), please consider upgrading to the latest version (2.2.2)
Kernel push error: Maximum batch CPU session count of 5 reached.
SLOT BUSY: s2-contour-n288r-s00 deferred
waiting: 22 kernel(s) still unpushed; sleeping 300s
--- push attempt s2-contour-n288r-s00 2026-08-24T10:53:30Z ---
Warning: Looks like you're using an outdated `kaggle` version (installed: 2.2.1), please consider upgrading to the latest version (2.2.2)
Kernel push error: Maximum batch CPU session count of 5 reached.
SLOT BUSY: s2-contour-n288r-s00 deferred
waiting: 22 kernel(s) still unpushed; sleeping 300s
--- push attempt s2-contour-n288r-s00 2026-08-24T10:58:31Z ---
Warning: Looks like you're using an outdated `kaggle` version (installed: 2.2.1), please consider upgrading to the latest version (2.2.2)
Kernel push error: Maximum batch CPU session count of 5 reached.
SLOT BUSY: s2-contour-n288r-s00 deferred
waiting: 22 kernel(s) still unpushed; sleeping 300s
--- push attempt s2-contour-n288r-s00 2026-08-24T11:03:33Z ---
Warning: Looks like you're using an outdated `kaggle` version (installed: 2.2.1), please consider upgrading to the latest version (2.2.2)
Kernel push error: Maximum batch CPU session count of 5 reached.
SLOT BUSY: s2-contour-n288r-s00 deferred
waiting: 22 kernel(s) still unpushed; sleeping 300s
--- push attempt s2-contour-n288r-s00 2026-08-24T11:08:35Z ---
Warning: Looks like you're using an outdated `kaggle` version (installed: 2.2.1), please consider upgrading to the latest version (2.2.2)
Kernel push error: Maximum batch CPU session count of 5 reached.
SLOT BUSY: s2-contour-n288r-s00 deferred
waiting: 22 kernel(s) still unpushed; sleeping 300s
--- push attempt s2-contour-n288r-s00 2026-08-24T11:13:36Z ---
Warning: Looks like you're using an outdated `kaggle` version (installed: 2.2.1), please consider upgrading to the latest version (2.2.2)
Kernel push error: Maximum batch CPU session count of 5 reached.
SLOT BUSY: s2-contour-n288r-s00 deferred
waiting: 22 kernel(s) still unpushed; sleeping 300s
--- push attempt s2-contour-n288r-s00 2026-08-24T11:18:38Z ---
Warning: Looks like you're using an outdated `kaggle` version (installed: 2.2.1), please consider upgrading to the latest version (2.2.2)
Kernel push error: Maximum batch CPU session count of 5 reached.
SLOT BUSY: s2-contour-n288r-s00 deferred
waiting: 22 kernel(s) still unpushed; sleeping 300s
--- push attempt s2-contour-n288r-s00 2026-08-24T11:23:40Z ---
Warning: Looks like you're using an outdated `kaggle` version (installed: 2.2.1), please consider upgrading to the latest version (2.2.2)
Kernel push error: Maximum batch CPU session count of 5 reached.
SLOT BUSY: s2-contour-n288r-s00 deferred
waiting: 22 kernel(s) still unpushed; sleeping 300s
--- push attempt s2-contour-n288r-s00 2026-08-24T11:28:41Z ---
Warning: Looks like you're using an outdated `kaggle` version (installed: 2.2.1), please consider upgrading to the latest version (2.2.2)
Kernel push error: Maximum batch CPU session count of 5 reached.
SLOT BUSY: s2-contour-n288r-s00 deferred
waiting: 22 kernel(s) still unpushed; sleeping 300s
--- push attempt s2-contour-n288r-s00 2026-08-24T11:33:43Z ---
Warning: Looks like you're using an outdated `kaggle` version (installed: 2.2.1), please consider upgrading to the latest version (2.2.2)
Kernel push error: Maximum batch CPU session count of 5 reached.
SLOT BUSY: s2-contour-n288r-s00 deferred
waiting: 22 kernel(s) still unpushed; sleeping 300s
--- push attempt s2-contour-n288r-s00 2026-08-24T11:38:45Z ---
Warning: Looks like you're using an outdated `kaggle` version (installed: 2.2.1), please consider upgrading to the latest version (2.2.2)
Kernel push error: Maximum batch CPU session count of 5 reached.
SLOT BUSY: s2-contour-n288r-s00 deferred
waiting: 22 kernel(s) still unpushed; sleeping 300s
--- push attempt s2-contour-n288r-s00 2026-08-24T11:43:46Z ---
Warning: Looks like you're using an outdated `kaggle` version (installed: 2.2.1), please consider upgrading to the latest version (2.2.2)
Kernel push error: Maximum batch CPU session count of 5 reached.
SLOT BUSY: s2-contour-n288r-s00 deferred
waiting: 22 kernel(s) still unpushed; sleeping 300s
--- push attempt s2-contour-n288r-s00 2026-08-24T11:48:48Z ---
Warning: Looks like you're using an outdated `kaggle` version (installed: 2.2.1), please consider upgrading to the latest version (2.2.2)
Kernel push error: Maximum batch CPU session count of 5 reached.
SLOT BUSY: s2-contour-n288r-s00 deferred
waiting: 22 kernel(s) still unpushed; sleeping 300s
--- push attempt s2-contour-n288r-s00 2026-08-24T11:53:49Z ---
Warning: Looks like you're using an outdated `kaggle` version (installed: 2.2.1), please consider upgrading to the latest version (2.2.2)
Kernel push error: Maximum batch CPU session count of 5 reached.
SLOT BUSY: s2-contour-n288r-s00 deferred
waiting: 22 kernel(s) still unpushed; sleeping 300s
--- push attempt s2-contour-n288r-s00 2026-08-24T11:58:51Z ---
Warning: Looks like you're using an outdated `kaggle` version (installed: 2.2.1), please consider upgrading to the latest version (2.2.2)
Kernel push error: Maximum batch CPU session count of 5 reached.
SLOT BUSY: s2-contour-n288r-s00 deferred
waiting: 22 kernel(s) still unpushed; sleeping 300s
--- push attempt s2-contour-n288r-s00 2026-08-24T12:03:52Z ---
Warning: Looks like you're using an outdated `kaggle` version (installed: 2.2.1), please consider upgrading to the latest version (2.2.2)
Kernel push error: Maximum batch CPU session count of 5 reached.
SLOT BUSY: s2-contour-n288r-s00 deferred
waiting: 22 kernel(s) still unpushed; sleeping 300s
--- push attempt s2-contour-n288r-s00 2026-08-24T12:08:54Z ---
Warning: Looks like you're using an outdated `kaggle` version (installed: 2.2.1), please consider upgrading to the latest version (2.2.2)
Kernel push error: Maximum batch CPU session count of 5 reached.
SLOT BUSY: s2-contour-n288r-s00 deferred
waiting: 22 kernel(s) still unpushed; sleeping 300s
--- push attempt s2-contour-n288r-s00 2026-08-24T12:13:55Z ---
Warning: Looks like you're using an outdated `kaggle` version (installed: 2.2.1), please consider upgrading to the latest version (2.2.2)
Kernel push error: Maximum batch CPU session count of 5 reached.
SLOT BUSY: s2-contour-n288r-s00 deferred
waiting: 22 kernel(s) still unpushed; sleeping 300s
--- push attempt s2-contour-n288r-s00 2026-08-24T12:18:56Z ---
Warning: Looks like you're using an outdated `kaggle` version (installed: 2.2.1), please consider upgrading to the latest version (2.2.2)
Kernel push error: Maximum batch CPU session count of 5 reached.
SLOT BUSY: s2-contour-n288r-s00 deferred
waiting: 22 kernel(s) still unpushed; sleeping 300s
--- push attempt s2-contour-n288r-s00 2026-08-24T12:23:58Z ---
Warning: Looks like you're using an outdated `kaggle` version (installed: 2.2.1), please consider upgrading to the latest version (2.2.2)
Kernel push error: Maximum batch CPU session count of 5 reached.
SLOT BUSY: s2-contour-n288r-s00 deferred
waiting: 22 kernel(s) still unpushed; sleeping 300s
--- push attempt s2-contour-n288r-s00 2026-08-24T12:28:59Z ---
Warning: Looks like you're using an outdated `kaggle` version (installed: 2.2.1), please consider upgrading to the latest version (2.2.2)
Kernel push error: Maximum batch CPU session count of 5 reached.
SLOT BUSY: s2-contour-n288r-s00 deferred
waiting: 22 kernel(s) still unpushed; sleeping 300s
--- push attempt s2-contour-n288r-s00 2026-08-24T12:34:01Z ---
Warning: Looks like you're using an outdated `kaggle` version (installed: 2.2.1), please consider upgrading to the latest version (2.2.2)
Kernel push error: Maximum batch CPU session count of 5 reached.
SLOT BUSY: s2-contour-n288r-s00 deferred
waiting: 22 kernel(s) still unpushed; sleeping 300s
--- push attempt s2-contour-n288r-s00 2026-08-24T12:39:03Z ---
Warning: Looks like you're using an outdated `kaggle` version (installed: 2.2.1), please consider upgrading to the latest version (2.2.2)
Kernel push error: Maximum batch CPU session count of 5 reached.
SLOT BUSY: s2-contour-n288r-s00 deferred
waiting: 22 kernel(s) still unpushed; sleeping 300s
--- push attempt s2-contour-n288r-s00 2026-08-24T12:44:04Z ---
Warning: Looks like you're using an outdated `kaggle` version (installed: 2.2.1), please consider upgrading to the latest version (2.2.2)
Kernel push error: Maximum batch CPU session count of 5 reached.
SLOT BUSY: s2-contour-n288r-s00 deferred
waiting: 22 kernel(s) still unpushed; sleeping 300s
--- push attempt s2-contour-n288r-s00 2026-08-24T12:49:06Z ---
Warning: Looks like you're using an outdated `kaggle` version (installed: 2.2.1), please consider upgrading to the latest version (2.2.2)
Kernel push error: Maximum batch CPU session count of 5 reached.
SLOT BUSY: s2-contour-n288r-s00 deferred
waiting: 22 kernel(s) still unpushed; sleeping 300s
--- push attempt s2-contour-n288r-s00 2026-08-24T12:54:07Z ---
Warning: Looks like you're using an outdated `kaggle` version (installed: 2.2.1), please consider upgrading to the latest version (2.2.2)
Kernel push error: Maximum batch CPU session count of 5 reached.
SLOT BUSY: s2-contour-n288r-s00 deferred
waiting: 22 kernel(s) still unpushed; sleeping 300s
--- push attempt s2-contour-n288r-s00 2026-08-24T12:59:09Z ---
Warning: Looks like you're using an outdated `kaggle` version (installed: 2.2.1), please consider upgrading to the latest version (2.2.2)
Kernel push error: Maximum batch CPU session count of 5 reached.
SLOT BUSY: s2-contour-n288r-s00 deferred
waiting: 22 kernel(s) still unpushed; sleeping 300s
--- push attempt s2-contour-n288r-s00 2026-08-24T13:04:10Z ---
Warning: Looks like you're using an outdated `kaggle` version (installed: 2.2.1), please consider upgrading to the latest version (2.2.2)
Kernel push error: Maximum batch CPU session count of 5 reached.
SLOT BUSY: s2-contour-n288r-s00 deferred
waiting: 22 kernel(s) still unpushed; sleeping 300s
--- push attempt s2-contour-n288r-s00 2026-08-24T13:09:12Z ---
Warning: Looks like you're using an outdated `kaggle` version (installed: 2.2.1), please consider upgrading to the latest version (2.2.2)
Kernel push error: Maximum batch CPU session count of 5 reached.
SLOT BUSY: s2-contour-n288r-s00 deferred
waiting: 22 kernel(s) still unpushed; sleeping 300s
--- push attempt s2-contour-n288r-s00 2026-08-24T13:14:13Z ---
Warning: Looks like you're using an outdated `kaggle` version (installed: 2.2.1), please consider upgrading to the latest version (2.2.2)
Kernel push error: Maximum batch CPU session count of 5 reached.
SLOT BUSY: s2-contour-n288r-s00 deferred
waiting: 22 kernel(s) still unpushed; sleeping 300s
--- push attempt s2-contour-n288r-s00 2026-08-24T13:19:15Z ---
Warning: Looks like you're using an outdated `kaggle` version (installed: 2.2.1), please consider upgrading to the latest version (2.2.2)
Kernel push error: Maximum batch CPU session count of 5 reached.
SLOT BUSY: s2-contour-n288r-s00 deferred
waiting: 22 kernel(s) still unpushed; sleeping 300s
--- push attempt s2-contour-n288r-s00 2026-08-24T13:24:17Z ---
Warning: Looks like you're using an outdated `kaggle` version (installed: 2.2.1), please consider upgrading to the latest version (2.2.2)
Kernel push error: Maximum batch CPU session count of 5 reached.
SLOT BUSY: s2-contour-n288r-s00 deferred
waiting: 22 kernel(s) still unpushed; sleeping 300s
--- push attempt s2-contour-n288r-s00 2026-08-24T13:29:18Z ---
Warning: Looks like you're using an outdated `kaggle` version (installed: 2.2.1), please consider upgrading to the latest version (2.2.2)
Kernel push error: Maximum batch CPU session count of 5 reached.
SLOT BUSY: s2-contour-n288r-s00 deferred
waiting: 22 kernel(s) still unpushed; sleeping 300s
--- push attempt s2-contour-n288r-s00 2026-08-24T13:34:19Z ---
Warning: Looks like you're using an outdated `kaggle` version (installed: 2.2.1), please consider upgrading to the latest version (2.2.2)
Kernel push error: Maximum batch CPU session count of 5 reached.
SLOT BUSY: s2-contour-n288r-s00 deferred
waiting: 22 kernel(s) still unpushed; sleeping 300s
--- push attempt s2-contour-n288r-s00 2026-08-24T13:39:21Z ---
Warning: Looks like you're using an outdated `kaggle` version (installed: 2.2.1), please consider upgrading to the latest version (2.2.2)
Kernel push error: Maximum batch CPU session count of 5 reached.
SLOT BUSY: s2-contour-n288r-s00 deferred
waiting: 22 kernel(s) still unpushed; sleeping 300s
--- push attempt s2-contour-n288r-s00 2026-08-24T13:44:23Z ---
Warning: Looks like you're using an outdated `kaggle` version (installed: 2.2.1), please consider upgrading to the latest version (2.2.2)
Kernel push error: Maximum batch CPU session count of 5 reached.
SLOT BUSY: s2-contour-n288r-s00 deferred
waiting: 22 kernel(s) still unpushed; sleeping 300s
--- push attempt s2-contour-n288r-s00 2026-08-24T13:49:24Z ---
Warning: Looks like you're using an outdated `kaggle` version (installed: 2.2.1), please consider upgrading to the latest version (2.2.2)
Kernel push error: Maximum batch CPU session count of 5 reached.
SLOT BUSY: s2-contour-n288r-s00 deferred
waiting: 22 kernel(s) still unpushed; sleeping 300s
--- push attempt s2-contour-n288r-s00 2026-08-24T13:54:26Z ---
Warning: Looks like you're using an outdated `kaggle` version (installed: 2.2.1), please consider upgrading to the latest version (2.2.2)
Kernel push error: Maximum batch CPU session count of 5 reached.
SLOT BUSY: s2-contour-n288r-s00 deferred
waiting: 22 kernel(s) still unpushed; sleeping 300s
--- push attempt s2-contour-n288r-s00 2026-08-24T13:59:27Z ---
Warning: Looks like you're using an outdated `kaggle` version (installed: 2.2.1), please consider upgrading to the latest version (2.2.2)
Kernel push error: Maximum batch CPU session count of 5 reached.
SLOT BUSY: s2-contour-n288r-s00 deferred
waiting: 22 kernel(s) still unpushed; sleeping 300s
--- push attempt s2-contour-n288r-s00 2026-08-24T14:04:29Z ---
Warning: Looks like you're using an outdated `kaggle` version (installed: 2.2.1), please consider upgrading to the latest version (2.2.2)
Kernel push error: Maximum batch CPU session count of 5 reached.
SLOT BUSY: s2-contour-n288r-s00 deferred
waiting: 22 kernel(s) still unpushed; sleeping 300s
--- push attempt s2-contour-n288r-s00 2026-08-24T14:09:30Z ---
Warning: Looks like you're using an outdated `kaggle` version (installed: 2.2.1), please consider upgrading to the latest version (2.2.2)
Kernel push error: Maximum batch CPU session count of 5 reached.
SLOT BUSY: s2-contour-n288r-s00 deferred
waiting: 22 kernel(s) still unpushed; sleeping 300s
--- push attempt s2-contour-n288r-s00 2026-08-24T14:14:32Z ---
Warning: Looks like you're using an outdated `kaggle` version (installed: 2.2.1), please consider upgrading to the latest version (2.2.2)
Kernel push error: Maximum batch CPU session count of 5 reached.
SLOT BUSY: s2-contour-n288r-s00 deferred
waiting: 22 kernel(s) still unpushed; sleeping 300s
--- push attempt s2-contour-n288r-s00 2026-08-24T14:19:34Z ---
Warning: Looks like you're using an outdated `kaggle` version (installed: 2.2.1), please consider upgrading to the latest version (2.2.2)
Kernel push error: Maximum batch CPU session count of 5 reached.
SLOT BUSY: s2-contour-n288r-s00 deferred
waiting: 22 kernel(s) still unpushed; sleeping 300s
--- push attempt s2-contour-n288r-s00 2026-08-24T14:24:35Z ---
Warning: Looks like you're using an outdated `kaggle` version (installed: 2.2.1), please consider upgrading to the latest version (2.2.2)
Kernel push error: Maximum batch CPU session count of 5 reached.
SLOT BUSY: s2-contour-n288r-s00 deferred
waiting: 22 kernel(s) still unpushed; sleeping 300s
--- push attempt s2-contour-n288r-s00 2026-08-24T14:29:38Z ---
Warning: Looks like you're using an outdated `kaggle` version (installed: 2.2.1), please consider upgrading to the latest version (2.2.2)
Kernel push error: Maximum batch CPU session count of 5 reached.
SLOT BUSY: s2-contour-n288r-s00 deferred
waiting: 22 kernel(s) still unpushed; sleeping 300s
--- push attempt s2-contour-n288r-s00 2026-08-24T14:34:39Z ---
Warning: Looks like you're using an outdated `kaggle` version (installed: 2.2.1), please consider upgrading to the latest version (2.2.2)
Kernel push error: Maximum batch CPU session count of 5 reached.
SLOT BUSY: s2-contour-n288r-s00 deferred
waiting: 22 kernel(s) still unpushed; sleeping 300s
--- push attempt s2-contour-n288r-s00 2026-08-24T14:39:42Z ---
Warning: Looks like you're using an outdated `kaggle` version (installed: 2.2.1), please consider upgrading to the latest version (2.2.2)
Kernel push error: Maximum batch CPU session count of 5 reached.
SLOT BUSY: s2-contour-n288r-s00 deferred
waiting: 22 kernel(s) still unpushed; sleeping 300s
--- push attempt s2-contour-n288r-s00 2026-08-24T14:44:44Z ---
Warning: Looks like you're using an outdated `kaggle` version (installed: 2.2.1), please consider upgrading to the latest version (2.2.2)
Kernel push error: Maximum batch CPU session count of 5 reached.
SLOT BUSY: s2-contour-n288r-s00 deferred
waiting: 22 kernel(s) still unpushed; sleeping 300s
--- push attempt s2-contour-n288r-s00 2026-08-24T14:49:46Z ---
Warning: Looks like you're using an outdated `kaggle` version (installed: 2.2.1), please consider upgrading to the latest version (2.2.2)
Kernel push error: Maximum batch CPU session count of 5 reached.
SLOT BUSY: s2-contour-n288r-s00 deferred
waiting: 22 kernel(s) still unpushed; sleeping 300s
--- push attempt s2-contour-n288r-s00 2026-08-24T14:54:48Z ---
Warning: Looks like you're using an outdated `kaggle` version (installed: 2.2.1), please consider upgrading to the latest version (2.2.2)
Kernel push error: Maximum batch CPU session count of 5 reached.
SLOT BUSY: s2-contour-n288r-s00 deferred
waiting: 22 kernel(s) still unpushed; sleeping 300s
--- push attempt s2-contour-n288r-s00 2026-08-24T14:59:50Z ---
Warning: Looks like you're using an outdated `kaggle` version (installed: 2.2.1), please consider upgrading to the latest version (2.2.2)
Kernel push error: Maximum batch CPU session count of 5 reached.
SLOT BUSY: s2-contour-n288r-s00 deferred
waiting: 22 kernel(s) still unpushed; sleeping 300s
--- push attempt s2-contour-n288r-s00 2026-08-24T15:04:52Z ---
Warning: Looks like you're using an outdated `kaggle` version (installed: 2.2.1), please consider upgrading to the latest version (2.2.2)
Kernel push error: Maximum batch CPU session count of 5 reached.
SLOT BUSY: s2-contour-n288r-s00 deferred
waiting: 22 kernel(s) still unpushed; sleeping 300s
--- push attempt s2-contour-n288r-s00 2026-08-24T15:09:54Z ---
Warning: Looks like you're using an outdated `kaggle` version (installed: 2.2.1), please consider upgrading to the latest version (2.2.2)
Kernel push error: Maximum batch CPU session count of 5 reached.
SLOT BUSY: s2-contour-n288r-s00 deferred
waiting: 22 kernel(s) still unpushed; sleeping 300s
--- push attempt s2-contour-n288r-s00 2026-08-24T15:14:56Z ---
Warning: Looks like you're using an outdated `kaggle` version (installed: 2.2.1), please consider upgrading to the latest version (2.2.2)
Kernel push error: Maximum batch CPU session count of 5 reached.
SLOT BUSY: s2-contour-n288r-s00 deferred
waiting: 22 kernel(s) still unpushed; sleeping 300s
--- push attempt s2-contour-n288r-s00 2026-08-24T15:19:58Z ---
Warning: Looks like you're using an outdated `kaggle` version (installed: 2.2.1), please consider upgrading to the latest version (2.2.2)
Kernel push error: Maximum batch CPU session count of 5 reached.
SLOT BUSY: s2-contour-n288r-s00 deferred
waiting: 22 kernel(s) still unpushed; sleeping 300s
--- push attempt s2-contour-n288r-s00 2026-08-24T15:25:01Z ---
Warning: Looks like you're using an outdated `kaggle` version (installed: 2.2.1), please consider upgrading to the latest version (2.2.2)
Kernel push error: Maximum batch CPU session count of 5 reached.
SLOT BUSY: s2-contour-n288r-s00 deferred
waiting: 22 kernel(s) still unpushed; sleeping 300s
--- push attempt s2-contour-n288r-s00 2026-08-24T15:30:03Z ---
Warning: Looks like you're using an outdated `kaggle` version (installed: 2.2.1), please consider upgrading to the latest version (2.2.2)
Kernel push error: Maximum batch CPU session count of 5 reached.
SLOT BUSY: s2-contour-n288r-s00 deferred
waiting: 22 kernel(s) still unpushed; sleeping 300s
--- push attempt s2-contour-n288r-s00 2026-08-24T15:35:08Z ---
Warning: Looks like you're using an outdated `kaggle` version (installed: 2.2.1), please consider upgrading to the latest version (2.2.2)
Kernel push error: Maximum batch CPU session count of 5 reached.
SLOT BUSY: s2-contour-n288r-s00 deferred
waiting: 22 kernel(s) still unpushed; sleeping 300s
--- push attempt s2-contour-n288r-s00 2026-08-24T15:40:11Z ---
Warning: Looks like you're using an outdated `kaggle` version (installed: 2.2.1), please consider upgrading to the latest version (2.2.2)
Kernel push error: Maximum batch CPU session count of 5 reached.
SLOT BUSY: s2-contour-n288r-s00 deferred
waiting: 22 kernel(s) still unpushed; sleeping 300s
--- push attempt s2-contour-n288r-s00 2026-08-24T15:45:13Z ---
Warning: Looks like you're using an outdated `kaggle` version (installed: 2.2.1), please consider upgrading to the latest version (2.2.2)
Kernel push error: Maximum batch CPU session count of 5 reached.
SLOT BUSY: s2-contour-n288r-s00 deferred
waiting: 22 kernel(s) still unpushed; sleeping 300s
--- push attempt s2-contour-n288r-s00 2026-08-24T15:50:15Z ---
Warning: Looks like you're using an outdated `kaggle` version (installed: 2.2.1), please consider upgrading to the latest version (2.2.2)
Kernel push error: Maximum batch CPU session count of 5 reached.
SLOT BUSY: s2-contour-n288r-s00 deferred
waiting: 22 kernel(s) still unpushed; sleeping 300s
--- push attempt s2-contour-n288r-s00 2026-08-24T15:55:17Z ---
Warning: Looks like you're using an outdated `kaggle` version (installed: 2.2.1), please consider upgrading to the latest version (2.2.2)
Kernel push error: Maximum batch CPU session count of 5 reached.
SLOT BUSY: s2-contour-n288r-s00 deferred
waiting: 22 kernel(s) still unpushed; sleeping 300s
--- push attempt s2-contour-n288r-s00 2026-08-24T16:00:20Z ---
Warning: Looks like you're using an outdated `kaggle` version (installed: 2.2.1), please consider upgrading to the latest version (2.2.2)
Kernel push error: Maximum batch CPU session count of 5 reached.
SLOT BUSY: s2-contour-n288r-s00 deferred
waiting: 22 kernel(s) still unpushed; sleeping 300s
--- push attempt s2-contour-n288r-s00 2026-08-24T16:05:22Z ---
Warning: Looks like you're using an outdated `kaggle` version (installed: 2.2.1), please consider upgrading to the latest version (2.2.2)
Kernel push error: Maximum batch CPU session count of 5 reached.
SLOT BUSY: s2-contour-n288r-s00 deferred
waiting: 22 kernel(s) still unpushed; sleeping 300s
--- push attempt s2-contour-n288r-s00 2026-08-24T16:10:24Z ---
Warning: Looks like you're using an outdated `kaggle` version (installed: 2.2.1), please consider upgrading to the latest version (2.2.2)
Kernel push error: Maximum batch CPU session count of 5 reached.
SLOT BUSY: s2-contour-n288r-s00 deferred
waiting: 22 kernel(s) still unpushed; sleeping 300s
--- push attempt s2-contour-n288r-s00 2026-08-24T16:15:26Z ---
Warning: Looks like you're using an outdated `kaggle` version (installed: 2.2.1), please consider upgrading to the latest version (2.2.2)
Kernel push error: Maximum batch CPU session count of 5 reached.
SLOT BUSY: s2-contour-n288r-s00 deferred
waiting: 22 kernel(s) still unpushed; sleeping 300s
--- push attempt s2-contour-n288r-s00 2026-08-24T16:20:28Z ---
Warning: Looks like you're using an outdated `kaggle` version (installed: 2.2.1), please consider upgrading to the latest version (2.2.2)
Kernel push error: Maximum batch CPU session count of 5 reached.
SLOT BUSY: s2-contour-n288r-s00 deferred
waiting: 22 kernel(s) still unpushed; sleeping 300s
--- push attempt s2-contour-n288r-s00 2026-08-24T16:25:30Z ---
Warning: Looks like you're using an outdated `kaggle` version (installed: 2.2.1), please consider upgrading to the latest version (2.2.2)
Kernel push error: Maximum batch CPU session count of 5 reached.
SLOT BUSY: s2-contour-n288r-s00 deferred
waiting: 22 kernel(s) still unpushed; sleeping 300s
--- push attempt s2-contour-n288r-s00 2026-08-24T16:30:32Z ---
Warning: Looks like you're using an outdated `kaggle` version (installed: 2.2.1), please consider upgrading to the latest version (2.2.2)
Kernel version 1 successfully pushed.  Please check progress at https://www.kaggle.com/code/saarshai/s2-contour-n288r-s00
status: saarshai/s2-contour-n288r-s00 has status "KernelWorkerStatus.RUNNING"
PUSHED s2-contour-n288r-s00 (status confirms the kernel exists and has a run)
--- push attempt s2-contour-n288r-s01 2026-08-24T16:30:59Z ---
Warning: Looks like you're using an outdated `kaggle` version (installed: 2.2.1), please consider upgrading to the latest version (2.2.2)
Kernel push error: Maximum batch CPU session count of 5 reached.
SLOT BUSY: s2-contour-n288r-s01 deferred
waiting: 21 kernel(s) still unpushed; sleeping 300s
--- push attempt s2-contour-n288r-s01 2026-08-24T16:36:01Z ---
Warning: Looks like you're using an outdated `kaggle` version (installed: 2.2.1), please consider upgrading to the latest version (2.2.2)
Kernel push error: Maximum batch CPU session count of 5 reached.
SLOT BUSY: s2-contour-n288r-s01 deferred
waiting: 21 kernel(s) still unpushed; sleeping 300s
--- push attempt s2-contour-n288r-s01 2026-08-24T16:41:03Z ---
Warning: Looks like you're using an outdated `kaggle` version (installed: 2.2.1), please consider upgrading to the latest version (2.2.2)
Kernel push error: Maximum batch CPU session count of 5 reached.
SLOT BUSY: s2-contour-n288r-s01 deferred
waiting: 21 kernel(s) still unpushed; sleeping 300s
--- push attempt s2-contour-n288r-s01 2026-08-24T16:46:04Z ---
Warning: Looks like you're using an outdated `kaggle` version (installed: 2.2.1), please consider upgrading to the latest version (2.2.2)
Kernel push error: Maximum batch CPU session count of 5 reached.
SLOT BUSY: s2-contour-n288r-s01 deferred
waiting: 21 kernel(s) still unpushed; sleeping 300s
--- push attempt s2-contour-n288r-s01 2026-08-24T16:51:06Z ---
Warning: Looks like you're using an outdated `kaggle` version (installed: 2.2.1), please consider upgrading to the latest version (2.2.2)
Kernel push error: Maximum batch CPU session count of 5 reached.
SLOT BUSY: s2-contour-n288r-s01 deferred
waiting: 21 kernel(s) still unpushed; sleeping 300s
--- push attempt s2-contour-n288r-s01 2026-08-24T16:56:07Z ---
Warning: Looks like you're using an outdated `kaggle` version (installed: 2.2.1), please consider upgrading to the latest version (2.2.2)
Kernel push error: Maximum batch CPU session count of 5 reached.
SLOT BUSY: s2-contour-n288r-s01 deferred
waiting: 21 kernel(s) still unpushed; sleeping 300s
--- push attempt s2-contour-n288r-s01 2026-08-24T17:01:09Z ---
Warning: Looks like you're using an outdated `kaggle` version (installed: 2.2.1), please consider upgrading to the latest version (2.2.2)
Kernel push error: Maximum batch CPU session count of 5 reached.
SLOT BUSY: s2-contour-n288r-s01 deferred
waiting: 21 kernel(s) still unpushed; sleeping 300s
--- push attempt s2-contour-n288r-s01 2026-08-24T17:06:10Z ---
Warning: Looks like you're using an outdated `kaggle` version (installed: 2.2.1), please consider upgrading to the latest version (2.2.2)
Kernel push error: Maximum batch CPU session count of 5 reached.
SLOT BUSY: s2-contour-n288r-s01 deferred
waiting: 21 kernel(s) still unpushed; sleeping 300s
--- push attempt s2-contour-n288r-s01 2026-08-24T17:11:12Z ---
Warning: Looks like you're using an outdated `kaggle` version (installed: 2.2.1), please consider upgrading to the latest version (2.2.2)
Kernel push error: Maximum batch CPU session count of 5 reached.
SLOT BUSY: s2-contour-n288r-s01 deferred
waiting: 21 kernel(s) still unpushed; sleeping 300s
--- push attempt s2-contour-n288r-s01 2026-08-24T17:16:13Z ---
Warning: Looks like you're using an outdated `kaggle` version (installed: 2.2.1), please consider upgrading to the latest version (2.2.2)
Kernel push error: Maximum batch CPU session count of 5 reached.
SLOT BUSY: s2-contour-n288r-s01 deferred
waiting: 21 kernel(s) still unpushed; sleeping 300s
--- push attempt s2-contour-n288r-s01 2026-08-24T17:21:15Z ---
Warning: Looks like you're using an outdated `kaggle` version (installed: 2.2.1), please consider upgrading to the latest version (2.2.2)
Kernel push error: Maximum batch CPU session count of 5 reached.
SLOT BUSY: s2-contour-n288r-s01 deferred
waiting: 21 kernel(s) still unpushed; sleeping 300s
--- push attempt s2-contour-n288r-s01 2026-08-24T17:26:17Z ---
Warning: Looks like you're using an outdated `kaggle` version (installed: 2.2.1), please consider upgrading to the latest version (2.2.2)
Kernel push error: Maximum batch CPU session count of 5 reached.
SLOT BUSY: s2-contour-n288r-s01 deferred
waiting: 21 kernel(s) still unpushed; sleeping 300s
--- push attempt s2-contour-n288r-s01 2026-08-24T17:31:19Z ---
Warning: Looks like you're using an outdated `kaggle` version (installed: 2.2.1), please consider upgrading to the latest version (2.2.2)
Kernel push error: Maximum batch CPU session count of 5 reached.
SLOT BUSY: s2-contour-n288r-s01 deferred
waiting: 21 kernel(s) still unpushed; sleeping 300s
--- push attempt s2-contour-n288r-s01 2026-08-24T17:36:20Z ---
Warning: Looks like you're using an outdated `kaggle` version (installed: 2.2.1), please consider upgrading to the latest version (2.2.2)
Kernel version 1 successfully pushed.  Please check progress at https://www.kaggle.com/code/saarshai/s2-contour-n288r-s01
status: saarshai/s2-contour-n288r-s01 has status "KernelWorkerStatus.RUNNING"
PUSHED s2-contour-n288r-s01 (status confirms the kernel exists and has a run)
--- push attempt s2-contour-n288r-s02 2026-08-24T17:36:48Z ---
Warning: Looks like you're using an outdated `kaggle` version (installed: 2.2.1), please consider upgrading to the latest version (2.2.2)
Kernel version 1 successfully pushed.  Please check progress at https://www.kaggle.com/code/saarshai/s2-contour-n288r-s02
status: saarshai/s2-contour-n288r-s02 has status "KernelWorkerStatus.RUNNING"
PUSHED s2-contour-n288r-s02 (status confirms the kernel exists and has a run)
--- push attempt s2-contour-n288r-s03 2026-08-24T17:37:16Z ---
Warning: Looks like you're using an outdated `kaggle` version (installed: 2.2.1), please consider upgrading to the latest version (2.2.2)
Kernel version 1 successfully pushed.  Please check progress at https://www.kaggle.com/code/saarshai/s2-contour-n288r-s03
status: saarshai/s2-contour-n288r-s03 has status "KernelWorkerStatus.RUNNING"
PUSHED s2-contour-n288r-s03 (status confirms the kernel exists and has a run)
--- push attempt s2-contour-n288r-s04 2026-08-24T17:37:44Z ---
Warning: Looks like you're using an outdated `kaggle` version (installed: 2.2.1), please consider upgrading to the latest version (2.2.2)
Kernel push error: Maximum batch CPU session count of 5 reached.
SLOT BUSY: s2-contour-n288r-s04 deferred
waiting: 18 kernel(s) still unpushed; sleeping 300s
--- push attempt s2-contour-n288r-s04 2026-08-24T17:42:46Z ---
Warning: Looks like you're using an outdated `kaggle` version (installed: 2.2.1), please consider upgrading to the latest version (2.2.2)
Kernel version 1 successfully pushed.  Please check progress at https://www.kaggle.com/code/saarshai/s2-contour-n288r-s04
status: saarshai/s2-contour-n288r-s04 has status "KernelWorkerStatus.RUNNING"
PUSHED s2-contour-n288r-s04 (status confirms the kernel exists and has a run)
--- push attempt s2-contour-n288r-s05 2026-08-24T17:43:14Z ---
Warning: Looks like you're using an outdated `kaggle` version (installed: 2.2.1), please consider upgrading to the latest version (2.2.2)
Kernel push error: Maximum batch CPU session count of 5 reached.
SLOT BUSY: s2-contour-n288r-s05 deferred
waiting: 17 kernel(s) still unpushed; sleeping 300s
--- push attempt s2-contour-n288r-s05 2026-08-24T17:48:15Z ---
Warning: Looks like you're using an outdated `kaggle` version (installed: 2.2.1), please consider upgrading to the latest version (2.2.2)
Kernel push error: Maximum batch CPU session count of 5 reached.
SLOT BUSY: s2-contour-n288r-s05 deferred
waiting: 17 kernel(s) still unpushed; sleeping 300s
--- push attempt s2-contour-n288r-s05 2026-08-24T17:53:17Z ---
Warning: Looks like you're using an outdated `kaggle` version (installed: 2.2.1), please consider upgrading to the latest version (2.2.2)
Kernel push error: Maximum batch CPU session count of 5 reached.
SLOT BUSY: s2-contour-n288r-s05 deferred
waiting: 17 kernel(s) still unpushed; sleeping 300s
--- push attempt s2-contour-n288r-s05 2026-08-24T17:58:18Z ---
Warning: Looks like you're using an outdated `kaggle` version (installed: 2.2.1), please consider upgrading to the latest version (2.2.2)
Kernel push error: Maximum batch CPU session count of 5 reached.
SLOT BUSY: s2-contour-n288r-s05 deferred
waiting: 17 kernel(s) still unpushed; sleeping 300s
--- push attempt s2-contour-n288r-s05 2026-08-24T18:03:20Z ---
Warning: Looks like you're using an outdated `kaggle` version (installed: 2.2.1), please consider upgrading to the latest version (2.2.2)
Kernel push error: Maximum batch CPU session count of 5 reached.
SLOT BUSY: s2-contour-n288r-s05 deferred
waiting: 17 kernel(s) still unpushed; sleeping 300s
--- push attempt s2-contour-n288r-s05 2026-08-24T18:08:22Z ---
Warning: Looks like you're using an outdated `kaggle` version (installed: 2.2.1), please consider upgrading to the latest version (2.2.2)
Kernel push error: Maximum batch CPU session count of 5 reached.
SLOT BUSY: s2-contour-n288r-s05 deferred
waiting: 17 kernel(s) still unpushed; sleeping 300s
--- push attempt s2-contour-n288r-s05 2026-08-24T18:13:23Z ---
Warning: Looks like you're using an outdated `kaggle` version (installed: 2.2.1), please consider upgrading to the latest version (2.2.2)
Kernel push error: Maximum batch CPU session count of 5 reached.
SLOT BUSY: s2-contour-n288r-s05 deferred
waiting: 17 kernel(s) still unpushed; sleeping 300s
--- push attempt s2-contour-n288r-s05 2026-08-24T18:18:25Z ---
Warning: Looks like you're using an outdated `kaggle` version (installed: 2.2.1), please consider upgrading to the latest version (2.2.2)
Kernel push error: Maximum batch CPU session count of 5 reached.
SLOT BUSY: s2-contour-n288r-s05 deferred
waiting: 17 kernel(s) still unpushed; sleeping 300s
--- push attempt s2-contour-n288r-s05 2026-08-24T18:23:26Z ---
Warning: Looks like you're using an outdated `kaggle` version (installed: 2.2.1), please consider upgrading to the latest version (2.2.2)
Kernel push error: Maximum batch CPU session count of 5 reached.
SLOT BUSY: s2-contour-n288r-s05 deferred
waiting: 17 kernel(s) still unpushed; sleeping 300s
--- push attempt s2-contour-n288r-s05 2026-08-24T18:28:28Z ---
Warning: Looks like you're using an outdated `kaggle` version (installed: 2.2.1), please consider upgrading to the latest version (2.2.2)
Kernel push error: Maximum batch CPU session count of 5 reached.
SLOT BUSY: s2-contour-n288r-s05 deferred
waiting: 17 kernel(s) still unpushed; sleeping 300s
--- push attempt s2-contour-n288r-s05 2026-08-24T18:33:30Z ---
Warning: Looks like you're using an outdated `kaggle` version (installed: 2.2.1), please consider upgrading to the latest version (2.2.2)
Kernel push error: Maximum batch CPU session count of 5 reached.
SLOT BUSY: s2-contour-n288r-s05 deferred
waiting: 17 kernel(s) still unpushed; sleeping 300s
--- push attempt s2-contour-n288r-s05 2026-08-24T18:38:32Z ---
Warning: Looks like you're using an outdated `kaggle` version (installed: 2.2.1), please consider upgrading to the latest version (2.2.2)
Kernel push error: Maximum batch CPU session count of 5 reached.
SLOT BUSY: s2-contour-n288r-s05 deferred
waiting: 17 kernel(s) still unpushed; sleeping 300s
--- push attempt s2-contour-n288r-s05 2026-08-24T18:43:34Z ---
Warning: Looks like you're using an outdated `kaggle` version (installed: 2.2.1), please consider upgrading to the latest version (2.2.2)
Kernel push error: Maximum batch CPU session count of 5 reached.
SLOT BUSY: s2-contour-n288r-s05 deferred
waiting: 17 kernel(s) still unpushed; sleeping 300s
--- push attempt s2-contour-n288r-s05 2026-08-24T18:48:35Z ---
Warning: Looks like you're using an outdated `kaggle` version (installed: 2.2.1), please consider upgrading to the latest version (2.2.2)
Kernel push error: Maximum batch CPU session count of 5 reached.
SLOT BUSY: s2-contour-n288r-s05 deferred
waiting: 17 kernel(s) still unpushed; sleeping 300s
--- push attempt s2-contour-n288r-s05 2026-08-24T18:53:37Z ---
Warning: Looks like you're using an outdated `kaggle` version (installed: 2.2.1), please consider upgrading to the latest version (2.2.2)
Kernel push error: Maximum batch CPU session count of 5 reached.
SLOT BUSY: s2-contour-n288r-s05 deferred
waiting: 17 kernel(s) still unpushed; sleeping 300s
--- push attempt s2-contour-n288r-s05 2026-08-24T18:58:38Z ---
Warning: Looks like you're using an outdated `kaggle` version (installed: 2.2.1), please consider upgrading to the latest version (2.2.2)
Kernel push error: Maximum batch CPU session count of 5 reached.
SLOT BUSY: s2-contour-n288r-s05 deferred
waiting: 17 kernel(s) still unpushed; sleeping 300s
--- push attempt s2-contour-n288r-s05 2026-08-24T19:03:40Z ---
Warning: Looks like you're using an outdated `kaggle` version (installed: 2.2.1), please consider upgrading to the latest version (2.2.2)
Kernel push error: Maximum batch CPU session count of 5 reached.
SLOT BUSY: s2-contour-n288r-s05 deferred
waiting: 17 kernel(s) still unpushed; sleeping 300s
--- push attempt s2-contour-n288r-s05 2026-08-24T19:08:41Z ---
Warning: Looks like you're using an outdated `kaggle` version (installed: 2.2.1), please consider upgrading to the latest version (2.2.2)
Kernel push error: Maximum batch CPU session count of 5 reached.
SLOT BUSY: s2-contour-n288r-s05 deferred
waiting: 17 kernel(s) still unpushed; sleeping 300s
--- push attempt s2-contour-n288r-s05 2026-08-24T19:13:43Z ---
Warning: Looks like you're using an outdated `kaggle` version (installed: 2.2.1), please consider upgrading to the latest version (2.2.2)
Kernel push error: Maximum batch CPU session count of 5 reached.
SLOT BUSY: s2-contour-n288r-s05 deferred
waiting: 17 kernel(s) still unpushed; sleeping 300s
--- push attempt s2-contour-n288r-s05 2026-08-24T19:18:44Z ---
Warning: Looks like you're using an outdated `kaggle` version (installed: 2.2.1), please consider upgrading to the latest version (2.2.2)
Kernel push error: Maximum batch CPU session count of 5 reached.
SLOT BUSY: s2-contour-n288r-s05 deferred
waiting: 17 kernel(s) still unpushed; sleeping 300s
--- push attempt s2-contour-n288r-s05 2026-08-24T19:23:46Z ---
Warning: Looks like you're using an outdated `kaggle` version (installed: 2.2.1), please consider upgrading to the latest version (2.2.2)
Kernel push error: Maximum batch CPU session count of 5 reached.
SLOT BUSY: s2-contour-n288r-s05 deferred
waiting: 17 kernel(s) still unpushed; sleeping 300s
--- push attempt s2-contour-n288r-s05 2026-08-24T19:28:48Z ---
Warning: Looks like you're using an outdated `kaggle` version (installed: 2.2.1), please consider upgrading to the latest version (2.2.2)
Kernel push error: Maximum batch CPU session count of 5 reached.
SLOT BUSY: s2-contour-n288r-s05 deferred
waiting: 17 kernel(s) still unpushed; sleeping 300s
--- push attempt s2-contour-n288r-s05 2026-08-24T19:33:49Z ---
Warning: Looks like you're using an outdated `kaggle` version (installed: 2.2.1), please consider upgrading to the latest version (2.2.2)
Kernel push error: Maximum batch CPU session count of 5 reached.
SLOT BUSY: s2-contour-n288r-s05 deferred
waiting: 17 kernel(s) still unpushed; sleeping 300s
--- push attempt s2-contour-n288r-s05 2026-08-24T19:38:51Z ---
Warning: Looks like you're using an outdated `kaggle` version (installed: 2.2.1), please consider upgrading to the latest version (2.2.2)
Kernel push error: Maximum batch CPU session count of 5 reached.
SLOT BUSY: s2-contour-n288r-s05 deferred
waiting: 17 kernel(s) still unpushed; sleeping 300s
--- push attempt s2-contour-n288r-s05 2026-08-24T19:43:53Z ---
Warning: Looks like you're using an outdated `kaggle` version (installed: 2.2.1), please consider upgrading to the latest version (2.2.2)
Kernel push error: Maximum batch CPU session count of 5 reached.
SLOT BUSY: s2-contour-n288r-s05 deferred
waiting: 17 kernel(s) still unpushed; sleeping 300s
--- push attempt s2-contour-n288r-s05 2026-08-24T19:48:54Z ---
Warning: Looks like you're using an outdated `kaggle` version (installed: 2.2.1), please consider upgrading to the latest version (2.2.2)
Kernel push error: Maximum batch CPU session count of 5 reached.
SLOT BUSY: s2-contour-n288r-s05 deferred
waiting: 17 kernel(s) still unpushed; sleeping 300s
--- push attempt s2-contour-n288r-s05 2026-08-24T19:53:56Z ---
Warning: Looks like you're using an outdated `kaggle` version (installed: 2.2.1), please consider upgrading to the latest version (2.2.2)
Kernel push error: Maximum batch CPU session count of 5 reached.
SLOT BUSY: s2-contour-n288r-s05 deferred
waiting: 17 kernel(s) still unpushed; sleeping 300s
--- push attempt s2-contour-n288r-s05 2026-08-24T19:58:57Z ---
Warning: Looks like you're using an outdated `kaggle` version (installed: 2.2.1), please consider upgrading to the latest version (2.2.2)
Kernel push error: Maximum batch CPU session count of 5 reached.
SLOT BUSY: s2-contour-n288r-s05 deferred
waiting: 17 kernel(s) still unpushed; sleeping 300s
--- push attempt s2-contour-n288r-s05 2026-08-24T20:03:59Z ---
Warning: Looks like you're using an outdated `kaggle` version (installed: 2.2.1), please consider upgrading to the latest version (2.2.2)
Kernel push error: Maximum batch CPU session count of 5 reached.
SLOT BUSY: s2-contour-n288r-s05 deferred
waiting: 17 kernel(s) still unpushed; sleeping 300s
--- push attempt s2-contour-n288r-s05 2026-08-24T20:09:00Z ---
Warning: Looks like you're using an outdated `kaggle` version (installed: 2.2.1), please consider upgrading to the latest version (2.2.2)
Kernel push error: Maximum batch CPU session count of 5 reached.
SLOT BUSY: s2-contour-n288r-s05 deferred
waiting: 17 kernel(s) still unpushed; sleeping 300s
--- push attempt s2-contour-n288r-s05 2026-08-24T20:14:02Z ---
Warning: Looks like you're using an outdated `kaggle` version (installed: 2.2.1), please consider upgrading to the latest version (2.2.2)
Kernel push error: Maximum batch CPU session count of 5 reached.
SLOT BUSY: s2-contour-n288r-s05 deferred
waiting: 17 kernel(s) still unpushed; sleeping 300s
--- push attempt s2-contour-n288r-s05 2026-08-24T20:19:04Z ---
Warning: Looks like you're using an outdated `kaggle` version (installed: 2.2.1), please consider upgrading to the latest version (2.2.2)
Kernel push error: Maximum batch CPU session count of 5 reached.
SLOT BUSY: s2-contour-n288r-s05 deferred
waiting: 17 kernel(s) still unpushed; sleeping 300s
--- push attempt s2-contour-n288r-s05 2026-08-24T20:24:05Z ---
Warning: Looks like you're using an outdated `kaggle` version (installed: 2.2.1), please consider upgrading to the latest version (2.2.2)
Kernel push error: Maximum batch CPU session count of 5 reached.
SLOT BUSY: s2-contour-n288r-s05 deferred
waiting: 17 kernel(s) still unpushed; sleeping 300s
--- push attempt s2-contour-n288r-s05 2026-08-24T20:29:07Z ---
Warning: Looks like you're using an outdated `kaggle` version (installed: 2.2.1), please consider upgrading to the latest version (2.2.2)
Kernel push error: Maximum batch CPU session count of 5 reached.
SLOT BUSY: s2-contour-n288r-s05 deferred
waiting: 17 kernel(s) still unpushed; sleeping 300s
--- push attempt s2-contour-n288r-s05 2026-08-24T20:34:08Z ---
Warning: Looks like you're using an outdated `kaggle` version (installed: 2.2.1), please consider upgrading to the latest version (2.2.2)
Kernel push error: Maximum batch CPU session count of 5 reached.
SLOT BUSY: s2-contour-n288r-s05 deferred
waiting: 17 kernel(s) still unpushed; sleeping 300s
--- push attempt s2-contour-n288r-s05 2026-08-24T20:39:10Z ---
Warning: Looks like you're using an outdated `kaggle` version (installed: 2.2.1), please consider upgrading to the latest version (2.2.2)
Kernel push error: Maximum batch CPU session count of 5 reached.
SLOT BUSY: s2-contour-n288r-s05 deferred
waiting: 17 kernel(s) still unpushed; sleeping 300s
--- push attempt s2-contour-n288r-s05 2026-08-24T20:44:11Z ---
Warning: Looks like you're using an outdated `kaggle` version (installed: 2.2.1), please consider upgrading to the latest version (2.2.2)
Kernel push error: Maximum batch CPU session count of 5 reached.
SLOT BUSY: s2-contour-n288r-s05 deferred
waiting: 17 kernel(s) still unpushed; sleeping 300s
--- push attempt s2-contour-n288r-s05 2026-08-24T20:49:13Z ---
Warning: Looks like you're using an outdated `kaggle` version (installed: 2.2.1), please consider upgrading to the latest version (2.2.2)
Kernel push error: Maximum batch CPU session count of 5 reached.
SLOT BUSY: s2-contour-n288r-s05 deferred
waiting: 17 kernel(s) still unpushed; sleeping 300s
--- push attempt s2-contour-n288r-s05 2026-08-24T20:54:15Z ---
Warning: Looks like you're using an outdated `kaggle` version (installed: 2.2.1), please consider upgrading to the latest version (2.2.2)
Kernel push error: Maximum batch CPU session count of 5 reached.
SLOT BUSY: s2-contour-n288r-s05 deferred
waiting: 17 kernel(s) still unpushed; sleeping 300s
--- push attempt s2-contour-n288r-s05 2026-08-24T20:59:16Z ---
Warning: Looks like you're using an outdated `kaggle` version (installed: 2.2.1), please consider upgrading to the latest version (2.2.2)
Kernel push error: Maximum batch CPU session count of 5 reached.
SLOT BUSY: s2-contour-n288r-s05 deferred
waiting: 17 kernel(s) still unpushed; sleeping 300s
--- push attempt s2-contour-n288r-s05 2026-08-24T21:04:18Z ---
Warning: Looks like you're using an outdated `kaggle` version (installed: 2.2.1), please consider upgrading to the latest version (2.2.2)
Kernel push error: Maximum batch CPU session count of 5 reached.
SLOT BUSY: s2-contour-n288r-s05 deferred
waiting: 17 kernel(s) still unpushed; sleeping 300s
--- push attempt s2-contour-n288r-s05 2026-08-24T21:09:19Z ---
Warning: Looks like you're using an outdated `kaggle` version (installed: 2.2.1), please consider upgrading to the latest version (2.2.2)
Kernel push error: Maximum batch CPU session count of 5 reached.
SLOT BUSY: s2-contour-n288r-s05 deferred
waiting: 17 kernel(s) still unpushed; sleeping 300s
--- push attempt s2-contour-n288r-s05 2026-08-24T21:14:21Z ---
Warning: Looks like you're using an outdated `kaggle` version (installed: 2.2.1), please consider upgrading to the latest version (2.2.2)
Kernel push error: Maximum batch CPU session count of 5 reached.
SLOT BUSY: s2-contour-n288r-s05 deferred
waiting: 17 kernel(s) still unpushed; sleeping 300s
--- push attempt s2-contour-n288r-s05 2026-08-24T21:19:22Z ---
Warning: Looks like you're using an outdated `kaggle` version (installed: 2.2.1), please consider upgrading to the latest version (2.2.2)
Kernel push error: Maximum batch CPU session count of 5 reached.
SLOT BUSY: s2-contour-n288r-s05 deferred
waiting: 17 kernel(s) still unpushed; sleeping 300s
--- push attempt s2-contour-n288r-s05 2026-08-24T21:24:24Z ---
Warning: Looks like you're using an outdated `kaggle` version (installed: 2.2.1), please consider upgrading to the latest version (2.2.2)
Kernel push error: Maximum batch CPU session count of 5 reached.
SLOT BUSY: s2-contour-n288r-s05 deferred
waiting: 17 kernel(s) still unpushed; sleeping 300s
--- push attempt s2-contour-n288r-s05 2026-08-24T21:29:25Z ---
Warning: Looks like you're using an outdated `kaggle` version (installed: 2.2.1), please consider upgrading to the latest version (2.2.2)
Kernel push error: Maximum batch CPU session count of 5 reached.
SLOT BUSY: s2-contour-n288r-s05 deferred
waiting: 17 kernel(s) still unpushed; sleeping 300s
--- push attempt s2-contour-n288r-s05 2026-08-24T21:34:27Z ---
Warning: Looks like you're using an outdated `kaggle` version (installed: 2.2.1), please consider upgrading to the latest version (2.2.2)
Kernel push error: Maximum batch CPU session count of 5 reached.
SLOT BUSY: s2-contour-n288r-s05 deferred
waiting: 17 kernel(s) still unpushed; sleeping 300s
--- push attempt s2-contour-n288r-s05 2026-08-24T21:39:29Z ---
Warning: Looks like you're using an outdated `kaggle` version (installed: 2.2.1), please consider upgrading to the latest version (2.2.2)
Kernel push error: Maximum batch CPU session count of 5 reached.
SLOT BUSY: s2-contour-n288r-s05 deferred
waiting: 17 kernel(s) still unpushed; sleeping 300s
--- push attempt s2-contour-n288r-s05 2026-08-24T21:44:30Z ---
Warning: Looks like you're using an outdated `kaggle` version (installed: 2.2.1), please consider upgrading to the latest version (2.2.2)
Kernel push error: Maximum batch CPU session count of 5 reached.
SLOT BUSY: s2-contour-n288r-s05 deferred
waiting: 17 kernel(s) still unpushed; sleeping 300s
--- push attempt s2-contour-n288r-s05 2026-08-24T21:49:32Z ---
Warning: Looks like you're using an outdated `kaggle` version (installed: 2.2.1), please consider upgrading to the latest version (2.2.2)
Kernel push error: Maximum batch CPU session count of 5 reached.
SLOT BUSY: s2-contour-n288r-s05 deferred
waiting: 17 kernel(s) still unpushed; sleeping 300s
--- push attempt s2-contour-n288r-s05 2026-08-24T21:54:34Z ---
Warning: Looks like you're using an outdated `kaggle` version (installed: 2.2.1), please consider upgrading to the latest version (2.2.2)
Kernel push error: Maximum batch CPU session count of 5 reached.
SLOT BUSY: s2-contour-n288r-s05 deferred
waiting: 17 kernel(s) still unpushed; sleeping 300s
--- push attempt s2-contour-n288r-s05 2026-08-24T21:59:37Z ---
Warning: Looks like you're using an outdated `kaggle` version (installed: 2.2.1), please consider upgrading to the latest version (2.2.2)
Kernel push error: Maximum batch CPU session count of 5 reached.
SLOT BUSY: s2-contour-n288r-s05 deferred
waiting: 17 kernel(s) still unpushed; sleeping 300s
--- push attempt s2-contour-n288r-s05 2026-08-24T22:04:38Z ---
Traceback (most recent call last):
  File "/Users/za/.local/bin/kaggle", line 4, in <module>
    from kaggle.cli import main
  File "/Users/za/.local/share/uv/tools/kaggle/lib/python3.13/site-packages/kaggle/__init__.py", line 8, in <module>
    api.authenticate()
    ~~~~~~~~~~~~~~~~^^
  File "/Users/za/.local/share/uv/tools/kaggle/lib/python3.13/site-packages/kaggle/api/kaggle_api_extended.py", line 993, in authenticate
    if self._authenticate_with_access_token():
       ~~~~~~~~~~~~~~~~~~~~~~~~~~~~~~~~~~~~^^
  File "/Users/za/.local/share/uv/tools/kaggle/lib/python3.13/site-packages/kaggle/api/kaggle_api_extended.py", line 1030, in _authenticate_with_access_token
    username = self._introspect_token(access_token)
  File "/Users/za/.local/share/uv/tools/kaggle/lib/python3.13/site-packages/kaggle/api/kaggle_api_extended.py", line 1066, in _introspect_token
    response = kaggle.security.oauth_client.introspect_token(request)
  File "/Users/za/.local/share/uv/tools/kaggle/lib/python3.13/site-packages/kagglesdk/security/services/oauth_service.py", line 44, in introspect_token
    return self._client.call("security.OAuthService", "IntrospectToken", request, IntrospectTokenResponse)
           ~~~~~~~~~~~~~~~~~^^^^^^^^^^^^^^^^^^^^^^^^^^^^^^^^^^^^^^^^^^^^^^^^^^^^^^^^^^^^^^^^^^^^^^^^^^^^^^
  File "/Users/za/.local/share/uv/tools/kaggle/lib/python3.13/site-packages/kagglesdk/kaggle_http_client.py", line 98, in call
    response = self._prepare_response(response_type, http_response)
  File "/Users/za/.local/share/uv/tools/kaggle/lib/python3.13/site-packages/kagglesdk/kaggle_http_client.py", line 124, in _prepare_response
    http_response.raise_for_status()
    ~~~~~~~~~~~~~~~~~~~~~~~~~~~~~~^^
  File "/Users/za/.local/share/uv/tools/kaggle/lib/python3.13/site-packages/requests/models.py", line 1167, in raise_for_status
    raise HTTPError(http_error_msg, response=self)
requests.exceptions.HTTPError: 503 Server Error: Service Unavailable for url: https://api.kaggle.com/v1/security.OAuthService/IntrospectToken
status: 404 Client Error: Not Found for url: https://api.kaggle.com/v1/kernels.KernelsApiService/GetKernelSessionStatus
NO CONFIRMED RUN for s2-contour-n288r-s05; will retry next pass
waiting: 17 kernel(s) still unpushed; sleeping 300s
--- push attempt s2-contour-n288r-s05 2026-08-24T22:10:09Z ---
Warning: Looks like you're using an outdated `kaggle` version (installed: 2.2.1), please consider upgrading to the latest version (2.2.2)
Kernel push error: Maximum batch CPU session count of 5 reached.
SLOT BUSY: s2-contour-n288r-s05 deferred
waiting: 17 kernel(s) still unpushed; sleeping 300s
--- push attempt s2-contour-n288r-s05 2026-08-24T22:15:11Z ---
Warning: Looks like you're using an outdated `kaggle` version (installed: 2.2.1), please consider upgrading to the latest version (2.2.2)
Kernel push error: Maximum batch CPU session count of 5 reached.
SLOT BUSY: s2-contour-n288r-s05 deferred
waiting: 17 kernel(s) still unpushed; sleeping 300s
--- push attempt s2-contour-n288r-s05 2026-08-24T22:20:13Z ---
Warning: Looks like you're using an outdated `kaggle` version (installed: 2.2.1), please consider upgrading to the latest version (2.2.2)
Kernel version 1 successfully pushed.  Please check progress at https://www.kaggle.com/code/saarshai/s2-contour-n288r-s05
status: saarshai/s2-contour-n288r-s05 has status "KernelWorkerStatus.RUNNING"
PUSHED s2-contour-n288r-s05 (status confirms the kernel exists and has a run)
--- push attempt s2-contour-n288r-s06 2026-08-24T22:20:41Z ---
Warning: Looks like you're using an outdated `kaggle` version (installed: 2.2.1), please consider upgrading to the latest version (2.2.2)
Kernel push error: Maximum batch CPU session count of 5 reached.
SLOT BUSY: s2-contour-n288r-s06 deferred
waiting: 16 kernel(s) still unpushed; sleeping 300s
--- push attempt s2-contour-n288r-s06 2026-08-24T22:25:42Z ---
Warning: Looks like you're using an outdated `kaggle` version (installed: 2.2.1), please consider upgrading to the latest version (2.2.2)
Kernel push error: Maximum batch CPU session count of 5 reached.
SLOT BUSY: s2-contour-n288r-s06 deferred
waiting: 16 kernel(s) still unpushed; sleeping 300s
--- push attempt s2-contour-n288r-s06 2026-08-24T22:30:43Z ---
Warning: Looks like you're using an outdated `kaggle` version (installed: 2.2.1), please consider upgrading to the latest version (2.2.2)
Kernel push error: Maximum batch CPU session count of 5 reached.
SLOT BUSY: s2-contour-n288r-s06 deferred
waiting: 16 kernel(s) still unpushed; sleeping 300s
--- push attempt s2-contour-n288r-s06 2026-08-24T22:35:45Z ---
Warning: Looks like you're using an outdated `kaggle` version (installed: 2.2.1), please consider upgrading to the latest version (2.2.2)
Kernel push error: Maximum batch CPU session count of 5 reached.
SLOT BUSY: s2-contour-n288r-s06 deferred
waiting: 16 kernel(s) still unpushed; sleeping 300s
--- push attempt s2-contour-n288r-s06 2026-08-24T22:40:47Z ---
Warning: Looks like you're using an outdated `kaggle` version (installed: 2.2.1), please consider upgrading to the latest version (2.2.2)
Kernel push error: Maximum batch CPU session count of 5 reached.
SLOT BUSY: s2-contour-n288r-s06 deferred
waiting: 16 kernel(s) still unpushed; sleeping 300s
--- push attempt s2-contour-n288r-s06 2026-08-24T22:45:48Z ---
Warning: Looks like you're using an outdated `kaggle` version (installed: 2.2.1), please consider upgrading to the latest version (2.2.2)
Kernel push error: Maximum batch CPU session count of 5 reached.
SLOT BUSY: s2-contour-n288r-s06 deferred
waiting: 16 kernel(s) still unpushed; sleeping 300s
--- push attempt s2-contour-n288r-s06 2026-08-24T22:50:49Z ---
Warning: Looks like you're using an outdated `kaggle` version (installed: 2.2.1), please consider upgrading to the latest version (2.2.2)
Kernel push error: Maximum batch CPU session count of 5 reached.
SLOT BUSY: s2-contour-n288r-s06 deferred
waiting: 16 kernel(s) still unpushed; sleeping 300s
--- push attempt s2-contour-n288r-s06 2026-08-24T22:55:51Z ---
Warning: Looks like you're using an outdated `kaggle` version (installed: 2.2.1), please consider upgrading to the latest version (2.2.2)
Kernel push error: Maximum batch CPU session count of 5 reached.
SLOT BUSY: s2-contour-n288r-s06 deferred
waiting: 16 kernel(s) still unpushed; sleeping 300s
--- push attempt s2-contour-n288r-s06 2026-08-24T23:00:52Z ---
Warning: Looks like you're using an outdated `kaggle` version (installed: 2.2.1), please consider upgrading to the latest version (2.2.2)
Kernel push error: Maximum batch CPU session count of 5 reached.
SLOT BUSY: s2-contour-n288r-s06 deferred
waiting: 16 kernel(s) still unpushed; sleeping 300s
--- push attempt s2-contour-n288r-s06 2026-08-24T23:05:54Z ---
Warning: Looks like you're using an outdated `kaggle` version (installed: 2.2.1), please consider upgrading to the latest version (2.2.2)
Kernel push error: Maximum batch CPU session count of 5 reached.
SLOT BUSY: s2-contour-n288r-s06 deferred
waiting: 16 kernel(s) still unpushed; sleeping 300s
--- push attempt s2-contour-n288r-s06 2026-08-24T23:10:55Z ---
Warning: Looks like you're using an outdated `kaggle` version (installed: 2.2.1), please consider upgrading to the latest version (2.2.2)
Kernel push error: Maximum batch CPU session count of 5 reached.
SLOT BUSY: s2-contour-n288r-s06 deferred
waiting: 16 kernel(s) still unpushed; sleeping 300s
--- push attempt s2-contour-n288r-s06 2026-08-24T23:15:56Z ---
Warning: Looks like you're using an outdated `kaggle` version (installed: 2.2.1), please consider upgrading to the latest version (2.2.2)
Kernel push error: Maximum batch CPU session count of 5 reached.
SLOT BUSY: s2-contour-n288r-s06 deferred
waiting: 16 kernel(s) still unpushed; sleeping 300s
--- push attempt s2-contour-n288r-s06 2026-08-24T23:20:58Z ---
Warning: Looks like you're using an outdated `kaggle` version (installed: 2.2.1), please consider upgrading to the latest version (2.2.2)
Kernel push error: Maximum batch CPU session count of 5 reached.
SLOT BUSY: s2-contour-n288r-s06 deferred
waiting: 16 kernel(s) still unpushed; sleeping 300s
--- push attempt s2-contour-n288r-s06 2026-08-24T23:25:59Z ---
Warning: Looks like you're using an outdated `kaggle` version (installed: 2.2.1), please consider upgrading to the latest version (2.2.2)
Kernel push error: Maximum batch CPU session count of 5 reached.
SLOT BUSY: s2-contour-n288r-s06 deferred
waiting: 16 kernel(s) still unpushed; sleeping 300s
--- push attempt s2-contour-n288r-s06 2026-08-24T23:31:00Z ---
Warning: Looks like you're using an outdated `kaggle` version (installed: 2.2.1), please consider upgrading to the latest version (2.2.2)
Kernel push error: Maximum batch CPU session count of 5 reached.
SLOT BUSY: s2-contour-n288r-s06 deferred
waiting: 16 kernel(s) still unpushed; sleeping 300s
--- push attempt s2-contour-n288r-s06 2026-08-24T23:36:02Z ---
Warning: Looks like you're using an outdated `kaggle` version (installed: 2.2.1), please consider upgrading to the latest version (2.2.2)
Kernel push error: Maximum batch CPU session count of 5 reached.
SLOT BUSY: s2-contour-n288r-s06 deferred
waiting: 16 kernel(s) still unpushed; sleeping 300s
--- push attempt s2-contour-n288r-s06 2026-08-24T23:41:03Z ---
Warning: Looks like you're using an outdated `kaggle` version (installed: 2.2.1), please consider upgrading to the latest version (2.2.2)
Kernel push error: Maximum batch CPU session count of 5 reached.
SLOT BUSY: s2-contour-n288r-s06 deferred
waiting: 16 kernel(s) still unpushed; sleeping 300s
--- push attempt s2-contour-n288r-s06 2026-08-24T23:46:05Z ---
Warning: Looks like you're using an outdated `kaggle` version (installed: 2.2.1), please consider upgrading to the latest version (2.2.2)
Kernel push error: Maximum batch CPU session count of 5 reached.
SLOT BUSY: s2-contour-n288r-s06 deferred
waiting: 16 kernel(s) still unpushed; sleeping 300s
--- push attempt s2-contour-n288r-s06 2026-08-24T23:51:06Z ---
Warning: Looks like you're using an outdated `kaggle` version (installed: 2.2.1), please consider upgrading to the latest version (2.2.2)
Kernel push error: Maximum batch CPU session count of 5 reached.
SLOT BUSY: s2-contour-n288r-s06 deferred
waiting: 16 kernel(s) still unpushed; sleeping 300s
--- push attempt s2-contour-n288r-s06 2026-08-24T23:56:08Z ---
Warning: Looks like you're using an outdated `kaggle` version (installed: 2.2.1), please consider upgrading to the latest version (2.2.2)
Kernel push error: Maximum batch CPU session count of 5 reached.
SLOT BUSY: s2-contour-n288r-s06 deferred
waiting: 16 kernel(s) still unpushed; sleeping 300s
--- push attempt s2-contour-n288r-s06 2026-08-25T00:01:09Z ---
Warning: Looks like you're using an outdated `kaggle` version (installed: 2.2.1), please consider upgrading to the latest version (2.2.2)
Kernel push error: Maximum batch CPU session count of 5 reached.
SLOT BUSY: s2-contour-n288r-s06 deferred
waiting: 16 kernel(s) still unpushed; sleeping 300s
--- push attempt s2-contour-n288r-s06 2026-08-25T00:06:11Z ---
Warning: Looks like you're using an outdated `kaggle` version (installed: 2.2.1), please consider upgrading to the latest version (2.2.2)
Kernel push error: Maximum batch CPU session count of 5 reached.
SLOT BUSY: s2-contour-n288r-s06 deferred
waiting: 16 kernel(s) still unpushed; sleeping 300s
--- push attempt s2-contour-n288r-s06 2026-08-25T00:11:12Z ---
Warning: Looks like you're using an outdated `kaggle` version (installed: 2.2.1), please consider upgrading to the latest version (2.2.2)
Kernel push error: Maximum batch CPU session count of 5 reached.
SLOT BUSY: s2-contour-n288r-s06 deferred
waiting: 16 kernel(s) still unpushed; sleeping 300s
--- push attempt s2-contour-n288r-s06 2026-08-25T00:16:14Z ---
Warning: Looks like you're using an outdated `kaggle` version (installed: 2.2.1), please consider upgrading to the latest version (2.2.2)
Kernel push error: Maximum batch CPU session count of 5 reached.
SLOT BUSY: s2-contour-n288r-s06 deferred
waiting: 16 kernel(s) still unpushed; sleeping 300s
--- push attempt s2-contour-n288r-s06 2026-08-25T00:21:16Z ---
Warning: Looks like you're using an outdated `kaggle` version (installed: 2.2.1), please consider upgrading to the latest version (2.2.2)
Kernel push error: Maximum batch CPU session count of 5 reached.
SLOT BUSY: s2-contour-n288r-s06 deferred
waiting: 16 kernel(s) still unpushed; sleeping 300s
--- push attempt s2-contour-n288r-s06 2026-08-25T00:26:17Z ---
Warning: Looks like you're using an outdated `kaggle` version (installed: 2.2.1), please consider upgrading to the latest version (2.2.2)
Kernel push error: Maximum batch CPU session count of 5 reached.
SLOT BUSY: s2-contour-n288r-s06 deferred
waiting: 16 kernel(s) still unpushed; sleeping 300s
--- push attempt s2-contour-n288r-s06 2026-08-25T00:31:19Z ---
Warning: Looks like you're using an outdated `kaggle` version (installed: 2.2.1), please consider upgrading to the latest version (2.2.2)
Kernel push error: Maximum batch CPU session count of 5 reached.
SLOT BUSY: s2-contour-n288r-s06 deferred
waiting: 16 kernel(s) still unpushed; sleeping 300s
--- push attempt s2-contour-n288r-s06 2026-08-25T00:36:20Z ---
Warning: Looks like you're using an outdated `kaggle` version (installed: 2.2.1), please consider upgrading to the latest version (2.2.2)
Kernel push error: Maximum batch CPU session count of 5 reached.
SLOT BUSY: s2-contour-n288r-s06 deferred
waiting: 16 kernel(s) still unpushed; sleeping 300s
--- push attempt s2-contour-n288r-s06 2026-08-25T00:41:21Z ---
Warning: Looks like you're using an outdated `kaggle` version (installed: 2.2.1), please consider upgrading to the latest version (2.2.2)
Kernel push error: Maximum batch CPU session count of 5 reached.
SLOT BUSY: s2-contour-n288r-s06 deferred
waiting: 16 kernel(s) still unpushed; sleeping 300s
--- push attempt s2-contour-n288r-s06 2026-08-25T00:46:23Z ---
Warning: Looks like you're using an outdated `kaggle` version (installed: 2.2.1), please consider upgrading to the latest version (2.2.2)
Kernel push error: Maximum batch CPU session count of 5 reached.
SLOT BUSY: s2-contour-n288r-s06 deferred
waiting: 16 kernel(s) still unpushed; sleeping 300s
--- push attempt s2-contour-n288r-s06 2026-08-25T00:51:25Z ---
Warning: Looks like you're using an outdated `kaggle` version (installed: 2.2.1), please consider upgrading to the latest version (2.2.2)
Kernel push error: Maximum batch CPU session count of 5 reached.
SLOT BUSY: s2-contour-n288r-s06 deferred
waiting: 16 kernel(s) still unpushed; sleeping 300s
--- push attempt s2-contour-n288r-s06 2026-08-25T00:56:26Z ---
Warning: Looks like you're using an outdated `kaggle` version (installed: 2.2.1), please consider upgrading to the latest version (2.2.2)
Kernel push error: Maximum batch CPU session count of 5 reached.
SLOT BUSY: s2-contour-n288r-s06 deferred
waiting: 16 kernel(s) still unpushed; sleeping 300s
--- push attempt s2-contour-n288r-s06 2026-08-25T01:01:28Z ---
Warning: Looks like you're using an outdated `kaggle` version (installed: 2.2.1), please consider upgrading to the latest version (2.2.2)
Kernel push error: Maximum batch CPU session count of 5 reached.
SLOT BUSY: s2-contour-n288r-s06 deferred
waiting: 16 kernel(s) still unpushed; sleeping 300s
--- push attempt s2-contour-n288r-s06 2026-08-25T01:06:29Z ---
Warning: Looks like you're using an outdated `kaggle` version (installed: 2.2.1), please consider upgrading to the latest version (2.2.2)
Kernel push error: Maximum batch CPU session count of 5 reached.
SLOT BUSY: s2-contour-n288r-s06 deferred
waiting: 16 kernel(s) still unpushed; sleeping 300s
--- push attempt s2-contour-n288r-s06 2026-08-25T01:11:31Z ---
Warning: Looks like you're using an outdated `kaggle` version (installed: 2.2.1), please consider upgrading to the latest version (2.2.2)
Kernel push error: Maximum batch CPU session count of 5 reached.
SLOT BUSY: s2-contour-n288r-s06 deferred
waiting: 16 kernel(s) still unpushed; sleeping 300s
--- push attempt s2-contour-n288r-s06 2026-08-25T01:16:32Z ---
Warning: Looks like you're using an outdated `kaggle` version (installed: 2.2.1), please consider upgrading to the latest version (2.2.2)
Kernel push error: Maximum batch CPU session count of 5 reached.
SLOT BUSY: s2-contour-n288r-s06 deferred
waiting: 16 kernel(s) still unpushed; sleeping 300s
--- push attempt s2-contour-n288r-s06 2026-08-25T01:21:33Z ---
Warning: Looks like you're using an outdated `kaggle` version (installed: 2.2.1), please consider upgrading to the latest version (2.2.2)
Kernel version 1 successfully pushed.  Please check progress at https://www.kaggle.com/code/saarshai/s2-contour-n288r-s06
status: saarshai/s2-contour-n288r-s06 has status "KernelWorkerStatus.RUNNING"
PUSHED s2-contour-n288r-s06 (status confirms the kernel exists and has a run)
--- push attempt s2-contour-n288r-s07 2026-08-25T01:22:01Z ---
Warning: Looks like you're using an outdated `kaggle` version (installed: 2.2.1), please consider upgrading to the latest version (2.2.2)
Kernel push error: Maximum batch CPU session count of 5 reached.
SLOT BUSY: s2-contour-n288r-s07 deferred
waiting: 15 kernel(s) still unpushed; sleeping 300s
--- push attempt s2-contour-n288r-s07 2026-08-25T01:27:02Z ---
Warning: Looks like you're using an outdated `kaggle` version (installed: 2.2.1), please consider upgrading to the latest version (2.2.2)
Kernel push error: Maximum batch CPU session count of 5 reached.
SLOT BUSY: s2-contour-n288r-s07 deferred
waiting: 15 kernel(s) still unpushed; sleeping 300s
--- push attempt s2-contour-n288r-s07 2026-08-25T01:32:04Z ---
Warning: Looks like you're using an outdated `kaggle` version (installed: 2.2.1), please consider upgrading to the latest version (2.2.2)
Kernel push error: Maximum batch CPU session count of 5 reached.
SLOT BUSY: s2-contour-n288r-s07 deferred
waiting: 15 kernel(s) still unpushed; sleeping 300s
--- push attempt s2-contour-n288r-s07 2026-08-25T01:37:05Z ---
Warning: Looks like you're using an outdated `kaggle` version (installed: 2.2.1), please consider upgrading to the latest version (2.2.2)
Kernel push error: Maximum batch CPU session count of 5 reached.
SLOT BUSY: s2-contour-n288r-s07 deferred
waiting: 15 kernel(s) still unpushed; sleeping 300s
--- push attempt s2-contour-n288r-s07 2026-08-25T01:42:06Z ---
Warning: Looks like you're using an outdated `kaggle` version (installed: 2.2.1), please consider upgrading to the latest version (2.2.2)
Kernel push error: Maximum batch CPU session count of 5 reached.
SLOT BUSY: s2-contour-n288r-s07 deferred
waiting: 15 kernel(s) still unpushed; sleeping 300s
--- push attempt s2-contour-n288r-s07 2026-08-25T01:47:08Z ---
Warning: Looks like you're using an outdated `kaggle` version (installed: 2.2.1), please consider upgrading to the latest version (2.2.2)
Kernel push error: Maximum batch CPU session count of 5 reached.
SLOT BUSY: s2-contour-n288r-s07 deferred
waiting: 15 kernel(s) still unpushed; sleeping 300s
--- push attempt s2-contour-n288r-s07 2026-08-25T01:52:09Z ---
Warning: Looks like you're using an outdated `kaggle` version (installed: 2.2.1), please consider upgrading to the latest version (2.2.2)
Kernel push error: Maximum batch CPU session count of 5 reached.
SLOT BUSY: s2-contour-n288r-s07 deferred
waiting: 15 kernel(s) still unpushed; sleeping 300s
--- push attempt s2-contour-n288r-s07 2026-08-25T01:57:11Z ---
Warning: Looks like you're using an outdated `kaggle` version (installed: 2.2.1), please consider upgrading to the latest version (2.2.2)
Kernel push error: Maximum batch CPU session count of 5 reached.
SLOT BUSY: s2-contour-n288r-s07 deferred
waiting: 15 kernel(s) still unpushed; sleeping 300s
--- push attempt s2-contour-n288r-s07 2026-08-25T02:02:13Z ---
Warning: Looks like you're using an outdated `kaggle` version (installed: 2.2.1), please consider upgrading to the latest version (2.2.2)
Kernel push error: Maximum batch CPU session count of 5 reached.
SLOT BUSY: s2-contour-n288r-s07 deferred
waiting: 15 kernel(s) still unpushed; sleeping 300s
--- push attempt s2-contour-n288r-s07 2026-08-25T02:07:15Z ---
Warning: Looks like you're using an outdated `kaggle` version (installed: 2.2.1), please consider upgrading to the latest version (2.2.2)
Kernel push error: Maximum batch CPU session count of 5 reached.
SLOT BUSY: s2-contour-n288r-s07 deferred
waiting: 15 kernel(s) still unpushed; sleeping 300s
--- push attempt s2-contour-n288r-s07 2026-08-25T02:12:17Z ---
Warning: Looks like you're using an outdated `kaggle` version (installed: 2.2.1), please consider upgrading to the latest version (2.2.2)
Kernel push error: Maximum batch CPU session count of 5 reached.
SLOT BUSY: s2-contour-n288r-s07 deferred
waiting: 15 kernel(s) still unpushed; sleeping 300s
--- push attempt s2-contour-n288r-s07 2026-08-25T02:17:18Z ---
Warning: Looks like you're using an outdated `kaggle` version (installed: 2.2.1), please consider upgrading to the latest version (2.2.2)
Kernel push error: Maximum batch CPU session count of 5 reached.
SLOT BUSY: s2-contour-n288r-s07 deferred
waiting: 15 kernel(s) still unpushed; sleeping 300s
--- push attempt s2-contour-n288r-s07 2026-08-25T02:22:20Z ---
Warning: Looks like you're using an outdated `kaggle` version (installed: 2.2.1), please consider upgrading to the latest version (2.2.2)
Kernel push error: Maximum batch CPU session count of 5 reached.
SLOT BUSY: s2-contour-n288r-s07 deferred
waiting: 15 kernel(s) still unpushed; sleeping 300s
--- push attempt s2-contour-n288r-s07 2026-08-25T02:27:21Z ---
Warning: Looks like you're using an outdated `kaggle` version (installed: 2.2.1), please consider upgrading to the latest version (2.2.2)
Kernel push error: Maximum batch CPU session count of 5 reached.
SLOT BUSY: s2-contour-n288r-s07 deferred
waiting: 15 kernel(s) still unpushed; sleeping 300s
--- push attempt s2-contour-n288r-s07 2026-08-25T02:32:23Z ---
Warning: Looks like you're using an outdated `kaggle` version (installed: 2.2.1), please consider upgrading to the latest version (2.2.2)
Kernel push error: Maximum batch CPU session count of 5 reached.
SLOT BUSY: s2-contour-n288r-s07 deferred
waiting: 15 kernel(s) still unpushed; sleeping 300s
--- push attempt s2-contour-n288r-s07 2026-08-25T02:37:24Z ---
Warning: Looks like you're using an outdated `kaggle` version (installed: 2.2.1), please consider upgrading to the latest version (2.2.2)
Kernel push error: Maximum batch CPU session count of 5 reached.
SLOT BUSY: s2-contour-n288r-s07 deferred
waiting: 15 kernel(s) still unpushed; sleeping 300s
--- push attempt s2-contour-n288r-s07 2026-08-25T02:42:26Z ---
Warning: Looks like you're using an outdated `kaggle` version (installed: 2.2.1), please consider upgrading to the latest version (2.2.2)
Kernel push error: Maximum batch CPU session count of 5 reached.
SLOT BUSY: s2-contour-n288r-s07 deferred
waiting: 15 kernel(s) still unpushed; sleeping 300s
--- push attempt s2-contour-n288r-s07 2026-08-25T02:47:28Z ---
Warning: Looks like you're using an outdated `kaggle` version (installed: 2.2.1), please consider upgrading to the latest version (2.2.2)
Kernel push error: Maximum batch CPU session count of 5 reached.
SLOT BUSY: s2-contour-n288r-s07 deferred
waiting: 15 kernel(s) still unpushed; sleeping 300s
--- push attempt s2-contour-n288r-s07 2026-08-25T02:52:29Z ---
Warning: Looks like you're using an outdated `kaggle` version (installed: 2.2.1), please consider upgrading to the latest version (2.2.2)
Kernel push error: Maximum batch CPU session count of 5 reached.
SLOT BUSY: s2-contour-n288r-s07 deferred
waiting: 15 kernel(s) still unpushed; sleeping 300s
--- push attempt s2-contour-n288r-s07 2026-08-25T02:57:30Z ---
Warning: Looks like you're using an outdated `kaggle` version (installed: 2.2.1), please consider upgrading to the latest version (2.2.2)
Kernel push error: Maximum batch CPU session count of 5 reached.
SLOT BUSY: s2-contour-n288r-s07 deferred
waiting: 15 kernel(s) still unpushed; sleeping 300s
--- push attempt s2-contour-n288r-s07 2026-08-25T03:02:32Z ---
Warning: Looks like you're using an outdated `kaggle` version (installed: 2.2.1), please consider upgrading to the latest version (2.2.2)
Kernel push error: Maximum batch CPU session count of 5 reached.
SLOT BUSY: s2-contour-n288r-s07 deferred
waiting: 15 kernel(s) still unpushed; sleeping 300s
--- push attempt s2-contour-n288r-s07 2026-08-25T03:07:33Z ---
Warning: Looks like you're using an outdated `kaggle` version (installed: 2.2.1), please consider upgrading to the latest version (2.2.2)
Kernel push error: Maximum batch CPU session count of 5 reached.
SLOT BUSY: s2-contour-n288r-s07 deferred
waiting: 15 kernel(s) still unpushed; sleeping 300s
--- push attempt s2-contour-n288r-s07 2026-08-25T03:12:34Z ---
Warning: Looks like you're using an outdated `kaggle` version (installed: 2.2.1), please consider upgrading to the latest version (2.2.2)
Kernel push error: Maximum batch CPU session count of 5 reached.
SLOT BUSY: s2-contour-n288r-s07 deferred
waiting: 15 kernel(s) still unpushed; sleeping 300s
--- push attempt s2-contour-n288r-s07 2026-08-25T03:17:35Z ---
Warning: Looks like you're using an outdated `kaggle` version (installed: 2.2.1), please consider upgrading to the latest version (2.2.2)
Kernel push error: Maximum batch CPU session count of 5 reached.
SLOT BUSY: s2-contour-n288r-s07 deferred
waiting: 15 kernel(s) still unpushed; sleeping 300s
--- push attempt s2-contour-n288r-s07 2026-08-25T03:22:37Z ---
Warning: Looks like you're using an outdated `kaggle` version (installed: 2.2.1), please consider upgrading to the latest version (2.2.2)
Kernel push error: Maximum batch CPU session count of 5 reached.
SLOT BUSY: s2-contour-n288r-s07 deferred
waiting: 15 kernel(s) still unpushed; sleeping 300s
--- push attempt s2-contour-n288r-s07 2026-08-25T03:27:38Z ---
Warning: Looks like you're using an outdated `kaggle` version (installed: 2.2.1), please consider upgrading to the latest version (2.2.2)
Kernel push error: Maximum batch CPU session count of 5 reached.
SLOT BUSY: s2-contour-n288r-s07 deferred
waiting: 15 kernel(s) still unpushed; sleeping 300s
--- push attempt s2-contour-n288r-s07 2026-08-25T03:32:40Z ---
Warning: Looks like you're using an outdated `kaggle` version (installed: 2.2.1), please consider upgrading to the latest version (2.2.2)
Kernel version 1 successfully pushed.  Please check progress at https://www.kaggle.com/code/saarshai/s2-contour-n288r-s07
status: saarshai/s2-contour-n288r-s07 has status "KernelWorkerStatus.RUNNING"
PUSHED s2-contour-n288r-s07 (status confirms the kernel exists and has a run)
--- push attempt s2-contour-n288r-s08 2026-08-25T03:33:07Z ---
Warning: Looks like you're using an outdated `kaggle` version (installed: 2.2.1), please consider upgrading to the latest version (2.2.2)
Kernel push error: Maximum batch CPU session count of 5 reached.
SLOT BUSY: s2-contour-n288r-s08 deferred
waiting: 14 kernel(s) still unpushed; sleeping 300s
--- push attempt s2-contour-n288r-s08 2026-08-25T03:38:09Z ---
Warning: Looks like you're using an outdated `kaggle` version (installed: 2.2.1), please consider upgrading to the latest version (2.2.2)
Kernel push error: Maximum batch CPU session count of 5 reached.
SLOT BUSY: s2-contour-n288r-s08 deferred
waiting: 14 kernel(s) still unpushed; sleeping 300s
--- push attempt s2-contour-n288r-s08 2026-08-25T03:43:10Z ---
Warning: Looks like you're using an outdated `kaggle` version (installed: 2.2.1), please consider upgrading to the latest version (2.2.2)
Kernel push error: Maximum batch CPU session count of 5 reached.
SLOT BUSY: s2-contour-n288r-s08 deferred
waiting: 14 kernel(s) still unpushed; sleeping 300s
--- push attempt s2-contour-n288r-s08 2026-08-25T03:48:12Z ---
Warning: Looks like you're using an outdated `kaggle` version (installed: 2.2.1), please consider upgrading to the latest version (2.2.2)
Kernel push error: Maximum batch CPU session count of 5 reached.
SLOT BUSY: s2-contour-n288r-s08 deferred
waiting: 14 kernel(s) still unpushed; sleeping 300s
--- push attempt s2-contour-n288r-s08 2026-08-25T03:53:13Z ---
Warning: Looks like you're using an outdated `kaggle` version (installed: 2.2.1), please consider upgrading to the latest version (2.2.2)
Kernel push error: Maximum batch CPU session count of 5 reached.
SLOT BUSY: s2-contour-n288r-s08 deferred
waiting: 14 kernel(s) still unpushed; sleeping 300s
--- push attempt s2-contour-n288r-s08 2026-08-25T03:58:15Z ---
Warning: Looks like you're using an outdated `kaggle` version (installed: 2.2.1), please consider upgrading to the latest version (2.2.2)
Kernel push error: Maximum batch CPU session count of 5 reached.
SLOT BUSY: s2-contour-n288r-s08 deferred
waiting: 14 kernel(s) still unpushed; sleeping 300s
--- push attempt s2-contour-n288r-s08 2026-08-25T04:03:17Z ---
Warning: Looks like you're using an outdated `kaggle` version (installed: 2.2.1), please consider upgrading to the latest version (2.2.2)
Kernel push error: Maximum batch CPU session count of 5 reached.
SLOT BUSY: s2-contour-n288r-s08 deferred
waiting: 14 kernel(s) still unpushed; sleeping 300s
--- push attempt s2-contour-n288r-s08 2026-08-25T04:08:19Z ---
Warning: Looks like you're using an outdated `kaggle` version (installed: 2.2.1), please consider upgrading to the latest version (2.2.2)
Kernel push error: Maximum batch CPU session count of 5 reached.
SLOT BUSY: s2-contour-n288r-s08 deferred
waiting: 14 kernel(s) still unpushed; sleeping 300s
--- push attempt s2-contour-n288r-s08 2026-08-25T04:13:20Z ---
Warning: Looks like you're using an outdated `kaggle` version (installed: 2.2.1), please consider upgrading to the latest version (2.2.2)
Kernel push error: Maximum batch CPU session count of 5 reached.
SLOT BUSY: s2-contour-n288r-s08 deferred
waiting: 14 kernel(s) still unpushed; sleeping 300s
--- push attempt s2-contour-n288r-s08 2026-08-25T04:18:22Z ---
Warning: Looks like you're using an outdated `kaggle` version (installed: 2.2.1), please consider upgrading to the latest version (2.2.2)
Kernel push error: Maximum batch CPU session count of 5 reached.
SLOT BUSY: s2-contour-n288r-s08 deferred
waiting: 14 kernel(s) still unpushed; sleeping 300s
--- push attempt s2-contour-n288r-s08 2026-08-25T04:23:23Z ---
Warning: Looks like you're using an outdated `kaggle` version (installed: 2.2.1), please consider upgrading to the latest version (2.2.2)
Kernel push error: Maximum batch CPU session count of 5 reached.
SLOT BUSY: s2-contour-n288r-s08 deferred
waiting: 14 kernel(s) still unpushed; sleeping 300s
--- push attempt s2-contour-n288r-s08 2026-08-25T04:28:24Z ---
Warning: Looks like you're using an outdated `kaggle` version (installed: 2.2.1), please consider upgrading to the latest version (2.2.2)
Kernel push error: Maximum batch CPU session count of 5 reached.
SLOT BUSY: s2-contour-n288r-s08 deferred
waiting: 14 kernel(s) still unpushed; sleeping 300s
--- push attempt s2-contour-n288r-s08 2026-08-25T04:33:26Z ---
Warning: Looks like you're using an outdated `kaggle` version (installed: 2.2.1), please consider upgrading to the latest version (2.2.2)
Kernel push error: Maximum batch CPU session count of 5 reached.
SLOT BUSY: s2-contour-n288r-s08 deferred
waiting: 14 kernel(s) still unpushed; sleeping 300s
--- push attempt s2-contour-n288r-s08 2026-08-25T04:38:27Z ---
Warning: Looks like you're using an outdated `kaggle` version (installed: 2.2.1), please consider upgrading to the latest version (2.2.2)
Kernel version 1 successfully pushed.  Please check progress at https://www.kaggle.com/code/saarshai/s2-contour-n288r-s08
status: saarshai/s2-contour-n288r-s08 has status "KernelWorkerStatus.RUNNING"
PUSHED s2-contour-n288r-s08 (status confirms the kernel exists and has a run)
--- push attempt s2-contour-n288r-s09 2026-08-25T04:38:55Z ---
Warning: Looks like you're using an outdated `kaggle` version (installed: 2.2.1), please consider upgrading to the latest version (2.2.2)
Kernel version 1 successfully pushed.  Please check progress at https://www.kaggle.com/code/saarshai/s2-contour-n288r-s09
status: saarshai/s2-contour-n288r-s09 has status "KernelWorkerStatus.RUNNING"
PUSHED s2-contour-n288r-s09 (status confirms the kernel exists and has a run)
--- push attempt s2-contour-n288r-s10 2026-08-25T04:39:23Z ---
Warning: Looks like you're using an outdated `kaggle` version (installed: 2.2.1), please consider upgrading to the latest version (2.2.2)
Kernel push error: Maximum batch CPU session count of 5 reached.
SLOT BUSY: s2-contour-n288r-s10 deferred
waiting: 12 kernel(s) still unpushed; sleeping 300s
--- push attempt s2-contour-n288r-s10 2026-08-25T04:44:25Z ---
Warning: Looks like you're using an outdated `kaggle` version (installed: 2.2.1), please consider upgrading to the latest version (2.2.2)
Kernel push error: Maximum batch CPU session count of 5 reached.
SLOT BUSY: s2-contour-n288r-s10 deferred
waiting: 12 kernel(s) still unpushed; sleeping 300s
--- push attempt s2-contour-n288r-s10 2026-08-25T04:49:27Z ---
Warning: Looks like you're using an outdated `kaggle` version (installed: 2.2.1), please consider upgrading to the latest version (2.2.2)
Kernel push error: Maximum batch CPU session count of 5 reached.
SLOT BUSY: s2-contour-n288r-s10 deferred
waiting: 12 kernel(s) still unpushed; sleeping 300s
--- push attempt s2-contour-n288r-s10 2026-08-25T04:54:29Z ---
Warning: Looks like you're using an outdated `kaggle` version (installed: 2.2.1), please consider upgrading to the latest version (2.2.2)
Kernel push error: Maximum batch CPU session count of 5 reached.
SLOT BUSY: s2-contour-n288r-s10 deferred
waiting: 12 kernel(s) still unpushed; sleeping 300s
--- push attempt s2-contour-n288r-s10 2026-08-25T04:59:31Z ---
Warning: Looks like you're using an outdated `kaggle` version (installed: 2.2.1), please consider upgrading to the latest version (2.2.2)
Kernel push error: Maximum batch CPU session count of 5 reached.
SLOT BUSY: s2-contour-n288r-s10 deferred
waiting: 12 kernel(s) still unpushed; sleeping 300s
--- push attempt s2-contour-n288r-s10 2026-08-25T05:04:33Z ---
Warning: Looks like you're using an outdated `kaggle` version (installed: 2.2.1), please consider upgrading to the latest version (2.2.2)
Kernel push error: Maximum batch CPU session count of 5 reached.
SLOT BUSY: s2-contour-n288r-s10 deferred
waiting: 12 kernel(s) still unpushed; sleeping 300s
--- push attempt s2-contour-n288r-s10 2026-08-25T05:09:34Z ---
Warning: Looks like you're using an outdated `kaggle` version (installed: 2.2.1), please consider upgrading to the latest version (2.2.2)
Kernel push error: Maximum batch CPU session count of 5 reached.
SLOT BUSY: s2-contour-n288r-s10 deferred
waiting: 12 kernel(s) still unpushed; sleeping 300s
--- push attempt s2-contour-n288r-s10 2026-08-25T05:14:36Z ---
Warning: Looks like you're using an outdated `kaggle` version (installed: 2.2.1), please consider upgrading to the latest version (2.2.2)
Kernel push error: Maximum batch CPU session count of 5 reached.
SLOT BUSY: s2-contour-n288r-s10 deferred
waiting: 12 kernel(s) still unpushed; sleeping 300s
--- push attempt s2-contour-n288r-s10 2026-08-25T05:19:37Z ---
Warning: Looks like you're using an outdated `kaggle` version (installed: 2.2.1), please consider upgrading to the latest version (2.2.2)
Kernel push error: Maximum batch CPU session count of 5 reached.
SLOT BUSY: s2-contour-n288r-s10 deferred
waiting: 12 kernel(s) still unpushed; sleeping 300s
--- push attempt s2-contour-n288r-s10 2026-08-25T05:24:39Z ---
Warning: Looks like you're using an outdated `kaggle` version (installed: 2.2.1), please consider upgrading to the latest version (2.2.2)
Kernel push error: Maximum batch CPU session count of 5 reached.
SLOT BUSY: s2-contour-n288r-s10 deferred
waiting: 12 kernel(s) still unpushed; sleeping 300s
--- push attempt s2-contour-n288r-s10 2026-08-25T05:29:41Z ---
Warning: Looks like you're using an outdated `kaggle` version (installed: 2.2.1), please consider upgrading to the latest version (2.2.2)
Kernel push error: Maximum batch CPU session count of 5 reached.
SLOT BUSY: s2-contour-n288r-s10 deferred
waiting: 12 kernel(s) still unpushed; sleeping 300s
--- push attempt s2-contour-n288r-s10 2026-08-25T05:34:43Z ---
Warning: Looks like you're using an outdated `kaggle` version (installed: 2.2.1), please consider upgrading to the latest version (2.2.2)
Kernel push error: Maximum batch CPU session count of 5 reached.
SLOT BUSY: s2-contour-n288r-s10 deferred
waiting: 12 kernel(s) still unpushed; sleeping 300s
--- push attempt s2-contour-n288r-s10 2026-08-25T05:39:45Z ---
Warning: Looks like you're using an outdated `kaggle` version (installed: 2.2.1), please consider upgrading to the latest version (2.2.2)
Kernel push error: Maximum batch CPU session count of 5 reached.
SLOT BUSY: s2-contour-n288r-s10 deferred
waiting: 12 kernel(s) still unpushed; sleeping 300s
--- push attempt s2-contour-n288r-s10 2026-08-25T05:44:46Z ---
Warning: Looks like you're using an outdated `kaggle` version (installed: 2.2.1), please consider upgrading to the latest version (2.2.2)
Kernel push error: Maximum batch CPU session count of 5 reached.
SLOT BUSY: s2-contour-n288r-s10 deferred
waiting: 12 kernel(s) still unpushed; sleeping 300s
--- push attempt s2-contour-n288r-s10 2026-08-25T05:49:48Z ---
Warning: Looks like you're using an outdated `kaggle` version (installed: 2.2.1), please consider upgrading to the latest version (2.2.2)
Kernel push error: Maximum batch CPU session count of 5 reached.
SLOT BUSY: s2-contour-n288r-s10 deferred
waiting: 12 kernel(s) still unpushed; sleeping 300s
--- push attempt s2-contour-n288r-s10 2026-08-25T05:54:49Z ---
Warning: Looks like you're using an outdated `kaggle` version (installed: 2.2.1), please consider upgrading to the latest version (2.2.2)
Kernel push error: Maximum batch CPU session count of 5 reached.
SLOT BUSY: s2-contour-n288r-s10 deferred
waiting: 12 kernel(s) still unpushed; sleeping 300s
--- push attempt s2-contour-n288r-s10 2026-08-25T05:59:51Z ---
Warning: Looks like you're using an outdated `kaggle` version (installed: 2.2.1), please consider upgrading to the latest version (2.2.2)
Kernel push error: Maximum batch CPU session count of 5 reached.
SLOT BUSY: s2-contour-n288r-s10 deferred
waiting: 12 kernel(s) still unpushed; sleeping 300s
--- push attempt s2-contour-n288r-s10 2026-08-25T06:04:53Z ---
Warning: Looks like you're using an outdated `kaggle` version (installed: 2.2.1), please consider upgrading to the latest version (2.2.2)
Kernel push error: Maximum batch CPU session count of 5 reached.
SLOT BUSY: s2-contour-n288r-s10 deferred
waiting: 12 kernel(s) still unpushed; sleeping 300s
--- push attempt s2-contour-n288r-s10 2026-08-25T06:09:54Z ---
Warning: Looks like you're using an outdated `kaggle` version (installed: 2.2.1), please consider upgrading to the latest version (2.2.2)
Kernel push error: Maximum batch CPU session count of 5 reached.
SLOT BUSY: s2-contour-n288r-s10 deferred
waiting: 12 kernel(s) still unpushed; sleeping 300s
--- push attempt s2-contour-n288r-s10 2026-08-25T06:14:56Z ---
Warning: Looks like you're using an outdated `kaggle` version (installed: 2.2.1), please consider upgrading to the latest version (2.2.2)
Kernel push error: Maximum batch CPU session count of 5 reached.
SLOT BUSY: s2-contour-n288r-s10 deferred
waiting: 12 kernel(s) still unpushed; sleeping 300s
--- push attempt s2-contour-n288r-s10 2026-08-25T06:19:57Z ---
Warning: Looks like you're using an outdated `kaggle` version (installed: 2.2.1), please consider upgrading to the latest version (2.2.2)
Kernel push error: Maximum batch CPU session count of 5 reached.
SLOT BUSY: s2-contour-n288r-s10 deferred
waiting: 12 kernel(s) still unpushed; sleeping 300s
--- push attempt s2-contour-n288r-s10 2026-08-25T06:24:58Z ---
Warning: Looks like you're using an outdated `kaggle` version (installed: 2.2.1), please consider upgrading to the latest version (2.2.2)
Kernel version 1 successfully pushed.  Please check progress at https://www.kaggle.com/code/saarshai/s2-contour-n288r-s10
status: saarshai/s2-contour-n288r-s10 has status "KernelWorkerStatus.RUNNING"
PUSHED s2-contour-n288r-s10 (status confirms the kernel exists and has a run)
--- push attempt s2-contour-n288r-s11 2026-08-25T06:25:27Z ---
Warning: Looks like you're using an outdated `kaggle` version (installed: 2.2.1), please consider upgrading to the latest version (2.2.2)
Kernel push error: Maximum batch CPU session count of 5 reached.
SLOT BUSY: s2-contour-n288r-s11 deferred
waiting: 11 kernel(s) still unpushed; sleeping 300s
--- push attempt s2-contour-n288r-s11 2026-08-25T06:30:28Z ---
Warning: Looks like you're using an outdated `kaggle` version (installed: 2.2.1), please consider upgrading to the latest version (2.2.2)
Kernel push error: Maximum batch CPU session count of 5 reached.
SLOT BUSY: s2-contour-n288r-s11 deferred
waiting: 11 kernel(s) still unpushed; sleeping 300s
--- push attempt s2-contour-n288r-s11 2026-08-25T06:35:30Z ---
Warning: Looks like you're using an outdated `kaggle` version (installed: 2.2.1), please consider upgrading to the latest version (2.2.2)
Kernel push error: Maximum batch CPU session count of 5 reached.
SLOT BUSY: s2-contour-n288r-s11 deferred
waiting: 11 kernel(s) still unpushed; sleeping 300s
--- push attempt s2-contour-n288r-s11 2026-08-25T06:40:31Z ---
Warning: Looks like you're using an outdated `kaggle` version (installed: 2.2.1), please consider upgrading to the latest version (2.2.2)
Kernel push error: Maximum batch CPU session count of 5 reached.
SLOT BUSY: s2-contour-n288r-s11 deferred
waiting: 11 kernel(s) still unpushed; sleeping 300s
--- push attempt s2-contour-n288r-s11 2026-08-25T06:45:33Z ---
Warning: Looks like you're using an outdated `kaggle` version (installed: 2.2.1), please consider upgrading to the latest version (2.2.2)
Kernel push error: Maximum batch CPU session count of 5 reached.
SLOT BUSY: s2-contour-n288r-s11 deferred
waiting: 11 kernel(s) still unpushed; sleeping 300s
--- push attempt s2-contour-n288r-s11 2026-08-25T06:50:34Z ---
Warning: Looks like you're using an outdated `kaggle` version (installed: 2.2.1), please consider upgrading to the latest version (2.2.2)
Kernel push error: Maximum batch CPU session count of 5 reached.
SLOT BUSY: s2-contour-n288r-s11 deferred
waiting: 11 kernel(s) still unpushed; sleeping 300s
--- push attempt s2-contour-n288r-s11 2026-08-25T06:55:36Z ---
Warning: Looks like you're using an outdated `kaggle` version (installed: 2.2.1), please consider upgrading to the latest version (2.2.2)
Kernel push error: Maximum batch CPU session count of 5 reached.
SLOT BUSY: s2-contour-n288r-s11 deferred
waiting: 11 kernel(s) still unpushed; sleeping 300s
--- push attempt s2-contour-n288r-s11 2026-08-25T07:00:37Z ---
Warning: Looks like you're using an outdated `kaggle` version (installed: 2.2.1), please consider upgrading to the latest version (2.2.2)
Kernel push error: Maximum batch CPU session count of 5 reached.
SLOT BUSY: s2-contour-n288r-s11 deferred
waiting: 11 kernel(s) still unpushed; sleeping 300s
--- push attempt s2-contour-n288r-s11 2026-08-25T07:05:39Z ---
Warning: Looks like you're using an outdated `kaggle` version (installed: 2.2.1), please consider upgrading to the latest version (2.2.2)
Kernel push error: Maximum batch CPU session count of 5 reached.
SLOT BUSY: s2-contour-n288r-s11 deferred
waiting: 11 kernel(s) still unpushed; sleeping 300s
--- push attempt s2-contour-n288r-s11 2026-08-25T07:10:40Z ---
Warning: Looks like you're using an outdated `kaggle` version (installed: 2.2.1), please consider upgrading to the latest version (2.2.2)
Kernel push error: Maximum batch CPU session count of 5 reached.
SLOT BUSY: s2-contour-n288r-s11 deferred
waiting: 11 kernel(s) still unpushed; sleeping 300s
--- push attempt s2-contour-n288r-s11 2026-08-25T07:15:43Z ---
Warning: Looks like you're using an outdated `kaggle` version (installed: 2.2.1), please consider upgrading to the latest version (2.2.2)
Kernel push error: Maximum batch CPU session count of 5 reached.
SLOT BUSY: s2-contour-n288r-s11 deferred
waiting: 11 kernel(s) still unpushed; sleeping 300s
--- push attempt s2-contour-n288r-s11 2026-08-25T07:20:44Z ---
Warning: Looks like you're using an outdated `kaggle` version (installed: 2.2.1), please consider upgrading to the latest version (2.2.2)
Kernel push error: Maximum batch CPU session count of 5 reached.
SLOT BUSY: s2-contour-n288r-s11 deferred
waiting: 11 kernel(s) still unpushed; sleeping 300s
--- push attempt s2-contour-n288r-s11 2026-08-25T07:25:47Z ---
Warning: Looks like you're using an outdated `kaggle` version (installed: 2.2.1), please consider upgrading to the latest version (2.2.2)
Kernel push error: Maximum batch CPU session count of 5 reached.
SLOT BUSY: s2-contour-n288r-s11 deferred
waiting: 11 kernel(s) still unpushed; sleeping 300s
--- push attempt s2-contour-n288r-s11 2026-08-25T07:30:49Z ---
Warning: Looks like you're using an outdated `kaggle` version (installed: 2.2.1), please consider upgrading to the latest version (2.2.2)
Kernel push error: Maximum batch CPU session count of 5 reached.
SLOT BUSY: s2-contour-n288r-s11 deferred
waiting: 11 kernel(s) still unpushed; sleeping 300s
--- push attempt s2-contour-n288r-s11 2026-08-25T07:35:50Z ---
Warning: Looks like you're using an outdated `kaggle` version (installed: 2.2.1), please consider upgrading to the latest version (2.2.2)
Kernel push error: Maximum batch CPU session count of 5 reached.
SLOT BUSY: s2-contour-n288r-s11 deferred
waiting: 11 kernel(s) still unpushed; sleeping 300s
--- push attempt s2-contour-n288r-s11 2026-08-25T07:40:51Z ---
Warning: Looks like you're using an outdated `kaggle` version (installed: 2.2.1), please consider upgrading to the latest version (2.2.2)
Kernel push error: Maximum batch CPU session count of 5 reached.
SLOT BUSY: s2-contour-n288r-s11 deferred
waiting: 11 kernel(s) still unpushed; sleeping 300s
--- push attempt s2-contour-n288r-s11 2026-08-25T07:45:53Z ---
Warning: Looks like you're using an outdated `kaggle` version (installed: 2.2.1), please consider upgrading to the latest version (2.2.2)
Kernel push error: Maximum batch CPU session count of 5 reached.
SLOT BUSY: s2-contour-n288r-s11 deferred
waiting: 11 kernel(s) still unpushed; sleeping 300s
--- push attempt s2-contour-n288r-s11 2026-08-25T07:50:54Z ---
Warning: Looks like you're using an outdated `kaggle` version (installed: 2.2.1), please consider upgrading to the latest version (2.2.2)
Kernel push error: Maximum batch CPU session count of 5 reached.
SLOT BUSY: s2-contour-n288r-s11 deferred
waiting: 11 kernel(s) still unpushed; sleeping 300s
--- push attempt s2-contour-n288r-s11 2026-08-25T07:55:56Z ---
Warning: Looks like you're using an outdated `kaggle` version (installed: 2.2.1), please consider upgrading to the latest version (2.2.2)
Kernel push error: Maximum batch CPU session count of 5 reached.
SLOT BUSY: s2-contour-n288r-s11 deferred
waiting: 11 kernel(s) still unpushed; sleeping 300s
--- push attempt s2-contour-n288r-s11 2026-08-25T08:00:57Z ---
Warning: Looks like you're using an outdated `kaggle` version (installed: 2.2.1), please consider upgrading to the latest version (2.2.2)
Kernel push error: Maximum batch CPU session count of 5 reached.
SLOT BUSY: s2-contour-n288r-s11 deferred
waiting: 11 kernel(s) still unpushed; sleeping 300s
--- push attempt s2-contour-n288r-s11 2026-08-25T08:05:59Z ---
Warning: Looks like you're using an outdated `kaggle` version (installed: 2.2.1), please consider upgrading to the latest version (2.2.2)
Kernel push error: Maximum batch CPU session count of 5 reached.
SLOT BUSY: s2-contour-n288r-s11 deferred
waiting: 11 kernel(s) still unpushed; sleeping 300s
--- push attempt s2-contour-n288r-s11 2026-08-25T08:11:01Z ---
Warning: Looks like you're using an outdated `kaggle` version (installed: 2.2.1), please consider upgrading to the latest version (2.2.2)
Kernel push error: Maximum batch CPU session count of 5 reached.
SLOT BUSY: s2-contour-n288r-s11 deferred
waiting: 11 kernel(s) still unpushed; sleeping 300s
--- push attempt s2-contour-n288r-s11 2026-08-25T08:16:02Z ---
Warning: Looks like you're using an outdated `kaggle` version (installed: 2.2.1), please consider upgrading to the latest version (2.2.2)
Kernel push error: Maximum batch CPU session count of 5 reached.
SLOT BUSY: s2-contour-n288r-s11 deferred
waiting: 11 kernel(s) still unpushed; sleeping 300s
--- push attempt s2-contour-n288r-s11 2026-08-25T08:21:04Z ---
Warning: Looks like you're using an outdated `kaggle` version (installed: 2.2.1), please consider upgrading to the latest version (2.2.2)
Kernel push error: Maximum batch CPU session count of 5 reached.
SLOT BUSY: s2-contour-n288r-s11 deferred
waiting: 11 kernel(s) still unpushed; sleeping 300s
--- push attempt s2-contour-n288r-s11 2026-08-25T08:26:06Z ---
Warning: Looks like you're using an outdated `kaggle` version (installed: 2.2.1), please consider upgrading to the latest version (2.2.2)
Kernel push error: Maximum batch CPU session count of 5 reached.
SLOT BUSY: s2-contour-n288r-s11 deferred
waiting: 11 kernel(s) still unpushed; sleeping 300s
--- push attempt s2-contour-n288r-s11 2026-08-25T08:31:07Z ---
Warning: Looks like you're using an outdated `kaggle` version (installed: 2.2.1), please consider upgrading to the latest version (2.2.2)
Kernel push error: Maximum batch CPU session count of 5 reached.
SLOT BUSY: s2-contour-n288r-s11 deferred
waiting: 11 kernel(s) still unpushed; sleeping 300s
--- push attempt s2-contour-n288r-s11 2026-08-25T08:36:09Z ---
Warning: Looks like you're using an outdated `kaggle` version (installed: 2.2.1), please consider upgrading to the latest version (2.2.2)
Kernel push error: Maximum batch CPU session count of 5 reached.
SLOT BUSY: s2-contour-n288r-s11 deferred
waiting: 11 kernel(s) still unpushed; sleeping 300s
--- push attempt s2-contour-n288r-s11 2026-08-25T08:41:10Z ---
Warning: Looks like you're using an outdated `kaggle` version (installed: 2.2.1), please consider upgrading to the latest version (2.2.2)
Kernel push error: Maximum batch CPU session count of 5 reached.
SLOT BUSY: s2-contour-n288r-s11 deferred
waiting: 11 kernel(s) still unpushed; sleeping 300s
--- push attempt s2-contour-n288r-s11 2026-08-25T08:46:12Z ---
Warning: Looks like you're using an outdated `kaggle` version (installed: 2.2.1), please consider upgrading to the latest version (2.2.2)
Kernel push error: Maximum batch CPU session count of 5 reached.
SLOT BUSY: s2-contour-n288r-s11 deferred
waiting: 11 kernel(s) still unpushed; sleeping 300s
--- push attempt s2-contour-n288r-s11 2026-08-25T08:51:13Z ---
Warning: Looks like you're using an outdated `kaggle` version (installed: 2.2.1), please consider upgrading to the latest version (2.2.2)
Kernel push error: Maximum batch CPU session count of 5 reached.
SLOT BUSY: s2-contour-n288r-s11 deferred
waiting: 11 kernel(s) still unpushed; sleeping 300s
--- push attempt s2-contour-n288r-s11 2026-08-25T08:56:15Z ---
Warning: Looks like you're using an outdated `kaggle` version (installed: 2.2.1), please consider upgrading to the latest version (2.2.2)
Kernel push error: Maximum batch CPU session count of 5 reached.
SLOT BUSY: s2-contour-n288r-s11 deferred
waiting: 11 kernel(s) still unpushed; sleeping 300s
--- push attempt s2-contour-n288r-s11 2026-08-25T09:01:16Z ---
Warning: Looks like you're using an outdated `kaggle` version (installed: 2.2.1), please consider upgrading to the latest version (2.2.2)
Kernel push error: Maximum batch CPU session count of 5 reached.
SLOT BUSY: s2-contour-n288r-s11 deferred
waiting: 11 kernel(s) still unpushed; sleeping 300s
--- push attempt s2-contour-n288r-s11 2026-08-25T09:06:18Z ---
Warning: Looks like you're using an outdated `kaggle` version (installed: 2.2.1), please consider upgrading to the latest version (2.2.2)
Kernel push error: Maximum batch CPU session count of 5 reached.
SLOT BUSY: s2-contour-n288r-s11 deferred
waiting: 11 kernel(s) still unpushed; sleeping 300s
--- push attempt s2-contour-n288r-s11 2026-08-25T09:11:20Z ---
Warning: Looks like you're using an outdated `kaggle` version (installed: 2.2.1), please consider upgrading to the latest version (2.2.2)
Kernel push error: Maximum batch CPU session count of 5 reached.
SLOT BUSY: s2-contour-n288r-s11 deferred
waiting: 11 kernel(s) still unpushed; sleeping 300s
--- push attempt s2-contour-n288r-s11 2026-08-25T09:16:21Z ---
Warning: Looks like you're using an outdated `kaggle` version (installed: 2.2.1), please consider upgrading to the latest version (2.2.2)
Kernel push error: Maximum batch CPU session count of 5 reached.
SLOT BUSY: s2-contour-n288r-s11 deferred
waiting: 11 kernel(s) still unpushed; sleeping 300s
--- push attempt s2-contour-n288r-s11 2026-08-25T09:21:23Z ---
Warning: Looks like you're using an outdated `kaggle` version (installed: 2.2.1), please consider upgrading to the latest version (2.2.2)
Kernel push error: Maximum batch CPU session count of 5 reached.
SLOT BUSY: s2-contour-n288r-s11 deferred
waiting: 11 kernel(s) still unpushed; sleeping 300s
--- push attempt s2-contour-n288r-s11 2026-08-25T09:26:24Z ---
Warning: Looks like you're using an outdated `kaggle` version (installed: 2.2.1), please consider upgrading to the latest version (2.2.2)
Kernel push error: Maximum batch CPU session count of 5 reached.
SLOT BUSY: s2-contour-n288r-s11 deferred
waiting: 11 kernel(s) still unpushed; sleeping 300s
--- push attempt s2-contour-n288r-s11 2026-08-25T09:31:26Z ---
Warning: Looks like you're using an outdated `kaggle` version (installed: 2.2.1), please consider upgrading to the latest version (2.2.2)
Kernel push error: Maximum batch CPU session count of 5 reached.
SLOT BUSY: s2-contour-n288r-s11 deferred
waiting: 11 kernel(s) still unpushed; sleeping 300s
--- push attempt s2-contour-n288r-s11 2026-08-25T09:36:28Z ---
Warning: Looks like you're using an outdated `kaggle` version (installed: 2.2.1), please consider upgrading to the latest version (2.2.2)
Kernel push error: Maximum batch CPU session count of 5 reached.
SLOT BUSY: s2-contour-n288r-s11 deferred
waiting: 11 kernel(s) still unpushed; sleeping 300s
--- push attempt s2-contour-n288r-s11 2026-08-25T09:41:29Z ---
Warning: Looks like you're using an outdated `kaggle` version (installed: 2.2.1), please consider upgrading to the latest version (2.2.2)
Kernel push error: Maximum batch CPU session count of 5 reached.
SLOT BUSY: s2-contour-n288r-s11 deferred
waiting: 11 kernel(s) still unpushed; sleeping 300s
--- push attempt s2-contour-n288r-s11 2026-08-25T09:46:31Z ---
Warning: Looks like you're using an outdated `kaggle` version (installed: 2.2.1), please consider upgrading to the latest version (2.2.2)
Kernel push error: Maximum batch CPU session count of 5 reached.
SLOT BUSY: s2-contour-n288r-s11 deferred
waiting: 11 kernel(s) still unpushed; sleeping 300s
--- push attempt s2-contour-n288r-s11 2026-08-25T09:51:33Z ---
Warning: Looks like you're using an outdated `kaggle` version (installed: 2.2.1), please consider upgrading to the latest version (2.2.2)
Kernel push error: Maximum batch CPU session count of 5 reached.
SLOT BUSY: s2-contour-n288r-s11 deferred
waiting: 11 kernel(s) still unpushed; sleeping 300s
--- push attempt s2-contour-n288r-s11 2026-08-25T09:56:34Z ---
Warning: Looks like you're using an outdated `kaggle` version (installed: 2.2.1), please consider upgrading to the latest version (2.2.2)
Kernel push error: Maximum batch CPU session count of 5 reached.
SLOT BUSY: s2-contour-n288r-s11 deferred
waiting: 11 kernel(s) still unpushed; sleeping 300s
--- push attempt s2-contour-n288r-s11 2026-08-25T10:01:35Z ---
Warning: Looks like you're using an outdated `kaggle` version (installed: 2.2.1), please consider upgrading to the latest version (2.2.2)
Kernel push error: Maximum batch CPU session count of 5 reached.
SLOT BUSY: s2-contour-n288r-s11 deferred
waiting: 11 kernel(s) still unpushed; sleeping 300s
--- push attempt s2-contour-n288r-s11 2026-08-25T10:06:37Z ---
Warning: Looks like you're using an outdated `kaggle` version (installed: 2.2.1), please consider upgrading to the latest version (2.2.2)
Kernel push error: Maximum batch CPU session count of 5 reached.
SLOT BUSY: s2-contour-n288r-s11 deferred
waiting: 11 kernel(s) still unpushed; sleeping 300s
--- push attempt s2-contour-n288r-s11 2026-08-25T10:11:38Z ---
Warning: Looks like you're using an outdated `kaggle` version (installed: 2.2.1), please consider upgrading to the latest version (2.2.2)
Kernel push error: Maximum batch CPU session count of 5 reached.
SLOT BUSY: s2-contour-n288r-s11 deferred
waiting: 11 kernel(s) still unpushed; sleeping 300s
--- push attempt s2-contour-n288r-s11 2026-08-25T10:16:40Z ---
Warning: Looks like you're using an outdated `kaggle` version (installed: 2.2.1), please consider upgrading to the latest version (2.2.2)
Kernel push error: Maximum batch CPU session count of 5 reached.
SLOT BUSY: s2-contour-n288r-s11 deferred
waiting: 11 kernel(s) still unpushed; sleeping 300s
--- push attempt s2-contour-n288r-s11 2026-08-25T10:21:41Z ---
Warning: Looks like you're using an outdated `kaggle` version (installed: 2.2.1), please consider upgrading to the latest version (2.2.2)
Kernel push error: Maximum batch CPU session count of 5 reached.
SLOT BUSY: s2-contour-n288r-s11 deferred
waiting: 11 kernel(s) still unpushed; sleeping 300s
--- push attempt s2-contour-n288r-s11 2026-08-25T10:26:43Z ---
Warning: Looks like you're using an outdated `kaggle` version (installed: 2.2.1), please consider upgrading to the latest version (2.2.2)
Kernel push error: Maximum batch CPU session count of 5 reached.
SLOT BUSY: s2-contour-n288r-s11 deferred
waiting: 11 kernel(s) still unpushed; sleeping 300s
--- push attempt s2-contour-n288r-s11 2026-08-25T10:31:45Z ---
Warning: Looks like you're using an outdated `kaggle` version (installed: 2.2.1), please consider upgrading to the latest version (2.2.2)
Kernel push error: Maximum batch CPU session count of 5 reached.
SLOT BUSY: s2-contour-n288r-s11 deferred
waiting: 11 kernel(s) still unpushed; sleeping 300s
--- push attempt s2-contour-n288r-s11 2026-08-25T10:36:47Z ---
Warning: Looks like you're using an outdated `kaggle` version (installed: 2.2.1), please consider upgrading to the latest version (2.2.2)
Kernel version 1 successfully pushed.  Please check progress at https://www.kaggle.com/code/saarshai/s2-contour-n288r-s11
status: saarshai/s2-contour-n288r-s11 has status "KernelWorkerStatus.RUNNING"
PUSHED s2-contour-n288r-s11 (status confirms the kernel exists and has a run)
--- push attempt s2-contour-n288r-s12 2026-08-25T10:37:14Z ---
Warning: Looks like you're using an outdated `kaggle` version (installed: 2.2.1), please consider upgrading to the latest version (2.2.2)
Kernel push error: Maximum batch CPU session count of 5 reached.
SLOT BUSY: s2-contour-n288r-s12 deferred
waiting: 10 kernel(s) still unpushed; sleeping 300s
--- push attempt s2-contour-n288r-s12 2026-08-25T10:42:16Z ---
Warning: Looks like you're using an outdated `kaggle` version (installed: 2.2.1), please consider upgrading to the latest version (2.2.2)
Kernel push error: Maximum batch CPU session count of 5 reached.
SLOT BUSY: s2-contour-n288r-s12 deferred
waiting: 10 kernel(s) still unpushed; sleeping 300s
--- push attempt s2-contour-n288r-s12 2026-08-25T10:47:18Z ---
Warning: Looks like you're using an outdated `kaggle` version (installed: 2.2.1), please consider upgrading to the latest version (2.2.2)
Kernel push error: Maximum batch CPU session count of 5 reached.
SLOT BUSY: s2-contour-n288r-s12 deferred
waiting: 10 kernel(s) still unpushed; sleeping 300s
--- push attempt s2-contour-n288r-s12 2026-08-25T10:52:19Z ---
Warning: Looks like you're using an outdated `kaggle` version (installed: 2.2.1), please consider upgrading to the latest version (2.2.2)
Kernel push error: Maximum batch CPU session count of 5 reached.
SLOT BUSY: s2-contour-n288r-s12 deferred
waiting: 10 kernel(s) still unpushed; sleeping 300s
--- push attempt s2-contour-n288r-s12 2026-08-25T10:57:21Z ---
Warning: Looks like you're using an outdated `kaggle` version (installed: 2.2.1), please consider upgrading to the latest version (2.2.2)
Kernel push error: Maximum batch CPU session count of 5 reached.
SLOT BUSY: s2-contour-n288r-s12 deferred
waiting: 10 kernel(s) still unpushed; sleeping 300s
--- push attempt s2-contour-n288r-s12 2026-08-25T11:02:22Z ---
Warning: Looks like you're using an outdated `kaggle` version (installed: 2.2.1), please consider upgrading to the latest version (2.2.2)
Kernel push error: Maximum batch CPU session count of 5 reached.
SLOT BUSY: s2-contour-n288r-s12 deferred
waiting: 10 kernel(s) still unpushed; sleeping 300s
--- push attempt s2-contour-n288r-s12 2026-08-25T11:07:23Z ---
Warning: Looks like you're using an outdated `kaggle` version (installed: 2.2.1), please consider upgrading to the latest version (2.2.2)
Kernel push error: Maximum batch CPU session count of 5 reached.
SLOT BUSY: s2-contour-n288r-s12 deferred
waiting: 10 kernel(s) still unpushed; sleeping 300s
--- push attempt s2-contour-n288r-s12 2026-08-25T11:12:25Z ---
Warning: Looks like you're using an outdated `kaggle` version (installed: 2.2.1), please consider upgrading to the latest version (2.2.2)
Kernel push error: Maximum batch CPU session count of 5 reached.
SLOT BUSY: s2-contour-n288r-s12 deferred
waiting: 10 kernel(s) still unpushed; sleeping 300s
--- push attempt s2-contour-n288r-s12 2026-08-25T11:17:27Z ---
Warning: Looks like you're using an outdated `kaggle` version (installed: 2.2.1), please consider upgrading to the latest version (2.2.2)
Kernel push error: Maximum batch CPU session count of 5 reached.
SLOT BUSY: s2-contour-n288r-s12 deferred
waiting: 10 kernel(s) still unpushed; sleeping 300s
--- push attempt s2-contour-n288r-s12 2026-08-25T11:22:28Z ---
Warning: Looks like you're using an outdated `kaggle` version (installed: 2.2.1), please consider upgrading to the latest version (2.2.2)
Kernel push error: Maximum batch CPU session count of 5 reached.
SLOT BUSY: s2-contour-n288r-s12 deferred
waiting: 10 kernel(s) still unpushed; sleeping 300s
--- push attempt s2-contour-n288r-s12 2026-08-25T11:27:30Z ---
Warning: Looks like you're using an outdated `kaggle` version (installed: 2.2.1), please consider upgrading to the latest version (2.2.2)
Kernel push error: Maximum batch CPU session count of 5 reached.
SLOT BUSY: s2-contour-n288r-s12 deferred
waiting: 10 kernel(s) still unpushed; sleeping 300s
--- push attempt s2-contour-n288r-s12 2026-08-25T11:32:32Z ---
Warning: Looks like you're using an outdated `kaggle` version (installed: 2.2.1), please consider upgrading to the latest version (2.2.2)
Kernel push error: Maximum batch CPU session count of 5 reached.
SLOT BUSY: s2-contour-n288r-s12 deferred
waiting: 10 kernel(s) still unpushed; sleeping 300s
--- push attempt s2-contour-n288r-s12 2026-08-25T11:37:33Z ---
Warning: Looks like you're using an outdated `kaggle` version (installed: 2.2.1), please consider upgrading to the latest version (2.2.2)
Kernel push error: Maximum batch CPU session count of 5 reached.
SLOT BUSY: s2-contour-n288r-s12 deferred
waiting: 10 kernel(s) still unpushed; sleeping 300s
--- push attempt s2-contour-n288r-s12 2026-08-25T11:42:35Z ---
Warning: Looks like you're using an outdated `kaggle` version (installed: 2.2.1), please consider upgrading to the latest version (2.2.2)
Kernel push error: Maximum batch CPU session count of 5 reached.
SLOT BUSY: s2-contour-n288r-s12 deferred
waiting: 10 kernel(s) still unpushed; sleeping 300s
--- push attempt s2-contour-n288r-s12 2026-08-25T11:47:36Z ---
Warning: Looks like you're using an outdated `kaggle` version (installed: 2.2.1), please consider upgrading to the latest version (2.2.2)
Kernel push error: Maximum batch CPU session count of 5 reached.
SLOT BUSY: s2-contour-n288r-s12 deferred
waiting: 10 kernel(s) still unpushed; sleeping 300s
--- push attempt s2-contour-n288r-s12 2026-08-25T11:52:38Z ---
Warning: Looks like you're using an outdated `kaggle` version (installed: 2.2.1), please consider upgrading to the latest version (2.2.2)
Kernel push error: Maximum batch CPU session count of 5 reached.
SLOT BUSY: s2-contour-n288r-s12 deferred
waiting: 10 kernel(s) still unpushed; sleeping 300s
--- push attempt s2-contour-n288r-s12 2026-08-25T11:57:40Z ---
Warning: Looks like you're using an outdated `kaggle` version (installed: 2.2.1), please consider upgrading to the latest version (2.2.2)
Kernel push error: Maximum batch CPU session count of 5 reached.
SLOT BUSY: s2-contour-n288r-s12 deferred
waiting: 10 kernel(s) still unpushed; sleeping 300s
--- push attempt s2-contour-n288r-s12 2026-08-25T12:02:45Z ---
Warning: Looks like you're using an outdated `kaggle` version (installed: 2.2.1), please consider upgrading to the latest version (2.2.2)
Kernel push error: Maximum batch CPU session count of 5 reached.
SLOT BUSY: s2-contour-n288r-s12 deferred
waiting: 10 kernel(s) still unpushed; sleeping 300s
--- push attempt s2-contour-n288r-s12 2026-08-25T12:07:46Z ---
Warning: Looks like you're using an outdated `kaggle` version (installed: 2.2.1), please consider upgrading to the latest version (2.2.2)
Kernel push error: Maximum batch CPU session count of 5 reached.
SLOT BUSY: s2-contour-n288r-s12 deferred
waiting: 10 kernel(s) still unpushed; sleeping 300s
--- push attempt s2-contour-n288r-s12 2026-08-25T12:12:48Z ---
Warning: Looks like you're using an outdated `kaggle` version (installed: 2.2.1), please consider upgrading to the latest version (2.2.2)
Kernel push error: Maximum batch CPU session count of 5 reached.
SLOT BUSY: s2-contour-n288r-s12 deferred
waiting: 10 kernel(s) still unpushed; sleeping 300s
--- push attempt s2-contour-n288r-s12 2026-08-25T12:17:49Z ---
Warning: Looks like you're using an outdated `kaggle` version (installed: 2.2.1), please consider upgrading to the latest version (2.2.2)
Kernel version 1 successfully pushed.  Please check progress at https://www.kaggle.com/code/saarshai/s2-contour-n288r-s12
status: saarshai/s2-contour-n288r-s12 has status "KernelWorkerStatus.RUNNING"
PUSHED s2-contour-n288r-s12 (status confirms the kernel exists and has a run)
--- push attempt s2-contour-n288r-s13 2026-08-25T12:18:17Z ---
Warning: Looks like you're using an outdated `kaggle` version (installed: 2.2.1), please consider upgrading to the latest version (2.2.2)
Kernel push error: Maximum batch CPU session count of 5 reached.
SLOT BUSY: s2-contour-n288r-s13 deferred
waiting: 9 kernel(s) still unpushed; sleeping 300s
--- push attempt s2-contour-n288r-s13 2026-08-25T12:23:19Z ---
Warning: Looks like you're using an outdated `kaggle` version (installed: 2.2.1), please consider upgrading to the latest version (2.2.2)
Kernel push error: Maximum batch CPU session count of 5 reached.
SLOT BUSY: s2-contour-n288r-s13 deferred
waiting: 9 kernel(s) still unpushed; sleeping 300s
--- push attempt s2-contour-n288r-s13 2026-08-25T12:28:20Z ---
Warning: Looks like you're using an outdated `kaggle` version (installed: 2.2.1), please consider upgrading to the latest version (2.2.2)
Kernel push error: Maximum batch CPU session count of 5 reached.
SLOT BUSY: s2-contour-n288r-s13 deferred
waiting: 9 kernel(s) still unpushed; sleeping 300s
--- push attempt s2-contour-n288r-s13 2026-08-25T12:33:22Z ---
Warning: Looks like you're using an outdated `kaggle` version (installed: 2.2.1), please consider upgrading to the latest version (2.2.2)
Kernel push error: Maximum batch CPU session count of 5 reached.
SLOT BUSY: s2-contour-n288r-s13 deferred
waiting: 9 kernel(s) still unpushed; sleeping 300s
--- push attempt s2-contour-n288r-s13 2026-08-25T12:38:24Z ---
Warning: Looks like you're using an outdated `kaggle` version (installed: 2.2.1), please consider upgrading to the latest version (2.2.2)
Kernel push error: Maximum batch CPU session count of 5 reached.
SLOT BUSY: s2-contour-n288r-s13 deferred
waiting: 9 kernel(s) still unpushed; sleeping 300s
--- push attempt s2-contour-n288r-s13 2026-08-25T12:43:25Z ---
Warning: Looks like you're using an outdated `kaggle` version (installed: 2.2.1), please consider upgrading to the latest version (2.2.2)
Kernel push error: Maximum batch CPU session count of 5 reached.
SLOT BUSY: s2-contour-n288r-s13 deferred
waiting: 9 kernel(s) still unpushed; sleeping 300s
--- push attempt s2-contour-n288r-s13 2026-08-25T12:48:27Z ---
Warning: Looks like you're using an outdated `kaggle` version (installed: 2.2.1), please consider upgrading to the latest version (2.2.2)
Kernel push error: Maximum batch CPU session count of 5 reached.
SLOT BUSY: s2-contour-n288r-s13 deferred
waiting: 9 kernel(s) still unpushed; sleeping 300s
--- push attempt s2-contour-n288r-s13 2026-08-25T12:53:28Z ---
Warning: Looks like you're using an outdated `kaggle` version (installed: 2.2.1), please consider upgrading to the latest version (2.2.2)
Kernel push error: Maximum batch CPU session count of 5 reached.
SLOT BUSY: s2-contour-n288r-s13 deferred
waiting: 9 kernel(s) still unpushed; sleeping 300s
--- push attempt s2-contour-n288r-s13 2026-08-25T12:58:30Z ---
Warning: Looks like you're using an outdated `kaggle` version (installed: 2.2.1), please consider upgrading to the latest version (2.2.2)
Kernel push error: Maximum batch CPU session count of 5 reached.
SLOT BUSY: s2-contour-n288r-s13 deferred
waiting: 9 kernel(s) still unpushed; sleeping 300s
--- push attempt s2-contour-n288r-s13 2026-08-25T13:03:31Z ---
Warning: Looks like you're using an outdated `kaggle` version (installed: 2.2.1), please consider upgrading to the latest version (2.2.2)
Kernel push error: Maximum batch CPU session count of 5 reached.
SLOT BUSY: s2-contour-n288r-s13 deferred
waiting: 9 kernel(s) still unpushed; sleeping 300s
--- push attempt s2-contour-n288r-s13 2026-08-25T13:08:33Z ---
Warning: Looks like you're using an outdated `kaggle` version (installed: 2.2.1), please consider upgrading to the latest version (2.2.2)
Kernel push error: Maximum batch CPU session count of 5 reached.
SLOT BUSY: s2-contour-n288r-s13 deferred
waiting: 9 kernel(s) still unpushed; sleeping 300s
--- push attempt s2-contour-n288r-s13 2026-08-25T13:13:34Z ---
Warning: Looks like you're using an outdated `kaggle` version (installed: 2.2.1), please consider upgrading to the latest version (2.2.2)
Kernel push error: Maximum batch CPU session count of 5 reached.
SLOT BUSY: s2-contour-n288r-s13 deferred
waiting: 9 kernel(s) still unpushed; sleeping 300s
--- push attempt s2-contour-n288r-s13 2026-08-25T13:18:36Z ---
Warning: Looks like you're using an outdated `kaggle` version (installed: 2.2.1), please consider upgrading to the latest version (2.2.2)
Kernel push error: Maximum batch CPU session count of 5 reached.
SLOT BUSY: s2-contour-n288r-s13 deferred
waiting: 9 kernel(s) still unpushed; sleeping 300s
--- push attempt s2-contour-n288r-s13 2026-08-25T13:23:38Z ---
Warning: Looks like you're using an outdated `kaggle` version (installed: 2.2.1), please consider upgrading to the latest version (2.2.2)
Kernel push error: Maximum batch CPU session count of 5 reached.
SLOT BUSY: s2-contour-n288r-s13 deferred
waiting: 9 kernel(s) still unpushed; sleeping 300s
--- push attempt s2-contour-n288r-s13 2026-08-25T13:28:39Z ---
Warning: Looks like you're using an outdated `kaggle` version (installed: 2.2.1), please consider upgrading to the latest version (2.2.2)
Kernel push error: Maximum batch CPU session count of 5 reached.
SLOT BUSY: s2-contour-n288r-s13 deferred
waiting: 9 kernel(s) still unpushed; sleeping 300s
--- push attempt s2-contour-n288r-s13 2026-08-25T13:33:41Z ---
Warning: Looks like you're using an outdated `kaggle` version (installed: 2.2.1), please consider upgrading to the latest version (2.2.2)
Kernel push error: Maximum batch CPU session count of 5 reached.
SLOT BUSY: s2-contour-n288r-s13 deferred
waiting: 9 kernel(s) still unpushed; sleeping 300s
--- push attempt s2-contour-n288r-s13 2026-08-25T13:38:43Z ---
Warning: Looks like you're using an outdated `kaggle` version (installed: 2.2.1), please consider upgrading to the latest version (2.2.2)
Kernel push error: Maximum batch CPU session count of 5 reached.
SLOT BUSY: s2-contour-n288r-s13 deferred
waiting: 9 kernel(s) still unpushed; sleeping 300s
--- push attempt s2-contour-n288r-s13 2026-08-25T13:43:44Z ---
Warning: Looks like you're using an outdated `kaggle` version (installed: 2.2.1), please consider upgrading to the latest version (2.2.2)
Kernel push error: Maximum batch CPU session count of 5 reached.
SLOT BUSY: s2-contour-n288r-s13 deferred
waiting: 9 kernel(s) still unpushed; sleeping 300s
--- push attempt s2-contour-n288r-s13 2026-08-25T13:48:46Z ---
Warning: Looks like you're using an outdated `kaggle` version (installed: 2.2.1), please consider upgrading to the latest version (2.2.2)
Kernel push error: Maximum batch CPU session count of 5 reached.
SLOT BUSY: s2-contour-n288r-s13 deferred
waiting: 9 kernel(s) still unpushed; sleeping 300s
--- push attempt s2-contour-n288r-s13 2026-08-25T13:53:47Z ---
Warning: Looks like you're using an outdated `kaggle` version (installed: 2.2.1), please consider upgrading to the latest version (2.2.2)
Kernel push error: Maximum batch CPU session count of 5 reached.
SLOT BUSY: s2-contour-n288r-s13 deferred
waiting: 9 kernel(s) still unpushed; sleeping 300s
--- push attempt s2-contour-n288r-s13 2026-08-25T13:58:49Z ---
Warning: Looks like you're using an outdated `kaggle` version (installed: 2.2.1), please consider upgrading to the latest version (2.2.2)
Kernel push error: Maximum batch CPU session count of 5 reached.
SLOT BUSY: s2-contour-n288r-s13 deferred
waiting: 9 kernel(s) still unpushed; sleeping 300s
--- push attempt s2-contour-n288r-s13 2026-08-25T14:03:50Z ---
Warning: Looks like you're using an outdated `kaggle` version (installed: 2.2.1), please consider upgrading to the latest version (2.2.2)
Kernel push error: Maximum batch CPU session count of 5 reached.
SLOT BUSY: s2-contour-n288r-s13 deferred
waiting: 9 kernel(s) still unpushed; sleeping 300s
--- push attempt s2-contour-n288r-s13 2026-08-25T14:08:52Z ---
Warning: Looks like you're using an outdated `kaggle` version (installed: 2.2.1), please consider upgrading to the latest version (2.2.2)
Kernel push error: Maximum batch CPU session count of 5 reached.
SLOT BUSY: s2-contour-n288r-s13 deferred
waiting: 9 kernel(s) still unpushed; sleeping 300s
--- push attempt s2-contour-n288r-s13 2026-08-25T14:13:54Z ---
Warning: Looks like you're using an outdated `kaggle` version (installed: 2.2.1), please consider upgrading to the latest version (2.2.2)
Kernel push error: Maximum batch CPU session count of 5 reached.
SLOT BUSY: s2-contour-n288r-s13 deferred
waiting: 9 kernel(s) still unpushed; sleeping 300s
--- push attempt s2-contour-n288r-s13 2026-08-25T14:18:55Z ---
Warning: Looks like you're using an outdated `kaggle` version (installed: 2.2.1), please consider upgrading to the latest version (2.2.2)
Kernel push error: Maximum batch CPU session count of 5 reached.
SLOT BUSY: s2-contour-n288r-s13 deferred
waiting: 9 kernel(s) still unpushed; sleeping 300s
--- push attempt s2-contour-n288r-s13 2026-08-25T14:23:57Z ---
Warning: Looks like you're using an outdated `kaggle` version (installed: 2.2.1), please consider upgrading to the latest version (2.2.2)
Kernel push error: Maximum batch CPU session count of 5 reached.
SLOT BUSY: s2-contour-n288r-s13 deferred
waiting: 9 kernel(s) still unpushed; sleeping 300s
--- push attempt s2-contour-n288r-s13 2026-08-25T14:28:59Z ---
Warning: Looks like you're using an outdated `kaggle` version (installed: 2.2.1), please consider upgrading to the latest version (2.2.2)
Kernel push error: Maximum batch CPU session count of 5 reached.
SLOT BUSY: s2-contour-n288r-s13 deferred
waiting: 9 kernel(s) still unpushed; sleeping 300s
--- push attempt s2-contour-n288r-s13 2026-08-25T14:34:00Z ---
Warning: Looks like you're using an outdated `kaggle` version (installed: 2.2.1), please consider upgrading to the latest version (2.2.2)
Kernel push error: Maximum batch CPU session count of 5 reached.
SLOT BUSY: s2-contour-n288r-s13 deferred
waiting: 9 kernel(s) still unpushed; sleeping 300s
--- push attempt s2-contour-n288r-s13 2026-08-25T14:39:02Z ---
Warning: Looks like you're using an outdated `kaggle` version (installed: 2.2.1), please consider upgrading to the latest version (2.2.2)
Kernel push error: Maximum batch CPU session count of 5 reached.
SLOT BUSY: s2-contour-n288r-s13 deferred
waiting: 9 kernel(s) still unpushed; sleeping 300s
--- push attempt s2-contour-n288r-s13 2026-08-25T14:44:04Z ---
Warning: Looks like you're using an outdated `kaggle` version (installed: 2.2.1), please consider upgrading to the latest version (2.2.2)
Kernel push error: Maximum batch CPU session count of 5 reached.
SLOT BUSY: s2-contour-n288r-s13 deferred
waiting: 9 kernel(s) still unpushed; sleeping 300s
--- push attempt s2-contour-n288r-s13 2026-08-25T14:49:06Z ---
Warning: Looks like you're using an outdated `kaggle` version (installed: 2.2.1), please consider upgrading to the latest version (2.2.2)
Kernel push error: Maximum batch CPU session count of 5 reached.
SLOT BUSY: s2-contour-n288r-s13 deferred
waiting: 9 kernel(s) still unpushed; sleeping 300s
--- push attempt s2-contour-n288r-s13 2026-08-25T14:54:07Z ---
Warning: Looks like you're using an outdated `kaggle` version (installed: 2.2.1), please consider upgrading to the latest version (2.2.2)
Kernel push error: Maximum batch CPU session count of 5 reached.
SLOT BUSY: s2-contour-n288r-s13 deferred
waiting: 9 kernel(s) still unpushed; sleeping 300s
--- push attempt s2-contour-n288r-s13 2026-08-25T14:59:09Z ---
Warning: Looks like you're using an outdated `kaggle` version (installed: 2.2.1), please consider upgrading to the latest version (2.2.2)
Kernel push error: Maximum batch CPU session count of 5 reached.
SLOT BUSY: s2-contour-n288r-s13 deferred
waiting: 9 kernel(s) still unpushed; sleeping 300s
--- push attempt s2-contour-n288r-s13 2026-08-25T15:04:10Z ---
Warning: Looks like you're using an outdated `kaggle` version (installed: 2.2.1), please consider upgrading to the latest version (2.2.2)
Kernel push error: Maximum batch CPU session count of 5 reached.
SLOT BUSY: s2-contour-n288r-s13 deferred
waiting: 9 kernel(s) still unpushed; sleeping 300s
--- push attempt s2-contour-n288r-s13 2026-08-25T15:09:12Z ---
Warning: Looks like you're using an outdated `kaggle` version (installed: 2.2.1), please consider upgrading to the latest version (2.2.2)
Kernel push error: Maximum batch CPU session count of 5 reached.
SLOT BUSY: s2-contour-n288r-s13 deferred
waiting: 9 kernel(s) still unpushed; sleeping 300s
--- push attempt s2-contour-n288r-s13 2026-08-25T15:14:14Z ---
Warning: Looks like you're using an outdated `kaggle` version (installed: 2.2.1), please consider upgrading to the latest version (2.2.2)
Kernel push error: Maximum batch CPU session count of 5 reached.
SLOT BUSY: s2-contour-n288r-s13 deferred
waiting: 9 kernel(s) still unpushed; sleeping 300s
--- push attempt s2-contour-n288r-s13 2026-08-25T15:19:16Z ---
Warning: Looks like you're using an outdated `kaggle` version (installed: 2.2.1), please consider upgrading to the latest version (2.2.2)
Kernel push error: Maximum batch CPU session count of 5 reached.
SLOT BUSY: s2-contour-n288r-s13 deferred
waiting: 9 kernel(s) still unpushed; sleeping 300s
--- push attempt s2-contour-n288r-s13 2026-08-25T15:24:17Z ---
Warning: Looks like you're using an outdated `kaggle` version (installed: 2.2.1), please consider upgrading to the latest version (2.2.2)
Kernel push error: Maximum batch CPU session count of 5 reached.
SLOT BUSY: s2-contour-n288r-s13 deferred
waiting: 9 kernel(s) still unpushed; sleeping 300s
--- push attempt s2-contour-n288r-s13 2026-08-25T15:29:19Z ---
Warning: Looks like you're using an outdated `kaggle` version (installed: 2.2.1), please consider upgrading to the latest version (2.2.2)
Kernel push error: Maximum batch CPU session count of 5 reached.
SLOT BUSY: s2-contour-n288r-s13 deferred
waiting: 9 kernel(s) still unpushed; sleeping 300s
--- push attempt s2-contour-n288r-s13 2026-08-25T15:34:21Z ---
Warning: Looks like you're using an outdated `kaggle` version (installed: 2.2.1), please consider upgrading to the latest version (2.2.2)
Kernel push error: Maximum batch CPU session count of 5 reached.
SLOT BUSY: s2-contour-n288r-s13 deferred
waiting: 9 kernel(s) still unpushed; sleeping 300s
--- push attempt s2-contour-n288r-s13 2026-08-25T15:39:22Z ---
Warning: Looks like you're using an outdated `kaggle` version (installed: 2.2.1), please consider upgrading to the latest version (2.2.2)
Kernel push error: Maximum batch CPU session count of 5 reached.
SLOT BUSY: s2-contour-n288r-s13 deferred
waiting: 9 kernel(s) still unpushed; sleeping 300s
--- push attempt s2-contour-n288r-s13 2026-08-25T15:44:24Z ---
Warning: Looks like you're using an outdated `kaggle` version (installed: 2.2.1), please consider upgrading to the latest version (2.2.2)
Kernel version 1 successfully pushed.  Please check progress at https://www.kaggle.com/code/saarshai/s2-contour-n288r-s13
status: saarshai/s2-contour-n288r-s13 has status "KernelWorkerStatus.RUNNING"
PUSHED s2-contour-n288r-s13 (status confirms the kernel exists and has a run)
--- push attempt s2-contour-n288r-s14 2026-08-25T15:44:52Z ---
Warning: Looks like you're using an outdated `kaggle` version (installed: 2.2.1), please consider upgrading to the latest version (2.2.2)
Kernel version 1 successfully pushed.  Please check progress at https://www.kaggle.com/code/saarshai/s2-contour-n288r-s14
status: saarshai/s2-contour-n288r-s14 has status "KernelWorkerStatus.RUNNING"
PUSHED s2-contour-n288r-s14 (status confirms the kernel exists and has a run)
--- push attempt s2-contour-n288r-s15 2026-08-25T15:45:20Z ---
Warning: Looks like you're using an outdated `kaggle` version (installed: 2.2.1), please consider upgrading to the latest version (2.2.2)
Kernel push error: Maximum batch CPU session count of 5 reached.
SLOT BUSY: s2-contour-n288r-s15 deferred
waiting: 7 kernel(s) still unpushed; sleeping 300s
--- push attempt s2-contour-n288r-s15 2026-08-25T15:50:22Z ---
Warning: Looks like you're using an outdated `kaggle` version (installed: 2.2.1), please consider upgrading to the latest version (2.2.2)
Kernel push error: Maximum batch CPU session count of 5 reached.
SLOT BUSY: s2-contour-n288r-s15 deferred
waiting: 7 kernel(s) still unpushed; sleeping 300s
--- push attempt s2-contour-n288r-s15 2026-08-25T15:55:24Z ---
Warning: Looks like you're using an outdated `kaggle` version (installed: 2.2.1), please consider upgrading to the latest version (2.2.2)
Kernel push error: Maximum batch CPU session count of 5 reached.
SLOT BUSY: s2-contour-n288r-s15 deferred
waiting: 7 kernel(s) still unpushed; sleeping 300s
--- push attempt s2-contour-n288r-s15 2026-08-25T16:00:25Z ---
Warning: Looks like you're using an outdated `kaggle` version (installed: 2.2.1), please consider upgrading to the latest version (2.2.2)
Kernel push error: Maximum batch CPU session count of 5 reached.
SLOT BUSY: s2-contour-n288r-s15 deferred
waiting: 7 kernel(s) still unpushed; sleeping 300s
--- push attempt s2-contour-n288r-s15 2026-08-25T16:05:27Z ---
Warning: Looks like you're using an outdated `kaggle` version (installed: 2.2.1), please consider upgrading to the latest version (2.2.2)
Kernel push error: Maximum batch CPU session count of 5 reached.
SLOT BUSY: s2-contour-n288r-s15 deferred
waiting: 7 kernel(s) still unpushed; sleeping 300s
--- push attempt s2-contour-n288r-s15 2026-08-25T16:10:29Z ---
Warning: Looks like you're using an outdated `kaggle` version (installed: 2.2.1), please consider upgrading to the latest version (2.2.2)
Kernel push error: Maximum batch CPU session count of 5 reached.
SLOT BUSY: s2-contour-n288r-s15 deferred
waiting: 7 kernel(s) still unpushed; sleeping 300s
--- push attempt s2-contour-n288r-s15 2026-08-25T16:15:30Z ---
Warning: Looks like you're using an outdated `kaggle` version (installed: 2.2.1), please consider upgrading to the latest version (2.2.2)
Kernel push error: Maximum batch CPU session count of 5 reached.
SLOT BUSY: s2-contour-n288r-s15 deferred
waiting: 7 kernel(s) still unpushed; sleeping 300s
--- push attempt s2-contour-n288r-s15 2026-08-25T16:20:32Z ---
Warning: Looks like you're using an outdated `kaggle` version (installed: 2.2.1), please consider upgrading to the latest version (2.2.2)
Kernel push error: Maximum batch CPU session count of 5 reached.
SLOT BUSY: s2-contour-n288r-s15 deferred
waiting: 7 kernel(s) still unpushed; sleeping 300s
--- push attempt s2-contour-n288r-s15 2026-08-25T16:25:34Z ---
Warning: Looks like you're using an outdated `kaggle` version (installed: 2.2.1), please consider upgrading to the latest version (2.2.2)
Kernel push error: Maximum batch CPU session count of 5 reached.
SLOT BUSY: s2-contour-n288r-s15 deferred
waiting: 7 kernel(s) still unpushed; sleeping 300s
--- push attempt s2-contour-n288r-s15 2026-08-25T16:30:35Z ---
Warning: Looks like you're using an outdated `kaggle` version (installed: 2.2.1), please consider upgrading to the latest version (2.2.2)
Kernel push error: Maximum batch CPU session count of 5 reached.
SLOT BUSY: s2-contour-n288r-s15 deferred
waiting: 7 kernel(s) still unpushed; sleeping 300s
--- push attempt s2-contour-n288r-s15 2026-08-25T16:35:37Z ---
Warning: Looks like you're using an outdated `kaggle` version (installed: 2.2.1), please consider upgrading to the latest version (2.2.2)
Kernel push error: Maximum batch CPU session count of 5 reached.
SLOT BUSY: s2-contour-n288r-s15 deferred
waiting: 7 kernel(s) still unpushed; sleeping 300s
--- push attempt s2-contour-n288r-s15 2026-08-25T16:40:38Z ---
Warning: Looks like you're using an outdated `kaggle` version (installed: 2.2.1), please consider upgrading to the latest version (2.2.2)
Kernel push error: Maximum batch CPU session count of 5 reached.
SLOT BUSY: s2-contour-n288r-s15 deferred
waiting: 7 kernel(s) still unpushed; sleeping 300s
--- push attempt s2-contour-n288r-s15 2026-08-25T16:45:40Z ---
Warning: Looks like you're using an outdated `kaggle` version (installed: 2.2.1), please consider upgrading to the latest version (2.2.2)
Kernel push error: Maximum batch CPU session count of 5 reached.
SLOT BUSY: s2-contour-n288r-s15 deferred
waiting: 7 kernel(s) still unpushed; sleeping 300s
--- push attempt s2-contour-n288r-s15 2026-08-25T16:50:41Z ---
Warning: Looks like you're using an outdated `kaggle` version (installed: 2.2.1), please consider upgrading to the latest version (2.2.2)
Kernel push error: Maximum batch CPU session count of 5 reached.
SLOT BUSY: s2-contour-n288r-s15 deferred
waiting: 7 kernel(s) still unpushed; sleeping 300s
--- push attempt s2-contour-n288r-s15 2026-08-25T16:55:43Z ---
Warning: Looks like you're using an outdated `kaggle` version (installed: 2.2.1), please consider upgrading to the latest version (2.2.2)
Kernel push error: Maximum batch CPU session count of 5 reached.
SLOT BUSY: s2-contour-n288r-s15 deferred
waiting: 7 kernel(s) still unpushed; sleeping 300s
--- push attempt s2-contour-n288r-s15 2026-08-25T17:00:45Z ---
Warning: Looks like you're using an outdated `kaggle` version (installed: 2.2.1), please consider upgrading to the latest version (2.2.2)
Kernel push error: Maximum batch CPU session count of 5 reached.
SLOT BUSY: s2-contour-n288r-s15 deferred
waiting: 7 kernel(s) still unpushed; sleeping 300s
--- push attempt s2-contour-n288r-s15 2026-08-25T17:05:47Z ---
Warning: Looks like you're using an outdated `kaggle` version (installed: 2.2.1), please consider upgrading to the latest version (2.2.2)
Kernel push error: Maximum batch CPU session count of 5 reached.
SLOT BUSY: s2-contour-n288r-s15 deferred
waiting: 7 kernel(s) still unpushed; sleeping 300s
--- push attempt s2-contour-n288r-s15 2026-08-25T17:10:48Z ---
Warning: Looks like you're using an outdated `kaggle` version (installed: 2.2.1), please consider upgrading to the latest version (2.2.2)
Kernel push error: Maximum batch CPU session count of 5 reached.
SLOT BUSY: s2-contour-n288r-s15 deferred
waiting: 7 kernel(s) still unpushed; sleeping 300s
--- push attempt s2-contour-n288r-s15 2026-08-25T17:15:50Z ---
Warning: Looks like you're using an outdated `kaggle` version (installed: 2.2.1), please consider upgrading to the latest version (2.2.2)
Kernel push error: Maximum batch CPU session count of 5 reached.
SLOT BUSY: s2-contour-n288r-s15 deferred
waiting: 7 kernel(s) still unpushed; sleeping 300s
--- push attempt s2-contour-n288r-s15 2026-08-25T17:20:52Z ---
Warning: Looks like you're using an outdated `kaggle` version (installed: 2.2.1), please consider upgrading to the latest version (2.2.2)
Kernel push error: Maximum batch CPU session count of 5 reached.
SLOT BUSY: s2-contour-n288r-s15 deferred
waiting: 7 kernel(s) still unpushed; sleeping 300s
--- push attempt s2-contour-n288r-s15 2026-08-25T17:25:53Z ---
Warning: Looks like you're using an outdated `kaggle` version (installed: 2.2.1), please consider upgrading to the latest version (2.2.2)
Kernel push error: Maximum batch CPU session count of 5 reached.
SLOT BUSY: s2-contour-n288r-s15 deferred
waiting: 7 kernel(s) still unpushed; sleeping 300s
--- push attempt s2-contour-n288r-s15 2026-08-25T17:30:55Z ---
Warning: Looks like you're using an outdated `kaggle` version (installed: 2.2.1), please consider upgrading to the latest version (2.2.2)
Kernel version 1 successfully pushed.  Please check progress at https://www.kaggle.com/code/saarshai/s2-contour-n288r-s15
status: saarshai/s2-contour-n288r-s15 has status "KernelWorkerStatus.RUNNING"
PUSHED s2-contour-n288r-s15 (status confirms the kernel exists and has a run)
--- push attempt s2-contour-n288r-s16 2026-08-25T17:31:24Z ---
Warning: Looks like you're using an outdated `kaggle` version (installed: 2.2.1), please consider upgrading to the latest version (2.2.2)
Kernel push error: Maximum batch CPU session count of 5 reached.
SLOT BUSY: s2-contour-n288r-s16 deferred
waiting: 6 kernel(s) still unpushed; sleeping 300s
--- push attempt s2-contour-n288r-s16 2026-08-25T17:36:25Z ---
Warning: Looks like you're using an outdated `kaggle` version (installed: 2.2.1), please consider upgrading to the latest version (2.2.2)
Kernel push error: Maximum batch CPU session count of 5 reached.
SLOT BUSY: s2-contour-n288r-s16 deferred
waiting: 6 kernel(s) still unpushed; sleeping 300s
--- push attempt s2-contour-n288r-s16 2026-08-25T17:41:27Z ---
Warning: Looks like you're using an outdated `kaggle` version (installed: 2.2.1), please consider upgrading to the latest version (2.2.2)
Kernel push error: Maximum batch CPU session count of 5 reached.
SLOT BUSY: s2-contour-n288r-s16 deferred
waiting: 6 kernel(s) still unpushed; sleeping 300s
--- push attempt s2-contour-n288r-s16 2026-08-25T17:46:29Z ---
Warning: Looks like you're using an outdated `kaggle` version (installed: 2.2.1), please consider upgrading to the latest version (2.2.2)
Kernel push error: Maximum batch CPU session count of 5 reached.
SLOT BUSY: s2-contour-n288r-s16 deferred
waiting: 6 kernel(s) still unpushed; sleeping 300s
--- push attempt s2-contour-n288r-s16 2026-08-25T17:51:30Z ---
Warning: Looks like you're using an outdated `kaggle` version (installed: 2.2.1), please consider upgrading to the latest version (2.2.2)
Kernel push error: Maximum batch CPU session count of 5 reached.
SLOT BUSY: s2-contour-n288r-s16 deferred
waiting: 6 kernel(s) still unpushed; sleeping 300s
--- push attempt s2-contour-n288r-s16 2026-08-25T17:56:32Z ---
Warning: Looks like you're using an outdated `kaggle` version (installed: 2.2.1), please consider upgrading to the latest version (2.2.2)
Kernel push error: Maximum batch CPU session count of 5 reached.
SLOT BUSY: s2-contour-n288r-s16 deferred
waiting: 6 kernel(s) still unpushed; sleeping 300s
--- push attempt s2-contour-n288r-s16 2026-08-25T18:01:33Z ---
Warning: Looks like you're using an outdated `kaggle` version (installed: 2.2.1), please consider upgrading to the latest version (2.2.2)
Kernel push error: Maximum batch CPU session count of 5 reached.
SLOT BUSY: s2-contour-n288r-s16 deferred
waiting: 6 kernel(s) still unpushed; sleeping 300s
--- push attempt s2-contour-n288r-s16 2026-08-25T18:06:36Z ---
Warning: Looks like you're using an outdated `kaggle` version (installed: 2.2.1), please consider upgrading to the latest version (2.2.2)
Kernel push error: Maximum batch CPU session count of 5 reached.
SLOT BUSY: s2-contour-n288r-s16 deferred
waiting: 6 kernel(s) still unpushed; sleeping 300s
--- push attempt s2-contour-n288r-s16 2026-08-25T18:11:37Z ---
Warning: Looks like you're using an outdated `kaggle` version (installed: 2.2.1), please consider upgrading to the latest version (2.2.2)
Kernel push error: Maximum batch CPU session count of 5 reached.
SLOT BUSY: s2-contour-n288r-s16 deferred
waiting: 6 kernel(s) still unpushed; sleeping 300s
--- push attempt s2-contour-n288r-s16 2026-08-25T18:16:39Z ---
Warning: Looks like you're using an outdated `kaggle` version (installed: 2.2.1), please consider upgrading to the latest version (2.2.2)
Kernel push error: Maximum batch CPU session count of 5 reached.
SLOT BUSY: s2-contour-n288r-s16 deferred
waiting: 6 kernel(s) still unpushed; sleeping 300s
--- push attempt s2-contour-n288r-s16 2026-08-25T18:21:40Z ---
Warning: Looks like you're using an outdated `kaggle` version (installed: 2.2.1), please consider upgrading to the latest version (2.2.2)
Kernel push error: Maximum batch CPU session count of 5 reached.
SLOT BUSY: s2-contour-n288r-s16 deferred
waiting: 6 kernel(s) still unpushed; sleeping 300s
--- push attempt s2-contour-n288r-s16 2026-08-25T18:26:42Z ---
Warning: Looks like you're using an outdated `kaggle` version (installed: 2.2.1), please consider upgrading to the latest version (2.2.2)
Kernel push error: Maximum batch CPU session count of 5 reached.
SLOT BUSY: s2-contour-n288r-s16 deferred
waiting: 6 kernel(s) still unpushed; sleeping 300s
--- push attempt s2-contour-n288r-s16 2026-08-25T18:31:44Z ---
Warning: Looks like you're using an outdated `kaggle` version (installed: 2.2.1), please consider upgrading to the latest version (2.2.2)
Kernel push error: Maximum batch CPU session count of 5 reached.
SLOT BUSY: s2-contour-n288r-s16 deferred
waiting: 6 kernel(s) still unpushed; sleeping 300s
--- push attempt s2-contour-n288r-s16 2026-08-25T18:36:45Z ---
Warning: Looks like you're using an outdated `kaggle` version (installed: 2.2.1), please consider upgrading to the latest version (2.2.2)
Kernel push error: Maximum batch CPU session count of 5 reached.
SLOT BUSY: s2-contour-n288r-s16 deferred
waiting: 6 kernel(s) still unpushed; sleeping 300s
--- push attempt s2-contour-n288r-s16 2026-08-25T18:41:47Z ---
Warning: Looks like you're using an outdated `kaggle` version (installed: 2.2.1), please consider upgrading to the latest version (2.2.2)
Kernel version 1 successfully pushed.  Please check progress at https://www.kaggle.com/code/saarshai/s2-contour-n288r-s16
status: saarshai/s2-contour-n288r-s16 has status "KernelWorkerStatus.RUNNING"
PUSHED s2-contour-n288r-s16 (status confirms the kernel exists and has a run)
--- push attempt s2-contour-n288r-s17 2026-08-25T18:42:15Z ---
Warning: Looks like you're using an outdated `kaggle` version (installed: 2.2.1), please consider upgrading to the latest version (2.2.2)
Kernel push error: Maximum batch CPU session count of 5 reached.
SLOT BUSY: s2-contour-n288r-s17 deferred
waiting: 5 kernel(s) still unpushed; sleeping 300s
--- push attempt s2-contour-n288r-s17 2026-08-25T18:47:17Z ---
Warning: Looks like you're using an outdated `kaggle` version (installed: 2.2.1), please consider upgrading to the latest version (2.2.2)
Kernel push error: Maximum batch CPU session count of 5 reached.
SLOT BUSY: s2-contour-n288r-s17 deferred
waiting: 5 kernel(s) still unpushed; sleeping 300s
--- push attempt s2-contour-n288r-s17 2026-08-25T18:52:18Z ---
Warning: Looks like you're using an outdated `kaggle` version (installed: 2.2.1), please consider upgrading to the latest version (2.2.2)
Kernel push error: Maximum batch CPU session count of 5 reached.
SLOT BUSY: s2-contour-n288r-s17 deferred
waiting: 5 kernel(s) still unpushed; sleeping 300s
--- push attempt s2-contour-n288r-s17 2026-08-25T18:57:20Z ---
Warning: Looks like you're using an outdated `kaggle` version (installed: 2.2.1), please consider upgrading to the latest version (2.2.2)
Kernel push error: Maximum batch CPU session count of 5 reached.
SLOT BUSY: s2-contour-n288r-s17 deferred
waiting: 5 kernel(s) still unpushed; sleeping 300s
--- push attempt s2-contour-n288r-s17 2026-08-25T19:02:22Z ---
Warning: Looks like you're using an outdated `kaggle` version (installed: 2.2.1), please consider upgrading to the latest version (2.2.2)
Kernel push error: Maximum batch CPU session count of 5 reached.
SLOT BUSY: s2-contour-n288r-s17 deferred
waiting: 5 kernel(s) still unpushed; sleeping 300s
--- push attempt s2-contour-n288r-s17 2026-08-25T19:07:23Z ---
Warning: Looks like you're using an outdated `kaggle` version (installed: 2.2.1), please consider upgrading to the latest version (2.2.2)
Kernel push error: Maximum batch CPU session count of 5 reached.
SLOT BUSY: s2-contour-n288r-s17 deferred
waiting: 5 kernel(s) still unpushed; sleeping 300s
--- push attempt s2-contour-n288r-s17 2026-08-25T19:12:25Z ---
Warning: Looks like you're using an outdated `kaggle` version (installed: 2.2.1), please consider upgrading to the latest version (2.2.2)
Kernel push error: Maximum batch CPU session count of 5 reached.
SLOT BUSY: s2-contour-n288r-s17 deferred
waiting: 5 kernel(s) still unpushed; sleeping 300s
--- push attempt s2-contour-n288r-s17 2026-08-25T19:17:26Z ---
Warning: Looks like you're using an outdated `kaggle` version (installed: 2.2.1), please consider upgrading to the latest version (2.2.2)
Kernel push error: Maximum batch CPU session count of 5 reached.
SLOT BUSY: s2-contour-n288r-s17 deferred
waiting: 5 kernel(s) still unpushed; sleeping 300s
--- push attempt s2-contour-n288r-s17 2026-08-25T19:22:28Z ---
Warning: Looks like you're using an outdated `kaggle` version (installed: 2.2.1), please consider upgrading to the latest version (2.2.2)
Kernel push error: Maximum batch CPU session count of 5 reached.
SLOT BUSY: s2-contour-n288r-s17 deferred
waiting: 5 kernel(s) still unpushed; sleeping 300s
--- push attempt s2-contour-n288r-s17 2026-08-25T19:27:30Z ---
Warning: Looks like you're using an outdated `kaggle` version (installed: 2.2.1), please consider upgrading to the latest version (2.2.2)
Kernel push error: Maximum batch CPU session count of 5 reached.
SLOT BUSY: s2-contour-n288r-s17 deferred
waiting: 5 kernel(s) still unpushed; sleeping 300s
--- push attempt s2-contour-n288r-s17 2026-08-25T19:32:32Z ---
Warning: Looks like you're using an outdated `kaggle` version (installed: 2.2.1), please consider upgrading to the latest version (2.2.2)
Kernel push error: Maximum batch CPU session count of 5 reached.
SLOT BUSY: s2-contour-n288r-s17 deferred
waiting: 5 kernel(s) still unpushed; sleeping 300s
--- push attempt s2-contour-n288r-s17 2026-08-25T19:37:34Z ---
Warning: Looks like you're using an outdated `kaggle` version (installed: 2.2.1), please consider upgrading to the latest version (2.2.2)
Kernel push error: Maximum batch CPU session count of 5 reached.
SLOT BUSY: s2-contour-n288r-s17 deferred
waiting: 5 kernel(s) still unpushed; sleeping 300s
--- push attempt s2-contour-n288r-s17 2026-08-25T19:42:36Z ---
Warning: Looks like you're using an outdated `kaggle` version (installed: 2.2.1), please consider upgrading to the latest version (2.2.2)
Kernel push error: Maximum batch CPU session count of 5 reached.
SLOT BUSY: s2-contour-n288r-s17 deferred
waiting: 5 kernel(s) still unpushed; sleeping 300s
--- push attempt s2-contour-n288r-s17 2026-08-25T19:47:37Z ---
Warning: Looks like you're using an outdated `kaggle` version (installed: 2.2.1), please consider upgrading to the latest version (2.2.2)
Kernel version 1 successfully pushed.  Please check progress at https://www.kaggle.com/code/saarshai/s2-contour-n288r-s17
status: saarshai/s2-contour-n288r-s17 has status "KernelWorkerStatus.RUNNING"
PUSHED s2-contour-n288r-s17 (status confirms the kernel exists and has a run)
--- push attempt s2-contour-n288r-s18 2026-08-25T19:48:05Z ---
Warning: Looks like you're using an outdated `kaggle` version (installed: 2.2.1), please consider upgrading to the latest version (2.2.2)
Kernel push error: Maximum batch CPU session count of 5 reached.
SLOT BUSY: s2-contour-n288r-s18 deferred
waiting: 4 kernel(s) still unpushed; sleeping 300s
--- push attempt s2-contour-n288r-s18 2026-08-25T19:53:07Z ---
Warning: Looks like you're using an outdated `kaggle` version (installed: 2.2.1), please consider upgrading to the latest version (2.2.2)
Kernel push error: Maximum batch CPU session count of 5 reached.
SLOT BUSY: s2-contour-n288r-s18 deferred
waiting: 4 kernel(s) still unpushed; sleeping 300s
--- push attempt s2-contour-n288r-s18 2026-08-25T19:58:09Z ---
Warning: Looks like you're using an outdated `kaggle` version (installed: 2.2.1), please consider upgrading to the latest version (2.2.2)
Kernel push error: Maximum batch CPU session count of 5 reached.
SLOT BUSY: s2-contour-n288r-s18 deferred
waiting: 4 kernel(s) still unpushed; sleeping 300s
--- push attempt s2-contour-n288r-s18 2026-08-25T20:03:10Z ---
Warning: Looks like you're using an outdated `kaggle` version (installed: 2.2.1), please consider upgrading to the latest version (2.2.2)
Kernel push error: Maximum batch CPU session count of 5 reached.
SLOT BUSY: s2-contour-n288r-s18 deferred
waiting: 4 kernel(s) still unpushed; sleeping 300s
--- push attempt s2-contour-n288r-s18 2026-08-25T20:08:12Z ---
Warning: Looks like you're using an outdated `kaggle` version (installed: 2.2.1), please consider upgrading to the latest version (2.2.2)
Kernel push error: Maximum batch CPU session count of 5 reached.
SLOT BUSY: s2-contour-n288r-s18 deferred
waiting: 4 kernel(s) still unpushed; sleeping 300s
--- push attempt s2-contour-n288r-s18 2026-08-25T20:13:14Z ---
Warning: Looks like you're using an outdated `kaggle` version (installed: 2.2.1), please consider upgrading to the latest version (2.2.2)
Kernel push error: Maximum batch CPU session count of 5 reached.
SLOT BUSY: s2-contour-n288r-s18 deferred
waiting: 4 kernel(s) still unpushed; sleeping 300s
--- push attempt s2-contour-n288r-s18 2026-08-25T20:18:16Z ---
Warning: Looks like you're using an outdated `kaggle` version (installed: 2.2.1), please consider upgrading to the latest version (2.2.2)
Kernel push error: Maximum batch CPU session count of 5 reached.
SLOT BUSY: s2-contour-n288r-s18 deferred
waiting: 4 kernel(s) still unpushed; sleeping 300s
--- push attempt s2-contour-n288r-s18 2026-08-25T20:23:18Z ---
Warning: Looks like you're using an outdated `kaggle` version (installed: 2.2.1), please consider upgrading to the latest version (2.2.2)
Kernel push error: Maximum batch CPU session count of 5 reached.
SLOT BUSY: s2-contour-n288r-s18 deferred
waiting: 4 kernel(s) still unpushed; sleeping 300s
--- push attempt s2-contour-n288r-s18 2026-08-25T20:28:20Z ---
Warning: Looks like you're using an outdated `kaggle` version (installed: 2.2.1), please consider upgrading to the latest version (2.2.2)
Kernel push error: Maximum batch CPU session count of 5 reached.
SLOT BUSY: s2-contour-n288r-s18 deferred
waiting: 4 kernel(s) still unpushed; sleeping 300s
--- push attempt s2-contour-n288r-s18 2026-08-25T20:33:22Z ---
Warning: Looks like you're using an outdated `kaggle` version (installed: 2.2.1), please consider upgrading to the latest version (2.2.2)
Kernel push error: Maximum batch CPU session count of 5 reached.
SLOT BUSY: s2-contour-n288r-s18 deferred
waiting: 4 kernel(s) still unpushed; sleeping 300s
--- push attempt s2-contour-n288r-s18 2026-08-25T20:38:23Z ---
Warning: Looks like you're using an outdated `kaggle` version (installed: 2.2.1), please consider upgrading to the latest version (2.2.2)
Kernel push error: Maximum batch CPU session count of 5 reached.
SLOT BUSY: s2-contour-n288r-s18 deferred
waiting: 4 kernel(s) still unpushed; sleeping 300s
--- push attempt s2-contour-n288r-s18 2026-08-25T20:43:25Z ---
Warning: Looks like you're using an outdated `kaggle` version (installed: 2.2.1), please consider upgrading to the latest version (2.2.2)
Kernel push error: Maximum batch CPU session count of 5 reached.
SLOT BUSY: s2-contour-n288r-s18 deferred
waiting: 4 kernel(s) still unpushed; sleeping 300s
--- push attempt s2-contour-n288r-s18 2026-08-25T20:48:26Z ---
Warning: Looks like you're using an outdated `kaggle` version (installed: 2.2.1), please consider upgrading to the latest version (2.2.2)
Kernel push error: Maximum batch CPU session count of 5 reached.
SLOT BUSY: s2-contour-n288r-s18 deferred
waiting: 4 kernel(s) still unpushed; sleeping 300s
--- push attempt s2-contour-n288r-s18 2026-08-25T20:53:29Z ---
Warning: Looks like you're using an outdated `kaggle` version (installed: 2.2.1), please consider upgrading to the latest version (2.2.2)
Kernel push error: Maximum batch CPU session count of 5 reached.
SLOT BUSY: s2-contour-n288r-s18 deferred
waiting: 4 kernel(s) still unpushed; sleeping 300s
--- push attempt s2-contour-n288r-s18 2026-08-25T20:58:31Z ---
Warning: Looks like you're using an outdated `kaggle` version (installed: 2.2.1), please consider upgrading to the latest version (2.2.2)
Kernel push error: Maximum batch CPU session count of 5 reached.
SLOT BUSY: s2-contour-n288r-s18 deferred
waiting: 4 kernel(s) still unpushed; sleeping 300s
--- push attempt s2-contour-n288r-s18 2026-08-25T21:03:32Z ---
Warning: Looks like you're using an outdated `kaggle` version (installed: 2.2.1), please consider upgrading to the latest version (2.2.2)
Kernel push error: Maximum batch CPU session count of 5 reached.
SLOT BUSY: s2-contour-n288r-s18 deferred
waiting: 4 kernel(s) still unpushed; sleeping 300s
--- push attempt s2-contour-n288r-s18 2026-08-25T21:08:34Z ---
Warning: Looks like you're using an outdated `kaggle` version (installed: 2.2.1), please consider upgrading to the latest version (2.2.2)
Kernel push error: Maximum batch CPU session count of 5 reached.
SLOT BUSY: s2-contour-n288r-s18 deferred
waiting: 4 kernel(s) still unpushed; sleeping 300s
--- push attempt s2-contour-n288r-s18 2026-08-25T21:13:35Z ---
Warning: Looks like you're using an outdated `kaggle` version (installed: 2.2.1), please consider upgrading to the latest version (2.2.2)
Kernel push error: Maximum batch CPU session count of 5 reached.
SLOT BUSY: s2-contour-n288r-s18 deferred
waiting: 4 kernel(s) still unpushed; sleeping 300s
--- push attempt s2-contour-n288r-s18 2026-08-25T21:18:37Z ---
Warning: Looks like you're using an outdated `kaggle` version (installed: 2.2.1), please consider upgrading to the latest version (2.2.2)
Kernel push error: Maximum batch CPU session count of 5 reached.
SLOT BUSY: s2-contour-n288r-s18 deferred
waiting: 4 kernel(s) still unpushed; sleeping 300s
--- push attempt s2-contour-n288r-s18 2026-08-25T21:23:38Z ---
Warning: Looks like you're using an outdated `kaggle` version (installed: 2.2.1), please consider upgrading to the latest version (2.2.2)
Kernel push error: Maximum batch CPU session count of 5 reached.
SLOT BUSY: s2-contour-n288r-s18 deferred
waiting: 4 kernel(s) still unpushed; sleeping 300s
--- push attempt s2-contour-n288r-s18 2026-08-25T21:28:40Z ---
Warning: Looks like you're using an outdated `kaggle` version (installed: 2.2.1), please consider upgrading to the latest version (2.2.2)
Kernel push error: Maximum batch CPU session count of 5 reached.
SLOT BUSY: s2-contour-n288r-s18 deferred
waiting: 4 kernel(s) still unpushed; sleeping 300s
--- push attempt s2-contour-n288r-s18 2026-08-25T21:33:41Z ---
Warning: Looks like you're using an outdated `kaggle` version (installed: 2.2.1), please consider upgrading to the latest version (2.2.2)
Kernel push error: Maximum batch CPU session count of 5 reached.
SLOT BUSY: s2-contour-n288r-s18 deferred
waiting: 4 kernel(s) still unpushed; sleeping 300s
--- push attempt s2-contour-n288r-s18 2026-08-25T21:38:43Z ---
Warning: Looks like you're using an outdated `kaggle` version (installed: 2.2.1), please consider upgrading to the latest version (2.2.2)
Kernel push error: Maximum batch CPU session count of 5 reached.
SLOT BUSY: s2-contour-n288r-s18 deferred
waiting: 4 kernel(s) still unpushed; sleeping 300s
--- push attempt s2-contour-n288r-s18 2026-08-25T21:43:44Z ---
Warning: Looks like you're using an outdated `kaggle` version (installed: 2.2.1), please consider upgrading to the latest version (2.2.2)
Kernel push error: Maximum batch CPU session count of 5 reached.
SLOT BUSY: s2-contour-n288r-s18 deferred
waiting: 4 kernel(s) still unpushed; sleeping 300s
--- push attempt s2-contour-n288r-s18 2026-08-25T21:48:46Z ---
Warning: Looks like you're using an outdated `kaggle` version (installed: 2.2.1), please consider upgrading to the latest version (2.2.2)
Kernel push error: Maximum batch CPU session count of 5 reached.
SLOT BUSY: s2-contour-n288r-s18 deferred
waiting: 4 kernel(s) still unpushed; sleeping 300s
--- push attempt s2-contour-n288r-s18 2026-08-25T21:53:47Z ---
Warning: Looks like you're using an outdated `kaggle` version (installed: 2.2.1), please consider upgrading to the latest version (2.2.2)
Kernel push error: Maximum batch CPU session count of 5 reached.
SLOT BUSY: s2-contour-n288r-s18 deferred
waiting: 4 kernel(s) still unpushed; sleeping 300s
--- push attempt s2-contour-n288r-s18 2026-08-25T21:58:49Z ---
Warning: Looks like you're using an outdated `kaggle` version (installed: 2.2.1), please consider upgrading to the latest version (2.2.2)
Kernel push error: Maximum batch CPU session count of 5 reached.
SLOT BUSY: s2-contour-n288r-s18 deferred
waiting: 4 kernel(s) still unpushed; sleeping 300s
--- push attempt s2-contour-n288r-s18 2026-08-25T22:03:51Z ---
Warning: Looks like you're using an outdated `kaggle` version (installed: 2.2.1), please consider upgrading to the latest version (2.2.2)
Kernel push error: Maximum batch CPU session count of 5 reached.
SLOT BUSY: s2-contour-n288r-s18 deferred
waiting: 4 kernel(s) still unpushed; sleeping 300s
--- push attempt s2-contour-n288r-s18 2026-08-25T22:08:52Z ---
Warning: Looks like you're using an outdated `kaggle` version (installed: 2.2.1), please consider upgrading to the latest version (2.2.2)
Kernel push error: Maximum batch CPU session count of 5 reached.
SLOT BUSY: s2-contour-n288r-s18 deferred
waiting: 4 kernel(s) still unpushed; sleeping 300s
--- push attempt s2-contour-n288r-s18 2026-08-25T22:13:54Z ---
Warning: Looks like you're using an outdated `kaggle` version (installed: 2.2.1), please consider upgrading to the latest version (2.2.2)
Kernel push error: Maximum batch CPU session count of 5 reached.
SLOT BUSY: s2-contour-n288r-s18 deferred
waiting: 4 kernel(s) still unpushed; sleeping 300s
--- push attempt s2-contour-n288r-s18 2026-08-25T22:18:56Z ---
Warning: Looks like you're using an outdated `kaggle` version (installed: 2.2.1), please consider upgrading to the latest version (2.2.2)
Kernel push error: Maximum batch CPU session count of 5 reached.
SLOT BUSY: s2-contour-n288r-s18 deferred
waiting: 4 kernel(s) still unpushed; sleeping 300s
--- push attempt s2-contour-n288r-s18 2026-08-25T22:23:57Z ---
Warning: Looks like you're using an outdated `kaggle` version (installed: 2.2.1), please consider upgrading to the latest version (2.2.2)
Kernel push error: Maximum batch CPU session count of 5 reached.
SLOT BUSY: s2-contour-n288r-s18 deferred
waiting: 4 kernel(s) still unpushed; sleeping 300s
--- push attempt s2-contour-n288r-s18 2026-08-25T22:28:59Z ---
Warning: Looks like you're using an outdated `kaggle` version (installed: 2.2.1), please consider upgrading to the latest version (2.2.2)
Kernel push error: Maximum batch CPU session count of 5 reached.
SLOT BUSY: s2-contour-n288r-s18 deferred
waiting: 4 kernel(s) still unpushed; sleeping 300s
--- push attempt s2-contour-n288r-s18 2026-08-25T22:34:00Z ---
Warning: Looks like you're using an outdated `kaggle` version (installed: 2.2.1), please consider upgrading to the latest version (2.2.2)
Kernel push error: Maximum batch CPU session count of 5 reached.
SLOT BUSY: s2-contour-n288r-s18 deferred
waiting: 4 kernel(s) still unpushed; sleeping 300s
--- push attempt s2-contour-n288r-s18 2026-08-25T22:39:02Z ---
Warning: Looks like you're using an outdated `kaggle` version (installed: 2.2.1), please consider upgrading to the latest version (2.2.2)
Kernel push error: Maximum batch CPU session count of 5 reached.
SLOT BUSY: s2-contour-n288r-s18 deferred
waiting: 4 kernel(s) still unpushed; sleeping 300s
--- push attempt s2-contour-n288r-s18 2026-08-25T22:44:04Z ---
Warning: Looks like you're using an outdated `kaggle` version (installed: 2.2.1), please consider upgrading to the latest version (2.2.2)
Kernel push error: Maximum batch CPU session count of 5 reached.
SLOT BUSY: s2-contour-n288r-s18 deferred
waiting: 4 kernel(s) still unpushed; sleeping 300s
--- push attempt s2-contour-n288r-s18 2026-08-25T22:49:06Z ---
Warning: Looks like you're using an outdated `kaggle` version (installed: 2.2.1), please consider upgrading to the latest version (2.2.2)
Kernel push error: Maximum batch CPU session count of 5 reached.
SLOT BUSY: s2-contour-n288r-s18 deferred
waiting: 4 kernel(s) still unpushed; sleeping 300s
--- push attempt s2-contour-n288r-s18 2026-08-25T22:54:08Z ---
Warning: Looks like you're using an outdated `kaggle` version (installed: 2.2.1), please consider upgrading to the latest version (2.2.2)
Kernel push error: Maximum batch CPU session count of 5 reached.
SLOT BUSY: s2-contour-n288r-s18 deferred
waiting: 4 kernel(s) still unpushed; sleeping 300s
--- push attempt s2-contour-n288r-s18 2026-08-25T22:59:09Z ---
Warning: Looks like you're using an outdated `kaggle` version (installed: 2.2.1), please consider upgrading to the latest version (2.2.2)
Kernel push error: Maximum batch CPU session count of 5 reached.
SLOT BUSY: s2-contour-n288r-s18 deferred
waiting: 4 kernel(s) still unpushed; sleeping 300s
--- push attempt s2-contour-n288r-s18 2026-08-25T23:04:11Z ---
Warning: Looks like you're using an outdated `kaggle` version (installed: 2.2.1), please consider upgrading to the latest version (2.2.2)
Kernel push error: Maximum batch CPU session count of 5 reached.
SLOT BUSY: s2-contour-n288r-s18 deferred
waiting: 4 kernel(s) still unpushed; sleeping 300s
--- push attempt s2-contour-n288r-s18 2026-08-25T23:09:13Z ---
Warning: Looks like you're using an outdated `kaggle` version (installed: 2.2.1), please consider upgrading to the latest version (2.2.2)
Kernel push error: Maximum batch CPU session count of 5 reached.
SLOT BUSY: s2-contour-n288r-s18 deferred
waiting: 4 kernel(s) still unpushed; sleeping 300s
--- push attempt s2-contour-n288r-s18 2026-08-25T23:14:14Z ---
Warning: Looks like you're using an outdated `kaggle` version (installed: 2.2.1), please consider upgrading to the latest version (2.2.2)
Kernel push error: Maximum batch CPU session count of 5 reached.
SLOT BUSY: s2-contour-n288r-s18 deferred
waiting: 4 kernel(s) still unpushed; sleeping 300s
--- push attempt s2-contour-n288r-s18 2026-08-25T23:19:16Z ---
Warning: Looks like you're using an outdated `kaggle` version (installed: 2.2.1), please consider upgrading to the latest version (2.2.2)
Kernel push error: Maximum batch CPU session count of 5 reached.
SLOT BUSY: s2-contour-n288r-s18 deferred
waiting: 4 kernel(s) still unpushed; sleeping 300s
--- push attempt s2-contour-n288r-s18 2026-08-25T23:24:17Z ---
Warning: Looks like you're using an outdated `kaggle` version (installed: 2.2.1), please consider upgrading to the latest version (2.2.2)
Kernel push error: Maximum batch CPU session count of 5 reached.
SLOT BUSY: s2-contour-n288r-s18 deferred
waiting: 4 kernel(s) still unpushed; sleeping 300s
--- push attempt s2-contour-n288r-s18 2026-08-25T23:29:19Z ---
Warning: Looks like you're using an outdated `kaggle` version (installed: 2.2.1), please consider upgrading to the latest version (2.2.2)
Kernel push error: Maximum batch CPU session count of 5 reached.
SLOT BUSY: s2-contour-n288r-s18 deferred
waiting: 4 kernel(s) still unpushed; sleeping 300s
--- push attempt s2-contour-n288r-s18 2026-08-25T23:34:21Z ---
Warning: Looks like you're using an outdated `kaggle` version (installed: 2.2.1), please consider upgrading to the latest version (2.2.2)
Kernel version 1 successfully pushed.  Please check progress at https://www.kaggle.com/code/saarshai/s2-contour-n288r-s18
status: saarshai/s2-contour-n288r-s18 has status "KernelWorkerStatus.RUNNING"
PUSHED s2-contour-n288r-s18 (status confirms the kernel exists and has a run)
--- push attempt s2-contour-n288r-s19 2026-08-25T23:34:48Z ---
Warning: Looks like you're using an outdated `kaggle` version (installed: 2.2.1), please consider upgrading to the latest version (2.2.2)
Kernel push error: Maximum batch CPU session count of 5 reached.
SLOT BUSY: s2-contour-n288r-s19 deferred
waiting: 3 kernel(s) still unpushed; sleeping 300s
--- push attempt s2-contour-n288r-s19 2026-08-25T23:39:50Z ---
Warning: Looks like you're using an outdated `kaggle` version (installed: 2.2.1), please consider upgrading to the latest version (2.2.2)
Kernel push error: Maximum batch CPU session count of 5 reached.
SLOT BUSY: s2-contour-n288r-s19 deferred
waiting: 3 kernel(s) still unpushed; sleeping 300s
--- push attempt s2-contour-n288r-s19 2026-08-25T23:44:52Z ---
Warning: Looks like you're using an outdated `kaggle` version (installed: 2.2.1), please consider upgrading to the latest version (2.2.2)
Kernel push error: Maximum batch CPU session count of 5 reached.
SLOT BUSY: s2-contour-n288r-s19 deferred
waiting: 3 kernel(s) still unpushed; sleeping 300s
--- push attempt s2-contour-n288r-s19 2026-08-25T23:49:54Z ---
Warning: Looks like you're using an outdated `kaggle` version (installed: 2.2.1), please consider upgrading to the latest version (2.2.2)
Kernel push error: Maximum batch CPU session count of 5 reached.
SLOT BUSY: s2-contour-n288r-s19 deferred
waiting: 3 kernel(s) still unpushed; sleeping 300s
--- push attempt s2-contour-n288r-s19 2026-08-25T23:54:55Z ---
Warning: Looks like you're using an outdated `kaggle` version (installed: 2.2.1), please consider upgrading to the latest version (2.2.2)
Kernel push error: Maximum batch CPU session count of 5 reached.
SLOT BUSY: s2-contour-n288r-s19 deferred
waiting: 3 kernel(s) still unpushed; sleeping 300s
--- push attempt s2-contour-n288r-s19 2026-08-25T23:59:57Z ---
Warning: Looks like you're using an outdated `kaggle` version (installed: 2.2.1), please consider upgrading to the latest version (2.2.2)
Kernel push error: Maximum batch CPU session count of 5 reached.
SLOT BUSY: s2-contour-n288r-s19 deferred
waiting: 3 kernel(s) still unpushed; sleeping 300s
--- push attempt s2-contour-n288r-s19 2026-08-26T00:04:59Z ---
Warning: Looks like you're using an outdated `kaggle` version (installed: 2.2.1), please consider upgrading to the latest version (2.2.2)
Kernel push error: Maximum batch CPU session count of 5 reached.
SLOT BUSY: s2-contour-n288r-s19 deferred
waiting: 3 kernel(s) still unpushed; sleeping 300s
--- push attempt s2-contour-n288r-s19 2026-08-26T00:10:00Z ---
Warning: Looks like you're using an outdated `kaggle` version (installed: 2.2.1), please consider upgrading to the latest version (2.2.2)
Kernel push error: Maximum batch CPU session count of 5 reached.
SLOT BUSY: s2-contour-n288r-s19 deferred
waiting: 3 kernel(s) still unpushed; sleeping 300s
--- push attempt s2-contour-n288r-s19 2026-08-26T00:15:02Z ---
Warning: Looks like you're using an outdated `kaggle` version (installed: 2.2.1), please consider upgrading to the latest version (2.2.2)
Kernel push error: Maximum batch CPU session count of 5 reached.
SLOT BUSY: s2-contour-n288r-s19 deferred
waiting: 3 kernel(s) still unpushed; sleeping 300s
--- push attempt s2-contour-n288r-s19 2026-08-26T00:20:03Z ---
Warning: Looks like you're using an outdated `kaggle` version (installed: 2.2.1), please consider upgrading to the latest version (2.2.2)
Kernel push error: Maximum batch CPU session count of 5 reached.
SLOT BUSY: s2-contour-n288r-s19 deferred
waiting: 3 kernel(s) still unpushed; sleeping 300s
--- push attempt s2-contour-n288r-s19 2026-08-26T00:25:05Z ---
Warning: Looks like you're using an outdated `kaggle` version (installed: 2.2.1), please consider upgrading to the latest version (2.2.2)
Kernel push error: Maximum batch CPU session count of 5 reached.
SLOT BUSY: s2-contour-n288r-s19 deferred
waiting: 3 kernel(s) still unpushed; sleeping 300s
--- push attempt s2-contour-n288r-s19 2026-08-26T00:30:06Z ---
Warning: Looks like you're using an outdated `kaggle` version (installed: 2.2.1), please consider upgrading to the latest version (2.2.2)
Kernel push error: Maximum batch CPU session count of 5 reached.
SLOT BUSY: s2-contour-n288r-s19 deferred
waiting: 3 kernel(s) still unpushed; sleeping 300s
--- push attempt s2-contour-n288r-s19 2026-08-26T00:35:08Z ---
Warning: Looks like you're using an outdated `kaggle` version (installed: 2.2.1), please consider upgrading to the latest version (2.2.2)
Kernel push error: Maximum batch CPU session count of 5 reached.
SLOT BUSY: s2-contour-n288r-s19 deferred
waiting: 3 kernel(s) still unpushed; sleeping 300s
--- push attempt s2-contour-n288r-s19 2026-08-26T00:40:09Z ---
Warning: Looks like you're using an outdated `kaggle` version (installed: 2.2.1), please consider upgrading to the latest version (2.2.2)
Kernel push error: Maximum batch CPU session count of 5 reached.
SLOT BUSY: s2-contour-n288r-s19 deferred
waiting: 3 kernel(s) still unpushed; sleeping 300s
--- push attempt s2-contour-n288r-s19 2026-08-26T00:45:11Z ---
Warning: Looks like you're using an outdated `kaggle` version (installed: 2.2.1), please consider upgrading to the latest version (2.2.2)
Kernel push error: Maximum batch CPU session count of 5 reached.
SLOT BUSY: s2-contour-n288r-s19 deferred
waiting: 3 kernel(s) still unpushed; sleeping 300s
--- push attempt s2-contour-n288r-s19 2026-08-26T00:50:12Z ---
Warning: Looks like you're using an outdated `kaggle` version (installed: 2.2.1), please consider upgrading to the latest version (2.2.2)
Kernel push error: Maximum batch CPU session count of 5 reached.
SLOT BUSY: s2-contour-n288r-s19 deferred
waiting: 3 kernel(s) still unpushed; sleeping 300s
--- push attempt s2-contour-n288r-s19 2026-08-26T00:55:14Z ---
Warning: Looks like you're using an outdated `kaggle` version (installed: 2.2.1), please consider upgrading to the latest version (2.2.2)
Kernel push error: Maximum batch CPU session count of 5 reached.
SLOT BUSY: s2-contour-n288r-s19 deferred
waiting: 3 kernel(s) still unpushed; sleeping 300s
--- push attempt s2-contour-n288r-s19 2026-08-26T01:00:15Z ---
Warning: Looks like you're using an outdated `kaggle` version (installed: 2.2.1), please consider upgrading to the latest version (2.2.2)
Kernel push error: Maximum batch CPU session count of 5 reached.
SLOT BUSY: s2-contour-n288r-s19 deferred
waiting: 3 kernel(s) still unpushed; sleeping 300s
--- push attempt s2-contour-n288r-s19 2026-08-26T01:05:17Z ---
Warning: Looks like you're using an outdated `kaggle` version (installed: 2.2.1), please consider upgrading to the latest version (2.2.2)
Kernel push error: Maximum batch CPU session count of 5 reached.
SLOT BUSY: s2-contour-n288r-s19 deferred
waiting: 3 kernel(s) still unpushed; sleeping 300s
--- push attempt s2-contour-n288r-s19 2026-08-26T01:10:19Z ---
Warning: Looks like you're using an outdated `kaggle` version (installed: 2.2.1), please consider upgrading to the latest version (2.2.2)
Kernel push error: Maximum batch CPU session count of 5 reached.
SLOT BUSY: s2-contour-n288r-s19 deferred
waiting: 3 kernel(s) still unpushed; sleeping 300s
--- push attempt s2-contour-n288r-s19 2026-08-26T01:15:20Z ---
Warning: Looks like you're using an outdated `kaggle` version (installed: 2.2.1), please consider upgrading to the latest version (2.2.2)
Kernel version 1 successfully pushed.  Please check progress at https://www.kaggle.com/code/saarshai/s2-contour-n288r-s19
status: saarshai/s2-contour-n288r-s19 has status "KernelWorkerStatus.RUNNING"
PUSHED s2-contour-n288r-s19 (status confirms the kernel exists and has a run)
--- push attempt s2-contour-n288r-s20 2026-08-26T01:15:48Z ---
Warning: Looks like you're using an outdated `kaggle` version (installed: 2.2.1), please consider upgrading to the latest version (2.2.2)
Kernel version 1 successfully pushed.  Please check progress at https://www.kaggle.com/code/saarshai/s2-contour-n288r-s20
status: saarshai/s2-contour-n288r-s20 has status "KernelWorkerStatus.RUNNING"
PUSHED s2-contour-n288r-s20 (status confirms the kernel exists and has a run)
--- push attempt s2-contour-n288r-s21 2026-08-26T01:16:16Z ---
Warning: Looks like you're using an outdated `kaggle` version (installed: 2.2.1), please consider upgrading to the latest version (2.2.2)
Kernel version 1 successfully pushed.  Please check progress at https://www.kaggle.com/code/saarshai/s2-contour-n288r-s21
status: saarshai/s2-contour-n288r-s21 has status "KernelWorkerStatus.RUNNING"
PUSHED s2-contour-n288r-s21 (status confirms the kernel exists and has a run)
=== ALL 16 S2 KERNELS PUSHED 2026-08-26T01:16:44Z ===
=== FINAL STATUSES 2026-08-26T01:16:44Z ===
s2-contour-n288r-s00: saarshai/s2-contour-n288r-s00 has status "KernelWorkerStatus.COMPLETE"
s2-contour-n288r-s01: saarshai/s2-contour-n288r-s01 has status "KernelWorkerStatus.COMPLETE"
s2-contour-n288r-s02: saarshai/s2-contour-n288r-s02 has status "KernelWorkerStatus.COMPLETE"
s2-contour-n288r-s03: saarshai/s2-contour-n288r-s03 has status "KernelWorkerStatus.COMPLETE"
s2-contour-n288r-s04: saarshai/s2-contour-n288r-s04 has status "KernelWorkerStatus.COMPLETE"
s2-contour-n288r-s05: saarshai/s2-contour-n288r-s05 has status "KernelWorkerStatus.COMPLETE"
s2-contour-n288r-s06: saarshai/s2-contour-n288r-s06 has status "KernelWorkerStatus.COMPLETE"
s2-contour-n288r-s07: saarshai/s2-contour-n288r-s07 has status "KernelWorkerStatus.COMPLETE"
s2-contour-n288r-s08: saarshai/s2-contour-n288r-s08 has status "KernelWorkerStatus.COMPLETE"
s2-contour-n288r-s09: saarshai/s2-contour-n288r-s09 has status "KernelWorkerStatus.COMPLETE"
s2-contour-n288r-s10: saarshai/s2-contour-n288r-s10 has status "KernelWorkerStatus.COMPLETE"
s2-contour-n288r-s11: saarshai/s2-contour-n288r-s11 has status "KernelWorkerStatus.COMPLETE"
s2-contour-n288r-s12: saarshai/s2-contour-n288r-s12 has status "KernelWorkerStatus.COMPLETE"
s2-contour-n288r-s13: saarshai/s2-contour-n288r-s13 has status "KernelWorkerStatus.COMPLETE"
s2-contour-n288r-s14: saarshai/s2-contour-n288r-s14 has status "KernelWorkerStatus.COMPLETE"
s2-contour-n288r-s15: saarshai/s2-contour-n288r-s15 has status "KernelWorkerStatus.COMPLETE"
s2-contour-n288r-s16: saarshai/s2-contour-n288r-s16 has status "KernelWorkerStatus.COMPLETE"
s2-contour-n288r-s17: saarshai/s2-contour-n288r-s17 has status "KernelWorkerStatus.RUNNING"
s2-contour-n288r-s18: saarshai/s2-contour-n288r-s18 has status "KernelWorkerStatus.RUNNING"
s2-contour-n288r-s19: saarshai/s2-contour-n288r-s19 has status "KernelWorkerStatus.RUNNING"
s2-contour-n288r-s20: saarshai/s2-contour-n288r-s20 has status "KernelWorkerStatus.RUNNING"
s2-contour-n288r-s21: saarshai/s2-contour-n288r-s21 has status "KernelWorkerStatus.RUNNING"
=== S2 CONTOUR KAGGLE PUSHER DONE 2026-08-26T01:17:01Z ===
