info: mathlib: cloning https://github.com/leanprover-community/mathlib4.git
info: mathlib: checking out revision '8f9d9cff6bd728b17a24e163c9402775d9e6a365'
info: plausible: cloning https://github.com/leanprover-community/plausible
info: plausible: checking out revision '55c8532eb21ec9f6d565d51d96b8ca50bd1fbef3'
info: LeanSearchClient: cloning https://github.com/leanprover-community/LeanSearchClient
info: LeanSearchClient: checking out revision 'c5d5b8fe6e5158def25cd28eb94e4141ad97c843'
info: importGraph: cloning https://github.com/leanprover-community/import-graph
info: importGraph: checking out revision '85b59af46828c029a9168f2f9c35119bd0721e6e'
info: proofwidgets: cloning https://github.com/leanprover-community/ProofWidgets4
info: proofwidgets: checking out revision 'be3b2e63b1bbf496c478cef98b86972a37c1417d'
info: aesop: cloning https://github.com/leanprover-community/aesop
info: aesop: checking out revision 'f642a64c76df8ba9cb53dba3b919425a0c2aeaf1'
info: Qq: cloning https://github.com/leanprover-community/quote4
info: Qq: checking out revision 'b8f98e9087e02c8553945a2c5abf07cec8e798c3'
info: batteries: cloning https://github.com/leanprover-community/batteries
info: batteries: checking out revision '495c008c3e3f4fb4256ff5582ddb3abf3198026f'
info: Cli: cloning https://github.com/leanprover/lean4-cli
info: Cli: checking out revision '4f10f47646cb7d5748d6f423f4a07f98f7bbcc9e'
✔ [9/2672] Built Mathlib.Tactic.Linter.DirectoryDependency (835ms)
✔ [14/2673] Built Batteries.Util.Pickle (514ms)
✔ [15/2673] Built Batteries.Util.Cache (835ms)
✔ [16/2673] Built Batteries.Util.ExtendedBinder (945ms)
✔ [17/2673] Built Batteries.Tactic.PermuteGoals (1.1s)
✔ [19/2673] Built Batteries.Lean.Syntax (404ms)
✔ [21/2673] Built Batteries.Tactic.Lemma (1.2s)
✔ [22/2673] Built Batteries.Tactic.NoMatch (1.3s)
✔ [23/2673] Built Batteries.Tactic.PrintOpaques (1.3s)
✔ [24/2673] Built Batteries.Tactic.ShowUnused (1.4s)
✔ [25/2673] Built Batteries.Lean.PersistentHashSet (508ms)
✔ [26/2673] Built Batteries.Tactic.Instances (1.3s)
✔ [27/2673] Built Batteries.Tactic.PrintDependents (1.4s)
✔ [28/2673] Built Batteries.Lean.MonadBacktrack (383ms)
✔ [29/2673] Built Batteries.Lean.Meta.UnusedNames (622ms)
✔ [30/2673] Built Batteries.Lean.NameMapAttribute (617ms)
✔ [31/2673] Built Batteries.Tactic.Congr (1.5s)
✔ [32/2673] Built Batteries.Lean.Meta.Expr (522ms)
✔ [33/2673] Built Batteries.Lean.PersistentHashMap (567ms)
✔ [34/2673] Built Batteries.Lean.HashSet (523ms)
✔ [35/2673] Built Batteries.Lean.Meta.Inaccessible (657ms)
✔ [36/2673] Built Batteries.Data.Vector.Basic (427ms)
✔ [37/2673] Built Batteries.Lean.IO.Process (634ms)
✔ [38/2673] Built Mathlib.Tactic.Linter.Header (2.1s)
✔ [39/2673] Built Batteries.Util.Panic (477ms)
✔ [40/2673] Built Batteries.Lean.LawfulMonad (788ms)
✔ [41/2673] Built Batteries.Lean.LawfulMonadLift (841ms)
✔ [42/2673] Built Batteries.Data.String.AsciiCasing (475ms)
✔ [43/2673] Built Batteries.Data.String.Basic (627ms)
✔ [44/2673] Built Batteries.Data.Vector.Lemmas (867ms)
✔ [45/2673] Built Batteries.Lean.Expr (955ms)
✔ [46/2673] Built Batteries.Data.Stream (673ms)
✔ [47/2673] Built Batteries.Data.RunningStats (634ms)
✔ [48/2673] Built Batteries.Tactic.Case (2.3s)
✔ [49/2673] Built Batteries.Data.NameSet (559ms)
✔ [50/2673] Built Batteries.Lean.Float (729ms)
✔ [51/2673] Built Batteries.Tactic.OpenPrivate (1.6s)
✔ [52/2673] Built Batteries.Lean.System.IO (514ms)
✔ [53/2673] Built Batteries.Data.Nat.Bitwise (721ms)
✔ [54/2673] Built Batteries.Lean.HashMap (521ms)
✔ [55/2673] Built Batteries.Data.FloatArray (634ms)
✔ [56/2673] Built Batteries.Data.BitVec.Basic (561ms)
✔ [57/2673] Built Batteries.Data.DList.Basic (773ms)
✔ [58/2673] Built Batteries.Data.Nat.Digits (1.2s)
✔ [59/2673] Built Batteries.Data.Array.Init.Lemmas (494ms)
✔ [60/2673] Built Batteries.Data.Bool (610ms)
✔ [61/2673] Built Batteries.Data.ByteSlice (963ms)
✔ [62/2673] Built Batteries.Data.String.Legacy (1.7s)
✔ [63/2673] Built Batteries.Data.Nat.Basic (994ms)
✔ [64/2673] Built Batteries.Data.ByteArray (1.1s)
✔ [65/2673] Built Batteries.Tactic.SqueezeScope (3.8s)
✔ [66/2673] Built Batteries.Control.ForInStep.Basic (595ms)
✔ [67/2673] Built Batteries.Data.List.Init.Lemmas (587ms)
✔ [68/2673] Built Batteries.Tactic.Trans (4.0s)
✔ [69/2673] Built Batteries.Control.Lemmas (744ms)
✔ [70/2673] Built Batteries.Lean.Position (699ms)
✔ [71/2673] Built Batteries.Data.List.ArrayMap (861ms)
✔ [72/2677] Built Batteries.Classes.RatCast (599ms)
✔ [73/2677] Built Batteries.Lean.Except (699ms)
✔ [74/2677] Built Batteries.Tactic.Lint.Basic (1.5s)
✔ [75/2677] Built Batteries.Data.Random.MersenneTwister (2.4s)
✔ [82/2677] Built Batteries.Control.LawfulMonadState (1.6s)
✔ [83/2677] Built Batteries.Data.Array.Merge (1.8s)
✔ [84/2677] Built Batteries.Lean.EStateM (994ms)
✔ [85/2677] Built Batteries.Data.Array.Match (1.4s)
✔ [86/2677] Built Batteries.Lean.TagAttribute (616ms)
✔ [87/2677] Built Batteries.Util.ProofWanted (1.1s)
✔ [88/2677] Built Batteries.CodeAction.Attr (1.3s)
✔ [89/2677] Built Batteries.Tactic.Unreachable (779ms)
✔ [90/2677] Built Batteries.CodeAction.Deprecated (1.7s)
✔ [91/2677] Built Batteries.Tactic.SeqFocus (1.3s)
✔ [92/2677] Built Mathlib.Lean.Elab.Tactic.Meta (1.0s)
✔ [93/2677] Built Mathlib.Lean.Environment (997ms)
✔ [94/2677] Built Mathlib.Util.ParseCommand (1.2s)
✔ [95/2677] Built Batteries.Util.LibraryNote (1.3s)
✔ [96/2677] Built Batteries.Tactic.Init (1.7s)
✔ [97/2677] Built Mathlib.Tactic.Linter.PrivateModule (1.1s)
✔ [98/2677] Built Mathlib.Tactic.Linter.OldObtain (1.0s)
✔ [99/2677] Built Mathlib.Tactic.Linter.UnusedTacticExtension (1.2s)
✔ [100/2677] Built Batteries.Data.BinaryHeap.Basic (3.3s)
✔ [101/2677] Built Mathlib.Tactic.DeclarationNames (999ms)
✔ [102/2677] Built Mathlib.Tactic.Linter.Multigoal (1.2s)
✔ [103/2677] Built Mathlib.Tactic.Linter.GlobalAttributeIn (1.0s)
✔ [104/2677] Built Mathlib.Tactic.Linter.HashCommandLinter (1.2s)
✔ [105/2677] Built Mathlib.Lean.Expr.Basic (1.6s)
✔ [106/2677] Built Batteries.Data.Rat.Float (447ms)
✔ [107/2677] Built Batteries.Lean.Json (596ms)
✔ [108/2677] Built Mathlib.Tactic.Linter.Whitespace (1.9s)
✔ [109/2677] Built Batteries.Data.DList.Lemmas (535ms)
✔ [110/2677] Built Mathlib.Lean.Linter (823ms)
✔ [111/2677] Built Batteries.Control.ForInStep.Lemmas (494ms)
✔ [112/2677] Built Mathlib.Tactic.Linter.EmptyLine (1.4s)
✔ [113/2677] Built Mathlib.Tactic.Linter.DocString (1.4s)
✔ [114/2677] Built Mathlib.Tactic.Linter.TacticDocumentation (787ms)
✔ [115/2677] Built Batteries.Lean.Meta.Simp (1.2s)
✔ [116/2677] Built Batteries.Tactic.Lint.TypeClass (777ms)
✔ [117/2677] Built Mathlib.Tactic.Linter.DeprecatedSyntaxLinter (1.6s)
✔ [118/2677] Built Aesop.Search.Expansion.Simp (809ms)
✔ [119/2677] Built Mathlib.Tactic.Linter.DocPrime (1.8s)
✔ [120/2677] Built Aesop.Util.OrderedHashSet (606ms)
✔ [121/2677] Built Batteries.Tactic.Lint.Misc (1.2s)
✔ [122/2677] Built Mathlib.Tactic.Linter.FlexibleLinter (2.5s)
✔ [123/2677] Built Aesop.Percent (612ms)
✔ [124/2677] Built Aesop.Nanos (618ms)
✔ [125/2677] Built Aesop.Util.UnionFind (783ms)
✔ [126/2677] Built Aesop.Rule.Name (910ms)
✔ [127/2677] Built Batteries.Tactic.Lint.Frontend (2.4s)
✔ [128/2677] Built Aesop.Forward.SlotIndex (549ms)
✔ [129/2677] Built Aesop.Forward.LevelIndex (515ms)
✔ [130/2677] Built Aesop.Script.Tactic (1.6s)
✔ [131/2677] Built Aesop.Script.GoalWithMVars (1.8s)
✔ [132/2677] Built Aesop.Util.Tactic (1.8s)
✔ [133/2677] Built Aesop.RuleSet.Name (2.2s)
✔ [134/2677] Built Aesop.Frontend.Basic (2.4s)
✔ [135/2677] Built Aesop.Forward.PremiseIndex (547ms)
✔ [136/2677] Built Aesop.ElabM (1.9s)
✔ [137/2677] Built Aesop.Exception (2.5s)
✔ [139/2680] Built Aesop.RuleTac.FVarIdSubst (1.8s)
✔ [140/2680] Built Aesop.Script.OptimizeSyntax (2.7s)
✔ [142/2680] Built Aesop.Util.Unfold (2.4s)
✔ [143/2680] Built Aesop.Index.DiscrTreeConfig (1.5s)
✔ [144/2680] Built ImportGraph.Graph.TransitiveClosure (668ms)
✔ [145/2680] Built ImportGraph.Lean.Environment (720ms)
✔ [146/2680] Built Aesop.Check (872ms)
✔ [147/2680] Built ImportGraph.Imports.ImportGraph (822ms)
✔ [148/2680] Built Batteries.Data.Random (515ms)
✔ [149/2680] Built Plausible.Attr (768ms)
✔ [150/2680] Built Qq.SortLocalDecls (994ms)
✔ [151/2680] Built Batteries.Lean.Meta.DiscrTree (661ms)
✔ [152/2680] Built Plausible.Random (1.0s)
✔ [153/2680] Built Batteries.Data.String.Matcher (631ms)
✔ [154/2680] Built Aesop.Util.UnorderedArraySet (813ms)
✔ [155/2680] Built Batteries.Data.List.Matcher (682ms)
✔ [156/2680] Built Batteries.Control.OptionT (853ms)
✔ [157/2680] Built Batteries.Lean.AttributeExtra (795ms)
✔ [158/2680] Built Qq.ForLean.ToExpr (1.8s)
✔ [159/2680] Built Qq.Typ (1.8s)
✔ [160/2680] Built Qq.ForLean.Do (1.8s)
✔ [161/2680] Built Aesop.Options.Public (2.1s)
✔ [162/2680] Built Qq.ForLean.ReduceEval (1.8s)
✔ [163/2681] Built Batteries.Tactic.GeneralizeProofs (5.1s)
✔ [164/2681] Built Batteries.Classes.Cast (681ms)
✔ [165/2681] Built Batteries.Classes.SatisfiesM (1.3s)
✔ [166/2681] Built Batteries.Data.BinaryHeap (445ms)
✔ [167/2681] Built Batteries.Data.Rat (393ms)
✔ [168/2681] Built Mathlib.Lean.ContextInfo (972ms)
✔ [169/2681] Built Batteries.Linter.UnreachableTactic (1.3s)
✔ [170/2681] Built Batteries.CodeAction.Basic (1.4s)
✔ [171/2681] Built Batteries.Data.DList (368ms)
✔ [175/2681] Built Mathlib.Data.Ineq (639ms)
✔ [176/2681] Built Batteries.Control.ForInStep (475ms)
✔ [177/2681] Built Aesop.Constants (447ms)
✔ [178/2681] Built Batteries.Lean.Util.EnvSearch (705ms)
✔ [179/2681] Built Batteries.Tactic.Lint.Simp (1.7s)
✔ [180/2681] Built Mathlib.Tactic.Linter.UnusedTactic (1.3s)
✔ [181/2681] Built Aesop.RuleTac.RuleTerm (581ms)
✔ [182/2681] Built Mathlib.Lean.Elab.InfoTree (914ms)
✔ [183/2681] Built Mathlib.Util.PrintSorries (1.3s)
✔ [184/2681] Built Batteries.Tactic.Alias (2.2s)
✔ [185/2681] Built ImportGraph.Imports.Redundant (622ms)
✔ [186/2681] Built ImportGraph.Imports.RequiredModules (1.1s)
✔ [187/2681] Built Batteries.CodeAction.Misc (2.0s)
✔ [188/2681] Built ImportGraph.Tools.ImportDiff (1.1s)
✔ [189/2681] Built Aesop.RuleSet.Filter (1.6s)
✔ [193/2681] Built Batteries.Control.AlternativeMonad (1.1s)
✔ [194/2681] Built Batteries.Tactic.HelpCmd (2.8s)
✔ [195/2681] Built Plausible.Gen (1.2s)
✔ [196/2681] Built Aesop.RuleTac.ElabRuleTerm (1.9s)
✔ [197/2681] Built Batteries.Lean.SatisfiesM (843ms)
✔ [198/2681] Built Batteries.Data.List.Monadic (683ms)
✔ [199/2681] Built Aesop.Options.Internal (1.5s)
✔ [200/2681] Built Mathlib.Tactic.Linter.Style (3.0s)
✔ [201/2681] Built Aesop.Util.Tactic.Unfold (2.4s)
✔ [202/2681] Built Batteries.Linter.UnnecessarySeqFocus (2.1s)
✔ [203/2681] Built Batteries.Tactic.Lint (1.1s)
✔ [204/2681] Built Batteries.Data.Range.Lemmas (1.1s)
✔ [205/2681] Built Batteries.Tactic.Exact (1.1s)
✔ [206/2682] Built Batteries.Data.HashMap.Basic (1.4s)
✔ [207/2682] Built Batteries.Data.Nat.Gcd (1.1s)
✔ [208/2682] Built Batteries.Logic (1.2s)
✔ [209/2682] Built Batteries.Tactic.PrintPrefix (1.7s)
✔ [210/2682] Built Mathlib.Tactic.TacticAnalysis (1.8s)
✔ [214/2682] Built Mathlib.Tactic.Linter.UnusedInstancesInType (1.7s)
✔ [215/2682] Built Batteries.Control.Monad (895ms)
✔ [216/2682] Built Batteries.Data.Array.Pairwise (1.3s)
✔ [217/2682] Built Batteries.Data.UnionFind.Basic (3.0s)
✔ [218/2686] Built Batteries.Data.Nat.Lemmas (1.5s)
✔ [219/2686] Built ImportGraph.Tools.RedundantImports (1.1s)
✔ [222/2686] Built Batteries.Data.Array.Monadic (2.8s)
✔ [223/2686] Built Batteries.Lean.Meta.Basic (913ms)
✔ [224/2686] Built ImportGraph.Tools.MinImports (1.2s)
✔ [225/2688] Built Plausible.Arbitrary (1.2s)
✔ [226/2691] Built Batteries.Linter (975ms)
✔ [227/2691] Built Mathlib.Tactic.MinImports (1.7s)
✔ [228/2691] Built ImportGraph.Tools.FindHome (1.5s)
✔ [229/2691] Built Batteries.Data.MLList.Basic (1.5s)
✔ [230/2691] Built Batteries.Data.HashMap (993ms)
✔ [231/2691] Built Batteries.Data.Range (934ms)
✔ [232/2691] Built Mathlib.Tactic.Linter.Lint (1.3s)
✔ [233/2691] Built Aesop.Util.Basic (4.4s)
✔ [234/2691] Built Aesop.Options (1.8s)
✔ [235/2691] Built Batteries.Data.Int (920ms)
✔ [236/2691] Built Batteries.Data.Fin.OfBits (808ms)
✔ [237/2691] Built Batteries.Data.UnionFind.Lemmas (1.4s)
✔ [238/2691] Built Plausible.ArbitraryFueled (481ms)
✔ [239/2693] Built Batteries.Lean.Meta.InstantiateMVars (559ms)
✔ [240/2693] Built Batteries.Lean.Meta.SavedState (593ms)
✔ [241/2693] Built Batteries.Data.Vector.Monadic (955ms)
✔ [242/2693] Built Batteries.Data.Fin.Basic (1.7s)
✔ [243/2697] Built Batteries.Tactic.Basic (744ms)
✔ [244/2697] Built Batteries.Data.MLList.IO (432ms)
✔ [245/2697] Built Batteries.Data.MLList.Heartbeats (544ms)
✔ [246/2697] Built ImportGraph.Tools (819ms)
✔ [247/2697] Built Batteries.Control.Nondet.Basic (834ms)
✔ [248/2697] Built Plausible.Sampleable (1.3s)
✔ [249/2697] Built Aesop.Script.TacticState (1.6s)
✔ [250/2742] Built Batteries.Data.UnionFind (722ms)
✔ [251/2876] Built Mathlib.Tactic.Linter.MinImports (1.4s)
✔ [252/3041] Built Mathlib.Tactic.ExtractGoal (1.5s)
✔ [253/3090] Built Batteries.Data.MLList (598ms)
✔ [254/3090] Built Batteries.Data.Vector (999ms)
✔ [255/3318] Built Batteries.Data.BitVec.Lemmas (1.4s)
✔ [256/3714] Built Aesop.Script.CtorNames (1.9s)
✔ [257/3754] Built Batteries.Classes.Order (1.3s)
✔ [258/3759] Built Batteries.Data.List.Basic (4.7s)
✔ [259/3759] Built Batteries.Data.BitVec (914ms)
✔ [260/3759] Built Batteries.Data.Fin.Fold (1.9s)
✔ [261/3759] Built Aesop.Util.EqualUpToIds (3.0s)
✔ [262/3759] Built Aesop.Forward.Substitution (2.7s)
✔ [263/3761] Built Batteries.Data.Nat.Bisect (2.8s)
✔ [264/3761] Built Plausible.Testable (2.9s)
✔ [265/3763] Built Batteries.Classes.Deprecated (1.9s)
✔ [266/3763] Built Plausible.DeriveArbitrary (3.5s)
✔ [267/3765] Built Batteries.Data.List.Pairwise (1.5s)
✔ [268/3765] Built Batteries.Data.UInt (1.0s)
✔ [269/3767] Built Batteries.Data.PairingHeap (2.2s)
✔ [270/4423] Built Qq.Macro (9.0s)
✔ [271/4823] Built Batteries.Data.Fin.Lemmas (2.7s)
✔ [272/4823] Built Mathlib.Tactic.TacticAnalysis.Declarations (3.6s)
✔ [273/4823] Built Aesop.Script.Util (2.2s)
✔ [274/5113] Built Batteries.Data.Nat (1.2s)
✔ [275/5113] Built Plausible.Functions (1.2s)
✔ [276/5363] Built Batteries.Data.AssocList (2.8s)
✔ [277/5363] Built Aesop.RulePattern.Cache (1.6s)
✔ [278/5363] Built Plausible.Tactic (1.3s)
✔ [279/5691] Built Batteries.Data.Fin (705ms)
✔ [280/5691] Built Aesop.RuleTac.Forward.Basic (2.1s)
✔ [281/6107] Built Plausible (515ms)
✔ [282/6190] Built Mathlib.Init (1.0s)
✔ [283/6191] Built Batteries.Data.RBMap.Basic (4.7s)
✔ [284/6191] Built Qq.Delab (2.8s)
✔ [285/6191] Built Mathlib.Data.Nat.NthRoot.Defs (1.5s)
✔ [286/6191] Built Mathlib.CategoryTheory.ConcreteCategory.Bundled (1.6s)
✔ [287/6191] Built Mathlib.Lean.Meta.Tactic.Rewrite (1.7s)
✔ [288/6191] Built Mathlib.Util.ElabWithoutMVars (1.8s)
✔ [289/6191] Built Mathlib.Data.Int.DivMod (1.8s)
✔ [290/6191] Built Mathlib.Control.ULift (1.9s)
✔ [291/6191] Built Mathlib.Data.List.Monad (1.6s)
✔ [292/6191] Built Mathlib.Tactic.Core (2.7s)
✔ [293/6191] Built Mathlib.Tactic.FieldSimp.Attr (1.3s)
✔ [294/6191] Built Mathlib.Tactic.CategoryTheory.Coherence.Datatypes (2.8s)
✔ [295/6191] Built Batteries.Data.String.Lemmas (6.7s)
✔ [296/6191] Built Mathlib.Util.PPOptions (1.3s)
✔ [297/6191] Built Mathlib.Tactic.SuppressCompilation (2.0s)
✔ [298/6191] Built Mathlib.Tactic.Linarith.Oracle.SimplexAlgorithm.Datatypes (1.5s)
✔ [299/6191] Built Mathlib.Lean.Expr.Rat (1.4s)
✔ [300/6191] Built Mathlib.Tactic.TryThis (1.4s)
✔ [301/6191] Built Mathlib.Tactic.Monotonicity.Attr (1.3s)
✔ [302/6191] Built Mathlib.Logic.OpClass (1.1s)
✔ [303/6191] Built Mathlib.Tactic.HaveI (1.6s)
✔ [304/6191] Built Batteries.Data.Array.Basic (5.5s)
✔ [305/6191] Built Mathlib.Util.Superscript (3.6s)
✔ [306/6191] Built Mathlib.Lean.GoalsLocation (1.0s)
✔ [307/6191] Built Mathlib.Lean.Meta.KAbstractPositions (1.2s)
✔ [308/6191] Built Mathlib.Util.TransImports (1.3s)
✔ [309/6191] Built Mathlib.Util.WhatsNew (1.4s)
✔ [310/6191] Built Mathlib.Tactic.UnsetOption (1.2s)
✔ [311/6191] Built Mathlib.Tactic.Widget.SelectInsertParamsClass (1.3s)
✔ [312/6191] Built Mathlib.Tactic.StacksAttribute (1.7s)
✔ [313/6191] Built Batteries.Data.BinomialHeap.Basic (8.5s)
✔ [314/6191] Built Mathlib.Tactic.FastInstance (1.9s)
✔ [315/6191] Built Mathlib.Tactic.TypeCheck (1.4s)
✔ [316/6191] Built Mathlib.Tactic.SwapVar (1.4s)
✔ [317/6191] Built Mathlib.Tactic.Trace (1.4s)
✔ [318/6191] Built Mathlib.Tactic.SudoSetOption (1.4s)
✔ [319/6191] Built Mathlib.Util.DischargerAsTactic (1.1s)
✔ [320/6191] Built Mathlib.Util.CountHeartbeats (2.3s)
✔ [321/6191] Built Mathlib.Tactic.SuccessIfFailWithMsg (1.2s)
✔ [322/6191] Built Mathlib.Util.Tactic (1.3s)
✔ [323/6191] Built Mathlib.Tactic.Rename (1.4s)
✔ [324/6191] Built Mathlib.Tactic.Relation.Rfl (1.4s)
✔ [325/6191] Built Mathlib.Tactic.SimpIntro (1.7s)
✔ [326/6191] Built Mathlib.Tactic.NthRewrite (1.3s)
✔ [327/6191] Built Mathlib.Tactic.Recover (1.8s)
✔ [328/6191] Built Mathlib.Tactic.Set (2.0s)
✔ [329/6191] Built Mathlib.Tactic.Linter.UpstreamableDecl (1.5s)
✔ [330/6191] Built Mathlib.Tactic.Observe (1.7s)
✔ [331/6191] Built Mathlib.Tactic.Variable (3.4s)
✔ [332/6191] Built Mathlib.Tactic.InferParam (1.3s)
✔ [333/6191] Built Mathlib.Tactic.Linter.HaveLetLinter (1.7s)
✔ [334/6191] Built Mathlib.Tactic.Linter.PPRoundtrip (1.8s)
✔ [335/6191] Built Mathlib.Util.TermReduce (1.7s)
✔ [336/6191] Built Mathlib.Tactic.GuardHypNums (1.2s)
✔ [337/6191] Built Mathlib.Tactic.GuardGoalNums (1.2s)
✔ [338/6191] Built Mathlib.Tactic.Linter.DeprecatedModule (2.1s)
✔ [339/6191] Built Batteries.Data.List.Lemmas (10s)
✔ [340/6191] Built Mathlib.Tactic.HigherOrder (1.9s)
✔ [341/6191] Built Mathlib.Tactic.ExistsI (1.3s)
✔ [342/6191] Built Mathlib.Tactic.Find (1.5s)
✔ [343/6191] Built Mathlib.Lean.Meta.RefinedDiscrTree.Basic (2.1s)
✔ [344/6191] Built Mathlib.Tactic.Constructor (1.4s)
✔ [345/6191] Built Mathlib.Tactic.Clear_ (1.4s)
✔ [346/6191] Built Mathlib.Tactic.ClearExclamation (1.3s)
✔ [347/6191] Built Mathlib.Tactic.ClearExcept (1.4s)
✔ [348/6191] Built Mathlib.Tactic.FunProp.Decl (2.0s)
✔ [349/6191] Built Mathlib.Tactic.FailIfNoProgress (2.0s)
✔ [350/6191] Built Mathlib.Tactic.Check (1.4s)
✔ [351/6191] Built Mathlib.Tactic.ErwQuestion (2.1s)
✔ [352/6191] Built Mathlib.Lean.Meta.Basic (1.3s)
✔ [353/6191] Built Mathlib.Tactic.ApplyWith (1.5s)
✔ [354/6191] Built Mathlib.Tactic.ApplyCongr (1.2s)
✔ [355/6191] Built Mathlib.Tactic.FunProp.ToBatteries (2.7s)
✔ [356/6191] Built Mathlib.Tactic.Coe (1.2s)
✔ [357/6191] Built Mathlib.Control.Combinators (1.1s)
✔ [358/6191] Built Mathlib.Tactic.ToExpr (1.4s)
✔ [359/6191] Built Mathlib.Tactic.CasesM (1.7s)
✔ [360/6191] Built Mathlib.Util.AtLocation (1.4s)
✔ [361/6191] Built Mathlib.Tactic.Substs (1.2s)
✔ [362/6191] Built Mathlib.Tactic.GCongr.ForwardAttr (1.3s)
✔ [363/6191] Built Mathlib.Util.WithWeakNamespace (1.2s)
✔ [364/6191] Built Mathlib.Logic.IsEmpty.Defs (1.2s)
✔ [365/6191] Built Mathlib.Lean.PrettyPrinter.Delaborator (1.3s)
✔ [366/6191] Built Mathlib.Tactic.Spread (1.7s)
✔ [367/6191] Built Mathlib.Tactic.Conv (2.0s)
✔ [368/6191] Built Mathlib.Tactic.SimpRw (1.6s)
✔ [369/6191] Built Mathlib.Tactic.Push.Attr (1.5s)
✔ [370/6191] Built Mathlib.Tactic.OfNat (1.3s)
✔ [371/6191] Built Mathlib.Data.Nat.Notation (1.3s)
✔ [372/6191] Built Mathlib.Tactic.Attr.Register (1.6s)
✔ [373/6191] Built Mathlib.Lean.Name (1.5s)
✔ [374/6191] Built Mathlib.Tactic.AdaptationNote (1.6s)
✔ [375/6191] Built Mathlib.Tactic.Use (2.4s)
✔ [376/6191] Built Mathlib.Lean.Meta (1.6s)
✔ [377/6191] Built Mathlib.Util.CompileInductive (2.5s)
✔ [378/6191] Built Mathlib.Data.Int.Notation (1.4s)
✔ [379/6191] Built Mathlib.Tactic.Eqns (1.5s)
✔ [380/6191] Built Mathlib.Data.String.Defs (1.5s)
✔ [381/6191] Built Mathlib.Data.Nat.BinaryRec (1.8s)
✔ [382/6191] Built Mathlib.Data.Set.Defs (2.8s)
✔ [383/6191] Built Mathlib.Data.Array.Defs (1.3s)
✔ [384/6191] Built Mathlib.Tactic.ExtendDoc (1.6s)
✔ [385/6191] Built Mathlib.Tactic.Simps.NotationClass (1.8s)
✔ [386/6191] Built Mathlib.Tactic.Lemma (1.4s)
✔ [387/6191] Built Mathlib.Lean.Elab.Term (1.5s)
✔ [388/6191] Built Mathlib.Lean.Meta.Simp (1.8s)
✔ [389/6191] Built Mathlib.Tactic.PPWithUniv (1.9s)
✔ [390/6191] Built Mathlib.Tactic.Translate.UnfoldBoundary (2.9s)
✔ [391/6191] Built Mathlib.Tactic.DepRewrite (6.2s)
✔ [392/6191] Built Mathlib.Util.AddRelatedDecl (2.3s)
✔ [393/6191] Built Batteries.Data.String (1.1s)
✔ [394/6191] Built Mathlib.Tactic.SplitIfs (2.2s)
✔ [395/6191] Built Qq.MetaM (2.5s)
✔ [396/6191] Built Batteries.Data.BinomialHeap.Lemmas (1.3s)
✔ [397/6191] Built Mathlib.Tactic.Linarith.Oracle.SimplexAlgorithm.Gauss (1.8s)
✔ [398/6191] Built Mathlib.Tactic.Monotonicity.Basic (1.6s)
✔ [399/6191] Built Mathlib.Tactic.Linter (1.4s)
✔ [400/6191] Built Mathlib.Tactic.RenameBVar (1.5s)
✔ [401/6191] Built Mathlib.Tactic.Linarith.Oracle.SimplexAlgorithm.SimplexAlgorithm (1.0s)
✔ [402/6191] Built Mathlib.Tactic.CategoryTheory.Coherence.PureCoherence (2.6s)
✔ [403/6191] Built Batteries.Data.Char.Basic (1.5s)
✔ [404/6191] Built Mathlib.Tactic.Widget.SelectPanelUtils (2.0s)
✔ [405/6191] Built Aesop.Tracing (2.6s)
✔ [406/6191] Built Mathlib.Tactic.ApplyAt (1.8s)
✔ [407/6191] Built Mathlib.Tactic.Attr.Core (1.2s)
✔ [408/6191] Built Mathlib.Data.PNat.Notation (1.3s)
✔ [409/6191] Built Mathlib.Data.Stream.Defs (1.0s)
✔ [410/6191] Built Mathlib.Lean.Meta.RefinedDiscrTree.Encode (2.8s)
✔ [411/6191] Built Mathlib.Lean.Meta.RefinedDiscrTree.Initialize (2.8s)
✔ [412/6191] Built Batteries.Data.List.Count (3.1s)
✔ [413/6191] Built Batteries.Data.Array.Lemmas (3.2s)
✔ [414/6191] Built Mathlib.Tactic.TypeStar (1.4s)
✔ [415/6191] Built Batteries.Data.RBMap.WF (6.2s)
✔ [416/6191] Built Mathlib.Data.Set.CoeSort (1.5s)
✔ [417/6191] Built Mathlib.Tactic.CategoryTheory.CategoryStar (1.4s)
✔ [418/6191] Built Mathlib.Tactic.Translate.GuessName (2.4s)
✔ [419/6191] Built Mathlib.Tactic.FBinop (3.4s)
✔ [420/6191] Built Mathlib.Lean.Meta.CongrTheorems (3.7s)
✔ [421/6191] Built Mathlib.Tactic.ToLevel (1.3s)
✔ [422/6191] Built Mathlib.Tactic.CategoryTheory.Coherence.Normalize (6.5s)
✔ [423/6191] Built Batteries.Data.BinomialHeap (974ms)
✔ [424/6194] Built Mathlib.Tactic.ScopedNS (4.2s)
✔ [425/6194] Built Mathlib.Tactic.DeprecateTo (2.2s)
✔ [426/6195] Built Batteries.Data.Char.AsciiCasing (1.4s)
✔ [427/6195] Built Mathlib.Tactic.Linarith.Oracle.SimplexAlgorithm.PositiveVector (1.4s)
✔ [428/6195] Built Qq.MatchImpl (2.0s)
✔ [429/6195] Built Qq.Simp (1.0s)
✔ [430/6195] Built Qq.AssertInstancesCommute (2.4s)
✔ [431/6195] Built Mathlib.Tactic.Widget.Calc (2.2s)
✔ [432/6195] Built Mathlib.Tactic.Widget.InteractiveUnfold (2.1s)
✔ [433/6195] Built Aesop.Util.Tactic.Ext (1.6s)
✔ [434/6195] Built Mathlib.Control.Basic (1.5s)
✔ [435/6195] Built Aesop.Script.Step (2.0s)
✔ [436/6195] Built Aesop.EMap (1.8s)
✔ [437/6195] Built Mathlib.Data.Option.Defs (1.2s)
✔ [438/6195] Built Mathlib.Logic.Function.Defs (1.4s)
✔ [439/6195] Built Aesop.Stats.Basic (2.4s)
✔ [440/6195] Built Mathlib.Data.Ordering.Basic (1.2s)
✔ [441/6195] Built Mathlib.Lean.Meta.RefinedDiscrTree.Lookup (2.3s)
✔ [442/6195] Built Mathlib.Data.Rat.Init (1.4s)
✔ [443/6195] Built Mathlib.Tactic.Widget.Conv (3.7s)
✔ [444/6195] Built Mathlib.Data.Int.Cast.Pi (1.6s)
✔ [445/6195] Built Mathlib.Data.Option.NAry (1.0s)
✔ [446/6195] Built Mathlib.Tactic.Basic (2.9s)
✔ [447/6195] Built Mathlib.Control.Functor (1.0s)
✔ [448/6195] Built Batteries.Data.List.Perm (3.2s)
✔ [449/6195] Built Mathlib.Logic.Function.Coequalizer (1.4s)
✔ [450/6195] Built Mathlib.Data.Tree.Basic (1.0s)
✔ [451/6195] Built Mathlib.Tactic.FunProp.Mor (2.1s)
✔ [452/6195] Built Mathlib.Data.List.TFAE (1.8s)
✔ [453/6195] Built Mathlib.Data.Prod.PProd (1.8s)
✔ [454/6198] Built Mathlib.Logic.Function.CompTypeclasses (1.7s)
✔ [455/6198] Built Mathlib.Data.Int.Init (2.0s)
✔ [456/6198] Built Mathlib.Data.Bracket (1.6s)
✔ [457/6198] Built Batteries.Data.List.Scan (10s)
✔ [458/6198] Built Mathlib.Logic.Function.ULift (1.5s)
✔ [459/6198] Built Mathlib.Util.Delaborators (10s)
✔ [460/6198] Built Mathlib.Tactic.Inhabit (1.6s)
✔ [461/6198] Built Batteries.Data.RBMap.Depth (1.3s)
✔ [462/6198] Built Mathlib.Tactic.MkIffOfInductiveProp (3.3s)
✔ [463/6198] Built Mathlib.Logic.Nontrivial.Defs (1.7s)
✔ [464/6198] Built Mathlib.Logic.Nonempty (1.6s)
✔ [465/6198] Built Mathlib.Lean.Expr.ExtraRecognizers (1.3s)
✔ [466/6198] Built Mathlib.Data.SProd (1.3s)
✔ [467/6198] Built Batteries.Data.Char (1.0s)
✔ [468/6198] Built Mathlib.Logic.ExistsUnique (2.1s)
✔ [469/6198] Built Batteries.Data.RBMap.Alter (1.0s)
✔ [470/6198] Built Mathlib.Logic.Relator (1.3s)
✔ [471/6198] Built Aesop.Script.UScript (1.5s)
✔ [472/6198] Built Aesop.Script.SScript (1.6s)
✔ [473/6198] Built Aesop.Stats.Extension (1.6s)
✔ [474/6198] Built Aesop.Stats.File (1.6s)
✔ [475/6198] Built Mathlib.Lean.Meta.RefinedDiscrTree (1.4s)
✔ [476/6201] Built Aesop.BaseM (1.6s)
✔ [477/6201] Built Qq.Commands (2.4s)
✔ [478/6201] Built Mathlib.Algebra.HierarchyDesign (1.9s)
✔ [479/6201] Built Mathlib.Analysis.CStarAlgebra.ContinuousFunctionalCalculus.Note (1.9s)
✔ [480/6201] Built Batteries.Data.List (1.4s)
✔ [481/6201] Built Mathlib.Tactic.Hint (2.8s)
✔ [482/6201] Built Mathlib.Control.Traversable.Basic (2.1s)
✔ [483/6201] Built Mathlib.Tactic.Widget.CongrM (2.7s)
✔ [484/6201] Built Mathlib.Tactic.RSuffices (2.8s)
✔ [485/6201] Built Mathlib.Logic.Basic (4.1s)
✔ [486/6201] Built Mathlib.Tactic.FunProp.FunctionData (2.9s)
✔ [487/6204] Built Mathlib.Data.Nat.Init (4.9s)
✔ [488/6204] Built Aesop.Script.Check (2.5s)
✔ [489/6204] Built Mathlib.Tactic.Lift (4.2s)
✔ [490/6204] Built Mathlib.Tactic.DefEqTransformations (4.4s)
✔ [491/6204] Built Mathlib.Data.List.Defs (3.4s)
✔ [492/6204] Built Batteries.Data.Array.Scan (3.8s)
✔ [493/6206] Built Aesop.Script.ScriptM (2.0s)
✔ [494/6206] Built Aesop.Stats.Report (2.7s)
✔ [495/6206] Built Aesop.Script.UScriptToSScript (3.1s)
✔ [496/6206] Built Batteries.CodeAction.Match (1.9s)
✔ [497/6207] Built Batteries.Data.Array (1.2s)
✔ [498/6207] Built Aesop.RuleTac.GoalDiff (3.3s)
✔ [499/6207] Built Mathlib.Data.List.Triplewise (3.0s)
✔ [500/6209] Built Aesop.RulePattern (4.2s)
✔ [501/6228] Built Mathlib.Tactic.FunProp.Types (2.5s)
✔ [502/6228] Built Mathlib.Tactic.Widget.LibraryRewrite (5.2s)
✔ [503/6341] Built Mathlib.Tactic.Subsingleton (3.4s)
✔ [504/6418] Built Batteries.CodeAction (1.2s)
✔ [505/6420] Built Mathlib.Data.Nat.Bits (3.1s)
✔ [506/6421] Built Qq.Match (10s)
✔ [507/6440] Built Aesop.Script.StructureStatic (2.7s)
✔ [508/6440] Built Mathlib.Data.Array.Extract (1.1s)
✔ [509/6447] Built Mathlib.Tactic.Simps.Basic (9.7s)
✔ [510/6454] Built Mathlib.Data.Num.Basic (1.8s)
✔ [511/6454] Built Mathlib.Data.Bool.AllAny (1.2s)
✔ [512/6457] Built Batteries.Data.RBMap.Lemmas (8.4s)
✔ [513/6457] Built Aesop.Forward.RuleInfo (2.6s)
✔ [514/6458] Built Mathlib.Tactic.Push (5.2s)
✔ [515/6458] Built Mathlib.Control.Lawful (1.8s)
✔ [516/6458] Built Aesop.Script.StructureDynamic (3.6s)
✔ [517/6458] Built Mathlib.Tactic.CongrExclamation (5.6s)
✔ [518/6458] Built Mathlib.Util.Notation3 (12s)
✔ [519/6459] Built Batteries.Data.RBMap (985ms)
✔ [520/6459] Built Qq (1.5s)
✔ [521/6460] Built Mathlib.Tactic.TermCongr (6.3s)
✔ [522/6460] Built Aesop.Script.SpecificTactics (4.6s)
✔ [523/6460] Built Mathlib.Tactic.FunProp.Theorems (3.1s)
✔ [524/6460] Built Mathlib.Data.List.Lookmap (1.5s)
✔ [525/6460] Built Aesop.Rule.Forward (1.7s)
✔ [526/6460] Built Mathlib.Data.TwoPointing (2.1s)
✔ [527/6461] Built Mathlib.Tactic.Says (2.6s)
✔ [528/6461] Built Mathlib.Tactic.ToFun (2.3s)
✔ [529/6462] Built Mathlib.Tactic.ByCases (2.1s)
✔ [530/6462] Built Mathlib.Tactic.ByContra (2.4s)
✔ [531/6482] Built Aesop.Script.Main (2.1s)
✔ [532/6482] Built Mathlib.Tactic.IrreducibleDef (3.4s)
✔ [533/6487] Built Mathlib.Tactic.WLOG (2.9s)
✔ [534/6547] Built Batteries (1.3s)
✔ [535/6547] Built Mathlib.Tactic.Contrapose (2.7s)
✔ [536/6586] Built Mathlib.Util.AtomM (2.5s)
✔ [537/6586] Built Mathlib.Util.Qq (2.2s)
✔ [538/6586] Built Mathlib.Util.SynthesizeUsing (2.0s)
✔ [539/6586] Built Mathlib.Algebra.Expr (2.1s)
✔ [540/6600] Built Mathlib.Tactic.Convert (2.0s)
✔ [541/6625] Built Mathlib.Data.List.Indexes (1.3s)
✔ [542/6625] Built Mathlib.Data.List.ModifyLast (1.2s)
✔ [543/6868] Built Mathlib.Tactic.CongrM (2.2s)
✔ [544/6884] Built Mathlib.Tactic.FunProp.Attr (1.0s)
✔ [545/6885] Built Aesop.Forward.Match.Types (1.7s)
✔ [546/6885] Built Mathlib.Data.Tree.Get (1.1s)
✔ [547/6885] Built Mathlib.Data.Tree.RBMap (1.1s)
✔ [548/6888] Built Mathlib.Deprecated.Aliases (1.1s)
✔ [549/6889] Built Mathlib.Lean.Thunk (1.1s)
✔ [550/6890] Built Mathlib.Tactic.Simproc.ExistsAndEq (4.1s)
✔ [551/6891] Built Mathlib.Tactic.Tauto (4.2s)
✔ [552/6891] Built Mathlib.Deprecated.Sort (1.1s)
✔ [553/6892] Built Mathlib.Data.String.Lemmas (2.0s)
✔ [554/6948] Built Mathlib.Lean.Elab.Tactic.Basic (1.1s)
✔ [555/7119] Built Mathlib.Lean.CoreM (1.2s)
✔ [556/7119] Built Mathlib.Lean.EnvExtension (1.2s)
✔ [557/7119] Built Mathlib.Lean.Exception (1.1s)
✔ [558/7327] Built Mathlib.Util.AtomM.Recurse (2.3s)
✔ [559/7327] Built Mathlib.Lean.Expr (1.2s)
✔ [560/7419] Built Mathlib.Util.MemoFix (1.2s)
✔ [561/7498] Built Mathlib.Lean.Json (1.2s)
✔ [562/7498] Built Mathlib.Lean.LocalContext (1.1s)
✔ [563/7570] Built Mathlib.Lean.Message (1.0s)
✔ [564/7716] Built Aesop.Index.Basic (1.8s)
✔ [565/7821] Built Mathlib.Lean.Meta.DiscrTree (1.0s)
✔ [566/7831] Built Mathlib.Lean.Expr.ReplaceRec (987ms)
✔ [567/7832] Built Mathlib.Logic.Lemmas (2.2s)
✔ [568/7834] Built Mathlib.Std.Data.HashMap (1.5s)
✔ [569/7834] Built Mathlib.Tactic.Clean (1.6s)
✔ [570/7835] Built Mathlib.Tactic.Explode.Datatypes (1.5s)
✔ [571/7837] Built Mathlib.Tactic.Change (1.8s)
✔ [572/7838] Built Mathlib.Tactic.Generalize (1.5s)
✔ [573/7838] Built Aesop.Index.Forward (2.2s)
✔ [574/7841] Built Aesop.RuleTac.Basic (2.3s)
✔ [575/7841] Built Aesop.Index.RulePattern (2.4s)
✔ [576/7841] Built Mathlib.Tactic.Eval (2.2s)
✔ [577/7841] Built Mathlib.Tactic.Ext (2.2s)
✔ [578/7841] Built Mathlib.Tactic.FindSyntax (2.2s)
✔ [579/7841] Built Mathlib.Tactic.GeneralizeProofs (1.2s)
✔ [580/7842] Built Mathlib.Tactic.TFAE (5.6s)
✔ [581/7842] Built Mathlib.Tactic.Cases (2.7s)
✔ [582/7844] Built Mathlib.Tactic.Explode.Pretty (1.2s)
✔ [583/7857] Built Mathlib.Tactic.Linter.CommandRanges (1.1s)
✔ [584/7859] Built Mathlib.Tactic.Linter.CommandStart (1.0s)
✔ [585/7859] Built Mathlib.Tactic.FunProp.Core (6.9s)
✔ [586/7859] Built Mathlib.Tactic.Have (1.6s)
✔ [587/7862] Built Aesop.Search.Expansion.Basic (1.5s)
✔ [588/7862] Built Mathlib.Tactic.Linter.TextBased.UnicodeLinter (1.0s)
✔ [589/7864] Built Aesop.RuleTac.Descr (1.5s)
✔ [590/7864] Built Mathlib.Tactic.Linter.FindDeprecations (1.7s)
✔ [591/7865] Built Aesop.RuleTac.Preprocess (1.7s)
✔ [592/7872] Built Mathlib.Tactic.Polyrith (1.1s)
✔ [593/7872] Built Mathlib.Tactic.Propose (951ms)
✔ [596/7878] Built Aesop.RuleTac.Tactic (1.9s)
✔ [599/7881] Built Aesop.RuleTac.Apply (1.8s)
✔ [600/7905] Built Aesop.RuleTac.Cases (2.0s)
✔ [601/8026] Built Mathlib.Tactic.Recall (1.4s)
✔ [602/8028] Built Mathlib.Tactic.Explode (1.8s)
✔ [603/8028] Built Mathlib.Tactic.Linter.ValidatePRTitle (1.9s)
✔ [604/8029] Built Mathlib.Tactic.ReduceModChar.Ext (1.1s)
✔ [605/8030] Built Mathlib.Tactic.Relation.Symm (1.2s)
✔ [607/8034] Built Mathlib.Tactic.Replace (1.3s)
✔ [608/8034] Built Mathlib.Tactic.RewriteSearch (1.2s)
✔ [609/8034] Built Mathlib.Tactic.WithoutCDot (1.3s)
✔ [610/8034] Built Aesop.Rule.Basic (1.5s)
✔ [611/8034] Built Mathlib.Util.AliasIn (1.3s)
✔ [612/8034] Built Mathlib.Util.AssertNoSorry (1.2s)
✔ [613/8034] Built Mathlib.Tactic.FunProp.Elab (2.8s)
✔ [614/8034] Built Mathlib.Tactic.Widget.GCongr (2.0s)
✔ [615/8034] Built Mathlib.Util.FormatTable (1.4s)
✔ [616/8034] Built Mathlib.Util.GetAllModules (1.2s)
✔ [617/8034] Built Mathlib.Tactic.Translate.Core (12s)
✔ [618/8034] Built Mathlib.Testing.Plausible.Testable (1.0s)
✔ [619/8034] Built Mathlib.Util.LongNames (1.2s)
✔ [620/8034] Built Mathlib.Util.SleepHeartbeats (1.1s)
✔ [621/8034] Built Mathlib.Tactic.ITauto (5.0s)
✔ [622/8034] Built Mathlib.Util.Simp (1.5s)
✔ [623/8034] Built Aesop.Rule (1.3s)
✔ [624/8034] Built Mathlib.Tactic.Linter.TextBased (3.2s)
✔ [625/8034] Built Mathlib.Util.Export (2.3s)
✔ [626/8034] Built Mathlib.Tactic.FunProp (1.2s)
✔ [627/8034] Built Mathlib.Tactic.Translate.ToAdditive (1.4s)
✔ [628/8034] Built Mathlib.Tactic.Translate.TagUnfoldBoundary (1.3s)
✔ [629/8034] Built Aesop.RuleSet.Member (820ms)
✔ [630/8034] Built Aesop.Tree.UnsafeQueue (813ms)
✔ [631/8034] Built Aesop.Forward.Match (1.4s)
✔ [632/8034] Built Mathlib.Tactic.ToAdditive (878ms)
✔ [633/8034] Built Aesop.Builder.Basic (772ms)
✔ [634/8034] Built Mathlib.Algebra.Notation (1.1s)
✔ [635/8034] Built Mathlib.Tactic.Translate.ToDual (1.2s)
✔ [636/8034] Built Aesop.Tree.Data.ForwardRuleMatches (1.9s)
✔ [637/8034] Built Aesop.Builder.Apply (1.9s)
✔ [638/8034] Built Aesop.Builder.Unfold (1.9s)
✔ [639/8034] Built Aesop.Builder.Constructors (1.9s)
✔ [640/8034] Built Aesop.Builder.NormSimp (1.9s)
✔ [641/8034] Built Aesop.Builder.Tactic (1.0s)
✔ [642/8034] Built Aesop.Builder.Cases (2.1s)
✔ [643/8034] Built Aesop.Index (2.4s)
✔ [644/8034] Built Mathlib.Algebra.Notation.Lemmas (2.4s)
✔ [645/8034] Built Mathlib.Tactic.ToDual (2.2s)
✔ [646/8034] Built Mathlib.Algebra.Notation.Defs (2.7s)
✔ [647/8034] Built Aesop.Builder.Forward (2.7s)
✔ [648/8034] Built Aesop.RuleTac.Forward (3.3s)
✔ [649/8034] Built Aesop.Builder.Default (1.1s)
✔ [650/8034] Built Mathlib.Order.Bounds.Defs (1.6s)
✔ [651/8034] Built Mathlib.Algebra.Regular.Defs (1.6s)
✔ [652/8034] Built Aesop.RuleTac (1.2s)
✔ [653/8034] Built Mathlib.Order.Defs.Unbundled (2.1s)
✔ [654/8034] Built Mathlib.Algebra.Notation.Pi.Defs (1.9s)
✔ [655/8034] Built Mathlib.Order.Defs.PartialOrder (2.2s)
✔ [656/8034] Built Mathlib.Order.Notation (2.2s)
✔ [657/8034] Built Aesop.RuleSet (2.9s)
✔ [658/8034] Built Mathlib.Data.Ordering.Lemmas (966ms)
✔ [659/8034] Built Mathlib.Data.Sigma.Lex (1.2s)
✔ [660/8034] Built Aesop.Forward.State (6.1s)
✔ [661/8034] Built Aesop.Frontend.RuleExpr (3.1s)
✔ [662/8034] Built Mathlib.Algebra.NeZero (1.9s)
✔ [663/8034] Built Mathlib.Order.TypeTags (2.0s)
✔ [664/8034] Built Aesop.Frontend.Extension.Init (1.8s)
✔ [665/8034] Built Mathlib.Order.Interval.Set.Defs (2.5s)
✔ [666/8034] Built Mathlib.Logic.Relation (3.3s)
✔ [667/8034] Built Mathlib.Order.Defs.LinearOrder (3.3s)
✔ [668/8034] Built Mathlib.Logic.Function.Basic (3.7s)
✔ [669/8034] Built Aesop.Forward.State.ApplyGoalDiff (2.4s)
✔ [670/8034] Built Aesop.Forward.State.Initial (2.4s)
✔ [671/8034] Built Mathlib.Data.ENat.Defs (1.0s)
✔ [672/8034] Built Aesop.Frontend.Extension (2.1s)
✔ [673/8034] Built Aesop.Tree.Data (3.6s)
✔ [674/8034] Built Mathlib.Data.Int.Order.Basic (2.2s)
✔ [675/8034] Built Mathlib.Tactic.GCongr.Core (5.7s)
✔ [676/8034] Built Mathlib.Data.Bool.Basic (2.4s)
✔ [677/8034] Built Mathlib.Logic.IsEmpty (2.2s)
✔ [678/8034] Built Mathlib.Logic.Function.Conjugate (2.4s)
✔ [679/8034] Built Mathlib.Logic.IsEmpty.Basic (2.4s)
✔ [680/8034] Built Mathlib.Logic.Pairwise (2.5s)
✔ [681/8034] Built Mathlib.Data.Subtype (2.5s)
✔ [682/8034] Built Mathlib.Data.Sigma.Basic (3.1s)
✔ [683/8034] Built Mathlib.Logic.Unique (2.0s)
✔ [684/8034] Built Mathlib.Data.Sum.Basic (3.1s)
✔ [685/8034] Built Mathlib.Algebra.Notation.Pi.Basic (3.2s)
✔ [686/8034] Built Mathlib.Algebra.Group.Defs (7.2s)
✔ [687/8034] Built Mathlib.Tactic.Choose (3.6s)
✔ [688/8034] Built Aesop.Tree.Traversal (2.2s)
✔ [689/8034] Built Aesop.Frontend.Tactic (3.1s)
✔ [690/8034] Built Aesop.Search.Queue.Class (2.2s)
✔ [691/8034] Built Aesop.Tree.RunMetaM (2.3s)
✔ [692/8034] Built Aesop.Frontend.Attribute (2.7s)
✔ [693/8034] Built Aesop.Tree.TreeM (2.8s)
✔ [694/8034] Built Aesop.Frontend.Command (3.5s)
✔ [695/8034] Built Mathlib.Data.Nat.Basic (2.9s)
✔ [696/8034] Built Mathlib.Tactic.GCongr.CoreAttrs (2.4s)
✔ [697/8034] Built Mathlib.Data.List.Flatten (3.3s)
✔ [698/8034] Built Mathlib.Data.List.Pairwise (2.6s)
✔ [699/8034] Built Mathlib.Tactic.GRewrite.Core (2.9s)
✔ [700/8034] Built Mathlib.Logic.Function.Iterate (2.0s)
✔ [701/8034] Built Mathlib.Data.FunLike.Basic (2.3s)
✔ [702/8034] Built Mathlib.GroupTheory.EckmannHilton (2.4s)
✔ [703/8034] Built Mathlib.Algebra.PEmptyInstances (2.2s)
✔ [704/8034] Built Mathlib.Algebra.Group.MinimalAxioms (2.4s)
✔ [705/8034] Built Mathlib.Algebra.Group.PUnit (2.3s)
✔ [706/8034] Built Mathlib.Algebra.Homology.ComplexShape (2.5s)
✔ [707/8034] Built Mathlib.Algebra.Group.Commutator (1.9s)
✔ [708/8034] Built Mathlib.Algebra.BigOperators.Group.List.Defs (2.2s)
✔ [709/8034] Built Aesop.Saturate (7.0s)
✔ [710/8034] Built Mathlib.Algebra.Group.Int.Defs (2.1s)
✔ [711/8034] Built Mathlib.Algebra.Group.Nat.Defs (2.3s)
✔ [712/8034] Built Mathlib.Control.Applicative (2.8s)
✔ [713/8034] Built Mathlib.Data.Quot (4.3s)
✔ [714/8034] Built Mathlib.Algebra.Group.Invertible.Defs (3.4s)
✔ [715/8034] Built Mathlib.Data.Nat.Cast.Defs (3.3s)
✔ [716/8034] Built Mathlib.Algebra.GroupWithZero.Defs (3.6s)
✔ [717/8034] Built Aesop.Tree.State (3.1s)
✔ [718/8034] Built Mathlib.Algebra.Group.Semiconj.Defs (3.4s)
✔ [719/8034] Built Aesop.BuiltinRules.Rfl (3.0s)
✔ [720/8034] Built Aesop.BuiltinRules.Ext (2.8s)
✔ [721/8034] Built Aesop.BuiltinRules.Split (3.2s)
✔ [722/8034] Built Aesop.Tree.Tracing (3.8s)
✔ [723/8034] Built Aesop.BuiltinRules.Intros (3.0s)
✔ [724/8034] Built Aesop.BuiltinRules.Subst (3.6s)
✔ [725/8034] Built Mathlib.Order.Basic (7.9s)
✔ [726/8034] Built Aesop.BuiltinRules.ApplyHyps (2.7s)
✔ [727/8034] Built Aesop.BuiltinRules.DestructProducts (3.2s)
✔ [728/8034] Built Aesop.Search.SearchM (2.4s)
✔ [729/8034] Built Aesop.BuiltinRules.Assumption (2.5s)
✔ [730/8034] Built Mathlib.Algebra.Group.Pi.Basic (4.0s)
✔ [731/8034] Built Aesop.Tree.Stats (2.1s)
✔ [732/8034] Built Mathlib.Algebra.Group.InjSurj (5.6s)
✔ [733/8034] Built Aesop.Tree.Free (1.9s)
✔ [734/8034] Built Aesop.Forward.State.UpdateGoal (2.0s)
✔ [735/8034] Built Mathlib.Data.Char (2.3s)
✔ [736/8034] Built Mathlib.Tactic.GCongr (2.3s)
✔ [737/8034] Built Aesop.Tree.ExtractScript (3.5s)
✔ [738/8034] Built Mathlib.Tactic.Bound.Init (2.5s)
✔ [739/8034] Built Aesop.Tree.ExtractProof (3.3s)
✔ [740/8034] Built Mathlib.Data.Int.Basic (3.0s)
✔ [741/8034] Built Mathlib.Data.Nat.Find (3.4s)
✔ [742/8034] Built Mathlib.Data.FunLike.Embedding (2.7s)
✔ [743/8034] Built Mathlib.Data.Nat.Sqrt (4.2s)
✔ [744/8034] Built Mathlib.Data.Prod.Basic (3.8s)
✔ [745/8034] Built Aesop.Frontend.Saturate (3.3s)
✔ [746/8034] Built Mathlib.Tactic.GRewrite.Elab (4.1s)
✔ [747/8034] Built Mathlib.Algebra.Homology.HasNoLoop (3.3s)
✔ [748/8034] Built Mathlib.Data.Nat.Cast.NeZero (2.6s)
✔ [749/8034] Built Mathlib.Data.Tree.Traversable (2.0s)
✔ [750/8034] Built Mathlib.Control.Traversable.Lemmas (2.9s)
✔ [751/8034] Built Mathlib.Data.Int.Cast.Defs (2.9s)
✔ [752/8034] Built Mathlib.Algebra.GroupWithZero.Nat (2.7s)
✔ [753/8034] Built Aesop.Tree.AddRapp (6.6s)
✔ [754/8034] Built Mathlib.Algebra.GroupWithZero.Regular (2.8s)
✔ [755/8034] Built Mathlib.Algebra.GroupWithZero.NeZero (2.7s)
✔ [756/8034] Built Mathlib.Tactic.Sat.FromLRAT (4.9s)
✔ [757/8034] Built Mathlib.Algebra.Order.Sum (2.4s)
✔ [758/8034] Built Aesop.Tree.Check (3.5s)
✔ [759/8034] Built Mathlib.Data.List.TakeWhile (2.8s)
✔ [760/8034] Built Mathlib.Data.PNat.Defs (3.1s)
✔ [761/8034] Built Mathlib.Algebra.Group.Commute.Defs (3.5s)
✔ [762/8034] Built Aesop.BuiltinRules (2.7s)
✔ [763/8034] Built Mathlib.Order.ULift (3.0s)
✔ [764/8034] Built Aesop.Search.RuleSelection (2.0s)
✔ [765/8034] Built Mathlib.Algebra.Order.Field.Defs (2.8s)
✔ [766/8034] Built Mathlib.Deprecated.Order (2.8s)
✔ [767/8034] Built Mathlib.Data.FunLike.Equiv (2.7s)
✔ [768/8034] Built Mathlib.Order.OrderDual (3.4s)
✔ [769/8034] Built Mathlib.Logic.Nontrivial.Basic (2.0s)
✔ [770/8034] Built Aesop.Frontend (2.6s)
✔ [771/8034] Built Mathlib.Tactic.GRewrite (2.5s)
✔ [772/8034] Built Mathlib.Algebra.Notation.Prod (3.9s)
✔ [773/8034] Built Aesop.Tree (2.2s)
✔ [774/8034] Built Mathlib.Algebra.CharZero.Defs (2.8s)
✔ [775/8034] Built Mathlib.Testing.Plausible.Sampleable (2.7s)
✔ [776/8034] Built Mathlib.Logic.Equiv.Pairwise (2.5s)
✔ [777/8034] Built Mathlib.Algebra.GroupWithZero.InjSurj (3.4s)
✔ [778/8034] Built Mathlib.Tactic.Finiteness.Attr (2.2s)
✔ [779/8034] Built Mathlib.Algebra.Group.Hom.Defs (10s)
✔ [780/8034] Built Mathlib.Tactic.SetLike (2.2s)
✔ [781/8034] Built Mathlib.Data.Finset.Attr (2.3s)
✔ [782/8034] Built Mathlib.Tactic.Nontriviality.Core (3.4s)
✔ [783/8034] Built Aesop.Search.Queue (2.1s)
✔ [784/8034] Built Mathlib.Algebra.Ring.Defs (5.1s)
✔ [785/8034] Built Mathlib.Algebra.Order.ZeroLEOne (2.0s)
✔ [786/8034] Built Mathlib.Tactic.DeriveTraversable (6.2s)
✔ [787/8034] Built Mathlib.Order.RelClasses (4.9s)
✔ [788/8034] Built Mathlib.Algebra.Group.Commute.Hom (2.0s)
✔ [789/8034] Built Mathlib.Algebra.Group.Hom.CompTypeclasses (3.0s)
✔ [790/8034] Built Mathlib.Algebra.GroupWithZero.Pi (3.0s)
✔ [791/8034] Built Mathlib.Tactic.Nontriviality (2.5s)
✔ [792/8034] Built Mathlib.Data.Matrix.DMatrix (3.2s)
✔ [793/8034] Built Mathlib.Logic.Equiv.Defs (6.6s)
✔ [794/8034] Built Mathlib.Algebra.Ring.Semiconj (2.6s)
✔ [795/8034] Built Mathlib.Algebra.Ring.PUnit (2.6s)
✔ [796/8034] Built Aesop.Search.Expansion.Norm (6.9s)
✔ [797/8034] Built Mathlib.Algebra.Group.Units.Defs (6.9s)
✔ [798/8034] Built Mathlib.Algebra.Ring.Nat (2.8s)
✔ [799/8034] Built Mathlib.Algebra.Group.Ext (3.7s)
✔ [800/8034] Built Mathlib.Algebra.Field.Defs (3.1s)
✔ [801/8034] Built Mathlib.Algebra.EuclideanDomain.Defs (3.1s)
✔ [802/8034] Built Mathlib.Control.Monad.Basic (2.8s)
✔ [803/8034] Built Mathlib.Data.PNat.Equiv (2.0s)
✔ [804/8034] Built Mathlib.Data.Finite.Defs (2.0s)
✔ [805/8034] Built Mathlib.Logic.Small.Defs (2.9s)
✔ [806/8034] Built Mathlib.Control.Traversable.Equiv (3.2s)
✔ [807/8034] Built Mathlib.Data.Erased (3.2s)
✔ [808/8034] Built Mathlib.Control.Monad.Writer (3.4s)
✔ [809/8034] Built Mathlib.Tactic.ProdAssoc (3.4s)
✔ [810/8034] Built Mathlib.Control.EquivFunctor (3.4s)
✔ [811/8034] Built Mathlib.Order.Synonym (4.0s)
✔ [812/8034] Built Mathlib.Algebra.Group.Nat.Units (2.9s)
✔ [813/8034] Built Aesop.Search.Expansion (4.9s)
✔ [814/8034] Built Mathlib.SetTheory.PGame.Basic (5.9s)
✔ [815/8034] Built Mathlib.Algebra.Group.Irreducible.Defs (3.0s)
✔ [816/8034] Built Mathlib.RingTheory.LocalRing.Defs (3.0s)
✔ [817/8034] Built Mathlib.Logic.UnivLE (2.0s)
✔ [818/8034] Built Mathlib.Data.Countable.Defs (3.2s)
✔ [819/8034] Built Mathlib.Data.Opposite (3.1s)
✔ [820/8034] Built Mathlib.Tactic.ProxyType (6.5s)
✔ [821/8034] Built Mathlib.Data.Nat.Cast.Synonym (2.8s)
✔ [822/8034] Built Mathlib.Algebra.Ring.Ext (4.2s)
✔ [823/8034] Built Mathlib.Control.Monad.Cont (3.8s)
✔ [824/8034] Built Mathlib.Order.Compare (3.1s)
✔ [825/8034] Built Mathlib.Algebra.Group.Equiv.Defs (7.7s)
✔ [826/8034] Built Mathlib.Order.Max (3.6s)
✔ [827/8034] Built Aesop.Search.ExpandSafePrefix (2.8s)
✔ [828/8034] Built Mathlib.Combinatorics.Quiver.Basic (2.2s)
✔ [829/8034] Built Mathlib.Algebra.Order.Group.Synonym (4.9s)
✔ [830/8034] Built Mathlib.Algebra.Group.Pi.Units (1.9s)
✔ [831/8034] Built Mathlib.Order.SetIsMax (1.6s)
✔ [832/8034] Built Mathlib.Combinatorics.Quiver.Subquiver (1.6s)
✔ [833/8034] Built Mathlib.Combinatorics.Quiver.Prefunctor (1.9s)
✔ [834/8034] Built Mathlib.Algebra.Order.GroupWithZero.Synonym (1.5s)
✔ [835/8034] Built Mathlib.Algebra.Order.Ring.Synonym (1.5s)
✔ [836/8034] Built Mathlib.Algebra.Order.Group.Equiv (1.6s)
✔ [837/8034] Built Mathlib.Order.BoundedOrder.Basic (2.8s)
✔ [838/8034] Built Aesop.Search.Main (2.8s)
✔ [839/8034] Built Mathlib.Combinatorics.Quiver.Push (1.2s)
✔ [840/8034] Built Mathlib.Order.Nat (1.2s)
✔ [841/8034] Built Mathlib.Combinatorics.Quiver.Path (1.7s)
✔ [842/8034] Built Aesop.Main (1.4s)
✔ [843/8034] Built Aesop (1.1s)
✔ [844/8034] Built Mathlib.Combinatorics.Quiver.Cast (1.3s)
✔ [845/8034] Built Mathlib.Combinatorics.Quiver.Symmetric (1.9s)
✔ [846/8034] Built Mathlib.Data.Set.Operations (3.3s)
✔ [847/8034] Built Mathlib.Tactic.Continuity.Init (2.6s)
✔ [848/8034] Built Mathlib.Data.Sym.Sym2.Init (2.6s)
✔ [849/8034] Built Mathlib.Tactic.Measurability.Init (2.6s)
✔ [850/8034] Built Mathlib.Tactic.ArithMult.Init (2.6s)
✔ [851/8034] Built Mathlib.CategoryTheory.Category.Init (2.7s)
✔ [852/8034] Built Mathlib.Topology.Sheaves.Init (2.6s)
✔ [853/8034] Built Mathlib.Combinatorics.SimpleGraph.Init (2.7s)
✔ [854/8034] Built Mathlib.Combinatorics.Matroid.Init (2.8s)
✔ [855/8034] Built Mathlib.Tactic.ContinuousFunctionalCalculus (3.1s)
✔ [856/8034] Built Mathlib.Data.Option.Basic (3.5s)
✔ [857/8034] Built Mathlib.Data.List.GetD (3.2s)
✔ [858/8034] Built Mathlib.Tactic.Bound.Attribute (4.2s)
✔ [859/8034] Built Mathlib.Algebra.Opposites (4.5s)
✔ [860/8034] Built Mathlib.Algebra.Group.ULift (4.6s)
✔ [861/8034] Built Mathlib.Logic.Equiv.Prod (18s)
✔ [862/8034] Built Mathlib.Tactic.Common (3.7s)
✔ [863/8034] Built Mathlib.Data.Set.Opposite (3.2s)
✔ [864/8034] Built Mathlib.Combinatorics.Quiver.SingleObj (3.5s)
✔ [865/8034] Built Mathlib.Tactic.Measurability (3.4s)
✔ [866/8034] Built Mathlib.Data.Set.Notation (3.6s)
✔ [867/8034] Built Mathlib.Tactic.Continuity (3.1s)
✔ [868/8034] Built Mathlib.Combinatorics.Quiver.ConnectedComponent (3.7s)
✔ [869/8034] Built Mathlib.Tactic.ArithMult (2.0s)
✔ [870/8034] Built Mathlib.Algebra.Regular.Opposite (3.1s)
✔ [871/8034] Built Mathlib.Algebra.GroupWithZero.ULift (3.1s)
✔ [872/8034] Built Mathlib.Logic.Equiv.Option (3.9s)
✔ [873/8034] Built Mathlib.Order.Monotone.Defs (5.3s)
✔ [874/8034] Built Mathlib.CategoryTheory.Bicategory.Functor.Strict (3.3s)
✔ [875/8034] Built Mathlib.CategoryTheory.Category.Grpd (3.2s)
✔ [876/8034] Built Mathlib.CategoryTheory.Closed.Cartesian (3.2s)
✔ [877/8034] Built Mathlib.CategoryTheory.Closed.Enrichment (3.1s)
✔ [878/8034] Built Mathlib.CategoryTheory.Closed.Functor (3.2s)
✔ [879/8034] Built Mathlib.Logic.Equiv.Sum (4.4s)
✔ [880/8034] Built Mathlib.CategoryTheory.Closed.FunctorCategory.Basic (3.3s)
✔ [881/8034] Built Mathlib.Algebra.Group.WithOne.Defs (4.5s)
✔ [882/8034] Built Mathlib.Algebra.Group.Action.Defs (6.3s)
✔ [883/8034] Built Mathlib.CategoryTheory.Closed.FunctorCategory.Complete (3.3s)
✔ [884/8034] Built Mathlib.CategoryTheory.Closed.FunctorCategory.Groupoid (3.1s)
✔ [885/8034] Built Mathlib.CategoryTheory.Closed.FunctorToTypes (3.2s)
✔ [886/8034] Built Mathlib.CategoryTheory.Closed.Ideal (3.1s)
✔ [887/8034] Built Mathlib.Order.SetNotation (8.7s)
✔ [888/8034] Built Mathlib.CategoryTheory.Category.Basic (5.6s)
✔ [889/8034] Built Mathlib.CategoryTheory.ConcreteCategory.BundledHom (2.9s)
✔ [890/8034] Built Mathlib.CategoryTheory.Closed.Monoidal (3.0s)
✔ [891/8034] Built Mathlib.CategoryTheory.ConcreteCategory.UnbundledHom (2.9s)
✔ [892/8034] Built Mathlib.CategoryTheory.Closed.Types (3.0s)
✔ [893/8034] Built Mathlib.CategoryTheory.EffectiveEpi.RegularEpi (2.9s)
✔ [894/8034] Built Mathlib.CategoryTheory.Limits.Shapes.Pullback.CommSq (2.8s)
✔ [895/8034] Built Mathlib.CategoryTheory.Limits.Types.Shapes (2.8s)
✔ [896/8034] Built Mathlib.CategoryTheory.Subpresheaf.Basic (2.6s)
✔ [897/8034] Built Mathlib.CategoryTheory.Subpresheaf.Equalizer (2.5s)
✔ [898/8034] Built Mathlib.CategoryTheory.Subpresheaf.Finite (2.6s)
✔ [899/8034] Built Mathlib.CategoryTheory.Subpresheaf.Image (2.5s)
✔ [900/8034] Built Mathlib.CategoryTheory.Subpresheaf.OfSection (2.4s)
✔ [901/8034] Built Mathlib.CategoryTheory.Closed.Zero (2.5s)
✔ [902/8034] Built Mathlib.CategoryTheory.Subpresheaf.Subobject (2.2s)
✔ [903/8034] Built Mathlib.CategoryTheory.Subpresheaf.Sieves (2.3s)
✔ [904/8034] Built Mathlib.Algebra.Group.Basic (11s)
✔ [905/8034] Built Mathlib.Data.Int.Sqrt (2.8s)
✔ [906/8034] Built Mathlib.Algebra.Order.PartialSups (2.8s)
✔ [907/8034] Built Mathlib.Data.Matrix.Auto (2.8s)
✔ [908/8034] Built Mathlib.Data.Seq.Seq (2.8s)
✔ [909/8034] Built Mathlib.Algebra.Field.IsField (3.9s)
✔ [910/8034] Built Mathlib.Data.Rat.Defs (3.9s)
✔ [911/8034] Built Mathlib.Data.Nat.Choose.Mul (3.3s)
✔ [912/8034] Built Mathlib.Deprecated.RingHom (3.3s)
✔ [913/8034] Built Mathlib.Data.List.InsertNth (3.7s)
✔ [914/8034] Built Mathlib.Data.List.Map2 (3.8s)
✔ [915/8034] Built Mathlib.Data.List.ChainOfFn (3.7s)
✔ [916/8034] Built Mathlib.Data.List.ProdSigma (3.8s)
✔ [917/8034] Built Mathlib.Data.Stream.Init (5.4s)
✔ [918/8034] Built Mathlib.Data.Nat.Factorial.Basic (5.0s)
✔ [919/8034] Built Mathlib.Data.List.TakeDrop (4.9s)
✔ [920/8034] Built Mathlib.Data.List.Count (3.9s)
✔ [921/8034] Built Mathlib.Control.Bifunctor (4.2s)
✔ [922/8034] Built Mathlib.Data.Vector.Defs (4.3s)
✔ [923/8034] Built Mathlib.Data.List.InsertIdx (4.4s)
✔ [924/8034] Built Mathlib.Algebra.NoZeroSMulDivisors.Prod (3.4s)
✔ [925/8034] Built Mathlib.Algebra.ModEq (3.4s)
✔ [926/8034] Built Mathlib.Algebra.GroupWithZero.Int (3.5s)
✔ [927/8034] Built Mathlib.Algebra.Quotient (3.6s)
✔ [928/8034] Built Mathlib.Topology.Exterior (3.5s)
✔ [929/8034] Built Mathlib.Topology.PartialHomeomorph (3.5s)
✔ [930/8034] Built Mathlib.Topology.Compactness.PseudometrizableLindelof (3.5s)
✔ [931/8034] Built Mathlib.Data.List.Induction (5.3s)
✔ [932/8034] Built Mathlib.Topology.Compactness.Exterior (3.3s)
✔ [933/8034] Built Mathlib.Algebra.Order.Group.Action.Synonym (3.1s)
✔ [934/8034] Built Mathlib.GroupTheory.GroupAction.IterateAct (3.1s)
✔ [935/8034] Built Mathlib.Algebra.Group.WithOne.Map (3.5s)
✔ [936/8034] Built Mathlib.Algebra.AddTorsor.Defs (3.2s)
✔ [937/8034] Built Mathlib.Combinatorics.Quiver.Covering (3.8s)
✔ [938/8034] Built Mathlib.Topology.Defs.Basic (2.8s)
✔ [939/8034] Built Mathlib.Algebra.Group.Action.Faithful (3.2s)
✔ [940/8034] Built Mathlib.Order.Monotone.Basic (4.6s)
✔ [941/8034] Built Mathlib.Tactic.CategoryTheory.Coherence.Basic (3.6s)
✔ [942/8034] Built Mathlib.CategoryTheory.Category.KleisliCat (3.2s)
✔ [943/8034] Built Mathlib.Tactic.Widget.CommDiag (3.8s)
✔ [944/8034] Built Mathlib.Tactic.CategoryTheory.Slice (3.3s)
✔ [945/8034] Built Mathlib.Tactic.CategoryTheory.CheckCompositions (3.9s)
✔ [946/8034] Built Mathlib.CategoryTheory.Functor.Basic (4.1s)
✔ [947/8034] Built Mathlib.Data.Int.Cast.Basic (3.3s)
✔ [948/8034] Built Mathlib.Algebra.Ring.MinimalAxioms (3.5s)
✔ [949/8034] Built Mathlib.Data.Nat.PSub (3.2s)
✔ [950/8034] Built Mathlib.Algebra.Group.Semiconj.Basic (3.4s)
✔ [951/8034] Built Mathlib.Data.Nat.Size (3.5s)
✔ [952/8034] Built Mathlib.Algebra.Group.Int.Units (3.5s)
✔ [953/8034] Built Mathlib.Tactic.MoveAdd (4.2s)
✔ [954/8034] Built Mathlib.Logic.Equiv.Basic (8.2s)
✔ [955/8034] Built Mathlib.Algebra.Ring.Regular (2.8s)
✔ [956/8034] Built Mathlib.Algebra.Group.Idempotent (2.9s)
✔ [957/8034] Built Mathlib.Algebra.Regular.Basic (3.4s)
✔ [958/8034] Built Mathlib.Algebra.Group.WithOne.Basic (4.1s)
✔ [959/8034] Built Mathlib.Algebra.Order.Monoid.Unbundled.Defs (3.0s)
✔ [960/8034] Built Mathlib.Algebra.Group.Torsion (2.0s)
✔ [961/8034] Built Mathlib.Algebra.Divisibility.Basic (3.7s)
✔ [962/8034] Built Mathlib.Control.Bitraversable.Basic (3.4s)
✔ [963/8034] Built Mathlib.Logic.Equiv.Functor (3.7s)
✔ [964/8034] Built Mathlib.LinearAlgebra.AffineSpace.Defs (3.0s)
✔ [965/8034] Built Mathlib.Algebra.GroupWithZero.Basic (4.4s)
✔ [966/8034] Built Mathlib.Data.List.Palindrome (3.6s)
✔ [967/8034] Built Mathlib.Topology.ContinuousMap.Defs (3.8s)
✔ [968/8034] Built Mathlib.Data.Nat.Choose.Basic (5.6s)
✔ [969/8034] Built Mathlib.Algebra.Free (9.1s)
✔ [970/8034] Built Mathlib.Algebra.Group.Hom.Basic (6.1s)
✔ [971/8034] Built Mathlib.Data.List.Basic (19s)
✔ [972/8034] Built Mathlib.Order.Iterate (4.2s)
✔ [973/8034] Built Mathlib.Order.BoundedOrder.Monotone (3.5s)
✔ [974/8034] Built Mathlib.Data.Seq.Computation (6.4s)
✔ [975/8034] Built Mathlib.Algebra.Group.Units.Basic (6.9s)
✔ [976/8034] Built Mathlib.Order.GaloisConnection.Defs (4.9s)
✔ [977/8034] Built Mathlib.Algebra.GroupWithZero.Action.Faithful (3.2s)
✔ [978/8034] Built Mathlib.Algebra.Group.Action.Sum (3.4s)
✔ [979/8034] Built Mathlib.Algebra.Group.Action.Option (3.4s)
✔ [980/8034] Built Mathlib.Algebra.Group.Action.Sigma (3.7s)
✔ [981/8034] Built Mathlib.Data.Nat.Log (5.4s)
✔ [982/8034] Built Mathlib.Algebra.Field.MinimalAxioms (3.1s)
✔ [983/8034] Built Mathlib.CategoryTheory.Functor.Functorial (3.8s)
✔ [984/8034] Built Mathlib.Tactic.Zify (3.5s)
✔ [985/8034] Built Mathlib.Algebra.Ring.Int.Defs (3.5s)
✔ [986/8034] Built Mathlib.Tactic.CategoryTheory.Reassoc (4.2s)
✔ [987/8034] Built Mathlib.Algebra.Ring.GrindInstances (3.9s)
✔ [988/8034] Built Mathlib.Algebra.Group.Action.Units (4.6s)
✔ [989/8034] Built Mathlib.Logic.Equiv.Bool (2.9s)
✔ [990/8034] Built Mathlib.Data.ULift (2.0s)
✔ [991/8034] Built Mathlib.Algebra.GroupWithZero.Idempotent (2.9s)
✔ [992/8034] Built Mathlib.Algebra.Group.Commute.Basic (3.8s)
✔ [993/8034] Built Mathlib.Order.Lattice (8.3s)
✔ [994/8034] Built Mathlib.Logic.Embedding.Basic (4.6s)
✔ [995/8034] Built Mathlib.Algebra.Order.Monoid.Unbundled.OrderDual (2.8s)
✔ [996/8034] Built Mathlib.Data.Ordmap.Ordnode (6.6s)
✔ [997/8034] Built Mathlib.Algebra.Divisibility.Hom (3.4s)
✔ [998/8034] Built Mathlib.Algebra.Group.ModEq (3.9s)
✔ [999/8034] Built Mathlib.Control.Bitraversable.Lemmas (3.8s)
✔ [1000/8034] Built Mathlib.Control.ULiftable (4.2s)
✔ [1001/8034] Built Mathlib.Algebra.Order.GroupWithZero.Unbundled.Defs (4.9s)
✔ [1002/8034] Built Mathlib.Algebra.Group.Opposite (5.0s)
✔ [1003/8034] Built Mathlib.Data.List.DropRight (4.1s)
✔ [1004/8034] Built Mathlib.Algebra.GroupWithZero.Hom (4.6s)
✔ [1005/8034] Built Mathlib.Algebra.Ring.InjSurj (9.4s)
✔ [1006/8034] Built Mathlib.Data.List.Infix (4.3s)
✔ [1007/8034] Built Mathlib.Algebra.Group.TypeTags.Basic (5.9s)
✔ [1008/8034] Built Mathlib.Data.List.SplitOn (3.9s)
✔ [1009/8034] Built Mathlib.Algebra.Group.Equiv.Basic (5.7s)
✔ [1010/8034] Built Mathlib.Data.List.Perm.Subperm (3.3s)
✔ [1011/8034] Built Mathlib.Data.List.Enum (3.2s)
✔ [1012/8034] Built Mathlib.Data.List.ReduceOption (3.3s)
✔ [1013/8034] Built Mathlib.Data.List.Lex (3.8s)
✔ [1014/8034] Built Mathlib.Data.List.Forall2 (3.0s)
✔ [1015/8034] Built Mathlib.Algebra.Group.Hom.Instances (7.8s)
✔ [1016/8034] Built Mathlib.Algebra.Group.Semiconj.Units (3.5s)
✔ [1017/8034] Built Mathlib.Data.Int.Cast.Field (3.5s)
✔ [1018/8034] Built Mathlib.Data.List.Lattice (5.2s)
✔ [1019/8034] Built Mathlib.Algebra.Divisibility.Units (4.4s)
✔ [1020/8034] Built Mathlib.Data.Seq.Defs (4.9s)
✔ [1021/8034] Built Mathlib.Algebra.FreeMonoid.Basic (8.2s)
✔ [1022/8034] Built Mathlib.Algebra.Group.Units.Hom (5.4s)
✔ [1023/8034] Built Mathlib.Algebra.Ring.Idempotent (3.8s)
✔ [1024/8034] Built Mathlib.Algebra.Homology.Embedding.Basic (4.8s)
✔ [1025/8034] Built Mathlib.Algebra.GroupWithZero.Units.Basic (5.3s)
✔ [1026/8034] Built Mathlib.CategoryTheory.NatTrans (4.4s)
✔ [1027/8034] Built Mathlib.SetTheory.Cardinal.Defs (4.5s)
✔ [1028/8034] Built Mathlib.Order.BoundedOrder.Lattice (3.6s)
✔ [1029/8034] Built Mathlib.Order.Monotone.Monovary (4.4s)
✔ [1030/8034] Built Mathlib.Order.MinMax (3.2s)
✔ [1031/8034] Built Mathlib.Algebra.Group.Embedding (3.3s)
✔ [1032/8034] Built Mathlib.Data.Sigma.Order (4.3s)
✔ [1033/8034] Built Mathlib.Data.PSigma.Order (4.3s)
✔ [1034/8034] Built Mathlib.CategoryTheory.Iso (7.0s)
✔ [1035/8034] Built Mathlib.Data.Prod.Lex (5.4s)
✔ [1036/8034] Built Mathlib.Algebra.GroupWithZero.Opposite (3.7s)
✔ [1037/8034] Built Mathlib.Algebra.Group.Units.Opposite (3.8s)
✔ [1038/8034] Built Mathlib.Control.Bitraversable.Instances (4.4s)
✔ [1039/8034] Built Mathlib.Algebra.GroupWithZero.Equiv (3.3s)
✔ [1040/8034] Built Mathlib.Algebra.Group.Action.Opposite (4.7s)
✔ [1041/8034] Built Mathlib.Data.Fin.Basic (5.5s)
✔ [1042/8034] Built Mathlib.Algebra.Ring.Hom.InjSurj (2.7s)
✔ [1043/8034] Built Mathlib.Data.Int.NatAbs (2.0s)
✔ [1044/8034] Built Mathlib.Algebra.Group.Action.TypeTags (2.5s)
✔ [1045/8034] Built Mathlib.Algebra.Group.Nat.TypeTags (2.4s)
✔ [1046/8034] Built Mathlib.Algebra.Group.Int.TypeTags (2.4s)
✔ [1047/8034] Built Mathlib.Algebra.Group.TypeTags.Hom (3.5s)
✔ [1048/8034] Built Mathlib.Order.RelIso.Basic (6.8s)
✔ [1049/8034] Built Mathlib.Tactic.Order.CollectFacts (9.2s)
✔ [1050/8034] Built Mathlib.Algebra.Ring.Divisibility.Basic (3.6s)
✔ [1051/8034] Built Mathlib.Data.Multiset.Defs (3.8s)
✔ [1052/8034] Built Mathlib.Data.List.Sections (3.5s)
✔ [1053/8034] Built Mathlib.Data.List.Perm.Basic (4.0s)
✔ [1054/8034] Built Mathlib.Data.List.Zip (3.7s)
✔ [1055/8034] Built Mathlib.Algebra.Group.Hom.End (3.6s)
✔ [1056/8034] Built Mathlib.Algebra.Ring.Basic (4.4s)
✔ [1057/8034] Built Mathlib.Algebra.Group.Equiv.Opposite (5.4s)
✔ [1058/8034] Built Mathlib.Data.List.Intervals (3.0s)
✔ [1059/8034] Built Mathlib.Data.List.Nodup (5.1s)
✔ [1060/8034] Built Mathlib.Algebra.Group.Commute.Units (4.5s)
✔ [1061/8034] Built Mathlib.Algebra.ContinuedFractions.Basic (3.9s)
✔ [1062/8034] Built Mathlib.Algebra.FreeMonoid.Count (3.9s)
✔ [1063/8034] Built Mathlib.Algebra.GroupWithZero.Semiconj (2.7s)
✔ [1064/8034] Built Mathlib.Algebra.GroupWithZero.Divisibility (3.5s)
✔ [1065/8034] Built Mathlib.Data.List.Chain (7.1s)
✔ [1066/8034] Built Mathlib.Algebra.Group.Units.Equiv (4.9s)
✔ [1067/8034] Built Mathlib.Data.List.SplitLengths (2.9s)
✔ [1068/8034] Built Mathlib.Algebra.EuclideanDomain.Field (4.6s)
✔ [1069/8034] Built Mathlib.CategoryTheory.ObjectProperty.Basic (3.7s)
✔ [1070/8034] Built Mathlib.Order.Disjoint (5.6s)
✔ [1071/8034] Built Mathlib.Tactic.CategoryTheory.CancelIso (4.1s)
✔ [1072/8034] Built Mathlib.Tactic.CategoryTheory.IsoReassoc (3.9s)
✔ [1073/8034] Built Mathlib.CategoryTheory.HomCongr (4.3s)
✔ [1074/8034] Built Mathlib.Order.WithBot (17s)
✔ [1075/8034] Built Mathlib.Algebra.Group.Action.Pretransitive (3.3s)
✔ [1076/8034] Built Mathlib.Algebra.Group.Nat.Hom (3.3s)
✔ [1077/8034] Built Mathlib.Algebra.Order.Group.End (3.2s)
✔ [1078/8034] Built Mathlib.Algebra.GroupWithZero.Action.Defs (5.1s)
✔ [1079/8034] Built Mathlib.Tactic.Order.ToInt (3.9s)
✔ [1080/8034] Built Mathlib.Tactic.Order.Preprocessing (3.6s)
✔ [1081/8034] Built Mathlib.Algebra.Group.Prod (9.6s)
✔ [1082/8034] Built Mathlib.Tactic.Order.Graph.Basic (3.0s)
✔ [1083/8034] Built Mathlib.Algebra.Group.Equiv.TypeTags (5.1s)
✔ [1084/8034] Built Mathlib.Data.Multiset.Pairwise (3.2s)
✔ [1085/8034] Built Mathlib.CategoryTheory.Functor.Category (8.0s)
✔ [1086/8034] Built Mathlib.Algebra.GroupWithZero.WithZero (7.2s)
✔ [1087/8034] Built Mathlib.Algebra.Ring.Rat (3.7s)
✔ [1088/8034] Built Mathlib.Algebra.Order.Monoid.Unbundled.Basic (9.7s)
✔ [1089/8034] Built Mathlib.Data.Multiset.ZeroCons (4.9s)
✔ [1090/8034] Built Mathlib.Data.List.Sublists (4.1s)
✔ [1091/8034] Built Mathlib.Algebra.Group.Even (4.7s)
✔ [1092/8034] Built Mathlib.Data.List.Perm.Lattice (3.0s)
✔ [1093/8034] Built Mathlib.Data.List.NatAntidiagonal (3.5s)
✔ [1094/8034] Built Mathlib.Data.List.Duplicate (3.5s)
✔ [1095/8034] Built Mathlib.Data.List.Dedup (3.6s)
✔ [1096/8034] Built Mathlib.Algebra.Group.Invertible.Basic (3.9s)
✔ [1097/8034] Built Mathlib.Algebra.GroupWithZero.Commute (3.3s)
✔ [1098/8034] Built Mathlib.Data.List.OffDiag (5.6s)
✔ [1099/8034] Built Mathlib.Algebra.BigOperators.Group.List.Basic (8.1s)
✔ [1100/8034] Built Mathlib.Data.List.Rotate (5.5s)
✔ [1101/8034] Built Mathlib.Algebra.Ring.Hom.Defs (8.2s)
✔ [1102/8034] Built Mathlib.Data.Int.GCD (5.4s)
✔ [1103/8034] Built Mathlib.Algebra.Prime.Defs (3.0s)
✔ [1104/8034] Built Mathlib.Data.List.Sigma (7.0s)
✔ [1105/8034] Built Mathlib.Data.Nat.GCD.Basic (4.0s)
✔ [1106/8034] Built Mathlib.Algebra.EuclideanDomain.Basic (5.6s)
✔ [1107/8034] Built Mathlib.Data.List.Range (4.4s)
✔ [1108/8034] Built Mathlib.Algebra.GroupWithZero.Units.Equiv (3.8s)
✔ [1109/8034] Built Mathlib.Algebra.Field.Equiv (4.2s)
✔ [1110/8034] Built Mathlib.Order.PropInstances (3.2s)
✔ [1111/8034] Built Mathlib.Data.List.SplitBy (5.1s)
✔ [1112/8034] Built Mathlib.CategoryTheory.ObjectProperty.ClosedUnderIsomorphisms (4.3s)
✔ [1113/8034] Built Mathlib.Algebra.GroupWithZero.Action.Opposite (2.5s)
✔ [1114/8034] Built Mathlib.Order.WithBotTop (3.1s)
✔ [1115/8034] Built Mathlib.Algebra.Order.Group.Action.End (2.7s)
✔ [1116/8034] Built Mathlib.Algebra.Group.Action.Hom (3.3s)
✔ [1117/8034] Built Mathlib.Algebra.GroupWithZero.Action.Units (3.0s)
✔ [1118/8034] Built Mathlib.Algebra.Ring.Action.Rat (2.5s)
✔ [1119/8034] Built Mathlib.GroupTheory.GroupAction.Ring (3.1s)
✔ [1120/8034] Built Mathlib.Data.List.MinMax (5.9s)
✔ [1121/8034] Built Mathlib.Algebra.Order.GroupWithZero.Action.Synonym (3.5s)
✔ [1122/8034] Built Mathlib.Data.Nat.Cast.Prod (3.2s)
✔ [1123/8034] Built Mathlib.Algebra.Regular.SMul (3.9s)
✔ [1124/8034] Built Mathlib.Algebra.GroupWithZero.Action.Hom (3.9s)
✔ [1125/8034] Built Mathlib.Algebra.Divisibility.Prod (3.7s)
✔ [1126/8034] Built Mathlib.Tactic.Order.Graph.Tarjan (3.6s)
✔ [1127/8034] Built Mathlib.Algebra.Module.Defs (4.4s)
✔ [1128/8034] Built Mathlib.CategoryTheory.Thin (3.8s)
✔ [1129/8034] Built Mathlib.Algebra.GroupWithZero.Prod (3.6s)
✔ [1130/8034] Built Mathlib.Algebra.Order.Monoid.Unbundled.Units (3.3s)
✔ [1131/8034] Built Mathlib.Algebra.Ring.WithZero (3.5s)
✔ [1132/8034] Built Mathlib.Algebra.Order.Sub.Defs (3.2s)
✔ [1133/8034] Built Mathlib.Algebra.Order.Monoid.Unbundled.MinMax (2.0s)
✔ [1134/8034] Built Mathlib.Algebra.Order.Monoid.NatCast (2.9s)
✔ [1135/8034] Built Mathlib.Algebra.Order.Monoid.Unbundled.ExistsOfLE (2.9s)
✔ [1136/8034] Built Mathlib.Algebra.Order.Monoid.Defs (3.5s)
✔ [1137/8034] Built Mathlib.Data.Multiset.Basic (3.4s)
✔ [1138/8034] Built Mathlib.Data.Multiset.Count (3.7s)
✔ [1139/8034] Built Mathlib.Algebra.Group.Irreducible.Lemmas (3.5s)
✔ [1140/8034] Built Mathlib.Algebra.Order.Monoid.Unbundled.Pow (5.3s)
✔ [1141/8034] Built Mathlib.Algebra.Group.Nat.Even (4.7s)
✔ [1142/8034] Built Mathlib.Order.Hom.Basic (12s)
✔ [1143/8034] Built Mathlib.Algebra.Group.Action.Basic (4.5s)
✔ [1144/8034] Built Mathlib.Data.List.Permutation (4.6s)
✔ [1145/8034] Built Mathlib.Algebra.GroupWithZero.Invertible (3.6s)
✔ [1146/8034] Built Mathlib.CategoryTheory.Functor.Trifunctor (8.8s)
✔ [1147/8034] Built Mathlib.Algebra.GroupWithZero.Units.Lemmas (3.7s)
✔ [1148/8034] Built Mathlib.CategoryTheory.NatIso (8.8s)
✔ [1149/8034] Built Mathlib.Data.List.Destutter (5.3s)
✔ [1150/8034] Built Mathlib.Data.Nat.Cast.Basic (4.2s)
✔ [1151/8034] Built Mathlib.Algebra.Ring.Units (3.4s)
✔ [1152/8034] Built Mathlib.Data.Nat.Prime.Defs (3.9s)
✔ [1153/8034] Built Mathlib.Data.List.AList (3.9s)
✔ [1154/8034] Built Mathlib.Algebra.BigOperators.Group.List.Lemmas (3.7s)
✔ [1155/8034] Built Mathlib.Algebra.GroupWithZero.Action.End (2.8s)
✔ [1156/8034] Built Mathlib.Algebra.Regular.ULift (2.0s)
✔ [1157/8034] Built Mathlib.Algebra.Regular.Prod (3.0s)
✔ [1158/8034] Built Mathlib.Data.Int.Cast.Prod (3.3s)
✔ [1159/8034] Built Mathlib.Algebra.Regular.Pi (3.0s)
✔ [1160/8034] Built Mathlib.Algebra.Ring.Opposite (6.8s)
✔ [1161/8034] Built Mathlib.Algebra.Module.MinimalAxioms (2.8s)
✔ [1162/8034] Built Mathlib.Algebra.Order.Module.Synonym (3.4s)
✔ [1163/8034] Built Mathlib.Algebra.Group.Action.Prod (4.5s)
✔ [1164/8034] Built Mathlib.Algebra.Order.Sub.Prod (3.0s)
✔ [1165/8034] Built Mathlib.Data.Set.Basic (5.9s)
✔ [1166/8034] Built Mathlib.Algebra.Order.Sub.Unbundled.Basic (3.8s)
✔ [1167/8034] Built Mathlib.Algebra.Order.Monoid.Unbundled.TypeTags (3.3s)
✔ [1168/8034] Built Mathlib.Algebra.Order.Monoid.OrderDual (3.0s)
✔ [1169/8034] Built Mathlib.Tactic.Order (5.0s)
✔ [1170/8034] Built Mathlib.Algebra.Order.Group.Int (2.7s)
✔ [1171/8034] Built Mathlib.Order.Heyting.Basic (7.1s)
✔ [1172/8034] Built Mathlib.Algebra.Order.Group.Opposite (3.5s)
✔ [1173/8034] Built Mathlib.Algebra.Order.AddTorsor (3.4s)
✔ [1174/8034] Built Mathlib.Algebra.Order.Monoid.Canonical.Defs (4.2s)
✔ [1175/8034] Built Mathlib.Algebra.Prime.Lemmas (3.5s)
✔ [1176/8034] Built Mathlib.Algebra.Order.Monoid.Basic (2.9s)
✔ [1177/8034] Built Mathlib.Algebra.Group.Int.Even (3.6s)
✔ [1178/8034] Built Mathlib.Data.Multiset.AddSub (4.6s)
✔ [1179/8034] Built Mathlib.Order.Prod.Lex.Hom (2.8s)
✔ [1180/8034] Built Mathlib.Algebra.Order.Group.Unbundled.Basic (7.5s)
✔ [1181/8034] Built Mathlib.Tactic.ApplyFun (4.2s)
✔ [1182/8034] Built Mathlib.Order.Types.Defs (4.0s)
✔ [1183/8034] Built Mathlib.Algebra.Order.Monoid.Units (3.0s)
✔ [1184/8034] Built Mathlib.Algebra.Order.Monoid.Unbundled.WithTop (8.4s)
✔ [1185/8034] Built Mathlib.Algebra.Ring.Invertible (4.1s)
✔ [1186/8034] Built Mathlib.Order.Antisymmetrization (4.7s)
✔ [1187/8034] Built Mathlib.Algebra.CharZero.AddMonoidHom (3.4s)
✔ [1188/8034] Built Mathlib.Data.Nat.Cast.Field (3.6s)
✔ [1189/8034] Built Mathlib.Algebra.GroupWithZero.ProdHom (4.5s)
✔ [1190/8034] Built Mathlib.Tactic.NormNum.Result (5.8s)
✔ [1191/8034] Built Mathlib.Algebra.Group.NatPowAssoc (4.2s)
✔ [1192/8034] Built Mathlib.Data.Nat.Cast.Order.Basic (4.6s)
✔ [1193/8034] Built Mathlib.Algebra.Ring.Int.Units (3.1s)
✔ [1194/8034] Built Mathlib.Data.Nat.Factorial.Cast (3.3s)
✔ [1195/8034] Built Mathlib.CategoryTheory.Functor.FullyFaithful (5.9s)
✔ [1196/8034] Built Mathlib.Order.Hom.Bounded (7.4s)
✔ [1197/8034] Built Mathlib.Algebra.Ring.Action.Basic (3.1s)
✔ [1198/8034] Built Mathlib.Data.Nat.GCD.Prime (3.2s)
✔ [1199/8034] Built Mathlib.Order.Hom.Lattice (7.8s)
✔ [1200/8034] Built Mathlib.Algebra.Ring.Commute (4.1s)
✔ [1201/8034] Built Mathlib.Algebra.CharP.Defs (4.5s)
✔ [1202/8034] Built Mathlib.Algebra.Module.RingHom (3.5s)
✔ [1203/8034] Built Mathlib.Algebra.Module.Opposite (3.1s)
✔ [1204/8034] Built Mathlib.Data.Nat.Order.Lemmas (2.7s)
✔ [1205/8034] Built Mathlib.Algebra.GroupWithZero.Action.Prod (3.8s)
✔ [1206/8034] Built Mathlib.Data.PEquiv (3.0s)
✔ [1207/8034] Built Mathlib.Data.Bundle (3.4s)
✔ [1208/8034] Built Mathlib.Data.SetLike.Basic (3.6s)
✔ [1209/8034] Built Mathlib.Data.Set.Inclusion (3.2s)
✔ [1210/8034] Built Mathlib.Data.Set.Disjoint (3.4s)
✔ [1211/8034] Built Mathlib.Data.Set.Order (3.7s)
✔ [1212/8034] Built Mathlib.Algebra.Order.Sub.Unbundled.Hom (3.4s)
✔ [1213/8034] Built Mathlib.Order.Circular (4.6s)
✔ [1214/8034] Built Mathlib.Order.BooleanAlgebra.Defs (3.0s)
✔ [1215/8034] Built Mathlib.Algebra.Order.Monoid.TypeTags (3.4s)
✔ [1216/8034] Built Mathlib.Deprecated.Estimator (4.7s)
✔ [1217/8034] Built Mathlib.Algebra.Order.Sub.Basic (3.8s)
✔ [1218/8034] Built Mathlib.Algebra.Order.Group.Nat (3.2s)
✔ [1219/8034] Built Mathlib.Algebra.Order.Monoid.Prod (3.7s)
✔ [1220/8034] Built Mathlib.CategoryTheory.Bicategory.Basic (13s)
✔ [1221/8034] Built Mathlib.Algebra.Group.End (8.2s)
✔ [1222/8034] Built Mathlib.Data.Multiset.Replicate (3.5s)
✔ [1223/8034] Built Mathlib.Algebra.Order.Group.OrderIso (3.8s)
✔ [1224/8034] Built Mathlib.Algebra.Order.BigOperators.Group.List (4.8s)
✔ [1225/8034] Built Mathlib.Data.Int.Range (2.9s)
✔ [1226/8034] Built Mathlib.Algebra.Order.Group.Units (3.1s)
✔ [1227/8034] Built Mathlib.Algebra.Order.Group.Basic (3.6s)
✔ [1228/8034] Built Mathlib.Algebra.Order.Group.Defs (3.6s)
✔ [1229/8034] Built Mathlib.Algebra.Order.Sub.WithTop (3.2s)
✔ [1230/8034] Built Mathlib.Algebra.GroupWithZero.Associated (6.3s)
✔ [1231/8034] Built Mathlib.Data.Nat.Cast.WithTop (3.2s)
✔ [1232/8034] Built Mathlib.Algebra.Order.Monoid.WithTop (3.7s)
✔ [1233/8034] Built Mathlib.Order.Comparable (4.1s)
✔ [1234/8034] Built Mathlib.Data.Nat.Choose.Cast (3.9s)
✔ [1235/8034] Built Mathlib.Computability.Tape (5.6s)
✔ [1236/8034] Built Mathlib.Algebra.Group.Center (12s)
✔ [1237/8034] Built Mathlib.Data.Sum.Order (10s)
✔ [1238/8034] Built Mathlib.CategoryTheory.InducedCategory (4.1s)
✔ [1239/8034] Built Mathlib.Tactic.NormNum.Core (5.4s)
✔ [1240/8034] Built Mathlib.Algebra.Ring.Action.Field (3.2s)
✔ [1241/8034] Built Mathlib.Algebra.Module.PUnit (3.4s)
✔ [1242/8034] Built Mathlib.Data.Nat.Cast.Commute (3.4s)
✔ [1243/8034] Built Mathlib.Algebra.BigOperators.Ring.List (3.7s)
✔ [1244/8034] Built Mathlib.Algebra.Ring.Torsion (2.9s)
✔ [1245/8034] Built Mathlib.Algebra.Module.Prod (2.7s)
✔ [1246/8034] Built Mathlib.Algebra.Order.Hom.Monoid (10s)
✔ [1247/8034] Built Mathlib.Data.Nat.Upto (3.6s)
✔ [1248/8034] Built Mathlib.Data.List.Iterate (3.6s)
✔ [1249/8034] Built Mathlib.Combinatorics.Quiver.Path.Decomposition (3.0s)
✔ [1250/8034] Built Mathlib.Algebra.Group.Subsemigroup.Defs (5.5s)
✔ [1251/8034] Built Mathlib.Data.Set.Insert (5.8s)
✔ [1252/8034] Built Mathlib.Algebra.Field.Basic (7.9s)
✔ [1253/8034] Built Mathlib.Data.Int.LeastGreatest (3.6s)
✔ [1254/8034] Built Mathlib.Algebra.Group.Conj (4.3s)
✔ [1255/8034] Built Mathlib.Tactic.CategoryTheory.BicategoricalComp (4.6s)
✔ [1256/8034] Built Mathlib.Algebra.Group.Action.End (5.1s)
✔ [1257/8034] Built Mathlib.Algebra.Order.Ring.Idempotent (7.4s)
✔ [1258/8034] Built Mathlib.Data.String.Basic (7.1s)
✔ [1259/8034] Built Mathlib.SetTheory.Lists (7.8s)
✔ [1260/8034] Built Mathlib.Algebra.Order.Group.DenselyOrdered (4.7s)
✔ [1261/8034] Built Mathlib.Algebra.Order.Group.Lattice (5.1s)
✔ [1262/8034] Built Mathlib.Data.List.Prime (4.5s)
✔ [1263/8034] Built Mathlib.Order.BooleanAlgebra.Basic (9.4s)
✔ [1264/8034] Built Mathlib.Algebra.Order.Monoid.Associated (4.7s)
✔ [1265/8034] Built Mathlib.Data.Int.Associated (4.4s)
✔ [1266/8034] Built Mathlib.Algebra.Ring.Associated (4.3s)
✔ [1267/8034] Built Mathlib.Algebra.Ring.Centralizer (3.9s)
✔ [1268/8034] Built Mathlib.Data.Nat.WithBot (4.2s)
✔ [1269/8034] Built Mathlib.Algebra.GroupWithZero.Center (3.9s)
✔ [1270/8034] Built Mathlib.Algebra.Order.AddGroupWithTop (5.3s)
✔ [1271/8034] Built Mathlib.CategoryTheory.ObjectProperty.FullSubcategory (4.6s)
✔ [1272/8034] Built Mathlib.Algebra.Order.Hom.Units (3.1s)
✔ [1273/8034] Built Mathlib.Data.Sum.Lattice (5.6s)
✔ [1274/8034] Built Mathlib.GroupTheory.Subsemigroup.Center (3.3s)
✔ [1275/8034] Built Mathlib.Data.Bool.Set (3.2s)
✔ [1276/8034] Built Mathlib.Logic.Function.FiberPartition (3.4s)
✔ [1277/8034] Built Mathlib.Algebra.Order.Hom.TypeTags (4.5s)
✔ [1278/8034] Built Mathlib.Data.Set.Enumerate (3.9s)
✔ [1279/8034] Built Mathlib.Algebra.Order.Monoid.Lex (4.8s)
✔ [1280/8034] Built Mathlib.Combinatorics.Quiver.Path.Vertices (4.3s)
✔ [1281/8034] Built Mathlib.Data.Set.Subsingleton (3.6s)
✔ [1282/8034] Built Mathlib.Algebra.Field.ModEq (3.3s)
✔ [1283/8034] Built Mathlib.Algebra.Ring.Parity (7.3s)
✔ [1284/8034] Built Mathlib.Algebra.GroupWithZero.Conj (3.2s)
✔ [1285/8034] Built Mathlib.Algebra.Group.Submonoid.Defs (6.7s)
✔ [1286/8034] Built Mathlib.Algebra.GroupWithZero.Action.Basic (3.9s)
✔ [1287/8034] Built Mathlib.Order.Heyting.Boundary (3.4s)
✔ [1288/8034] Built Mathlib.Algebra.Order.PUnit (3.2s)
✔ [1289/8034] Built Mathlib.CategoryTheory.Whiskering (22s)
✔ [1290/8034] Built Mathlib.Order.BooleanAlgebra.Set (5.6s)
✔ [1291/8034] Built Mathlib.Algebra.Order.Group.Unbundled.Abs (6.3s)
✔ [1292/8034] Built Mathlib.Order.SymmDiff (5.9s)
✔ [1293/8034] Built Mathlib.Tactic.NormNum.Basic (10s)
✔ [1294/8034] Built Mathlib.CategoryTheory.ConcreteCategory.Basic (5.0s)
✔ [1295/8034] Built Mathlib.CategoryTheory.EssentialImage (5.1s)
✔ [1296/8034] Built Mathlib.Order.Booleanisation (7.4s)
✔ [1297/8034] Built Mathlib.Algebra.Tropical.Basic (6.1s)
✔ [1298/8034] Built Mathlib.Data.Nat.Prime.Basic (4.9s)
✔ [1299/8034] Built Mathlib.Algebra.CharP.Invertible (4.1s)
✔ [1300/8034] Built Mathlib.GroupTheory.GroupAction.Hom (25s)
✔ [1301/8034] Built Mathlib.Data.Bool.Count (5.5s)
✔ [1302/8034] Built Mathlib.Data.Nat.EvenOddRec (3.5s)
✔ [1303/8034] Built Mathlib.Data.Part (6.8s)
✔ [1304/8034] Built Mathlib.Tactic.CategoryTheory.Bicategory.Datatypes (10s)
✔ [1305/8034] Built Mathlib.Algebra.GroupWithZero.Submonoid.CancelMulZero (3.0s)
✔ [1306/8034] Built Mathlib.Data.Int.Cast.Lemmas (5.3s)
✔ [1307/8034] Built Mathlib.Algebra.Order.Monoid.Submonoid (3.4s)
✔ [1308/8034] Built Mathlib.Algebra.GroupWithZero.Submonoid.Primal (3.1s)
✔ [1309/8034] Built Mathlib.Data.Nat.Bitwise (5.7s)
✔ [1310/8034] Built Mathlib.Algebra.Ring.Int.Parity (5.1s)
✔ [1311/8034] Built Mathlib.GroupTheory.OreLocalization.OreSet (3.3s)
✔ [1312/8034] Built Mathlib.RingTheory.NonUnitalSubsemiring.Defs (5.1s)
✔ [1313/8034] Built Mathlib.Algebra.Ring.AddAut (3.1s)
✔ [1314/8034] Built Mathlib.Algebra.Group.Submonoid.MulAction (3.5s)
✔ [1315/8034] Built Mathlib.CategoryTheory.Functor.ReflectsIso.Basic (3.0s)
✔ [1316/8034] Built Mathlib.Data.Set.BoolIndicator (2.8s)
✔ [1317/8034] Built Mathlib.Data.Set.SymmDiff (3.6s)
✔ [1318/8034] Built Mathlib.CategoryTheory.Sigma.Basic (5.0s)
✔ [1319/8034] Built Mathlib.Algebra.Order.Group.Unbundled.Int (4.2s)
✔ [1320/8034] Built Mathlib.Order.Filter.Defs (6.0s)
✔ [1321/8034] Built Mathlib.Algebra.Order.Group.Abs (5.8s)
✔ [1322/8034] Built Mathlib.Data.Nat.Prime.Int (4.5s)
✔ [1323/8034] Built Mathlib.Data.Nat.Prime.Factorial (4.5s)
✔ [1324/8034] Built Mathlib.Order.Interval.Set.Basic (7.1s)
✔ [1325/8034] Built Mathlib.Algebra.GCDMonoid.Basic (16s)
✔ [1326/8034] Built Mathlib.Data.Int.NatPrime (4.3s)
✔ [1327/8034] Built Mathlib.Algebra.Order.Group.PosPart (6.1s)
✔ [1328/8034] Built Mathlib.Algebra.Group.Subgroup.Defs (10s)
✔ [1329/8034] Built Mathlib.Control.Fix (3.3s)
✔ [1330/8034] Built Mathlib.Data.Nat.Prime.Pow (3.4s)
✔ [1331/8034] Built Mathlib.Tactic.NormNum.Prime (5.7s)
✔ [1332/8034] Built Mathlib.Order.Part (3.5s)
✔ [1333/8034] Built Mathlib.Algebra.Ring.Center (3.7s)
✔ [1334/8034] Built Mathlib.RingTheory.OreLocalization.OreSet (3.1s)
✔ [1335/8034] Built Mathlib.Tactic.Abel (9.6s)
✔ [1336/8034] Built Mathlib.Algebra.Field.Opposite (4.7s)
✔ [1337/8034] Built Mathlib.Data.Int.Bitwise (4.2s)
✔ [1338/8034] Built Mathlib.Data.Rat.Lemmas (4.1s)
✔ [1339/8034] Built Mathlib.Order.Hom.BoundedLattice (10s)
✔ [1340/8034] Built Mathlib.Algebra.Module.NatInt (4.9s)
✔ [1341/8034] Built Mathlib.Algebra.Field.Power (3.5s)
✔ [1342/8034] Built Mathlib.Tactic.NormNum.Parity (3.8s)
✔ [1343/8034] Built Mathlib.Tactic.CategoryTheory.Bicategory.PureCoherence (6.3s)
✔ [1344/8034] Built Mathlib.Algebra.Group.Submonoid.DistribMulAction (2.6s)
✔ [1345/8034] Built Mathlib.Tactic.NormNum.Pow (6.6s)
✔ [1346/8034] Built Mathlib.Tactic.TautoSet (2.8s)
✔ [1347/8034] Built Mathlib.Algebra.EuclideanDomain.Int (2.9s)
✔ [1348/8034] Built Mathlib.Algebra.Ring.Subsemiring.Defs (5.6s)
✔ [1349/8034] Built Mathlib.Algebra.Order.Group.MinMax (3.5s)
✔ [1350/8034] Built Mathlib.Data.Nat.Choose.Dvd (3.7s)
✔ [1351/8034] Built Mathlib.Algebra.GCDMonoid.PUnit (3.5s)
✔ [1352/8034] Built Mathlib.Order.Bounded (3.0s)
✔ [1353/8034] Built Mathlib.Algebra.Order.Hom.Basic (5.0s)
✔ [1354/8034] Built Mathlib.Tactic.CategoryTheory.Bicategory.Normalize (10s)
✔ [1355/8034] Built Mathlib.CategoryTheory.Equivalence (15s)
✔ [1356/8034] Built Mathlib.Data.Nat.ModEq (5.6s)
✔ [1357/8034] Built Mathlib.Algebra.Order.Ring.Unbundled.Rat (6.6s)
✔ [1358/8034] Built Mathlib.Algebra.GCDMonoid.Nat (4.2s)
✔ [1359/8034] Built Mathlib.Algebra.Group.Subgroup.Even (4.0s)
✔ [1360/8034] Built Mathlib.Tactic.NoncommRing (3.7s)
✔ [1361/8034] Built Mathlib.Algebra.Ring.Associator (4.0s)
✔ [1362/8034] Built Mathlib.Algebra.Order.Group.Cone (5.0s)
✔ [1363/8034] Built Mathlib.Order.Interval.Set.LinearOrder (7.3s)
✔ [1364/8034] Built Mathlib.Data.Set.Image (9.6s)
✔ [1365/8034] Built Mathlib.RingTheory.NonUnitalSubring.Defs (5.9s)
✔ [1366/8034] Built Mathlib.Algebra.Module.End (3.7s)
✔ [1367/8034] Built Mathlib.Algebra.Ring.Action.Subobjects (3.6s)
✔ [1368/8034] Built Mathlib.Tactic.NormNum.PowMod (3.9s)
✔ [1369/8034] Built Mathlib.Algebra.Module.Torsion.Free (4.6s)
✔ [1370/8034] Built Mathlib.GroupTheory.OreLocalization.Basic (12s)
✔ [1371/8034] Built Mathlib.Order.Hom.WithTopBot (5.2s)
✔ [1372/8034] Built Mathlib.CategoryTheory.ObjectProperty.Equivalence (3.6s)
✔ [1373/8034] Built Mathlib.Order.Heyting.Hom (5.0s)
✔ [1374/8034] Built Mathlib.Order.Set (2.1s)
✔ [1375/8034] Built Mathlib.Data.Int.ModEq (3.9s)
✔ [1376/8034] Built Mathlib.Logic.Embedding.Set (3.6s)
✔ [1377/8034] Built Mathlib.Algebra.Notation.Support (3.7s)
✔ [1378/8034] Built Mathlib.Data.List.Lemmas (3.1s)
✔ [1379/8034] Built Mathlib.Order.UpperLower.Relative (3.2s)
✔ [1380/8034] Built Mathlib.Data.Set.List (3.1s)
✔ [1381/8034] Built Mathlib.Data.Nat.Set (3.1s)
✔ [1382/8034] Built Mathlib.Order.Interval.Set.WithBotTop (3.6s)
✔ [1383/8034] Built Mathlib.CategoryTheory.CatCommSq (5.7s)
✔ [1384/8034] Built Mathlib.Algebra.NonAssoc.PreLie.Basic (5.6s)
✔ [1385/8034] Built Mathlib.Tactic.CategoryTheory.Bicategory.Basic (8.1s)
✔ [1386/8034] Built Mathlib.AlgebraicTopology.DoldKan.Compatibility (6.7s)
✔ [1387/8034] Built Mathlib.Data.Set.Restrict (3.7s)
✔ [1388/8034] Built Mathlib.Order.Directed (4.1s)
✔ [1389/8034] Built Mathlib.Algebra.Module.Torsion.Field (2.0s)
✔ [1390/8034] Built Mathlib.Algebra.Module.Torsion.Prod (3.3s)
✔ [1391/8034] Built Mathlib.Algebra.NoZeroSMulDivisors.Defs (3.3s)
✔ [1392/8034] Built Mathlib.Logic.Equiv.Embedding (2.9s)
✔ [1393/8034] Built Mathlib.Algebra.Group.Support (2.9s)
✔ [1394/8034] Built Mathlib.Algebra.Ring.CharZero (3.5s)
✔ [1395/8034] Built Mathlib.Tactic.ModCases (4.3s)
✔ [1396/8034] Built Mathlib.Data.Int.CharZero (3.7s)
✔ [1397/8034] Built Mathlib.Algebra.Ring.Subring.Defs (6.4s)
✔ [1398/8034] Built Mathlib.RingTheory.OreLocalization.Basic (5.7s)
✔ [1399/8034] Built Mathlib.Order.ConditionallyCompletePartialOrder.Defs (3.5s)
✔ [1400/8034] Built Mathlib.Logic.Function.DependsOn (3.2s)
✔ [1401/8034] Built Mathlib.Data.Multiset.MapFold (5.2s)
✔ [1402/8034] Built Mathlib.Algebra.NoZeroSMulDivisors.Basic (3.4s)
✔ [1403/8034] Built Mathlib.Data.Set.Prod (7.8s)
✔ [1404/8034] Built Mathlib.CategoryTheory.Sums.Basic (13s)
✔ [1405/8034] Built Mathlib.CategoryTheory.Opposites (12s)
✔ [1406/8034] Built Mathlib.Algebra.Ring.Action.Invariant (2.1s)
✔ [1407/8034] Built Mathlib.CategoryTheory.Bicategory.Adjunction.Basic (7.9s)
✔ [1408/8034] Built Mathlib.Data.Multiset.NatAntidiagonal (3.3s)
✔ [1409/8034] Built Mathlib.Data.Prod.TProd (3.0s)
✔ [1410/8034] Built Mathlib.Data.Set.NAry (4.5s)
✔ [1411/8034] Built Mathlib.CategoryTheory.ObjectProperty.Opposite (4.4s)
✔ [1412/8034] Built Mathlib.CategoryTheory.DinatTrans (4.8s)
✔ [1413/8034] Built Mathlib.Algebra.Field.Subfield.Defs (6.8s)
✔ [1414/8034] Built Mathlib.Order.Bounds.Basic (10s)
✔ [1415/8034] Built Mathlib.CategoryTheory.Functor.Const (7.5s)
✔ [1416/8034] Built Mathlib.CategoryTheory.EqToHom (7.9s)
✔ [1417/8034] Built Mathlib.CategoryTheory.Functor.TwoSquare (7.9s)
✔ [1418/8034] Built Mathlib.CategoryTheory.Bicategory.Opposites (8.8s)
✔ [1419/8034] Built Mathlib.Algebra.Order.Group.Bounds (4.3s)
✔ [1420/8034] Built Mathlib.Order.Monotone.Union (4.3s)
✔ [1421/8034] Built Mathlib.Data.Set.Function (10s)
✔ [1422/8034] Built Mathlib.Data.Nat.Prime.Infinite (4.9s)
✔ [1423/8034] Built Mathlib.CategoryTheory.Sums.Associator (10s)
✔ [1424/8034] Built Mathlib.Algebra.Group.Pointwise.Set.Scalar (7.3s)
✔ [1425/8034] Built Mathlib.Order.Bounds.Image (7.1s)
✔ [1426/8034] Built Mathlib.Order.LatticeIntervals (7.9s)
✔ [1427/8034] Built Mathlib.Order.CompleteLattice.Defs (6.5s)
✔ [1428/8034] Built Mathlib.Order.Monotone.Odd (4.6s)
✔ [1429/8034] Built Mathlib.CategoryTheory.Bicategory.Strict.Basic (5.0s)
✔ [1430/8034] Built Mathlib.CategoryTheory.Bicategory.EqToHom (5.4s)
✔ [1431/8034] Built Mathlib.CategoryTheory.Category.Preorder (6.6s)
✔ [1432/8034] Built Mathlib.CategoryTheory.Category.ULift (7.9s)
✔ [1433/8034] Built Mathlib.Data.Multiset.Filter (6.6s)
✔ [1434/8034] Built Mathlib.Dynamics.FixedPoints.Basic (5.2s)
✔ [1435/8034] Built Mathlib.Order.Interval.Set.Image (6.7s)
✔ [1436/8034] Built Mathlib.CategoryTheory.Bicategory.Functor.Prelax (8.8s)
✔ [1437/8034] Built Mathlib.Algebra.Order.Interval.Set.Monoid (4.5s)
✔ [1438/8034] Built Mathlib.Order.Interval.Set.SurjOn (4.3s)
✔ [1439/8034] Built Mathlib.Order.WellFounded (5.0s)
✔ [1440/8034] Built Mathlib.Data.Set.Monotone (4.6s)
✔ [1441/8034] Built Mathlib.Data.Set.Pairwise.Basic (6.2s)
✔ [1442/8034] Built Mathlib.GroupTheory.GroupAction.Support (4.1s)
✔ [1443/8034] Built Mathlib.Algebra.Module.PointwisePi (4.2s)
✔ [1444/8034] Built Mathlib.Data.Set.Piecewise (4.7s)
✔ [1445/8034] Built Mathlib.CategoryTheory.Bicategory.Strict (3.0s)
✔ [1446/8034] Built Mathlib.GroupTheory.GroupAction.Pointwise (6.0s)
✔ [1447/8034] Built Mathlib.Order.ScottContinuity (5.5s)
✔ [1448/8034] Built Mathlib.Logic.Equiv.Set (9.7s)
✔ [1449/8034] Built Mathlib.CategoryTheory.Products.Basic (17s)
✔ [1450/8034] Built Mathlib.Algebra.BigOperators.Group.Multiset.Defs (4.9s)
✔ [1451/8034] Built Mathlib.CategoryTheory.Functor.OfSequence (7.1s)
✔ [1452/8034] Built Mathlib.Combinatorics.Quiver.Arborescence (4.2s)
✔ [1453/8034] Built Mathlib.Algebra.Group.Pointwise.Set.Basic (23s)
✔ [1454/8034] Built Mathlib.Order.ConditionallyCompleteLattice.Defs (5.5s)
✔ [1455/8034] Built Mathlib.Data.Multiset.UnionInter (7.1s)
✔ [1456/8034] Built Mathlib.Data.Rel (28s)
✔ [1457/8034] Built Mathlib.CategoryTheory.Bicategory.Adjunction.Mate (26s)
✔ [1458/8034] Built Mathlib.Algebra.Order.GroupWithZero.Unbundled.Basic (15s)
✔ [1459/8034] Built Mathlib.Data.Set.Pairwise.List (4.6s)
✔ [1460/8034] Built Mathlib.Order.Interval.Set.UnorderedInterval (8.2s)
✔ [1461/8034] Built Mathlib.Order.Minimal (8.2s)
✔ [1462/8034] Built Mathlib.Order.PiLex (6.5s)
✔ [1463/8034] Built Mathlib.Algebra.Notation.Indicator (6.2s)
✔ [1464/8034] Built Mathlib.Data.Finset.Defs (6.4s)
✔ [1465/8034] Built Mathlib.Order.RelIso.Set (4.4s)
✔ [1466/8034] Built Mathlib.GroupTheory.Perm.ViaEmbedding (4.5s)
✔ [1467/8034] Built Mathlib.Algebra.Group.Action.Pi (5.1s)
✔ [1468/8034] Built Mathlib.CategoryTheory.Limits.Shapes.Pullback.Categorical.CatCospanTransform (38s)
✔ [1469/8034] Built Mathlib.Logic.Small.Basic (3.0s)
✔ [1470/8034] Built Mathlib.GroupTheory.Perm.Basic (5.1s)
✔ [1471/8034] Built Mathlib.Order.Hom.Set (5.5s)
✔ [1472/8034] Built Mathlib.CategoryTheory.Products.Bifunctor (4.1s)
✔ [1473/8034] Built Mathlib.Algebra.GroupWithZero.Pointwise.Set.Basic (4.0s)
✔ [1474/8034] Built Mathlib.Algebra.Ring.Pointwise.Set (3.9s)
✔ [1475/8034] Built Mathlib.Algebra.Group.TypeTags.Pointwise (3.9s)
✔ [1476/8034] Built Mathlib.Logic.Equiv.PartialEquiv (9.3s)
✔ [1477/8034] Built Mathlib.Data.Multiset.Dedup (3.9s)
✔ [1478/8034] Built Mathlib.Data.Int.ConditionallyCompleteOrder (4.3s)
✔ [1479/8034] Built Mathlib.Algebra.Group.Pi.Lemmas (12s)
✔ [1480/8034] Built Mathlib.Data.Multiset.Range (4.0s)
✔ [1481/8034] Built Mathlib.CategoryTheory.Products.Associator (7.0s)
✔ [1482/8034] Built Mathlib.Data.Rel.Separated (3.8s)
✔ [1483/8034] Built Mathlib.Order.Rel.GaloisConnection (3.9s)
✔ [1484/8034] Built Mathlib.Algebra.Order.GroupWithZero.Submonoid (3.5s)
✔ [1485/8034] Built Mathlib.Data.Fin.SuccPred (12s)
✔ [1486/8034] Built Mathlib.Algebra.Order.BigOperators.GroupWithZero.List (4.2s)
✔ [1487/8034] Built Mathlib.Algebra.Ring.Equiv (14s)
✔ [1488/8034] Built Mathlib.Data.PFun (6.7s)
✔ [1489/8034] Built Mathlib.Algebra.Order.GroupWithZero.Bounds (4.3s)
✔ [1490/8034] Built Mathlib.Algebra.Order.GroupWithZero.Unbundled.OrderIso (4.5s)
✔ [1491/8034] Built Mathlib.Tactic.FieldSimp.Lemmas (7.9s)
✔ [1492/8034] Built Mathlib.Order.Interval.Set.OrderEmbedding (4.6s)
✔ [1493/8034] Built Mathlib.Algebra.Order.Group.PiLex (4.5s)
✔ [1494/8034] Built Mathlib.Algebra.GroupWithZero.Indicator (4.4s)
✔ [1495/8034] Built Mathlib.CategoryTheory.Pi.Basic (15s)
✔ [1496/8034] Built Mathlib.CategoryTheory.Functor.Currying (15s)
✔ [1497/8034] Built Mathlib.Data.Finset.Order (3.7s)
✔ [1498/8034] Built Mathlib.Algebra.Order.Nonneg.Basic (7.6s)
✔ [1499/8034] Built Mathlib.Data.Finset.Erase (4.0s)
✔ [1500/8034] Built Mathlib.Algebra.Group.Indicator (5.2s)
✔ [1501/8034] Built Mathlib.Data.Finset.Empty (4.6s)
✔ [1502/8034] Built Mathlib.Algebra.Order.Ring.Unbundled.Basic (10s)
✔ [1503/8034] Built Mathlib.Data.Finset.Attach (4.0s)
✔ [1504/8034] Built Mathlib.Algebra.NoZeroSMulDivisors.Pi (3.9s)
✔ [1505/8034] Built Mathlib.GroupTheory.GroupAction.Embedding (3.8s)
✔ [1506/8034] Built Mathlib.Algebra.AddTorsor.Basic (4.7s)
✔ [1507/8034] Built Mathlib.Data.Countable.Small (3.4s)
✔ [1508/8034] Built Mathlib.Algebra.GroupWithZero.Action.Pi (4.2s)
✔ [1509/8034] Built Mathlib.Algebra.Module.Basic (4.7s)
✔ [1510/8034] Built Mathlib.Order.Bounds.OrderIso (3.1s)
✔ [1511/8034] Built Mathlib.Order.Interval.Set.OrderIso (3.3s)
✔ [1512/8034] Built Mathlib.Order.Preorder.Chain (5.2s)
✔ [1513/8034] Built Mathlib.Data.Finset.Dedup (3.8s)
✔ [1514/8034] Built Mathlib.Data.Multiset.Fold (3.8s)
✔ [1515/8034] Built Mathlib.Data.Multiset.FinsetOps (4.4s)
✔ [1516/8034] Built Mathlib.CategoryTheory.Join.Basic (21s)
✔ [1517/8034] Built Mathlib.Data.Rel.Cover (3.7s)
✔ [1518/8034] Built Mathlib.Data.Fin.Rev (3.7s)
✔ [1519/8034] Built Mathlib.CategoryTheory.Monoidal.Category (23s)
✔ [1520/8034] Built Mathlib.Algebra.Order.GroupWithZero.Canonical (17s)
✔ [1521/8034] Built Mathlib.Data.Fin.Embedding (4.4s)
✔ [1522/8034] Built Mathlib.Order.Hom.Lex (7.2s)
✔ [1523/8034] Built Mathlib.Algebra.Order.BigOperators.GroupWithZero.Multiset (4.1s)
✔ [1524/8034] Built Mathlib.Algebra.Ring.Action.Group (3.8s)
✔ [1525/8034] Built Mathlib.GroupTheory.GroupAction.DomAct.Basic (6.7s)
✔ [1526/8034] Built Mathlib.Algebra.Ring.Aut (4.2s)
✔ [1527/8034] Built Mathlib.Data.Vector.Basic (6.0s)
✔ [1528/8034] Built Mathlib.RingTheory.RingInvo (3.8s)
✔ [1529/8034] Built Mathlib.Algebra.Ring.CompTypeclasses (3.7s)
✔ [1530/8034] Built Mathlib.Order.CompleteLattice.Basic (10s)
✔ [1531/8034] Built Mathlib.Data.Finset.Filter (4.5s)
✔ [1532/8034] Built Mathlib.Algebra.Ring.ULift (7.5s)
✔ [1533/8034] Built Mathlib.Algebra.Order.Ring.Defs (4.8s)
✔ [1534/8034] Built Mathlib.Data.NNRat.Defs (5.9s)
✔ [1535/8034] Built Mathlib.Order.Antichain (4.0s)
✔ [1536/8034] Built Mathlib.Algebra.Order.Group.Multiset (5.2s)
✔ [1537/8034] Built Mathlib.Data.Multiset.Lattice (4.8s)
✔ [1538/8034] Built Mathlib.Algebra.Order.BigOperators.Group.Multiset (5.0s)
✔ [1539/8034] Built Mathlib.CategoryTheory.Join.Sum (4.8s)
✔ [1540/8034] Built Mathlib.Data.Finset.Lattice.Basic (6.5s)
✔ [1541/8034] Built Mathlib.CategoryTheory.Discrete.Basic (9.3s)
✔ [1542/8034] Built Mathlib.CategoryTheory.Sums.Products (14s)
✔ [1543/8034] Built Mathlib.Data.Finset.Insert (7.9s)
✔ [1544/8034] Built Mathlib.Algebra.Group.Fin.Basic (4.7s)
✔ [1545/8034] Built Mathlib.CategoryTheory.Bicategory.End (4.9s)
✔ [1546/8034] Built Mathlib.Algebra.Order.Monoid.ToMulBot (3.9s)
✔ [1547/8034] Built Mathlib.Tactic.CategoryTheory.MonoidalComp (4.8s)
✔ [1548/8034] Built Mathlib.Order.UpperLower.Basic (11s)
✔ [1549/8034] Built Mathlib.Algebra.Order.GroupWithZero.WithZero (4.8s)
✔ [1550/8034] Built Mathlib.GroupTheory.GroupAction.DomAct.ActionHom (4.5s)
✔ [1551/8034] Built Mathlib.Order.Fin.Basic (5.9s)
✔ [1552/8034] Built Mathlib.Algebra.Module.Hom (5.4s)
✔ [1553/8034] Built Mathlib.CategoryTheory.Join.Opposites (8.7s)
✔ [1554/8034] Built Mathlib.Logic.Small.List (4.4s)
✔ [1555/8034] Built Mathlib.Algebra.Ring.Action.End (4.4s)
✔ [1556/8034] Built Mathlib.Data.Vector.Zip (4.3s)
✔ [1557/8034] Built Mathlib.Algebra.Order.Hom.MonoidWithZero (7.5s)
✔ [1558/8034] Built Mathlib.Data.Vector.Mem (4.2s)
✔ [1559/8034] Built Mathlib.Data.Vector.Snoc (4.3s)
✔ [1560/8034] Built Mathlib.Data.Num.Bitwise (5.5s)
✔ [1561/8034] Built Mathlib.CategoryTheory.Functor.CurryingThree (16s)
✔ [1562/8034] Built Mathlib.Algebra.Ring.Pi (6.8s)
✔ [1563/8034] Built Mathlib.CategoryTheory.ObjectProperty.CompleteLattice (4.6s)
✔ [1564/8034] Built Mathlib.Order.CompleteLattice.Lemmas (4.8s)
✔ [1565/8034] Built Mathlib.Order.CompleteLattice.Group (4.2s)
✔ [1566/8034] Built Mathlib.Algebra.Star.Basic (7.9s)
✔ [1567/8034] Built Mathlib.Algebra.Order.Quantale (5.8s)
✔ [1568/8034] Built Mathlib.Data.Setoid.Basic (5.6s)
✔ [1569/8034] Built Mathlib.Order.GaloisConnection.Basic (6.7s)
✔ [1570/8034] Built Mathlib.Algebra.Order.Ring.Nat (4.7s)
✔ [1571/8034] Built Mathlib.Data.Fintype.Defs (6.5s)
✔ [1572/8034] Built Mathlib.Algebra.Field.ULift (5.3s)
✔ [1573/8034] Built Mathlib.Algebra.Ring.Prod (8.3s)
✔ [1574/8034] Built Mathlib.Algebra.Order.Field.Pointwise (4.0s)
✔ [1575/8034] Built Mathlib.Order.OmegaCompletePartialOrder (9.7s)
✔ [1576/8034] Built Mathlib.Algebra.Order.Ring.InjSurj (3.6s)
✔ [1577/8034] Built Mathlib.CategoryTheory.Monoidal.Action.Basic (18s)
✔ [1578/8034] Built Mathlib.Algebra.Order.Ring.Opposite (3.9s)
✔ [1579/8034] Built Mathlib.Algebra.Order.Ring.Int (5.0s)
✔ [1580/8034] Built Mathlib.Algebra.Order.Ring.Canonical (4.9s)
✔ [1581/8034] Built Mathlib.Algebra.Order.Interval.Set.Group (6.3s)
✔ [1582/8034] Built Mathlib.Algebra.Order.Ring.Rat (4.3s)
✔ [1583/8034] Built Mathlib.Combinatorics.Quiver.Path.Weight (5.2s)
✔ [1584/8034] Built Mathlib.Data.Nat.Choose.Bounds (5.8s)
✔ [1585/8034] Built Mathlib.Tactic.CancelDenoms.Core (8.4s)
✔ [1586/8034] Built Mathlib.Algebra.Order.Positive.Ring (5.7s)
✔ [1587/8034] Built Mathlib.Algebra.Field.Rat (4.0s)
✔ [1588/8034] Built Mathlib.Data.Multiset.OrderedMonoid (4.2s)
✔ [1589/8034] Built Mathlib.Algebra.Order.Interval.Set.Instances (7.8s)
✔ [1590/8034] Built Mathlib.Algebra.Order.Ring.Basic (6.4s)
✔ [1591/8034] Built Mathlib.Order.Interval.Set.OrdConnected (5.7s)
✔ [1592/8034] Built Mathlib.Data.Multiset.Sum (4.6s)
✔ [1593/8034] Built Mathlib.Algebra.BigOperators.Group.Multiset.Basic (6.3s)
✔ [1594/8034] Built Mathlib.Algebra.GCDMonoid.Multiset (5.8s)
✔ [1595/8034] Built Mathlib.CategoryTheory.Products.Unitor (4.7s)
✔ [1596/8034] Built Mathlib.CategoryTheory.PEmpty (4.1s)
✔ [1597/8034] Built Mathlib.CategoryTheory.PUnit (5.6s)
✔ [1598/8034] Built Mathlib.Data.Finset.Lattice.Lemmas (4.5s)
✔ [1599/8034] Built Mathlib.Data.Finset.SDiff (5.1s)
✔ [1600/8034] Built Mathlib.Data.Finset.Range (4.8s)
✔ [1601/8034] Built Mathlib.Data.Finset.Disjoint (4.8s)
✔ [1602/8034] Built Mathlib.Algebra.CharP.Basic (4.8s)
✔ [1603/8034] Built Mathlib.CategoryTheory.Discrete.SumsProducts (7.5s)
✔ [1604/8034] Built Mathlib.Order.UpperLower.Fibration (4.5s)
✔ [1605/8034] Built Mathlib.Data.Fin.FlagRange (4.1s)
✔ [1606/8034] Built Mathlib.AlgebraicTopology.SimplexCategory.Defs (5.6s)
✔ [1607/8034] Built Mathlib.Control.Random (5.1s)
✔ [1608/8034] Built Mathlib.Order.InitialSeg (9.4s)
✔ [1609/8034] Built Mathlib.Algebra.Order.Module.Defs (21s)
✔ [1610/8034] Built Mathlib.Algebra.Module.Pi (5.3s)
✔ [1611/8034] Built Mathlib.Algebra.Order.Pi (5.9s)
✔ [1612/8034] Built Mathlib.Algebra.CharP.Pi (5.4s)
✔ [1613/8034] Built Mathlib.Data.Vector.MapLemmas (6.7s)
✔ [1614/8034] Built Mathlib.Order.Interval.Set.Fin (8.9s)
✔ [1615/8034] Built Mathlib.Algebra.Star.Pi (4.0s)
✔ [1616/8034] Built Mathlib.Algebra.Module.LinearMap.Defs (28s)
✔ [1617/8034] Built Mathlib.Algebra.Order.GroupWithZero.Lex (8.4s)
✔ [1618/8034] Built Mathlib.Tactic.CategoryTheory.Monoidal.Datatypes (12s)
✔ [1619/8034] Built Mathlib.Data.Fin.Tuple.Basic (12s)
✔ [1620/8034] Built Mathlib.Algebra.Order.Hom.Ring (9.3s)
✔ [1621/8034] Built Mathlib.Algebra.Star.MonoidHom (7.7s)
✔ [1622/8034] Built Mathlib.Algebra.Star.StarRingHom (8.5s)
✔ [1623/8034] Built Mathlib.Order.Lattice.Congruence (4.4s)
✔ [1624/8034] Built Mathlib.Topology.Defs.Filter (5.3s)
✔ [1625/8034] Built Mathlib.Algebra.Order.Group.Pointwise.Bounds (4.3s)
✔ [1626/8034] Built Mathlib.Order.Cofinal (3.5s)
✔ [1627/8034] Built Mathlib.Order.Hom.Order (4.1s)
✔ [1628/8034] Built Mathlib.Data.Sym.Basic (7.1s)
✔ [1629/8034] Built Mathlib.Data.Nat.Cast.Order.Ring (4.2s)
✔ [1630/8034] Built Mathlib.Order.Heyting.Regular (5.2s)
✔ [1631/8034] Built Mathlib.Data.Nat.MaxPowDiv (4.7s)
✔ [1632/8034] Built Mathlib.Algebra.Divisibility.Finite (3.5s)
✔ [1633/8034] Built Mathlib.Algebra.IsPrimePow (4.5s)
✔ [1634/8034] Built Mathlib.GroupTheory.Congruence.Defs (8.6s)
✔ [1635/8034] Built Mathlib.Algebra.Group.Equiv.Finite (3.9s)
✔ [1636/8034] Built Mathlib.Tactic.FinCases (4.1s)
✔ [1637/8034] Built Mathlib.Algebra.Order.Ring.Prod (3.9s)
✔ [1638/8034] Built Mathlib.Algebra.Star.Prod (4.1s)
✔ [1639/8034] Built Mathlib.Control.LawfulFix (4.3s)
✔ [1640/8034] Built Mathlib.Algebra.Ring.Subsemiring.Order (3.3s)
✔ [1641/8034] Built Mathlib.Order.CompletePartialOrder (3.7s)
✔ [1642/8034] Built Mathlib.Algebra.Order.Field.Subfield (3.7s)
✔ [1643/8034] Built Mathlib.Algebra.Order.Field.Canonical (3.5s)
✔ [1644/8034] Built Mathlib.Algebra.Order.BigOperators.Ring.List (3.3s)
✔ [1645/8034] Built Mathlib.Algebra.Order.Kleene (7.0s)
✔ [1646/8034] Built Mathlib.Data.Nat.Dist (4.4s)
✔ [1647/8034] Built Mathlib.CategoryTheory.Limits.Shapes.Pullback.Categorical.Basic (61s)
✔ [1648/8034] Built Mathlib.Order.CompleteBooleanAlgebra (12s)
✔ [1649/8034] Built Mathlib.Algebra.Order.Positive.Field (3.9s)
✔ [1650/8034] Built Mathlib.Data.Num.Lemmas (10s)
✔ [1651/8034] Built Mathlib.Data.PNat.Basic (4.9s)
✔ [1652/8034] Built Mathlib.Algebra.Module.Rat (5.4s)
✔ [1653/8034] Built Mathlib.Data.Nat.Cast.SetInterval (3.8s)
✔ [1654/8034] Built Mathlib.Data.Rat.Cast.Defs (5.0s)
✔ [1655/8034] Built Mathlib.Order.Interval.Set.ProjIcc (5.2s)
✔ [1656/8034] Built Mathlib.CategoryTheory.Monoidal.Action.LinearFunctor (7.0s)
✔ [1657/8034] Built Mathlib.Order.Quotient (4.1s)
✔ [1658/8034] Built Mathlib.Data.Multiset.DershowitzManna (6.3s)
✔ [1659/8034] Built Mathlib.Algebra.FreeMonoid.Symbols (4.2s)
✔ [1660/8034] Built Mathlib.Data.Multiset.Bind (5.9s)
✔ [1661/8034] Built Mathlib.Order.Interval.Set.InitialSeg (5.6s)
✔ [1662/8034] Built Mathlib.Order.Cover (8.8s)
✔ [1663/8034] Built Mathlib.Algebra.Order.Ring.WithTop (10s)
✔ [1664/8034] Built Mathlib.Algebra.Order.Module.OrderedSMul (5.7s)
✔ [1665/8034] Built Mathlib.Data.Finset.Basic (7.2s)
✔ [1666/8034] Built Mathlib.Algebra.Module.Torsion.Pi (4.6s)
✔ [1667/8034] Built Mathlib.Algebra.Order.Nonneg.Module (5.2s)
✔ [1668/8034] Built Mathlib.Algebra.Order.Module.Basic (5.3s)
✔ [1669/8034] Built Mathlib.Data.Finset.Image (7.4s)
✔ [1670/8034] Built Mathlib.Tactic.LinearCombination.Lemmas (5.5s)
✔ [1671/8034] Built Mathlib.Algebra.Module.LinearMap.Prod (4.3s)
✔ [1672/8034] Built Mathlib.Algebra.Order.Module.PositiveLinearMap (5.2s)
✔ [1673/8034] Built Mathlib.LinearAlgebra.Matrix.Defs (7.1s)
✔ [1674/8034] Built Mathlib.Algebra.Ring.Fin (4.1s)
✔ [1675/8034] Built Mathlib.Data.Fin.Tuple.Take (4.3s)
✔ [1676/8034] Built Mathlib.Data.Fin.Tuple.Embedding (4.5s)
✔ [1677/8034] Built Mathlib.Data.List.OfFn (4.5s)
✔ [1678/8034] Built Mathlib.Algebra.Ring.Subring.Order (4.4s)
✔ [1679/8034] Built Mathlib.Algebra.Algebra.Defs (6.4s)
✔ [1680/8034] Built Mathlib.Algebra.Order.Monovary (11s)
✔ [1681/8034] Built Mathlib.Order.FixedPoints (6.3s)
✔ [1682/8034] Built Mathlib.Tactic.CategoryTheory.Monoidal.PureCoherence (7.7s)
✔ [1683/8034] Built Mathlib.Data.Fin.VecNotation (7.4s)
✔ [1684/8034] Built Mathlib.Algebra.Order.Ring.Abs (6.9s)
✔ [1685/8034] Built Mathlib.Algebra.Order.Invertible (4.3s)
✔ [1686/8034] Built Mathlib.Algebra.Order.Ring.Cast (6.3s)
✔ [1687/8034] Built Mathlib.Tactic.Linarith.Lemmas (4.3s)
✔ [1688/8034] Built Mathlib.GroupTheory.Congruence.Opposite (3.7s)
✔ [1689/8034] Built Mathlib.Tactic.NormNum.Abs (4.8s)
✔ [1690/8034] Built Mathlib.Algebra.Order.Ring.Pow (5.8s)
✔ [1691/8034] Built Mathlib.Algebra.Order.Ring.Cone (3.9s)
✔ [1692/8034] Built Mathlib.Data.Set.BooleanAlgebra (3.1s)
✔ [1693/8034] Built Mathlib.Algebra.Order.BigOperators.Ring.Multiset (3.9s)
✔ [1694/8034] Built Mathlib.GroupTheory.Congruence.Hom (6.2s)
✔ [1695/8034] Built Mathlib.RingTheory.Congruence.Defs (6.0s)
✔ [1696/8034] Built Mathlib.Tactic.CategoryTheory.Monoidal.Normalize (12s)
✔ [1697/8034] Built Mathlib.Data.PNat.Find (4.2s)
✔ [1698/8034] Built Mathlib.Data.PNat.Prime (4.5s)
✔ [1699/8034] Built Mathlib.Algebra.Module.LinearMap.Rat (3.0s)
✔ [1700/8034] Built Mathlib.Algebra.Group.PNatPowAssoc (3.0s)
✔ [1701/8034] Built Mathlib.Tactic.PNatToNat (4.0s)
✔ [1702/8034] Built Mathlib.Algebra.Star.Rat (4.2s)
✔ [1703/8034] Built Mathlib.Data.Rat.Cast.CharZero (4.6s)
✔ [1704/8034] Built Mathlib.Data.Multiset.Sections (3.8s)
✔ [1705/8034] Built Mathlib.Data.Multiset.Powerset (4.5s)
✔ [1706/8034] Built Mathlib.Data.Multiset.Pi (4.3s)
✔ [1707/8034] Built Mathlib.Data.Fintype.Inv (3.8s)
✔ [1708/8034] Built Mathlib.Algebra.Order.WithTop.Untop0 (4.0s)
✔ [1709/8034] Built Mathlib.Data.Finset.Fold (3.8s)
✔ [1710/8034] Built Mathlib.Data.Ordmap.Invariants (9.7s)
✔ [1711/8034] Built Mathlib.Data.Fintype.OfMap (3.5s)
✔ [1712/8034] Built Mathlib.Data.Finset.BooleanAlgebra (4.7s)
✔ [1713/8034] Built Mathlib.Algebra.Group.Nat.Range (3.6s)
✔ [1714/8034] Built Mathlib.Order.ModularLattice (6.9s)
✔ [1715/8034] Built Mathlib.Algebra.Module.LinearMap.Basic (6.7s)
✔ [1716/8034] Built Mathlib.Data.Finset.SymmDiff (4.1s)
✔ [1717/8034] Built Mathlib.Data.Fin.Fin2 (4.5s)
✔ [1718/8034] Built Mathlib.Data.List.FinRange (4.1s)
✔ [1719/8034] Built Mathlib.Algebra.Group.Pointwise.Set.ListOfFn (4.3s)
✔ [1720/8034] Built Mathlib.Algebra.Algebra.Field (3.7s)
✔ [1721/8034] Built Mathlib.RingTheory.Invariant.Defs (3.8s)
✔ [1722/8034] Built Mathlib.Data.Matrix.Diagonal (5.9s)
✔ [1723/8034] Built Mathlib.CategoryTheory.Monoidal.CoherenceLemmas (3.0s)
✔ [1724/8034] Built Mathlib.Logic.Function.FromTypes (3.5s)
✔ [1725/8034] Built Mathlib.Algebra.Group.Fin.Tuple (3.9s)
✔ [1726/8034] Built Mathlib.CategoryTheory.Comma.Basic (29s)
✔ [1727/8034] Built Mathlib.Data.Int.Order.Lemmas (3.4s)
✔ [1728/8034] Built Mathlib.Algebra.Module.Equiv.Defs (23s)
✔ [1729/8034] Built Mathlib.Data.Rat.Sqrt (3.5s)
✔ [1730/8034] Built Mathlib.Data.Int.Order.Units (3.8s)
✔ [1731/8034] Built Mathlib.Logic.Equiv.Fin.Basic (5.3s)
✔ [1732/8034] Built Mathlib.Data.List.Sort (8.6s)
✔ [1733/8034] Built Mathlib.Tactic.Qify (4.0s)
✔ [1734/8034] Built Mathlib.Tactic.Linarith.Datatypes (5.1s)
✔ [1735/8034] Built Mathlib.Data.Finset.Card (14s)
✔ [1736/8034] Built Mathlib.Algebra.Order.Floor.Defs (6.9s)
✔ [1737/8034] Built Mathlib.Data.Set.Semiring (6.5s)
✔ [1738/8034] Built Mathlib.Order.Interval.Set.Pi (6.3s)
✔ [1739/8034] Built Mathlib.Order.Closure (6.8s)
✔ [1740/8034] Built Mathlib.Data.Set.Sigma (7.7s)
✔ [1741/8034] Built Mathlib.Data.Multiset.Antidiagonal (4.5s)
✔ [1742/8034] Built Mathlib.GroupTheory.GroupAction.Defs (8.6s)
✔ [1743/8034] Built Mathlib.Tactic.NormNum.Inv (5.8s)
✔ [1744/8034] Built Mathlib.Data.List.Pi (4.2s)
✔ [1745/8034] Built Mathlib.Tactic.Positivity.Core (10s)
✔ [1746/8034] Built Mathlib.Data.Num.ZNum (10s)
✔ [1747/8034] Built Mathlib.Algebra.GCDMonoid.Finset (4.3s)
✔ [1748/8034] Built Mathlib.Control.EquivFunctor.Instances (3.2s)
✔ [1749/8034] Built Mathlib.Data.Set.Lattice (9.0s)
✔ [1750/8034] Built Mathlib.Data.Finset.Piecewise (3.2s)
✔ [1751/8034] Built Mathlib.Data.Finset.Union (4.9s)
✔ [1752/8034] Built Mathlib.Tactic.CategoryTheory.Monoidal.Basic (9.6s)
✔ [1753/8034] Built Mathlib.Data.Fintype.Sets (3.9s)
✔ [1754/8034] Built Mathlib.Data.Ordmap.Ordset (5.5s)
✔ [1755/8034] Built Mathlib.LinearAlgebra.Matrix.CharP (2.8s)
✔ [1756/8034] Built Mathlib.Tactic.DeriveFintype (4.3s)
✔ [1757/8034] Built Mathlib.Logic.Function.OfArity (2.8s)
✔ [1758/8034] Built Mathlib.Algebra.Star.SelfAdjoint (9.6s)
✔ [1759/8034] Built Mathlib.Data.Vector3 (3.8s)
✔ [1760/8034] Built Mathlib.Data.Int.Lemmas (2.9s)
✔ [1761/8034] Built Mathlib.Algebra.Algebra.Rat (3.1s)
✔ [1762/8034] Built Mathlib.Algebra.Module.LinearMap.Star (2.6s)
✔ [1763/8034] Built Mathlib.Algebra.Module.Equiv.Opposite (2.5s)
✔ [1764/8034] Built Mathlib.Logic.Equiv.Fin.Rotate (2.5s)
✔ [1765/8034] Built Mathlib.Order.Fin.Tuple (3.1s)
✔ [1766/8034] Built Mathlib.Algebra.Module.ULift (3.8s)
✔ [1767/8034] Built Mathlib.Data.Multiset.Sort (2.8s)
✔ [1768/8034] Built Mathlib.Data.Nat.Factors (3.1s)
✔ [1769/8034] Built Mathlib.Data.Nat.BitIndices (3.0s)
✔ [1770/8034] Built Mathlib.Data.List.NodupEquivFin (3.3s)
✔ [1771/8034] Built Mathlib.CategoryTheory.Comma.Arrow (5.6s)
✔ [1772/8034] Built Mathlib.Data.TypeVec (6.8s)
✔ [1773/8034] Built Mathlib.Tactic.Linarith.Oracle.FourierMotzkin (3.1s)
✔ [1774/8034] Built Mathlib.Tactic.Widget.StringDiagram (14s)
✔ [1775/8034] Built Mathlib.Tactic.Linarith.Parsing (3.6s)
✔ [1776/8034] Built Mathlib.Tactic.Linarith.Oracle.SimplexAlgorithm (3.1s)
✔ [1777/8034] Built Mathlib.Data.Finset.CastCard (2.6s)
✔ [1778/8034] Built Mathlib.Data.Finset.Fin (2.6s)
✔ [1779/8034] Built Mathlib.Tactic.Linarith.Preprocessing (4.2s)
✔ [1780/8034] Built Mathlib.Algebra.ContinuedFractions.Computation.Basic (2.5s)
✔ [1781/8034] Built Mathlib.Algebra.Order.Nonneg.Floor (2.5s)
✔ [1782/8034] Built Mathlib.Algebra.BigOperators.Ring.Multiset (2.7s)
✔ [1783/8034] Built Mathlib.Algebra.Ring.Action.Submonoid (2.7s)
✔ [1784/8034] Built Mathlib.Data.Finset.Sum (3.5s)
✔ [1785/8034] Built Mathlib.Combinatorics.Enumerative.Stirling (2.6s)
✔ [1786/8034] Built Mathlib.GroupTheory.GroupAction.Transitive (2.9s)
✔ [1787/8034] Built Mathlib.Tactic.NormNum.Eq (3.1s)
✔ [1788/8034] Built Mathlib.Data.Nat.Hyperoperation (3.2s)
✔ [1789/8034] Built Mathlib.Data.Fintype.Quotient (2.8s)
✔ [1790/8034] Built Mathlib.Algebra.Order.Floor.Semiring (4.8s)
✔ [1791/8034] Built Mathlib.Algebra.Order.Field.Power (3.9s)
✔ [1792/8034] Built Mathlib.Tactic.Finiteness (2.8s)
✔ [1793/8034] Built Mathlib.Order.Interval.Set.Union (2.5s)
✔ [1794/8034] Built Mathlib.Algebra.Order.Module.Field (3.5s)
✔ [1795/8034] Built Mathlib.Tactic.FieldSimp.Discharger (3.0s)
✔ [1796/8034] Built Mathlib.Data.Num.Prime (2.8s)
✔ [1797/8034] Built Mathlib.Data.Set.Constructions (3.1s)
✔ [1798/8034] Built Mathlib.Tactic.Monotonicity.Lemmas (2.9s)
✔ [1799/8034] Built Mathlib.Algebra.Order.Algebra (4.5s)
✔ [1800/8034] Built Mathlib.Algebra.Order.AbsoluteValue.Basic (5.4s)
✔ [1801/8034] Built Mathlib.Order.BourbakiWitt (3.3s)
✔ [1802/8034] Built Mathlib.SetTheory.ZFC.PSet (3.0s)
✔ [1803/8034] Built Mathlib.Order.CompleteLattice.Chain (2.0s)
✔ [1804/8034] Built Mathlib.Data.Semiquot (3.3s)
✔ [1805/8034] Built Mathlib.Logic.Small.Set (3.3s)
✔ [1806/8034] Built Mathlib.Data.Set.UnionLift (3.6s)
✔ [1807/8034] Built Mathlib.Order.Concept (3.9s)
✔ [1808/8034] Built Mathlib.Data.Set.Pairwise.Lattice (3.7s)
✔ [1809/8034] Built Mathlib.Order.Filter.Basic (5.0s)
✔ [1810/8034] Built Mathlib.Algebra.Order.Field.Basic (9.2s)
✔ [1811/8034] Built Mathlib.Data.Finset.Option (3.6s)
✔ [1812/8034] Built Mathlib.Data.Finset.Pi (3.9s)
✔ [1813/8034] Built Mathlib.Data.Finset.Prod (4.6s)
✔ [1814/8034] Built Mathlib.Data.Fintype.Basic (4.0s)
✔ [1815/8034] Built Mathlib.Data.Fin.Tuple.Curry (3.2s)
✔ [1816/8034] Built Mathlib.Algebra.Star.StarProjection (3.6s)
✔ [1817/8034] Built Mathlib.Order.Fin.Finset (3.2s)
✔ [1818/8034] Built Mathlib.Data.Sign.Defs (4.1s)
✔ [1819/8034] Built Mathlib.Tactic.Positivity.Basic (10s)
✔ [1820/8034] Built Mathlib.Order.ConditionallyCompleteLattice.Basic (6.6s)
✔ [1821/8034] Built Mathlib.Tactic.Simproc.Factors (4.2s)
✔ [1822/8034] Built Mathlib.Data.PNat.Factors (3.8s)
✔ [1823/8034] Built Mathlib.CategoryTheory.CommSq (3.9s)
✔ [1824/8034] Built Mathlib.Control.Functor.Multivariate (3.3s)
✔ [1825/8034] Built Mathlib.CategoryTheory.MorphismProperty.Basic (4.2s)
✔ [1826/8034] Built Mathlib.Tactic.Linarith.Verification (3.5s)
✔ [1827/8034] Built Mathlib.Algebra.Order.Module.Algebra (2.3s)
✔ [1828/8034] Built Mathlib.Algebra.Order.Module.Pointwise (3.2s)
✔ [1829/8034] Built Mathlib.Algebra.BigOperators.Group.Finset.Defs (7.6s)
✔ [1830/8034] Built Mathlib.Tactic.Monotonicity (2.3s)
✔ [1831/8034] Built Mathlib.Data.Int.Log (3.7s)
✔ [1832/8034] Built Mathlib.Data.Set.Lattice.Image (10s)
✔ [1833/8034] Built Mathlib.Algebra.Module.LinearMap.End (7.6s)
✔ [1834/8034] Built Mathlib.Data.Int.AbsoluteValue (2.7s)
✔ [1835/8034] Built Mathlib.Algebra.Order.AbsoluteValue.Euclidean (2.9s)
✔ [1836/8034] Built Mathlib.Order.Zorn (2.5s)
✔ [1837/8034] Built Mathlib.Algebra.Group.Pointwise.Set.Small (2.3s)
✔ [1838/8034] Built Mathlib.Data.FP.Basic (2.9s)
✔ [1839/8034] Built Mathlib.Data.Set.Pairwise.Chain (2.4s)
✔ [1840/8034] Built Mathlib.Tactic.NormNum.Ineq (6.1s)
✔ [1841/8034] Built Mathlib.Order.Filter.AtTopBot.Defs (2.7s)
✔ [1842/8034] Built Mathlib.Data.Finset.Lattice.Fold (7.1s)
✔ [1843/8034] Built Mathlib.Tactic.Peel (3.3s)
✔ [1844/8034] Built Mathlib.SetTheory.ZFC.Basic (5.4s)
✔ [1845/8034] Built Mathlib.Data.Nat.Cast.Order.Field (3.0s)
✔ [1846/8034] Built Mathlib.Data.Finset.Update (3.3s)
✔ [1847/8034] Built Mathlib.Tactic.Ring.Common (19s)
✔ [1848/8034] Built Mathlib.Data.Finset.PImage (4.5s)
✔ [1849/8034] Built Mathlib.Order.Fin.SuccAboveOrderIso (2.7s)
✔ [1850/8034] Built Mathlib.Data.Fintype.Card (3.7s)
✔ [1851/8034] Built Mathlib.Algebra.Order.Group.Action (3.1s)
✔ [1852/8034] Built Mathlib.Order.Monotone.Extension (3.5s)
✔ [1853/8034] Built Mathlib.Algebra.Group.TransferInstance (4.4s)
✔ [1854/8034] Built Mathlib.Order.SaddlePoint (3.7s)
✔ [1855/8034] Built Mathlib.Order.CompleteLattice.PiLex (5.0s)
✔ [1856/8034] Built Mathlib.Order.OrdContinuous (3.4s)
✔ [1857/8034] Built Mathlib.Computability.PostTuringMachine (6.6s)
✔ [1858/8034] Built Mathlib.Data.Sym.Sym2 (7.8s)
✔ [1859/8034] Built Mathlib.Order.Copy (4.6s)
✔ [1860/8034] Built Mathlib.Order.ConditionallyCompleteLattice.Indexed (5.2s)
✔ [1861/8034] Built Mathlib.CategoryTheory.FiberedCategory.HomLift (3.5s)
✔ [1862/8034] Built Mathlib.Order.CompleteLatticeIntervals (5.1s)
✔ [1863/8034] Built Mathlib.CategoryTheory.MorphismProperty.IsSmall (3.0s)
✔ [1864/8034] Built Mathlib.CategoryTheory.MorphismProperty.IsInvertedBy (3.2s)
✔ [1865/8034] Built Mathlib.Algebra.Order.CauSeq.Basic (10s)
✔ [1866/8034] Built Mathlib.CategoryTheory.Bicategory.LocallyDiscrete (4.5s)
✔ [1867/8034] Built Mathlib.CategoryTheory.Groupoid (4.2s)
✔ [1868/8034] Built Mathlib.Algebra.Tropical.Lattice (8.3s)
✔ [1869/8034] Built Mathlib.Data.Rat.BigOperators (3.2s)
✔ [1870/8034] Built Mathlib.Algebra.Order.Group.Pointwise.Interval (11s)
✔ [1871/8034] Built Mathlib.CategoryTheory.MorphismProperty.Composition (4.4s)
✔ [1872/8034] Built Mathlib.Algebra.BigOperators.RingEquiv (2.6s)
✔ [1873/8034] Built Mathlib.GroupTheory.Congruence.BigOperators (2.8s)
✔ [1874/8034] Built Mathlib.Order.SuccPred.Basic (8.6s)
✔ [1875/8034] Built Mathlib.Algebra.Regular.Pow (2.4s)
✔ [1876/8034] Built Mathlib.Data.Nat.GCD.BigOperators (2.7s)
✔ [1877/8034] Built Mathlib.Algebra.CharP.Two (3.1s)
✔ [1878/8034] Built Mathlib.CategoryTheory.MorphismProperty.Factorization (5.4s)
✔ [1879/8034] Built Mathlib.Order.Interval.Set.OrdConnectedComponent (2.9s)
✔ [1880/8034] Built Mathlib.Order.CompleteLattice.Finset (3.2s)
✔ [1881/8034] Built Mathlib.Order.Bounds.Lattice (2.4s)
✔ [1882/8034] Built Mathlib.Algebra.Group.Pointwise.Set.Lattice (4.1s)
✔ [1883/8034] Built Mathlib.Data.Nat.Pairing (2.0s)
✔ [1884/8034] Built Mathlib.CategoryTheory.Square (9.6s)
✔ [1885/8034] Built Mathlib.Algebra.Group.Subsemigroup.Basic (3.8s)
✔ [1886/8034] Built Mathlib.Data.Set.Functor (3.6s)
✔ [1887/8034] Built Mathlib.Algebra.Group.Action.Pointwise.Set.Basic (5.2s)
✔ [1888/8034] Built Mathlib.Order.Interval.Basic (5.2s)
✔ [1889/8034] Built Mathlib.Order.Interval.Set.Disjoint (3.9s)
✔ [1890/8034] Built Mathlib.Order.Extension.Linear (2.0s)
✔ [1891/8034] Built Mathlib.SetTheory.Cardinal.SchroederBernstein (3.8s)
✔ [1892/8034] Built Mathlib.Tactic.CancelDenoms (2.8s)
✔ [1893/8034] Built Mathlib.Order.Filter.Map (5.6s)
✔ [1894/8034] Built Mathlib.Tactic.FieldSimp (22s)
✔ [1895/8034] Built Mathlib.Topology.Defs.Sequences (2.7s)
✔ [1896/8034] Built Mathlib.Tactic.NormNum.DivMod (3.8s)
✔ [1897/8034] Built Mathlib.Order.UpperLower.CompleteLattice (6.4s)
✔ [1898/8034] Built Mathlib.Combinatorics.SetFamily.Compression.Down (3.1s)
✔ [1899/8034] Built Mathlib.Algebra.Order.Ring.Finset (3.0s)
✔ [1900/8034] Built Mathlib.Algebra.Order.GroupWithZero.Finset (2.0s)
✔ [1901/8034] Built Mathlib.Order.Hom.CompleteLattice (7.3s)
✔ [1902/8034] Built Mathlib.Algebra.Order.Field.Pi (3.2s)
✔ [1903/8034] Built Mathlib.Data.Finset.Max (5.5s)
✔ [1904/8034] Built Mathlib.Data.Finset.Lattice.Union (3.2s)
✔ [1905/8034] Built Mathlib.Data.Finset.Pairwise (3.4s)
✔ [1906/8034] Built Mathlib.Order.Irreducible (3.7s)
✔ [1907/8034] Built Mathlib.Algebra.BigOperators.Group.Finset.Basic (11s)
✔ [1908/8034] Built Mathlib.Data.Finset.Lattice.Prod (3.6s)
✔ [1909/8034] Built Mathlib.GroupTheory.DedekindFinite (2.8s)
✔ [1910/8034] Built Mathlib.Algebra.Group.TypeTags.Finite (3.1s)
✔ [1911/8034] Built Mathlib.Tactic.Ring.Basic (3.6s)
✔ [1912/8034] Built Mathlib.Topology.MetricSpace.BundledFun (4.0s)
✔ [1913/8034] Built Mathlib.Data.Fin.Pigeonhole (2.9s)
✔ [1914/8034] Built Mathlib.Combinatorics.SetFamily.Intersecting (3.0s)
✔ [1915/8034] Built Mathlib.Data.Fintype.Parity (2.4s)
✔ [1916/8034] Built Mathlib.Algebra.Group.Action.TransferInstance (2.6s)
✔ [1917/8034] Built Mathlib.Order.SemiconjSup (2.3s)
✔ [1918/8034] Built Mathlib.Algebra.GroupWithZero.TransferInstance (2.6s)
✔ [1919/8034] Built Mathlib.Data.Fintype.EquivFin (3.8s)
✔ [1920/8034] Built Mathlib.Combinatorics.Graph.Basic (3.1s)
✔ [1921/8034] Built Mathlib.Combinatorics.SimpleGraph.Walk (2.6s)
✔ [1922/8034] Built Mathlib.Combinatorics.SimpleGraph.Turan (2.8s)
✔ [1923/8034] Built Mathlib.Algebra.Ring.TransferInstance (3.8s)
✔ [1924/8034] Built Mathlib.Order.GameAdd (2.9s)
✔ [1925/8034] Built Mathlib.Algebra.Order.Group.CompleteLattice (2.6s)
✔ [1926/8034] Built Mathlib.Data.Sym.Sym2.Order (3.8s)
✔ [1927/8034] Built Mathlib.Algebra.Order.Group.Indicator (3.5s)
✔ [1928/8034] Built Mathlib.Order.ConditionallyCompleteLattice.Group (2.6s)
✔ [1929/8034] Built Mathlib.CategoryTheory.FiberedCategory.Fiber (3.1s)
✔ [1930/8034] Built Mathlib.Algebra.Order.Nonneg.Lattice (2.6s)
✔ [1931/8034] Built Mathlib.Data.List.Sym (5.7s)
✔ [1932/8034] Built Mathlib.CategoryTheory.FiberedCategory.Cocartesian (4.0s)
✔ [1933/8034] Built Mathlib.CategoryTheory.FiberedCategory.Cartesian (3.9s)
✔ [1934/8034] Built Mathlib.CategoryTheory.Groupoid.Basic (2.3s)
✔ [1935/8034] Built Mathlib.CategoryTheory.Groupoid.Discrete (2.5s)
✔ [1936/8034] Built Mathlib.CategoryTheory.IsConnected (3.8s)
✔ [1937/8034] Built Mathlib.CategoryTheory.EpiMono (3.8s)
✔ [1938/8034] Built Mathlib.CategoryTheory.Endomorphism (3.5s)
✔ [1939/8034] Built Mathlib.CategoryTheory.Quotient (4.5s)
✔ [1940/8034] Built Mathlib.CategoryTheory.Widesubcategory (2.9s)
✔ [1941/8034] Built Mathlib.CategoryTheory.ObjectProperty.InheritedFromHom (2.0s)
✔ [1942/8034] Built Mathlib.Algebra.Order.Monoid.Canonical.Basic (13s)
✔ [1943/8034] Built Mathlib.RingTheory.Congruence.BigOperators (2.9s)
✔ [1944/8034] Built Mathlib.Algebra.Order.CauSeq.Completion (6.2s)
✔ [1945/8034] Built Mathlib.AlgebraicTopology.ModelCategory.CategoryWithCofibrations (3.5s)
✔ [1946/8034] Built Mathlib.Order.Interval.Set.SuccOrder (2.5s)
✔ [1947/8034] Built Mathlib.CategoryTheory.FiberedCategory.BasedCategory (6.8s)
✔ [1948/8034] Built Mathlib.Data.Fin.SuccPredOrder (2.0s)
✔ [1949/8034] Built Mathlib.Algebra.Module.Equiv.Basic (18s)
✔ [1950/8034] Built Mathlib.Algebra.Order.Group.Pointwise.CompleteLattice (9.8s)
✔ [1951/8034] Built Mathlib.Order.Shrink (2.8s)
✔ [1952/8034] Built Mathlib.Order.SuccPred.WithBot (3.1s)
✔ [1953/8034] Built Mathlib.Order.Interval.Set.SuccPred (3.9s)
✔ [1954/8034] Built Mathlib.Data.Nat.ChineseRemainder (3.2s)
✔ [1955/8034] Built Mathlib.Logic.Equiv.Nat (2.1s)
✔ [1956/8034] Built Mathlib.Data.Finset.Sigma (3.1s)
✔ [1957/8034] Built Mathlib.Order.SuccPred.Archimedean (4.0s)
✔ [1958/8034] Built Mathlib.GroupTheory.Subsemigroup.Centralizer (2.7s)
✔ [1959/8034] Built Mathlib.Order.ScottContinuity.Prod (3.5s)
✔ [1960/8034] Built Mathlib.Algebra.Group.Subsemigroup.Membership (2.7s)
✔ [1961/8034] Built Mathlib.Tactic.DeriveCountable (3.9s)
✔ [1962/8034] Built Mathlib.Algebra.Group.Submonoid.Basic (4.1s)
✔ [1963/8034] Built Mathlib.Control.Traversable.Instances (3.1s)
✔ [1964/8034] Built Mathlib.Data.Set.Subset (3.1s)
✔ [1965/8034] Built Mathlib.Algebra.Group.Subsemigroup.MulOpposite (3.4s)
✔ [1966/8034] Built Mathlib.Algebra.Order.Group.Action.Flag (2.8s)
✔ [1967/8034] Built Mathlib.Dynamics.FixedPoints.Prufer (3.1s)
✔ [1968/8034] Built Mathlib.Order.Filter.AtTopBot.Disjoint (2.6s)
✔ [1969/8034] Built Mathlib.Order.Interval.Lex (3.2s)
✔ [1970/8034] Built Mathlib.Order.Atoms (8.3s)
✔ [1971/8034] Built Mathlib.Order.Filter.Tendsto (3.1s)
✔ [1972/8034] Built Mathlib.Order.Filter.Ker (2.7s)
✔ [1973/8034] Built Mathlib.Algebra.GroupWithZero.Action.Pointwise.Set (4.2s)
✔ [1974/8034] Built Mathlib.Tactic.NormNum.ModEq (2.8s)
✔ [1975/8034] Built Mathlib.Order.UpperLower.Principal (2.9s)
✔ [1976/8034] Built Mathlib.Data.Fintype.Lattice (2.7s)
✔ [1977/8034] Built Mathlib.Order.Interval.Set.IsoIoo (4.4s)
✔ [1978/8034] Built Mathlib.Algebra.BigOperators.Option (2.0s)
✔ [1979/8034] Built Mathlib.Order.Filter.Bases.Basic (5.0s)
✔ [1980/8034] Built Mathlib.Data.Finset.Powerset (3.7s)
✔ [1981/8034] Built Mathlib.Algebra.Group.Subsemigroup.Operations (8.2s)
✔ [1982/8034] Built Mathlib.Dynamics.BirkhoffSum.Basic (3.1s)
✔ [1983/8034] Built Mathlib.NumberTheory.Harmonic.Defs (2.0s)
✔ [1984/8034] Built Mathlib.Data.Holor (3.8s)
✔ [1985/8034] Built Mathlib.Algebra.Order.BigOperators.GroupWithZero.Finset (2.8s)
✔ [1986/8034] Built Mathlib.RingTheory.Prime (3.7s)
✔ [1987/8034] Built Mathlib.Order.Nucleus (5.3s)
✔ [1988/8034] Built Mathlib.Data.Multiset.Fintype (5.2s)
✔ [1989/8034] Built Mathlib.Algebra.Group.EvenFunction (3.1s)
✔ [1990/8034] Built Mathlib.Algebra.BigOperators.Group.Finset.Indicator (3.0s)
✔ [1991/8034] Built Mathlib.Algebra.GradedMonoid (5.1s)
✔ [1992/8034] Built Mathlib.Algebra.BigOperators.Group.Finset.Lemmas (2.8s)
✔ [1993/8034] Built Mathlib.Algebra.BigOperators.GroupWithZero.Finset (3.0s)
✔ [1994/8034] Built Mathlib.Tactic.Field (2.6s)
✔ [1995/8034] Built Mathlib.Data.Finset.Lattice.Pi (2.7s)
✔ [1996/8034] Built Mathlib.Algebra.Order.Group.Finset (3.2s)
✔ [1997/8034] Built Mathlib.Tactic.Ring.PNat (2.4s)
✔ [1998/8034] Built Mathlib.Algebra.GroupWithZero.Action.TransferInstance (2.3s)
✔ [1999/8034] Built Mathlib.Tactic.NormNum.BigOperators (5.9s)
✔ [2000/8034] Built Mathlib.Algebra.BigOperators.Group.Finset.Piecewise (4.4s)
✔ [2001/8034] Built Mathlib.Data.Finset.NoncommProd (4.5s)
✔ [2002/8034] Built Mathlib.Algebra.Group.Shrink (2.9s)
✔ [2003/8034] Built Mathlib.Data.Fintype.Prod (2.5s)
✔ [2004/8034] Built Mathlib.Tactic.Ring.Compare (4.4s)
✔ [2005/8034] Built Mathlib.Data.Fintype.Sum (2.9s)
✔ [2006/8034] Built Mathlib.Tactic.Ring.RingNF (4.2s)
✔ [2007/8034] Built Mathlib.Tactic.Linarith.Frontend (4.8s)
✔ [2008/8034] Built Mathlib.Data.Fintype.Pigeonhole (2.8s)
✔ [2009/8034] Built Mathlib.Data.FinEnum (4.2s)
✔ [2010/8034] Built Mathlib.Data.Fintype.Shrink (2.8s)
✔ [2011/8034] Built Mathlib.Algebra.CharZero.Infinite (2.7s)
✔ [2012/8034] Built Mathlib.Data.ZMod.Defs (3.4s)
✔ [2013/8034] Built Mathlib.Logic.Equiv.Fintype (3.0s)
✔ [2014/8034] Built Mathlib.CategoryTheory.FinCategory.Basic (2.9s)
✔ [2015/8034] Built Mathlib.Data.Finite.Set (2.7s)
✔ [2016/8034] Built Mathlib.Data.Fintype.Option (2.7s)
✔ [2017/8034] Built Mathlib.Data.Set.Finite.Range (2.7s)
✔ [2018/8034] Built Mathlib.Data.Finset.Sort (5.8s)
✔ [2019/8034] Built Mathlib.Data.Fintype.Perm (4.1s)
✔ [2020/8034] Built Mathlib.Algebra.Field.TransferInstance (2.9s)
✔ [2021/8034] Built Mathlib.Data.Multiset.Sym (2.5s)
✔ [2022/8034] Built Mathlib.CategoryTheory.FiberedCategory.Fibered (2.7s)
✔ [2023/8034] Built Mathlib.CategoryTheory.Balanced (2.4s)
✔ [2024/8034] Built Mathlib.Algebra.Order.Nonneg.Ring (3.5s)
✔ [2025/8034] Built Mathlib.SetTheory.PGame.Order (3.9s)
✔ [2026/8034] Built Mathlib.CategoryTheory.ConnectedComponents (3.4s)
✔ [2027/8034] Built Mathlib.Data.Set.Finite.Basic (4.9s)
✔ [2028/8034] Built Mathlib.CategoryTheory.Center.Basic (2.9s)
✔ [2029/8034] Built Mathlib.CategoryTheory.Conj (3.1s)
✔ [2030/8034] Built Mathlib.CategoryTheory.MorphismProperty.Quotient (2.9s)
✔ [2031/8034] Built Mathlib.CategoryTheory.Types.Basic (3.6s)
✔ [2032/8034] Built Mathlib.CategoryTheory.Retract (4.2s)
✔ [2033/8034] Built Mathlib.Algebra.Order.Module.Equiv (2.8s)
✔ [2034/8034] Built Mathlib.CategoryTheory.PathCategory.Basic (3.7s)
✔ [2035/8034] Built Mathlib.Logic.Godel.GodelBetaFunction (3.2s)
✔ [2036/8034] Built Mathlib.Data.Countable.Basic (2.8s)
✔ [2037/8034] Built Mathlib.LinearAlgebra.GeneralLinearGroup.Basic (3.6s)
✔ [2038/8034] Built Mathlib.Data.Finset.PiInduction (2.6s)
✔ [2039/8034] Built Mathlib.Logic.Encodable.Basic (3.8s)
✔ [2040/8034] Built Mathlib.Algebra.BigOperators.Group.Finset.Sigma (3.0s)
✔ [2041/8034] Built Mathlib.Algebra.Order.SuccPred.TypeTags (2.7s)
✔ [2042/8034] Built Mathlib.Order.Interval.Set.Monotone (3.0s)
✔ [2043/8034] Built Mathlib.Order.SuccPred.Relation (2.7s)
✔ [2044/8034] Built Mathlib.Data.Real.Basic (6.3s)
✔ [2045/8034] Built Mathlib.Data.Finmap (4.3s)
✔ [2046/8034] Built Mathlib.Order.ScottContinuity.Complete (2.5s)
✔ [2047/8034] Built Mathlib.Algebra.Ring.Submonoid.Basic (2.5s)
✔ [2048/8034] Built Mathlib.Order.SupIndep (5.4s)
✔ [2049/8034] Built Mathlib.Data.Multiset.Functor (3.1s)
✔ [2050/8034] Built Mathlib.Order.SuccPred.IntervalSucc (4.7s)
✔ [2051/8034] Built Mathlib.Data.DList.Instances (2.7s)
✔ [2052/8034] Built Mathlib.Order.Filter.ListTraverse (2.7s)
✔ [2053/8034] Built Mathlib.Order.ZornAtoms (2.6s)
✔ [2054/8034] Built Mathlib.Order.Radical (2.5s)
✔ [2055/8034] Built Mathlib.Order.SuccPred.Tree (3.1s)
✔ [2056/8034] Built Mathlib.Algebra.Group.Submonoid.MulOpposite (3.4s)
✔ [2057/8034] Built Mathlib.Data.Fintype.Sigma (6.6s)
✔ [2058/8034] Built Mathlib.Order.SuccPred.Limit (5.5s)
✔ [2059/8034] Built Mathlib.Order.Filter.AtTopBot.Tendsto (2.6s)
✔ [2060/8034] Built Mathlib.Order.Filter.AtTopBot.Map (2.5s)
✔ [2061/8034] Built Mathlib.Order.Filter.IndicatorFunction (2.9s)
✔ [2062/8034] Built Mathlib.Order.Filter.Partial (2.8s)
✔ [2063/8034] Built Mathlib.Algebra.Ring.Action.Pointwise.Set (2.3s)
✔ [2064/8034] Built Mathlib.Data.Set.Pointwise.Support (2.3s)
✔ [2065/8034] Built Mathlib.Order.UpperLower.Hom (2.4s)
✔ [2066/8034] Built Mathlib.Algebra.BigOperators.Group.Finset.Powerset (2.6s)
✔ [2067/8034] Built Mathlib.Data.Fintype.Powerset (2.7s)
✔ [2068/8034] Built Mathlib.Order.Filter.Extr (3.6s)
✔ [2069/8034] Built Mathlib.Data.Fintype.List (2.8s)
✔ [2070/8034] Built Mathlib.Algebra.GradedMulAction (2.9s)
✔ [2071/8034] Built Mathlib.Dynamics.BirkhoffSum.Average (3.1s)
✔ [2072/8034] Built Mathlib.Order.UpperLower.Closure (3.7s)
✔ [2073/8034] Built Mathlib.Algebra.BigOperators.WithTop (3.0s)
✔ [2074/8034] Built Mathlib.Order.Filter.Prod (5.6s)
✔ [2075/8034] Built Mathlib.Algebra.Module.TransferInstance (3.7s)
✔ [2076/8034] Built Mathlib.Algebra.GroupWithZero.Shrink (2.5s)
✔ [2077/8034] Built Mathlib.Algebra.Group.Pointwise.Set.BigOperators (3.5s)
✔ [2078/8034] Built Mathlib.Algebra.Ring.Shrink (2.8s)
✔ [2079/8034] Built Mathlib.Data.Finite.Sum (2.5s)
✔ [2080/8034] Built Mathlib.Algebra.BigOperators.Pi (4.2s)
✔ [2081/8034] Built Mathlib.Algebra.Group.Submonoid.BigOperators (3.7s)
✔ [2082/8034] Built Mathlib.Tactic.Ring (2.5s)
✔ [2083/8034] Built Mathlib.Order.Filter.Germ.Basic (8.2s)
✔ [2084/8034] Built Mathlib.GroupTheory.Perm.Support (3.0s)
✔ [2085/8034] Built Mathlib.Data.FinEnum.Option (2.5s)
✔ [2086/8034] Built Mathlib.Tactic.LinearCombination (3.9s)
✔ [2087/8034] Built Mathlib.Algebra.Group.Submonoid.Operations (11s)
✔ [2088/8034] Built Mathlib.Tactic.Bound (3.4s)
✔ [2089/8034] Built Mathlib.Computability.Language (4.4s)
✔ [2090/8034] Built Mathlib.Order.Circular.ZMod (2.3s)
✔ [2091/8034] Built Mathlib.Data.Fin.Parity (2.5s)
✔ [2092/8034] Built Mathlib.Data.BitVec (2.7s)
✔ [2093/8034] Built Mathlib.Data.Fintype.WithTopBot (2.4s)
✔ [2094/8034] Built Mathlib.CategoryTheory.FinCategory.AsType (2.0s)
✔ [2095/8034] Built Mathlib.Data.Fintype.Sort (2.5s)
✔ [2096/8034] Built Mathlib.Algebra.Field.Shrink (2.4s)
✔ [2097/8034] Built Mathlib.Deprecated.MLList.BestFirst (3.1s)
✔ [2098/8034] Built Mathlib.Data.NNRat.Order (2.7s)
✔ [2099/8034] Built Mathlib.Data.Set.Finite.Powerset (2.9s)
✔ [2100/8034] Built Mathlib.CategoryTheory.FiberedCategory.HasFibers (3.4s)
✔ [2101/8034] Built Mathlib.Data.Finset.DenselyOrdered (2.8s)
✔ [2102/8034] Built Mathlib.Algebra.Order.Nonneg.Field (4.0s)
✔ [2103/8034] Built Mathlib.Data.Finset.Preimage (3.4s)
✔ [2104/8034] Built Mathlib.Order.Interval.Finset.Gaps (4.0s)
✔ [2105/8034] Built Mathlib.Algebra.Group.Action.Pointwise.Set.Finite (2.6s)
✔ [2106/8034] Built Mathlib.Data.Nat.Count (3.1s)
✔ [2107/8034] Built Mathlib.Data.Fintype.Order (3.3s)
✔ [2108/8034] Built Mathlib.Algebra.Notation.FiniteSupport (2.7s)
✔ [2109/8034] Built Mathlib.Data.Fintype.Pi (3.7s)
✔ [2110/8034] Built Mathlib.Algebra.Star.Pointwise (3.2s)
✔ [2111/8034] Built Mathlib.Order.Interval.Set.Infinite (2.5s)
✔ [2112/8034] Built Mathlib.Topology.Basic (3.2s)
✔ [2113/8034] Built Mathlib.Data.Finsupp.Defs (4.2s)
✔ [2114/8034] Built Mathlib.Order.Preorder.Finite (2.7s)
✔ [2115/8034] Built Mathlib.Control.Fold (3.1s)
✔ [2116/8034] Built Mathlib.CategoryTheory.Functor.Hom (2.8s)
✔ [2117/8034] Built Mathlib.CategoryTheory.Types.Set (2.8s)
✔ [2118/8034] Built Mathlib.CategoryTheory.ComposableArrows.Basic (24s)
✔ [2119/8034] Built Mathlib.CategoryTheory.UnivLE (2.7s)
✔ [2120/8034] Built Mathlib.CategoryTheory.ConcreteCategory.Forget (3.6s)
✔ [2121/8034] Built Mathlib.CategoryTheory.MorphismProperty.Retract (2.8s)
✔ [2122/8034] Built Mathlib.CategoryTheory.LiftingProperties.Basic (2.0s)
✔ [2123/8034] Built Mathlib.CategoryTheory.Groupoid.VertexGroup (2.7s)
✔ [2124/8034] Built Mathlib.CategoryTheory.Limits.Types.ColimitType (3.0s)
✔ [2125/8034] Built Mathlib.CategoryTheory.Category.RelCat (4.6s)
✔ [2126/8034] Built Mathlib.CategoryTheory.Groupoid.FreeGroupoid (2.0s)
✔ [2127/8034] Built Mathlib.CategoryTheory.Core (5.2s)
✔ [2128/8034] Built Mathlib.LinearAlgebra.GeneralLinearGroup (2.5s)
✔ [2129/8034] Built Mathlib.CategoryTheory.PathCategory.MorphismProperty (2.6s)
✔ [2130/8034] Built Mathlib.SetTheory.PGame.Algebra (9.6s)
✔ [2131/8034] Built Mathlib.Data.Rat.Encodable (2.2s)
✔ [2132/8034] Built Mathlib.Logic.Denumerable (3.3s)
✔ [2133/8034] Built Mathlib.CategoryTheory.Category.Cat (6.6s)
✔ [2134/8034] Built Mathlib.Logic.Encodable.Lattice (2.3s)
✔ [2135/8034] Built Mathlib.Data.Real.Star (2.5s)
✔ [2136/8034] Built Mathlib.Order.Ideal (4.2s)
✔ [2137/8034] Built Mathlib.Data.Real.Sign (2.7s)
✔ [2138/8034] Built Mathlib.Data.DFinsupp.Defs (8.5s)
✔ [2139/8034] Built Mathlib.Order.Partition.Basic (2.9s)
✔ [2140/8034] Built Mathlib.Data.Finite.Sigma (2.5s)
✔ [2141/8034] Built Mathlib.Tactic.DeriveEncodable (4.0s)
✔ [2142/8034] Built Mathlib.Algebra.Group.Subgroup.MulOpposite (3.1s)
✔ [2143/8034] Built Mathlib.Order.Filter.Ultrafilter.Defs (3.6s)
✔ [2144/8034] Built Mathlib.Order.Types.Arithmetic (4.2s)
✔ [2145/8034] Built Mathlib.Order.SuccPred.InitialSeg (2.8s)
✔ [2146/8034] Built Mathlib.Order.Interval.Set.Limit (2.7s)
✔ [2147/8034] Built Mathlib.Order.SuccPred.CompleteLinearOrder (3.2s)
✔ [2148/8034] Built Mathlib.Order.TransfiniteIteration (2.9s)
✔ [2149/8034] Built Mathlib.Order.Filter.AtTopBot.CompleteLattice (2.5s)
✔ [2150/8034] Built Mathlib.Order.Filter.AtTopBot.Monoid (2.9s)
✔ [2151/8034] Built Mathlib.Algebra.Order.SuccPred (4.2s)
✔ [2152/8034] Built Mathlib.Data.Set.Finite.Lemmas (2.9s)
✔ [2153/8034] Built Mathlib.Algebra.Order.BigOperators.Group.Finset (6.5s)
✔ [2154/8034] Built Mathlib.Order.Filter.AtTopBot.Basic (3.0s)
✔ [2155/8034] Built Mathlib.Combinatorics.SetFamily.HarrisKleitman (2.9s)
✔ [2156/8034] Built Mathlib.Data.SetLike.Fintype (2.7s)
✔ [2157/8034] Built Mathlib.Combinatorics.Hall.Finite (3.2s)
✔ [2158/8034] Built Mathlib.RingTheory.FilteredAlgebra.Basic (2.7s)
✔ [2159/8034] Built Mathlib.CategoryTheory.SmallObject.WellOrderInductionData (6.7s)
✔ [2160/8034] Built Mathlib.Order.Filter.NAry (3.3s)
✔ [2161/8034] Built Mathlib.Order.Filter.Curry (2.7s)
✔ [2162/8034] Built Mathlib.Algebra.Module.Shrink (2.0s)
✔ [2163/8034] Built Mathlib.Order.Filter.Lift (3.2s)
✔ [2164/8034] Built Mathlib.Order.UpperLower.Prod (3.9s)
✔ [2165/8034] Built Mathlib.Algebra.Order.UpperLower (4.8s)
✔ [2166/8034] Built Mathlib.Algebra.Group.Translate (3.1s)
✔ [2167/8034] Built Mathlib.RingTheory.UniqueFactorizationDomain.Defs (3.2s)
✔ [2168/8034] Built Mathlib.Algebra.Star.Conjneg (3.5s)
✔ [2169/8034] Built Mathlib.Algebra.WithConv (3.8s)
✔ [2170/8034] Built Mathlib.Order.DirectedInverseSystem (8.4s)
✔ [2171/8034] Built Mathlib.Order.Partition.Finpartition (7.7s)
✔ [2172/8034] Built Mathlib.Tactic.Group (3.1s)
✔ [2173/8034] Built Mathlib.Data.Nat.Factorial.DoubleFactorial (3.1s)
✔ [2174/8034] Built Mathlib.Order.Filter.Germ.OrderedMonoid (2.8s)
✔ [2175/8034] Built Mathlib.Data.PNat.Xgcd (3.9s)
✔ [2176/8034] Built Mathlib.RingTheory.Coprime.Basic (4.3s)
✔ [2177/8034] Built Mathlib.Algebra.Quandle (5.9s)
✔ [2178/8034] Built Mathlib.Algebra.Ring.BooleanRing (6.1s)
✔ [2179/8034] Built Mathlib.Tactic.LinearCombination' (4.4s)
✔ [2180/8034] Built Mathlib.Data.List.Cycle (9.3s)
✔ [2181/8034] Built Mathlib.GroupTheory.Perm.List (4.0s)
✔ [2182/8034] Built Mathlib.Algebra.Ring.Identities (4.7s)
✔ [2183/8034] Built Mathlib.Algebra.Ring.Subring.Units (3.1s)
✔ [2184/8034] Built Mathlib.Algebra.Order.Hom.Submonoid (2.6s)
✔ [2185/8034] Built Mathlib.Algebra.GroupWithZero.Submonoid.Instances (2.8s)
✔ [2186/8034] Built Mathlib.Data.Complex.Basic (8.4s)
✔ [2187/8034] Built Mathlib.Algebra.PresentedMonoid.Basic (3.8s)
✔ [2188/8034] Built Mathlib.Algebra.Group.Submonoid.Finite (2.7s)
✔ [2189/8034] Built Mathlib.Algebra.Group.Submonoid.Membership (6.5s)
✔ [2190/8034] Built Mathlib.Algebra.Order.Rearrangement (6.6s)
✔ [2191/8034] Built Mathlib.Algebra.Order.Field.Rat (2.4s)
✔ [2192/8034] Built Mathlib.Computability.ContextFreeGrammar (3.4s)
✔ [2193/8034] Built Mathlib.Data.Rat.Cast.Lemmas (2.6s)
✔ [2194/8034] Built Mathlib.GroupTheory.Congruence.Basic (4.5s)
✔ [2195/8034] Built Mathlib.GroupTheory.Submonoid.Center (4.2s)
✔ [2196/8034] Built Mathlib.Computability.RegularExpressions (4.0s)
✔ [2197/8034] Built Mathlib.Data.UInt (4.1s)
✔ [2198/8034] Built Mathlib.Algebra.BigOperators.Group.Finset.Preimage (3.1s)
✔ [2199/8034] Built Mathlib.Data.Set.Finite.Lattice (4.5s)
✔ [2200/8034] Built Mathlib.Algebra.BigOperators.Group.Finset.Gaps (3.4s)
✔ [2201/8034] Built Mathlib.Combinatorics.Young.YoungDiagram (4.2s)
✔ [2202/8034] Built Mathlib.Data.Finite.Prod (3.2s)
✔ [2203/8034] Built Mathlib.Data.Fin.Tuple.Finset (3.0s)
✔ [2204/8034] Built Mathlib.Data.Fintype.Vector (2.6s)
✔ [2205/8034] Built Mathlib.Algebra.Group.Subgroup.Lattice (6.7s)
✔ [2206/8034] Built Mathlib.Algebra.BigOperators.Group.Finset.Pi (2.9s)
✔ [2207/8034] Built Mathlib.Topology.Defs.Induced (2.0s)
✔ [2208/8034] Built Mathlib.Algebra.Star.Center (3.0s)
✔ [2209/8034] Built Mathlib.Combinatorics.Digraph.Basic (3.8s)
✔ [2210/8034] Built Mathlib.Order.Preorder.Finsupp (2.6s)
✔ [2211/8034] Built Mathlib.Data.Finsupp.Single (3.6s)
✔ [2212/8034] Built Mathlib.Combinatorics.Additive.Dissociation (3.2s)
✔ [2213/8034] Built Mathlib.GroupTheory.MonoidLocalization.Basic (11s)
✔ [2214/8034] Built Mathlib.CategoryTheory.ComposableArrows.Two (2.8s)
✔ [2215/8034] Built Mathlib.Computability.TuringMachine (5.8s)
✔ [2216/8034] Built Mathlib.CategoryTheory.ComposableArrows.Three (3.1s)
✔ [2217/8034] Built Mathlib.Tactic.CategoryTheory.Elementwise (2.9s)
✔ [2218/8034] Built Mathlib.CategoryTheory.ConcreteCategory.ReflectsIso (2.6s)
✔ [2219/8034] Built Mathlib.CategoryTheory.MorphismProperty.Concrete (3.0s)
✔ [2220/8034] Built Mathlib.CategoryTheory.Limits.Shapes.StrongEpi (2.8s)
✔ [2221/8034] Built Mathlib.Order.Interval.Finset.Defs (7.9s)
✔ [2222/8034] Built Mathlib.CategoryTheory.ComposableArrows.One (3.6s)
✔ [2223/8034] Built Mathlib.Data.Rat.Denumerable (2.5s)
✔ [2224/8034] Built Mathlib.CategoryTheory.ComposableArrows.Four (4.6s)
✔ [2225/8034] Built Mathlib.Logic.Equiv.List (2.9s)
✔ [2226/8034] Built Mathlib.CategoryTheory.Category.Cat.AsSmall (2.6s)
✔ [2227/8034] Built Mathlib.CategoryTheory.Category.Cat.Op (2.8s)
✔ [2228/8034] Built Mathlib.Combinatorics.Quiver.ReflQuiver (3.0s)
✔ [2229/8034] Built Mathlib.CategoryTheory.Groupoid.Subgroupoid (4.8s)
✔ [2230/8034] Built Mathlib.CategoryTheory.IsomorphismClasses (2.9s)
✔ [2231/8034] Built Mathlib.Data.DFinsupp.Ext (2.7s)
✔ [2232/8034] Built Mathlib.Computability.Primrec.Basic (4.2s)
✔ [2233/8034] Built Mathlib.Order.PFilter (3.0s)
✔ [2234/8034] Built Mathlib.Tactic.CategoryTheory.ToApp (3.7s)
✔ [2235/8034] Built Mathlib.Data.DFinsupp.FiniteInfinite (2.6s)
✔ [2236/8034] Built Mathlib.Order.CountableDenseLinearOrder (3.5s)
✔ [2237/8034] Built Mathlib.Data.DFinsupp.NeLocus (2.8s)
✔ [2238/8034] Built Mathlib.Data.DFinsupp.Module (3.8s)
✔ [2239/8034] Built Mathlib.Topology.Defs.Ultrafilter (2.5s)
✔ [2240/8034] Built Mathlib.Data.Nat.SuccPred (2.7s)
✔ [2241/8034] Built Mathlib.Algebra.Order.SuccPred.WithBot (2.7s)
✔ [2242/8034] Built Mathlib.GroupTheory.Coset.Defs (3.8s)
✔ [2243/8034] Built Mathlib.Data.PNat.Order (2.9s)
✔ [2244/8034] Built Mathlib.Order.Filter.AtTopBot.Prod (2.9s)
✔ [2245/8034] Built Mathlib.Data.Set.Equitable (3.0s)
✔ [2246/8034] Built Mathlib.SetTheory.Cardinal.Order (4.5s)
✔ [2247/8034] Built Mathlib.Order.IsNormal (4.3s)
✔ [2248/8034] Built Mathlib.Order.Filter.AtTopBot.ModEq (2.9s)
✔ [2249/8034] Built Mathlib.Algebra.Order.Interval.Set.SuccPred (4.1s)
✔ [2250/8034] Built Mathlib.Combinatorics.SetFamily.Kleitman (3.5s)
✔ [2251/8034] Built Mathlib.Order.Filter.AtTopBot.Group (3.4s)
✔ [2252/8034] Built Mathlib.Order.Filter.SmallSets (2.9s)
✔ [2253/8034] Built Mathlib.Topology.Closure (3.5s)
✔ [2254/8034] Built Mathlib.Data.Setoid.Partition (3.3s)
✔ [2255/8034] Built Mathlib.Order.Filter.Ring (2.6s)
✔ [2256/8034] Built Mathlib.Data.NNRat.Lemmas (2.9s)
✔ [2257/8034] Built Mathlib.Data.Rat.Cast.OfScientific (3.3s)
✔ [2258/8034] Built Mathlib.Dynamics.PeriodicPts.Defs (4.5s)
✔ [2259/8034] Built Mathlib.Algebra.Order.Interval.Basic (8.1s)
✔ [2260/8034] Built Mathlib.Tactic.NormNum.OfScientific (3.5s)
✔ [2261/8034] Built Mathlib.Algebra.GroupWithZero.NonZeroDivisors (4.0s)
✔ [2262/8034] Built Mathlib.GroupTheory.Submonoid.Centralizer (2.4s)
✔ [2263/8034] Built Mathlib.CategoryTheory.Yoneda (16s)
✔ [2264/8034] Built Mathlib.Data.Rat.Cast.Order (5.5s)
✔ [2265/8034] Built Mathlib.Data.Finset.Density (5.7s)
✔ [2266/8034] Built Mathlib.Algebra.Order.Star.Basic (6.2s)
✔ [2267/8034] Built Mathlib.Algebra.Module.Congruence.Defs (3.0s)
✔ [2268/8034] Built Mathlib.Order.TeichmullerTukey (2.1s)
✔ [2269/8034] Built Mathlib.RingTheory.Congruence.Basic (4.2s)
✔ [2270/8034] Built Mathlib.Order.Filter.AtTopBot.BigOperators (2.5s)
✔ [2271/8034] Built Mathlib.Order.Filter.Pointwise (9.1s)
✔ [2272/8034] Built Mathlib.Data.Nat.PrimeFin (2.7s)
✔ [2273/8034] Built Mathlib.Order.ConditionallyCompleteLattice.Finset (3.2s)
✔ [2274/8034] Built Mathlib.Data.Set.MemPartition (2.8s)
✔ [2275/8034] Built Mathlib.Combinatorics.Young.SemistandardTableau (2.8s)
✔ [2276/8034] Built Mathlib.RingTheory.NonUnitalSubsemiring.Basic (6.4s)
✔ [2277/8034] Built Mathlib.Order.Filter.Finite (3.5s)
✔ [2278/8034] Built Mathlib.Data.FunLike.Fintype (2.0s)
✔ [2279/8034] Built Mathlib.Algebra.Group.Pointwise.Set.Finite (3.5s)
✔ [2280/8034] Built Mathlib.Data.Set.Finite.Monad (3.2s)
✔ [2281/8034] Built Mathlib.Combinatorics.HalesJewett (4.1s)
✔ [2282/8034] Built Mathlib.Data.Finite.Vector (2.9s)
✔ [2283/8034] Built Mathlib.Data.Fintype.BigOperators (3.7s)
✔ [2284/8034] Built Mathlib.Data.Finset.Sym (3.5s)
✔ [2285/8034] Built Mathlib.Data.Finset.NAry (4.8s)
✔ [2286/8034] Built Mathlib.Data.Finsupp.Fin (2.7s)
✔ [2287/8034] Built Mathlib.Data.Finsupp.Notation (3.1s)
✔ [2288/8034] Built Mathlib.GroupTheory.Perm.Sign (4.8s)
✔ [2289/8034] Built Mathlib.Algebra.BigOperators.Ring.Finset (4.0s)
✔ [2290/8034] Built Mathlib.Data.Finsupp.Indicator (3.0s)
✔ [2291/8034] Built Mathlib.GroupTheory.MonoidLocalization.Lemmas (3.1s)
✔ [2292/8034] Built Mathlib.Combinatorics.SimpleGraph.Basic (6.6s)
✔ [2293/8034] Built Mathlib.CategoryTheory.Elementwise (2.8s)
✔ [2294/8034] Built Mathlib.Order.Atoms.Finite (3.1s)
✔ [2295/8034] Built Mathlib.GroupTheory.MonoidLocalization.Order (4.2s)
✔ [2296/8034] Built Mathlib.Algebra.Group.Finsupp (5.5s)
✔ [2297/8034] Built Mathlib.Order.UpperLower.LocallyFinite (2.5s)
✔ [2298/8034] Built Mathlib.SetTheory.Game.Basic (23s)
✔ [2299/8034] Built Mathlib.Algebra.Group.Subgroup.Map (7.4s)
✔ [2300/8034] Built Mathlib.Algebra.Order.Interval.Finset.Basic (2.4s)
✔ [2301/8034] Built Mathlib.Algebra.Order.Antidiag.Prod (2.9s)
✔ [2302/8034] Built Mathlib.Order.SuccPred.LinearLocallyFinite (3.9s)
✔ [2303/8034] Built Mathlib.Data.Sigma.Interval (3.4s)
✔ [2304/8034] Built Mathlib.Data.Set.Countable (2.7s)
✔ [2305/8034] Built Mathlib.Logic.Equiv.Array (2.6s)
✔ [2306/8034] Built Mathlib.Logic.Equiv.Multiset (2.7s)
✔ [2307/8034] Built Mathlib.Order.Interval.Finset.SuccPred (3.9s)
✔ [2308/8034] Built Mathlib.Order.PrimeIdeal (3.2s)
✔ [2309/8034] Built Mathlib.Algebra.Colimit.DirectLimit (18s)
✔ [2310/8034] Built Mathlib.CategoryTheory.Monad.Basic (7.0s)
✔ [2311/8034] Built Mathlib.Data.DFinsupp.Sigma (3.5s)
✔ [2312/8034] Built Mathlib.Data.Int.SuccPred (2.7s)
✔ [2313/8034] Built Mathlib.Order.Filter.AtTopBot.Ring (2.5s)
✔ [2314/8034] Built Mathlib.GroupTheory.MonoidLocalization.Maps (9.4s)
✔ [2315/8034] Built Mathlib.Order.Monotone.MonovaryOrder (3.0s)
✔ [2316/8034] Built Mathlib.Data.Sum.Interval (7.6s)
✔ [2317/8034] Built Mathlib.Topology.Neighborhoods (3.1s)
✔ [2318/8034] Built Mathlib.Algebra.Order.Monoid.PNat (2.5s)
✔ [2319/8034] Built Mathlib.Order.Partition.Equipartition (3.6s)
✔ [2320/8034] Built Mathlib.Data.DFinsupp.Order (5.3s)
✔ [2321/8034] Built Mathlib.Data.ENat.Basic (5.2s)
✔ [2322/8034] Built Mathlib.Order.Filter.FilterProduct (3.6s)
✔ [2323/8034] Built Mathlib.RingTheory.OreLocalization.NonZeroDivisors (2.5s)
✔ [2324/8034] Built Mathlib.GroupTheory.GroupAction.FixedPoints (3.8s)
✔ [2325/8034] Built Mathlib.Order.Interval.Finset.Basic (8.0s)
✔ [2326/8034] Built Mathlib.Algebra.Ring.NonZeroDivisors (2.6s)
✔ [2327/8034] Built Mathlib.CategoryTheory.RepresentedBy (2.1s)
✔ [2328/8034] Built Mathlib.Tactic.NormNum (2.4s)
✔ [2329/8034] Built Mathlib.Algebra.Order.Module.Rat (2.6s)
✔ [2330/8034] Built Mathlib.CategoryTheory.Bicategory.Functor.Oplax (8.5s)
✔ [2331/8034] Built Mathlib.Tactic.Rify (2.6s)
✔ [2332/8034] Built Mathlib.Algebra.Order.Star.Pi (2.3s)
✔ [2333/8034] Built Mathlib.Tactic.Positivity.Finset (3.4s)
✔ [2334/8034] Built Mathlib.RingTheory.Congruence.Opposite (2.1s)
✔ [2335/8034] Built Mathlib.Data.Int.Star (2.6s)
✔ [2336/8034] Built Mathlib.Algebra.Order.Star.Conjneg (2.8s)
✔ [2337/8034] Built Mathlib.CategoryTheory.Bicategory.Functor.Lax (9.1s)
✔ [2338/8034] Built Mathlib.Algebra.Order.Ring.Star (2.5s)
✔ [2339/8034] Built Mathlib.Algebra.Order.Star.Prod (2.6s)
✔ [2340/8034] Built Mathlib.Data.Rat.Star (3.2s)
✔ [2341/8034] Built Mathlib.Algebra.Tropical.BigOperators (2.3s)
✔ [2342/8034] Built Mathlib.Algebra.Star.NonUnitalSubsemiring (2.3s)
✔ [2343/8034] Built Mathlib.Combinatorics.KatonaCircle (4.7s)
✔ [2344/8034] Built Mathlib.Order.Filter.AtTopBot.Finset (2.2s)
✔ [2345/8034] Built Mathlib.Order.Filter.Bases.Finite (2.1s)
✔ [2346/8034] Built Mathlib.Data.Finsupp.Fintype (2.0s)
✔ [2347/8034] Built Mathlib.Data.Set.Finite.List (2.0s)
✔ [2348/8034] Built Mathlib.Data.Sym.Sym2.Finsupp (2.2s)
✔ [2349/8034] Built Mathlib.Data.Fintype.CardEmbedding (2.3s)
✔ [2350/8034] Built Mathlib.Algebra.BigOperators.Sym (2.5s)
✔ [2351/8034] Built Mathlib.Data.Sym.Card (2.7s)
✔ [2352/8034] Built Mathlib.Order.SupClosed (4.9s)
✔ [2353/8034] Built Mathlib.Data.Sign.Basic (3.7s)
✔ [2354/8034] Built Mathlib.Data.Finset.Functor (2.0s)
✔ [2355/8034] Built Mathlib.CategoryTheory.Adjunction.Basic (8.6s)
✔ [2356/8034] Built Mathlib.Data.DFinsupp.Notation (2.9s)
✔ [2357/8034] Built Mathlib.GroupTheory.Perm.Option (3.1s)
✔ [2358/8034] Built Mathlib.Algebra.BigOperators.Field (2.9s)
✔ [2359/8034] Built Mathlib.Combinatorics.Enumerative.DoubleCounting (3.5s)
✔ [2360/8034] Built Mathlib.Combinatorics.Digraph.Orientation (2.7s)
✔ [2361/8034] Built Mathlib.Algebra.Group.Pointwise.Finset.Scalar (4.5s)
✔ [2362/8034] Built Mathlib.Combinatorics.SimpleGraph.LineGraph (2.6s)
✔ [2363/8034] Built Mathlib.Algebra.Ring.Subsemiring.Basic (7.7s)
✔ [2364/8034] Built Mathlib.RingTheory.Coprime.Lemmas (3.0s)
✔ [2365/8034] Built Mathlib.Combinatorics.SimpleGraph.Dart (3.0s)
✔ [2366/8034] Built Mathlib.Order.Category.Preord (3.2s)
✔ [2367/8034] Built Mathlib.Data.Finsupp.BigOperators (2.5s)
✔ [2368/8034] Built Mathlib.Data.Finsupp.SMulWithZero (2.7s)
✔ [2369/8034] Built Mathlib.Data.List.ToFinsupp (2.7s)
✔ [2370/8034] Built Mathlib.Data.Finsupp.NeLocus (2.8s)
✔ [2371/8034] Built Mathlib.Data.Finsupp.Ext (2.7s)
✔ [2372/8034] Built Mathlib.Data.Finsupp.Pointwise (3.2s)
✔ [2373/8034] Built Mathlib.CategoryTheory.Subfunctor.Basic (4.4s)
✔ [2374/8034] Built Mathlib.SetTheory.Game.Impartial (3.4s)
✔ [2375/8034] Built Mathlib.Algebra.Order.BigOperators.Ring.Finset (7.1s)
✔ [2376/8034] Built Mathlib.Algebra.Group.Subgroup.ZPowers.Basic (3.0s)
✔ [2377/8034] Built Mathlib.Algebra.Category.Semigrp.Basic (5.8s)
✔ [2378/8034] Built Mathlib.Combinatorics.Additive.FreimanHom (8.8s)
✔ [2379/8034] Built Mathlib.Data.Finset.NatAntidiagonal (3.0s)
✔ [2380/8034] Built Mathlib.Order.Filter.CountableInter (3.1s)
✔ [2381/8034] Built Mathlib.Data.Set.FiniteExhaustion (2.9s)
✔ [2382/8034] Built Mathlib.Logic.Equiv.Finset (2.8s)
✔ [2383/8034] Built Mathlib.Algebra.Group.Pointwise.Finset.Basic (11s)
✔ [2384/8034] Built Mathlib.Algebra.Category.MonCat.Basic (8.7s)
✔ [2385/8034] Built Mathlib.GroupTheory.GroupAction.Basic (6.2s)
✔ [2386/8034] Built Mathlib.MeasureTheory.MeasurableSpace.Defs (4.3s)
✔ [2387/8034] Built Mathlib.Order.PrimeSeparator (4.3s)
✔ [2388/8034] Built Mathlib.Algebra.Order.Interval.Finset.SuccPred (4.5s)
✔ [2389/8034] Built Mathlib.Order.Filter.AtTopBot.Field (4.0s)
✔ [2390/8034] Built Mathlib.SetTheory.Cardinal.Basic (6.1s)
✔ [2391/8034] Built Mathlib.Order.Grade (4.2s)
✔ [2392/8034] Built Mathlib.GroupTheory.MonoidLocalization.MonoidWithZero (3.9s)
✔ [2393/8034] Built Mathlib.GroupTheory.MonoidLocalization.Away (3.7s)
✔ [2394/8034] Built Mathlib.Topology.Partial (3.0s)
✔ [2395/8034] Built Mathlib.Algebra.Group.Subgroup.Ker (7.4s)
✔ [2396/8034] Built Mathlib.GroupTheory.MonoidLocalization.DivPairs (3.4s)
✔ [2397/8034] Built Mathlib.CategoryTheory.Limits.Cones (20s)
✔ [2398/8034] Built Mathlib.GroupTheory.MonoidLocalization.GrothendieckGroup (3.9s)
✔ [2399/8034] Built Mathlib.Topology.NhdsSet (3.4s)
✔ [2400/8034] Built Mathlib.Topology.ClusterPt (3.4s)
✔ [2401/8034] Built Mathlib.Data.ENat.Pow (2.6s)
✔ [2402/8034] Built Mathlib.Tactic.ENatToNat (2.5s)
✔ [2403/8034] Built Mathlib.Combinatorics.SimpleGraph.Regularity.Equitabilise (4.0s)
✔ [2404/8034] Built Mathlib.Order.Restriction (2.6s)
✔ [2405/8034] Built Mathlib.GroupTheory.GroupAction.FixingSubgroup (3.5s)
✔ [2406/8034] Built Mathlib.Order.Interval.Finset.DenselyOrdered (2.5s)
✔ [2407/8034] Built Mathlib.Data.Pi.Interval (2.7s)
✔ [2408/8034] Built Mathlib.Tactic.Linarith (2.6s)
✔ [2409/8034] Built Mathlib.Order.Birkhoff (4.1s)
✔ [2410/8034] Built Mathlib.Order.Interval.Multiset (3.4s)
✔ [2411/8034] Built Mathlib.Data.Int.Interval (3.0s)
✔ [2412/8034] Built Mathlib.Data.List.Shortlex (2.7s)
✔ [2413/8034] Built Mathlib.Computability.DFA (3.5s)
✔ [2414/8034] Built Mathlib.Tactic.NormNum.NatLog (2.0s)
✔ [2415/8034] Built Mathlib.Tactic.NormNum.NatFactorial (3.1s)
✔ [2416/8034] Built Mathlib.RingTheory.OreLocalization.Ring (5.6s)
✔ [2417/8034] Built Mathlib.Tactic.NormNum.NatSqrt (2.8s)
✔ [2418/8034] Built Mathlib.Tactic.NormNum.GCD (4.4s)
✔ [2419/8034] Built Mathlib.Tactic.Positivity (2.6s)
✔ [2420/8034] Built Mathlib.RingTheory.Multiplicity (7.3s)
✔ [2421/8034] Built Mathlib.Order.Filter.CountablyGenerated (2.4s)
✔ [2422/8034] Built Mathlib.Tactic.IntervalCases (4.2s)
✔ [2423/8034] Built Mathlib.Order.Filter.AtTopBot.Finite (2.7s)
✔ [2424/8034] Built Mathlib.Order.Filter.Pi (2.8s)
✔ [2425/8034] Built Mathlib.Order.Filter.Interval (3.9s)
✔ [2426/8034] Built Mathlib.CategoryTheory.CodiscreteCategory (2.5s)
✔ [2427/8034] Built Mathlib.CategoryTheory.LiftingProperties.Adjunction (2.5s)
✔ [2428/8034] Built Mathlib.CategoryTheory.Category.Pointed (2.6s)
✔ [2429/8034] Built Mathlib.CategoryTheory.Category.GaloisConnection (2.4s)
✔ [2430/8034] Built Mathlib.CategoryTheory.Category.Cat.Adjunction (3.3s)
✔ [2431/8034] Built Mathlib.Order.Sublocale (4.9s)
✔ [2432/8034] Built Mathlib.CategoryTheory.Monad.Kleisli (3.2s)
✔ [2433/8034] Built Mathlib.CategoryTheory.Adjunction.Whiskering (3.4s)
✔ [2434/8034] Built Mathlib.Order.Sublattice (5.0s)
✔ [2435/8034] Built Mathlib.CategoryTheory.Adjunction.Opposites (3.4s)
✔ [2436/8034] Built Mathlib.CategoryTheory.Category.Quiv (3.7s)
✔ [2437/8034] Built Mathlib.CategoryTheory.Adjunction.Restrict (3.1s)
✔ [2438/8034] Built Mathlib.CategoryTheory.Adjunction.Parametrized (3.3s)
✔ [2439/8034] Built Mathlib.Data.Set.Sups (6.0s)
✔ [2440/8034] Built Mathlib.Combinatorics.Derangements.Basic (2.9s)
✔ [2441/8034] Built Mathlib.Combinatorics.Additive.SubsetSum (2.6s)
✔ [2442/8034] Built Mathlib.CategoryTheory.Adjunction.FullyFaithful (3.8s)
✔ [2443/8034] Built Mathlib.Algebra.Star.Subsemiring (3.0s)
✔ [2444/8034] Built Mathlib.CategoryTheory.Skeletal (4.6s)
✔ [2445/8034] Built Mathlib.Algebra.Ring.Subsemiring.MulOpposite (3.5s)
✔ [2446/8034] Built Mathlib.RingTheory.LocalRing.Subring (2.9s)
✔ [2447/8034] Built Mathlib.Algebra.Ring.SumsOfSquares (3.8s)
✔ [2448/8034] Built Mathlib.Algebra.GCDMonoid.FinsetLemmas (3.5s)
✔ [2449/8034] Built Mathlib.Order.Category.PartOrd (4.7s)
✔ [2450/8034] Built Mathlib.Data.NNRat.BigOperators (3.5s)
✔ [2451/8034] Built Mathlib.CategoryTheory.Adjunction.Mates (8.4s)
✔ [2452/8034] Built Mathlib.Data.Nat.Factorial.BigOperators (3.3s)
✔ [2453/8034] Built Mathlib.Combinatorics.Additive.Corner.Defs (3.3s)
✔ [2454/8034] Built Mathlib.Data.Nat.Factorial.NatCast (3.1s)
✔ [2455/8034] Built Mathlib.Combinatorics.SimpleGraph.Maps (6.2s)
✔ [2456/8034] Built Mathlib.CategoryTheory.Bicategory.NaturalTransformation.Lax (13s)
✔ [2457/8034] Built Mathlib.Algebra.Order.Floor.Div (6.1s)
✔ [2458/8034] Built Mathlib.Data.Nat.Fib.Basic (3.5s)
✔ [2459/8034] Built Mathlib.Combinatorics.SimpleGraph.Walks.Basic (7.4s)
✔ [2460/8034] Built Mathlib.Algebra.BigOperators.NatAntidiagonal (2.8s)
✔ [2461/8034] Built Mathlib.Logic.Encodable.Pi (2.7s)
✔ [2462/8034] Built Mathlib.Order.Filter.CountableSeparatingOn (2.9s)
✔ [2463/8034] Built Mathlib.Algebra.BigOperators.Finsupp.Basic (8.5s)
✔ [2464/8034] Built Mathlib.Combinatorics.Additive.CovBySMul (3.5s)
✔ [2465/8034] Built Mathlib.Algebra.Group.Pointwise.Finset.BigOperators (3.1s)
✔ [2466/8034] Built Mathlib.CategoryTheory.Bicategory.Functor.Pseudofunctor (17s)
✔ [2467/8034] Built Mathlib.Algebra.Group.Action.Equidecomp (3.4s)
✔ [2468/8034] Built Mathlib.Algebra.Group.Pointwise.Finset.Interval (3.9s)
✔ [2469/8034] Built Mathlib.Algebra.Ring.Pointwise.Finset (2.9s)
✔ [2470/8034] Built Mathlib.Algebra.Group.Action.Pointwise.Finset (4.8s)
✔ [2471/8034] Built Mathlib.Algebra.GroupWithZero.Pointwise.Finset (2.9s)
✔ [2472/8034] Built Mathlib.Algebra.Ring.CentroidHom (12s)
✔ [2473/8034] Built Mathlib.Algebra.Ring.Action.Pointwise.Finset (2.8s)
✔ [2474/8034] Built Mathlib.CategoryTheory.SingleObj (3.5s)
✔ [2475/8034] Built Mathlib.Algebra.Category.MonCat.ForgetCorepresentable (2.7s)
✔ [2476/8034] Built Mathlib.MeasureTheory.MeasurableSpace.Invariants (2.6s)
✔ [2477/8034] Built Mathlib.MeasureTheory.MeasurableSpace.EventuallyMeasurable (2.7s)
✔ [2478/8034] Built Mathlib.Algebra.Group.UniqueProds.Basic (6.9s)
✔ [2479/8034] Built Mathlib.MeasureTheory.MeasurableSpace.Instances (2.9s)
✔ [2480/8034] Built Mathlib.MeasureTheory.MeasurableSpace.Basic (3.3s)
✔ [2481/8034] Built Mathlib.Combinatorics.Additive.Energy (7.7s)
✔ [2482/8034] Built Mathlib.Data.Finset.Grade (3.2s)
✔ [2483/8034] Built Mathlib.Algebra.Category.MonCat.Yoneda (4.6s)
✔ [2484/8034] Built Mathlib.CategoryTheory.Bicategory.NaturalTransformation.Oplax (22s)
✔ [2485/8034] Built Mathlib.Order.KonigLemma (3.0s)
✔ [2486/8034] Built Mathlib.Algebra.BigOperators.Finprod (13s)
✔ [2487/8034] Built Mathlib.Algebra.QuadraticDiscriminant (4.1s)
✔ [2488/8034] Built Mathlib.Data.Rat.Cardinal (2.9s)
✔ [2489/8034] Built Mathlib.SetTheory.Cardinal.ENat (4.4s)
✔ [2490/8034] Built Mathlib.Algebra.Module.Card (2.9s)
✔ [2491/8034] Built Mathlib.Computability.Encoding (3.5s)
✔ [2492/8034] Built Mathlib.SetTheory.ZFC.Cardinal (3.3s)
✔ [2493/8034] Built Mathlib.GroupTheory.NoncommCoprod (3.7s)
✔ [2494/8034] Built Mathlib.GroupTheory.Subgroup.Saturated (3.1s)
✔ [2495/8034] Built Mathlib.GroupTheory.Perm.ClosureSwap (3.7s)
✔ [2496/8034] Built Mathlib.Algebra.Group.Subgroup.ZPowers.Lemmas (3.6s)
✔ [2497/8034] Built Mathlib.Combinatorics.Tiling.Tile (5.8s)
✔ [2498/8034] Built Mathlib.Algebra.Group.AddChar (7.0s)
✔ [2499/8034] Built Mathlib.Algebra.Category.Grp.Basic (10s)
✔ [2500/8034] Built Mathlib.ModelTheory.Basic (7.3s)
✔ [2501/8034] Built Mathlib.Algebra.Group.Graph (5.2s)
✔ [2502/8034] Built Mathlib.CategoryTheory.Limits.Shapes.Preorder.PrincipalSeg (3.1s)
✔ [2503/8034] Built Mathlib.SetTheory.Ordinal.Basic (9.7s)
✔ [2504/8034] Built Mathlib.Topology.Continuous (3.5s)
✔ [2505/8034] Built Mathlib.Algebra.Group.Subgroup.Basic (8.7s)
✔ [2506/8034] Built Mathlib.Data.Nat.Digits.Defs (4.2s)
✔ [2507/8034] Built Mathlib.CategoryTheory.Limits.Bicones (5.5s)
✔ [2508/8034] Built Mathlib.Data.Nat.Choose.Central (3.9s)
✔ [2509/8034] Built Mathlib.GroupTheory.FreeGroup.Basic (10s)
✔ [2510/8034] Built Mathlib.GroupTheory.QuotientGroup.Defs (8.6s)
✔ [2511/8034] Built Mathlib.Data.Seq.Basic (5.9s)
✔ [2512/8034] Built Mathlib.Algebra.Order.Interval.Multiset (3.8s)
✔ [2513/8034] Built Mathlib.Analysis.SpecialFunctions.Pow.NthRootLemmas (4.6s)
✔ [2514/8034] Built Mathlib.Algebra.Order.Monoid.LocallyFiniteOrder (10s)
✔ [2515/8034] Built Mathlib.Algebra.Order.Floor.Semifield (5.5s)
✔ [2516/8034] Built Mathlib.Algebra.Order.Group.Int.Sum (3.5s)
✔ [2517/8034] Built Mathlib.Algebra.Order.Ring.Interval (3.8s)
✔ [2518/8034] Built Mathlib.Computability.MyhillNerode (3.3s)
✔ [2519/8034] Built Mathlib.Order.Interval.Finset.Nat (5.5s)
✔ [2520/8034] Built Mathlib.Algebra.BigOperators.Group.Finset.Interval (4.8s)
✔ [2521/8034] Built Mathlib.Algebra.Lie.CartanMatrix (3.9s)
✔ [2522/8034] Built Mathlib.Tactic.NormNum.IsCoprime (4.5s)
✔ [2523/8034] Built Mathlib.RingTheory.Valuation.IntegrallyClosed (3.9s)
✔ [2524/8034] Built Mathlib.GroupTheory.Coprod.Basic (15s)
✔ [2525/8034] Built Mathlib.Algebra.Polynomial.Factors (3.9s)
✔ [2526/8034] Built Mathlib.Computability.NFA (5.5s)
✔ [2527/8034] Built Mathlib.NumberTheory.Padics.PadicVal.Defs (3.3s)
✔ [2528/8034] Built Mathlib.Data.Rat.NatSqrt.Defs (3.7s)
✔ [2529/8034] Built Mathlib.Algebra.Order.Floor.Ring (10s)
✔ [2530/8034] Built Mathlib.NumberTheory.EllipticDivisibilitySequence (10s)
✔ [2531/8034] Built Mathlib.Order.Filter.Subsingleton (3.2s)
✔ [2532/8034] Built Mathlib.Order.Filter.AtTopBot.Floor (3.1s)
✔ [2533/8034] Built Mathlib.Order.Filter.AtTopBot.CountablyGenerated (2.9s)
✔ [2534/8034] Built Mathlib.Tactic.NormNum.IsSquare (6.9s)
✔ [2535/8034] Built Mathlib.Order.Filter.Cofinite (3.2s)
✔ [2536/8034] Built Mathlib.CategoryTheory.Functor.EpiMono (3.4s)
✔ [2537/8034] Built Mathlib.CategoryTheory.Category.Bipointed (3.4s)
✔ [2538/8034] Built Mathlib.CategoryTheory.Category.PartialFun (3.7s)
✔ [2539/8034] Built Mathlib.Combinatorics.SimpleGraph.Density (6.7s)
✔ [2540/8034] Built Mathlib.CategoryTheory.Monad.Types (3.2s)
✔ [2541/8034] Built Mathlib.CategoryTheory.Limits.IsLimit (17s)
✔ [2542/8034] Built Mathlib.Combinatorics.Additive.PluenneckeRuzsa (8.9s)
✔ [2543/8034] Built Mathlib.Order.CompleteSublattice (4.4s)
✔ [2544/8034] Built Mathlib.Combinatorics.Derangements.Finite (3.5s)
✔ [2545/8034] Built Mathlib.Algebra.Ring.Semireal.Defs (2.9s)
✔ [2546/8034] Built Mathlib.CategoryTheory.Category.ReflQuiv (5.1s)
✔ [2547/8034] Built Mathlib.CategoryTheory.EssentiallySmall (3.8s)
✔ [2548/8034] Built Mathlib.CategoryTheory.Localization.Construction (5.2s)
✔ [2549/8034] Built Mathlib.RingTheory.Localization.Defs (12s)
✔ [2550/8034] Built Mathlib.CategoryTheory.FintypeCat (5.1s)
✔ [2551/8034] Built Mathlib.CategoryTheory.Adjunction.Unique (3.3s)
✔ [2552/8034] Built Mathlib.Order.Category.Lat (4.2s)
✔ [2553/8034] Built Mathlib.Order.Category.Semilat (4.5s)
✔ [2554/8034] Built Mathlib.CategoryTheory.Equivalence.Symmetry (4.5s)
✔ [2555/8034] Built Mathlib.CategoryTheory.Adjunction.CompositionIso (4.4s)
✔ [2556/8034] Built Mathlib.CategoryTheory.Bicategory.Adjunction.Cat (5.8s)
✔ [2557/8034] Built Mathlib.Data.Nat.Fib.Zeckendorf (3.9s)
✔ [2558/8034] Built Mathlib.Tactic.NormNum.NatFib (4.5s)
✔ [2559/8034] Built Mathlib.Data.DFinsupp.Encodable (3.6s)
✔ [2560/8034] Built Mathlib.Data.W.Basic (3.6s)
✔ [2561/8034] Built Mathlib.Data.Int.Fib.Basic (5.5s)
✔ [2562/8034] Built Mathlib.Combinatorics.SimpleGraph.Walks.Traversal (5.4s)
✔ [2563/8034] Built Mathlib.Data.Finset.Finsupp (3.9s)
✔ [2564/8034] Built Mathlib.Algebra.Group.Submonoid.Finsupp (4.1s)
✔ [2565/8034] Built Mathlib.Combinatorics.SimpleGraph.Finite (6.9s)
✔ [2566/8034] Built Mathlib.Algebra.Group.Subgroup.Finsupp (4.5s)
✔ [2567/8034] Built Mathlib.Algebra.Star.BigOperators (4.1s)
✔ [2568/8034] Built Mathlib.Algebra.BigOperators.Associated (4.5s)
✔ [2569/8034] Built Mathlib.Computability.Primrec.List (6.4s)
✔ [2570/8034] Built Mathlib.Order.BooleanSubalgebra (13s)
✔ [2571/8034] Built Mathlib.CategoryTheory.Bicategory.Functor.Cat (4.1s)
✔ [2572/8034] Built Mathlib.Algebra.Group.Pointwise.Finset.Density (3.4s)
✔ [2573/8034] Built Mathlib.Algebra.FreeMonoid.UniqueProds (3.0s)
✔ [2574/8034] Built Mathlib.Combinatorics.Additive.ETransform (3.6s)
✔ [2575/8034] Built Mathlib.Algebra.GroupWithZero.Action.Pointwise.Finset (3.6s)
✔ [2576/8034] Built Mathlib.Algebra.Star.CentroidHom (4.1s)
✔ [2577/8034] Built Mathlib.Combinatorics.Additive.Convolution (5.2s)
✔ [2578/8034] Built Mathlib.Data.Finset.Interval (3.2s)
✔ [2579/8034] Built Mathlib.CategoryTheory.Bicategory.Adjunction.Adj (8.1s)
✔ [2580/8034] Built Mathlib.CategoryTheory.Join.Pseudofunctor (8.7s)
✔ [2581/8034] Built Mathlib.Algebra.Category.Grp.FiniteGrp (3.6s)
✔ [2582/8034] Built Mathlib.SetTheory.Cardinal.ToNat (3.7s)
✔ [2583/8034] Built Mathlib.Algebra.BigOperators.GroupWithZero.Action (4.2s)
✔ [2584/8034] Built Mathlib.CategoryTheory.Sites.NonabelianCohomology.H1 (4.2s)
✔ [2585/8034] Built Mathlib.Algebra.Category.Grp.EquivalenceGroupAddGroup (3.9s)
✔ [2586/8034] Built Mathlib.Algebra.Category.Grp.ForgetCorepresentable (3.0s)
✔ [2587/8034] Built Mathlib.CategoryTheory.Bicategory.Functor.LocallyDiscrete (10s)
✔ [2588/8034] Built Mathlib.CategoryTheory.Bicategory.Functor.StrictlyUnitary (11s)
✔ [2589/8034] Built Mathlib.Algebra.Category.Grp.Yoneda (4.6s)
✔ [2590/8034] Built Mathlib.MeasureTheory.Constructions.AddChar (2.6s)
✔ [2591/8034] Built Mathlib.SetTheory.Cardinal.UnivLE (3.1s)
✔ [2592/8034] Built Mathlib.Topology.Order.Hom.Basic (3.2s)
✔ [2593/8034] Built Mathlib.ModelTheory.LanguageMap (4.7s)
✔ [2594/8034] Built Mathlib.CategoryTheory.Bicategory.Free (12s)
✔ [2595/8034] Built Mathlib.Data.Finsupp.Basic (15s)
✔ [2596/8034] Built Mathlib.CategoryTheory.Bicategory.Modification.Oplax (9.2s)
✔ [2597/8034] Built Mathlib.Topology.Separation.SeparatedNhds (3.6s)
✔ [2598/8034] Built Mathlib.GroupTheory.Subgroup.Simple (3.3s)
✔ [2599/8034] Built Mathlib.SetTheory.Ordinal.Arithmetic (6.5s)
✔ [2600/8034] Built Mathlib.CategoryTheory.Bicategory.Strict.Pseudofunctor (15s)
✔ [2601/8034] Built Mathlib.Algebra.Group.Subgroup.Order (2.9s)
✔ [2602/8034] Built Mathlib.Topology.Order (5.2s)
✔ [2603/8034] Built Mathlib.GroupTheory.Subgroup.Center (3.4s)
✔ [2604/8034] Built Mathlib.Algebra.Category.Ring.Basic (9.5s)
✔ [2605/8034] Built Mathlib.Algebra.ContinuedFractions.Translations (3.5s)
✔ [2606/8034] Built Mathlib.Algebra.Group.Subgroup.MulOppositeLemmas (3.8s)
✔ [2607/8034] Built Mathlib.CategoryTheory.Monoidal.Functor (26s)
✔ [2608/8034] Built Mathlib.Data.WSeq.Basic (4.0s)
✔ [2609/8034] Built Mathlib.Algebra.CharZero.Quotient (3.5s)
✔ [2610/8034] Built Mathlib.GroupTheory.QuotientGroup.ModEq (3.1s)
✔ [2611/8034] Built Mathlib.Algebra.Pointwise.Stabilizer (4.0s)
✔ [2612/8034] Built Mathlib.GroupTheory.PresentedGroup (3.3s)
✔ [2613/8034] Built Mathlib.GroupTheory.Coset.Basic (8.3s)
✔ [2614/8034] Built Mathlib.Geometry.Group.Growth.QuotientInter (4.6s)
✔ [2615/8034] Built Mathlib.GroupTheory.FreeGroup.IsFreeGroup (3.2s)
✔ [2616/8034] Built Mathlib.RingTheory.NonUnitalSubring.Basic (7.2s)
✔ [2617/8034] Built Mathlib.Data.Nat.Lattice (3.3s)
✔ [2618/8034] Built Mathlib.GroupTheory.FreeGroup.Reduce (4.9s)
✔ [2619/8034] Built Mathlib.Order.PartialSups (3.4s)
✔ [2620/8034] Built Mathlib.Data.Finset.Slice (3.3s)
✔ [2621/8034] Built Mathlib.GroupTheory.Goursat (8.3s)
✔ [2622/8034] Built Mathlib.Combinatorics.SetFamily.Shatter (3.6s)
✔ [2623/8034] Built Mathlib.Algebra.Ring.Subring.Basic (11s)
✔ [2624/8034] Built Mathlib.Data.PNat.Interval (3.4s)
✔ [2625/8034] Built Mathlib.Tactic.Simproc.FinsetInterval (5.7s)
✔ [2626/8034] Built Mathlib.Order.Filter.Ultrafilter.Basic (3.4s)
✔ [2627/8034] Built Mathlib.Order.Filter.EventuallyConst (3.7s)
✔ [2628/8034] Built Mathlib.Computability.EpsilonNFA (4.6s)
✔ [2629/8034] Built Mathlib.CategoryTheory.Bicategory.NaturalTransformation.Pseudo (20s)
✔ [2630/8034] Built Mathlib.Algebra.Order.Round (5.3s)
✔ [2631/8034] Built Mathlib.CategoryTheory.Functor.ReflectsIso.Balanced (2.0s)
✔ [2632/8034] Built Mathlib.Topology.Bornology.Basic (3.9s)
✔ [2633/8034] Built Mathlib.Order.Filter.IsBounded (5.3s)
✔ [2634/8034] Built Mathlib.Algebra.Category.GrpWithZero (3.6s)
✔ [2635/8034] Built Mathlib.Order.Interval.Finset.Fin (7.3s)
✔ [2636/8034] Built Mathlib.CategoryTheory.Adjunction.Reflective (4.3s)
✔ [2637/8034] Built Mathlib.Data.Analysis.Filter (5.2s)
✔ [2638/8034] Built Mathlib.Order.Category.BddOrd (3.0s)
✔ [2639/8034] Built Mathlib.CategoryTheory.Category.TwoP (4.2s)
✔ [2640/8034] Built Mathlib.Combinatorics.SimpleGraph.Regularity.Energy (3.4s)
✔ [2641/8034] Built Mathlib.Order.CompleteLattice.SetLike (2.8s)
✔ [2642/8034] Built Mathlib.CategoryTheory.Category.Pairwise (4.8s)
✔ [2643/8034] Built Mathlib.NumberTheory.Divisors (12s)
✔ [2644/8034] Built Mathlib.CategoryTheory.Countable (2.8s)
✔ [2645/8034] Built Mathlib.RingTheory.Localization.Integer (3.1s)
✔ [2646/8034] Built Mathlib.CategoryTheory.Monad.Algebra (7.9s)
✔ [2647/8034] Built Mathlib.CategoryTheory.ObjectProperty.Small (4.1s)
✔ [2648/8034] Built Mathlib.Order.Category.FinPartOrd (3.5s)
✔ [2649/8034] Built Mathlib.CategoryTheory.ShrinkYoneda (4.0s)
✔ [2650/8034] Built Mathlib.Order.Category.Frm (3.5s)
✔ [2651/8034] Built Mathlib.Combinatorics.SimpleGraph.Regularity.Uniform (7.5s)
✔ [2652/8034] Built Mathlib.Combinatorics.Additive.DoublingConst (6.0s)
✔ [2653/8034] Built Mathlib.CategoryTheory.Limits.Shapes.IsTerminal (7.6s)
✔ [2654/8034] Built Mathlib.CategoryTheory.Localization.Predicate (5.7s)
✔ [2655/8034] Built Mathlib.Data.PFunctor.Univariate.Basic (3.1s)
✔ [2656/8034] Built Mathlib.Data.W.Constructions (3.3s)
✔ [2657/8034] Built Mathlib.Order.Category.LinOrd (4.7s)
✔ [2658/8034] Built Mathlib.Order.Category.DistLat (4.3s)
✔ [2659/8034] Built Mathlib.Combinatorics.SimpleGraph.DeleteEdges (3.3s)
✔ [2660/8034] Built Mathlib.Combinatorics.SimpleGraph.EdgeLabeling (3.4s)
✔ [2661/8034] Built Mathlib.Computability.Primrec (2.8s)
✔ [2662/8034] Built Mathlib.Data.Int.Fib.Lemmas (4.1s)
✔ [2663/8034] Built Mathlib.RingTheory.UniqueFactorizationDomain.Basic (4.6s)
✔ [2664/8034] Built Mathlib.Algebra.Module.BigOperators (2.0s)
✔ [2665/8034] Built Mathlib.SetTheory.Cardinal.Finite (4.4s)
✔ [2666/8034] Built Mathlib.Combinatorics.SimpleGraph.Walks.Operations (5.5s)
✔ [2667/8034] Built Mathlib.Computability.Partrec (5.5s)
✔ [2668/8034] Built Mathlib.Algebra.BigOperators.Expect (5.0s)
✔ [2669/8034] Built Mathlib.Topology.Order.Hom.Esakia (4.4s)
✔ [2670/8034] Built Mathlib.Tactic.CategoryTheory.BicategoryCoherence (4.3s)
✔ [2671/8034] Built Mathlib.CategoryTheory.Limits.HasLimits (12s)
✔ [2672/8034] Built Mathlib.Combinatorics.Additive.SmallTripling (12s)
✔ [2673/8034] Built Mathlib.CategoryTheory.Bicategory.Functor.StrictPseudofunctor (5.0s)
✔ [2674/8034] Built Mathlib.Data.Finsupp.Sigma (2.7s)
✔ [2675/8034] Built Mathlib.Data.Finsupp.SMul (3.7s)
✔ [2676/8034] Built Mathlib.Data.Finsupp.Multiset (4.0s)
✔ [2677/8034] Built Mathlib.Algebra.Category.MonCat.Adjunctions (5.3s)
✔ [2678/8034] Built Mathlib.Data.DFinsupp.BigOperators (7.3s)
✔ [2679/8034] Built Mathlib.Data.Finsupp.Order (5.0s)
✔ [2680/8034] Built Mathlib.Data.Finsupp.AList (2.8s)
✔ [2681/8034] Built Mathlib.SetTheory.Ordinal.FixedPointApproximants (2.8s)
✔ [2682/8034] Built Mathlib.Data.Finsupp.Option (3.5s)
✔ [2683/8034] Built Mathlib.Topology.Instances.ZMod (2.6s)
✔ [2684/8034] Built Mathlib.CategoryTheory.Bicategory.Coherence (8.3s)
✔ [2685/8034] Built Mathlib.ModelTheory.Syntax (8.6s)
✔ [2686/8034] Built Mathlib.Algebra.Group.Subgroup.Actions (3.2s)
✔ [2687/8034] Built Mathlib.Algebra.GroupWithZero.Action.Center (2.6s)
✔ [2688/8034] Built Mathlib.Data.Matrix.Mul (10s)
✔ [2689/8034] Built Mathlib.CategoryTheory.Bicategory.FunctorBicategory.Oplax (5.1s)
✔ [2690/8034] Built Mathlib.Topology.Maps.Basic (4.1s)
✔ [2691/8034] Built Mathlib.GroupTheory.IsSubnormal (5.4s)
✔ [2692/8034] Built Mathlib.Algebra.ContinuedFractions.Computation.Translations (3.5s)
✔ [2693/8034] Built Mathlib.GroupTheory.Subgroup.Centralizer (4.3s)
✔ [2694/8034] Built Mathlib.Algebra.ContinuedFractions.TerminatedStable (2.8s)
✔ [2695/8034] Built Mathlib.SetTheory.Ordinal.Family (5.1s)
✔ [2696/8034] Built Mathlib.Algebra.ContinuedFractions.ContinuantsRecurrence (3.1s)
✔ [2697/8034] Built Mathlib.Topology.UniformSpace.Defs (5.1s)
✔ [2698/8034] Built Mathlib.CategoryTheory.Bicategory.SingleObj (3.5s)
✔ [2699/8034] Built Mathlib.Data.WSeq.Defs (2.6s)
✔ [2700/8034] Built Mathlib.Dynamics.PeriodicPts.Lemmas (2.8s)
✔ [2701/8034] Built Mathlib.RingTheory.Nilpotent.Defs (3.1s)
✔ [2702/8034] Built Mathlib.Order.Interval.Set.OrdConnectedLinear (2.8s)
✔ [2703/8034] Built Mathlib.Data.WSeq.Relation (3.8s)
✔ [2704/8034] Built Mathlib.Algebra.MonoidAlgebra.Defs (11s)
✔ [2705/8034] Built Mathlib.Order.OrderIsoNat (3.2s)
✔ [2706/8034] Built Mathlib.CategoryTheory.Monoidal.NaturalTransformation (5.0s)
✔ [2707/8034] Built Mathlib.Data.ENat.Lattice (3.0s)
✔ [2708/8034] Built Mathlib.CategoryTheory.Monoidal.Free.Basic (6.6s)
✔ [2709/8034] Built Mathlib.GroupTheory.FreeGroup.Orbit (3.3s)
✔ [2710/8034] Built Mathlib.CategoryTheory.Monoidal.End (6.4s)
✔ [2711/8034] Built Mathlib.Data.Set.Accumulate (2.6s)
✔ [2712/8034] Built Mathlib.Algebra.Order.Group.PartialSups (2.4s)
✔ [2713/8034] Built Mathlib.Data.List.PeriodicityLemma (5.7s)
✔ [2714/8034] Built Mathlib.Algebra.Order.SuccPred.PartialSups (2.8s)
✔ [2715/8034] Built Mathlib.GroupTheory.FreeGroup.CyclicallyReduced (4.5s)
✔ [2716/8034] Built Mathlib.Topology.Ultrafilter (2.4s)
✔ [2717/8034] Built Mathlib.NumberTheory.ADEInequality (2.9s)
✔ [2718/8034] Built Mathlib.Algebra.Ring.Subring.MulOpposite (3.3s)
✔ [2719/8034] Built Mathlib.CategoryTheory.Monoidal.Opposite (8.0s)
✔ [2720/8034] Built Mathlib.Topology.Bornology.Constructions (3.3s)
✔ [2721/8034] Built Mathlib.Topology.Bornology.Absorbs (3.7s)
✔ [2722/8034] Built Mathlib.Topology.Bornology.Hom (3.5s)
✔ [2723/8034] Built Mathlib.Order.Disjointed (4.0s)
✔ [2724/8034] Built Mathlib.Data.Fintype.Fin (3.5s)
✔ [2725/8034] Built Mathlib.CategoryTheory.Bicategory.Modification.Pseudo (5.6s)
✔ [2726/8034] Built Mathlib.GroupTheory.CoprodI (10s)
✔ [2727/8034] Built Mathlib.Tactic.Simproc.Divisors (2.7s)
✔ [2728/8034] Built Mathlib.Data.Rat.Floor (6.9s)
✔ [2729/8034] Built Mathlib.Combinatorics.Additive.AP.Three.Defs (5.8s)
✔ [2730/8034] Built Mathlib.SetTheory.Descriptive.Tree (3.4s)
✔ [2731/8034] Built Mathlib.CategoryTheory.Bicategory.LocallyGroupoid (8.5s)
✔ [2732/8034] Built Mathlib.Data.Finset.NatDivisors (3.3s)
✔ [2733/8034] Built Mathlib.Data.Finset.Sups (9.5s)
✔ [2734/8034] Built Mathlib.Order.LiminfLimsup (6.9s)
✔ [2735/8034] Built Mathlib.CategoryTheory.Bicategory.Functor.Cat.ObjectProperty (7.9s)
✔ [2736/8034] Built Mathlib.CategoryTheory.ObjectProperty.Retract (2.9s)
✔ [2737/8034] Built Mathlib.Order.Category.BddLat (6.1s)
✔ [2738/8034] Built Mathlib.CategoryTheory.Limits.Shapes.Preorder.Fin (2.4s)
✔ [2739/8034] Built Mathlib.CategoryTheory.Bicategory.Grothendieck (9.0s)
✔ [2740/8034] Built Mathlib.CategoryTheory.Localization.HasLocalization (2.5s)
✔ [2741/8034] Built Mathlib.CategoryTheory.Localization.Prod (2.7s)
✔ [2742/8034] Built Mathlib.CategoryTheory.Localization.Equivalence (2.6s)
✔ [2743/8034] Built Mathlib.Data.PFunctor.Multivariate.Basic (2.6s)
✔ [2744/8034] Built Mathlib.CategoryTheory.Monoidal.Multifunctor (17s)
✔ [2745/8034] Built Mathlib.Data.PFunctor.Univariate.M (3.0s)
✔ [2746/8034] Built Mathlib.CategoryTheory.Monad.Adjunction (6.4s)
✔ [2747/8034] Built Mathlib.RingTheory.UniqueFactorizationDomain.NormalizedFactors (4.2s)
✔ [2748/8034] Built Mathlib.Data.Finite.Perm (3.5s)
✔ [2749/8034] Built Mathlib.Data.Fintype.Units (3.7s)
✔ [2750/8034] Built Mathlib.Combinatorics.Pigeonhole (4.4s)
✔ [2751/8034] Built Mathlib.Algebra.GroupWithZero.Pointwise.Set.Card (3.6s)
✔ [2752/8034] Built Mathlib.RingTheory.UniqueFactorizationDomain.FactorSet (6.0s)
✔ [2753/8034] Built Mathlib.Combinatorics.Additive.RuzsaCovering (4.6s)
✔ [2754/8034] Built Mathlib.Data.Finite.Card (3.8s)
✔ [2755/8034] Built Mathlib.Algebra.BigOperators.Ring.Nat (5.0s)
✔ [2756/8034] Built Mathlib.Combinatorics.Enumerative.InclusionExclusion (6.8s)
✔ [2757/8034] Built Mathlib.CategoryTheory.Endofunctor.Algebra (9.5s)
✔ [2758/8034] Built Mathlib.GroupTheory.Coset.Card (6.3s)
✔ [2759/8034] Built Mathlib.Computability.RecursiveIn (3.8s)
✔ [2760/8034] Built Mathlib.Combinatorics.SimpleGraph.Walks.Maps (4.7s)
✔ [2761/8034] Built Mathlib.Combinatorics.SimpleGraph.Subgraph (8.9s)
✔ [2762/8034] Built Mathlib.Algebra.BigOperators.Balance (3.0s)
✔ [2763/8034] Built Mathlib.CategoryTheory.Limits.Unit (3.4s)
✔ [2764/8034] Built Mathlib.CategoryTheory.Limits.Pi (3.6s)
✔ [2765/8034] Built Mathlib.CategoryTheory.Limits.Types.Colimits (4.4s)
✔ [2766/8034] Built Mathlib.CategoryTheory.Limits.Types.Limits (4.8s)
✔ [2767/8034] Built Mathlib.CategoryTheory.Adjunction.PartialAdjoint (5.8s)
✔ [2768/8034] Built Mathlib.CategoryTheory.Limits.Shapes.Terminal (6.8s)
✔ [2769/8034] Built Mathlib.Algebra.Order.BigOperators.Expect (7.2s)
✔ [2770/8034] Built Mathlib.Algebra.Category.Ring.Colimits (8.6s)
✔ [2771/8034] Built Mathlib.CategoryTheory.Limits.Preserves.Basic (6.9s)
✔ [2772/8034] Built Mathlib.Data.Set.Card (11s)
✔ [2773/8034] Built Mathlib.Data.Finsupp.ToDFinsupp (5.1s)
✔ [2774/8034] Built Mathlib.Data.Finsupp.Antidiagonal (3.6s)
✔ [2775/8034] Built Mathlib.LinearAlgebra.Finsupp.SumProd (4.2s)
✔ [2776/8034] Built Mathlib.Data.DFinsupp.Submonoid (3.5s)
✔ [2777/8034] Built Mathlib.Data.DFinsupp.Interval (4.0s)
✔ [2778/8034] Built Mathlib.Data.DFinsupp.Multiset (3.2s)
✔ [2779/8034] Built Mathlib.Data.Nat.Factorization.Defs (3.5s)
✔ [2780/8034] Built Mathlib.CategoryTheory.Bicategory.InducedBicategory (8.8s)
✔ [2781/8034] Built Mathlib.Data.Finsupp.Interval (3.7s)
✔ [2782/8034] Built Mathlib.LinearAlgebra.ConvexSpace (5.2s)
✔ [2783/8034] Built Mathlib.Combinatorics.SimpleGraph.IncMatrix (4.5s)
✔ [2784/8034] Built Mathlib.Computability.PartrecCode (15s)
✔ [2785/8034] Built Mathlib.LinearAlgebra.Matrix.Integer (4.2s)
✔ [2786/8034] Built Mathlib.LinearAlgebra.Finsupp.Defs (9.8s)
✔ [2787/8034] Built Mathlib.LinearAlgebra.Matrix.Orthogonal (3.5s)
✔ [2788/8034] Built Mathlib.CategoryTheory.Limits.Shapes.WidePullbacks (14s)
✔ [2789/8034] Built Mathlib.CategoryTheory.Limits.Fubini (15s)
✔ [2790/8034] Built Mathlib.LinearAlgebra.Matrix.Irreducible.Defs (5.5s)
✔ [2791/8034] Built Mathlib.Data.Matrix.Action (5.8s)
✔ [2792/8034] Built Mathlib.ModelTheory.Semantics (9.6s)
✔ [2793/8034] Built Mathlib.LinearAlgebra.Matrix.SemiringInverse (6.0s)
✔ [2794/8034] Built Mathlib.GroupTheory.Commutator.Basic (5.1s)
✔ [2795/8034] Built Mathlib.GroupTheory.GroupAction.ConjAct (5.4s)
✔ [2796/8034] Built Mathlib.Topology.Homeomorph.Defs (5.6s)
✔ [2797/8034] Built Mathlib.SetTheory.Ordinal.Rank (3.8s)
✔ [2798/8034] Built Mathlib.Data.Matrix.PEquiv (6.5s)
✔ [2799/8034] Built Mathlib.SetTheory.Ordinal.Enum (4.1s)
✔ [2800/8034] Built Mathlib.CategoryTheory.Bicategory.Product (18s)
✔ [2801/8034] Built Mathlib.SetTheory.Ordinal.Exponential (4.9s)
✔ [2802/8034] Built Mathlib.CategoryTheory.Comma.StructuredArrow.Basic (30s)
✔ [2803/8034] Built Mathlib.Algebra.ContinuedFractions.Determinant (3.9s)
✔ [2804/8034] Built Mathlib.Data.WSeq.Productive (3.5s)
✔ [2805/8034] Built Mathlib.Topology.UniformSpace.OfFun (3.8s)
✔ [2806/8034] Built Mathlib.SetTheory.Nimber.Basic (8.6s)
✔ [2807/8034] Built Mathlib.CategoryTheory.Limits.Shapes.Products (22s)
✔ [2808/8034] Built Mathlib.Algebra.ContinuedFractions.ConvergentsEquiv (5.7s)
✔ [2809/8034] Built Mathlib.Data.Seq.Parallel (4.6s)
✔ [2810/8034] Built Mathlib.GroupTheory.GroupAction.SubMulAction (15s)
✔ [2811/8034] Built Mathlib.Algebra.MonoidAlgebra.Division (4.6s)
✔ [2812/8034] Built Mathlib.Algebra.ContinuedFractions.Computation.CorrectnessTerminating (6.7s)
✔ [2813/8034] Built Mathlib.Algebra.MonoidAlgebra.Lift (4.3s)
✔ [2814/8034] Built Mathlib.Data.Nat.Nth (4.1s)
✔ [2815/8034] Built Mathlib.Order.WellQuasiOrder (3.3s)
✔ [2816/8034] Built Mathlib.Algebra.MonoidAlgebra.Opposite (5.6s)
✔ [2817/8034] Built Mathlib.Data.ENat.BigOperators (3.2s)
✔ [2818/8034] Built Mathlib.Data.Set.Dissipate (3.2s)
✔ [2819/8034] Built Mathlib.Order.CompactlyGenerated.Basic (5.4s)
✔ [2820/8034] Built Mathlib.Topology.Order.Bornology (3.3s)
✔ [2821/8034] Built Mathlib.Tactic.CategoryTheory.Coherence (4.6s)
✔ [2822/8034] Built Mathlib.Data.Nat.PartENat (4.8s)
✔ [2823/8034] Built Mathlib.Topology.Category.Born (3.4s)
✔ [2824/8034] Built Mathlib.Algebra.Order.Disjointed (3.2s)
✔ [2825/8034] Built Mathlib.SetTheory.Ordinal.NaturalOps (13s)
✔ [2826/8034] Built Mathlib.CategoryTheory.Monoidal.Discrete (6.5s)
✔ [2827/8034] Built Mathlib.Algebra.MonoidAlgebra.MapDomain (9.8s)
✔ [2828/8034] Built Mathlib.CategoryTheory.Monoidal.Transport (7.1s)
✔ [2829/8034] Built Mathlib.Algebra.Order.BigOperators.Group.LocallyFinite (3.7s)
✔ [2830/8034] Built Mathlib.Data.Fin.Tuple.Sort (3.8s)
✔ [2831/8034] Built Mathlib.LinearAlgebra.AffineSpace.ContinuousAffineEquiv (3.6s)
✔ [2832/8034] Built Mathlib.MeasureTheory.PiSystem (5.3s)
✔ [2833/8034] Built Mathlib.MeasureTheory.MeasurableSpace.Constructions (6.9s)
✔ [2834/8034] Built Mathlib.CategoryTheory.Monoidal.Free.Coherence (9.7s)
✔ [2835/8034] Built Mathlib.Data.NNRat.Floor (5.1s)
✔ [2836/8034] Built Mathlib.Order.RelSeries (13s)
✔ [2837/8034] Built Mathlib.Data.Int.CardIntervalMod (5.7s)
✔ [2838/8034] Built Mathlib.CategoryTheory.Monoidal.Action.End (10s)
✔ [2839/8034] Built Mathlib.CategoryTheory.Monoidal.Action.Opposites (10s)
✔ [2840/8034] Built Mathlib.Order.Category.CompleteLat (4.5s)
✔ [2841/8034] Built Mathlib.CategoryTheory.Bicategory.FunctorBicategory.Pseudo (7.9s)
✔ [2842/8034] Built Mathlib.CategoryTheory.Localization.LocallySmall (3.6s)
✔ [2843/8034] Built Mathlib.Data.QPF.Multivariate.Basic (3.5s)
✔ [2844/8034] Built Mathlib.CategoryTheory.Localization.Opposite (3.8s)
✔ [2845/8034] Built Mathlib.CategoryTheory.Localization.Pi (3.9s)
✔ [2846/8034] Built Mathlib.Order.Category.BddDistLat (6.3s)
✔ [2847/8034] Built Mathlib.CategoryTheory.Localization.Bifunctor (5.7s)
✔ [2848/8034] Built Mathlib.Algebra.Order.Archimedean.Basic (10s)
✔ [2849/8034] Built Mathlib.Data.PFunctor.Multivariate.W (4.2s)
✔ [2850/8034] Built Mathlib.Topology.Algebra.InfiniteSum.SummationFilter (8.9s)
✔ [2851/8034] Built Mathlib.Combinatorics.SetFamily.Shadow (10s)
✔ [2852/8034] Built Mathlib.Combinatorics.SetFamily.FourFunctions (10s)
✔ [2853/8034] Built Mathlib.Data.PFunctor.Multivariate.M (4.8s)
✔ [2854/8034] Built Mathlib.Algebra.BigOperators.Fin (12s)
✔ [2855/8034] Built Mathlib.Data.QPF.Univariate.Basic (4.4s)
✔ [2856/8034] Built Mathlib.RingTheory.UniqueFactorizationDomain.Finsupp (4.0s)
✔ [2857/8034] Built Mathlib.RingTheory.UniqueFactorizationDomain.Nat (3.7s)
✔ [2858/8034] Built Mathlib.Algebra.GroupWithZero.Torsion (4.0s)
✔ [2859/8034] Built Mathlib.RingTheory.UniqueFactorizationDomain.Multiplicity (4.3s)
✔ [2860/8034] Built Mathlib.CategoryTheory.FiberedCategory.Grothendieck (8.8s)
✔ [2861/8034] Built Mathlib.CategoryTheory.Adjunction.Triple (5.8s)
✔ [2862/8034] Built Mathlib.RingTheory.UniqueFactorizationDomain.Finite (3.9s)
✔ [2863/8034] Built Mathlib.RingTheory.UniqueFactorizationDomain.Multiplicative (4.4s)
✔ [2864/8034] Built Mathlib.Algebra.Group.ConjFinite (4.0s)
✔ [2865/8034] Built Mathlib.RingTheory.UniqueFactorizationDomain.GCDMonoid (4.4s)
✔ [2866/8034] Built Mathlib.Computability.TuringDegree (4.4s)
✔ [2867/8034] Built Mathlib.NumberTheory.ClassNumber.AdmissibleAbsoluteValue (5.0s)
✔ [2868/8034] Built Mathlib.Data.Complex.BigOperators (3.9s)
✔ [2869/8034] Built Mathlib.CategoryTheory.Limits.Shapes.SingleObj (4.1s)
✔ [2870/8034] Built Mathlib.CategoryTheory.Category.Cat.Terminal (3.9s)
✔ [2871/8034] Built Mathlib.Algebra.Group.Subgroup.Finite (6.2s)
✔ [2872/8034] Built Mathlib.CategoryTheory.Limits.Shapes.ZeroObjects (4.2s)
✔ [2873/8034] Built Mathlib.CategoryTheory.Category.Factorisation (4.9s)
✔ [2874/8034] Built Mathlib.CategoryTheory.Limits.Preserves.Shapes.Terminal (4.3s)
✔ [2875/8034] Built Mathlib.Combinatorics.SimpleGraph.Operations (8.0s)
✔ [2876/8034] Built Mathlib.SetTheory.Cardinal.Embedding (4.0s)
✔ [2877/8034] Built Mathlib.Combinatorics.SimpleGraph.Walks.Subwalks (8.4s)
✔ [2878/8034] Built Mathlib.CategoryTheory.Limits.Types.Yoneda (6.9s)
✔ [2879/8034] Built Mathlib.CategoryTheory.Limits.Preserves.Limits (4.7s)
✔ [2880/8034] Built Mathlib.Combinatorics.SimpleGraph.Copy (8.5s)
✔ [2881/8034] Built Mathlib.Data.Set.PowersetCard (4.8s)
✔ [2882/8034] Built Mathlib.Data.Setoid.Partition.Card (3.0s)
✔ [2883/8034] Built Mathlib.SetTheory.Cardinal.NatCount (3.2s)
✔ [2884/8034] Built Mathlib.CategoryTheory.Category.Cat.Limit (6.4s)
✔ [2885/8034] Built Mathlib.Order.Height (4.7s)
✔ [2886/8034] Built Mathlib.GroupTheory.Perm.DomMulAct (3.6s)
✔ [2887/8034] Built Mathlib.Algebra.Group.Pointwise.Set.Card (4.7s)
✔ [2888/8034] Built Mathlib.Order.Interval.Set.Nat (3.2s)
✔ [2889/8034] Built Mathlib.Data.Finsupp.Encodable (2.8s)
✔ [2890/8034] Built Mathlib.CategoryTheory.Limits.Creates (7.8s)
✔ [2891/8034] Built Mathlib.Data.DFinsupp.Small (2.0s)
✔ [2892/8034] Built Mathlib.Combinatorics.Matroid.Basic (5.6s)
✔ [2893/8034] Built Mathlib.Data.Multiset.Interval (3.1s)
✔ [2894/8034] Built Mathlib.Testing.Plausible.Functions (3.8s)
✔ [2895/8034] Built Mathlib.Data.Nat.Factorization.Root (3.6s)
✔ [2896/8034] Built Mathlib.Data.Nat.Factorization.Induction (3.6s)
✔ [2897/8034] Built Mathlib.Computability.Halting (3.9s)
✔ [2898/8034] Built Mathlib.CategoryTheory.Limits.Shapes.Connected (3.2s)
✔ [2899/8034] Built Mathlib.CategoryTheory.LocallyDirected (3.6s)
✔ [2900/8034] Built Mathlib.Data.Nat.Factorization.Basic (5.1s)
✔ [2901/8034] Built Mathlib.ModelTheory.Quotients (3.6s)
✔ [2902/8034] Built Mathlib.Computability.Ackermann (5.6s)
✔ [2903/8034] Built Mathlib.ModelTheory.Arithmetic.Presburger.Basic (3.8s)
✔ [2904/8034] Built Mathlib.Algebra.Ring.Action.ConjAct (3.1s)
✔ [2905/8034] Built Mathlib.ModelTheory.Algebra.Ring.Basic (4.9s)
✔ [2906/8034] Built Mathlib.GroupTheory.Abelianization.Defs (4.1s)
✔ [2907/8034] Built Mathlib.Algebra.GroupWithZero.Action.ConjAct (3.0s)
✔ [2908/8034] Built Mathlib.ModelTheory.Definability (4.8s)
✔ [2909/8034] Built Mathlib.Topology.Homeomorph.TransferInstance (3.1s)
✔ [2910/8034] Built Mathlib.Algebra.DirectSum.Basic (8.2s)
✔ [2911/8034] Built Mathlib.Order.Extension.Well (3.4s)
✔ [2912/8034] Built Mathlib.SetTheory.ZFC.Rank (3.6s)
✔ [2913/8034] Built Mathlib.SetTheory.Ordinal.FixedPoint (4.6s)
✔ [2914/8034] Built Mathlib.SetTheory.Ordinal.CantorNormalForm (4.3s)
✔ [2915/8034] Built Mathlib.CategoryTheory.Comma.StructuredArrow.Small (3.5s)
✔ [2916/8034] Built Mathlib.GroupTheory.GroupAction.Quotient (8.3s)
✔ [2917/8034] Built Mathlib.SetTheory.Cardinal.Aleph (5.9s)
✔ [2918/8034] Built Mathlib.CategoryTheory.Limits.Preserves.Bifunctor (10s)
✔ [2919/8034] Built Mathlib.CategoryTheory.Discrete.StructuredArrow (4.7s)
✔ [2920/8034] Built Mathlib.CategoryTheory.Adjunction.Comma (4.9s)
✔ [2921/8034] Built Mathlib.Topology.Constructions.SumProd (7.5s)
✔ [2922/8034] Built Mathlib.Tactic.NormNum.Ordinal (5.4s)
✔ [2923/8034] Built Mathlib.Topology.UniformSpace.AbsoluteValue (3.7s)
✔ [2924/8034] Built Mathlib.CategoryTheory.Limits.Constructions.WidePullbackOfTerminal (2.0s)
✔ [2925/8034] Built Mathlib.CategoryTheory.Groupoid.Grpd.Basic (3.3s)
✔ [2926/8034] Built Mathlib.CategoryTheory.Bicategory.Extension (7.4s)
✔ [2927/8034] Built Mathlib.CategoryTheory.Limits.EssentiallySmall (3.1s)
✔ [2928/8034] Built Mathlib.CategoryTheory.Limits.SmallComplete (3.5s)
✔ [2929/8034] Built Mathlib.CategoryTheory.Limits.Preserves.Shapes.Products (3.6s)
✔ [2930/8034] Built Mathlib.GroupTheory.GroupAction.SubMulAction.Closure (3.2s)
✔ [2931/8034] Built Mathlib.CategoryTheory.EffectiveEpi.Basic (4.2s)
✔ [2932/8034] Built Mathlib.CategoryTheory.Adjunction.Evaluation (6.1s)
✔ [2933/8034] Built Mathlib.GroupTheory.GroupAction.OfQuotient (3.1s)
✔ [2934/8034] Built Mathlib.RingTheory.TwoSidedIdeal.Basic (4.2s)
✔ [2935/8034] Built Mathlib.Data.Nat.Prime.Nth (2.6s)
✔ [2936/8034] Built Mathlib.CategoryTheory.Elements (10s)
✔ [2937/8034] Built Mathlib.CategoryTheory.Comma.StructuredArrow.CommaMap (11s)
✔ [2938/8034] Built Mathlib.GroupTheory.GroupAction.SubMulAction.Pointwise (4.4s)
✔ [2939/8034] Built Mathlib.Algebra.MonoidAlgebra.NoZeroDivisors (3.9s)
✔ [2940/8034] Built Mathlib.GroupTheory.GroupAction.SubMulAction.OfStabilizer (7.8s)
✔ [2941/8034] Built Mathlib.Order.WellFoundedSet (5.2s)
✔ [2942/8034] Built Mathlib.Algebra.Module.Submodule.Defs (6.3s)
✔ [2943/8034] Built Mathlib.Order.CompactlyGenerated.Intervals (3.3s)
✔ [2944/8034] Built Mathlib.Order.BooleanGenerators (3.6s)
✔ [2945/8034] Built Mathlib.Algebra.ContinuedFractions.Computation.Approximations (6.6s)
✔ [2946/8034] Built Mathlib.Topology.Algebra.RestrictedProduct.Basic (9.2s)
✔ [2947/8034] Built Mathlib.Order.Interval.Finset.Box (3.8s)
✔ [2948/8034] Built Mathlib.Data.Fin.Tuple.BubbleSortInduction (2.8s)
✔ [2949/8034] Built Mathlib.Algebra.BigOperators.Intervals (3.8s)
✔ [2950/8034] Built Mathlib.SetTheory.Nimber.Field (12s)
✔ [2951/8034] Built Mathlib.SetTheory.Game.Ordinal (5.1s)
✔ [2952/8034] Built Mathlib.MeasureTheory.MeasurableSpace.PreorderRestrict (3.0s)
✔ [2953/8034] Built Mathlib.MeasureTheory.MeasurableSpace.NCard (3.1s)
✔ [2954/8034] Built Mathlib.MeasureTheory.MeasurableSpace.Pi (3.5s)
✔ [2955/8034] Built Mathlib.MeasureTheory.SetSemiring (5.1s)
✔ [2956/8034] Built Mathlib.MeasureTheory.MeasurableSpace.MeasurablyGenerated (4.1s)
✔ [2957/8034] Built Mathlib.Data.QPF.Multivariate.Constructions.Comp (3.1s)
✔ [2958/8034] Built Mathlib.Data.QPF.Multivariate.Constructions.Const (2.8s)
✔ [2959/8034] Built Mathlib.Data.QPF.Multivariate.Constructions.Sigma (3.0s)
✔ [2960/8034] Built Mathlib.Data.QPF.Multivariate.Constructions.Prj (3.1s)
✔ [2961/8034] Built Mathlib.Data.QPF.Multivariate.Constructions.Quot (2.0s)
✔ [2962/8034] Built Mathlib.CategoryTheory.Localization.LocalizerMorphism (3.6s)
✔ [2963/8034] Built Mathlib.Order.JordanHolder (5.8s)
✔ [2964/8034] Built Mathlib.CategoryTheory.Localization.Adjunction (3.6s)
✔ [2965/8034] Built Mathlib.Order.Category.HeytAlg (3.7s)
✔ [2966/8034] Built Mathlib.Data.QPF.Multivariate.Constructions.Fix (3.6s)
✔ [2967/8034] Built Mathlib.Combinatorics.Enumerative.IncidenceAlgebra (11s)
✔ [2968/8034] Built Mathlib.GroupTheory.Archimedean (4.0s)
✔ [2969/8034] Built Mathlib.Order.Category.FinBddDistLat (5.0s)
✔ [2970/8034] Built Mathlib.Algebra.Order.Archimedean.IndicatorCard (3.5s)
✔ [2971/8034] Built Mathlib.Algebra.Order.Archimedean.Submonoid (2.0s)
✔ [2972/8034] Built Mathlib.MeasureTheory.MeasurableSpace.Embedding (9.0s)
✔ [2973/8034] Built Mathlib.Order.KrullDimension (10s)
✔ [2974/8034] Built Mathlib.Algebra.Order.Archimedean.Hom (3.0s)
✔ [2975/8034] Built Mathlib.CategoryTheory.Localization.CalculusOfFractions (7.8s)
✔ [2976/8034] Built Mathlib.CategoryTheory.Monoidal.Braided.Basic (14s)
✔ [2977/8034] Built Mathlib.Order.Filter.AtTopBot.Archimedean (3.0s)
✔ [2978/8034] Built Mathlib.Combinatorics.SetFamily.LYM (4.1s)
✔ [2979/8034] Built Mathlib.Data.Real.Archimedean (5.1s)
✔ [2980/8034] Built Mathlib.Combinatorics.Enumerative.Schroder (4.2s)
✔ [2981/8034] Built Mathlib.Data.QPF.Multivariate.Constructions.Cofix (4.9s)
✔ [2982/8034] Built Mathlib.Combinatorics.SetFamily.Compression.UV (5.5s)
✔ [2983/8034] Built Mathlib.Combinatorics.Enumerative.Catalan (4.0s)
✔ [2984/8034] Built Mathlib.Data.Fin.Tuple.Reflection (4.4s)
✔ [2985/8034] Built Mathlib.Algebra.AddConstMap.Basic (8.9s)
✔ [2986/8034] Built Mathlib.Algebra.BigOperators.Finsupp.Fin (3.2s)
✔ [2987/8034] Built Mathlib.Data.Fin.Tuple.NatAntidiagonal (3.9s)
✔ [2988/8034] Built Mathlib.CategoryTheory.Localization.Trifunctor (11s)
✔ [2989/8034] Built Mathlib.GroupTheory.ClassEquation (3.5s)
✔ [2990/8034] Built Mathlib.GroupTheory.Perm.Subgroup (3.2s)
✔ [2991/8034] Built Mathlib.Algebra.Category.Grp.Zero (3.3s)
✔ [2992/8034] Built Mathlib.RingTheory.ChainOfDivisors (5.1s)
✔ [2993/8034] Built Mathlib.Combinatorics.Enumerative.Composition (6.5s)
✔ [2994/8034] Built Mathlib.CategoryTheory.WithTerminal.Basic (38s)
✔ [2995/8034] Built Mathlib.Order.Hom.PowersetCard (3.5s)
✔ [2996/8034] Built Mathlib.CategoryTheory.Limits.Preserves.Ulift (3.1s)
✔ [2997/8034] Built Mathlib.Algebra.Order.Archimedean.Class (13s)
✔ [2998/8034] Built Mathlib.Combinatorics.SimpleGraph.Connectivity.WalkDecomp (4.9s)
✔ [2999/8034] Built Mathlib.Data.Nat.Factorization.LCM (2.9s)
✔ [3000/8034] Built Mathlib.Data.Nat.Factorization.PrimePow (3.2s)
✔ [3001/8034] Built Mathlib.Computability.Reduce (3.8s)
✔ [3002/8034] Built Mathlib.ModelTheory.Ultraproducts (3.3s)
✔ [3003/8034] Built Mathlib.Algebra.Field.Action.ConjAct (3.0s)
✔ [3004/8034] Built Mathlib.GroupTheory.Solvable (3.9s)
✔ [3005/8034] Built Mathlib.GroupTheory.Abelianization.Finite (3.3s)
✔ [3006/8034] Built Mathlib.CategoryTheory.Adjunction.Limits (7.6s)
✔ [3007/8034] Built Mathlib.Computability.TMConfig (6.6s)
✔ [3008/8034] Built Mathlib.ModelTheory.Algebra.Field.Basic (5.1s)
✔ [3009/8034] Built Mathlib.Topology.Instances.Shrink (2.0s)
✔ [3010/8034] Built Mathlib.Algebra.Category.MonCat.Limits (8.4s)
✔ [3011/8034] Built Mathlib.Algebra.DirectSum.AddChar (3.1s)
✔ [3012/8034] Built Mathlib.Combinatorics.SimpleGraph.Extremal.Basic (9.0s)
✔ [3013/8034] Built Mathlib.CategoryTheory.Comma.Over.Basic (37s)
✔ [3014/8034] Built Mathlib.SetTheory.ZFC.Ordinal (3.6s)
✔ [3015/8034] Built Mathlib.CategoryTheory.Limits.FunctorCategory.Basic (10s)
✔ [3016/8034] Built Mathlib.Combinatorics.Matroid.IndepAxioms (9.3s)
✔ [3017/8034] Built Mathlib.Topology.Algebra.Monoid.Defs (2.6s)
✔ [3018/8034] Built Mathlib.Topology.FiberBundle.IsHomeomorphicTrivialBundle (2.7s)
✔ [3019/8034] Built Mathlib.SetTheory.Ordinal.Principal (3.4s)
✔ [3020/8034] Built Mathlib.GroupTheory.FreeAbelianGroup (7.2s)
✔ [3021/8034] Built Mathlib.GroupTheory.GroupAction.CardCommute (3.6s)
✔ [3022/8034] Built Mathlib.CategoryTheory.Bicategory.Kan.IsKan (3.0s)
✔ [3023/8034] Built Mathlib.CategoryTheory.EffectiveEpi.Enough (3.5s)
✔ [3024/8034] Built Mathlib.SetTheory.Cardinal.Arithmetic (5.3s)
✔ [3025/8034] Built Mathlib.Algebra.Group.Ideal (4.1s)
✔ [3026/8034] Built Mathlib.SetTheory.Ordinal.Veblen (6.0s)
✔ [3027/8034] Built Mathlib.RingTheory.TwoSidedIdeal.BigOperators (3.8s)
✔ [3028/8034] Built Mathlib.CategoryTheory.EffectiveEpi.Comp (4.2s)
✔ [3029/8034] Built Mathlib.RingTheory.TwoSidedIdeal.Instances (3.5s)
✔ [3030/8034] Built Mathlib.CategoryTheory.Groupoid.FreeGroupoidOfCategory (5.5s)
✔ [3031/8034] Built Mathlib.Data.Finsupp.PWO (3.3s)
✔ [3032/8034] Built Mathlib.CategoryTheory.Limits.Elements (3.9s)
✔ [3033/8034] Built Mathlib.Topology.Constructions (6.0s)
✔ [3034/8034] Built Mathlib.RingTheory.TwoSidedIdeal.Lattice (4.5s)
✔ [3035/8034] Built Mathlib.Data.Set.SMulAntidiagonal (2.9s)
✔ [3036/8034] Built Mathlib.Algebra.Group.Submonoid.Pointwise (5.0s)
✔ [3037/8034] Built Mathlib.Algebra.DirectSum.Ring (10s)
✔ [3038/8034] Built Mathlib.Data.Set.MulAntidiagonal (3.3s)
✔ [3039/8034] Built Mathlib.Data.DFinsupp.Lex (5.0s)
✔ [3040/8034] Built Mathlib.Algebra.Module.Submodule.Order (2.8s)
✔ [3041/8034] Built Mathlib.Algebra.Module.Submodule.Basic (3.7s)
✔ [3042/8034] Built Mathlib.RingTheory.HahnSeries.Basic (4.7s)
✔ [3043/8034] Built Mathlib.RingTheory.Ideal.Defs (3.4s)
✔ [3044/8034] Built Mathlib.Algebra.ContinuedFractions.Computation.TerminatesIffRat (3.7s)
✔ [3045/8034] Built Mathlib.Data.Nat.Factorial.SuperFactorial (3.3s)
✔ [3046/8034] Built Mathlib.LinearAlgebra.Quotient.Defs (4.0s)
✔ [3047/8034] Built Mathlib.Algebra.Module.Submodule.LinearMap (5.4s)
✔ [3048/8034] Built Mathlib.Algebra.BigOperators.Module (3.7s)
✔ [3049/8034] Built Mathlib.Algebra.Module.Submodule.Lattice (6.4s)
✔ [3050/8034] Built Mathlib.CategoryTheory.Localization.Quotient (2.9s)
✔ [3051/8034] Built Mathlib.MeasureTheory.SetAlgebra (3.6s)
✔ [3052/8034] Built Mathlib.Combinatorics.SetFamily.AhlswedeZhang (5.0s)
✔ [3053/8034] Built Mathlib.Data.Nat.Choose.Sum (4.5s)
✔ [3054/8034] Built Mathlib.Data.Nat.Digits.Lemmas (5.1s)
✔ [3055/8034] Built Mathlib.CategoryTheory.Localization.Composition (3.3s)
✔ [3056/8034] Built Mathlib.CategoryTheory.Localization.HomEquiv (4.0s)
✔ [3057/8034] Built Mathlib.Algebra.Ring.GeomSum (5.4s)
✔ [3058/8034] Built Mathlib.SetTheory.Surreal.Basic (5.2s)
✔ [3059/8034] Built Mathlib.MeasureTheory.MeasurableSpace.Prod (3.6s)
✔ [3060/8034] Built Mathlib.SetTheory.Game.Birthday (6.2s)
✔ [3061/8034] Built Mathlib.CategoryTheory.Localization.Resolution (6.2s)
✔ [3062/8034] Built Mathlib.MeasureTheory.MeasurableSpace.CountablyGenerated (4.5s)
✔ [3063/8034] Built Mathlib.CategoryTheory.Localization.CalculusOfFractions.ComposableArrows (3.1s)
✔ [3064/8034] Built Mathlib.CategoryTheory.Localization.CalculusOfFractions.OfAdjunction (3.2s)
✔ [3065/8034] Built Mathlib.CategoryTheory.Monoidal.Skeleton (3.2s)
✔ [3066/8034] Built Mathlib.Order.Category.BoolAlg (5.9s)
✔ [3067/8034] Built Mathlib.Probability.Kernel.IonescuTulcea.Maps (5.4s)
✔ [3068/8034] Built Mathlib.CategoryTheory.Localization.CalculusOfFractions.Fractions (3.6s)
✔ [3069/8034] Built Mathlib.CategoryTheory.Monoidal.Braided.Transport (3.4s)
✔ [3070/8034] Built Mathlib.CategoryTheory.Monoidal.Braided.Opposite (2.6s)
✔ [3071/8034] Built Mathlib.Algebra.Order.CompleteField (5.7s)
✔ [3072/8034] Built Mathlib.Data.Real.Pointwise (4.1s)
✔ [3073/8034] Built Mathlib.Order.Filter.AtTopBot.Interval (4.9s)
✔ [3074/8034] Built Mathlib.Combinatorics.Schnirelmann (4.7s)
✔ [3075/8034] Built Mathlib.Algebra.AddConstMap.Equiv (4.9s)
✔ [3076/8034] Built Mathlib.CategoryTheory.WithTerminal.FinCategory (3.9s)
✔ [3077/8034] Built Mathlib.Combinatorics.Enumerative.DyckWord (7.1s)
✔ [3078/8034] Built Mathlib.CategoryTheory.Limits.Skeleton (3.7s)
✔ [3079/8034] Built Mathlib.CategoryTheory.Monoidal.Braided.Multifunctor (10s)
✔ [3080/8034] Built Mathlib.Data.Real.Embedding (8.7s)
✔ [3081/8034] Built Mathlib.CategoryTheory.Limits.Shapes.Equivalence (3.6s)
✔ [3082/8034] Built Mathlib.CategoryTheory.Localization.Monoidal.Functor (8.4s)
✔ [3083/8034] Built Mathlib.Algebra.Order.Antidiag.Pi (8.9s)
✔ [3084/8034] Built Mathlib.CategoryTheory.Monoidal.Center (11s)
✔ [3085/8034] Built Mathlib.CategoryTheory.Monoidal.FunctorCategory (12s)
✔ [3086/8034] Built Mathlib.Data.NNReal.Defs (10s)
✔ [3087/8034] Built Mathlib.Combinatorics.SimpleGraph.Paths (9.0s)
✔ [3088/8034] Built Mathlib.CategoryTheory.Comma.LocallySmall (3.5s)
✔ [3089/8034] Built Mathlib.CategoryTheory.LiftingProperties.Over (3.6s)
✔ [3090/8034] Built Mathlib.CategoryTheory.Monoidal.Closed.Basic (7.8s)
✔ [3091/8034] Built Mathlib.CategoryTheory.Monoidal.Limits.Preserves (3.3s)
✔ [3092/8034] Built Mathlib.CategoryTheory.Comma.Over.OverClass (4.0s)
✔ [3093/8034] Built Mathlib.CategoryTheory.Localization.Monoidal.Basic (13s)
✔ [3094/8034] Built Mathlib.Computability.TMToPartrec (9.1s)
✔ [3095/8034] Built Mathlib.SetTheory.ZFC.Class (4.8s)
✔ [3096/8034] Built Mathlib.CategoryTheory.Monad.Limits (11s)
✔ [3097/8034] Built Mathlib.CategoryTheory.Limits.FunctorCategory.Shapes.Terminal (3.6s)
✔ [3098/8034] Built Mathlib.CategoryTheory.Limits.FunctorCategory.Shapes.Products (3.6s)
✔ [3099/8034] Built Mathlib.CategoryTheory.Limits.ColimitLimit (4.2s)
✔ [3100/8034] Built Mathlib.CategoryTheory.Limits.FunctorToTypes (2.7s)
✔ [3101/8034] Built Mathlib.Topology.Algebra.Group.Defs (3.3s)
✔ [3102/8034] Built Mathlib.CategoryTheory.Limits.Yoneda (4.6s)
✔ [3103/8034] Built Mathlib.RingTheory.FreeRing (3.4s)
✔ [3104/8034] Built Mathlib.Algebra.FreeAbelianGroup.Finsupp (4.2s)
✔ [3105/8034] Built Mathlib.Algebra.Order.Group.Ideal (4.1s)
✔ [3106/8034] Built Mathlib.Combinatorics.Matroid.Dual (5.2s)
✔ [3107/8034] Built Mathlib.CategoryTheory.Comma.Presheaf.Basic (12s)
✔ [3108/8034] Built Mathlib.CategoryTheory.Bicategory.Kan.HasKan (5.8s)
✔ [3109/8034] Built Mathlib.Data.Set.Card.Arithmetic (4.9s)
✔ [3110/8034] Built Mathlib.Data.W.Cardinal (3.6s)
✔ [3111/8034] Built Mathlib.GroupTheory.OreLocalization.Cardinality (3.8s)
✔ [3112/8034] Built Mathlib.SetTheory.Cardinal.Divisibility (3.6s)
✔ [3113/8034] Built Mathlib.CategoryTheory.Action.Basic (12s)
✔ [3114/8034] Built Mathlib.SetTheory.Cardinal.CountableCover (3.6s)
✔ [3115/8034] Built Mathlib.SetTheory.Cardinal.Ordinal (3.9s)
✔ [3116/8034] Built Mathlib.CategoryTheory.MorphismProperty.Comma (14s)
✔ [3117/8034] Built Mathlib.SetTheory.Ordinal.Notation (8.0s)
✔ [3118/8034] Built Mathlib.SetTheory.Cardinal.Continuum (3.4s)
✔ [3119/8034] Built Mathlib.CategoryTheory.Grothendieck (17s)
✔ [3120/8034] Built Mathlib.ModelTheory.Encoding (6.8s)
✔ [3121/8034] Built Mathlib.SetTheory.Cardinal.Finsupp (3.5s)
✔ [3122/8034] Built Mathlib.Topology.PreorderRestrict (3.2s)
✔ [3123/8034] Built Mathlib.SetTheory.Cardinal.Cofinality (4.5s)
✔ [3124/8034] Built Mathlib.MeasureTheory.Constructions.Cylinders (4.3s)
✔ [3125/8034] Built Mathlib.CategoryTheory.Monoidal.Mon_ (29s)
✔ [3126/8034] Built Mathlib.RingTheory.SimpleRing.Defs (2.0s)
✔ [3127/8034] Built Mathlib.Topology.Hom.ContinuousEvalConst (3.3s)
✔ [3128/8034] Built Mathlib.Topology.List (3.9s)
✔ [3129/8034] Built Mathlib.Topology.GDelta.Basic (4.2s)
✔ [3130/8034] Built Mathlib.Topology.LocallyClosed (3.8s)
✔ [3131/8034] Built Mathlib.RingTheory.TwoSidedIdeal.Kernel (3.6s)
✔ [3132/8034] Built Mathlib.Data.Finset.SMulAntidiagonal (3.5s)
✔ [3133/8034] Built Mathlib.Data.Finsupp.PointwiseSMul (3.7s)
✔ [3134/8034] Built Mathlib.Topology.NhdsWithin (5.1s)
✔ [3135/8034] Built Mathlib.Algebra.GroupWithZero.Submonoid.Pointwise (3.0s)
✔ [3136/8034] Built Mathlib.RingTheory.Ideal.BigOperators (3.4s)
✔ [3137/8034] Built Mathlib.GroupTheory.Submonoid.Inverses (4.8s)
✔ [3138/8034] Built Mathlib.Data.Finset.MulAntidiagonal (4.0s)
✔ [3139/8034] Built Mathlib.MeasureTheory.Constructions.SubmoduleQuotient (3.6s)
✔ [3140/8034] Built Mathlib.Algebra.Group.Subgroup.Pointwise (6.3s)
✔ [3141/8034] Built Mathlib.Algebra.Ring.Submonoid.Pointwise (4.8s)
✔ [3142/8034] Built Mathlib.CategoryTheory.Limits.Shapes.BinaryProducts (21s)
✔ [3143/8034] Built Mathlib.Data.DFinsupp.WellFounded (4.4s)
✔ [3144/8034] Built Mathlib.Algebra.Group.Submonoid.Units (5.0s)
✔ [3145/8034] Built Mathlib.LinearAlgebra.Quotient.Card (3.7s)
✔ [3146/8034] Built Mathlib.Data.Finsupp.Lex (5.8s)
✔ [3147/8034] Built Mathlib.RingTheory.Ideal.Quotient.Defs (4.7s)
✔ [3148/8034] Built Mathlib.RingTheory.Ideal.Lattice (3.4s)
✔ [3149/8034] Built Mathlib.RingTheory.HahnSeries.Addition (7.7s)
✔ [3150/8034] Built Mathlib.Algebra.Ring.Divisibility.Lemmas (3.8s)
✔ [3151/8034] Built Mathlib.Data.Nat.Digits.Div (3.6s)
✔ [3152/8034] Built Mathlib.NumberTheory.Primorial (4.1s)
✔ [3153/8034] Built Mathlib.CategoryTheory.Localization.StructuredArrow (3.6s)
✔ [3154/8034] Built Mathlib.Algebra.Order.Ring.IsNonarchimedean (4.3s)
✔ [3155/8034] Built Mathlib.Algebra.Module.Submodule.RestrictScalars (4.7s)
✔ [3156/8034] Built Mathlib.RingTheory.TwoSidedIdeal.Operations (5.7s)
✔ [3157/8034] Built Mathlib.Algebra.Order.Module.Archimedean (6.1s)
✔ [3158/8034] Built Mathlib.LinearAlgebra.Finsupp.LSum (8.0s)
✔ [3159/8034] Built Mathlib.RingTheory.Nilpotent.Basic (4.1s)
✔ [3160/8034] Built Mathlib.CategoryTheory.Localization.SmallHom (4.4s)
✔ [3161/8034] Built Mathlib.Algebra.Order.Ring.GeomSum (4.3s)
✔ [3162/8034] Built Mathlib.LinearAlgebra.Span.Defs (7.0s)
✔ [3163/8034] Built Mathlib.Algebra.Field.GeomSum (3.7s)
✔ [3164/8034] Built Mathlib.NumberTheory.FactorisationProperties (4.7s)
✔ [3165/8034] Built Mathlib.Algebra.Category.BoolRing (4.0s)
✔ [3166/8034] Built Mathlib.SetTheory.Game.Nim (5.2s)
✔ [3167/8034] Built Mathlib.CategoryTheory.Monoidal.Limits.Basic (4.0s)
✔ [3168/8034] Built Mathlib.Algebra.Module.Submodule.Map (10s)
✔ [3169/8034] Built Mathlib.Algebra.Order.Antidiag.Finsupp (4.8s)
✔ [3170/8034] Built Mathlib.Data.NNReal.Basic (4.4s)
✔ [3171/8034] Built Mathlib.Data.Nat.Choose.Multinomial (5.2s)
✔ [3172/8034] Built Mathlib.Order.Category.FinBoolAlg (6.4s)
✔ [3173/8034] Built Mathlib.Data.NNReal.Star (3.4s)
✔ [3174/8034] Built Mathlib.Data.Int.WithZero (3.3s)
✔ [3175/8034] Built Mathlib.Combinatorics.SimpleGraph.Trails (3.2s)
✔ [3176/8034] Built Mathlib.CategoryTheory.Monoidal.ExternalProduct.Basic (7.4s)
✔ [3177/8034] Built Mathlib.CategoryTheory.WithTerminal.Cone (35s)
✔ [3178/8034] Built Mathlib.CategoryTheory.Limits.ConeCategory (9.3s)
✔ [3179/8034] Built Mathlib.CategoryTheory.Preadditive.Projective.Internal (3.1s)
✔ [3180/8034] Built Mathlib.CategoryTheory.Monoidal.Closed.Transport (3.2s)
✔ [3181/8034] Built Mathlib.Data.ENNReal.Basic (7.3s)
✔ [3182/8034] Built Mathlib.CategoryTheory.Monoidal.Braided.Reflection (4.9s)
✔ [3183/8034] Built Mathlib.Combinatorics.SimpleGraph.Connectivity.Connected (5.5s)
✔ [3184/8034] Built Mathlib.CategoryTheory.Localization.Monoidal (2.8s)
✔ [3185/8034] Built Mathlib.CategoryTheory.Monoidal.Closed.FunctorCategory.Groupoid (4.7s)
✔ [3186/8034] Built Mathlib.Algebra.FreeAbelianGroup.UniqueSums (2.0s)
✔ [3187/8034] Built Mathlib.SetTheory.ZFC.VonNeumann (3.9s)
✔ [3188/8034] Built Mathlib.CategoryTheory.Limits.Preserves.Yoneda (4.3s)
✔ [3189/8034] Built Mathlib.CategoryTheory.Localization.Monoidal.Braided (6.6s)
✔ [3190/8034] Built Mathlib.Combinatorics.SimpleGraph.Clique (8.6s)
✔ [3191/8034] Built Mathlib.GroupTheory.MonoidLocalization.Cardinality (3.2s)
✔ [3192/8034] Built Mathlib.RingTheory.OreLocalization.Cardinality (3.2s)
✔ [3193/8034] Built Mathlib.CategoryTheory.Monoidal.Rigid.Basic (8.4s)
✔ [3194/8034] Built Mathlib.Analysis.Normed.Group.Seminorm (11s)
✔ [3195/8034] Built Mathlib.Combinatorics.Matroid.Minor.Restrict (5.7s)
✔ [3196/8034] Built Mathlib.CategoryTheory.Action.Concrete (4.4s)
✔ [3197/8034] Built Mathlib.CategoryTheory.Pi.Monoidal (10s)
✔ [3198/8034] Built Mathlib.Algebra.MonoidAlgebra.Cardinal (3.5s)
✔ [3199/8034] Built Mathlib.SetTheory.Cardinal.Regular (3.9s)
✔ [3200/8034] Built Mathlib.CategoryTheory.Comma.StructuredArrow.Functor (6.7s)
✔ [3201/8034] Built Mathlib.CategoryTheory.Monoidal.Opposite.Mon_ (4.4s)
✔ [3202/8034] Built Mathlib.Topology.Hom.ContinuousEval (3.4s)
✔ [3203/8034] Built Mathlib.CategoryTheory.Functor.KanExtension.Basic (18s)
✔ [3204/8034] Built Mathlib.Topology.Algebra.ContinuousMonoidHom (9.3s)
✔ [3205/8034] Built Mathlib.CategoryTheory.Bicategory.Kan.Adjunction (8.3s)
✔ [3206/8034] Built Mathlib.Topology.Baire.Lemmas (4.0s)
✔ [3207/8034] Built Mathlib.RingTheory.SimpleRing.Basic (3.9s)
✔ [3208/8034] Built Mathlib.CategoryTheory.Monad.EquivMon (6.2s)
✔ [3209/8034] Built Mathlib.CategoryTheory.Monoidal.Mod_ (5.9s)
✔ [3210/8034] Built Mathlib.ModelTheory.Substructures (7.8s)
✔ [3211/8034] Built Mathlib.CategoryTheory.Limits.Shapes.Grothendieck (8.3s)
✔ [3212/8034] Built Mathlib.Geometry.Group.Growth.LinearLowerBound (2.9s)
✔ [3213/8034] Built Mathlib.Algebra.Ring.Subsemiring.Pointwise (3.7s)
✔ [3214/8034] Built Mathlib.Topology.ContinuousOn (5.6s)
✔ [3215/8034] Built Mathlib.Algebra.GroupWithZero.Range (3.7s)
✔ [3216/8034] Built Mathlib.GroupTheory.DoubleCoset (4.6s)
✔ [3217/8034] Built Mathlib.Algebra.GroupWithZero.Subgroup (3.7s)
✔ [3218/8034] Built Mathlib.GroupTheory.Finiteness (5.9s)
✔ [3219/8034] Built Mathlib.Topology.Bases (7.9s)
✔ [3220/8034] Built Mathlib.CategoryTheory.Limits.Types.Coproducts (3.7s)
✔ [3221/8034] Built Mathlib.CategoryTheory.Monoidal.Comon_ (9.9s)
✔ [3222/8034] Built Mathlib.CategoryTheory.Limits.Types.Products (4.5s)
✔ [3223/8034] Built Mathlib.CategoryTheory.Limits.Shapes.FunctorToTypes (4.9s)
✔ [3224/8034] Built Mathlib.CategoryTheory.Limits.Shapes.CombinedProducts (4.0s)
✔ [3225/8034] Built Mathlib.CategoryTheory.Limits.Shapes.StrictInitial (2.0s)
✔ [3226/8034] Built Mathlib.CategoryTheory.Monad.Products (5.6s)
✔ [3227/8034] Built Mathlib.Combinatorics.Additive.ApproximateSubgroup (7.7s)
✔ [3228/8034] Built Mathlib.CategoryTheory.Limits.Preorder (3.1s)
✔ [3229/8034] Built Mathlib.CategoryTheory.Limits.Shapes.PiProd (3.3s)
✔ [3230/8034] Built Mathlib.CategoryTheory.Monoidal.CommMon_ (13s)
✔ [3231/8034] Built Mathlib.Data.Finsupp.WellFounded (2.7s)
✔ [3232/8034] Built Mathlib.CategoryTheory.Limits.Preserves.Shapes.BinaryProducts (2.0s)
✔ [3233/8034] Built Mathlib.Logic.Hydra (3.1s)
✔ [3234/8034] Built Mathlib.RingTheory.Ideal.Prime (3.4s)
✔ [3235/8034] Built Mathlib.GroupTheory.QuotientGroup.Basic (8.8s)
✔ [3236/8034] Built Mathlib.Algebra.Squarefree.Basic (4.0s)
✔ [3237/8034] Built Mathlib.Data.Nat.Choose.Factorization (4.1s)
✔ [3238/8034] Built Mathlib.CategoryTheory.Monoidal.Limits (3.3s)
✔ [3239/8034] Built Mathlib.Algebra.Order.Field.GeomSum (4.0s)
✔ [3240/8034] Built Mathlib.CategoryTheory.Limits.Shapes.Pullback.Cospan (7.8s)
✔ [3241/8034] Built Mathlib.Combinatorics.Colex (5.5s)
✔ [3242/8034] Built Mathlib.Combinatorics.Enumerative.Partition.Basic (4.4s)
✔ [3243/8034] Built Mathlib.Algebra.Module.Submodule.Invariant (4.5s)
✔ [3244/8034] Built Mathlib.Data.ENNReal.Lemmas (3.6s)
✔ [3245/8034] Built Mathlib.Data.Real.ENatENNReal (3.9s)
✔ [3246/8034] Built Mathlib.Combinatorics.Enumerative.Bell (5.0s)
✔ [3247/8034] Built Mathlib.Algebra.Module.Submodule.Ker (6.4s)
✔ [3248/8034] Built Mathlib.Combinatorics.SimpleGraph.Connectivity.WalkCounting (4.4s)
✔ [3249/8034] Built Mathlib.Combinatorics.SimpleGraph.Connectivity.EdgeConnectivity (3.9s)
✔ [3250/8034] Built Mathlib.Data.ENNReal.Real (5.2s)
✔ [3251/8034] Built Mathlib.Combinatorics.SimpleGraph.Hamiltonian (4.6s)
✔ [3252/8034] Built Mathlib.Algebra.Order.CauSeq.BigOperators (9.0s)
✔ [3253/8034] Built Mathlib.CategoryTheory.Monoidal.Rigid.Functor (3.3s)
✔ [3254/8034] Built Mathlib.Combinatorics.SimpleGraph.Metric (5.8s)
✔ [3255/8034] Built Mathlib.CategoryTheory.Monoidal.Rigid.Braided (3.0s)
✔ [3256/8034] Built Mathlib.Combinatorics.SimpleGraph.VertexCover (5.9s)
✔ [3257/8034] Built Mathlib.CategoryTheory.Monoidal.Rigid.OfEquivalence (3.0s)
✔ [3258/8034] Built Mathlib.LinearAlgebra.AffineSpace.AffineSubspace.Defs (10s)
✔ [3259/8034] Built Mathlib.Combinatorics.Matroid.Constructions (3.9s)
✔ [3260/8034] Built Mathlib.Combinatorics.SimpleGraph.Triangle.Basic (7.6s)
✔ [3261/8034] Built Mathlib.CategoryTheory.Monoidal.Rigid.FunctorCategory (4.9s)
✔ [3262/8034] Built Mathlib.Combinatorics.SimpleGraph.Triangle.Counting (6.5s)
✔ [3263/8034] Built Mathlib.Combinatorics.SimpleGraph.Coloring (6.8s)
✔ [3264/8034] Built Mathlib.SetTheory.Cardinal.Pigeonhole (3.7s)
✔ [3265/8034] Built Mathlib.Order.Filter.CardinalInter (4.4s)
✔ [3266/8034] Built Mathlib.MeasureTheory.MeasurableSpace.Card (5.1s)
✔ [3267/8034] Built Mathlib.SetTheory.Cardinal.HasCardinalLT (3.5s)
✔ [3268/8034] Built Mathlib.Algebra.Group.Irreducible.Indecomposable (20s)
✔ [3269/8034] Built Mathlib.Topology.Maps.OpenQuotient (2.8s)
✔ [3270/8034] Built Mathlib.SetTheory.Game.Short (4.9s)
✔ [3271/8034] Built Mathlib.Combinatorics.SimpleGraph.Connectivity.Subgraph (10s)
✔ [3272/8034] Built Mathlib.RingTheory.SimpleRing.Congr (2.6s)
✔ [3273/8034] Built Mathlib.CategoryTheory.Functor.Derived.RightDerived (4.6s)
✔ [3274/8034] Built Mathlib.ModelTheory.FinitelyGenerated (2.8s)
✔ [3275/8034] Built Mathlib.RingTheory.SimpleRing.Field (2.8s)
✔ [3276/8034] Built Mathlib.CategoryTheory.Functor.Derived.LeftDerived (4.8s)
✔ [3277/8034] Built Mathlib.Topology.LocallyFinite (3.2s)
✔ [3278/8034] Built Mathlib.CategoryTheory.Limits.Preserves.Grothendieck (3.9s)
✔ [3279/8034] Built Mathlib.Topology.Coherent (3.0s)
✔ [3280/8034] Built Mathlib.Algebra.Field.Subfield.Basic (5.7s)
✔ [3281/8034] Built Mathlib.Topology.Order.LeftRight (3.4s)
✔ [3282/8034] Built Mathlib.Topology.Semicontinuity.Defs (4.8s)
✔ [3283/8034] Built Mathlib.Topology.Clopen (3.3s)
✔ [3284/8034] Built Mathlib.Topology.OpenPartialHomeomorph.Defs (3.9s)
✔ [3285/8034] Built Mathlib.Topology.Piecewise (3.6s)
✔ [3286/8034] Built Mathlib.Algebra.Ring.Subgroup (3.3s)
✔ [3287/8034] Built Mathlib.Topology.Compactness.Compact (6.3s)
✔ [3288/8034] Built Mathlib.Topology.Order.LocalExtr (5.2s)
✔ [3289/8034] Built Mathlib.CategoryTheory.Functor.KanExtension.Pointwise (8.2s)
✔ [3290/8034] Built Mathlib.Topology.UniformSpace.Basic (6.2s)
✔ [3291/8034] Built Mathlib.GroupTheory.Divisible (4.3s)
✔ [3292/8034] Built Mathlib.Algebra.Ring.Subring.Pointwise (3.3s)
✔ [3293/8034] Built Mathlib.GroupTheory.MonoidLocalization.Finite (2.6s)
✔ [3294/8034] Built Mathlib.Algebra.AffineMonoid.Basic (2.2s)
✔ [3295/8034] Built Mathlib.GroupTheory.Rank (3.1s)
✔ [3296/8034] Built Mathlib.Algebra.AffineMonoid.Irreducible (3.7s)
✔ [3297/8034] Built Mathlib.Topology.UniformSpace.Ultra.Basic (2.2s)
✔ [3298/8034] Built Mathlib.CategoryTheory.Monoidal.Conv (2.5s)
✔ [3299/8034] Built Mathlib.ModelTheory.ElementaryMaps (8.5s)
✔ [3300/8034] Built Mathlib.CategoryTheory.Monoidal.CommComon_ (2.4s)
✔ [3301/8034] Built Mathlib.CategoryTheory.Limits.Shapes.Preorder.Basic (2.7s)
✔ [3302/8034] Built Mathlib.CategoryTheory.Bicategory.Monad.Basic (3.6s)
✔ [3303/8034] Built Mathlib.CategoryTheory.CopyDiscardCategory.Basic (2.9s)
✔ [3304/8034] Built Mathlib.RingTheory.Spectrum.Prime.Defs (2.0s)
✔ [3305/8034] Built Mathlib.SetTheory.Surreal.Multiplication (3.8s)
✔ [3306/8034] Built Mathlib.Data.Finsupp.MonomialOrder (4.1s)
✔ [3307/8034] Built Mathlib.GroupTheory.QuotientGroup.Finite (3.5s)
✔ [3308/8034] Built Mathlib.Data.Nat.Multiplicity (3.3s)
✔ [3309/8034] Built Mathlib.RingTheory.Radical (4.0s)
✔ [3310/8034] Built Mathlib.Algebra.Module.Submodule.IterateMapComap (2.6s)
✔ [3311/8034] Built Mathlib.Algebra.Order.Ring.Ordering.Defs (4.8s)
✔ [3312/8034] Built Mathlib.Combinatorics.Enumerative.Partition (2.8s)
✔ [3313/8034] Built Mathlib.Data.Nat.Squarefree (4.4s)
✔ [3314/8034] Built Mathlib.Combinatorics.SetFamily.KruskalKatona (4.2s)
✔ [3315/8034] Built Mathlib.Algebra.Module.Submodule.EqLocus (2.7s)
✔ [3316/8034] Built Mathlib.CategoryTheory.Limits.Shapes.Pullback.PullbackCone (5.9s)
✔ [3317/8034] Built Mathlib.Combinatorics.SimpleGraph.Diam (3.1s)
✔ [3318/8034] Built Mathlib.Combinatorics.SimpleGraph.Connectivity.Represents (4.0s)
✔ [3319/8034] Built Mathlib.Combinatorics.SimpleGraph.Partition (3.2s)
✔ [3320/8034] Built Mathlib.Combinatorics.SimpleGraph.Sum (3.7s)
✔ [3321/8034] Built Mathlib.CategoryTheory.Comma.CardinalArrow (3.3s)
✔ [3322/8034] Built Mathlib.Algebra.Algebra.Basic (6.8s)
✔ [3323/8034] Built Mathlib.Algebra.Module.Submodule.Range (5.6s)
✔ [3324/8034] Built Mathlib.GroupTheory.Index (9.2s)
✔ [3325/8034] Built Mathlib.Combinatorics.Matroid.Map (4.9s)
✔ [3326/8034] Built Mathlib.CategoryTheory.SmallRepresentatives (3.9s)
✔ [3327/8034] Built Mathlib.CategoryTheory.ObjectProperty.HasCardinalLT (2.6s)
✔ [3328/8034] Built Mathlib.Data.ENNReal.Operations (6.2s)
✔ [3329/8034] Built Mathlib.CategoryTheory.MorphismProperty.HasCardinalLT (2.5s)
✔ [3330/8034] Built Mathlib.CategoryTheory.Monoidal.Bimon_ (11s)
✔ [3331/8034] Built Mathlib.Combinatorics.SimpleGraph.Triangle.Tripartite (5.9s)
✔ [3332/8034] Built Mathlib.SetTheory.Game.State (2.7s)
✔ [3333/8034] Built Mathlib.Order.Filter.Cocardinal (6.3s)
✔ [3334/8034] Built Mathlib.Topology.Algebra.Indicator (2.4s)
✔ [3335/8034] Built Mathlib.Data.Analysis.Topology (3.1s)
✔ [3336/8034] Built Mathlib.Topology.Compactness.CompactlyCoherentSpace (2.7s)
✔ [3337/8034] Built Mathlib.SetTheory.Cardinal.Subfield (3.4s)
✔ [3338/8034] Built Mathlib.Topology.Compactness.LocallyFinite (2.8s)
✔ [3339/8034] Built Mathlib.CategoryTheory.Functor.Derived.Adjunction (3.7s)
✔ [3340/8034] Built Mathlib.Topology.Inseparable (4.9s)
✔ [3341/8034] Built Mathlib.Topology.Compactness.Bases (3.1s)
✔ [3342/8034] Built Mathlib.Topology.Compactness.LocallyCompact (3.1s)
✔ [3343/8034] Built Mathlib.CategoryTheory.Functor.Derived.PointwiseLeftDerived (3.6s)
✔ [3344/8034] Built Mathlib.Dynamics.TopologicalEntropy.DynamicalEntourage (2.9s)
✔ [3345/8034] Built Mathlib.CategoryTheory.Functor.Derived.PointwiseRightDerived (3.5s)
✔ [3346/8034] Built Mathlib.Topology.UniformSpace.Compact (3.0s)
✔ [3347/8034] Built Mathlib.Topology.UniformSpace.DiscreteUniformity (2.5s)
✔ [3348/8034] Built Mathlib.ModelTheory.DirectLimit (5.8s)
✔ [3349/8034] Built Mathlib.CategoryTheory.MarkovCategory.Basic (2.5s)
✔ [3350/8034] Built Mathlib.CategoryTheory.CopyDiscardCategory.Deterministic (2.4s)
✔ [3351/8034] Built Mathlib.ModelTheory.ElementarySubstructures (2.9s)
✔ [3352/8034] Built Mathlib.NumberTheory.Padics.PadicVal.Basic (3.9s)
✔ [3353/8034] Built Mathlib.SetTheory.Surreal.Dyadic (4.0s)
✔ [3354/8034] Built Mathlib.NumberTheory.MaricaSchoenheim (3.1s)
✔ [3355/8034] Built Mathlib.Algebra.CharP.Lemmas (4.3s)
✔ [3356/8034] Built Mathlib.NumberTheory.SmoothNumbers (3.4s)
✔ [3357/8034] Built Mathlib.Algebra.Algebra.IsSimpleRing (3.2s)
✔ [3358/8034] Built Mathlib.CategoryTheory.Functor.KanExtension.Adjunction (7.2s)
✔ [3359/8034] Built Mathlib.NumberTheory.ClassNumber.AdmissibleAbs (3.6s)
✔ [3360/8034] Built Mathlib.Algebra.Module.LinearMap.DivisionRing (3.3s)
✔ [3361/8034] Built Mathlib.LinearAlgebra.Finsupp.Supported (4.2s)
✔ [3362/8034] Built Mathlib.GroupTheory.Commutator.Finite (2.7s)
✔ [3363/8034] Built Mathlib.NumberTheory.ArithmeticFunction.Defs (6.7s)
✔ [3364/8034] Built Mathlib.Algebra.Order.Ring.Units (2.9s)
✔ [3365/8034] Built Mathlib.GroupTheory.IndexNormal (2.0s)
✔ [3366/8034] Built Mathlib.Algebra.Algebra.Hom (6.8s)
✔ [3367/8034] Built Mathlib.Algebra.Order.Ring.Ordering.Basic (8.6s)
✔ [3368/8034] Built Mathlib.Combinatorics.SimpleGraph.Prod (7.3s)
✔ [3369/8034] Built Mathlib.GroupTheory.FiniteIndexNormalSubgroup (3.7s)
✔ [3370/8034] Built Mathlib.CategoryTheory.Limits.Shapes.Pullback.HasPullback (7.9s)
✔ [3371/8034] Built Mathlib.Combinatorics.Matroid.Sum (5.7s)
✔ [3372/8034] Built Mathlib.Algebra.Module.Submodule.Equiv (5.0s)
✔ [3373/8034] Built Mathlib.GroupTheory.Commensurable (4.1s)
✔ [3374/8034] Built Mathlib.Data.ENNReal.Action (3.5s)
✔ [3375/8034] Built Mathlib.Algebra.Order.Floor.Extended (4.7s)
✔ [3376/8034] Built Mathlib.Combinatorics.Matroid.Closure (7.0s)
✔ [3377/8034] Built Mathlib.SetTheory.Game.Domineering (3.0s)
✔ [3378/8034] Built Mathlib.Topology.NhdsKer (3.1s)
✔ [3379/8034] Built Mathlib.Topology.Compactness.SigmaCompact (4.1s)
✔ [3380/8034] Built Mathlib.ModelTheory.Skolem (3.4s)
✔ [3381/8034] Built Mathlib.CategoryTheory.Monoidal.Hopf_ (5.8s)
✔ [3382/8034] Built Mathlib.GroupTheory.GroupAction.Blocks (10s)
✔ [3383/8034] Built Mathlib.Data.EReal.Basic (7.0s)
✔ [3384/8034] Built Mathlib.ModelTheory.PartialEquiv (5.9s)
✔ [3385/8034] Built Mathlib.ModelTheory.Bundled (4.6s)
✔ [3386/8034] Built Mathlib.NumberTheory.Padics.PadicNorm (4.8s)
✔ [3387/8034] Built Mathlib.Topology.Separation.Basic (7.5s)
✔ [3388/8034] Built Mathlib.NumberTheory.SelbergSieve (4.8s)
✔ [3389/8034] Built Mathlib.Algebra.Algebra.Hom.Rat (3.3s)
✔ [3390/8034] Built Mathlib.Algebra.CharP.Frobenius (5.4s)
✔ [3391/8034] Built Mathlib.GroupTheory.Complement (10s)
✔ [3392/8034] Built Mathlib.CategoryTheory.Monoidal.Internal.FunctorCategory (31s)
✔ [3393/8034] Built Mathlib.Data.ENNReal.Inv (9.2s)
✔ [3394/8034] Built Mathlib.NumberTheory.ArithmeticFunction.Zeta (4.4s)
✔ [3395/8034] Built Mathlib.Combinatorics.SimpleGraph.Hasse (3.4s)
✔ [3396/8034] Built Mathlib.CategoryTheory.Limits.Shapes.DisjointCoproduct (3.2s)
✔ [3397/8034] Built Mathlib.CategoryTheory.Limits.Preserves.Creates.Pullbacks (2.5s)
✔ [3398/8034] Built Mathlib.CategoryTheory.EffectiveEpi.Coproduct (2.9s)
✔ [3399/8034] Built Mathlib.CategoryTheory.Functor.KanExtension.Preserves (8.2s)
✔ [3400/8034] Built Mathlib.CategoryTheory.Limits.FunctorCategory.Shapes.Pullbacks (4.4s)
✔ [3401/8034] Built Mathlib.CategoryTheory.Limits.Shapes.Pullback.Iso (3.7s)
✔ [3402/8034] Built Mathlib.Topology.Compactness.NhdsKer (2.4s)
✔ [3403/8034] Built Mathlib.Combinatorics.Matroid.Rank.Finite (2.0s)
✔ [3404/8034] Built Mathlib.Combinatorics.Matroid.Circuit (5.1s)
✔ [3405/8034] Built Mathlib.GroupTheory.OrderOfElement (19s)
✔ [3406/8034] Built Mathlib.Topology.Compactness.Lindelof (4.7s)
✔ [3407/8034] Built Mathlib.ModelTheory.Fraisse (4.7s)
✔ [3408/8034] Built Mathlib.Algebra.Algebra.NonUnitalHom (11s)
✔ [3409/8034] Built Mathlib.CategoryTheory.Limits.Shapes.Pullback.Pasting (9.2s)
✔ [3410/8034] Built Mathlib.GroupTheory.GroupAction.Primitive (6.3s)
✔ [3411/8034] Built Mathlib.Topology.DiscreteSubset (4.9s)
✔ [3412/8034] Built Mathlib.ModelTheory.Satisfiability (5.3s)
✔ [3413/8034] Built Mathlib.LinearAlgebra.Span.Basic (9.5s)
✔ [3414/8034] Built Mathlib.Topology.Separation.CountableSeparatingOn (3.6s)
✔ [3415/8034] Built Mathlib.LinearAlgebra.Finsupp.LinearCombination (9.5s)
✔ [3416/8034] Built Mathlib.Topology.IndicatorConstPointwise (3.8s)
✔ [3417/8034] Built Mathlib.Topology.Filter (3.9s)
✔ [3418/8034] Built Mathlib.Algebra.Algebra.Equiv (13s)
✔ [3419/8034] Built Mathlib.Algebra.CharP.Reduced (3.5s)
✔ [3420/8034] Built Mathlib.Data.ENNReal.Holder (3.4s)
✔ [3421/8034] Built Mathlib.Data.EReal.Operations (10s)
✔ [3422/8034] Built Mathlib.CategoryTheory.Monoidal.Internal.Limits (4.3s)
✔ [3423/8034] Built Mathlib.Data.ENNReal.BigOperators (4.4s)
✔ [3424/8034] Built Mathlib.Combinatorics.SimpleGraph.Circulant (3.6s)
✔ [3425/8034] Built Mathlib.Topology.AlexandrovDiscrete (3.4s)
✔ [3426/8034] Built Mathlib.CategoryTheory.Limits.Shapes.Equalizers (15s)
✔ [3427/8034] Built Mathlib.NumberTheory.ArithmeticFunction.Misc (4.7s)
✔ [3428/8034] Built Mathlib.CategoryTheory.Limits.Shapes.Pullback.Mono (5.6s)
✔ [3429/8034] Built Mathlib.Combinatorics.Matroid.Loop (4.9s)
✔ [3430/8034] Built Mathlib.Topology.EMetricSpace.Defs (7.0s)
✔ [3431/8034] Built Mathlib.LinearAlgebra.FiniteSpan (3.2s)
✔ [3432/8034] Built Mathlib.GroupTheory.Perm.Finite (4.3s)
✔ [3433/8034] Built Mathlib.GroupTheory.SemidirectProduct (9.3s)
✔ [3434/8034] Built Mathlib.Algebra.Lie.Basic (18s)
✔ [3435/8034] Built Mathlib.NumberTheory.MulChar.Basic (6.2s)
✔ [3436/8034] Built Mathlib.GroupTheory.Exponent (6.2s)
✔ [3437/8034] Built Mathlib.GroupTheory.NoncommPiCoprod (5.6s)
✔ [3438/8034] Built Mathlib.GroupTheory.GroupAction.Iwasawa (3.4s)
✔ [3439/8034] Built Mathlib.GroupTheory.HNNExtension (11s)
✔ [3440/8034] Built Mathlib.GroupTheory.PushoutI (11s)
✔ [3441/8034] Built Mathlib.Topology.Irreducible (3.9s)
✔ [3442/8034] Built Mathlib.ModelTheory.Types (3.7s)
✔ [3443/8034] Built Mathlib.ModelTheory.Graph (3.3s)
✔ [3444/8034] Built Mathlib.Data.ZMod.Basic (8.2s)
✔ [3445/8034] Built Mathlib.LinearAlgebra.BilinearMap (21s)
✔ [3446/8034] Built Mathlib.ModelTheory.Equivalence (4.6s)
✔ [3447/8034] Built Mathlib.LinearAlgebra.Countable (3.2s)
✔ [3448/8034] Built Mathlib.LinearAlgebra.Finsupp.Span (4.2s)
✔ [3449/8034] Built Mathlib.RingTheory.Ideal.Span (4.1s)
✔ [3450/8034] Built Mathlib.FieldTheory.Galois.Notation (3.9s)
✔ [3451/8034] Built Mathlib.Algebra.Algebra.TransferInstance (3.8s)
✔ [3452/8034] Built Mathlib.CategoryTheory.Limits.Shapes.Pullback.Assoc (10s)
✔ [3453/8034] Built Mathlib.Algebra.Algebra.Prod (4.4s)
✔ [3454/8034] Built Mathlib.Topology.Separation.AlexandrovDiscrete (3.8s)
✔ [3455/8034] Built Mathlib.CategoryTheory.Comma.Over.Pullback (13s)
✔ [3456/8034] Built Mathlib.Algebra.Module.Submodule.Pointwise (8.8s)
✔ [3457/8034] Built Mathlib.CategoryTheory.Limits.Constructions.Pullbacks (3.4s)
✔ [3458/8034] Built Mathlib.Data.Real.ConjExponents (5.6s)
✔ [3459/8034] Built Mathlib.Algebra.Algebra.Opposite (7.6s)
✔ [3460/8034] Built Mathlib.CategoryTheory.Limits.Connected (4.3s)
✔ [3461/8034] Built Mathlib.CategoryTheory.Limits.Shapes.FiniteLimits (4.2s)
✔ [3462/8034] Built Mathlib.Data.EReal.Inv (6.1s)
✔ [3463/8034] Built Mathlib.Algebra.Algebra.Tower (7.4s)
✔ [3464/8034] Built Mathlib.Data.Finsupp.Weight (10s)
✔ [3465/8034] Built Mathlib.LinearAlgebra.LinearIndependent.Defs (9.9s)
✔ [3466/8034] Built Mathlib.CategoryTheory.Limits.Types.Coequalizers (3.1s)
✔ [3467/8034] Built Mathlib.CategoryTheory.Limits.Types.Equalizers (3.1s)
✔ [3468/8034] Built Mathlib.CategoryTheory.Limits.Shapes.SplitCoequalizer (3.5s)
✔ [3469/8034] Built Mathlib.LinearAlgebra.Basis.Defs (11s)
✔ [3470/8034] Built Mathlib.CategoryTheory.Limits.Shapes.SplitEqualizer (3.6s)
✔ [3471/8034] Built Mathlib.Algebra.Order.Antidiag.Nat (4.8s)
✔ [3472/8034] Built Mathlib.NumberTheory.ArithmeticFunction.Moebius (4.9s)
✔ [3473/8034] Built Mathlib.Combinatorics.Matroid.Minor.Delete (4.0s)
✔ [3474/8034] Built Mathlib.Combinatorics.Matroid.Rank.ENat (5.3s)
✔ [3475/8034] Built Mathlib.Algebra.Lie.NonUnitalNonAssocAlgebra (3.6s)
✔ [3476/8034] Built Mathlib.CategoryTheory.Action (4.9s)
✔ [3477/8034] Built Mathlib.CategoryTheory.Limits.Shapes.WideEqualizers (8.7s)
✔ [3478/8034] Built Mathlib.GroupTheory.GroupAction.Period (4.2s)
✔ [3479/8034] Built Mathlib.GroupTheory.Perm.Cycle.Basic (6.8s)
✔ [3480/8034] Built Mathlib.Algebra.NonAssoc.LieAdmissible.Defs (5.0s)
✔ [3481/8034] Built Mathlib.Data.ZMod.Units (3.9s)
✔ [3482/8034] Built Mathlib.Combinatorics.SimpleGraph.DegreeSum (3.8s)
✔ [3483/8034] Built Mathlib.Data.ZMod.Factorial (3.4s)
✔ [3484/8034] Built Mathlib.Topology.Separation.Hausdorff (4.6s)
✔ [3485/8034] Built Mathlib.Topology.MetricSpace.Pseudo.Defs (8.3s)
✔ [3486/8034] Built Mathlib.GroupTheory.GroupExtension.Defs (7.4s)
✔ [3487/8034] Built Mathlib.CategoryTheory.Limits.Shapes.Images (9.8s)
✔ [3488/8034] Built Mathlib.Data.ZMod.IntUnitsPower (3.5s)
✔ [3489/8034] Built Mathlib.Algebra.Algebra.ZMod (3.2s)
✔ [3490/8034] Built Mathlib.Data.ZMod.Aut (2.0s)
✔ [3491/8034] Built Mathlib.Algebra.Algebra.NonUnitalSubalgebra (20s)
✔ [3492/8034] Built Mathlib.Algebra.Field.ZMod (2.4s)
✔ [3493/8034] Built Mathlib.Algebra.BigOperators.ModEq (3.0s)
✔ [3494/8034] Built Mathlib.GroupTheory.GroupAction.SubMulAction.OfFixingSubgroup (23s)
✔ [3495/8034] Built Mathlib.RingTheory.Fintype (2.6s)
✔ [3496/8034] Built Mathlib.Data.ZMod.ValMinAbs (2.0s)
✔ [3497/8034] Built Mathlib.NumberTheory.LegendreSymbol.ZModChar (3.8s)
✔ [3498/8034] Built Mathlib.Algebra.Module.Submodule.Bilinear (3.6s)
✔ [3499/8034] Built Mathlib.ModelTheory.Complexity (4.2s)
✔ [3500/8034] Built Mathlib.NumberTheory.Basic (3.4s)
✔ [3501/8034] Built Mathlib.Algebra.Algebra.Shrink (3.3s)
✔ [3502/8034] Built Mathlib.Algebra.MonoidAlgebra.Ideal (3.9s)
✔ [3503/8034] Built Mathlib.RingTheory.Ideal.Maximal (4.1s)
✔ [3504/8034] Built Mathlib.Data.ZMod.QuotientGroup (5.2s)
✔ [3505/8034] Built Mathlib.Algebra.Algebra.Pi (4.5s)
✔ [3506/8034] Built Mathlib.CategoryTheory.Limits.Shapes.FiniteProducts (2.6s)
✔ [3507/8034] Built Mathlib.CategoryTheory.Limits.Shapes.Multiequalizer (18s)
✔ [3508/8034] Built Mathlib.CategoryTheory.Limits.Lattice (4.1s)
✔ [3509/8034] Built Mathlib.NumberTheory.Multiplicity (6.2s)
✔ [3510/8034] Built Mathlib.Algebra.RingQuot (7.1s)
✔ [3511/8034] Built Mathlib.LinearAlgebra.Dual.Defs (8.2s)
✔ [3512/8034] Built Mathlib.Algebra.Algebra.RestrictScalars (3.9s)
✔ [3513/8034] Built Mathlib.CategoryTheory.Limits.Opposites (6.5s)
✔ [3514/8034] Built Mathlib.CategoryTheory.Filtered.Basic (6.1s)
✔ [3515/8034] Built Mathlib.Tactic.Algebraize (4.9s)
✔ [3516/8034] Built Mathlib.LinearAlgebra.BilinearForm.Basic (5.7s)
✔ [3517/8034] Built Mathlib.LinearAlgebra.Basis.Bilinear (3.5s)
✔ [3518/8034] Built Mathlib.CategoryTheory.Limits.Preserves.Shapes.Equalizers (4.4s)
✔ [3519/8034] Built Mathlib.RingTheory.UniqueFactorizationDomain.Moebius (3.1s)
✔ [3520/8034] Built Mathlib.Data.Finsupp.MonomialOrder.DegLex (5.7s)
✔ [3521/8034] Built Mathlib.CategoryTheory.Limits.Constructions.WeaklyInitial (2.8s)
✔ [3522/8034] Built Mathlib.LinearAlgebra.Basis.Cardinality (4.8s)
✔ [3523/8034] Built Mathlib.Combinatorics.Matroid.Rank.Cardinal (4.5s)
✔ [3524/8034] Built Mathlib.Algebra.MonoidAlgebra.Module (6.2s)
✔ [3525/8034] Built Mathlib.Combinatorics.Matroid.Minor.Contract (5.6s)
✔ [3526/8034] Built Mathlib.ModelTheory.Arithmetic.Presburger.Semilinear.Defs (7.9s)
✔ [3527/8034] Built Mathlib.GroupTheory.FreeGroup.NielsenSchreier (4.0s)
✔ [3528/8034] Built Mathlib.Algebra.Order.Chebyshev (4.9s)
✔ [3529/8034] Built Mathlib.GroupTheory.Perm.Closure (4.1s)
✔ [3530/8034] Built Mathlib.LinearAlgebra.LinearIndependent.Basic (10s)
✔ [3531/8034] Built Mathlib.NumberTheory.DirichletCharacter.Basic (5.0s)
✔ [3532/8034] Built Mathlib.LinearAlgebra.Prod (15s)
✔ [3533/8034] Built Mathlib.GroupTheory.Perm.Cycle.Factors (6.6s)
✔ [3534/8034] Built Mathlib.Combinatorics.SimpleGraph.Bipartite (4.9s)
✔ [3535/8034] Built Mathlib.RingTheory.Localization.Basic (13s)
✔ [3536/8034] Built Mathlib.Combinatorics.SimpleGraph.Extremal.Turan (5.4s)
✔ [3537/8034] Built Mathlib.Dynamics.FixedPoints.Topology (2.7s)
✔ [3538/8034] Built Mathlib.Topology.Algebra.Semigroup (3.1s)
✔ [3539/8034] Built Mathlib.Topology.Algebra.InfiniteSum.Defs (4.0s)
✔ [3540/8034] Built Mathlib.GroupTheory.GroupExtension.Basic (5.9s)
✔ [3541/8034] Built Mathlib.Topology.Algebra.Support (4.0s)
✔ [3542/8034] Built Mathlib.Topology.Order.OrderClosed (6.6s)
✔ [3543/8034] Built Mathlib.Topology.MetricSpace.Defs (3.4s)
✔ [3544/8034] Built Mathlib.CategoryTheory.Limits.Types.Images (2.8s)
✔ [3545/8034] Built Mathlib.Topology.MetricSpace.Pseudo.Constructions (4.0s)
✔ [3546/8034] Built Mathlib.Topology.LocallyFinsupp (7.1s)
✔ [3547/8034] Built Mathlib.Algebra.Ring.NegOnePow (2.8s)
✔ [3548/8034] Built Mathlib.Topology.ContinuousMap.Basic (6.1s)
✔ [3549/8034] Built Mathlib.RingTheory.Spectrum.Maximal.Defs (2.7s)
✔ [3550/8034] Built Mathlib.RingTheory.Ideal.Basic (3.7s)
✔ [3551/8034] Built Mathlib.RingTheory.Ideal.Nonunits (3.1s)
✔ [3552/8034] Built Mathlib.CategoryTheory.Limits.Shapes.ZeroMorphisms (5.0s)
✔ [3553/8034] Built Mathlib.Order.CompleteLattice.MulticoequalizerDiagram (3.1s)
✔ [3554/8034] Built Mathlib.GroupTheory.Order.Min (3.5s)
✔ [3555/8034] Built Mathlib.CategoryTheory.Limits.Preserves.Finite (3.5s)
✔ [3556/8034] Built Mathlib.Tactic.Module (19s)
✔ [3557/8034] Built Mathlib.CategoryTheory.Limits.Shapes.FiniteMultiequalizer (3.6s)
✔ [3558/8034] Built Mathlib.ModelTheory.Order (5.3s)
✔ [3559/8034] Built Mathlib.CategoryTheory.Limits.Preserves.Shapes.Multiequalizer (2.4s)
✔ [3560/8034] Built Mathlib.Combinatorics.SimpleGraph.Matching (12s)
✔ [3561/8034] Built Mathlib.CategoryTheory.Limits.Types.Multiequalizer (2.4s)
✔ [3562/8034] Built Mathlib.Algebra.Star.RingQuot (2.4s)
✔ [3563/8034] Built Mathlib.CategoryTheory.Limits.Shapes.End (4.0s)
✔ [3564/8034] Built Mathlib.CategoryTheory.Limits.Preserves.Filtered (2.5s)
✔ [3565/8034] Built Mathlib.LinearAlgebra.Dual.Basis (4.1s)
✔ [3566/8034] Built Mathlib.CategoryTheory.Limits.Types.Filtered (2.9s)
✔ [3567/8034] Built Mathlib.CategoryTheory.WithTerminal.Lemmas (2.8s)
✔ [3568/8034] Built Mathlib.CategoryTheory.Limits.IndYoneda (4.9s)
✔ [3569/8034] Built Mathlib.CategoryTheory.Filtered.Grothendieck (3.1s)
✔ [3570/8034] Built Mathlib.CategoryTheory.Limits.Types.ColimitTypeFiltered (3.4s)
✔ [3571/8034] Built Mathlib.CategoryTheory.Limits.Shapes.Opposites.Products (5.2s)
✔ [3572/8034] Built Mathlib.CategoryTheory.Filtered.Small (4.3s)
✔ [3573/8034] Built Mathlib.CategoryTheory.Limits.Filtered (2.8s)
✔ [3574/8034] Built Mathlib.CategoryTheory.Limits.Constructions.EventuallyConstant (3.7s)
✔ [3575/8034] Built Mathlib.CategoryTheory.Filtered.Connected (2.7s)
✔ [3576/8034] Built Mathlib.Algebra.Module.LocalizedModule.Basic (26s)
✔ [3577/8034] Built Mathlib.CategoryTheory.Limits.Shapes.Opposites.Pullbacks (6.3s)
✔ [3578/8034] Built Mathlib.RingTheory.Finiteness.Defs (3.2s)
✔ [3579/8034] Built Mathlib.LinearAlgebra.TensorProduct.Defs (11s)
✔ [3580/8034] Built Mathlib.Algebra.Algebra.Subalgebra.Basic (12s)
✔ [3581/8034] Built Mathlib.Combinatorics.Matroid.Minor.Order (3.0s)
✔ [3582/8034] Built Mathlib.Algebra.MonoidAlgebra.Support (3.2s)
✔ [3583/8034] Built Mathlib.Algebra.Star.StarAlgHom (12s)
✔ [3584/8034] Built Mathlib.LinearAlgebra.Basis.Basic (4.1s)
✔ [3585/8034] Built Mathlib.GroupTheory.Perm.ConjAct (3.3s)
✔ [3586/8034] Built Mathlib.Topology.Algebra.Order.Support (3.6s)
✔ [3587/8034] Built Mathlib.Algebra.Star.Module (6.5s)
✔ [3588/8034] Built Mathlib.Topology.Order.Lattice (4.9s)
✔ [3589/8034] Built Mathlib.Topology.Connected.Basic (5.1s)
✔ [3590/8034] Built Mathlib.Combinatorics.SimpleGraph.CompleteMultipartite (7.2s)
✔ [3591/8034] Built Mathlib.Algebra.Polynomial.Basic (10s)
✔ [3592/8034] Built Mathlib.CategoryTheory.Limits.Final (15s)
✔ [3593/8034] Built Mathlib.Topology.Order.IsLocallyClosed (3.4s)
✔ [3594/8034] Built Mathlib.Topology.Order.ExtrClosure (3.3s)
✔ [3595/8034] Built Mathlib.Combinatorics.SimpleGraph.Acyclic (8.0s)
✔ [3596/8034] Built Mathlib.LinearAlgebra.Pi (10s)
✔ [3597/8034] Built Mathlib.Topology.Order.Basic (7.7s)
✔ [3598/8034] Built Mathlib.Topology.Algebra.InfiniteSum.Basic (9.3s)
✔ [3599/8034] Built Mathlib.Topology.Order.OrderClosedExtr (3.3s)
✔ [3600/8034] Built Mathlib.Combinatorics.SimpleGraph.UnitDistance.Basic (3.1s)
✔ [3601/8034] Built Mathlib.Algebra.Field.NegOnePow (3.1s)
✔ [3602/8034] Built Mathlib.Algebra.MonoidAlgebra.Basic (13s)
✔ [3603/8034] Built Mathlib.Topology.Hom.Open (2.0s)
✔ [3604/8034] Built Mathlib.RingTheory.Localization.FractionRing (12s)
✔ [3605/8034] Built Mathlib.Topology.ContinuousMap.CocompactMap (3.2s)
✔ [3606/8034] Built Mathlib.Topology.Category.TopCat.Basic (3.0s)
✔ [3607/8034] Built Mathlib.RingTheory.Spectrum.Maximal.Basic (3.1s)
✔ [3608/8034] Built Mathlib.Topology.Convenient.GeneratedBy (4.1s)
✔ [3609/8034] Built Mathlib.RingTheory.LocalRing.Basic (3.2s)
✔ [3610/8034] Built Mathlib.Topology.Sets.Opens (5.2s)
✔ [3611/8034] Built Mathlib.GroupTheory.Perm.Cycle.Type (14s)
✔ [3612/8034] Built Mathlib.Algebra.Ring.Periodic (5.5s)
✔ [3613/8034] Built Mathlib.CategoryTheory.Limits.Preserves.Shapes.Zero (3.6s)
✔ [3614/8034] Built Mathlib.CategoryTheory.Limits.FunctorCategory.Finite (2.5s)
✔ [3615/8034] Built Mathlib.CategoryTheory.Monoidal.Bimod (17s)
✔ [3616/8034] Built Mathlib.CategoryTheory.Limits.FintypeCat (2.6s)
✔ [3617/8034] Built Mathlib.CategoryTheory.Limits.Preserves.Opposites (3.6s)
✔ [3618/8034] Built Mathlib.CategoryTheory.Limits.Preserves.Shapes.Over (2.8s)
✔ [3619/8034] Built Mathlib.Combinatorics.Additive.CauchyDavenport (4.3s)
✔ [3620/8034] Built Mathlib.CategoryTheory.Limits.Preserves.Creates.Finite (3.6s)
✔ [3621/8034] Built Mathlib.CategoryTheory.Limits.Constructions.FiniteProductsOfBinaryProducts (3.1s)
✔ [3622/8034] Built Mathlib.LinearAlgebra.LinearPMap (17s)
✔ [3623/8034] Built Mathlib.Combinatorics.SimpleGraph.UniversalVerts (2.7s)
✔ [3624/8034] Built Mathlib.CategoryTheory.Limits.Shapes.Opposites.Filtered (2.5s)
✔ [3625/8034] Built Mathlib.CategoryTheory.Limits.Set (2.6s)
✔ [3626/8034] Built Mathlib.CategoryTheory.Limits.Preserves.Over (3.2s)
✔ [3627/8034] Built Mathlib.CategoryTheory.Limits.FunctorCategory.Filtered (2.5s)
✔ [3628/8034] Built Mathlib.CategoryTheory.Limits.ConcreteCategory.Basic (3.2s)
✔ [3629/8034] Built Mathlib.Algebra.Category.ModuleCat.Semi (6.3s)
✔ [3630/8034] Built Mathlib.CategoryTheory.Filtered.OfColimitCommutesFiniteLimit (2.8s)
✔ [3631/8034] Built Mathlib.CategoryTheory.Limits.ExactFunctor (5.6s)
✔ [3632/8034] Built Mathlib.Algebra.Module.LocalizedModule.AtPrime (2.7s)
✔ [3633/8034] Built Mathlib.Algebra.Module.LocalizedModule.Away (2.9s)
✔ [3634/8034] Built Mathlib.Algebra.Module.LocalizedModule.Int (3.4s)
✔ [3635/8034] Built Mathlib.RingTheory.Finiteness.Prod (3.1s)
✔ [3636/8034] Built Mathlib.CategoryTheory.Limits.Shapes.Pullback.IsPullback.Defs (4.3s)
✔ [3637/8034] Built Mathlib.RingTheory.Finiteness.Bilinear (3.2s)
✔ [3638/8034] Built Mathlib.Algebra.Algebra.Subalgebra.Order (3.2s)
✔ [3639/8034] Built Mathlib.Order.Category.PartOrdEmb (5.3s)
✔ [3640/8034] Built Mathlib.CategoryTheory.Limits.Preserves.Shapes.Pullbacks (5.3s)
✔ [3641/8034] Built Mathlib.LinearAlgebra.Ray (9.4s)
✔ [3642/8034] Built Mathlib.CategoryTheory.Limits.Shapes.Opposites.Equalizers (7.7s)
✔ [3643/8034] Built Mathlib.LinearAlgebra.Dimension.Basic (5.9s)
✔ [3644/8034] Built Mathlib.Topology.Order.PartialSups (3.9s)
✔ [3645/8034] Built Mathlib.RingTheory.AlgebraTower (5.6s)
✔ [3646/8034] Built Mathlib.LinearAlgebra.FreeModule.Basic (5.5s)
✔ [3647/8034] Built Mathlib.LinearAlgebra.Basis.Flag (4.8s)
✔ [3648/8034] Built Mathlib.LinearAlgebra.Basis.SMul (6.3s)
✔ [3649/8034] Built Mathlib.Topology.Connected.Clopen (5.5s)
✔ [3650/8034] Built Mathlib.Topology.Order.LowerUpperTopology (5.0s)
✔ [3651/8034] Built Mathlib.LinearAlgebra.Basis.Submodule (7.5s)
✔ [3652/8034] Built Mathlib.Algebra.MonoidAlgebra.Degree (10s)
✔ [3653/8034] Built Mathlib.Combinatorics.SimpleGraph.ConcreteColorings (6.9s)
✔ [3654/8034] Built Mathlib.Algebra.Polynomial.Monomial (4.2s)
✔ [3655/8034] Built Mathlib.Algebra.Polynomial.Basis (4.1s)
✔ [3656/8034] Built Mathlib.Algebra.Polynomial.Cardinal (3.9s)
✔ [3657/8034] Built Mathlib.CategoryTheory.Limits.Presentation (4.0s)
✔ [3658/8034] Built Mathlib.CategoryTheory.Limits.IsConnected (3.7s)
✔ [3659/8034] Built Mathlib.Algebra.Polynomial.Coeff (6.0s)
✔ [3660/8034] Built Mathlib.CategoryTheory.Functor.KanExtension.DenseAt (4.3s)
✔ [3661/8034] Built Mathlib.CategoryTheory.Comma.StructuredArrow.Final (5.6s)
✔ [3662/8034] Built Mathlib.CategoryTheory.Limits.Final.ParallelPair (3.9s)
✔ [3663/8034] Built Mathlib.CategoryTheory.Limits.Final.Type (3.9s)
✔ [3664/8034] Built Mathlib.Algebra.Polynomial.Eval.Defs (8.4s)
✔ [3665/8034] Built Mathlib.CategoryTheory.Limits.Final.Connected (3.7s)
✔ [3666/8034] Built Mathlib.CategoryTheory.Limits.Shapes.Countable (4.3s)
✔ [3667/8034] Built Mathlib.Combinatorics.SimpleGraph.Girth (4.3s)
✔ [3668/8034] Built Mathlib.CategoryTheory.Monoidal.ExternalProduct.KanExtension (7.5s)
✔ [3669/8034] Built Mathlib.LinearAlgebra.Basis.Fin (4.7s)
✔ [3670/8034] Built Mathlib.Topology.Order.Filter (3.6s)
✔ [3671/8034] Built Mathlib.LinearAlgebra.TensorProduct.Basic (18s)
✔ [3672/8034] Built Mathlib.Topology.Instances.Sign (3.7s)
✔ [3673/8034] Built Mathlib.Topology.Order.ProjIcc (4.3s)
✔ [3674/8034] Built Mathlib.LinearAlgebra.Finsupp.Pi (6.7s)
✔ [3675/8034] Built Mathlib.RingTheory.Finiteness.Basic (8.4s)
✔ [3676/8034] Built Mathlib.CategoryTheory.GuitartExact.Basic (11s)
✔ [3677/8034] Built Mathlib.Topology.Order.SuccPred (4.5s)
✔ [3678/8034] Built Mathlib.Topology.Order.LeftRightNhds (7.8s)
✔ [3679/8034] Built Mathlib.Topology.Order.NhdsSet (5.7s)
✔ [3680/8034] Built Mathlib.Topology.Order.CountableSeparating (5.1s)
✔ [3681/8034] Built Mathlib.Topology.Instances.Discrete (3.8s)
✔ [3682/8034] Built Mathlib.Topology.Order.MonotoneConvergence (4.7s)
✔ [3683/8034] Built Mathlib.Algebra.FreeNonUnitalNonAssocAlgebra (4.2s)
✔ [3684/8034] Built Mathlib.LinearAlgebra.Quotient.Basic (12s)
✔ [3685/8034] Built Mathlib.Combinatorics.SimpleGraph.FiveWheelLike (22s)
✔ [3686/8034] Built Mathlib.LinearAlgebra.LinearIndependent.Lemmas (13s)
✔ [3687/8034] Built Mathlib.RingTheory.Localization.Cardinality (3.9s)
✔ [3688/8034] Built Mathlib.RingTheory.Localization.NumDen (4.1s)
✔ [3689/8034] Built Mathlib.FieldTheory.RatFunc.Defs (5.6s)
✔ [3690/8034] Built Mathlib.Topology.Category.FinTopCat (3.8s)
✔ [3691/8034] Built Mathlib.Topology.Category.CompHausLike.Basic (4.0s)
✔ [3692/8034] Built Mathlib.RingTheory.LocalRing.MaximalIdeal.Defs (3.2s)
✔ [3693/8034] Built Mathlib.Topology.Category.TopCat.Adjunctions (3.3s)
✔ [3694/8034] Built Mathlib.Topology.ContinuousMap.T0Sierpinski (3.1s)
✔ [3695/8034] Built Mathlib.Topology.Sheaves.Over (4.0s)
✔ [3696/8034] Built Mathlib.Topology.Sets.OpenCover (3.3s)
✔ [3697/8034] Built Mathlib.Data.Nat.Periodic (3.5s)
✔ [3698/8034] Built Mathlib.Topology.Sets.Closeds (5.5s)
✔ [3699/8034] Built Mathlib.Topology.Order.WithTop (13s)
✔ [3700/8034] Built Mathlib.Algebra.Field.Periodic (4.5s)
✔ [3701/8034] Built Mathlib.Algebra.CharP.CharAndCard (4.1s)
✔ [3702/8034] Built Mathlib.GroupTheory.FixedPointFree (3.9s)
✔ [3703/8034] Built Mathlib.CategoryTheory.ObjectProperty.ContainsZero (3.2s)
✔ [3704/8034] Built Mathlib.GroupTheory.Perm.Cycle.Concrete (5.0s)
✔ [3705/8034] Built Mathlib.LinearAlgebra.Multilinear.Basic (21s)
✔ [3706/8034] Built Mathlib.CategoryTheory.Limits.Shapes.MultiequalizerPullback (4.3s)
✔ [3707/8034] Built Mathlib.Data.Matrix.Basic (24s)
✔ [3708/8034] Built Mathlib.GroupTheory.DivisibleHull (14s)
✔ [3709/8034] Built Mathlib.LinearAlgebra.AffineSpace.AffineMap (25s)
✔ [3710/8034] Built Mathlib.CategoryTheory.Limits.FilteredColimitCommutesProduct (6.1s)
✔ [3711/8034] Built Mathlib.CategoryTheory.LiftingProperties.Limits (4.1s)
✔ [3712/8034] Built Mathlib.Algebra.Homology.ShortComplex.Basic (9.7s)
✔ [3713/8034] Built Mathlib.CategoryTheory.Limits.Shapes.Pullback.Connected (4.2s)
✔ [3714/8034] Built Mathlib.GroupTheory.Perm.Fin (12s)
✔ [3715/8034] Built Mathlib.CategoryTheory.Limits.EpiMono (3.5s)
✔ [3716/8034] Built Mathlib.CategoryTheory.Limits.Shapes.RegularMono (8.4s)
✔ [3717/8034] Built Mathlib.CategoryTheory.Shift.Basic (12s)
✔ [3718/8034] Built Mathlib.CategoryTheory.Limits.Shapes.Pullback.Equalizer (4.9s)
✔ [3719/8034] Built Mathlib.Algebra.Module.Injective (12s)
✔ [3720/8034] Built Mathlib.CategoryTheory.Limits.Constructions.EpiMono (3.1s)
✔ [3721/8034] Built Mathlib.CategoryTheory.Limits.Types.Pullbacks (4.3s)
✔ [3722/8034] Built Mathlib.LinearAlgebra.Dimension.Finrank (3.8s)
✔ [3723/8034] Built Mathlib.LinearAlgebra.Dimension.Subsingleton (3.7s)
✔ [3724/8034] Built Mathlib.LinearAlgebra.Basis.Prod (3.7s)
✔ [3725/8034] Built Mathlib.CategoryTheory.Limits.Constructions.BinaryProducts (4.7s)
✔ [3726/8034] Built Mathlib.CategoryTheory.Limits.Constructions.Equalizers (5.3s)
✔ [3727/8034] Built Mathlib.Algebra.Star.NonUnitalSubalgebra (46s)
✔ [3728/8034] Built Mathlib.Topology.Connected.LocallyConnected (3.6s)
✔ [3729/8034] Built Mathlib.Topology.SeparatedMap (3.5s)
✔ [3730/8034] Built Mathlib.CategoryTheory.Sites.Sieves (11s)
✔ [3731/8034] Built Mathlib.Topology.Separation.Regular (5.8s)
✔ [3732/8034] Built Mathlib.Topology.Connected.TotallyDisconnected (4.9s)
✔ [3733/8034] Built Mathlib.Topology.Order.UpperLowerSetTopology (4.9s)
✔ [3734/8034] Built Mathlib.Data.Nat.Choose.Vandermonde (4.3s)
✔ [3735/8034] Built Mathlib.CategoryTheory.ObjectProperty.LimitsOfShape (5.1s)
✔ [3736/8034] Built Mathlib.CategoryTheory.Join.Final (5.1s)
✔ [3737/8034] Built Mathlib.CategoryTheory.Limits.Constructions.Over.Products (18s)
✔ [3738/8034] Built Mathlib.Algebra.Order.ToIntervalMod (25s)
✔ [3739/8034] Built Mathlib.Algebra.Polynomial.Degree.Defs (6.4s)
✔ [3740/8034] Built Mathlib.Algebra.Polynomial.Eval.Algebra (3.8s)
✔ [3741/8034] Built Mathlib.Algebra.Polynomial.Eval.Coeff (5.1s)
✔ [3742/8034] Built Mathlib.CategoryTheory.Limits.Shapes.Kernels (21s)
✔ [3743/8034] Built Mathlib.Combinatorics.SimpleGraph.Tutte (21s)
✔ [3744/8034] Built Mathlib.LinearAlgebra.SModEq.Basic (6.3s)
✔ [3745/8034] Built Mathlib.Computability.TMComputable (3.0s)
✔ [3746/8034] Built Mathlib.RingTheory.Finiteness.Lattice (2.9s)
✔ [3747/8034] Built Mathlib.Topology.ContinuousMap.Ordered (3.8s)
✔ [3748/8034] Built Mathlib.RingTheory.Noetherian.Defs (3.5s)
✔ [3749/8034] Built Mathlib.CategoryTheory.GuitartExact.VerticalComposition (4.1s)
✔ [3750/8034] Built Mathlib.CategoryTheory.GuitartExact.Over (3.0s)
✔ [3751/8034] Built Mathlib.Analysis.Normed.Lp.WithLp (5.7s)
✔ [3752/8034] Built Mathlib.CategoryTheory.GuitartExact.KanExtension (4.5s)
✔ [3753/8034] Built Mathlib.Topology.Order.MonotoneContinuity (4.5s)
✔ [3754/8034] Built Mathlib.Topology.Algebra.Order.Group (5.5s)
✔ [3755/8034] Built Mathlib.Algebra.ContinuedFractions.Computation.ApproximationCorollaries (5.8s)
✔ [3756/8034] Built Mathlib.Topology.Instances.ENat (4.9s)
✔ [3757/8034] Built Mathlib.LinearAlgebra.Quotient.Pi (6.5s)
✔ [3758/8034] Built Mathlib.Topology.Order.IsLUB (7.2s)
✔ [3759/8034] Built Mathlib.Algebra.SkewMonoidAlgebra.Basic (18s)
✔ [3760/8034] Built Mathlib.Topology.Category.TopCat.EpiMono (3.3s)
✔ [3761/8034] Built Mathlib.RingTheory.Ideal.Quotient.Basic (8.1s)
✔ [3762/8034] Built Mathlib.Topology.Category.TopCat.Limits.Basic (5.8s)
✔ [3763/8034] Built Mathlib.Topology.Sets.Order (3.9s)
✔ [3764/8034] Built Mathlib.LinearAlgebra.Goursat (10s)
✔ [3765/8034] Built Mathlib.Topology.Order.HullKernel (4.0s)
✔ [3766/8034] Built Mathlib.Data.Nat.Totient (5.4s)
✔ [3767/8034] Built Mathlib.Topology.Sober (4.2s)
✔ [3768/8034] Built Mathlib.LinearAlgebra.Isomorphisms (9.0s)
✔ [3769/8034] Built Mathlib.CategoryTheory.ObjectProperty.Orthogonal (3.3s)
✔ [3770/8034] Built Mathlib.GroupTheory.Perm.Cycle.PossibleTypes (3.8s)
✔ [3771/8034] Built Mathlib.CategoryTheory.Limits.Shapes.Pullback.PullbackObjObj (32s)
✔ [3772/8034] Built Mathlib.LinearAlgebra.Multilinear.Pi (4.5s)
✔ [3773/8034] Built Mathlib.CategoryTheory.Limits.Types.Multicoequalizer (3.7s)
✔ [3774/8034] Built Mathlib.LinearAlgebra.Multilinear.TensorProduct (5.3s)
✔ [3775/8034] Built Mathlib.Algebra.Algebra.Subalgebra.Matrix (3.5s)
✔ [3776/8034] Built Mathlib.LinearAlgebra.Matrix.Unique (4.1s)
✔ [3777/8034] Built Mathlib.Topology.Order.AtTopBotIxx (18s)
✔ [3778/8034] Built Mathlib.LinearAlgebra.DFinsupp (13s)
✔ [3779/8034] Built Mathlib.LinearAlgebra.Projection (17s)
✔ [3780/8034] Built Mathlib.LinearAlgebra.AffineSpace.Slope (5.9s)
✔ [3781/8034] Built Mathlib.Data.Matrix.Basis (7.8s)
✔ [3782/8034] Built Mathlib.CategoryTheory.EffectiveEpi.Preserves (4.8s)
✔ [3783/8034] Built Mathlib.CategoryTheory.Limits.MonoCoprod (5.2s)
✔ [3784/8034] Built Mathlib.Algebra.Exact (20s)
✔ [3785/8034] Built Mathlib.LinearAlgebra.Multilinear.Curry (9.0s)
✔ [3786/8034] Built Mathlib.GroupTheory.SpecificGroups.Alternating (7.2s)
✔ [3787/8034] Built Mathlib.Algebra.Homology.ShortComplex.FunctorEquivalence (8.9s)
✔ [3788/8034] Built Mathlib.CategoryTheory.Limits.FunctorCategory.EpiMono (3.5s)
✔ [3789/8034] Built Mathlib.CategoryTheory.Limits.Preserves.Shapes.Images (3.9s)
✔ [3790/8034] Built Mathlib.CategoryTheory.ConcreteCategory.EpiMono (3.5s)
✔ [3791/8034] Built Mathlib.CategoryTheory.DifferentialObject (9.6s)
✔ [3792/8034] Built Mathlib.CategoryTheory.Limits.Constructions.ZeroObjects (4.4s)
✔ [3793/8034] Built Mathlib.LinearAlgebra.TensorProduct.Map (30s)
✔ [3794/8034] Built Mathlib.LinearAlgebra.SesquilinearForm.Basic (23s)
✔ [3795/8034] Built Mathlib.Algebra.Homology.ShortComplex.Limits (7.4s)
✔ [3796/8034] Built Mathlib.CategoryTheory.Limits.Comma (6.8s)
✔ [3797/8034] Built Mathlib.CategoryTheory.Limits.Shapes.Pullback.IsPullback.Basic (5.9s)
✔ [3798/8034] Built Mathlib.CategoryTheory.GradedObject (11s)
✔ [3799/8034] Built Mathlib.Topology.Order.T5 (4.3s)
✔ [3800/8034] Built Mathlib.Topology.Separation.GDelta (4.4s)
✔ [3801/8034] Built Mathlib.CategoryTheory.Sites.EffectiveEpimorphic (6.7s)
✔ [3802/8034] Built Mathlib.CategoryTheory.Shift.CommShift (15s)
✔ [3803/8034] Built Mathlib.Topology.LocallyConstant.Basic (7.2s)
✔ [3804/8034] Built Mathlib.CategoryTheory.GlueData (12s)
✔ [3805/8034] Built Mathlib.Topology.DenseEmbedding (5.2s)
✔ [3806/8034] Built Mathlib.Topology.Separation.NotNormal (4.0s)
✔ [3807/8034] Built Mathlib.CategoryTheory.Limits.Constructions.LimitsOfProductsAndEqualizers (9.5s)
✔ [3808/8034] Built Mathlib.LinearAlgebra.AffineSpace.AffineEquiv (19s)
✔ [3809/8034] Built Mathlib.Topology.CompactOpen (7.6s)
✔ [3810/8034] Built Mathlib.CategoryTheory.Sites.Grothendieck (8.6s)
✔ [3811/8034] Built Mathlib.Topology.Compactness.Paracompact (6.0s)
✔ [3812/8034] Built Mathlib.Topology.ExtendFrom (3.8s)
✔ [3813/8034] Built Mathlib.Topology.Perfect (4.1s)
✔ [3814/8034] Built Mathlib.Topology.Connected.Separation (3.4s)
✔ [3815/8034] Built Mathlib.Topology.UniformSpace.Separation (4.7s)
✔ [3816/8034] Built Mathlib.Topology.ShrinkingLemma (4.0s)
✔ [3817/8034] Built Mathlib.Topology.Separation.Connected (3.3s)
✔ [3818/8034] Built Mathlib.ModelTheory.Topology.Types (3.7s)
✔ [3819/8034] Built Mathlib.Topology.Order.Priestley (3.2s)
✔ [3820/8034] Built Mathlib.Topology.Separation.LinearUpperLowerSetTopology (3.1s)
✔ [3821/8034] Built Mathlib.Topology.Specialization (3.5s)
✔ [3822/8034] Built Mathlib.Topology.Separation.Profinite (6.2s)
✔ [3823/8034] Built Mathlib.Topology.Order.ScottTopology (4.3s)
✔ [3824/8034] Built Mathlib.Algebra.Polynomial.Degree.Definitions (3.8s)
✔ [3825/8034] Built Mathlib.RingTheory.IntegralClosure.IsIntegral.Defs (3.0s)
✔ [3826/8034] Built Mathlib.CategoryTheory.ObjectProperty.ColimitsOfShape (5.3s)
✔ [3827/8034] Built Mathlib.CategoryTheory.Sites.IsSheafFor (15s)
✔ [3828/8034] Built Mathlib.CategoryTheory.ObjectProperty.LimitsClosure (4.9s)
✔ [3829/8034] Built Mathlib.Topology.UniformSpace.OfCompactT2 (10s)
✔ [3830/8034] Built Mathlib.Algebra.Polynomial.Degree.Monomial (4.1s)
✔ [3831/8034] Built Mathlib.RingTheory.Polynomial.Subring (4.5s)
✔ [3832/8034] Built Mathlib.CategoryTheory.Monoidal.DayConvolution (45s)
✔ [3833/8034] Built Mathlib.Algebra.Polynomial.Degree.Operations (6.7s)
✔ [3834/8034] Built Mathlib.CategoryTheory.ConcreteCategory.Elementwise (4.2s)
✔ [3835/8034] Built Mathlib.CategoryTheory.Limits.Shapes.Opposites.Kernels (3.2s)
✔ [3836/8034] Built Mathlib.CategoryTheory.Limits.Shapes.Pullback.IsPullback.Kernels (3.5s)
✔ [3837/8034] Built Mathlib.LinearAlgebra.SModEq (3.1s)
✔ [3838/8034] Built Mathlib.RingTheory.Noetherian.Filter (3.5s)
✔ [3839/8034] Built Mathlib.CategoryTheory.Limits.Shapes.NormalMono.Basic (7.7s)
✔ [3840/8034] Built Mathlib.Topology.Algebra.Order.Archimedean (3.9s)
✔ [3841/8034] Built Mathlib.CategoryTheory.Preadditive.Basic (7.5s)
✔ [3842/8034] Built Mathlib.Algebra.Algebra.Unitization (21s)
✔ [3843/8034] Built Mathlib.Topology.Algebra.Order.Floor (4.9s)
✔ [3844/8034] Built Mathlib.CategoryTheory.Limits.Preserves.Shapes.Kernels (6.0s)
✔ [3845/8034] Built Mathlib.CategoryTheory.Abelian.Images (6.4s)
✔ [3846/8034] Built Mathlib.Topology.Order.Monotone (5.1s)
✔ [3847/8034] Built Mathlib.Algebra.SkewMonoidAlgebra.Support (4.5s)
✔ [3848/8034] Built Mathlib.CategoryTheory.GuitartExact.Opposite (7.3s)
✔ [3849/8034] Built Mathlib.Algebra.SkewMonoidAlgebra.Single (4.1s)
✔ [3850/8034] Built Mathlib.Algebra.SkewPolynomial.Basic (4.5s)
✔ [3851/8034] Built Mathlib.Topology.Order.DenselyOrdered (5.6s)
✔ [3852/8034] Built Mathlib.Topology.Category.TopCat.Limits.Konig (3.1s)
✔ [3853/8034] Built Mathlib.Topology.Order.IsNormal (6.9s)
✔ [3854/8034] Built Mathlib.Topology.Category.TopCat.Limits.Cofiltered (3.7s)
✔ [3855/8034] Built Mathlib.NumberTheory.PrimeCounting (3.9s)
✔ [3856/8034] Built Mathlib.Data.Nat.PowModTotient (3.4s)
✔ [3857/8034] Built Mathlib.Algebra.SkewMonoidAlgebra.Lift (5.9s)
✔ [3858/8034] Built Mathlib.Topology.Category.TopCat.Opens (6.5s)
✔ [3859/8034] Built Mathlib.Algebra.Homology.ShortComplex.LeftHomology (14s)
✔ [3860/8034] Built Mathlib.LinearAlgebra.Finsupp.VectorSpace (4.9s)
✔ [3861/8034] Built Mathlib.LinearAlgebra.LeftExact (3.5s)
✔ [3862/8034] Built Mathlib.Data.Matrix.Composition (4.8s)
✔ [3863/8034] Built Mathlib.CategoryTheory.LiftingProperties.ParametrizedAdjunction (7.2s)
✔ [3864/8034] Built Mathlib.RingTheory.Finiteness.Finsupp (5.2s)
✔ [3865/8034] Built Mathlib.LinearAlgebra.Matrix.ConjTranspose (6.4s)
✔ [3866/8034] Built Mathlib.LinearAlgebra.Basis.Exact (5.5s)
✔ [3867/8034] Built Mathlib.GroupTheory.Perm.Centralizer (8.6s)
✔ [3868/8034] Built Mathlib.LinearAlgebra.Matrix.Module (7.0s)
✔ [3869/8034] Built Mathlib.CategoryTheory.Limits.Shapes.Biproducts (19s)
✔ [3870/8034] Built Mathlib.LinearAlgebra.Basis.VectorSpace (8.7s)
✔ [3871/8034] Built Mathlib.Algebra.Module.LocalizedModule.Exact (4.8s)
✔ [3872/8034] Built Mathlib.CategoryTheory.Adjunction.Quadruple (3.3s)
✔ [3873/8034] Built Mathlib.LinearAlgebra.Multilinear.DFinsupp (11s)
✔ [3874/8034] Built Mathlib.Algebra.DirectSum.Module (11s)
✔ [3875/8034] Built Mathlib.CategoryTheory.Functor.RegularEpi (4.1s)
✔ [3876/8034] Built Mathlib.CategoryTheory.Subfunctor.Image (5.2s)
✔ [3877/8034] Built Mathlib.GroupTheory.SpecificGroups.Cyclic (14s)
✔ [3878/8034] Built Mathlib.Algebra.FiveLemma (9.6s)
✔ [3879/8034] Built Mathlib.CategoryTheory.Limits.Shapes.ConcreteCategory (4.6s)
✔ [3880/8034] Built Mathlib.Algebra.Module.SnakeLemma (9.1s)
✔ [3881/8034] Built Mathlib.LinearAlgebra.TensorProduct.Finiteness (4.4s)
✔ [3882/8034] Built Mathlib.Algebra.Module.Presentation.Basic (8.4s)
✔ [3883/8034] Built Mathlib.Order.Category.NonemptyFinLinOrd (5.5s)
✔ [3884/8034] Built Mathlib.Algebra.Category.Grp.EpiMono (6.5s)
✔ [3885/8034] Built Mathlib.LinearAlgebra.SesquilinearForm (2.9s)
✔ [3886/8034] Built Mathlib.Algebra.Star.TensorProduct (5.6s)
✔ [3887/8034] Built Mathlib.LinearAlgebra.Quotient.Bilinear (4.0s)
✔ [3888/8034] Built Mathlib.CategoryTheory.Limits.Shapes.Preorder.HasIterationOfShape (3.2s)
✔ [3889/8034] Built Mathlib.CategoryTheory.Limits.Over (4.3s)
✔ [3890/8034] Built Mathlib.CategoryTheory.Functor.ReflectsIso.Jointly (3.4s)
✔ [3891/8034] Built Mathlib.CategoryTheory.Limits.Shapes.KernelPair (4.1s)
✔ [3892/8034] Built Mathlib.Algebra.Algebra.Bilinear (7.5s)
✔ [3893/8034] Built Mathlib.CategoryTheory.Limits.Shapes.Pullback.Equifibered (3.9s)
✔ [3894/8034] Built Mathlib.GroupTheory.GroupAction.MultipleTransitivity (11s)
✔ [3895/8034] Built Mathlib.CategoryTheory.Limits.Types.Pushouts (5.2s)
✔ [3896/8034] Built Mathlib.CategoryTheory.Sites.Precoverage (5.4s)
✔ [3897/8034] Built Mathlib.CategoryTheory.GradedObject.Single (4.2s)
✔ [3898/8034] Built Mathlib.Topology.Order.Real (3.8s)
✔ [3899/8034] Built Mathlib.CategoryTheory.Shift.Twist (4.2s)
✔ [3900/8034] Built Mathlib.CategoryTheory.ObjectProperty.Shift (3.1s)
✔ [3901/8034] Built Mathlib.CategoryTheory.GradedObject.Bifunctor (5.7s)
✔ [3902/8034] Built Mathlib.Topology.Compactification.StoneCech (3.5s)
✔ [3903/8034] Built Mathlib.Topology.FiberPartition (3.7s)
✔ [3904/8034] Built Mathlib.Topology.Algebra.Monoid.AddChar (3.2s)
✔ [3905/8034] Built Mathlib.Topology.Germ (4.1s)
✔ [3906/8034] Built Mathlib.Topology.DiscreteQuotient (4.6s)
✔ [3907/8034] Built Mathlib.Order.Category.OmegaCompletePartialOrder (3.4s)
✔ [3908/8034] Built Mathlib.CategoryTheory.Shift.Adjunction (7.7s)
✔ [3909/8034] Built Mathlib.CategoryTheory.Shift.SingleFunctors (6.6s)
✔ [3910/8034] Built Mathlib.Topology.Homeomorph.Lemmas (5.4s)
✔ [3911/8034] Built Mathlib.CategoryTheory.Shift.Induced (6.0s)
✔ [3912/8034] Built Mathlib.Topology.ContinuousMap.Sigma (2.5s)
✔ [3913/8034] Built Mathlib.Topology.ContinuousMap.SecondCountableSpace (2.7s)
✔ [3914/8034] Built Mathlib.Topology.DerivedSet (2.5s)
✔ [3915/8034] Built Mathlib.LinearAlgebra.AffineSpace.Midpoint (4.8s)
✔ [3916/8034] Built Mathlib.Topology.ClopenBox (2.5s)
✔ [3917/8034] Built Mathlib.Topology.Order.Category.AlexDisc (3.0s)
✔ [3918/8034] Built Mathlib.LinearAlgebra.PiTensorProduct (20s)
✔ [3919/8034] Built Mathlib.Topology.ContinuousMap.Interval (4.1s)
✔ [3920/8034] Built Mathlib.Topology.Separation.DisjointCover (3.1s)
✔ [3921/8034] Built Mathlib.Topology.LocallyConstant.Algebra (9.3s)
✔ [3922/8034] Built Mathlib.CategoryTheory.Limits.FormalCoproducts.Basic (13s)
✔ [3923/8034] Built Mathlib.Topology.OmegaCompletePartialOrder (3.2s)
✔ [3924/8034] Built Mathlib.Topology.Order.LawsonTopology (3.6s)
✔ [3925/8034] Built Mathlib.RingTheory.IntegralClosure.IsIntegralClosure.Defs (2.0s)
✔ [3926/8034] Built Mathlib.CategoryTheory.Subfunctor.Sieves (2.7s)
✔ [3927/8034] Built Mathlib.RingTheory.IntegralClosure.Algebra.Defs (3.1s)
✔ [3928/8034] Built Mathlib.CategoryTheory.Limits.FullSubcategory (2.6s)
✔ [3929/8034] Built Mathlib.CategoryTheory.ObjectProperty.ColimitsClosure (2.8s)
✔ [3930/8034] Built Mathlib.CategoryTheory.ObjectProperty.Local (2.7s)
✔ [3931/8034] Built Mathlib.CategoryTheory.Limits.Constructions.Filtered (9.2s)
✔ [3932/8034] Built Mathlib.CategoryTheory.Sites.EqualizerSheafCondition (4.3s)
✔ [3933/8034] Built Mathlib.Algebra.Polynomial.Degree.Support (4.5s)
✔ [3934/8034] Built Mathlib.Algebra.Category.MonCat.Colimits (4.6s)
✔ [3935/8034] Built Mathlib.Algebra.Polynomial.Degree.Domain (4.6s)
✔ [3936/8034] Built Mathlib.Algebra.Polynomial.Degree.SmallDegree (5.8s)
✔ [3937/8034] Built Mathlib.CategoryTheory.Limits.FunctorCategory.Shapes.Kernels (4.9s)
✔ [3938/8034] Built Mathlib.CategoryTheory.Monoidal.DayConvolution.Braided (7.1s)
✔ [3939/8034] Built Mathlib.CategoryTheory.Limits.Shapes.NormalMono.Equalizers (6.6s)
✔ [3940/8034] Built Mathlib.CategoryTheory.Linear.Basic (6.5s)
✔ [3941/8034] Built Mathlib.CategoryTheory.Preadditive.FunctorCategory (5.8s)
✔ [3942/8034] Built Mathlib.Algebra.Category.Grp.Preadditive (6.0s)
✔ [3943/8034] Built Mathlib.LinearAlgebra.AffineSpace.AffineSubspace.Basic (13s)
✔ [3944/8034] Built Mathlib.LinearAlgebra.TensorProduct.Associator (26s)
✔ [3945/8034] Built Mathlib.CategoryTheory.Monoidal.DayConvolution.DayFunctor (10s)
✔ [3946/8034] Built Mathlib.Algebra.Category.MonCat.FilteredColimits (10s)
✔ [3947/8034] Built Mathlib.CategoryTheory.Monoidal.DayConvolution.Closed (10s)
✔ [3948/8034] Built Mathlib.CategoryTheory.Preadditive.SingleObj (9.3s)
✔ [3949/8034] Built Mathlib.CategoryTheory.Localization.DerivabilityStructure.Basic (5.5s)
✔ [3950/8034] Built Mathlib.Topology.Order.ExtendFrom (4.8s)
✔ [3951/8034] Built Mathlib.Topology.Order.LiminfLimsup (6.7s)
✔ [3952/8034] Built Mathlib.CategoryTheory.Limits.Preserves.Shapes.AbelianImages (7.3s)
✔ [3953/8034] Built Mathlib.Topology.Order.LeftRightLim (7.5s)
✔ [3954/8034] Built Mathlib.Topology.MetricSpace.Pseudo.Lemmas (6.0s)
✔ [3955/8034] Built Mathlib.CategoryTheory.CofilteredSystem (6.0s)
✔ [3956/8034] Built Mathlib.SetTheory.Ordinal.Topology (7.4s)
✔ [3957/8034] Built Mathlib.Topology.Category.TopCat.OpenNhds (7.5s)
✔ [3958/8034] Built Mathlib.Algebra.Group.UniqueProds.VectorSpace (5.5s)
✔ [3959/8034] Built Mathlib.LinearAlgebra.Matrix.RowCol (7.6s)
✔ [3960/8034] Built Mathlib.GroupTheory.SpecificGroups.Alternating.Centralizer (7.1s)
✔ [3961/8034] Built Mathlib.LinearAlgebra.StdBasis (8.7s)
✔ [3962/8034] Built Mathlib.Data.Matrix.Invertible (10s)
✔ [3963/8034] Built Mathlib.LinearAlgebra.DirectSum.Basis (4.7s)
✔ [3964/8034] Built Mathlib.Data.Matrix.Block (10s)
✔ [3965/8034] Built Mathlib.Topology.Order.IntermediateValue (14s)
✔ [3966/8034] Built Mathlib.LinearAlgebra.Multilinear.DirectSum (6.5s)
✔ [3967/8034] Built Mathlib.Topology.Sheaves.Presheaf (13s)
✔ [3968/8034] Built Mathlib.LinearAlgebra.Multilinear.Finsupp (10s)
✔ [3969/8034] Built Mathlib.CategoryTheory.Limits.FunctorCategory.Shapes.Images (4.3s)
✔ [3970/8034] Built Mathlib.LinearAlgebra.DirectSum.Finite (4.0s)
✔ [3971/8034] Built Mathlib.Algebra.DirectSum.Finsupp (5.2s)
✔ [3972/8034] Built Mathlib.Algebra.DirectSum.Algebra (9.5s)
✔ [3973/8034] Built Mathlib.CategoryTheory.Subfunctor.OfSection (4.4s)
✔ [3974/8034] Built Mathlib.CategoryTheory.Subfunctor.Equalizer (5.7s)
✔ [3975/8034] Built Mathlib.Algebra.DirectSum.Decomposition (9.3s)
✔ [3976/8034] Built Mathlib.GroupTheory.PGroup (6.4s)
✔ [3977/8034] Built Mathlib.Algebra.Order.Group.Cyclic (5.6s)
✔ [3978/8034] Built Mathlib.Algebra.Module.Presentation.Free (5.5s)
✔ [3979/8034] Built Mathlib.GroupTheory.SpecificGroups.KleinFour (7.6s)
✔ [3980/8034] Built Mathlib.Algebra.Module.Presentation.Tautological (6.6s)
✔ [3981/8034] Built Mathlib.Algebra.Module.Presentation.Tensor (7.6s)
✔ [3982/8034] Built Mathlib.Algebra.Module.Presentation.DirectSum (6.6s)
✔ [3983/8034] Built Mathlib.Algebra.Colimit.Module (16s)
✔ [3984/8034] Built Mathlib.Algebra.Module.Presentation.Cokernel (7.6s)
✔ [3985/8034] Built Mathlib.CategoryTheory.Comma.Presheaf.Colimit (5.2s)
✔ [3986/8034] Built Mathlib.GroupTheory.CosetCover (21s)
✔ [3987/8034] Built Mathlib.Algebra.Homology.ShortComplex.RightHomology (23s)
✔ [3988/8034] Built Mathlib.RingTheory.Ideal.Basis (5.5s)
✔ [3989/8034] Built Mathlib.Algebra.Module.LocalizedModule.IsLocalization (5.8s)
✔ [3990/8034] Built Mathlib.Data.Matrix.Bilinear (6.6s)
✔ [3991/8034] Built Mathlib.CategoryTheory.SmallObject.Iteration.Basic (11s)
✔ [3992/8034] Built Mathlib.CategoryTheory.Limits.Shapes.BinaryBiproducts (25s)
✔ [3993/8034] Built Mathlib.AlgebraicTopology.SimplexCategory.Basic (13s)
✔ [3994/8034] Built Mathlib.CategoryTheory.Sites.Pretopology (6.7s)
✔ [3995/8034] Built Mathlib.MeasureTheory.OuterMeasure.Defs (4.7s)
✔ [3996/8034] Built Mathlib.GroupTheory.ArchimedeanDensely (18s)
✔ [3997/8034] Built Mathlib.CategoryTheory.Limits.Shapes.Reflexive (14s)
✔ [3998/8034] Built Mathlib.LinearAlgebra.BilinearForm.Hom (12s)
✔ [3999/8034] Built Mathlib.Combinatorics.Hindman (4.8s)
✔ [4000/8034] Built Mathlib.Topology.Category.TopCat.ULift (5.2s)
✔ [4001/8034] Built Mathlib.Topology.KrullDimension (4.2s)
✔ [4002/8034] Built Mathlib.CategoryTheory.Limits.VanKampen (13s)
✔ [4003/8034] Built Mathlib.Analysis.Normed.Group.Defs (10s)
✔ [4004/8034] Built Mathlib.Topology.Algebra.Constructions (6.7s)
✔ [4005/8034] Built Mathlib.Topology.NatEmbedding (5.9s)
✔ [4006/8034] Built Mathlib.Topology.ExtremallyDisconnected (6.0s)
✔ [4007/8034] Built Mathlib.Topology.Compactification.OnePoint.Basic (9.1s)
✔ [4008/8034] Built Mathlib.Topology.Algebra.Constructions.DomMulAct (7.7s)
✔ [4009/8034] Built Mathlib.Topology.NoetherianSpace (6.1s)
✔ [4010/8034] Built Mathlib.Topology.OpenPartialHomeomorph.Basic (7.4s)
✔ [4011/8034] Built Mathlib.CategoryTheory.Limits.Presheaf (24s)
✔ [4012/8034] Built Mathlib.Topology.Maps.Proper.Basic (5.7s)
✔ [4013/8034] Built Mathlib.CategoryTheory.Limits.Shapes.Diagonal (23s)
✔ [4014/8034] Built Mathlib.CategoryTheory.Sites.Hypercover.Zero (19s)
✔ [4015/8034] Built Mathlib.CategoryTheory.Shift.Quotient (6.8s)
✔ [4016/8034] Built Mathlib.LinearAlgebra.AffineSpace.MidpointZero (5.8s)
✔ [4017/8034] Built Mathlib.CategoryTheory.Limits.FormalCoproducts (4.8s)
✔ [4018/8034] Built Mathlib.Topology.Category.TopCat.Limits.Products (17s)
✔ [4019/8034] Built Mathlib.CategoryTheory.Shift.Localization (10s)
✔ [4020/8034] Built Mathlib.Algebra.Algebra.Operations (27s)
✔ [4021/8034] Built Mathlib.GroupTheory.GroupAction.MultiplePrimitivity (25s)
✔ [4022/8034] Built Mathlib.CategoryTheory.ObjectProperty.FiniteProducts (5.8s)
✔ [4023/8034] Built Mathlib.LinearAlgebra.TensorPower.Symmetric (8.4s)
✔ [4024/8034] Built Mathlib.CategoryTheory.ObjectProperty.ColimitsCardinalClosure (6.1s)
✔ [4025/8034] Built Mathlib.LinearAlgebra.PiTensorProduct.DFinsupp (8.9s)
✔ [4026/8034] Built Mathlib.CategoryTheory.Localization.Bousfield (7.3s)
✔ [4027/8034] Built Mathlib.CategoryTheory.Preadditive.LiftToFinset (6.3s)
✔ [4028/8034] Built Mathlib.CategoryTheory.Sites.Preserves (6.3s)
✔ [4029/8034] Built Mathlib.Algebra.Polynomial.Eval.Subring (6.4s)
✔ [4030/8034] Built Mathlib.Algebra.Polynomial.Eval.SMul (6.6s)
✔ [4031/8034] Built Mathlib.RingTheory.Polynomial.Opposites (8.1s)
✔ [4032/8034] Built Mathlib.Algebra.Polynomial.Degree.Units (6.6s)
✔ [4033/8034] Built Mathlib.Analysis.Convex.Segment (18s)
✔ [4034/8034] Built Mathlib.Algebra.Polynomial.Degree.TrailingDegree (9.0s)
✔ [4035/8034] Built Mathlib.CategoryTheory.Center.Preadditive (5.1s)
✔ [4036/8034] Built Mathlib.CategoryTheory.Localization.Preadditive (5.4s)
✔ [4037/8034] Built Mathlib.LinearAlgebra.AffineSpace.Ordered (19s)
✔ [4038/8034] Built Mathlib.CategoryTheory.Linear.FunctorCategory (6.4s)
✔ [4039/8034] Built Mathlib.Algebra.Category.Grp.Kernels (6.3s)
✔ [4040/8034] Built Mathlib.FieldTheory.IsRealClosed.Basic (13s)
✔ [4041/8034] Built Mathlib.Algebra.Category.Grp.Adjunctions (8.4s)
✔ [4042/8034] Built Mathlib.CategoryTheory.Subobject.MonoOver (22s)
✔ [4043/8034] Built Mathlib.CategoryTheory.Abelian.NonPreadditive (13s)
✔ [4044/8034] Built Mathlib.LinearAlgebra.AffineSpace.Restrict (8.1s)
✔ [4045/8034] Built Mathlib.LinearAlgebra.AffineSpace.Pointwise (8.3s)
✔ [4046/8034] Built Mathlib.CategoryTheory.Localization.DerivabilityStructure.PointwiseRightDerived (6.0s)
✔ [4047/8034] Built Mathlib.CategoryTheory.GradedObject.Trifunctor (42s)
✔ [4048/8034] Built Mathlib.Algebra.Polynomial.Derivative (19s)
✔ [4049/8034] Built Mathlib.Topology.MetricSpace.Ultra.Basic (4.6s)
✔ [4050/8034] Built Mathlib.Algebra.Category.Grp.FilteredColimits (9.7s)
✔ [4051/8034] Built Mathlib.Combinatorics.Hall.Basic (4.8s)
✔ [4052/8034] Built Mathlib.CategoryTheory.Monoidal.Cartesian.Basic (29s)
✔ [4053/8034] Built Mathlib.CategoryTheory.Localization.DerivabilityStructure.Constructor (6.5s)
✔ [4054/8034] Built Mathlib.Combinatorics.SimpleGraph.Ends.Defs (5.2s)
✔ [4055/8034] Built Mathlib.Algebra.Category.Grp.Colimits (14s)
✔ [4056/8034] Built Mathlib.Combinatorics.SimpleGraph.Finsubgraph (5.7s)
✔ [4057/8034] Built Mathlib.LinearAlgebra.AffineSpace.Combination (14s)
✔ [4058/8034] Built Mathlib.RingTheory.PiTensorProduct (32s)
✔ [4059/8034] Built Mathlib.LinearAlgebra.Matrix.Permanent (4.6s)
✔ [4060/8034] Built Mathlib.LinearAlgebra.Matrix.DotProduct (5.7s)
✔ [4061/8034] Built Mathlib.LinearAlgebra.Matrix.StdBasis (4.4s)
✔ [4062/8034] Built Mathlib.LinearAlgebra.Matrix.Symmetric (4.1s)
✔ [4063/8034] Built Mathlib.RingTheory.Finiteness.Cardinality (4.8s)
✔ [4064/8034] Built Mathlib.Topology.Sheaves.PresheafOfFunctions (4.6s)
✔ [4065/8034] Built Mathlib.Algebra.Category.Grp.Limits (21s)
✔ [4066/8034] Built Mathlib.LinearAlgebra.Multilinear.Basis (5.2s)
✔ [4067/8034] Built Mathlib.Data.Matrix.ColumnRowPartitioned (6.1s)
✔ [4068/8034] Built Mathlib.CategoryTheory.Subfunctor.Finite (4.5s)
✔ [4069/8034] Built Mathlib.Topology.Order.Compact (7.7s)
✔ [4070/8034] Built Mathlib.Algebra.MonoidAlgebra.ToDirectSum (6.9s)
✔ [4071/8034] Built Mathlib.LinearAlgebra.Matrix.Notation (10s)
✔ [4072/8034] Built Mathlib.RingTheory.Coalgebra.Basic (22s)
✔ [4073/8034] Built Mathlib.Algebra.Colimit.Finiteness (4.7s)
✔ [4074/8034] Built Mathlib.GroupTheory.Torsion (7.5s)
✔ [4075/8034] Built Mathlib.GroupTheory.SpecificGroups.Dihedral (7.2s)
✔ [4076/8034] Built Mathlib.Algebra.Module.Presentation.RestrictScalars (5.9s)
✔ [4077/8034] Built Mathlib.CategoryTheory.SmallObject.Iteration.FunctorOfCocone (6.1s)
✔ [4078/8034] Built Mathlib.GroupTheory.Sylow (10s)
✔ [4079/8034] Built Mathlib.CategoryTheory.Limits.Shapes.Pullback.IsPullback.BicartesianSq (4.7s)
✔ [4080/8034] Built Mathlib.LinearAlgebra.TensorProduct.DirectLimit (8.0s)
✔ [4081/8034] Built Mathlib.CategoryTheory.Preadditive.Projective.Basic (4.7s)
✔ [4082/8034] Built Mathlib.CategoryTheory.Preadditive.OfBiproducts (4.3s)
✔ [4083/8034] Built Mathlib.CategoryTheory.SmallObject.Iteration.ExtendToSucc (6.6s)
✔ [4084/8034] Built Mathlib.AlgebraicTopology.SimplexCategory.Rev (4.1s)
✔ [4085/8034] Built Mathlib.CategoryTheory.Sites.Finite (2.6s)
✔ [4086/8034] Built Mathlib.CategoryTheory.Limits.Preserves.Shapes.Biproducts (5.3s)
✔ [4087/8034] Built Mathlib.CategoryTheory.Sites.Spaces (2.0s)
✔ [4088/8034] Built Mathlib.AlgebraicTopology.SimplexCategory.GeneratorsRelations.Basic (4.8s)
✔ [4089/8034] Built Mathlib.RingTheory.Localization.Module (10s)
✔ [4090/8034] Built Mathlib.CategoryTheory.Monad.Coequalizer (3.1s)
✔ [4091/8034] Built Mathlib.CategoryTheory.Monad.Equalizer (3.0s)
✔ [4092/8034] Built Mathlib.CategoryTheory.Sites.SheafOfTypes (4.3s)
✔ [4093/8034] Built Mathlib.CategoryTheory.Limits.Shapes.SequentialProduct (8.0s)
✔ [4094/8034] Built Mathlib.AlgebraicTopology.SimplexCategory.Truncated (5.2s)
✔ [4095/8034] Built Mathlib.Geometry.RingedSpace.PresheafedSpace (18s)
✔ [4096/8034] Built Mathlib.Topology.Algebra.Star (3.1s)
✔ [4097/8034] Built Mathlib.Algebra.Homology.ShortComplex.Homology (13s)
✔ [4098/8034] Built Mathlib.Topology.QuasiSeparated (3.4s)
✔ [4099/8034] Built Mathlib.Topology.OpenPartialHomeomorph.Continuity (3.3s)
✔ [4100/8034] Built Mathlib.LinearAlgebra.TensorPower.Basic (18s)
✔ [4101/8034] Built Mathlib.Topology.Maps.Proper.UniversallyClosed (3.2s)
✔ [4102/8034] Built Mathlib.Topology.LocalAtTarget (3.7s)
✔ [4103/8034] Built Mathlib.Topology.Spectral.Hom (3.3s)
✔ [4104/8034] Built Mathlib.Topology.UniformSpace.Cauchy (5.2s)
✔ [4105/8034] Built Mathlib.CategoryTheory.Limits.Preserves.FunctorCategory (4.5s)
✔ [4106/8034] Built Mathlib.CategoryTheory.ObjectProperty.SiteLocal (2.0s)
✔ [4107/8034] Built Mathlib.Topology.IsClosedRestrict (3.5s)
✔ [4108/8034] Built Mathlib.CategoryTheory.Sites.JointlySurjective (3.1s)
✔ [4109/8034] Built Mathlib.CategoryTheory.Sites.Hypercover.ZeroFamily (3.3s)
✔ [4110/8034] Built Mathlib.Topology.Maps.Proper.CompactlyGenerated (4.4s)
✔ [4111/8034] Built Mathlib.Topology.Category.TopCat.Yoneda (3.2s)
✔ [4112/8034] Built Mathlib.CategoryTheory.Galois.Basic (4.7s)
✔ [4113/8034] Built Mathlib.LinearAlgebra.SModEq.Pointwise (3.1s)
✔ [4114/8034] Built Mathlib.Topology.Algebra.ConstMulAction (9.9s)
✔ [4115/8034] Built Mathlib.CategoryTheory.Center.Linear (3.3s)
✔ [4116/8034] Built Mathlib.Topology.Category.TopCat.Limits.Pullbacks (5.1s)
✔ [4117/8034] Built Mathlib.CategoryTheory.MorphismProperty.Limits (6.5s)
✔ [4118/8034] Built Mathlib.CategoryTheory.Center.NegOnePow (2.9s)
✔ [4119/8034] Built Mathlib.LinearAlgebra.PiTensorProduct.DirectSum (4.8s)
✔ [4120/8034] Built Mathlib.Algebra.Polynomial.Eval.Degree (4.4s)
✔ [4121/8034] Built Mathlib.AlgebraicTopology.SimplicialObject.Basic (14s)
✔ [4122/8034] Built Mathlib.Analysis.Convex.Star (5.5s)
✔ [4123/8034] Built Mathlib.CategoryTheory.Subterminal (3.8s)
✔ [4124/8034] Built Mathlib.CategoryTheory.Localization.DerivabilityStructure.Derives (3.3s)
✔ [4125/8034] Built Mathlib.Algebra.Algebra.Subalgebra.Lattice (8.3s)
✔ [4126/8034] Built Mathlib.Topology.MetricSpace.Ultra.TotallySeparated (3.2s)
✔ [4127/8034] Built Mathlib.CategoryTheory.GradedObject.Associator (3.0s)
✔ [4128/8034] Built Mathlib.Algebra.Polynomial.Identities (3.9s)
✔ [4129/8034] Built Mathlib.RingTheory.Polynomial.Hermite.Basic (4.2s)
✔ [4130/8034] Built Mathlib.Algebra.DirectSum.Internal (9.4s)
✔ [4131/8034] Built Mathlib.Algebra.Homology.ComplexShapeSigns (4.9s)
✔ [4132/8034] Built Mathlib.CategoryTheory.Subobject.Basic (6.5s)
✔ [4133/8034] Built Mathlib.CategoryTheory.Monoidal.Cartesian.InfSemilattice (2.4s)
✔ [4134/8034] Built Mathlib.GroupTheory.GroupAction.Jordan (9.5s)
✔ [4135/8034] Built Mathlib.CategoryTheory.Monoidal.Closed.Functor (3.2s)
✔ [4136/8034] Built Mathlib.Combinatorics.SimpleGraph.Hall (4.1s)
✔ [4137/8034] Built Mathlib.CategoryTheory.Monoidal.Closed.Cartesian (3.1s)
✔ [4138/8034] Built Mathlib.CategoryTheory.Monoidal.Cartesian.Mod_ (2.5s)
✔ [4139/8034] Built Mathlib.CategoryTheory.Localization.DerivabilityStructure.OfFunctorialResolutions (2.8s)
✔ [4140/8034] Built Mathlib.CategoryTheory.Monoidal.Types.Basic (2.9s)
✔ [4141/8034] Built Mathlib.CategoryTheory.Monoidal.Cartesian.Comon_ (3.3s)
✔ [4142/8034] Built Mathlib.Algebra.Category.Ring.FilteredColimits (6.0s)
✔ [4143/8034] Built Mathlib.Combinatorics.SimpleGraph.Ends.Properties (2.8s)
✔ [4144/8034] Built Mathlib.CategoryTheory.Monoidal.Cartesian.Cat (3.3s)
✔ [4145/8034] Built Mathlib.CategoryTheory.Monoidal.OfHasFiniteProducts (4.2s)
✔ [4146/8034] Built Mathlib.LinearAlgebra.TensorProduct.Tower (44s)
✔ [4147/8034] Built Mathlib.LinearAlgebra.AffineSpace.Centroid (3.7s)
✔ [4148/8034] Built Mathlib.LinearAlgebra.PiTensorProduct.Finsupp (3.3s)
✔ [4149/8034] Built Mathlib.RingTheory.Ideal.Operations (13s)
✔ [4150/8034] Built Mathlib.LinearAlgebra.Matrix.Circulant (2.7s)
✔ [4151/8034] Built Mathlib.LinearAlgebra.FreeModule.Finite.Basic (2.6s)
✔ [4152/8034] Built Mathlib.Topology.Order.Rolle (2.6s)
✔ [4153/8034] Built Mathlib.RingTheory.OrzechProperty (2.9s)
✔ [4154/8034] Built Mathlib.Combinatorics.Optimization.ValuedCSP (2.6s)
✔ [4155/8034] Built Mathlib.Data.Matrix.Reflection (3.0s)
✔ [4156/8034] Built Mathlib.CategoryTheory.Monoidal.Cartesian.Mon_ (7.4s)
✔ [4157/8034] Built Mathlib.LinearAlgebra.Matrix.Trace (3.7s)
✔ [4158/8034] Built Mathlib.RingTheory.Coalgebra.MulOpposite (3.4s)
✔ [4159/8034] Built Mathlib.GroupTheory.SpecificGroups.Alternating.KleinFour (3.4s)
✔ [4160/8034] Built Mathlib.LinearAlgebra.AffineSpace.Independent (7.8s)
✔ [4161/8034] Built Mathlib.GroupTheory.SpecificGroups.Quaternion (4.1s)
✔ [4162/8034] Built Mathlib.GroupTheory.CommutingProbability (4.4s)
✔ [4163/8034] Built Mathlib.Algebra.Colimit.TensorProduct (2.9s)
✔ [4164/8034] Built Mathlib.CategoryTheory.Preadditive.Projective.Preserves (2.4s)
✔ [4165/8034] Built Mathlib.RingTheory.Coalgebra.Hom (5.4s)
✔ [4166/8034] Built Mathlib.Algebra.Module.ZMod (3.7s)
✔ [4167/8034] Built Mathlib.GroupTheory.RegularWreathProduct (4.5s)
✔ [4168/8034] Built Mathlib.GroupTheory.Transfer (4.7s)
✔ [4169/8034] Built Mathlib.CategoryTheory.Preadditive.Injective.Basic (2.7s)
✔ [4170/8034] Built Mathlib.GroupTheory.Nilpotent (5.4s)
✔ [4171/8034] Built Mathlib.CategoryTheory.SmallObject.Iteration.Nonempty (3.5s)
✔ [4172/8034] Built Mathlib.AlgebraicTopology.SimplexCategory.GeneratorsRelations.EpiMono (3.1s)
✔ [4173/8034] Built Mathlib.CategoryTheory.Adjunction.Lifting.Left (3.3s)
✔ [4174/8034] Built Mathlib.CategoryTheory.Adjunction.Lifting.Right (3.5s)
✔ [4175/8034] Built Mathlib.CategoryTheory.Sites.Closed (3.1s)
✔ [4176/8034] Built Mathlib.CategoryTheory.Monad.Monadicity (4.2s)
✔ [4177/8034] Built Mathlib.CategoryTheory.Sites.PrecoverageToGrothendieck (3.3s)
✔ [4178/8034] Built Mathlib.CategoryTheory.Monad.Comonadicity (4.3s)
✔ [4179/8034] Built Mathlib.LinearAlgebra.Alternating.Basic (11s)
✔ [4180/8034] Built Mathlib.Algebra.Category.Ring.Limits (11s)
✔ [4181/8034] Built Mathlib.Topology.Algebra.Star.Real (2.7s)
✔ [4182/8034] Built Mathlib.Algebra.Homology.ShortComplex.QuasiIso (2.0s)
✔ [4183/8034] Built Mathlib.AlgebraicTopology.SimplexCategory.MorphismProperty (3.3s)
✔ [4184/8034] Built Mathlib.Topology.JacobsonSpace (2.1s)
✔ [4185/8034] Built Mathlib.Topology.OpenPartialHomeomorph.IsImage (2.8s)
✔ [4186/8034] Built Mathlib.LinearAlgebra.TensorPower.Pairing (2.7s)
✔ [4187/8034] Built Mathlib.GroupTheory.Coxeter.Matrix (12s)
✔ [4188/8034] Built Mathlib.Topology.Sets.Compacts (4.5s)
✔ [4189/8034] Built Mathlib.Topology.UniformSpace.UniformEmbedding (3.5s)
✔ [4190/8034] Built Mathlib.Topology.Algebra.Algebra.Rat (2.7s)
✔ [4191/8034] Built Mathlib.CategoryTheory.Galois.GaloisObjects (3.1s)
✔ [4192/8034] Built Mathlib.Topology.UniformSpace.UniformConvergence (3.2s)
✔ [4193/8034] Built Mathlib.Topology.Algebra.ProperConstSMul (3.1s)
✔ [4194/8034] Built Mathlib.CategoryTheory.Limits.FilteredColimitCommutesFiniteLimit (4.5s)
✔ [4195/8034] Built Mathlib.CategoryTheory.Preadditive.Biproducts (10s)
✔ [4196/8034] Built Mathlib.Topology.Algebra.MulAction (4.1s)
✔ [4197/8034] Built Mathlib.Dynamics.Minimal (3.1s)
✔ [4198/8034] Built Mathlib.Topology.Category.TopCat.EffectiveEpi (2.4s)
✔ [4199/8034] Built Mathlib.CategoryTheory.Sites.Sheaf (8.8s)
✔ [4200/8034] Built Mathlib.Algebra.Module.LocalizedModule.Submodule (10s)
✔ [4201/8034] Built Mathlib.CategoryTheory.Types.Monomorphisms (2.3s)
✔ [4202/8034] Built Mathlib.CategoryTheory.MorphismProperty.Local (2.6s)
✔ [4203/8034] Built Mathlib.CategoryTheory.Localization.FiniteProducts (2.6s)
✔ [4204/8034] Built Mathlib.AlgebraicTopology.ModelCategory.JoyalTrick (2.6s)
✔ [4205/8034] Built Mathlib.CategoryTheory.MorphismProperty.LiftingProperty (2.3s)
✔ [4206/8034] Built Mathlib.CategoryTheory.Limits.Shapes.Pullback.Square (1.0s)
✔ [4207/8034] Built Mathlib.Topology.Gluing (4.9s)
✔ [4208/8034] Built Mathlib.Algebra.Polynomial.Eval.Irreducible (2.4s)
✔ [4209/8034] Built Mathlib.AlgebraicTopology.RelativeCellComplex.AttachCells (3.5s)
✔ [4210/8034] Built Mathlib.CategoryTheory.Extensive (6.4s)
✔ [4211/8034] Built Mathlib.AlgebraicTopology.SimplicialObject.Op (2.9s)
✔ [4212/8034] Built Mathlib.CategoryTheory.MorphismProperty.Descent (4.4s)
✔ [4213/8034] Built Mathlib.AlgebraicTopology.SimplicialObject.Coskeletal (2.9s)
✔ [4214/8034] Built Mathlib.Algebra.Group.ForwardDiff (4.2s)
✔ [4215/8034] Built Mathlib.AlgebraicTopology.SimplicialObject.II (3.1s)
✔ [4216/8034] Built Mathlib.CategoryTheory.Limits.FormalCoproducts.Cech (3.8s)
✔ [4217/8034] Built Mathlib.Algebra.Polynomial.Degree.Lemmas (4.3s)
✔ [4218/8034] Built Mathlib.AlgebraicTopology.SimplexCategory.Augmented.Basic (4.6s)
✔ [4219/8034] Built Mathlib.AlgebraicTopology.SimplicialObject.Split (4.0s)
✔ [4220/8034] Built Mathlib.AlgebraicTopology.SimplicialSet.Basic (3.8s)
✔ [4221/8034] Built Mathlib.CategoryTheory.MorphismProperty.OverAdjunction (7.5s)
✔ [4222/8034] Built Mathlib.Algebra.Algebra.Subalgebra.Pi (2.3s)
✔ [4223/8034] Built Mathlib.Algebra.Algebra.Subalgebra.Prod (2.5s)
✔ [4224/8034] Built Mathlib.RingTheory.Finiteness.Subalgebra (2.3s)
✔ [4225/8034] Built Mathlib.Algebra.Central.Defs (2.2s)
✔ [4226/8034] Built Mathlib.CategoryTheory.MorphismProperty.Representable (8.5s)
✔ [4227/8034] Built Mathlib.Algebra.FreeAlgebra (5.3s)
✔ [4228/8034] Built Mathlib.Algebra.Algebra.Subalgebra.Pointwise (2.0s)
✔ [4229/8034] Built Mathlib.Analysis.Convex.Basic (6.6s)
✔ [4230/8034] Built Mathlib.Algebra.Algebra.Subalgebra.MulOpposite (3.5s)
✔ [4231/8034] Built Mathlib.Algebra.Algebra.Subalgebra.Directed (3.4s)
✔ [4232/8034] Built Mathlib.Algebra.Algebra.Subalgebra.Tower (3.3s)
✔ [4233/8034] Built Mathlib.CategoryTheory.Subobject.Presheaf (2.3s)
✔ [4234/8034] Built Mathlib.Algebra.Polynomial.AlgebraMap (7.4s)
✔ [4235/8034] Built Mathlib.CategoryTheory.Subobject.HasCardinalLT (2.2s)
✔ [4236/8034] Built Mathlib.CategoryTheory.Subfunctor.Subobject (2.9s)
✔ [4237/8034] Built Mathlib.RingTheory.Congruence.Hom (7.8s)
✔ [4238/8034] Built Mathlib.CategoryTheory.Subobject.WellPowered (2.3s)
✔ [4239/8034] Built Mathlib.CategoryTheory.Dialectica.Basic (3.5s)
✔ [4240/8034] Built Mathlib.CategoryTheory.Subobject.FactorThru (2.7s)
✔ [4241/8034] Built Mathlib.CategoryTheory.GradedObject.Unitor (5.6s)
✔ [4242/8034] Built Mathlib.CategoryTheory.Monoidal.Closed.Zero (3.0s)
✔ [4243/8034] Built Mathlib.RingTheory.GradedAlgebra.Basic (7.2s)
✔ [4244/8034] Built Mathlib.AlgebraicTopology.CechNerve (13s)
✔ [4245/8034] Built Mathlib.CategoryTheory.Monoidal.Types.Coyoneda (3.0s)
✔ [4246/8034] Built Mathlib.CategoryTheory.Monoidal.Closed.Ideal (4.1s)
✔ [4247/8034] Built Mathlib.Algebra.MvPolynomial.Basic (9.0s)
✔ [4248/8034] Built Mathlib.CategoryTheory.Monoidal.Internal.Types.Basic (3.8s)
✔ [4249/8034] Built Mathlib.CategoryTheory.Monoidal.Functor.Types (3.6s)
✔ [4250/8034] Built Mathlib.CategoryTheory.Monoidal.Cartesian.FunctorCategory (4.4s)
✔ [4251/8034] Built Mathlib.CategoryTheory.CopyDiscardCategory.Cartesian (2.0s)
✔ [4252/8034] Built Mathlib.CategoryTheory.Category.Cat.CartesianClosed (3.3s)
✔ [4253/8034] Built Mathlib.GroupTheory.Perm.MaximalSubgroups (5.5s)
✔ [4254/8034] Built Mathlib.Algebra.Star.Subalgebra (11s)
✔ [4255/8034] Built Mathlib.CategoryTheory.LocallyCartesianClosed.ChosenPullbacksAlong (40s)
✔ [4256/8034] Built Mathlib.LinearAlgebra.PiTensorProduct.Basis (2.9s)
✔ [4257/8034] Built Mathlib.RingTheory.Finiteness.Nakayama (2.8s)
✔ [4258/8034] Built Mathlib.CategoryTheory.Monoidal.Cartesian.CommMon_ (2.7s)
✔ [4259/8034] Built Mathlib.RingTheory.UniqueFactorizationDomain.Ideal (2.8s)
✔ [4260/8034] Built Mathlib.RingTheory.Coprime.Ideal (3.5s)
✔ [4261/8034] Built Mathlib.LinearAlgebra.TensorProduct.Pi (4.9s)
✔ [4262/8034] Built Mathlib.RingTheory.Ideal.IsPrincipalPowQuotient (4.5s)
✔ [4263/8034] Built Mathlib.LinearAlgebra.Matrix.Hadamard (3.6s)
✔ [4264/8034] Built Mathlib.Algebra.TrivSqZeroExt (17s)
✔ [4265/8034] Built Mathlib.CategoryTheory.Preadditive.Injective.Preserves (2.4s)
✔ [4266/8034] Built Mathlib.RingTheory.HahnSeries.Multiplication (16s)
✔ [4267/8034] Built Mathlib.LinearAlgebra.TensorProduct.Prod (7.0s)
✔ [4268/8034] Built Mathlib.GroupTheory.Frattini (2.8s)
✔ [4269/8034] Built Mathlib.GroupTheory.Schreier (3.6s)
✔ [4270/8034] Built Mathlib.LinearAlgebra.DirectSum.TensorProduct (7.1s)
✔ [4271/8034] Built Mathlib.GroupTheory.SchurZassenhaus (3.5s)
✔ [4272/8034] Built Mathlib.CategoryTheory.Monoidal.Closed.FunctorCategory.Complete (2.6s)
✔ [4273/8034] Built Mathlib.LinearAlgebra.AffineSpace.Basis (6.0s)
✔ [4274/8034] Built Mathlib.Algebra.Homology.ShortComplex.Retract (2.0s)
✔ [4275/8034] Built Mathlib.LinearAlgebra.Alternating.Curry (3.6s)
✔ [4276/8034] Built Mathlib.Topology.OpenPartialHomeomorph.Composition (3.6s)
✔ [4277/8034] Built Mathlib.Topology.Baire.LocallyCompactRegular (3.1s)
✔ [4278/8034] Built Mathlib.RingTheory.Ideal.Maps (9.8s)
✔ [4279/8034] Built Mathlib.Topology.Spectral.Prespectral (3.7s)
✔ [4280/8034] Built Mathlib.Topology.Sets.VietorisTopology (3.6s)
✔ [4281/8034] Built Mathlib.RingTheory.Coalgebra.Equiv (8.1s)
✔ [4282/8034] Built Mathlib.Topology.UniformSpace.CompleteSeparated (2.7s)
✔ [4283/8034] Built Mathlib.LinearAlgebra.AffineSpace.Simplex.Basic (8.8s)
✔ [4284/8034] Built Mathlib.Topology.UniformSpace.Pi (2.8s)
✔ [4285/8034] Built Mathlib.Topology.UniformSpace.LocallyUniformConvergence (3.1s)
✔ [4286/8034] Built Mathlib.CategoryTheory.Filtered.CostructuredArrow (2.8s)
✔ [4287/8034] Built Mathlib.GroupTheory.Coxeter.Basic (6.4s)
✔ [4288/8034] Built Mathlib.CategoryTheory.Galois.Decomposition (3.0s)
✔ [4289/8034] Built Mathlib.LinearAlgebra.Matrix.Determinant.Basic (8.8s)
✔ [4290/8034] Built Mathlib.LinearAlgebra.Alternating.DomCoprod (8.5s)
✔ [4291/8034] Built Mathlib.Algebra.Category.Grp.Biproducts (3.6s)
✔ [4292/8034] Built Mathlib.AlgebraicTopology.SimplexCategory.GeneratorsRelations.NormalForms (9.0s)
✔ [4293/8034] Built Mathlib.CategoryTheory.Limits.Preserves.Presheaf (4.0s)
✔ [4294/8034] Built Mathlib.Topology.Algebra.Order.Module (2.8s)
✔ [4295/8034] Built Mathlib.Algebra.Homology.ShortComplex.PreservesHomology (8.9s)
✔ [4296/8034] Built Mathlib.CategoryTheory.Preadditive.AdditiveFunctor (4.3s)
✔ [4297/8034] Built Mathlib.Dynamics.Transitive (2.7s)
✔ [4298/8034] Built Mathlib.Topology.Sheaves.Sheaf (2.5s)
✔ [4299/8034] Built Mathlib.Algebra.Homology.CommSq (5.3s)
✔ [4300/8034] Built Mathlib.CategoryTheory.Monoidal.Grp_ (15s)
✔ [4301/8034] Built Mathlib.CategoryTheory.Sites.CoversTop (2.4s)
✔ [4302/8034] Built Mathlib.CategoryTheory.Preadditive.Injective.LiftingProperties (2.4s)
✔ [4303/8034] Built Mathlib.CategoryTheory.Sites.Sheafification (3.3s)
✔ [4304/8034] Built Mathlib.CategoryTheory.Sites.Coverage (3.7s)
✔ [4305/8034] Built Mathlib.CategoryTheory.Functor.Flat (7.1s)
✔ [4306/8034] Built Mathlib.CategoryTheory.Preadditive.Projective.LiftingProperties (2.5s)
✔ [4307/8034] Built Mathlib.CategoryTheory.MorphismProperty.RetractArgument (2.9s)
✔ [4308/8034] Built Mathlib.CategoryTheory.Sites.Whiskering (4.2s)
✔ [4309/8034] Built Mathlib.CategoryTheory.Limits.Preserves.Shapes.Square (2.8s)
✔ [4310/8034] Built Mathlib.CategoryTheory.EffectiveEpi.Extensive (3.0s)
✔ [4311/8034] Built Mathlib.Algebra.Polynomial.OfFn (3.5s)
✔ [4312/8034] Built Mathlib.CategoryTheory.Action.Continuous (7.8s)
✔ [4313/8034] Built Mathlib.AlgebraicTopology.SimplexCategory.Augmented (2.9s)
✔ [4314/8034] Built Mathlib.CategoryTheory.Sites.Plus (6.6s)
✔ [4315/8034] Built Mathlib.CategoryTheory.Adhesive.Basic (4.4s)
✔ [4316/8034] Built Mathlib.RingTheory.Polynomial.Pochhammer (4.2s)
✔ [4317/8034] Built Mathlib.Topology.Category.CompHausLike.Limits (4.6s)
✔ [4318/8034] Built Mathlib.AlgebraicTopology.SimplicialSet.RegularEpi (2.7s)
✔ [4319/8034] Built Mathlib.Topology.Algebra.Monoid (8.4s)
✔ [4320/8034] Built Mathlib.Tactic.ComputeDegree (4.2s)
✔ [4321/8034] Built Mathlib.AlgebraicTopology.SimplicialSet.Op (3.1s)
✔ [4322/8034] Built Mathlib.Algebra.Polynomial.EraseLead (5.3s)
✔ [4323/8034] Built Mathlib.CategoryTheory.Abelian.Basic (11s)
✔ [4324/8034] Built Mathlib.Algebra.Central.Matrix (2.5s)
✔ [4325/8034] Built Mathlib.CategoryTheory.SmallObject.Construction (7.3s)
✔ [4326/8034] Built Mathlib.Algebra.Central.Basic (2.7s)
✔ [4327/8034] Built Mathlib.Algebra.Star.Free (2.8s)
✔ [4328/8034] Built Mathlib.AlgebraicTopology.SimplicialSet.CompStructTruncated (5.1s)
✔ [4329/8034] Built Mathlib.Analysis.Convex.NNReal (3.3s)
✔ [4330/8034] Built Mathlib.Algebra.CharP.Algebra (3.5s)
✔ [4331/8034] Built Mathlib.RingTheory.Adjoin.Basic (3.5s)
✔ [4332/8034] Built Mathlib.Analysis.Convex.Hull (3.7s)
✔ [4333/8034] Built Mathlib.AlgebraicTopology.SimplicialSet.Subcomplex (4.7s)
✔ [4334/8034] Built Mathlib.RingTheory.Polynomial.Tower (3.2s)
✔ [4335/8034] Built Mathlib.CategoryTheory.Topos.Classifier (4.0s)
✔ [4336/8034] Built Mathlib.RingTheory.Algebraic.Pi (3.0s)
✔ [4337/8034] Built Mathlib.Algebra.Ring.Subring.IntPolynomial (2.7s)
✔ [4338/8034] Built Mathlib.RingTheory.Polynomial.Wronskian (3.3s)
✔ [4339/8034] Built Mathlib.Algebra.Polynomial.Smeval (4.6s)
✔ [4340/8034] Built Mathlib.RingTheory.Polynomial.ShiftedLegendre (3.9s)
✔ [4341/8034] Built Mathlib.RingTheory.Algebraic.Defs (3.1s)
✔ [4342/8034] Built Mathlib.CategoryTheory.Subobject.Types (2.0s)
✔ [4343/8034] Built Mathlib.RingTheory.Adjoin.Polynomial (3.2s)
✔ [4344/8034] Built Mathlib.CategoryTheory.Subobject.Comma (4.2s)
✔ [4345/8034] Built Mathlib.RingTheory.GradedAlgebra.Homogeneous.Subsemiring (4.2s)
✔ [4346/8034] Built Mathlib.RingTheory.GradedAlgebra.Homogeneous.Submodule (4.1s)
✔ [4347/8034] Built Mathlib.Tactic.Ring.NamePolyVars (3.4s)
✔ [4348/8034] Built Mathlib.Analysis.Convex.Function (10s)
✔ [4349/8034] Built Mathlib.Algebra.MvPolynomial.Invertible (2.8s)
✔ [4350/8034] Built Mathlib.Algebra.MonoidAlgebra.Grading (6.2s)
✔ [4351/8034] Built Mathlib.RingTheory.MvPolynomial.WeightedHomogeneous (6.1s)
✔ [4352/8034] Built Mathlib.CategoryTheory.Subobject.Lattice (8.6s)
✔ [4353/8034] Built Mathlib.CategoryTheory.Enriched.Basic (7.2s)
✔ [4354/8034] Built Mathlib.Algebra.Module.GradedModule (7.4s)
✔ [4355/8034] Built Mathlib.CategoryTheory.Monoidal.Closed.Types (3.5s)
✔ [4356/8034] Built Mathlib.FieldTheory.IntermediateField.Basic (15s)
✔ [4357/8034] Built Mathlib.RingTheory.Derivation.Basic (13s)
✔ [4358/8034] Built Mathlib.RingTheory.Ideal.IdempotentFG (3.5s)
✔ [4359/8034] Built Mathlib.LinearAlgebra.PiTensorProduct.Dual (5.7s)
✔ [4360/8034] Built Mathlib.RingTheory.Noetherian.UniqueFactorizationDomain (3.6s)
✔ [4361/8034] Built Mathlib.CategoryTheory.LocallyCartesianClosed.ExponentiableMorphism (4.3s)
✔ [4362/8034] Built Mathlib.CategoryTheory.GradedObject.Monoidal (12s)
✔ [4363/8034] Built Mathlib.GroupTheory.SpecificGroups.Alternating.MaximalSubgroups (7.2s)
✔ [4364/8034] Built Mathlib.Combinatorics.SimpleGraph.AdjMatrix (4.3s)
✔ [4365/8034] Built Mathlib.RingTheory.UniqueFactorizationDomain.Kaplansky (4.8s)
✔ [4366/8034] Built Mathlib.Algebra.MvPolynomial.Eval (8.9s)
✔ [4367/8034] Built Mathlib.RingTheory.MvPowerSeries.Basic (11s)
✔ [4368/8034] Built Mathlib.AlgebraicTopology.SimplexCategory.Augmented.Monoidal (22s)
✔ [4369/8034] Built Mathlib.Algebra.Algebra.Subalgebra.Unitization (8.8s)
✔ [4370/8034] Built Mathlib.Topology.IsLocalHomeomorph (2.6s)
✔ [4371/8034] Built Mathlib.Topology.OpenPartialHomeomorph.Constructions (3.6s)
✔ [4372/8034] Built Mathlib.RingTheory.Finiteness.Ideal (3.6s)
✔ [4373/8034] Built Mathlib.LinearAlgebra.Alternating.Uncurry.Fin (5.4s)
✔ [4374/8034] Built Mathlib.LinearAlgebra.TensorAlgebra.Basic (6.6s)
✔ [4375/8034] Built Mathlib.Algebra.Vertex.HVertexOperator (5.9s)
✔ [4376/8034] Built Mathlib.CategoryTheory.LocallyCartesianClosed.Over (11s)
✔ [4377/8034] Built Mathlib.RingTheory.Ideal.Quotient.PowTransition (4.8s)
✔ [4378/8034] Built Mathlib.LinearAlgebra.DirectSum.Finsupp (7.1s)
✔ [4379/8034] Built Mathlib.Algebra.Algebra.Subalgebra.Operations (3.1s)
✔ [4380/8034] Built Mathlib.RingTheory.Jacobson.Radical (5.3s)
✔ [4381/8034] Built Mathlib.RingTheory.Polynomial.Chebyshev (22s)
✔ [4382/8034] Built Mathlib.Algebra.CharP.Quotient (3.1s)
✔ [4383/8034] Built Mathlib.Algebra.Algebra.Spectrum.Basic (6.3s)
✔ [4384/8034] Built Mathlib.RingTheory.Ideal.Pointwise (3.7s)
✔ [4385/8034] Built Mathlib.RingTheory.Ideal.Prod (3.5s)
✔ [4386/8034] Built Mathlib.RingTheory.HahnSeries.Lex (10s)
✔ [4387/8034] Built Mathlib.Topology.Spectral.Basic (2.8s)
✔ [4388/8034] Built Mathlib.Algebra.DualNumber (11s)
✔ [4389/8034] Built Mathlib.Topology.Constructible (4.3s)
✔ [4390/8034] Built Mathlib.RingTheory.HahnSeries.Summable (12s)
✔ [4391/8034] Built Mathlib.Topology.UniformSpace.Ultra.Constructions (2.8s)
✔ [4392/8034] Built Mathlib.Topology.Metrizable.Basic (2.8s)
✔ [4393/8034] Built Mathlib.LinearAlgebra.TensorProduct.Quotient (11s)
✔ [4394/8034] Built Mathlib.Topology.UniformSpace.Equiv (4.4s)
✔ [4395/8034] Built Mathlib.Topology.UniformSpace.UniformApproximation (2.9s)
✔ [4396/8034] Built Mathlib.Algebra.Polynomial.Module.AEval (13s)
✔ [4397/8034] Built Mathlib.Topology.UniformSpace.Closeds (6.8s)
✔ [4398/8034] Built Mathlib.RingTheory.Ideal.Colon (10s)
✔ [4399/8034] Built Mathlib.GroupTheory.Coxeter.Length (4.3s)
✔ [4400/8034] Built Mathlib.RingTheory.Valuation.Basic (10s)
✔ [4401/8034] Built Mathlib.RingTheory.Localization.Away.Basic (11s)
✔ [4402/8034] Built Mathlib.LinearAlgebra.AffineSpace.Ceva (7.5s)
✔ [4403/8034] Built Mathlib.Topology.EMetricSpace.Basic (6.4s)
✔ [4404/8034] Built Mathlib.LinearAlgebra.Matrix.AbsoluteValue (3.3s)
✔ [4405/8034] Built Mathlib.LinearAlgebra.Matrix.Determinant.TotallyUnimodular (3.5s)
✔ [4406/8034] Built Mathlib.LinearAlgebra.AffineSpace.Simplex.Centroid (8.4s)
✔ [4407/8034] Built Mathlib.LinearAlgebra.Matrix.Determinant.Misc (3.3s)
✔ [4408/8034] Built Mathlib.LinearAlgebra.CrossProduct (5.3s)
✔ [4409/8034] Built Mathlib.LinearAlgebra.Matrix.Reindex (3.5s)
✔ [4410/8034] Built Mathlib.CategoryTheory.Galois.Prorepresentability (6.5s)
✔ [4411/8034] Built Mathlib.CategoryTheory.Center.Localization (2.7s)
✔ [4412/8034] Built Mathlib.Algebra.Category.Grp.CartesianMonoidal (3.4s)
✔ [4413/8034] Built Mathlib.CategoryTheory.ObjectProperty.ShiftAdditive (2.4s)
✔ [4414/8034] Built Mathlib.CategoryTheory.Preadditive.LeftExact (2.7s)
✔ [4415/8034] Built Mathlib.CategoryTheory.Preadditive.EilenbergMoore (2.9s)
✔ [4416/8034] Built Mathlib.CategoryTheory.Preadditive.EndoFunctor (2.9s)
✔ [4417/8034] Built Mathlib.CategoryTheory.Preadditive.Transfer (2.3s)
✔ [4418/8034] Built Mathlib.CategoryTheory.Quotient.Preadditive (2.8s)
✔ [4419/8034] Built Mathlib.CategoryTheory.Shift.Pullback (5.1s)
✔ [4420/8034] Built Mathlib.Data.Matrix.Cartan (8.8s)
✔ [4421/8034] Built Mathlib.CategoryTheory.Localization.CalculusOfFractions.Preadditive (3.5s)
✔ [4422/8034] Built Mathlib.CategoryTheory.Preadditive.Opposite (3.1s)
✔ [4423/8034] Built Mathlib.CategoryTheory.Shift.ShiftSequence (4.2s)
✔ [4424/8034] Built Mathlib.Topology.Sheaves.Forget (2.2s)
✔ [4425/8034] Built Mathlib.Topology.Sets.CompactOpenCovered (14s)
✔ [4426/8034] Built Mathlib.CategoryTheory.Linear.LinearFunctor (2.8s)
✔ [4427/8034] Built Mathlib.RingTheory.Coalgebra.TensorProduct (14s)
✔ [4428/8034] Built Mathlib.Algebra.Homology.Square (2.2s)
✔ [4429/8034] Built Mathlib.CategoryTheory.Monoidal.Internal.Types.Grp_ (2.3s)
✔ [4430/8034] Built Mathlib.CategoryTheory.Monoidal.Preadditive (4.6s)
✔ [4431/8034] Built Mathlib.CategoryTheory.Sites.Localization (2.1s)
✔ [4432/8034] Built Mathlib.CategoryTheory.Sites.Coherent.Basic (2.5s)
✔ [4433/8034] Built Mathlib.CategoryTheory.Filtered.Flat (2.3s)
✔ [4434/8034] Built Mathlib.CategoryTheory.MorphismProperty.WeakFactorizationSystem (2.3s)
✔ [4435/8034] Built Mathlib.CategoryTheory.Sites.MorphismProperty (2.7s)
✔ [4436/8034] Built Mathlib.CategoryTheory.Adhesive (2.5s)
✔ [4437/8034] Built Mathlib.CategoryTheory.Sites.Limits (3.3s)
✔ [4438/8034] Built Mathlib.CategoryTheory.Sites.Canonical (3.1s)
✔ [4439/8034] Built Mathlib.Algebra.Category.ModuleCat.Basic (9.8s)
✔ [4440/8034] Built Mathlib.CategoryTheory.Preadditive.Mat (10s)
✔ [4441/8034] Built Mathlib.Topology.Category.CompHausLike.Cartesian (2.8s)
✔ [4442/8034] Built Mathlib.Topology.Category.CompHausLike.SigmaComparison (2.4s)
✔ [4443/8034] Built Mathlib.Topology.Algebra.Group.Units (2.6s)
✔ [4444/8034] Built Mathlib.Topology.Algebra.Group.AddTorsor (2.5s)
✔ [4445/8034] Built Mathlib.Topology.ApproximateUnit (2.2s)
✔ [4446/8034] Built Mathlib.CategoryTheory.Sites.CompatiblePlus (4.9s)
✔ [4447/8034] Built Mathlib.Topology.Algebra.GroupWithZero (3.4s)
✔ [4448/8034] Built Mathlib.Dynamics.Flow (3.3s)
✔ [4449/8034] Built Mathlib.Topology.Algebra.Monoid.FunOnFinite (2.4s)
✔ [4450/8034] Built Mathlib.CategoryTheory.Monoidal.CommGrp_ (7.2s)
✔ [4451/8034] Built Mathlib.CategoryTheory.Monoidal.Cartesian.Over (8.0s)
✔ [4452/8034] Built Mathlib.CategoryTheory.Sites.ConcreteSheafification (5.9s)
✔ [4453/8034] Built Mathlib.CategoryTheory.Monoidal.Cartesian.Grp_ (8.6s)
✔ [4454/8034] Built Mathlib.Algebra.Polynomial.CancelLeads (3.4s)
✔ [4455/8034] Built Mathlib.Algebra.Polynomial.Inductions (3.4s)
✔ [4456/8034] Built Mathlib.Algebra.Polynomial.Reverse (3.6s)
✔ [4457/8034] Built Mathlib.CategoryTheory.Abelian.Monomorphisms (2.6s)
✔ [4458/8034] Built Mathlib.Algebra.Polynomial.DenomsClearable (3.2s)
✔ [4459/8034] Built Mathlib.CategoryTheory.Idempotents.Basic (2.8s)
✔ [4460/8034] Built Mathlib.Algebra.Polynomial.CoeffList (3.0s)
✔ [4461/8034] Built Mathlib.Algebra.CharP.Subring (2.2s)
✔ [4462/8034] Built Mathlib.FieldTheory.PrimeField (2.5s)
✔ [4463/8034] Built Mathlib.CategoryTheory.Abelian.FunctorCategory (3.7s)
✔ [4464/8034] Built Mathlib.AlgebraicTopology.SimplicialSet.CompStruct (3.8s)
✔ [4465/8034] Built Mathlib.AlgebraicTopology.SimplicialSet.Simplices (2.3s)
✔ [4466/8034] Built Mathlib.Analysis.Convex.Extreme (3.1s)
✔ [4467/8034] Built Mathlib.AlgebraicTopology.SimplicialSet.SubcomplexColimits (2.4s)
✔ [4468/8034] Built Mathlib.Analysis.Convex.SimplicialComplex.Basic (4.0s)
✔ [4469/8034] Built Mathlib.Analysis.Convex.Join (4.5s)
✔ [4470/8034] Built Mathlib.Topology.Algebra.Group.Basic (10s)
✔ [4471/8034] Built Mathlib.AlgebraicTopology.SimplicialSet.Degenerate (3.7s)
✔ [4472/8034] Built Mathlib.CategoryTheory.Sites.Hypercover.One (14s)
✔ [4473/8034] Built Mathlib.RingTheory.Algebraic.LinearIndependent (4.2s)
✔ [4474/8034] Built Mathlib.RingTheory.Adjoin.Singleton (4.1s)
✔ [4475/8034] Built Mathlib.RingTheory.Binomial (4.9s)
✔ [4476/8034] Built Mathlib.AlgebraicTopology.Quasicategory.TwoTruncated (8.3s)
✔ [4477/8034] Built Mathlib.CategoryTheory.Simple (2.7s)
✔ [4478/8034] Built Mathlib.Analysis.Convex.Piecewise (5.0s)
✔ [4479/8034] Built Mathlib.Geometry.Convex.Cone.Basic (8.1s)
✔ [4480/8034] Built Mathlib.Analysis.Convex.Slope (4.9s)
✔ [4481/8034] Built Mathlib.CategoryTheory.ExtremalEpi (3.1s)
✔ [4482/8034] Built Mathlib.CategoryTheory.Generator.Basic (4.3s)
✔ [4483/8034] Built Mathlib.RingTheory.GradedAlgebra.Homogeneous.Ideal (6.8s)
✔ [4484/8034] Built Mathlib.Algebra.Central.End (11s)
✔ [4485/8034] Built Mathlib.Algebra.CharP.IntermediateField (2.8s)
✔ [4486/8034] Built Mathlib.CategoryTheory.Limits.Sifted (4.0s)
✔ [4487/8034] Built Mathlib.Analysis.Convex.Mul (8.2s)
✔ [4488/8034] Built Mathlib.CategoryTheory.Subobject.Limits (5.5s)
✔ [4489/8034] Built Mathlib.CategoryTheory.Enriched.EnrichedCat (5.1s)
✔ [4490/8034] Built Mathlib.CategoryTheory.Functor.FunctorHom (5.3s)
✔ [4491/8034] Built Mathlib.CategoryTheory.Enriched.Ordinary.Basic (5.4s)
✔ [4492/8034] Built Mathlib.RingTheory.MvPolynomial.Tower (2.4s)
✔ [4493/8034] Built Mathlib.CategoryTheory.Dialectica.Monoidal (7.2s)
✔ [4494/8034] Built Mathlib.RingTheory.Derivation.DifferentialRing (3.6s)
✔ [4495/8034] Built Mathlib.Combinatorics.SimpleGraph.StronglyRegular (3.2s)
✔ [4496/8034] Built Mathlib.CategoryTheory.GradedObject.Braiding (3.8s)
✔ [4497/8034] Built Mathlib.Analysis.Convex.Combination (13s)
✔ [4498/8034] Built Mathlib.Algebra.MvPolynomial.Counit (2.5s)
✔ [4499/8034] Built Mathlib.Topology.OpenPartialHomeomorph (2.5s)
✔ [4500/8034] Built Mathlib.RingTheory.MvPowerSeries.LexOrder (3.3s)
✔ [4501/8034] Built Mathlib.Algebra.MvPolynomial.Rename (3.9s)
✔ [4502/8034] Built Mathlib.GroupTheory.GroupAction.SubMulAction.Combination (5.8s)
✔ [4503/8034] Built Mathlib.CategoryTheory.LocallyCartesianClosed.Sections (3.7s)
✔ [4504/8034] Built Mathlib.LinearAlgebra.TensorProduct.Free (3.5s)
✔ [4505/8034] Built Mathlib.Algebra.Vertex.VertexOperator (4.0s)
✔ [4506/8034] Built Mathlib.LinearAlgebra.TensorAlgebra.Grading (4.3s)
✔ [4507/8034] Built Mathlib.RingTheory.MvPowerSeries.Order (5.2s)
✔ [4508/8034] Built Mathlib.LinearAlgebra.TensorAlgebra.ToTensorPower (4.2s)
✔ [4509/8034] Built Mathlib.LinearAlgebra.TensorProduct.Basis (4.9s)
✔ [4510/8034] Built Mathlib.LinearAlgebra.SymmetricAlgebra.Basic (6.6s)
✔ [4511/8034] Built Mathlib.FieldTheory.IntermediateField.Adjoin.Defs (10s)
✔ [4512/8034] Built Mathlib.Topology.GDelta.MetrizableSpace (2.6s)
✔ [4513/8034] Built Mathlib.Topology.Sequences (3.1s)
✔ [4514/8034] Built Mathlib.Data.Matrix.DualNumber (3.4s)
✔ [4515/8034] Built Mathlib.LinearAlgebra.TensorProduct.Submodule (6.9s)
✔ [4516/8034] Built Mathlib.Topology.FiberBundle.Trivialization (8.4s)
✔ [4517/8034] Built Mathlib.RingTheory.Noetherian.Basic (5.3s)
✔ [4518/8034] Built Mathlib.RingTheory.HahnSeries.Cardinal (4.2s)
✔ [4519/8034] Built Mathlib.RingTheory.PrincipalIdealDomain (4.6s)
✔ [4520/8034] Built Mathlib.RingTheory.TensorProduct.Basic (21s)
✔ [4521/8034] Built Mathlib.Topology.UniformSpace.AbstractCompletion (3.5s)
✔ [4522/8034] Built Mathlib.RingTheory.Ideal.Oka (2.7s)
✔ [4523/8034] Built Mathlib.RingTheory.IdealFilter.Basic (2.8s)
✔ [4524/8034] Built Mathlib.RingTheory.IsPrimary (3.4s)
✔ [4525/8034] Built Mathlib.Algebra.Star.Unitary (8.4s)
✔ [4526/8034] Built Mathlib.Algebra.Algebra.Spectrum.Quasispectrum (8.2s)
✔ [4527/8034] Built Mathlib.RingTheory.HahnSeries.Valuation (3.1s)
✔ [4528/8034] Built Mathlib.Algebra.Polynomial.Derivation (5.3s)
✔ [4529/8034] Built Mathlib.RingTheory.Valuation.ExtendToLocalization (3.8s)
✔ [4530/8034] Built Mathlib.RingTheory.Valuation.PrimeMultiplicity (3.1s)
✔ [4531/8034] Built Mathlib.Topology.UniformSpace.UniformConvergenceTopology (6.8s)
✔ [4532/8034] Built Mathlib.RingTheory.Valuation.FiniteField (3.8s)
✔ [4533/8034] Built Mathlib.Topology.MetricSpace.Cauchy (3.3s)
✔ [4534/8034] Built Mathlib.GroupTheory.Coxeter.Inversion (6.1s)
✔ [4535/8034] Built Mathlib.Algebra.Polynomial.Module.Basic (8.3s)
✔ [4536/8034] Built Mathlib.Topology.EMetricSpace.Pi (3.2s)
✔ [4537/8034] Built Mathlib.Topology.MetricSpace.Pseudo.Basic (4.3s)
✔ [4538/8034] Built Mathlib.CategoryTheory.Abelian.Transfer (3.6s)
✔ [4539/8034] Built Mathlib.Topology.EMetricSpace.Paracompact (6.2s)
✔ [4540/8034] Built Mathlib.Algebra.Order.Ring.Archimedean (8.8s)
✔ [4541/8034] Built Mathlib.LinearAlgebra.Matrix.Transvection (5.8s)
✔ [4542/8034] Built Mathlib.CategoryTheory.Shift.InducedShiftSequence (4.1s)
✔ [4543/8034] Built Mathlib.RingTheory.Valuation.Integers (7.4s)
✔ [4544/8034] Built Mathlib.CategoryTheory.Localization.Linear (3.2s)
✔ [4545/8034] Built Mathlib.CategoryTheory.Abelian.Opposite (5.5s)
✔ [4546/8034] Built Mathlib.RingTheory.SimpleModule.Basic (12s)
✔ [4547/8034] Built Mathlib.CategoryTheory.Shift.ShiftedHom (4.1s)
✔ [4548/8034] Built Mathlib.CategoryTheory.Shift.Opposite (5.2s)
✔ [4549/8034] Built Mathlib.CategoryTheory.Monoidal.Linear (2.5s)
✔ [4550/8034] Built Mathlib.CategoryTheory.Quotient.Linear (2.8s)
✔ [4551/8034] Built Mathlib.CategoryTheory.Sites.Coherent.ExtensiveTopology (2.2s)
✔ [4552/8034] Built Mathlib.CategoryTheory.Shift.CommShiftTwo (5.0s)
✔ [4553/8034] Built Mathlib.RingTheory.Valuation.ValuativeRel.Basic (10s)
✔ [4554/8034] Built Mathlib.CategoryTheory.Distributive.Monoidal (3.1s)
✔ [4555/8034] Built Mathlib.CategoryTheory.Sites.Coherent.Comparison (2.0s)
✔ [4556/8034] Built Mathlib.Topology.Sheaves.Limits (2.6s)
✔ [4557/8034] Built Mathlib.Algebra.Order.Module.HahnEmbedding (17s)
✔ [4558/8034] Built Mathlib.AlgebraicTopology.ModelCategory.Instances (3.3s)
✔ [4559/8034] Built Mathlib.CategoryTheory.Sites.Coherent.ExtensiveSheaves (2.8s)
✔ [4560/8034] Built Mathlib.CategoryTheory.Sites.CartesianMonoidal (3.2s)
✔ [4561/8034] Built Mathlib.RingTheory.Ideal.Quotient.Operations (21s)
✔ [4562/8034] Built Mathlib.CategoryTheory.Sites.Coherent.CoherentSheaves (2.5s)
✔ [4563/8034] Built Mathlib.CategoryTheory.Sites.Types (2.7s)
✔ [4564/8034] Built Mathlib.Topology.Category.TopCat.GrothendieckTopology (3.3s)
✔ [4565/8034] Built Mathlib.CategoryTheory.Sites.Coherent.RegularSheaves (4.2s)
✔ [4566/8034] Built Mathlib.Algebra.Category.ModuleCat.EpiMono (2.7s)
✔ [4567/8034] Built Mathlib.Algebra.Category.Grp.ZModuleEquivalence (2.1s)
✔ [4568/8034] Built Mathlib.Algebra.Category.ModuleCat.Algebra (2.0s)
✔ [4569/8034] Built Mathlib.CategoryTheory.Limits.ConcreteCategory.WithAlgebraicStructures (2.8s)
✔ [4570/8034] Built Mathlib.Algebra.Category.ModuleCat.Tannaka (2.0s)
✔ [4571/8034] Built Mathlib.CategoryTheory.Sites.Subcanonical (4.9s)
✔ [4572/8034] Built Mathlib.Algebra.Category.ModuleCat.Products (2.7s)
✔ [4573/8034] Built Mathlib.Algebra.Category.AlgCat.Basic (4.2s)
✔ [4574/8034] Built Mathlib.CategoryTheory.Preadditive.Yoneda.Basic (4.7s)
✔ [4575/8034] Built Mathlib.Algebra.Homology.ShortComplex.Preadditive (11s)
✔ [4576/8034] Built Mathlib.Topology.Algebra.Affine (3.1s)
✔ [4577/8034] Built Mathlib.Topology.Algebra.WithZeroTopology (2.7s)
✔ [4578/8034] Built Mathlib.CategoryTheory.Monoidal.Internal.Types.CommGrp_ (2.5s)
✔ [4579/8034] Built Mathlib.Algebra.Category.CoalgCat.Basic (3.0s)
✔ [4580/8034] Built Mathlib.Dynamics.OmegaLimit (2.9s)
✔ [4581/8034] Built Mathlib.CategoryTheory.Sites.CompatibleSheafification (3.4s)
✔ [4582/8034] Built Mathlib.Algebra.Category.ModuleCat.Colimits (4.8s)
✔ [4583/8034] Built Mathlib.CategoryTheory.Preadditive.CommGrp_ (3.5s)
✔ [4584/8034] Built Mathlib.CategoryTheory.Triangulated.Basic (11s)
✔ [4585/8034] Built Mathlib.CategoryTheory.Sites.Subsheaf (3.6s)
✔ [4586/8034] Built Mathlib.CategoryTheory.Monoidal.Cartesian.CommGrp_ (3.3s)
✔ [4587/8034] Built Mathlib.Algebra.Polynomial.Mirror (3.1s)
✔ [4588/8034] Built Mathlib.AlgebraicTopology.SimplicialSet.AnodyneExtensions.IsUniquelyCodimOneFace (2.6s)
✔ [4589/8034] Built Mathlib.Algebra.Polynomial.Monic (3.8s)
✔ [4590/8034] Built Mathlib.Algebra.Category.ModuleCat.Limits (6.6s)
✔ [4591/8034] Built Mathlib.CategoryTheory.Idempotents.Karoubi (3.8s)
✔ [4592/8034] Built Mathlib.CategoryTheory.Sites.LeftExact (5.7s)
✔ [4593/8034] Built Mathlib.AlgebraicTopology.SimplicialSet.Nerve (4.1s)
✔ [4594/8034] Built Mathlib.Topology.Algebra.Group.TopologicalAbelianization (2.7s)
✔ [4595/8034] Built Mathlib.CategoryTheory.Galois.Topology (3.7s)
✔ [4596/8034] Built Mathlib.Algebra.Polynomial.Laurent (5.8s)
✔ [4597/8034] Built Mathlib.Topology.Algebra.Order.LiminfLimsup (3.6s)
✔ [4598/8034] Built Mathlib.Topology.Algebra.Group.SubmonoidClosure (3.5s)
✔ [4599/8034] Built Mathlib.AlgebraicTopology.SimplicialSet.Skeleton (3.1s)
✔ [4600/8034] Built Mathlib.Topology.Algebra.Group.GroupTopology (3.8s)
✔ [4601/8034] Built Mathlib.AlgebraicTopology.SimplicialSet.NonDegenerateSimplices (3.1s)
✔ [4602/8034] Built Mathlib.AlgebraicTopology.SimplicialSet.Dimension (3.3s)
✔ [4603/8034] Built Mathlib.CategoryTheory.Sites.Hypercover.IsSheaf (3.0s)
✔ [4604/8034] Built Mathlib.CategoryTheory.Sites.Hypercover.Subcanonical (3.6s)
✔ [4605/8034] Built Mathlib.Topology.Algebra.Group.Pointwise (5.4s)
✔ [4606/8034] Built Mathlib.CategoryTheory.Generator.StrongGenerator (2.9s)
✔ [4607/8034] Built Mathlib.CategoryTheory.Adjunction.AdjointFunctorTheorems (2.5s)
✔ [4608/8034] Built Mathlib.CategoryTheory.Generator.Type (2.5s)
✔ [4609/8034] Built Mathlib.Analysis.Convex.Cone.Extension (3.7s)
✔ [4610/8034] Built Mathlib.CategoryTheory.Generator.Presheaf (2.9s)
✔ [4611/8034] Built Mathlib.Geometry.Convex.Cone.Pointed (3.8s)
✔ [4612/8034] Built Mathlib.CategoryTheory.RegularCategory.Basic (3.9s)
✔ [4613/8034] Built Mathlib.Topology.Algebra.IsUniformGroup.Defs (7.3s)
✔ [4614/8034] Built Mathlib.CategoryTheory.Sites.Hypercover.Homotopy (4.7s)
✔ [4615/8034] Built Mathlib.CategoryTheory.Filtered.Final (2.0s)
✔ [4616/8034] Built Mathlib.CategoryTheory.Abelian.Subobject (2.1s)
✔ [4617/8034] Built Mathlib.RingTheory.GradedAlgebra.Radical (3.6s)
✔ [4618/8034] Built Mathlib.Algebra.Homology.ImageToKernel (2.8s)
✔ [4619/8034] Built Mathlib.CategoryTheory.Monoidal.Closed.Enrichment (2.3s)
✔ [4620/8034] Built Mathlib.AlgebraicGeometry.ProjectiveSpectrum.Topology (4.6s)
✔ [4621/8034] Built Mathlib.CategoryTheory.Monoidal.Closed.FunctorToTypes (2.0s)
✔ [4622/8034] Built Mathlib.CategoryTheory.Enriched.Limits.HasConicalLimits (2.2s)
✔ [4623/8034] Built Mathlib.CategoryTheory.Enriched.HomCongr (2.5s)
✔ [4624/8034] Built Mathlib.Analysis.Convex.Independent (2.7s)
✔ [4625/8034] Built Mathlib.CategoryTheory.Enriched.Opposite (3.1s)
✔ [4626/8034] Built Mathlib.Analysis.Convex.Caratheodory (3.3s)
✔ [4627/8034] Built Mathlib.Algebra.MvPolynomial.Comap (2.9s)
✔ [4628/8034] Built Mathlib.Analysis.Convex.StoneSeparation (4.5s)
✔ [4629/8034] Built Mathlib.Topology.Category.Sequential (2.9s)
✔ [4630/8034] Built Mathlib.Algebra.MvPolynomial.Degrees (4.5s)
✔ [4631/8034] Built Mathlib.CategoryTheory.Bicategory.CatEnriched (6.2s)
✔ [4632/8034] Built Mathlib.RingTheory.MvPowerSeries.NoZeroDivisors (3.8s)
✔ [4633/8034] Built Mathlib.Topology.Semicontinuity.Hemicontinuity (3.4s)
✔ [4634/8034] Built Mathlib.RingTheory.GradedAlgebra.Noetherian (2.9s)
✔ [4635/8034] Built Mathlib.CategoryTheory.Enriched.FunctorCategory (6.6s)
✔ [4636/8034] Built Mathlib.RingTheory.Noetherian.Orzech (3.2s)
✔ [4637/8034] Built Mathlib.Algebra.Homology.HomologicalComplex (8.0s)
✔ [4638/8034] Built Mathlib.RingTheory.Finiteness.Cofinite (2.9s)
✔ [4639/8034] Built Mathlib.Algebra.Module.Projective (4.6s)
✔ [4640/8034] Built Mathlib.Analysis.Convex.Jensen (6.1s)
✔ [4641/8034] Built Mathlib.FieldTheory.Tower (3.1s)
✔ [4642/8034] Built Mathlib.Topology.FiberBundle.Basic (4.7s)
✔ [4643/8034] Built Mathlib.LinearAlgebra.FreeProduct.Basic (5.5s)
✔ [4644/8034] Built Mathlib.RingTheory.EuclideanDomain (2.8s)
✔ [4645/8034] Built Mathlib.RingTheory.SimpleRing.Principal (2.5s)
✔ [4646/8034] Built Mathlib.RingTheory.Int.Basic (2.7s)
✔ [4647/8034] Built Mathlib.Algebra.Module.Bimodule (3.5s)
✔ [4648/8034] Built Mathlib.RingTheory.Bezout (2.8s)
✔ [4649/8034] Built Mathlib.NumberTheory.FLT.Basic (3.0s)
✔ [4650/8034] Built Mathlib.RingTheory.PrincipalIdealDomainOfPrime (2.9s)
✔ [4651/8034] Built Mathlib.RingTheory.Noetherian.OfPrime (3.1s)
✔ [4652/8034] Built Mathlib.RingTheory.Ideal.IsPrimary (2.9s)
✔ [4653/8034] Built Mathlib.RingTheory.Ideal.IsPrincipal (3.8s)
✔ [4654/8034] Built Mathlib.Topology.UniformSpace.Completion (3.7s)
✔ [4655/8034] Built Mathlib.RingTheory.Coalgebra.Convolution (5.0s)
✔ [4656/8034] Built Mathlib.Algebra.Star.UnitaryStarAlgAut (4.2s)
✔ [4657/8034] Built Mathlib.Topology.Algebra.Star.Unitary (2.9s)
✔ [4658/8034] Built Mathlib.LinearAlgebra.Matrix.Kronecker (6.7s)
✔ [4659/8034] Built Mathlib.Algebra.Algebra.Spectrum.Pi (2.0s)
✔ [4660/8034] Built Mathlib.Algebra.Algebra.StrictPositivity (3.5s)
✔ [4661/8034] Built Mathlib.Topology.UniformSpace.Real (2.9s)
✔ [4662/8034] Built Mathlib.Topology.UniformSpace.CompactConvergence (4.3s)
✔ [4663/8034] Built Mathlib.CategoryTheory.Sites.Abelian (2.0s)
✔ [4664/8034] Built Mathlib.Topology.MetricSpace.Pseudo.Pi (3.5s)
✔ [4665/8034] Built Mathlib.Topology.UniformSpace.Equicontinuity (4.1s)
✔ [4666/8034] Built Mathlib.Topology.EMetricSpace.Diam (3.9s)
✔ [4667/8034] Built Mathlib.CategoryTheory.Shift.Linear (2.0s)
✔ [4668/8034] Built Mathlib.Algebra.Polynomial.Module.TensorProduct (4.5s)
✔ [4669/8034] Built Mathlib.NumberTheory.Zsqrtd.Basic (6.3s)
✔ [4670/8034] Built Mathlib.RingTheory.Jacobson.Semiprimary (3.3s)
✔ [4671/8034] Built Mathlib.CategoryTheory.Action.Limits (5.2s)
✔ [4672/8034] Built Mathlib.LinearAlgebra.TensorProduct.Graded.External (10s)
✔ [4673/8034] Built Mathlib.CategoryTheory.Distributive.Cartesian (2.4s)
✔ [4674/8034] Built Mathlib.RingTheory.Valuation.ValuativeRel (2.8s)
✔ [4675/8034] Built Mathlib.CategoryTheory.Triangulated.Opposite.Basic (5.5s)
✔ [4676/8034] Built Mathlib.RingTheory.Valuation.ValuativeRel.Trivial (3.2s)
✔ [4677/8034] Built Mathlib.Topology.Category.CompHausLike.EffectiveEpi (3.0s)
✔ [4678/8034] Built Mathlib.CategoryTheory.Localization.SmallShiftedHom (5.1s)
✔ [4679/8034] Built Mathlib.AlgebraicTopology.ModelCategory.IsCofibrant (2.9s)
✔ [4680/8034] Built Mathlib.CategoryTheory.Monoidal.Subcategory (4.6s)
✔ [4681/8034] Built Mathlib.CategoryTheory.Sites.Coherent.ExtensiveColimits (2.9s)
✔ [4682/8034] Built Mathlib.CategoryTheory.Sites.CartesianClosed (2.7s)
✔ [4683/8034] Built Mathlib.AlgebraicTopology.ModelCategory.Basic (4.1s)
✔ [4684/8034] Built Mathlib.CategoryTheory.Sites.Coherent.CoherentTopology (2.9s)
✔ [4685/8034] Built Mathlib.RingTheory.Valuation.Quotient (2.8s)
✔ [4686/8034] Built Mathlib.RingTheory.Ideal.Quotient.Noetherian (2.8s)
✔ [4687/8034] Built Mathlib.RingTheory.TensorProduct.Quotient (3.0s)
✔ [4688/8034] Built Mathlib.CategoryTheory.Sites.Coherent.RegularTopology (2.6s)
✔ [4689/8034] Built Mathlib.Algebra.Category.ModuleCat.Injective (2.9s)
✔ [4690/8034] Built Mathlib.CategoryTheory.Generator.Preadditive (2.7s)
✔ [4691/8034] Built Mathlib.RingTheory.SimpleModule.Isotypic (9.5s)
✔ [4692/8034] Built Mathlib.RingTheory.Derivation.ToSquareZero (5.0s)
✔ [4693/8034] Built Mathlib.RingTheory.Jacobson.Ideal (4.1s)
✔ [4694/8034] Built Mathlib.Algebra.Module.Torsion.Basic (10s)
✔ [4695/8034] Built Mathlib.RingTheory.Ideal.Over (6.1s)
✔ [4696/8034] Built Mathlib.Geometry.RingedSpace.PresheafedSpace.HasColimits (8.7s)
✔ [4697/8034] Built Mathlib.RingTheory.Idempotents (6.4s)
✔ [4698/8034] Built Mathlib.CategoryTheory.Preadditive.Yoneda.Injective (3.0s)
✔ [4699/8034] Built Mathlib.Algebra.Category.ModuleCat.Kernels (5.1s)
✔ [4700/8034] Built Mathlib.CategoryTheory.Preadditive.Yoneda.Projective (3.0s)
✔ [4701/8034] Built Mathlib.CategoryTheory.Adjunction.Additive (3.5s)
✔ [4702/8034] Built Mathlib.Analysis.Convex.Extrema (3.2s)
✔ [4703/8034] Built Mathlib.CategoryTheory.Linear.Yoneda (4.6s)
✔ [4704/8034] Built Mathlib.Algebra.Polynomial.UnitTrinomial (2.8s)
✔ [4705/8034] Built Mathlib.Algebra.Category.Grp.LeftExactFunctor (4.3s)
✔ [4706/8034] Built Mathlib.Algebra.Polynomial.Lifts (2.7s)
✔ [4707/8034] Built Mathlib.Algebra.Category.ModuleCat.Monoidal.Basic (13s)
✔ [4708/8034] Built Mathlib.CategoryTheory.Sites.PreservesSheafification (4.9s)
✔ [4709/8034] Built Mathlib.Algebra.Polynomial.GroupRingAction (3.3s)
✔ [4710/8034] Built Mathlib.Algebra.Polynomial.Degree.IsMonicOfDegree (3.1s)
✔ [4711/8034] Built Mathlib.Algebra.Category.ModuleCat.FilteredColimits (4.5s)
✔ [4712/8034] Built Mathlib.CategoryTheory.Triangulated.Rotate (4.4s)
✔ [4713/8034] Built Mathlib.Algebra.Polynomial.Sequence (3.5s)
✔ [4714/8034] Built Mathlib.Algebra.Homology.ShortComplex.Linear (6.4s)
✔ [4715/8034] Built Mathlib.Algebra.Polynomial.BigOperators (3.9s)
✔ [4716/8034] Built Mathlib.Algebra.Polynomial.Div (5.5s)
✔ [4717/8034] Built Mathlib.Algebra.Homology.ShortComplex.Abelian (8.1s)
✔ [4718/8034] Built Mathlib.CategoryTheory.Idempotents.Biproducts (3.2s)
✔ [4719/8034] Built Mathlib.CategoryTheory.Idempotents.KaroubiKaroubi (3.4s)
✔ [4720/8034] Built Mathlib.AlgebraicTopology.SimplicialSet.NonDegenerateSimplicesSubcomplex (2.4s)
✔ [4721/8034] Built Mathlib.AlgebraicTopology.SimplicialSet.Finite (2.6s)
✔ [4722/8034] Built Mathlib.AlgebraicTopology.SimplicialSet.NerveNondegenerate (3.5s)
✔ [4723/8034] Built Mathlib.CategoryTheory.Sites.RegularEpi (3.5s)
✔ [4724/8034] Built Mathlib.RingTheory.Coalgebra.MonoidAlgebra (3.3s)
✔ [4725/8034] Built Mathlib.CategoryTheory.Idempotents.FunctorCategories (3.9s)
✔ [4726/8034] Built Mathlib.Topology.Algebra.Ring.Basic (4.1s)
✔ [4727/8034] Built Mathlib.CategoryTheory.Idempotents.FunctorExtension (4.9s)
✔ [4728/8034] Built Mathlib.CategoryTheory.Sites.Continuous (3.6s)
✔ [4729/8034] Built Mathlib.Topology.Algebra.Order.UpperLower (2.5s)
✔ [4730/8034] Built Mathlib.Topology.Algebra.Group.Compact (2.5s)
✔ [4731/8034] Built Mathlib.Topology.Algebra.Group.Quotient (3.3s)
✔ [4732/8034] Built Mathlib.Algebra.Category.AlgCat.Limits (7.1s)
✔ [4733/8034] Built Mathlib.Topology.Algebra.Group.OpenMapping (3.6s)
✔ [4734/8034] Built Mathlib.CategoryTheory.Generator.Sheaf (2.6s)
✔ [4735/8034] Built Mathlib.Geometry.Convex.Cone.Simplicial (2.7s)
✔ [4736/8034] Built Mathlib.Analysis.Convex.Strict (4.6s)
✔ [4737/8034] Built Mathlib.Analysis.Convex.Cone.Closure (3.1s)
✔ [4738/8034] Built Mathlib.CategoryTheory.Functor.KanExtension.Dense (3.6s)
✔ [4739/8034] Built Mathlib.Topology.Algebra.IsUniformGroup.Order (2.6s)
✔ [4740/8034] Built Mathlib.Topology.Algebra.IsUniformGroup.Constructions (3.1s)
✔ [4741/8034] Built Mathlib.CategoryTheory.Limits.FinallySmall (2.5s)
✔ [4742/8034] Built Mathlib.CategoryTheory.Limits.Shapes.Preorder.WellOrderContinuous (2.9s)
✔ [4743/8034] Built Mathlib.Order.Interval.Set.Final (2.3s)
✔ [4744/8034] Built Mathlib.CategoryTheory.Comma.Final (3.1s)
✔ [4745/8034] Built Mathlib.Geometry.Convex.Cone.Dual (5.3s)
✔ [4746/8034] Built Mathlib.CategoryTheory.Enriched.Limits.HasConicalPullbacks (2.2s)
✔ [4747/8034] Built Mathlib.CategoryTheory.Enriched.Limits.HasConicalProducts (2.4s)
✔ [4748/8034] Built Mathlib.Topology.Algebra.InfiniteSum.Group (5.1s)
✔ [4749/8034] Built Mathlib.CategoryTheory.Limits.Constructions.Over.Connected (3.0s)
✔ [4750/8034] Built Mathlib.Algebra.MvPolynomial.Variables (3.2s)
✔ [4751/8034] Built Mathlib.CategoryTheory.Presentable.IsCardinalFiltered (4.3s)
✔ [4752/8034] Built Mathlib.RingTheory.MvPowerSeries.Trunc (3.7s)
✔ [4753/8034] Built Mathlib.Algebra.Homology.Embedding.Boundary (2.9s)
✔ [4754/8034] Built Mathlib.CategoryTheory.Monoidal.Closed.FunctorCategory.Basic (4.2s)
✔ [4755/8034] Built Mathlib.RingTheory.MvPowerSeries.Inverse (4.2s)
✔ [4756/8034] Built Mathlib.LinearAlgebra.InvariantBasisNumber (4.6s)
✔ [4757/8034] Built Mathlib.RingTheory.MvPolynomial.Basic (4.9s)
✔ [4758/8034] Built Mathlib.RingTheory.SimpleModule.InjectiveProjective (2.7s)
✔ [4759/8034] Built Mathlib.AlgebraicTopology.MooreComplex (3.9s)
✔ [4760/8034] Built Mathlib.Algebra.Category.ModuleCat.Projective (3.0s)
✔ [4761/8034] Built Mathlib.Algebra.Homology.HomologicalBicomplex (4.5s)
✔ [4762/8034] Built Mathlib.Algebra.Homology.Single (4.6s)
✔ [4763/8034] Built Mathlib.RingTheory.Finiteness.Projective (2.6s)
✔ [4764/8034] Built Mathlib.Algebra.Homology.DifferentialObject (5.3s)
✔ [4765/8034] Built Mathlib.RingTheory.TensorProduct.Maps (37s)
✔ [4766/8034] Built Mathlib.Algebra.MvPolynomial.Equiv (7.5s)
✔ [4767/8034] Built Mathlib.Data.ZMod.Coprime (3.2s)
✔ [4768/8034] Built Mathlib.RingTheory.Localization.Rat (3.0s)
✔ [4769/8034] Built Mathlib.CategoryTheory.Functor.TypeValuedFlat (10s)
✔ [4770/8034] Built Mathlib.Algebra.Azumaya.Defs (4.1s)
✔ [4771/8034] Built Mathlib.Topology.FiberBundle.Constructions (4.3s)
✔ [4772/8034] Built Mathlib.Topology.Covering.Basic (5.3s)
✔ [4773/8034] Built Mathlib.RingTheory.Ideal.AssociatedPrime.Basic (4.3s)
✔ [4774/8034] Built Mathlib.Topology.UniformSpace.Ultra.Completion (2.5s)
✔ [4775/8034] Built Mathlib.Topology.Category.UniformSpace (3.8s)
✔ [4776/8034] Built Mathlib.Topology.Algebra.UniformMulAction (4.0s)
✔ [4777/8034] Built Mathlib.LinearAlgebra.Matrix.Vec (3.6s)
✔ [4778/8034] Built Mathlib.Topology.Metrizable.ContinuousMap (3.3s)
✔ [4779/8034] Built Mathlib.Topology.MetricSpace.ProperSpace (3.4s)
✔ [4780/8034] Built Mathlib.RingTheory.Localization.Ideal (5.8s)
✔ [4781/8034] Built Mathlib.LinearAlgebra.Matrix.IsDiag (3.7s)
✔ [4782/8034] Built Mathlib.RingTheory.Valuation.ValuationRing (7.2s)
✔ [4783/8034] Built Mathlib.Topology.MetricSpace.Pseudo.Real (3.4s)
✔ [4784/8034] Built Mathlib.Topology.MetricSpace.Basic (5.0s)
✔ [4785/8034] Built Mathlib.Topology.UniformSpace.HeineCantor (3.9s)
✔ [4786/8034] Built Mathlib.NumberTheory.PythagoreanTriples (8.8s)
✔ [4787/8034] Built Mathlib.Topology.MetricSpace.Ultra.Pi (4.1s)
✔ [4788/8034] Built Mathlib.Topology.MetricSpace.Equicontinuity (4.2s)
✔ [4789/8034] Built Mathlib.Topology.UniformSpace.Ascoli (4.3s)
✔ [4790/8034] Built Mathlib.Analysis.Oscillation (4.4s)
✔ [4791/8034] Built Mathlib.AlgebraicTopology.ModelCategory.Opposite (2.5s)
✔ [4792/8034] Built Mathlib.CategoryTheory.Galois.Examples (5.4s)
✔ [4793/8034] Built Mathlib.Topology.EMetricSpace.Lipschitz (6.3s)
✔ [4794/8034] Built Mathlib.AlgebraicTopology.ModelCategory.Bifibrant (3.7s)
✔ [4795/8034] Built Mathlib.NumberTheory.Zsqrtd.GaussianInt (6.2s)
✔ [4796/8034] Built Mathlib.CategoryTheory.Shift.ShiftedHomOpposite (5.2s)
✔ [4797/8034] Built Mathlib.CategoryTheory.Sites.Coherent.ReflectsPrecoherent (4.1s)
✔ [4798/8034] Built Mathlib.AlgebraicTopology.ModelCategory.BrownLemma (5.2s)
✔ [4799/8034] Built Mathlib.NumberTheory.PellMatiyasevic (7.8s)
✔ [4800/8034] Built Mathlib.AlgebraicTopology.ModelCategory.PathObject (6.2s)
✔ [4801/8034] Built Mathlib.AlgebraicTopology.ModelCategory.Cylinder (6.3s)
✔ [4802/8034] Built Mathlib.CategoryTheory.Sites.Coherent.ReflectsPreregular (4.2s)
✔ [4803/8034] Built Mathlib.CategoryTheory.Generator.Abelian (3.8s)
✔ [4804/8034] Built Mathlib.Algebra.Category.Grp.Injective (4.3s)
✔ [4805/8034] Built Mathlib.CategoryTheory.Action.Monoidal (10s)
✔ [4806/8034] Built Mathlib.RingTheory.LocalRing.MaximalIdeal.Basic (4.1s)
✔ [4807/8034] Built Mathlib.CategoryTheory.Triangulated.Opposite.Triangle (10s)
✔ [4808/8034] Built Mathlib.Algebra.DirectSum.Idempotents (4.2s)
✔ [4809/8034] Built Mathlib.RingTheory.Ideal.MinimalPrime.Basic (4.6s)
✔ [4810/8034] Built Mathlib.LinearAlgebra.Matrix.Ideal (6.1s)
✔ [4811/8034] Built Mathlib.RingTheory.Nakayama (7.4s)
✔ [4812/8034] Built Mathlib.Algebra.Category.ModuleCat.Subobject (5.3s)
✔ [4813/8034] Built Mathlib.Algebra.CharP.LinearMaps (6.4s)
✔ [4814/8034] Built Mathlib.Algebra.Category.CoalgCat.Monoidal (5.4s)
✔ [4815/8034] Built Mathlib.Algebra.Category.ModuleCat.Abelian (5.9s)
✔ [4816/8034] Built Mathlib.LinearAlgebra.Matrix.ToLin (24s)
✔ [4817/8034] Built Mathlib.Algebra.Category.ModuleCat.Monoidal.Symmetric (5.2s)
✔ [4818/8034] Built Mathlib.CategoryTheory.Sites.Adjunction (3.5s)
✔ [4819/8034] Built Mathlib.CategoryTheory.Sites.LocallyInjective (5.3s)
✔ [4820/8034] Built Mathlib.LinearAlgebra.Matrix.Polynomial (4.2s)
✔ [4821/8034] Built Mathlib.Algebra.Polynomial.SumIteratedDerivative (5.0s)
✔ [4822/8034] Built Mathlib.Algebra.Polynomial.HasseDeriv (4.8s)
✔ [4823/8034] Built Mathlib.AlgebraicTopology.SimplicialSet.AnodyneExtensions.Pairing (3.7s)
✔ [4824/8034] Built Mathlib.Algebra.Polynomial.RingDivision (5.2s)
✔ [4825/8034] Built Mathlib.Algebra.Category.ModuleCat.Adjunctions (9.8s)
✔ [4826/8034] Built Mathlib.Algebra.Polynomial.PartialFractions (5.7s)
✔ [4827/8034] Built Mathlib.Algebra.Category.ModuleCat.ChangeOfRings (43s)
✔ [4828/8034] Built Mathlib.AlgebraicTopology.SimplicialSet.FiniteColimits (3.8s)
✔ [4829/8034] Built Mathlib.CategoryTheory.Idempotents.SimplicialObject (3.5s)
✔ [4830/8034] Built Mathlib.Algebra.Polynomial.CoeffMem (7.3s)
✔ [4831/8034] Built Mathlib.CategoryTheory.Monoidal.Internal.Module (11s)
✔ [4832/8034] Built Mathlib.Topology.Algebra.Module.Compact (3.9s)
✔ [4833/8034] Built Mathlib.Topology.Algebra.MvPolynomial (4.7s)
✔ [4834/8034] Built Mathlib.Topology.Algebra.Localization (4.2s)
✔ [4835/8034] Built Mathlib.Topology.Algebra.Field (5.0s)
✔ [4836/8034] Built Mathlib.CategoryTheory.Sites.CoverPreserving (4.3s)
✔ [4837/8034] Built Mathlib.Topology.Category.TopCommRingCat (5.0s)
✔ [4838/8034] Built Mathlib.Algebra.Homology.ShortComplex.Exact (10s)
✔ [4839/8034] Built Mathlib.Topology.Algebra.RestrictedProduct.TopologicalSpace (7.4s)
✔ [4840/8034] Built Mathlib.Topology.Algebra.Ring.Ideal (3.8s)
✔ [4841/8034] Built Mathlib.AlgebraicTopology.SimplicialSet.StdSimplex (8.9s)
✔ [4842/8034] Built Mathlib.CategoryTheory.Sites.Pullback (5.6s)
✔ [4843/8034] Built Mathlib.LinearAlgebra.Reflection (20s)
✔ [4844/8034] Built Mathlib.CategoryTheory.Sites.CoverLifting (6.3s)
✔ [4845/8034] Built Mathlib.CategoryTheory.Limits.Preserves.Shapes.Preorder (2.0s)
✔ [4846/8034] Built Mathlib.Topology.UniformSpace.Matrix (3.1s)
✔ [4847/8034] Built Mathlib.Topology.Algebra.Group.ClosedSubgroup (4.3s)
✔ [4848/8034] Built Mathlib.CategoryTheory.Enriched.Limits.HasConicalTerminal (2.7s)
✔ [4849/8034] Built Mathlib.CategoryTheory.Filtered.FinallySmall (3.8s)
✔ [4850/8034] Built Mathlib.CategoryTheory.Limits.Indization.IndObject (4.1s)
✔ [4851/8034] Built Mathlib.CategoryTheory.Triangulated.TriangleShift (17s)
✔ [4852/8034] Built Mathlib.Topology.Algebra.Module.Basic (5.5s)
✔ [4853/8034] Built Mathlib.Topology.Algebra.ProperAction.Basic (5.2s)
✔ [4854/8034] Built Mathlib.CategoryTheory.Limits.Constructions.Over.Basic (3.6s)
✔ [4855/8034] Built Mathlib.Topology.Algebra.OpenSubgroup (7.5s)
✔ [4856/8034] Built Mathlib.Algebra.MvPolynomial.Supported (4.1s)
✔ [4857/8034] Built Mathlib.RingTheory.AdicCompletion.Basic (27s)
✔ [4858/8034] Built Mathlib.Algebra.MvPolynomial.CommRing (4.8s)
✔ [4859/8034] Built Mathlib.CategoryTheory.Presentable.Basic (4.5s)
✔ [4860/8034] Built Mathlib.Algebra.MvPolynomial.Monad (6.1s)
✔ [4861/8034] Built Mathlib.Topology.Algebra.InfiniteSum.NatInt (8.1s)
✔ [4862/8034] Built Mathlib.CategoryTheory.Presentable.Directed (7.2s)
✔ [4863/8034] Built Mathlib.Algebra.Homology.Double (5.5s)
✔ [4864/8034] Built Mathlib.LinearAlgebra.Dimension.StrongRankCondition (6.8s)
✔ [4865/8034] Built Mathlib.CategoryTheory.Limits.Shapes.Pullback.EquifiberedLimits (8.5s)
✔ [4866/8034] Built Mathlib.Algebra.Homology.HomologicalComplexLimits (5.4s)
✔ [4867/8034] Built Mathlib.Algebra.Homology.TotalComplex (9.3s)
✔ [4868/8034] Built Mathlib.Algebra.Category.AlgCat.Monoidal (7.3s)
✔ [4869/8034] Built Mathlib.Algebra.Algebra.Subalgebra.Centralizer (6.8s)
✔ [4870/8034] Built Mathlib.Algebra.Homology.Augment (9.1s)
✔ [4871/8034] Built Mathlib.Algebra.Homology.Additive (10s)
✔ [4872/8034] Built Mathlib.RingTheory.TensorProduct.Pi (7.5s)
✔ [4873/8034] Built Mathlib.RingTheory.Bialgebra.Basic (7.2s)
✔ [4874/8034] Built Mathlib.Algebra.MvPolynomial.Polynomial (4.4s)
✔ [4875/8034] Built Mathlib.RingTheory.TensorProduct.Finite (8.1s)
✔ [4876/8034] Built Mathlib.Algebra.MvPolynomial.Cardinal (4.2s)
✔ [4877/8034] Built Mathlib.LinearAlgebra.TensorProduct.Opposite (9.0s)
✔ [4878/8034] Built Mathlib.Topology.Covering (3.6s)
✔ [4879/8034] Built Mathlib.RingTheory.Nilpotent.Exp (10s)
✔ [4880/8034] Built Mathlib.LinearAlgebra.TensorProduct.Graded.Internal (47s)
✔ [4881/8034] Built Mathlib.Topology.Covering.Quotient (8.5s)
✔ [4882/8034] Built Mathlib.Algebra.Azumaya.Matrix (9.3s)
✔ [4883/8034] Built Mathlib.RingTheory.PowerSeries.Basic (11s)
✔ [4884/8034] Built Mathlib.Topology.Algebra.InfiniteSum.Constructions (24s)
✔ [4885/8034] Built Mathlib.Topology.Algebra.GroupCompletion (7.8s)
✔ [4886/8034] Built Mathlib.Topology.MetricSpace.Bounded (7.0s)
✔ [4887/8034] Built Mathlib.Topology.MetricSpace.Infsep (5.6s)
✔ [4888/8034] Built Mathlib.Topology.Metrizable.Uniformity (6.8s)
✔ [4889/8034] Built Mathlib.LinearAlgebra.TensorProduct.RightExactness (18s)
✔ [4890/8034] Built Mathlib.RingTheory.Valuation.Archimedean (8.3s)
✔ [4891/8034] Built Mathlib.Topology.MetricSpace.TransferInstance (3.0s)
✔ [4892/8034] Built Mathlib.Topology.Algebra.UniformConvergence (9.8s)
✔ [4893/8034] Built Mathlib.Topology.Metrizable.Real (4.2s)
✔ [4894/8034] Built Mathlib.CategoryTheory.Galois.Action (5.0s)
✔ [4895/8034] Built Mathlib.RingTheory.Ideal.AssociatedPrime.Finiteness (13s)
✔ [4896/8034] Built Mathlib.RingTheory.LocalRing.ResidueField.Defs (4.5s)
✔ [4897/8034] Built Mathlib.RingTheory.LocalRing.RingHom.Basic (5.0s)
✔ [4898/8034] Built Mathlib.NumberTheory.FLT.Four (7.0s)
✔ [4899/8034] Built Mathlib.AlgebraicTopology.ModelCategory.RightHomotopy (6.5s)
✔ [4900/8034] Built Mathlib.RingTheory.LocalRing.NonLocalRing (5.2s)
✔ [4901/8034] Built Mathlib.RingTheory.MatrixAlgebra (26s)
✔ [4902/8034] Built Mathlib.AlgebraicTopology.ModelCategory.LeftHomotopy (6.6s)
✔ [4903/8034] Built Mathlib.RingTheory.DualNumber (8.6s)
✔ [4904/8034] Built Mathlib.RingTheory.Ideal.MinimalPrime.Noetherian (4.9s)
✔ [4905/8034] Built Mathlib.Topology.Algebra.IsUniformGroup.Basic (11s)
✔ [4906/8034] Built Mathlib.NumberTheory.Dioph (9.5s)
✔ [4907/8034] Built Mathlib.RingTheory.SimpleRing.Matrix (4.3s)
✔ [4908/8034] Built Mathlib.Algebra.Category.Grp.Subobject (4.3s)
✔ [4909/8034] Built Mathlib.Analysis.Normed.Group.Basic (17s)
✔ [4910/8034] Built Mathlib.CategoryTheory.Preadditive.Yoneda.Limits (4.4s)
✔ [4911/8034] Built Mathlib.RingTheory.Lasker (6.9s)
✔ [4912/8034] Built Mathlib.Algebra.Category.Grp.Abelian (5.4s)
✔ [4913/8034] Built Mathlib.Algebra.Category.ModuleCat.Images (5.5s)
✔ [4914/8034] Built Mathlib.LinearAlgebra.Matrix.InvariantBasisNumber (5.4s)
✔ [4915/8034] Built Mathlib.LinearAlgebra.TensorProduct.Matrix (5.9s)
✔ [4916/8034] Built Mathlib.LinearAlgebra.TensorProduct.Subalgebra (32s)
✔ [4917/8034] Built Mathlib.LinearAlgebra.Matrix.Dual (4.4s)
✔ [4918/8034] Built Mathlib.RingTheory.Nilpotent.Lemmas (3.7s)
✔ [4919/8034] Built Mathlib.RingTheory.TensorProduct.Free (4.9s)
✔ [4920/8034] Built Mathlib.Algebra.Category.ModuleCat.Monoidal.Closed (4.8s)
✔ [4921/8034] Built Mathlib.LinearAlgebra.Matrix.Basis (6.8s)
✔ [4922/8034] Built Mathlib.RingTheory.Morita.Basic (4.2s)
✔ [4923/8034] Built Mathlib.AlgebraicTopology.SimplicialSet.AnodyneExtensions.PairingCore (4.9s)
✔ [4924/8034] Built Mathlib.ModelTheory.Arithmetic.Presburger.Semilinear.Basic (7.7s)
✔ [4925/8034] Built Mathlib.CategoryTheory.Sites.LocallySurjective (6.3s)
✔ [4926/8034] Built Mathlib.Algebra.Polynomial.Taylor (5.6s)
✔ [4927/8034] Built Mathlib.RingTheory.Polynomial.Ideal (5.4s)
✔ [4928/8034] Built Mathlib.RingTheory.IsTensorProduct (33s)
✔ [4929/8034] Built Mathlib.Topology.Algebra.IntermediateField (4.4s)
✔ [4930/8034] Built Mathlib.Algebra.Category.ModuleCat.Pseudofunctor (4.7s)
✔ [4931/8034] Built Mathlib.CategoryTheory.Abelian.Refinements (3.1s)
✔ [4932/8034] Built Mathlib.Algebra.Homology.ShortComplex.ShortExact (3.5s)
✔ [4933/8034] Built Mathlib.CategoryTheory.Abelian.Exact (5.6s)
✔ [4934/8034] Built Mathlib.Topology.Algebra.Order.Field (5.0s)
✔ [4935/8034] Built Mathlib.AlgebraicTopology.SimplicialSet.Boundary (3.6s)
✔ [4936/8034] Built Mathlib.LinearAlgebra.Complex.Module (12s)
✔ [4937/8034] Built Mathlib.Algebra.Polynomial.Roots (10s)
✔ [4938/8034] Built Mathlib.Algebra.Homology.ExactSequence (5.8s)
✔ [4939/8034] Built Mathlib.CategoryTheory.Limits.Indization.FilteredColimits (4.8s)
✔ [4940/8034] Built Mathlib.AlgebraicTopology.SimplicialSet.Horn (5.0s)
✔ [4941/8034] Built Mathlib.CategoryTheory.Limits.Indization.ParallelPair (5.1s)
✔ [4942/8034] Built Mathlib.CategoryTheory.Limits.Shapes.Preorder.TransfiniteCompositionOfShape (5.5s)
✔ [4943/8034] Built Mathlib.CategoryTheory.Limits.Indization.LocallySmall (3.9s)
✔ [4944/8034] Built Mathlib.RingTheory.Localization.AtPrime.Basic (22s)
✔ [4945/8034] Built Mathlib.AlgebraicTopology.SimplicialSet.Monoidal (7.5s)
✔ [4946/8034] Built Mathlib.Topology.Algebra.ProperAction.AddTorsor (3.2s)
✔ [4947/8034] Built Mathlib.Topology.Algebra.Module.Simple (3.4s)
✔ [4948/8034] Built Mathlib.Algebra.Category.CoalgCat.ComonEquivalence (14s)
✔ [4949/8034] Built Mathlib.AlgebraicTopology.ModelCategory.Over (2.9s)
✔ [4950/8034] Built Mathlib.Topology.Algebra.ClopenNhdofOne (3.7s)
✔ [4951/8034] Built Mathlib.Topology.Algebra.NonUnitalAlgebra (6.2s)
✔ [4952/8034] Built Mathlib.Topology.Algebra.Nonarchimedean.Basic (4.3s)
✔ [4953/8034] Built Mathlib.CategoryTheory.Limits.MorphismProperty (4.9s)
✔ [4954/8034] Built Mathlib.LinearAlgebra.Matrix.MvPolynomial (3.6s)
✔ [4955/8034] Built Mathlib.Topology.Algebra.LinearTopology (5.8s)
✔ [4956/8034] Built Mathlib.CategoryTheory.Triangulated.Pretriangulated (8.9s)
✔ [4957/8034] Built Mathlib.CategoryTheory.Galois.IsFundamentalgroup (5.8s)
✔ [4958/8034] Built Mathlib.Algebra.MvPolynomial.Derivation (5.4s)
✔ [4959/8034] Built Mathlib.RingTheory.AdicCompletion.LocalRing (5.4s)
✔ [4960/8034] Built Mathlib.RingTheory.FreeCommRing (5.3s)
✔ [4961/8034] Built Mathlib.Topology.Algebra.FilterBasis (7.5s)
✔ [4962/8034] Built Mathlib.RingTheory.MvPolynomial.Symmetric.Defs (5.1s)
✔ [4963/8034] Built Mathlib.CategoryTheory.Presentable.Finite (3.6s)
✔ [4964/8034] Built Mathlib.CategoryTheory.Presentable.Retracts (3.1s)
✔ [4965/8034] Built Mathlib.Algebra.MvPolynomial.Division (5.4s)
✔ [4966/8034] Built Mathlib.CategoryTheory.Presentable.Type (3.6s)
✔ [4967/8034] Built Mathlib.Algebra.Category.ModuleCat.Presheaf (19s)
✔ [4968/8034] Built Mathlib.RingTheory.AlgebraicIndependent.Defs (5.1s)
✔ [4969/8034] Built Mathlib.CategoryTheory.Presentable.Limits (4.2s)
✔ [4970/8034] Built Mathlib.GroupTheory.FreeGroup.GeneratorEquiv (3.9s)
✔ [4971/8034] Built Mathlib.Algebra.Module.SpanRank (5.3s)
✔ [4972/8034] Built Mathlib.CategoryTheory.Generator.HomologicalComplex (4.0s)
✔ [4973/8034] Built Mathlib.RingTheory.Polynomial.Basic (9.2s)
✔ [4974/8034] Built Mathlib.Algebra.Category.AlgCat.Symmetric (4.0s)
✔ [4975/8034] Built Mathlib.Algebra.Category.Ring.Adjunctions (9.0s)
✔ [4976/8034] Built Mathlib.Algebra.Homology.Embedding.Restriction (5.1s)
✔ [4977/8034] Built Mathlib.Algebra.Homology.HomologicalComplexBiprod (5.4s)
✔ [4978/8034] Built Mathlib.Algebra.Homology.TotalComplexSymmetry (6.9s)
✔ [4979/8034] Built Mathlib.LinearAlgebra.Dimension.Free (8.7s)
✔ [4980/8034] Built Mathlib.CategoryTheory.Idempotents.HomologicalComplex (7.6s)
✔ [4981/8034] Built Mathlib.AlgebraicTopology.AlternatingFaceMapComplex (6.8s)
✔ [4982/8034] Built Mathlib.Algebra.QuadraticAlgebra.Defs (12s)
✔ [4983/8034] Built Mathlib.RingTheory.HopfAlgebra.Basic (5.3s)
✔ [4984/8034] Built Mathlib.LinearAlgebra.FreeModule.PID (13s)
✔ [4985/8034] Built Mathlib.Algebra.Homology.Linear (6.4s)
✔ [4986/8034] Built Mathlib.RingTheory.HahnSeries.PowerSeries (5.9s)
✔ [4987/8034] Built Mathlib.Algebra.Algebra.Epi (7.0s)
✔ [4988/8034] Built Mathlib.RingTheory.PowerSeries.CoeffMulMem (4.9s)
✔ [4989/8034] Built Mathlib.Algebra.Homology.Bifunctor (14s)
✔ [4990/8034] Built Mathlib.RingTheory.PowerSeries.Schroder (5.4s)
✔ [4991/8034] Built Mathlib.RingTheory.PowerSeries.Trunc (7.0s)
✔ [4992/8034] Built Mathlib.RingTheory.HahnSeries.HEval (9.6s)
✔ [4993/8034] Built Mathlib.RingTheory.PowerSeries.Catalan (4.8s)
✔ [4994/8034] Built Mathlib.RingTheory.PowerSeries.Order (6.3s)
✔ [4995/8034] Built Mathlib.RingTheory.PowerSeries.WellKnown (5.5s)
✔ [4996/8034] Built Mathlib.Topology.Algebra.InfiniteSum.GroupCompletion (4.3s)
✔ [4997/8034] Built Mathlib.RingTheory.Bialgebra.Hom (12s)
✔ [4998/8034] Built Mathlib.RingTheory.AdicCompletion.Algebra (26s)
✔ [4999/8034] Built Mathlib.Topology.Algebra.InfiniteSum.Ring (6.0s)
✔ [5000/8034] Built Mathlib.Topology.MetricSpace.Sequences (4.1s)
✔ [5001/8034] Built Mathlib.Algebra.Homology.ShortComplex.HomologicalComplex (15s)
✔ [5002/8034] Built Mathlib.RingTheory.DividedPowers.Basic (8.7s)
✔ [5003/8034] Built Mathlib.Topology.MetricSpace.Lipschitz (6.4s)
✔ [5004/8034] Built Mathlib.Topology.MetricSpace.Antilipschitz (5.1s)
✔ [5005/8034] Built Mathlib.Topology.MetricSpace.ProperSpace.Lemmas (4.8s)
✔ [5006/8034] Built Mathlib.Topology.Bornology.Real (4.7s)
✔ [5007/8034] Built Mathlib.Topology.Instances.Int (5.1s)
✔ [5008/8034] Built Mathlib.Analysis.BoxIntegral.Box.Basic (6.3s)
✔ [5009/8034] Built Mathlib.Geometry.Manifold.StructureGroupoid (5.8s)
✔ [5010/8034] Built Mathlib.Topology.Algebra.Equicontinuity (3.8s)
✔ [5011/8034] Built Mathlib.Algebra.CharP.LocalRing (3.9s)
✔ [5012/8034] Built Mathlib.RingTheory.Ideal.Quotient.Index (7.1s)
✔ [5013/8034] Built Mathlib.CategoryTheory.Galois.Full (4.9s)
✔ [5014/8034] Built Mathlib.Order.Filter.ENNReal (5.5s)
✔ [5015/8034] Built Mathlib.Topology.Algebra.InfiniteSum.UniformOn (6.4s)
✔ [5016/8034] Built Mathlib.Algebra.Category.Ring.Instances (4.9s)
✔ [5017/8034] Built Mathlib.LinearAlgebra.TensorProduct.Vanishing (7.2s)
✔ [5018/8034] Built Mathlib.AlgebraicTopology.ModelCategory.Homotopy (5.1s)
✔ [5019/8034] Built Mathlib.RingTheory.LocalRing.ResidueField.Basic (6.1s)
✔ [5020/8034] Built Mathlib.RingTheory.DiscreteValuationRing.Basic (5.9s)
✔ [5021/8034] Built Mathlib.RingTheory.Ideal.Quotient.ChineseRemainder (8.5s)
✔ [5022/8034] Built Mathlib.Topology.Algebra.Module.LinearMap (38s)
✔ [5023/8034] Built Mathlib.Analysis.Normed.Group.Submodule (2.0s)
✔ [5024/8034] Built Mathlib.Topology.Algebra.IsUniformGroup.DiscreteSubgroup (4.1s)
✔ [5025/8034] Built Mathlib.Topology.Algebra.Order.ArchimedeanDiscrete (3.8s)
✔ [5026/8034] Built Mathlib.Analysis.Normed.Group.Indicator (2.7s)
✔ [5027/8034] Built Mathlib.Analysis.Calculus.TangentCone.Defs (3.2s)
✔ [5028/8034] Built Mathlib.Analysis.NormedSpace.Extr (2.9s)
✔ [5029/8034] Built Mathlib.Analysis.Normed.Order.Hom.Basic (3.2s)
✔ [5030/8034] Built Mathlib.RingTheory.QuotSMulTop (12s)
✔ [5031/8034] Built Mathlib.Analysis.Normed.Group.Subgroup (3.7s)
✔ [5032/8034] Built Mathlib.Topology.Algebra.UniformRing (7.3s)
✔ [5033/8034] Built Mathlib.Topology.Algebra.Module.StrongDual (3.6s)
✔ [5034/8034] Built Mathlib.Analysis.NormedSpace.SphereNormEquiv (3.5s)
✔ [5035/8034] Built Mathlib.Analysis.NormedSpace.Real (3.4s)
✔ [5036/8034] Built Mathlib.Analysis.NormedSpace.IndicatorFunction (3.5s)
✔ [5037/8034] Built Mathlib.Analysis.NormedSpace.Int (3.7s)
✔ [5038/8034] Built Mathlib.Analysis.NormedSpace.MStructure (3.8s)
✔ [5039/8034] Built Mathlib.Analysis.NormedSpace.ENormedSpace (3.5s)
✔ [5040/8034] Built Mathlib.RingTheory.Ideal.MinimalPrime.Colon (10s)
✔ [5041/8034] Built Mathlib.Analysis.NormedSpace.ConformalLinearMap (3.4s)
✔ [5042/8034] Built Mathlib.Analysis.Normed.Group.Constructions (6.2s)
✔ [5043/8034] Built Mathlib.Analysis.NormedSpace.BallAction (3.4s)
✔ [5044/8034] Built Mathlib.InformationTheory.Hamming (5.4s)
✔ [5045/8034] Built Mathlib.Analysis.Normed.Order.Basic (3.4s)
✔ [5046/8034] Built Mathlib.Analysis.Normed.Module.MStructure (6.9s)
✔ [5047/8034] Built Mathlib.Analysis.Normed.Module.ENormedSpace (3.2s)
✔ [5048/8034] Built Mathlib.Analysis.Normed.Group.CocompactMap (3.5s)
✔ [5049/8034] Built Mathlib.Algebra.Category.Grp.Images (3.6s)
✔ [5050/8034] Built Mathlib.Analysis.Normed.Group.Real (3.8s)
✔ [5051/8034] Built Mathlib.RingTheory.Noetherian.Nilpotent (3.5s)
✔ [5052/8034] Built Mathlib.RingTheory.Ideal.Quotient.Nilpotent (4.4s)
✔ [5053/8034] Built Mathlib.RingTheory.Finiteness.Nilpotent (4.2s)
✔ [5054/8034] Built Mathlib.CategoryTheory.Preadditive.HomOrthogonal (4.7s)
✔ [5055/8034] Built Mathlib.RingTheory.Polynomial.Nilpotent (4.8s)
✔ [5056/8034] Built Mathlib.RingTheory.ZMod (3.0s)
✔ [5057/8034] Built Mathlib.AlgebraicTopology.SimplicialSet.AnodyneExtensions.Rank (3.9s)
✔ [5058/8034] Built Mathlib.RingTheory.Spectrum.Prime.Basic (5.1s)
✔ [5059/8034] Built Mathlib.CategoryTheory.Sites.LocallyFullyFaithful (3.8s)
✔ [5060/8034] Built Mathlib.CategoryTheory.Sites.LocallyBijective (4.1s)
✔ [5061/8034] Built Mathlib.Algebra.Quaternion (40s)
✔ [5062/8034] Built Mathlib.CategoryTheory.Abelian.CommSq (3.5s)
✔ [5063/8034] Built Mathlib.CategoryTheory.ObjectProperty.EpiMono (3.1s)
✔ [5064/8034] Built Mathlib.CategoryTheory.ObjectProperty.Extensions (3.1s)
✔ [5065/8034] Built Mathlib.CategoryTheory.Abelian.EpiWithInjectiveKernel (3.7s)
✔ [5066/8034] Built Mathlib.Algebra.Homology.ShortComplex.Ab (4.5s)
✔ [5067/8034] Built Mathlib.Algebra.Homology.HomologicalComplexAbelian (4.2s)
✔ [5068/8034] Built Mathlib.Algebra.Homology.ShortComplex.ExactFunctor (4.1s)
✔ [5069/8034] Built Mathlib.RingTheory.PolynomialAlgebra (6.6s)
✔ [5070/8034] Built Mathlib.CategoryTheory.Abelian.Pseudoelements (4.8s)
✔ [5071/8034] Built Mathlib.CategoryTheory.Sites.MayerVietorisSquare (6.1s)
✔ [5072/8034] Built Mathlib.Topology.Algebra.InfiniteSum.Order (6.1s)
✔ [5073/8034] Built Mathlib.Algebra.MvPolynomial.Funext (4.1s)
✔ [5074/8034] Built Mathlib.RingTheory.TensorProduct.MvPolynomial (11s)
✔ [5075/8034] Built Mathlib.RingTheory.TensorProduct.MonoidAlgebra (10s)
✔ [5076/8034] Built Mathlib.Algebra.Homology.ExactSequenceFour (7.4s)
✔ [5077/8034] Built Mathlib.CategoryTheory.Abelian.DiagramLemmas.Four (6.0s)
✔ [5078/8034] Built Mathlib.RingTheory.Algebraic.Cardinality (4.3s)
✔ [5079/8034] Built Mathlib.RingTheory.Polynomial.Dickson (5.4s)
✔ [5080/8034] Built Mathlib.CategoryTheory.Limits.Indization.Products (3.5s)
✔ [5081/8034] Built Mathlib.RingTheory.MvPolynomial.Homogeneous (8.1s)
✔ [5082/8034] Built Mathlib.AlgebraicTopology.SimplicialSet.CategoryWithFibrations (3.4s)
✔ [5083/8034] Built Mathlib.RingTheory.IntegralDomain (6.1s)
✔ [5084/8034] Built Mathlib.CategoryTheory.Limits.Indization.Equalizers (3.3s)
✔ [5085/8034] Built Mathlib.Algebra.Polynomial.FieldDivision (8.5s)
✔ [5086/8034] Built Mathlib.Topology.Instances.AddCircle.Defs (12s)
✔ [5087/8034] Built Mathlib.RingTheory.Localization.AtPrime (2.9s)
✔ [5088/8034] Built Mathlib.Algebra.Homology.ShortComplex.SnakeLemma (11s)
✔ [5089/8034] Built Mathlib.Algebra.MvPolynomial.SchwartzZippel (11s)
✔ [5090/8034] Built Mathlib.RingTheory.Ideal.MinimalPrime.Localization (3.7s)
✔ [5091/8034] Built Mathlib.AlgebraicTopology.SimplicialSet.Path (6.8s)
✔ [5092/8034] Built Mathlib.RingTheory.Localization.BaseChange (19s)
✔ [5093/8034] Built Mathlib.RingTheory.LocalProperties.Submodule (5.4s)
✔ [5094/8034] Built Mathlib.CategoryTheory.MorphismProperty.TransfiniteComposition (7.3s)
✔ [5095/8034] Built Mathlib.RingTheory.LocalRing.LocalSubring (7.8s)
✔ [5096/8034] Built Mathlib.AlgebraicTopology.SimplicialSet.ProdStdSimplex (4.6s)
✔ [5097/8034] Built Mathlib.AlgebraicTopology.SimplicialCategory.Basic (3.7s)
✔ [5098/8034] Built Mathlib.AlgebraicTopology.SimplicialSet.RelativeMorphism (5.1s)
✔ [5099/8034] Built Mathlib.Topology.Algebra.Nonarchimedean.TotallyDisconnected (3.7s)
✔ [5100/8034] Built Mathlib.RingTheory.Localization.LocalizationLocalization (5.9s)
✔ [5101/8034] Built Mathlib.AlgebraicTopology.SimplicialSet.HornColimits (10s)
✔ [5102/8034] Built Mathlib.RingTheory.SurjectiveOnStalks (6.5s)
✔ [5103/8034] Built Mathlib.Topology.Algebra.TopologicallyNilpotent (3.7s)
✔ [5104/8034] Built Mathlib.CategoryTheory.Triangulated.TStructure.Basic (4.5s)
✔ [5105/8034] Built Mathlib.SetTheory.Cardinal.Free (3.7s)
✔ [5106/8034] Built Mathlib.RingTheory.Morita.Matrix (25s)
✔ [5107/8034] Built Mathlib.ModelTheory.Algebra.Ring.FreeCommRing (3.6s)
✔ [5108/8034] Built Mathlib.Algebra.MvPolynomial.PDeriv (4.6s)
✔ [5109/8034] Built Mathlib.Topology.Algebra.NonUnitalStarAlgebra (7.5s)
✔ [5110/8034] Built Mathlib.RingTheory.MvPolynomial.FreeCommRing (4.2s)
✔ [5111/8034] Built Mathlib.LinearAlgebra.Matrix.Adjugate (8.0s)
✔ [5112/8034] Built Mathlib.Topology.Algebra.UniformFilterBasis (3.9s)
✔ [5113/8034] Built Mathlib.Topology.Algebra.Nonarchimedean.Bases (4.8s)
✔ [5114/8034] Built Mathlib.RingTheory.IdealFilter.Topology (5.3s)
✔ [5115/8034] Built Mathlib.CategoryTheory.Triangulated.Triangulated (7.7s)
✔ [5116/8034] Built Mathlib.RingTheory.MvPolynomial.Symmetric.FundamentalTheorem (5.6s)
✔ [5117/8034] Built Mathlib.CategoryTheory.Presentable.CardinalFilteredPresentation (3.2s)
✔ [5118/8034] Built Mathlib.Algebra.Colimit.Ring (8.8s)
✔ [5119/8034] Built Mathlib.Algebra.Polynomial.Expand (4.3s)
✔ [5120/8034] Built Mathlib.RingTheory.Adjoin.FG (4.4s)
✔ [5121/8034] Built Mathlib.Algebra.Category.ModuleCat.Presheaf.ChangeOfRings (6.0s)
✔ [5122/8034] Built Mathlib.CategoryTheory.Presentable.ColimitPresentation (7.1s)
✔ [5123/8034] Built Mathlib.RingTheory.AlgebraicIndependent.Basic (5.9s)
✔ [5124/8034] Built Mathlib.Algebra.Category.ModuleCat.Presheaf.Free (7.4s)
✔ [5125/8034] Built Mathlib.Algebra.Category.ModuleCat.Presheaf.Limits (7.4s)
✔ [5126/8034] Built Mathlib.Data.Nat.Choose.Lucas (3.9s)
✔ [5127/8034] Built Mathlib.Tactic.ReduceModChar (5.0s)
✔ [5128/8034] Built Mathlib.Algebra.Category.ModuleCat.Presheaf.Colimits (7.8s)
✔ [5129/8034] Built Mathlib.Algebra.Category.ModuleCat.Presheaf.Monoidal (9.6s)
✔ [5130/8034] Built Mathlib.AlgebraicTopology.DoldKan.Notations (2.8s)
✔ [5131/8034] Built Mathlib.CategoryTheory.Sites.SheafCohomology.Cech (2.0s)
✔ [5132/8034] Built Mathlib.Algebra.QuadraticAlgebra (3.0s)
✔ [5133/8034] Built Mathlib.LinearAlgebra.FiniteDimensional.Defs (4.7s)
✔ [5134/8034] Built Mathlib.Algebra.AffineMonoid.Embedding (4.5s)
✔ [5135/8034] Built Mathlib.Algebra.Category.Ring.Epi (4.5s)
✔ [5136/8034] Built Mathlib.LinearAlgebra.FreeModule.ModN (7.6s)
✔ [5137/8034] Built Mathlib.RingTheory.Polynomial.Quotient (10s)
✔ [5138/8034] Built Mathlib.Algebra.Polynomial.RuleOfSigns (30s)
✔ [5139/8034] Built Mathlib.RingTheory.MvPolynomial.Symmetric.NewtonIdentities (14s)
✔ [5140/8034] Built Mathlib.RingTheory.PowerSeries.GaussNorm (4.0s)
✔ [5141/8034] Built Mathlib.RingTheory.PowerSeries.NoZeroDivisors (4.1s)
✔ [5142/8034] Built Mathlib.Algebra.Homology.BifunctorFlip (5.3s)
✔ [5143/8034] Built Mathlib.LinearAlgebra.Dimension.Constructions (8.4s)
✔ [5144/8034] Built Mathlib.RingTheory.PowerSeries.Binomial (4.4s)
✔ [5145/8034] Built Mathlib.RingTheory.Polynomial.HilbertPoly (5.0s)
✔ [5146/8034] Built Mathlib.Algebra.QuadraticAlgebra.Basic (8.2s)
✔ [5147/8034] Built Mathlib.Algebra.Homology.Refinements (3.1s)
✔ [5148/8034] Built Mathlib.LinearAlgebra.FreeModule.Int (8.2s)
✔ [5149/8034] Built Mathlib.Algebra.Homology.Embedding.RestrictionHomology (4.2s)
✔ [5150/8034] Built Mathlib.Algebra.Homology.EulerCharacteristic (3.6s)
✔ [5151/8034] Built Mathlib.Algebra.Homology.SingleHomology (3.0s)
✔ [5152/8034] Built Mathlib.RingTheory.AdicCompletion.RingHom (5.7s)
✔ [5153/8034] Built Mathlib.RingTheory.DividedPowers.RatAlgebra (4.1s)
✔ [5154/8034] Built Mathlib.RingTheory.Bialgebra.MonoidAlgebra (6.3s)
✔ [5155/8034] Built Mathlib.RingTheory.DividedPowers.DPMorphism (4.4s)
✔ [5156/8034] Built Mathlib.Topology.MetricSpace.Bilipschitz (2.8s)
✔ [5157/8034] Built Mathlib.Algebra.Homology.LeftResolution.Basic (5.5s)
✔ [5158/8034] Built Mathlib.Topology.Algebra.MetricSpace.Lipschitz (4.3s)
✔ [5159/8034] Built Mathlib.Topology.MetricSpace.MetricSeparated (3.5s)
✔ [5160/8034] Built Mathlib.Topology.MetricSpace.ShrinkingLemma (2.9s)
✔ [5161/8034] Built Mathlib.Topology.Instances.Nat (2.9s)
✔ [5162/8034] Built Mathlib.Topology.Algebra.Ring.Real (3.2s)
✔ [5163/8034] Built Mathlib.RingTheory.Bialgebra.Equiv (10s)
✔ [5164/8034] Built Mathlib.Topology.MetricSpace.Isometry (6.1s)
✔ [5165/8034] Built Mathlib.Algebra.CharP.MixedCharZero (4.0s)
✔ [5166/8034] Built Mathlib.Topology.Algebra.LinearMapCompletion (4.3s)
✔ [5167/8034] Built Mathlib.AlgebraicTopology.ModelCategory.FibrantObjectHomotopy (4.7s)
✔ [5168/8034] Built Mathlib.AlgebraicTopology.ModelCategory.CofibrantObjectHomotopy (4.8s)
✔ [5169/8034] Built Mathlib.Analysis.BoxIntegral.Partition.Basic (5.8s)
✔ [5170/8034] Built Mathlib.Analysis.Convex.Exposed (4.3s)
✔ [5171/8034] Built Mathlib.RingTheory.Henselian (5.8s)
✔ [5172/8034] Built Mathlib.Topology.Algebra.Module.WeakBilin (4.9s)
✔ [5173/8034] Built Mathlib.CategoryTheory.Galois.EssSurj (7.7s)
✔ [5174/8034] Built Mathlib.Topology.Algebra.Module.PerfectPairing (5.4s)
✔ [5175/8034] Built Mathlib.Analysis.Normed.Order.Hom.Ultra (3.2s)
✔ [5176/8034] Built Mathlib.Topology.Algebra.Nonarchimedean.Completion (3.2s)
✔ [5177/8034] Built Mathlib.Topology.Algebra.Module.ClosedSubmodule (6.3s)
✔ [5178/8034] Built Mathlib.Topology.Algebra.UniformField (3.9s)
✔ [5179/8034] Built Mathlib.Analysis.Calculus.TangentCone.Basic (4.7s)
✔ [5180/8034] Built Mathlib.RingTheory.AdicCompletion.Functoriality (16s)
✔ [5181/8034] Built Mathlib.Analysis.Normed.Group.Int (2.0s)
✔ [5182/8034] Built Mathlib.Topology.Algebra.Algebra (9.1s)
✔ [5183/8034] Built Mathlib.Topology.Algebra.SeparationQuotient.Basic (7.0s)
✔ [5184/8034] Built Mathlib.Dynamics.Newton (3.6s)
✔ [5185/8034] Built Mathlib.RingTheory.Polynomial.IrreducibleRing (2.0s)
✔ [5186/8034] Built Mathlib.Algebra.Homology.Homotopy (17s)
✔ [5187/8034] Built Mathlib.AlgebraicTopology.SimplicialSet.AnodyneExtensions.RankNat (2.7s)
✔ [5188/8034] Built Mathlib.Data.ZMod.QuotientRing (3.4s)
✔ [5189/8034] Built Mathlib.Topology.Algebra.Module.LinearMapPiProd (7.4s)
✔ [5190/8034] Built Mathlib.RingTheory.KrullDimension.Basic (3.3s)
✔ [5191/8034] Built Mathlib.CategoryTheory.Sites.EpiMono (3.5s)
✔ [5192/8034] Built Mathlib.CategoryTheory.Subobject.ArtinianObject (3.1s)
✔ [5193/8034] Built Mathlib.CategoryTheory.Abelian.SerreClass.Basic (2.9s)
✔ [5194/8034] Built Mathlib.CategoryTheory.Subobject.NoetherianObject (3.1s)
✔ [5195/8034] Built Mathlib.Algebra.Homology.Factorizations.Basic (2.8s)
✔ [5196/8034] Built Mathlib.CategoryTheory.Abelian.Projective.Basic (3.0s)
✔ [5197/8034] Built Mathlib.CategoryTheory.Abelian.Injective.Basic (3.5s)
✔ [5198/8034] Built Mathlib.RingTheory.Finiteness.NilpotentKer (9.5s)
✔ [5199/8034] Built Mathlib.Algebra.Category.ModuleCat.Sheaf (6.9s)
✔ [5200/8034] Built Mathlib.RingTheory.Artinian.Module (8.2s)
✔ [5201/8034] Built Mathlib.Analysis.NormedSpace.FunctionSeries (3.5s)
✔ [5202/8034] Built Mathlib.Analysis.NormedSpace.Pointwise (3.3s)
✔ [5203/8034] Built Mathlib.Topology.Sheaves.MayerVietoris (3.7s)
✔ [5204/8034] Built Mathlib.Topology.ContinuousMap.Algebra (16s)
✔ [5205/8034] Built Mathlib.CategoryTheory.Sites.DenseSubsite.Basic (8.1s)
✔ [5206/8034] Built Mathlib.CategoryTheory.Abelian.GrothendieckAxioms.Basic (4.3s)
✔ [5207/8034] Built Mathlib.Algebra.QuaternionBasis (7.6s)
✔ [5208/8034] Built Mathlib.RingTheory.MatrixPolynomialAlgebra (4.7s)
✔ [5209/8034] Built Mathlib.Topology.Compactness.HilbertCubeEmbedding (3.2s)
✔ [5210/8034] Built Mathlib.NumberTheory.TsumDivsorsAntidiagonal (3.2s)
✔ [5211/8034] Built Mathlib.Analysis.NormedSpace.RieszLemma (2.8s)
✔ [5212/8034] Built Mathlib.Analysis.NormedSpace.Connected (2.8s)
✔ [5213/8034] Built Mathlib.Data.Real.Hyperreal (2.7s)
✔ [5214/8034] Built Mathlib.Algebra.Homology.BifunctorAssociator (31s)
✔ [5215/8034] Built Mathlib.Analysis.Normed.Ring.Basic (14s)
✔ [5216/8034] Built Mathlib.Data.Complex.FiniteDimensional (2.5s)
✔ [5217/8034] Built Mathlib.Topology.Semicontinuous (2.4s)
✔ [5218/8034] Built Mathlib.Data.Complex.Cardinality (2.6s)
✔ [5219/8034] Built Mathlib.Data.Real.Cardinality (2.7s)
✔ [5220/8034] Built Mathlib.Algebra.ArithmeticGeometric (2.7s)
✔ [5221/8034] Built Mathlib.AlgebraicTopology.SimplicialSet.KanComplex (2.6s)
✔ [5222/8034] Built Mathlib.NumberTheory.LucasPrimality (3.2s)
✔ [5223/8034] Built Mathlib.Algebra.DualQuaternion (12s)
✔ [5224/8034] Built Mathlib.Algebra.Polynomial.SpecificDegree (3.6s)
✔ [5225/8034] Built Mathlib.Algebra.MvPolynomial.Nilpotent (4.8s)
✔ [5226/8034] Built Mathlib.CategoryTheory.Limits.Indization.Category (4.3s)
✔ [5227/8034] Built Mathlib.RingTheory.RootsOfUnity.Basic (5.2s)
✔ [5228/8034] Built Mathlib.Topology.Covering.AddCircle (4.3s)
✔ [5229/8034] Built Mathlib.RingTheory.Polynomial.Radical (4.3s)
✔ [5230/8034] Built Mathlib.Algebra.Polynomial.Homogenize (6.7s)
✔ [5231/8034] Built Mathlib.RingTheory.Polynomial.Content (6.2s)
✔ [5232/8034] Built Mathlib.Algebra.Homology.ShortComplex.ConcreteCategory (5.9s)
✔ [5233/8034] Built Mathlib.Algebra.Polynomial.Degree.CardPowDegree (6.4s)
✔ [5234/8034] Built Mathlib.RingTheory.MvPolynomial.MonomialOrder (10s)
✔ [5235/8034] Built Mathlib.AlgebraicTopology.RelativeCellComplex.Basic (3.6s)
✔ [5236/8034] Built Mathlib.RingTheory.MvPolynomial.Localization (4.9s)
✔ [5237/8034] Built Mathlib.RingTheory.TensorProduct.IsBaseChangePi (4.2s)
✔ [5238/8034] Built Mathlib.CategoryTheory.MorphismProperty.FunctorCategory (3.1s)
✔ [5239/8034] Built Mathlib.Algebra.Homology.HomologySequence (8.4s)
✔ [5240/8034] Built Mathlib.CategoryTheory.Localization.BousfieldTransfiniteComposition (3.2s)
✔ [5241/8034] Built Mathlib.Algebra.Module.CharacterModule (9.6s)
✔ [5242/8034] Built Mathlib.AlgebraicTopology.SimplicialSet.StrictSegal (7.1s)
✔ [5243/8034] Built Mathlib.Algebra.Polynomial.Splits (10s)
✔ [5244/8034] Built Mathlib.CategoryTheory.SmallObject.TransfiniteIteration (4.4s)
✔ [5245/8034] Built Mathlib.CategoryTheory.Abelian.DiagramLemmas.KernelCokernelComp (8.6s)
✔ [5246/8034] Built Mathlib.RingTheory.Localization.Algebra (6.5s)
✔ [5247/8034] Built Mathlib.AlgebraicTopology.SimplicialSet.FiniteProd (3.1s)
✔ [5248/8034] Built Mathlib.CategoryTheory.SmallObject.TransfiniteCompositionLifting (6.5s)
✔ [5249/8034] Built Mathlib.AlgebraicTopology.SimplicialSet.KanComplex.MulStruct (3.3s)
✔ [5250/8034] Built Mathlib.AlgebraicTopology.SimplicialCategory.SimplicialObject (3.2s)
✔ [5251/8034] Built Mathlib.Algebra.FreeAlgebra.Cardinality (3.3s)
✔ [5252/8034] Built Mathlib.ModelTheory.Algebra.Field.CharP (3.2s)
✔ [5253/8034] Built Mathlib.RingTheory.Localization.AsSubring (4.5s)
✔ [5254/8034] Built Mathlib.RingTheory.MvPowerSeries.PiTopology (4.1s)
✔ [5255/8034] Built Mathlib.RingTheory.MvPolynomial.EulerIdentity (3.7s)
✔ [5256/8034] Built Mathlib.CategoryTheory.Presentable.EssentiallyLarge (3.1s)
✔ [5257/8034] Built Mathlib.CategoryTheory.Presentable.LocallyPresentable (3.1s)
✔ [5258/8034] Built Mathlib.CategoryTheory.Triangulated.TStructure.TruncLTGE (4.8s)
✔ [5259/8034] Built Mathlib.Algebra.Category.Ring.Constructions (11s)
✔ [5260/8034] Built Mathlib.LinearAlgebra.Matrix.Nondegenerate (4.1s)
✔ [5261/8034] Built Mathlib.Topology.Algebra.Nonarchimedean.AdicTopology (4.3s)
✔ [5262/8034] Built Mathlib.AlgebraicTopology.SimplicialNerve (6.8s)
✔ [5263/8034] Built Mathlib.RingTheory.Polynomial.Bernstein (5.5s)
✔ [5264/8034] Built Mathlib.RingTheory.IntegralClosure.IsIntegral.Basic (4.5s)
✔ [5265/8034] Built Mathlib.RingTheory.Adjoin.FGBaseChange (3.2s)
✔ [5266/8034] Built Mathlib.Algebra.Category.ModuleCat.Presheaf.EpiMono (3.4s)
✔ [5267/8034] Built Mathlib.RingTheory.Adjoin.Tower (4.2s)
✔ [5268/8034] Built Mathlib.Algebra.AffineMonoid.UniqueSums (3.3s)
✔ [5269/8034] Built Mathlib.LinearAlgebra.Basis.MulOpposite (3.5s)
✔ [5270/8034] Built Mathlib.Algebra.BrauerGroup.Defs (3.9s)
✔ [5271/8034] Built Mathlib.RingTheory.Jacobson.Polynomial (3.7s)
✔ [5272/8034] Built Mathlib.RingTheory.Polynomial.GaussNorm (3.6s)
✔ [5273/8034] Built Mathlib.Algebra.Category.ModuleCat.Presheaf.Abelian (4.6s)
✔ [5274/8034] Built Mathlib.LinearAlgebra.Dimension.Torsion.Basic (3.5s)
✔ [5275/8034] Built Mathlib.RingTheory.PowerSeries.Inverse (5.1s)
✔ [5276/8034] Built Mathlib.LinearAlgebra.Dimension.ErdosKaplansky (4.9s)
✔ [5277/8034] Built Mathlib.RingTheory.Algebraic.Basic (8.5s)
✔ [5278/8034] Built Mathlib.RingTheory.Adjoin.Dimension (4.5s)
✔ [5279/8034] Built Mathlib.RingTheory.TensorProduct.DirectLimitFG (8.7s)
✔ [5280/8034] Built Mathlib.Algebra.LinearRecurrence (4.9s)
✔ [5281/8034] Built Mathlib.RingTheory.HahnSeries.Binomial (4.9s)
✔ [5282/8034] Built Mathlib.LinearAlgebra.Dimension.FreeAndStrongRankCondition (5.2s)
✔ [5283/8034] Built Mathlib.Algebra.Category.ModuleCat.LeftResolution (3.7s)
✔ [5284/8034] Built Mathlib.LinearAlgebra.Dimension.Finite (5.6s)
✔ [5285/8034] Built Mathlib.RingTheory.HopfAlgebra.MonoidAlgebra (5.1s)
✔ [5286/8034] Built Mathlib.Algebra.Homology.LeftResolution.Transport (3.3s)
✔ [5287/8034] Built Mathlib.Topology.Instances.PNat (2.9s)
✔ [5288/8034] Built Mathlib.Algebra.Homology.Embedding.Connect (6.0s)
✔ [5289/8034] Built Mathlib.Topology.Instances.NNReal.Lemmas (3.8s)
✔ [5290/8034] Built Mathlib.Topology.Instances.ZMultiples (3.0s)
✔ [5291/8034] Built Mathlib.Algebra.Module.FinitePresentation (22s)
✔ [5292/8034] Built Mathlib.RingTheory.DividedPowers.SubDPIdeal (7.0s)
✔ [5293/8034] Built Mathlib.Algebra.Category.ModuleCat.Presheaf.Pushforward (12s)
✔ [5294/8034] Built Mathlib.Analysis.Subadditive (3.5s)
✔ [5295/8034] Built Mathlib.Topology.Instances.Rat (4.2s)
✔ [5296/8034] Built Mathlib.Analysis.Normed.Group.Continuity (5.1s)
✔ [5297/8034] Built Mathlib.Topology.Instances.Real.Lemmas (4.4s)
✔ [5298/8034] Built Mathlib.Topology.MetricSpace.ProperSpace.Real (3.2s)
✔ [5299/8034] Built Mathlib.AlgebraicTopology.ModelCategory.DerivabilityStructureFibrant (2.0s)
✔ [5300/8034] Built Mathlib.Topology.MetricSpace.Dilation (4.8s)
✔ [5301/8034] Built Mathlib.AlgebraicTopology.ModelCategory.DerivabilityStructureCofibrant (3.1s)
✔ [5302/8034] Built Mathlib.Analysis.BoxIntegral.Partition.Split (4.1s)
✔ [5303/8034] Built Mathlib.Topology.UnitInterval (7.3s)
✔ [5304/8034] Built Mathlib.Topology.MetricSpace.Gluing (5.3s)
✔ [5305/8034] Built Mathlib.Algebra.Category.BialgCat.Basic (8.5s)
✔ [5306/8034] Built Mathlib.Topology.Algebra.InfiniteSum.Nonarchimedean (4.9s)
✔ [5307/8034] Built Mathlib.Analysis.BoxIntegral.Partition.Tagged (5.8s)
✔ [5308/8034] Built Mathlib.CategoryTheory.Galois.Equivalence (5.2s)
✔ [5309/8034] Built Mathlib.Analysis.Calculus.TangentCone.Prod (4.6s)
✔ [5310/8034] Built Mathlib.Topology.Algebra.Module.WeakDual (6.7s)
✔ [5311/8034] Built Mathlib.Analysis.Calculus.TangentCone.Pi (4.8s)
✔ [5312/8034] Built Mathlib.AlgebraicTopology.ModelCategory.BifibrantObjectHomotopy (8.1s)
✔ [5313/8034] Built Mathlib.Analysis.Convex.Cone.Basic (5.0s)
✔ [5314/8034] Built Mathlib.CategoryTheory.Triangulated.Functor (23s)
✔ [5315/8034] Built Mathlib.Topology.Algebra.SeparationQuotient.Hom (4.3s)
✔ [5316/8034] Built Mathlib.Topology.Algebra.SeparationQuotient.Section (4.0s)
✔ [5317/8034] Built Mathlib.Topology.Algebra.SeparationQuotient.FiniteDimensional (3.7s)
✔ [5318/8034] Built Mathlib.Topology.Algebra.StarSubalgebra (7.7s)
✔ [5319/8034] Built Mathlib.Topology.MetricSpace.IsometricSMul (13s)
✔ [5320/8034] Built Mathlib.AlgebraicTopology.DoldKan.Homotopies (4.2s)
✔ [5321/8034] Built Mathlib.Algebra.Homology.HomotopyCategory (5.4s)
✔ [5322/8034] Built Mathlib.RingTheory.Bialgebra.TensorProduct (15s)
✔ [5323/8034] Built Mathlib.Topology.MetricSpace.Algebra (8.0s)
✔ [5324/8034] Built Mathlib.Topology.Instances.TrivSqZeroExt (5.8s)
✔ [5325/8034] Built Mathlib.Algebra.Homology.QuasiIso (6.1s)
✔ [5326/8034] Built Mathlib.RingTheory.KrullDimension.Field (3.9s)
✔ [5327/8034] Built Mathlib.RingTheory.Ideal.NatInt (4.6s)
✔ [5328/8034] Built Mathlib.CategoryTheory.Noetherian (3.2s)
✔ [5329/8034] Built Mathlib.Algebra.Category.Grp.IsFinite (3.8s)
✔ [5330/8034] Built Mathlib.AlgebraicTopology.ExtraDegeneracy (9.7s)
✔ [5331/8034] Built Mathlib.Algebra.Homology.HomotopyCofiber (10s)
✔ [5332/8034] Built Mathlib.Algebra.Homology.BifunctorHomotopy (11s)
✔ [5333/8034] Built Mathlib.CategoryTheory.Abelian.Yoneda (4.0s)
✔ [5334/8034] Built Mathlib.RingTheory.Artinian.Ring (3.0s)
✔ [5335/8034] Built Mathlib.RingTheory.Artinian.Instances (4.7s)
✔ [5336/8034] Built Mathlib.Algebra.Category.ModuleCat.Sheaf.Limits (5.3s)
✔ [5337/8034] Built Mathlib.Algebra.Category.ModuleCat.Sheaf.ChangeOfRings (5.3s)
✔ [5338/8034] Built Mathlib.RingTheory.FiniteLength (4.7s)
✔ [5339/8034] Built Mathlib.Topology.ContinuousMap.LocallyConstant (4.0s)
✔ [5340/8034] Built Mathlib.Topology.ContinuousMap.Star (5.3s)
✔ [5341/8034] Built Mathlib.Topology.Algebra.Group.CompactOpen (6.1s)
✔ [5342/8034] Built Mathlib.Topology.ContinuousMap.Lattice (4.2s)
✔ [5343/8034] Built Mathlib.Topology.UniformSpace.ProdApproximation (3.8s)
✔ [5344/8034] Built Mathlib.Algebra.Homology.HomotopyCategory.HomComplex (15s)
✔ [5345/8034] Built Mathlib.CategoryTheory.Sites.PreservesLocallyBijective (3.7s)
✔ [5346/8034] Built Mathlib.Topology.Sheaves.SheafCondition.Sites (4.1s)
✔ [5347/8034] Built Mathlib.Topology.Algebra.Module.Multilinear.Basic (13s)
✔ [5348/8034] Built Mathlib.CategoryTheory.Abelian.GrothendieckAxioms.Types (2.8s)
✔ [5349/8034] Built Mathlib.Topology.Algebra.ContinuousAffineMap (16s)
✔ [5350/8034] Built Mathlib.CategoryTheory.Abelian.GrothendieckAxioms.Colim (4.2s)
✔ [5351/8034] Built Mathlib.Algebra.Category.Grp.AB (5.3s)
✔ [5352/8034] Built Mathlib.CategoryTheory.ObjectProperty.FunctorCategory.PreservesLimits (3.0s)
✔ [5353/8034] Built Mathlib.CategoryTheory.Abelian.GrothendieckAxioms.FunctorCategory (3.3s)
✔ [5354/8034] Built Mathlib.Algebra.Lie.Subalgebra (11s)
✔ [5355/8034] Built Mathlib.CategoryTheory.Abelian.GrothendieckAxioms.Connected (4.2s)
✔ [5356/8034] Built Mathlib.CategoryTheory.Abelian.GrothendieckCategory.Basic (3.7s)
✔ [5357/8034] Built Mathlib.Analysis.Normed.Ring.Finite (3.9s)
✔ [5358/8034] Built Mathlib.Analysis.Normed.Ring.TransferInstance (3.7s)
✔ [5359/8034] Built Mathlib.CategoryTheory.Sites.DenseSubsite.SheafEquiv (9.1s)
✔ [5360/8034] Built Mathlib.AlgebraicTopology.Quasicategory.Basic (3.4s)
✔ [5361/8034] Built Mathlib.Analysis.Normed.Ring.WithAbs (4.1s)
✔ [5362/8034] Built Mathlib.CategoryTheory.Preadditive.Indization (3.5s)
✔ [5363/8034] Built Mathlib.CategoryTheory.Sites.Point.Basic (8.4s)
✔ [5364/8034] Built Mathlib.CategoryTheory.Sites.DenseSubsite.OneHypercoverDense (12s)
✔ [5365/8034] Built Mathlib.NumberTheory.FLT.MasonStothers (4.9s)
✔ [5366/8034] Built Mathlib.Algebra.Homology.Monoidal (8.7s)
✔ [5367/8034] Built Mathlib.Algebra.MvPolynomial.Expand (6.4s)
✔ [5368/8034] Built Mathlib.RingTheory.Polynomial.UniqueFactorization (5.3s)
✔ [5369/8034] Built Mathlib.RingTheory.Polynomial.ContentIdeal (5.6s)
✔ [5370/8034] Built Mathlib.RingTheory.Polynomial.Eisenstein.Criterion (5.1s)
✔ [5371/8034] Built Mathlib.Analysis.Normed.Field.Basic (9.8s)
✔ [5372/8034] Built Mathlib.RingTheory.MvPolynomial.MonomialOrder.DegLex (3.8s)
✔ [5373/8034] Built Mathlib.AlgebraicTopology.SimplicialSet.Monomorphisms (3.5s)
✔ [5374/8034] Built Mathlib.RingTheory.RootsOfUnity.PrimitiveRoots (9.5s)
✔ [5375/8034] Built Mathlib.RingTheory.TensorProduct.IsBaseChangeFree (4.0s)
✔ [5376/8034] Built Mathlib.Topology.Algebra.Module.Equiv (26s)
✔ [5377/8034] Built Mathlib.Algebra.Category.Grp.LargeColimits (4.8s)
✔ [5378/8034] Built Mathlib.Algebra.Category.Grp.EnoughInjectives (4.4s)
✔ [5379/8034] Built Mathlib.RingTheory.MvPolynomial.Groebner (7.0s)
✔ [5380/8034] Built Mathlib.LinearAlgebra.Matrix.SpecialLinearGroup (11s)
✔ [5381/8034] Built Mathlib.Algebra.Homology.ConcreteCategory (5.6s)
✔ [5382/8034] Built Mathlib.RingTheory.MvPolynomial.Ideal (8.9s)
✔ [5383/8034] Built Mathlib.Algebra.Homology.ShortComplex.ModuleCat (10s)
✔ [5384/8034] Built Mathlib.RingTheory.Polynomial.Vieta (4.0s)
✔ [5385/8034] Built Mathlib.Topology.ContinuousMap.Periodic (22s)
✔ [5386/8034] Built Mathlib.RingTheory.Polynomial.ScaleRoots (5.1s)
✔ [5387/8034] Built Mathlib.CategoryTheory.Abelian.SerreClass.MorphismProperty (4.9s)
✔ [5388/8034] Built Mathlib.AlgebraicTopology.SimplicialSet.Coskeletal (8.1s)
✔ [5389/8034] Built Mathlib.Algebra.CubicDiscriminant (7.1s)
✔ [5390/8034] Built Mathlib.CategoryTheory.Presentable.Adjunction (3.9s)
✔ [5391/8034] Built Mathlib.CategoryTheory.Presentable.Dense (4.0s)
✔ [5392/8034] Built Mathlib.RingTheory.MvPowerSeries.LinearTopology (5.4s)
✔ [5393/8034] Built Mathlib.RingTheory.PowerSeries.PiTopology (5.4s)
✔ [5394/8034] Built Mathlib.RingTheory.MvPowerSeries.Evaluation (7.0s)
✔ [5395/8034] Built Mathlib.CategoryTheory.Presentable.StrongGenerator (5.9s)
✔ [5396/8034] Built Mathlib.RingTheory.Polynomial.Morse (11s)
✔ [5397/8034] Built Mathlib.Analysis.Complex.IsIntegral (4.4s)
✔ [5398/8034] Built Mathlib.CategoryTheory.SmallObject.IsCardinalForSmallObjectArgument (9.7s)
✔ [5399/8034] Built Mathlib.RingTheory.AdicCompletion.Topology (5.9s)
✔ [5400/8034] Built Mathlib.RingTheory.Artinian.Algebra (5.2s)
✔ [5401/8034] Built Mathlib.RingTheory.RingHomProperties (7.0s)
✔ [5402/8034] Built Mathlib.Algebra.Category.Ring.Topology (7.6s)
✔ [5403/8034] Built Mathlib.Topology.Algebra.IsOpenUnits (6.0s)
✔ [5404/8034] Built Mathlib.FieldTheory.Minpoly.Basic (5.9s)
✔ [5405/8034] Built Mathlib.Algebra.Category.ModuleCat.Presheaf.Generator (6.2s)
✔ [5406/8034] Built Mathlib.Algebra.Category.Ring.Under.Basic (9.6s)
✔ [5407/8034] Built Mathlib.Algebra.AlgebraicCard (4.6s)
✔ [5408/8034] Built Mathlib.FieldTheory.Finiteness (4.4s)
✔ [5409/8034] Built Mathlib.RingTheory.PowerSeries.Ideal (7.1s)
✔ [5410/8034] Built Mathlib.LinearAlgebra.Dimension.Torsion.Finite (4.8s)
✔ [5411/8034] Built Mathlib.RingTheory.Algebraic.MvPolynomial (6.5s)
✔ [5412/8034] Built Mathlib.RingTheory.LocalProperties.Exactness (16s)
✔ [5413/8034] Built Mathlib.Algebra.Module.Presentation.Finite (4.3s)
✔ [5414/8034] Built Mathlib.Analysis.Real.Spectrum (5.1s)
✔ [5415/8034] Built Mathlib.Analysis.Normed.Group.Rat (3.9s)
✔ [5416/8034] Built Mathlib.Algebra.Homology.LeftResolution.Reduced (6.1s)
✔ [5417/8034] Built Mathlib.LinearAlgebra.Dimension.RankNullity (7.4s)
✔ [5418/8034] Built Mathlib.Topology.UniformSpace.CompareReals (4.2s)
✔ [5419/8034] Built Mathlib.Topology.Algebra.InfiniteSum.Field (3.0s)
✔ [5420/8034] Built Mathlib.Data.Real.Sqrt (6.6s)
✔ [5421/8034] Built Mathlib.RingTheory.FiniteType (12s)
✔ [5422/8034] Built Mathlib.Topology.MetricSpace.Congruence (3.7s)
✔ [5423/8034] Built Mathlib.RingTheory.Valuation.ValuationSubring (19s)
✔ [5424/8034] Built Mathlib.Analysis.Normed.Group.Bounded (5.2s)
✔ [5425/8034] Built Mathlib.Topology.MetricSpace.DilationEquiv (5.5s)
✔ [5426/8034] Built Mathlib.LinearAlgebra.Dimension.OrzechProperty (10s)
✔ [5427/8034] Built Mathlib.Topology.Metrizable.CompletelyMetrizable (5.2s)
✔ [5428/8034] Built Mathlib.LinearAlgebra.FiniteDimensional.Basic (11s)
✔ [5429/8034] Built Mathlib.CategoryTheory.Localization.Triangulated (5.6s)
✔ [5430/8034] Built Mathlib.Analysis.Normed.Group.AddTorsor (5.3s)
✔ [5431/8034] Built Mathlib.Topology.Instances.ENNReal.Lemmas (8.9s)
✔ [5432/8034] Built Mathlib.Topology.Algebra.Module.CharacterSpace (7.2s)
✔ [5433/8034] Built Mathlib.Algebra.Category.HopfAlgCat.Basic (7.7s)
✔ [5434/8034] Built Mathlib.AlgebraicTopology.DoldKan.Faces (6.8s)
✔ [5435/8034] Built Mathlib.Topology.MetricSpace.Completion (4.3s)
✔ [5436/8034] Built Mathlib.RingTheory.HopfAlgebra.TensorProduct (6.8s)
✔ [5437/8034] Built Mathlib.Algebra.Homology.HomologySequenceLemmas (5.4s)
✔ [5438/8034] Built Mathlib.Topology.Path (10s)
✔ [5439/8034] Built Mathlib.CategoryTheory.Preadditive.Injective.Resolution (4.0s)
✔ [5440/8034] Built Mathlib.Algebra.Homology.Functor (3.7s)
✔ [5441/8034] Built Mathlib.Algebra.Homology.HomotopyCategory.Shift (8.7s)
✔ [5442/8034] Built Mathlib.Topology.Homotopy.Basic (11s)
✔ [5443/8034] Built Mathlib.CategoryTheory.Preadditive.Projective.Resolution (4.0s)
✔ [5444/8034] Built Mathlib.NumberTheory.FrobeniusNumber (4.4s)
✔ [5445/8034] Built Mathlib.Analysis.Normed.Group.Uniform (8.0s)
✔ [5446/8034] Built Mathlib.Algebra.Homology.Opposite (7.8s)
✔ [5447/8034] Built Mathlib.Algebra.Homology.AlternatingConst (4.9s)
✔ [5448/8034] Built Mathlib.Algebra.Homology.Localization (4.8s)
✔ [5449/8034] Built Mathlib.Algebra.Homology.HomotopyCategory.HomComplexInduction (3.5s)
✔ [5450/8034] Built Mathlib.Topology.Sheaves.PUnit (3.2s)
✔ [5451/8034] Built Mathlib.CategoryTheory.Triangulated.SpectralObject (13s)
✔ [5452/8034] Built Mathlib.Topology.Algebra.AffineSubspace (3.7s)
✔ [5453/8034] Built Mathlib.CategoryTheory.Abelian.GrothendieckCategory.Monomorphisms (3.1s)
✔ [5454/8034] Built Mathlib.RingTheory.Length (5.7s)
✔ [5455/8034] Built Mathlib.Topology.Sheaves.SheafCondition.OpensLeCover (4.7s)
✔ [5456/8034] Built Mathlib.Algebra.Homology.GrothendieckAbelian (3.5s)
✔ [5457/8034] Built Mathlib.Algebra.Category.ModuleCat.AB (4.6s)
✔ [5458/8034] Built Mathlib.Topology.Sheaves.Functors (6.3s)
✔ [5459/8034] Built Mathlib.CategoryTheory.Sites.DenseSubsite.InducedTopology (3.8s)
✔ [5460/8034] Built Mathlib.CategoryTheory.Sites.ConstantSheaf (4.8s)
✔ [5461/8034] Built Mathlib.CategoryTheory.Abelian.GrothendieckCategory.Subobject (6.1s)
✔ [5462/8034] Built Mathlib.CategoryTheory.Generator.Indization (3.4s)
✔ [5463/8034] Built Mathlib.RingTheory.SimpleModule.WedderburnArtin (9.5s)
✔ [5464/8034] Built Mathlib.AlgebraicTopology.Quasicategory.StrictSegal (4.3s)
✔ [5465/8034] Built Mathlib.CategoryTheory.Sites.Point.Category (3.9s)
✔ [5466/8034] Built Mathlib.RingTheory.MvPolynomial.Expand (3.3s)
✔ [5467/8034] Built Mathlib.Analysis.Normed.Field.TransferInstance (2.0s)
✔ [5468/8034] Built Mathlib.Topology.MetricSpace.CauSeqFilter (3.1s)
✔ [5469/8034] Built Mathlib.RingTheory.WittVector.WittPolynomial (4.8s)
✔ [5470/8034] Built Mathlib.Algebra.Category.ModuleCat.Presheaf.Sheafify (13s)
✔ [5471/8034] Built Mathlib.NumberTheory.FLT.Polynomial (6.3s)
✔ [5472/8034] Built Mathlib.RingTheory.RootsOfUnity.EnoughRootsOfUnity (3.2s)
✔ [5473/8034] Built Mathlib.Analysis.Polynomial.CauchyBound (6.1s)
✔ [5474/8034] Built Mathlib.Algebra.MvPolynomial.NoZeroDivisors (4.2s)
✔ [5475/8034] Built Mathlib.CategoryTheory.Abelian.Indization (7.7s)
✔ [5476/8034] Built Mathlib.Algebra.Homology.HomotopyCategory.MappingCone (13s)
✔ [5477/8034] Built Mathlib.RingTheory.RootsOfUnity.CyclotomicUnits (4.4s)
✔ [5478/8034] Built Mathlib.Analysis.Normed.MulAction (5.5s)
✔ [5479/8034] Built Mathlib.Algebra.Category.Grp.Ulift (4.7s)
✔ [5480/8034] Built Mathlib.Algebra.Category.BialgCat.Monoidal (22s)
✔ [5481/8034] Built Mathlib.Analysis.Convex.ContinuousLinearEquiv (3.3s)
✔ [5482/8034] Built Mathlib.Topology.Algebra.Algebra.Equiv (5.6s)
✔ [5483/8034] Built Mathlib.Topology.Algebra.InfiniteSum.Module (4.9s)
✔ [5484/8034] Built Mathlib.Topology.Algebra.Module.LinearPMap (5.3s)
✔ [5485/8034] Built Mathlib.Topology.Algebra.Module.TransferInstance (3.4s)
✔ [5486/8034] Built Mathlib.Analysis.CStarAlgebra.Module.Synonym (4.7s)
✔ [5487/8034] Built Mathlib.Algebra.Lie.Submodule (15s)
✔ [5488/8034] Built Mathlib.Topology.Algebra.Module.Star (4.8s)
✔ [5489/8034] Built Mathlib.Topology.Instances.RealVectorSpace (4.2s)
✔ [5490/8034] Built Mathlib.Analysis.Fourier.Notation (5.0s)
✔ [5491/8034] Built Mathlib.Algebra.Category.ModuleCat.EnoughInjectives (3.7s)
✔ [5492/8034] Built Mathlib.LinearAlgebra.Matrix.ProjectiveSpecialLinearGroup (3.6s)
✔ [5493/8034] Built Mathlib.Combinatorics.Nullstellensatz (4.6s)
✔ [5494/8034] Built Mathlib.Algebra.Category.ModuleCat.Ulift (3.0s)
✔ [5495/8034] Built Mathlib.RingTheory.Regular.Category (3.5s)
✔ [5496/8034] Built Mathlib.Algebra.Category.ModuleCat.Free (4.8s)
✔ [5497/8034] Built Mathlib.CategoryTheory.Abelian.SerreClass.Bousfield (2.0s)
✔ [5498/8034] Built Mathlib.Topology.Algebra.Module.ModuleTopology (7.6s)
✔ [5499/8034] Built Mathlib.RingTheory.Polynomial.Eisenstein.Basic (4.2s)
✔ [5500/8034] Built Mathlib.LinearAlgebra.Matrix.FixedDetMatrices (6.7s)
✔ [5501/8034] Built Mathlib.RingTheory.Polynomial.SmallDegreeVieta (4.9s)
✔ [5502/8034] Built Mathlib.RingTheory.Polynomial.IntegralNormalization (4.9s)
✔ [5503/8034] Built Mathlib.Algebra.Category.ModuleCat.Localization (6.3s)
✔ [5504/8034] Built Mathlib.Topology.Algebra.ContinuousAffineEquiv (10s)
✔ [5505/8034] Built Mathlib.Algebra.Category.ModuleCat.Biproducts (7.1s)
✔ [5506/8034] Built Mathlib.Analysis.Asymptotics.Defs (15s)
✔ [5507/8034] Built Mathlib.CategoryTheory.ObjectProperty.Ind (4.1s)
✔ [5508/8034] Built Mathlib.AlgebraicGeometry.EllipticCurve.Weierstrass (5.9s)
✔ [5509/8034] Built Mathlib.Topology.Algebra.Module.Alternating.Basic (12s)
✔ [5510/8034] Built Mathlib.CategoryTheory.SmallObject.Basic (3.8s)
✔ [5511/8034] Built Mathlib.CategoryTheory.Presentable.Presheaf (4.7s)
✔ [5512/8034] Built Mathlib.RingTheory.PowerSeries.Evaluation (5.7s)
✔ [5513/8034] Built Mathlib.RingTheory.RingHom.Injective (4.6s)
✔ [5514/8034] Built Mathlib.Analysis.NormedSpace.HomeomorphBall (3.9s)
✔ [5515/8034] Built Mathlib.CategoryTheory.Presentable.OrthogonalReflection (8.3s)
✔ [5516/8034] Built Mathlib.Algebra.Category.ModuleCat.Presheaf.Pullback (6.2s)
✔ [5517/8034] Built Mathlib.Analysis.NormedSpace.PiTensorProduct.ProjectiveSeminorm (3.8s)
✔ [5518/8034] Built Mathlib.Data.Complex.Norm (3.9s)
✔ [5519/8034] Built Mathlib.RingTheory.AlgebraicIndependent.Transcendental (6.7s)
✔ [5520/8034] Built Mathlib.Analysis.Complex.Norm (5.9s)
✔ [5521/8034] Built Mathlib.Analysis.NormedSpace.PiTensorProduct.InjectiveSeminorm (3.8s)
✔ [5522/8034] Built Mathlib.LinearAlgebra.Dimension.DivisionRing (6.6s)
✔ [5523/8034] Built Mathlib.Analysis.NormedSpace.OperatorNorm.Prod (3.7s)
✔ [5524/8034] Built Mathlib.Analysis.NormedSpace.OperatorNorm.NormedSpace (3.4s)
✔ [5525/8034] Built Mathlib.Analysis.NormedSpace.OperatorNorm.NNNorm (3.8s)
✔ [5526/8034] Built Mathlib.Algebra.Category.CommAlgCat.Basic (8.5s)
✔ [5527/8034] Built Mathlib.Analysis.NormedSpace.OperatorNorm.Mul (3.1s)
✔ [5528/8034] Built Mathlib.Analysis.NormedSpace.OperatorNorm.Completeness (3.3s)
✔ [5529/8034] Built Mathlib.RingTheory.MvPowerSeries.Substitution (11s)
✔ [5530/8034] Built Mathlib.Analysis.NormedSpace.OperatorNorm.Basic (3.8s)
✔ [5531/8034] Built Mathlib.Analysis.NormedSpace.OperatorNorm.Bilinear (3.8s)
✔ [5532/8034] Built Mathlib.Combinatorics.Enumerative.Partition.GenFun (12s)
✔ [5533/8034] Built Mathlib.Analysis.NormedSpace.OperatorNorm.Asymptotics (3.9s)
✔ [5534/8034] Built Mathlib.Analysis.NormedSpace.Multilinear.Curry (3.7s)
✔ [5535/8034] Built Mathlib.Analysis.NormedSpace.Multilinear.Basic (3.8s)
✔ [5536/8034] Built Mathlib.Analysis.NormedSpace.Alternating.Basic (3.7s)
✔ [5537/8034] Built Mathlib.Analysis.NormedSpace.Alternating.Curry (3.9s)
✔ [5538/8034] Built Mathlib.Analysis.NormedSpace.Alternating.Uncurry.Fin (3.9s)
✔ [5539/8034] Built Mathlib.Analysis.NormedSpace.Extend (3.8s)
✔ [5540/8034] Built Mathlib.Analysis.NormedSpace.HahnBanach.Extension (3.5s)
✔ [5541/8034] Built Mathlib.Analysis.NormedSpace.HahnBanach.Separation (3.1s)
✔ [5542/8034] Built Mathlib.Analysis.NormedSpace.HahnBanach.SeparatingDual (3.3s)
✔ [5543/8034] Built Mathlib.Analysis.NormedSpace.RCLike (3.1s)
✔ [5544/8034] Built Mathlib.Analysis.NormedSpace.Normalize (3.1s)
✔ [5545/8034] Built Mathlib.Data.Real.CompleteField (3.2s)
✔ [5546/8034] Built Mathlib.Data.Real.StarOrdered (3.3s)
✔ [5547/8034] Built Mathlib.AlgebraicTopology.SimplicialSet.HomotopyCat (17s)
✔ [5548/8034] Built Mathlib.Data.Rat.NatSqrt.Real (3.5s)
✔ [5549/8034] Built Mathlib.Data.Real.Irrational (3.4s)
✔ [5550/8034] Built Mathlib.NumberTheory.Zsqrtd.ToReal (3.8s)
✔ [5551/8034] Built Mathlib.RingTheory.Finiteness.Small (3.8s)
✔ [5552/8034] Built Mathlib.Tactic.NormNum.RealSqrt (4.6s)
✔ [5553/8034] Built Mathlib.NumberTheory.Real.Irrational (4.9s)
✔ [5554/8034] Built Mathlib.RingTheory.Localization.InvSubmonoid (4.2s)
✔ [5555/8034] Built Mathlib.Algebra.Star.CHSH (5.6s)
✔ [5556/8034] Built Mathlib.RingTheory.Finiteness.Quotient (4.4s)
✔ [5557/8034] Built Mathlib.RingTheory.ReesAlgebra (4.5s)
✔ [5558/8034] Built Mathlib.LinearAlgebra.FreeModule.StrongRankCondition (3.3s)
✔ [5559/8034] Built Mathlib.RingTheory.GradedAlgebra.FiniteType (4.5s)
✔ [5560/8034] Built Mathlib.RingTheory.Valuation.RamificationGroup (3.5s)
✔ [5561/8034] Built Mathlib.Topology.MetricSpace.Similarity (5.4s)
✔ [5562/8034] Built Mathlib.RingTheory.FinitePresentation (6.8s)
✔ [5563/8034] Built Mathlib.Topology.Algebra.Valued.ValuationTopology (5.6s)
✔ [5564/8034] Built Mathlib.RingTheory.EssentialFiniteness (7.2s)
✔ [5565/8034] Built Mathlib.LinearAlgebra.Projectivization.Basic (6.1s)
✔ [5566/8034] Built Mathlib.Topology.UniformSpace.Path (4.7s)
✔ [5567/8034] Built Mathlib.AlgebraicTopology.DoldKan.Projections (5.4s)
✔ [5568/8034] Built Mathlib.RingTheory.PolynomialLaw.Basic (11s)
✔ [5569/8034] Built Mathlib.Analysis.Normed.Affine.Simplex (6.9s)
✔ [5570/8034] Built Mathlib.Topology.Connected.PathConnected (6.4s)
✔ [5571/8034] Built Mathlib.LinearAlgebra.Matrix.NonsingularInverse (9.7s)
✔ [5572/8034] Built Mathlib.Topology.Homotopy.Equiv (4.6s)
✔ [5573/8034] Built Mathlib.CategoryTheory.Abelian.Injective.Resolution (8.1s)
✔ [5574/8034] Built Mathlib.RingTheory.Valuation.Extension (11s)
✔ [5575/8034] Built Mathlib.CategoryTheory.Triangulated.Subcategory (11s)
✔ [5576/8034] Built Mathlib.Algebra.Homology.HomotopyCategory.SingleFunctors (6.2s)
✔ [5577/8034] Built Mathlib.Topology.Homotopy.HSpaces (5.5s)
✔ [5578/8034] Built Mathlib.Algebra.Homology.HomotopyCategory.ShiftSequence (8.6s)
✔ [5579/8034] Built Mathlib.Analysis.Normed.Order.Lattice (4.0s)
✔ [5580/8034] Built Mathlib.Topology.EMetricSpace.BoundedVariation (11s)
✔ [5581/8034] Built Mathlib.Topology.Algebra.InfiniteSum.ENNReal (11s)
✔ [5582/8034] Built Mathlib.Analysis.Calculus.TangentCone.DimOne (3.0s)
✔ [5583/8034] Built Mathlib.CategoryTheory.Abelian.Projective.Resolution (7.4s)
✔ [5584/8034] Built Mathlib.Analysis.Normed.Ring.Lemmas (7.1s)
✔ [5585/8034] Built Mathlib.Analysis.Normed.Group.Completion (3.8s)
✔ [5586/8034] Built Mathlib.Algebra.Homology.Embedding.IsSupported (3.9s)
✔ [5587/8034] Built Mathlib.Analysis.Normed.Group.Lemmas (4.1s)
✔ [5588/8034] Built Mathlib.Analysis.Normed.Group.BallSphere (4.7s)
✔ [5589/8034] Built Mathlib.Algebra.Homology.HomotopyCategory.HomComplexShift (13s)
✔ [5590/8034] Built Mathlib.Algebra.Homology.TotalComplexShift (12s)
✔ [5591/8034] Built Mathlib.Analysis.Normed.Group.Ultra (6.1s)
✔ [5592/8034] Built Mathlib.CategoryTheory.Sites.Coherent.SheafComparison (4.5s)
✔ [5593/8034] Built Mathlib.AlgebraicTopology.Quasicategory.Nerve (2.6s)
✔ [5594/8034] Built Mathlib.CategoryTheory.Sites.GlobalSections (4.1s)
✔ [5595/8034] Built Mathlib.Topology.Sheaves.Alexandrov (5.9s)
✔ [5596/8034] Built Mathlib.CategoryTheory.Abelian.GrothendieckAxioms.Indization (3.3s)
✔ [5597/8034] Built Mathlib.Analysis.Normed.Group.Hom (10s)
✔ [5598/8034] Built Mathlib.CategoryTheory.Sites.Equivalence (6.2s)
✔ [5599/8034] Built Mathlib.Algebra.Homology.CochainComplexOpposite (7.8s)
✔ [5600/8034] Built Mathlib.CategoryTheory.Abelian.GrothendieckCategory.ColimCoyoneda (6.1s)
✔ [5601/8034] Built Mathlib.Analysis.Normed.Group.NullSubmodule (4.1s)
✔ [5602/8034] Built Mathlib.RingTheory.Polynomial.Eisenstein.Distinguished (3.4s)
✔ [5603/8034] Built Mathlib.Topology.Sheaves.SheafCondition.PairwiseIntersections (10s)
✔ [5604/8034] Built Mathlib.Topology.Algebra.InfiniteSum.ConditionalInt (6.3s)
✔ [5605/8034] Built Mathlib.RingTheory.MvPolynomial.IrreducibleQuadratic (7.5s)
✔ [5606/8034] Built Mathlib.Analysis.Normed.Operator.ContinuousLinearMap (6.6s)
✔ [5607/8034] Built Mathlib.Algebra.Category.ModuleCat.Presheaf.Sheafification (8.5s)
✔ [5608/8034] Built Mathlib.AlgebraicGeometry.EllipticCurve.ModelsWithJ (4.0s)
✔ [5609/8034] Built Mathlib.AlgebraicTopology.SimplicialSet.Presentable (3.4s)
✔ [5610/8034] Built Mathlib.Algebra.Category.HopfAlgCat.Monoidal (8.1s)
✔ [5611/8034] Built Mathlib.CategoryTheory.MorphismProperty.Ind (6.3s)
✔ [5612/8034] Built Mathlib.Algebra.Lie.Ideal (7.8s)
✔ [5613/8034] Built Mathlib.Algebra.Lie.OfAssociative (9.1s)
✔ [5614/8034] Built Mathlib.LinearAlgebra.Dimension.LinearMap (5.1s)
✔ [5615/8034] Built Mathlib.Analysis.Complex.Order (6.4s)
✔ [5616/8034] Built Mathlib.Analysis.Complex.Exponential (9.0s)
✔ [5617/8034] Built Mathlib.RingTheory.MvPowerSeries.Expand (6.2s)
✔ [5618/8034] Built Mathlib.LinearAlgebra.FiniteDimensional.Lemmas (7.4s)
✔ [5619/8034] Built Mathlib.RingTheory.PowerSeries.Substitution (6.0s)
✔ [5620/8034] Built Mathlib.AlgebraicGeometry.EllipticCurve.VariableChange (11s)
✔ [5621/8034] Built Mathlib.NumberTheory.Rayleigh (4.4s)
✔ [5622/8034] Built Mathlib.Topology.Instances.Irrational (3.0s)
✔ [5623/8034] Built Mathlib.NumberTheory.Real.GoldenRatio (6.6s)
✔ [5624/8034] Built Mathlib.Topology.Instances.AddCircle.DenseSubgroup (4.7s)
✔ [5625/8034] Built Mathlib.Algebra.Algebra.Subalgebra.IsSimpleOrder (4.2s)
✔ [5626/8034] Built Mathlib.Combinatorics.Enumerative.Partition.Glaisher (12s)
✔ [5627/8034] Built Mathlib.NumberTheory.DiophantineApproximation.Basic (6.0s)
✔ [5628/8034] Built Mathlib.RingTheory.MvPolynomial (3.2s)
✔ [5629/8034] Built Mathlib.RingTheory.Flat.Basic (10s)
✔ [5630/8034] Built Mathlib.RingTheory.Filtration (6.8s)
✔ [5631/8034] Built Mathlib.LinearAlgebra.Dimension.Localization (15s)
✔ [5632/8034] Built Mathlib.RingTheory.LocalRing.Quotient (5.3s)
✔ [5633/8034] Built Mathlib.LinearAlgebra.FreeAlgebra (3.3s)
✔ [5634/8034] Built Mathlib.LinearAlgebra.FreeModule.Finite.Quotient (5.0s)
✔ [5635/8034] Built Mathlib.Topology.Algebra.Valued.WithZeroMulInt (3.1s)
✔ [5636/8034] Built Mathlib.LinearAlgebra.FreeModule.Finite.Matrix (4.5s)
✔ [5637/8034] Built Mathlib.Algebra.Category.CommAlgCat.FiniteType (4.7s)
✔ [5638/8034] Built Mathlib.Topology.Algebra.Valued.ValuativeRel (4.7s)
✔ [5639/8034] Built Mathlib.RingTheory.LocalProperties.Projective (9.7s)
✔ [5640/8034] Built Mathlib.RingTheory.Localization.Submodule (3.6s)
✔ [5641/8034] Built Mathlib.Topology.Algebra.Valued.ValuedField (5.8s)
✔ [5642/8034] Built Mathlib.Algebra.Algebra.Subalgebra.Rank (9.6s)
✔ [5643/8034] Built Mathlib.RingTheory.FiniteStability (8.3s)
✔ [5644/8034] Built Mathlib.LinearAlgebra.Projectivization.Cardinality (3.7s)
✔ [5645/8034] Built Mathlib.LinearAlgebra.Projectivization.Constructions (4.7s)
✔ [5646/8034] Built Mathlib.Algebra.Category.Ring.FinitePresentation (7.2s)
✔ [5647/8034] Built Mathlib.LinearAlgebra.Projectivization.Independence (2.0s)
✔ [5648/8034] Built Mathlib.LinearAlgebra.Projectivization.Subspace (4.3s)
✔ [5649/8034] Built Mathlib.LinearAlgebra.Projectivization.Action (3.6s)
✔ [5650/8034] Built Mathlib.AlgebraicTopology.DoldKan.PInfty (4.0s)
✔ [5651/8034] Built Mathlib.Topology.Connected.LocPathConnected (3.4s)
✔ [5652/8034] Built Mathlib.Algebra.Category.ModuleCat.Topology.Basic (32s)
✔ [5653/8034] Built Mathlib.Topology.Instances.AddCircle.Real (3.6s)
✔ [5654/8034] Built Mathlib.Analysis.Convex.PathConnected (4.9s)
✔ [5655/8034] Built Mathlib.LinearAlgebra.AffineSpace.Matrix (4.1s)
✔ [5656/8034] Built Mathlib.RingTheory.LocalRing.ResidueField.Ideal (11s)
✔ [5657/8034] Built Mathlib.LinearAlgebra.Matrix.Block (5.2s)
✔ [5658/8034] Built Mathlib.AlgebraicTopology.SimplicialSet.NerveAdjunction (28s)
✔ [5659/8034] Built Mathlib.LinearAlgebra.UnitaryGroup (6.6s)
✔ [5660/8034] Built Mathlib.LinearAlgebra.Matrix.ZPow (4.6s)
✔ [5661/8034] Built Mathlib.LinearAlgebra.Matrix.BaseChange (4.5s)
✔ [5662/8034] Built Mathlib.LinearAlgebra.SymplecticGroup (4.6s)
✔ [5663/8034] Built Mathlib.Algebra.Order.Ring.StandardPart (30s)
✔ [5664/8034] Built Mathlib.Analysis.Normed.Operator.LinearIsometry (45s)
✔ [5665/8034] Built Mathlib.CategoryTheory.Triangulated.Orthogonal (3.5s)
✔ [5666/8034] Built Mathlib.RingTheory.GradedAlgebra.HomogeneousLocalization (19s)
✔ [5667/8034] Built Mathlib.Analysis.Normed.Group.InfiniteSum (3.4s)
✔ [5668/8034] Built Mathlib.Topology.Homotopy.Path (11s)
✔ [5669/8034] Built Mathlib.Topology.UniformSpace.Dini (3.6s)
✔ [5670/8034] Built Mathlib.CategoryTheory.Triangulated.HomologicalFunctor (5.1s)
✔ [5671/8034] Built Mathlib.LinearAlgebra.Matrix.GeneralLinearGroup.Defs (6.7s)
✔ [5672/8034] Built Mathlib.Topology.Algebra.InfiniteSum.Real (2.9s)
✔ [5673/8034] Built Mathlib.LinearAlgebra.Matrix.SchurComplement (8.8s)
✔ [5674/8034] Built Mathlib.Analysis.SumOverResidueClass (3.4s)
✔ [5675/8034] Built Mathlib.MeasureTheory.OuterMeasure.Basic (3.5s)
✔ [5676/8034] Built Mathlib.CategoryTheory.Abelian.RightDerived (6.4s)
✔ [5677/8034] Built Mathlib.AlgebraicTopology.SimplicialSet.HoFunctorMonoidal (33s)
✔ [5678/8034] Built Mathlib.Analysis.Normed.Field.Instances (3.5s)
✔ [5679/8034] Built Mathlib.Analysis.Normed.Ring.Int (3.1s)
✔ [5680/8034] Built Mathlib.Analysis.Asymptotics.Completion (3.3s)
✔ [5681/8034] Built Mathlib.CategoryTheory.Abelian.LeftDerived (5.5s)
✔ [5682/8034] Built Mathlib.Topology.Bornology.BoundedOperation (4.0s)
✔ [5683/8034] Built Mathlib.Analysis.Normed.Ring.Ultra (3.2s)
✔ [5684/8034] Built Mathlib.Analysis.Normed.Field.Lemmas (5.9s)
✔ [5685/8034] Built Mathlib.Topology.Algebra.Polynomial (4.7s)
✔ [5686/8034] Built Mathlib.CategoryTheory.Sites.Coherent.LocallySurjective (3.7s)
✔ [5687/8034] Built Mathlib.Algebra.Homology.Embedding.Extend (4.8s)
✔ [5688/8034] Built Mathlib.Topology.Semicontinuity.Basic (7.1s)
✔ [5689/8034] Built Mathlib.Analysis.Normed.Group.SeparationQuotient (3.5s)
✔ [5690/8034] Built Mathlib.Algebra.Homology.HomotopyCategory.HomComplexCohomology (5.6s)
✔ [5691/8034] Built Mathlib.CategoryTheory.Abelian.GrothendieckAxioms.Sheaf (3.0s)
✔ [5692/8034] Built Mathlib.Analysis.Normed.Group.HomCompletion (3.0s)
✔ [5693/8034] Built Mathlib.CategoryTheory.Sites.Coherent.Equivalence (3.8s)
✔ [5694/8034] Built Mathlib.Analysis.Normed.Group.SemiNormedGrp (5.6s)
✔ [5695/8034] Built Mathlib.Algebra.Category.ModuleCat.Sheaf.Abelian (2.0s)
✔ [5696/8034] Built Mathlib.Topology.Sheaves.SheafCondition.UniqueGluing (3.8s)
✔ [5697/8034] Built Mathlib.CategoryTheory.Sites.Over (5.2s)
✔ [5698/8034] Built Mathlib.Algebra.Lie.IdealOperations (4.7s)
✔ [5699/8034] Built Mathlib.RingTheory.Derivation.Lie (3.9s)
✔ [5700/8034] Built Mathlib.Algebra.Homology.HomotopyCategory.Pretriangulated (11s)
✔ [5701/8034] Built Mathlib.Algebra.Lie.UniversalEnveloping (4.2s)
✔ [5702/8034] Built Mathlib.Algebra.Lie.Quotient (5.1s)
✔ [5703/8034] Built Mathlib.LinearAlgebra.Matrix.Diagonal (3.6s)
✔ [5704/8034] Built Mathlib.Data.Complex.Order (2.9s)
✔ [5705/8034] Built Mathlib.Algebra.Category.ModuleCat.Sheaf.Colimits (7.2s)
✔ [5706/8034] Built Mathlib.Algebra.Lie.DirectSum (5.6s)
✔ [5707/8034] Built Mathlib.CategoryTheory.Abelian.GrothendieckCategory.EnoughInjectives (8.1s)
✔ [5708/8034] Built Mathlib.Data.Complex.Exponential (2.6s)
✔ [5709/8034] Built Mathlib.Analysis.SpecialFunctions.Log.ERealExp (2.8s)
✔ [5710/8034] Built Mathlib.Algebra.Jordan.Basic (6.1s)
✔ [5711/8034] Built Mathlib.RingTheory.PowerSeries.WeierstrassPreparation (9.7s)
✔ [5712/8034] Built Mathlib.RingTheory.SimpleModule.Rank (3.5s)
✔ [5713/8034] Built Mathlib.Algebra.Category.ModuleCat.Simple (4.2s)
✔ [5714/8034] Built Mathlib.Topology.Sheaves.SheafCondition.EqualizerProducts (11s)
✔ [5715/8034] Built Mathlib.Algebra.Lie.Derivation.Basic (10s)
✔ [5716/8034] Built Mathlib.RingTheory.PowerSeries.Expand (4.8s)
✔ [5717/8034] Built Mathlib.Topology.Instances.RatLemmas (4.6s)
✔ [5718/8034] Built Mathlib.NumberTheory.DiophantineApproximation.ContinuedFractions (4.7s)
✔ [5719/8034] Built Mathlib.RingTheory.PowerSeries.Derivative (6.9s)
✔ [5720/8034] Built Mathlib.Analysis.Complex.Trigonometric (7.9s)
✔ [5721/8034] Built Mathlib.LinearAlgebra.SymmetricAlgebra.Basis (5.8s)
✔ [5722/8034] Built Mathlib.LinearAlgebra.AffineSpace.FiniteDimensional (11s)
✔ [5723/8034] Built Mathlib.AlgebraicGeometry.EllipticCurve.NormalForms (9.6s)
✔ [5724/8034] Built Mathlib.FieldTheory.MvRatFunc.Rank (6.7s)
✔ [5725/8034] Built Mathlib.RingTheory.Flat.Tensor (5.0s)
✔ [5726/8034] Built Mathlib.Algebra.Central.TensorProduct (5.5s)
✔ [5727/8034] Built Mathlib.NumberTheory.Pell (9.2s)
✔ [5728/8034] Built Mathlib.LinearAlgebra.LinearDisjoint (9.7s)
✔ [5729/8034] Built Mathlib.RingTheory.Regular.IsSMulRegular (8.0s)
✔ [5730/8034] Built Mathlib.LinearAlgebra.Eigenspace.Basic (15s)
✔ [5731/8034] Built Mathlib.LinearAlgebra.Span.TensorProduct (8.8s)
✔ [5732/8034] Built Mathlib.RingTheory.Flat.Stability (5.2s)
✔ [5733/8034] Built Mathlib.RingTheory.AdicCompletion.Noetherian (4.4s)
✔ [5734/8034] Built Mathlib.RingTheory.Flat.CategoryTheory (5.3s)
✔ [5735/8034] Built Mathlib.Algebra.Homology.BifunctorShift (28s)
✔ [5736/8034] Built Mathlib.LinearAlgebra.TensorAlgebra.Basis (4.0s)
✔ [5737/8034] Built Mathlib.LinearAlgebra.Matrix.FiniteDimensional (3.5s)
✔ [5738/8034] Built Mathlib.Algebra.Module.Lattice (5.0s)
✔ [5739/8034] Built Mathlib.LinearAlgebra.Multilinear.FiniteDimensional (3.7s)
✔ [5740/8034] Built Mathlib.RingTheory.Localization.Away.Lemmas (3.7s)
✔ [5741/8034] Built Mathlib.LinearAlgebra.FreeModule.IdealQuotient (4.1s)
✔ [5742/8034] Built Mathlib.AlgebraicTopology.DoldKan.FunctorN (3.4s)
✔ [5743/8034] Built Mathlib.AlgebraicTopology.DoldKan.Decomposition (3.5s)
✔ [5744/8034] Built Mathlib.AlgebraicTopology.DoldKan.FunctorGamma (5.3s)
✔ [5745/8034] Built Mathlib.RingTheory.Ideal.Cotangent (10s)
✔ [5746/8034] Built Mathlib.Topology.Connected.PathComponentOne (3.2s)
✔ [5747/8034] Built Mathlib.RingTheory.AdicCompletion.Exactness (11s)
✔ [5748/8034] Built Mathlib.RingTheory.LocalProperties.Basic (7.7s)
✔ [5749/8034] Built Mathlib.Geometry.Manifold.ChartedSpace (4.4s)
✔ [5750/8034] Built Mathlib.Analysis.Convex.Quasiconvex (5.4s)
✔ [5751/8034] Built Mathlib.RingTheory.FractionalIdeal.Basic (8.8s)
✔ [5752/8034] Built Mathlib.CategoryTheory.Category.Cat.Colimit (3.2s)
✔ [5753/8034] Built Mathlib.Algebra.Category.CommAlgCat.Monoidal (71s)
✔ [5754/8034] Built Mathlib.Analysis.Convex.StdSimplex (7.4s)
✔ [5755/8034] Built Mathlib.RingTheory.Spectrum.Prime.RingHom (6.4s)
✔ [5756/8034] Built Mathlib.Topology.Homotopy.Affine (3.6s)
✔ [5757/8034] Built Mathlib.LinearAlgebra.Matrix.Charpoly.Basic (6.5s)
✔ [5758/8034] Built Mathlib.Algebra.Category.ModuleCat.Topology.Homology (8.2s)
✔ [5759/8034] Built Mathlib.LinearAlgebra.Matrix.Hermitian (5.2s)
✔ [5760/8034] Built Mathlib.Topology.Homotopy.Product (4.3s)
✔ [5761/8034] Built Mathlib.Topology.Homotopy.Contractible (3.3s)
✔ [5762/8034] Built Mathlib.Combinatorics.Additive.VerySmallDoubling (26s)
✔ [5763/8034] Built Mathlib.Analysis.Normed.Group.FunctionSeries (4.1s)
✔ [5764/8034] Built Mathlib.LinearAlgebra.Vandermonde (7.8s)
✔ [5765/8034] Built Mathlib.CategoryTheory.Triangulated.Opposite.Pretriangulated (3.9s)
✔ [5766/8034] Built Mathlib.LinearAlgebra.Matrix.GeneralLinearGroup.Basic (3.7s)
✔ [5767/8034] Built Mathlib.AlgebraicTopology.Quasicategory.StrictBicategory (3.5s)
✔ [5768/8034] Built Mathlib.CategoryTheory.Monoidal.Tor (3.3s)
✔ [5769/8034] Built Mathlib.LinearAlgebra.Matrix.ToLinearEquiv (4.5s)
✔ [5770/8034] Built Mathlib.Analysis.Normed.Ring.InfiniteSum (6.0s)
✔ [5771/8034] Built Mathlib.CategoryTheory.Abelian.Ext (4.2s)
✔ [5772/8034] Built Mathlib.MeasureTheory.OuterMeasure.AE (4.5s)
✔ [5773/8034] Built Mathlib.LinearAlgebra.Dual.Lemmas (32s)
✔ [5774/8034] Built Mathlib.Analysis.Normed.Field.Ultra (3.7s)
✔ [5775/8034] Built Mathlib.MeasureTheory.OuterMeasure.Operations (5.9s)
✔ [5776/8034] Built Mathlib.AlgebraicTopology.FundamentalGroupoid.Basic (12s)
✔ [5777/8034] Built Mathlib.Algebra.Homology.Embedding.StupidTrunc (4.4s)
✔ [5778/8034] Built Mathlib.Algebra.Homology.Embedding.HomEquiv (5.1s)
✔ [5779/8034] Built Mathlib.CategoryTheory.Sites.Coherent.SequentialLimit (5.2s)
✔ [5780/8034] Built Mathlib.Topology.ContinuousMap.Polynomial (5.8s)
✔ [5781/8034] Built Mathlib.Algebra.Homology.Embedding.ExtendHomotopy (5.5s)
✔ [5782/8034] Built Mathlib.Topology.Semicontinuity.Lindelof (5.5s)
✔ [5783/8034] Built Mathlib.Topology.Instances.EReal.Lemmas (7.1s)
✔ [5784/8034] Built Mathlib.Topology.Sheaves.SheafOfFunctions (4.5s)
✔ [5785/8034] Built Mathlib.Algebra.Homology.Embedding.ExtendHomology (9.1s)
✔ [5786/8034] Built Mathlib.Analysis.Asymptotics.Lemmas (16s)
✔ [5787/8034] Built Mathlib.Analysis.Normed.Field.UnitBall (10s)
✔ [5788/8034] Built Mathlib.CategoryTheory.Sites.Point.Over (4.6s)
✔ [5789/8034] Built Mathlib.Analysis.Normed.Group.SemiNormedGrp.Completion (6.1s)
✔ [5790/8034] Built Mathlib.Algebra.Homology.HomotopyCategory.HomComplexSingle (8.8s)
✔ [5791/8034] Built Mathlib.CategoryTheory.Sites.PseudofunctorSheafOver (4.9s)
✔ [5792/8034] Built Mathlib.Topology.ContinuousMap.Bounded.Basic (14s)
✔ [5793/8034] Built Mathlib.NumberTheory.Padics.PadicNumbers (14s)
✔ [5794/8034] Built Mathlib.Analysis.Normed.Module.Basic (13s)
✔ [5795/8034] Built Mathlib.CategoryTheory.Sites.Descent.IsPrestack (7.0s)
✔ [5796/8034] Built Mathlib.CategoryTheory.Sites.SheafHom (5.6s)
✔ [5797/8034] Built Mathlib.CategoryTheory.Abelian.GrothendieckCategory.Coseparator (3.3s)
✔ [5798/8034] Built Mathlib.Algebra.Lie.Free (6.1s)
✔ [5799/8034] Built Mathlib.Data.Complex.Trigonometric (3.2s)
✔ [5800/8034] Built Mathlib.Algebra.Category.ModuleCat.Sheaf.Free (5.9s)
✔ [5801/8034] Built Mathlib.RingTheory.PowerSeries.Exp (4.3s)
✔ [5802/8034] Built Mathlib.CategoryTheory.Abelian.GrothendieckCategory.ModuleEmbedding.Opposite (6.5s)
✔ [5803/8034] Built Mathlib.Topology.Sheaves.Stalks (12s)
✔ [5804/8034] Built Mathlib.RingTheory.Flat.Equalizer (41s)
✔ [5805/8034] Built Mathlib.Analysis.SpecialFunctions.Trigonometric.Chebyshev.Basic (4.1s)
✔ [5806/8034] Built Mathlib.Algebra.Homology.HomotopyCategory.DegreewiseSplit (8.3s)
✔ [5807/8034] Built Mathlib.Algebra.Symmetrized (6.3s)
✔ [5808/8034] Built Mathlib.Algebra.LieRinehartAlgebra.Defs (8.7s)
✔ [5809/8034] Built Mathlib.Analysis.Convex.Radon (4.3s)
✔ [5810/8034] Built Mathlib.Algebra.Lie.Abelian (9.5s)
✔ [5811/8034] Built Mathlib.Algebra.Homology.HomotopyCategory.Triangulated (9.2s)
✔ [5812/8034] Built Mathlib.Algebra.Azumaya.Basic (4.3s)
✔ [5813/8034] Built Mathlib.Algebra.Lie.Sl2 (4.7s)
✔ [5814/8034] Built Mathlib.LinearAlgebra.Eigenspace.Matrix (4.5s)
✔ [5815/8034] Built Mathlib.AlgebraicTopology.DoldKan.NReflectsIso (3.8s)
✔ [5816/8034] Built Mathlib.AlgebraicTopology.DoldKan.Normalized (3.9s)
✔ [5817/8034] Built Mathlib.RingTheory.Flat.Localization (4.9s)
✔ [5818/8034] Built Mathlib.AlgebraicTopology.DoldKan.Degeneracies (4.7s)
✔ [5819/8034] Built Mathlib.RingTheory.RingHom.EssFiniteType (3.9s)
✔ [5820/8034] Built Mathlib.RingTheory.RingHom.Bijective (3.7s)
✔ [5821/8034] Built Mathlib.RingTheory.Flat.EquationalCriterion (9.0s)
✔ [5822/8034] Built Mathlib.Algebra.Star.LinearMap (8.1s)
✔ [5823/8034] Built Mathlib.RingTheory.LocalProperties.Reduced (3.8s)
✔ [5824/8034] Built Mathlib.RingTheory.RingHom.OpenImmersion (4.2s)
✔ [5825/8034] Built Mathlib.RingTheory.Flat.FaithfullyFlat.Basic (8.9s)
✔ [5826/8034] Built Mathlib.RingTheory.RingHom.Surjective (4.4s)
✔ [5827/8034] Built Mathlib.RingTheory.Regular.RegularSequence (11s)
✔ [5828/8034] Built Mathlib.RingTheory.RingHom.Finite (6.7s)
✔ [5829/8034] Built Mathlib.Geometry.Manifold.HasGroupoid (4.7s)
✔ [5830/8034] Built Mathlib.Analysis.Convex.Between (13s)
✔ [5831/8034] Built Mathlib.AlgebraicTopology.TopologicalSimplex (4.5s)
✔ [5832/8034] Built Mathlib.RingTheory.KrullDimension.NonZeroDivisors (4.2s)
✔ [5833/8034] Built Mathlib.RingTheory.Spectrum.Maximal.Localization (6.1s)
✔ [5834/8034] Built Mathlib.Analysis.Convex.Topology (7.3s)
✔ [5835/8034] Built Mathlib.Analysis.Convex.Contractible (3.0s)
✔ [5836/8034] Built Mathlib.Topology.Homotopy.LocallyContractible (3.9s)
✔ [5837/8034] Built Mathlib.Algebra.Category.ModuleCat.Sheaf.PushforwardContinuous (28s)
✔ [5838/8034] Built Mathlib.LinearAlgebra.Matrix.Charpoly.Coeff (7.3s)
✔ [5839/8034] Built Mathlib.CategoryTheory.Triangulated.Yoneda (4.5s)
✔ [5840/8034] Built Mathlib.RingTheory.RingHom.Locally (11s)
✔ [5841/8034] Built Mathlib.RingTheory.AdicCompletion.AsTensorProduct (17s)
✔ [5842/8034] Built Mathlib.LinearAlgebra.Lagrange (7.6s)
✔ [5843/8034] Built Mathlib.MeasureTheory.OuterMeasure.BorelCantelli (2.9s)
✔ [5844/8034] Built Mathlib.RingTheory.FractionalIdeal.Operations (11s)
✔ [5845/8034] Built Mathlib.Algebra.Homology.LocalCohomology (4.2s)
✔ [5846/8034] Built Mathlib.Algebra.Lie.Matrix (4.6s)
✔ [5847/8034] Built Mathlib.RingTheory.Extension.Basic (19s)
✔ [5848/8034] Built Mathlib.CategoryTheory.Triangulated.Opposite.Triangulated (6.9s)
✔ [5849/8034] Built Mathlib.Geometry.Convex.Cone.TensorProduct (4.5s)
✔ [5850/8034] Built Mathlib.CategoryTheory.Triangulated.Opposite.Functor (7.7s)
✔ [5851/8034] Built Mathlib.AlgebraicTopology.FundamentalGroupoid.PUnit (3.0s)
✔ [5852/8034] Built Mathlib.AlgebraicTopology.FundamentalGroupoid.FundamentalGroup (3.1s)
✔ [5853/8034] Built Mathlib.LinearAlgebra.GeneralLinearGroup.AlgEquiv (4.2s)
✔ [5854/8034] Built Mathlib.AlgebraicTopology.FundamentalGroupoid.Product (4.2s)
✔ [5855/8034] Built Mathlib.Topology.Subpath (3.9s)
✔ [5856/8034] Built Mathlib.LinearAlgebra.BilinearForm.Properties (7.8s)
✔ [5857/8034] Built Mathlib.Algebra.Module.Submodule.Union (7.3s)
✔ [5858/8034] Built Mathlib.LinearAlgebra.Contraction (6.0s)
✔ [5859/8034] Built Mathlib.LinearAlgebra.BilinearForm.TensorProduct (9.6s)
✔ [5860/8034] Built Mathlib.Algebra.Homology.Embedding.TruncGE (5.0s)
✔ [5861/8034] Built Mathlib.Order.Filter.ZeroAndBoundedAtFilter (4.4s)
✔ [5862/8034] Built Mathlib.NumberTheory.Harmonic.Int (3.8s)
✔ [5863/8034] Built Mathlib.Topology.ContinuousMap.Bounded.ArzelaAscoli (4.2s)
✔ [5864/8034] Built Mathlib.Tactic.ComputeAsymptotics.Lemmas (5.5s)
✔ [5865/8034] Built Mathlib.Analysis.Asymptotics.SuperpolynomialDecay (5.0s)
✔ [5866/8034] Built Mathlib.Analysis.SpecificLimits.Basic (6.7s)
✔ [5867/8034] Built Mathlib.LinearAlgebra.PerfectPairing.Basic (9.0s)
✔ [5868/8034] Built Mathlib.Analysis.Normed.Algebra.Ultra (2.9s)
✔ [5869/8034] Built Mathlib.Analysis.Asymptotics.Theta (5.2s)
✔ [5870/8034] Built Mathlib.Analysis.Normed.Module.TransferInstance (3.6s)
✔ [5871/8034] Built Mathlib.Analysis.Normed.Module.Span (5.1s)
✔ [5872/8034] Built Mathlib.Algebra.Category.CommBialgCat (25s)
✔ [5873/8034] Built Mathlib.Analysis.Normed.Operator.Conformal (4.5s)
✔ [5874/8034] Built Mathlib.NumberTheory.Padics.PadicIntegers (8.5s)
✔ [5875/8034] Built Mathlib.Analysis.CStarAlgebra.Basic (6.6s)
✔ [5876/8034] Built Mathlib.Analysis.Normed.Affine.AddTorsor (6.1s)
✔ [5877/8034] Built Mathlib.Analysis.Normed.Module.Ball.RadialEquiv (5.6s)
✔ [5878/8034] Built Mathlib.Analysis.LocallyConvex.Basic (6.0s)
✔ [5879/8034] Built Mathlib.Analysis.Normed.Module.RCLike.Real (4.3s)
✔ [5880/8034] Built Mathlib.CategoryTheory.Sites.Monoidal (3.7s)
✔ [5881/8034] Built Mathlib.Algebra.Lie.SerreConstruction (3.7s)
✔ [5882/8034] Built Mathlib.CategoryTheory.Abelian.FreydMitchell (3.4s)
✔ [5883/8034] Built Mathlib.Analysis.LocallyConvex.Polar (7.9s)
✔ [5884/8034] Built Mathlib.Topology.Sheaves.LocalPredicate (4.2s)
✔ [5885/8034] Built Mathlib.CategoryTheory.Abelian.GrothendieckCategory.ModuleEmbedding.GabrielPopescu (5.9s)
✔ [5886/8034] Built Mathlib.RingTheory.Kaehler.Basic (38s)
✔ [5887/8034] Built Mathlib.LinearAlgebra.Matrix.SesquilinearForm (24s)
✔ [5888/8034] Built Mathlib.Topology.Sheaves.LocallySurjective (2.7s)
✔ [5889/8034] Built Mathlib.Analysis.SpecialFunctions.Trigonometric.Chebyshev (2.9s)
✔ [5890/8034] Built Mathlib.Topology.Sheaves.Skyscraper (6.0s)
✔ [5891/8034] Built Mathlib.Algebra.Homology.HomotopyCategory.HomologicalFunctor (3.0s)
✔ [5892/8034] Built Mathlib.Algebra.Lie.Derivation.AdjointAction (2.9s)
✔ [5893/8034] Built Mathlib.Geometry.RingedSpace.Stalks (5.3s)
✔ [5894/8034] Built Mathlib.Topology.Sheaves.CommRingCat (7.3s)
✔ [5895/8034] Built Mathlib.AlgebraicTopology.DoldKan.HomotopyEquivalence (2.9s)
✔ [5896/8034] Built Mathlib.Algebra.Homology.HomotopyCategory.SpectralObject (3.4s)
✔ [5897/8034] Built Mathlib.Algebra.Lie.Normalizer (4.0s)
✔ [5898/8034] Built Mathlib.NumberTheory.Bernoulli (10s)
✔ [5899/8034] Built Mathlib.Algebra.Category.Ring.LinearAlgebra (2.0s)
✔ [5900/8034] Built Mathlib.AlgebraicTopology.DoldKan.SplitSimplicialObject (4.0s)
✔ [5901/8034] Built Mathlib.Analysis.Normed.Affine.Isometry (17s)
✔ [5902/8034] Built Mathlib.RingTheory.Flat.FaithfullyFlat.Algebra (3.8s)
✔ [5903/8034] Built Mathlib.RingTheory.Regular.Flat (3.0s)
✔ [5904/8034] Built Mathlib.RingTheory.TensorProduct.Nontrivial (5.7s)
✔ [5905/8034] Built Mathlib.Algebra.Lie.TensorProduct (7.0s)
✔ [5906/8034] Built Mathlib.Algebra.Category.ModuleCat.Stalk (11s)
✔ [5907/8034] Built Mathlib.RingTheory.Localization.Finiteness (4.2s)
✔ [5908/8034] Built Mathlib.Geometry.Polygon.Basic (2.8s)
✔ [5909/8034] Built Mathlib.Analysis.Normed.Module.Ball.Action (21s)
✔ [5910/8034] Built Mathlib.Geometry.Manifold.LocalInvariantProperties (4.3s)
✔ [5911/8034] Built Mathlib.RingTheory.RingHom.FiniteType (6.2s)
✔ [5912/8034] Built Mathlib.AlgebraicTopology.SingularSet (3.7s)
✔ [5913/8034] Built Mathlib.Analysis.Calculus.TangentCone.Real (3.6s)
✔ [5914/8034] Built Mathlib.RingTheory.Flat.Domain (10s)
✔ [5915/8034] Built Mathlib.LinearAlgebra.Matrix.Charpoly.Univ (3.8s)
✔ [5916/8034] Built Mathlib.Topology.Algebra.AsymptoticCone (5.7s)
✔ [5917/8034] Built Mathlib.Analysis.Convex.Visible (8.3s)
✔ [5918/8034] Built Mathlib.Analysis.Convex.BetweenList (7.4s)
✔ [5919/8034] Built Mathlib.RingTheory.FractionalIdeal.Inverse (4.8s)
✔ [5920/8034] Built Mathlib.LinearAlgebra.Matrix.Charpoly.LinearMap (5.7s)
✔ [5921/8034] Built Mathlib.Topology.Algebra.Module.LocallyConvex (6.1s)
✔ [5922/8034] Built Mathlib.Algebra.Category.ModuleCat.Sheaf.Generators (6.1s)
✔ [5923/8034] Built Mathlib.CategoryTheory.Triangulated.Adjunction (5.1s)
✔ [5924/8034] Built Mathlib.Algebra.Lie.Cochain (16s)
✔ [5925/8034] Built Mathlib.Algebra.Category.ContinuousCohomology.Basic (46s)
✔ [5926/8034] Built Mathlib.LinearAlgebra.BilinearForm.Orthogonal (5.7s)
✔ [5927/8034] Built Mathlib.Algebra.Category.ModuleCat.Sheaf.PullbackContinuous (10s)
✔ [5928/8034] Built Mathlib.LinearAlgebra.BilinearForm.DualLattice (5.5s)
✔ [5929/8034] Built Mathlib.AlgebraicTopology.FundamentalGroupoid.InducedMaps (6.4s)
✔ [5930/8034] Built Mathlib.Algebra.Homology.Embedding.TruncGEHomology (4.8s)
✔ [5931/8034] Built Mathlib.LinearAlgebra.Coevaluation (5.8s)
✔ [5932/8034] Built Mathlib.Algebra.Homology.Embedding.TruncLE (5.5s)
✔ [5933/8034] Built Mathlib.MeasureTheory.OuterMeasure.OfFunction (5.7s)
✔ [5934/8034] Built Mathlib.Analysis.Normed.Field.ProperSpace (4.5s)
✔ [5935/8034] Built Mathlib.Analysis.Normed.Group.Completeness (4.5s)
✔ [5936/8034] Built Mathlib.Analysis.Real.Cardinality (4.9s)
✔ [5937/8034] Built Mathlib.LinearAlgebra.Trace (9.9s)
✔ [5938/8034] Built Mathlib.Analysis.BoxIntegral.Box.SubboxInduction (4.9s)
✔ [5939/8034] Built Mathlib.Analysis.SpecialFunctions.ArithmeticGeometricMean (5.0s)
✔ [5940/8034] Built Mathlib.Analysis.SpecificLimits.ArithmeticGeometric (5.1s)
✔ [5941/8034] Built Mathlib.Analysis.Real.Hyperreal (7.8s)
✔ [5942/8034] Built Mathlib.Topology.MetricSpace.Contracting (4.9s)
✔ [5943/8034] Built Mathlib.RingTheory.Extension.Generators (16s)
✔ [5944/8034] Built Mathlib.Analysis.Hofer (4.8s)
✔ [5945/8034] Built Mathlib.CategoryTheory.Sites.Descent.DescentData (34s)
✔ [5946/8034] Built Mathlib.Dynamics.Circle.RotationNumber.TranslationNumber (7.7s)
✔ [5947/8034] Built Mathlib.LinearAlgebra.Determinant (15s)
✔ [5948/8034] Built Mathlib.RepresentationTheory.Basic (13s)
✔ [5949/8034] Built Mathlib.LinearAlgebra.PerfectPairing.Matrix (3.9s)
✔ [5950/8034] Built Mathlib.Topology.Baire.CompleteMetrizable (4.2s)
✔ [5951/8034] Built Mathlib.Analysis.SpecificLimits.Normed (13s)
✔ [5952/8034] Built Mathlib.Analysis.Normed.Module.Shrink (3.1s)
✔ [5953/8034] Built Mathlib.Analysis.Asymptotics.LinearGrowth (6.5s)
✔ [5954/8034] Built Mathlib.Topology.MetricSpace.HausdorffDistance (6.0s)
✔ [5955/8034] Built Mathlib.Analysis.Normed.Affine.Ceva (3.6s)
✔ [5956/8034] Built Mathlib.Topology.Homotopy.HomotopyGroup (19s)
✔ [5957/8034] Built Mathlib.Analysis.Asymptotics.AsymptoticEquivalent (5.6s)
✔ [5958/8034] Built Mathlib.Topology.UrysohnsLemma (5.6s)
✔ [5959/8034] Built Mathlib.Analysis.Normed.Module.Ray (3.9s)
✔ [5960/8034] Built Mathlib.RingTheory.DividedPowers.Padic (5.9s)
✔ [5961/8034] Built Mathlib.Analysis.LocallyConvex.BalancedCoreHull (5.3s)
✔ [5962/8034] Built Mathlib.Topology.Sheaves.Sheafify (3.8s)
✔ [5963/8034] Built Mathlib.LinearAlgebra.PerfectPairing.Restrict (9.4s)
✔ [5964/8034] Built Mathlib.NumberTheory.Padics.RingHoms (8.4s)
✔ [5965/8034] Built Mathlib.Algebra.Category.ModuleCat.Differentials.Basic (5.7s)
✔ [5966/8034] Built Mathlib.Algebra.Homology.HomotopyCategory.Acyclic (3.1s)
✔ [5967/8034] Built Mathlib.LinearAlgebra.RootSystem.Defs (11s)
✔ [5968/8034] Built Mathlib.Algebra.Lie.SkewAdjoint (4.9s)
✔ [5969/8034] Built Mathlib.Geometry.RingedSpace.SheafedSpace (4.5s)
✔ [5970/8034] Built Mathlib.Algebra.Homology.HomotopyCategory.ShortExact (5.8s)
✔ [5971/8034] Built Mathlib.AlgebraicTopology.DoldKan.GammaCompN (4.6s)
✔ [5972/8034] Built Mathlib.Analysis.Normed.Affine.MazurUlam (4.6s)
✔ [5973/8034] Built Mathlib.NumberTheory.BernoulliPolynomials (5.9s)
✔ [5974/8034] Built Mathlib.Geometry.Manifold.Sheaf.Basic (3.2s)
✔ [5975/8034] Built Mathlib.AlgebraicTopology.SingularHomology.Basic (3.4s)
✔ [5976/8034] Built Mathlib.Topology.CWComplex.Classical.Basic (13s)
✔ [5977/8034] Built Mathlib.Topology.ContinuousMap.LocallyConvex (2.9s)
✔ [5978/8034] Built Mathlib.RingTheory.Localization.Free (6.5s)
✔ [5979/8034] Built Mathlib.RingTheory.Support (6.1s)
✔ [5980/8034] Built Mathlib.LinearAlgebra.Matrix.BilinearForm (12s)
✔ [5981/8034] Built Mathlib.Analysis.Convex.TotallyBounded (2.0s)
✔ [5982/8034] Built Mathlib.Analysis.RCLike.Basic (17s)
✔ [5983/8034] Built Mathlib.RingTheory.Coalgebra.GroupLike (4.8s)
✔ [5984/8034] Built Mathlib.NumberTheory.Padics.Hensel (18s)
✔ [5985/8034] Built Mathlib.RingTheory.IntegralClosure.Algebra.Basic (6.2s)
✔ [5986/8034] Built Mathlib.Algebra.Homology.Embedding.TruncLEHomology (3.4s)
✔ [5987/8034] Built Mathlib.Analysis.Complex.Cardinality (3.1s)
✔ [5988/8034] Built Mathlib.MeasureTheory.OuterMeasure.Caratheodory (3.6s)
✔ [5989/8034] Built Mathlib.CategoryTheory.Triangulated.Opposite.OpOp (5.0s)
✔ [5990/8034] Built Mathlib.Analysis.BoxIntegral.Partition.SubboxInduction (3.0s)
✔ [5991/8034] Built Mathlib.Algebra.Lie.BaseChange (12s)
✔ [5992/8034] Built Mathlib.Algebra.Category.ModuleCat.Sheaf.PullbackFree (5.5s)
✔ [5993/8034] Built Mathlib.CategoryTheory.Sites.Descent.IsStack (2.6s)
✔ [5994/8034] Built Mathlib.LinearAlgebra.PID (3.2s)
✔ [5995/8034] Built Mathlib.Algebra.Category.FGModuleCat.Basic (6.7s)
✔ [5996/8034] Built Mathlib.Analysis.Seminorm (23s)
✔ [5997/8034] Built Mathlib.LinearAlgebra.Matrix.Gershgorin (3.4s)
✔ [5998/8034] Built Mathlib.Algebra.DirectSum.LinearMap (5.2s)
✔ [5999/8034] Built Mathlib.Topology.Algebra.Module.Determinant (3.2s)
✔ [6000/8034] Built Mathlib.Algebra.QuadraticAlgebra.NormDeterminant (3.4s)
✔ [6001/8034] Built Mathlib.LinearAlgebra.Complex.Determinant (2.7s)
✔ [6002/8034] Built Mathlib.AlgebraicTopology.FundamentalGroupoid.SimplyConnected (10s)
✔ [6003/8034] Built Mathlib.LinearAlgebra.FreeModule.Determinant (2.8s)
✔ [6004/8034] Built Mathlib.LinearAlgebra.QuadraticForm.Basic (22s)
✔ [6005/8034] Built Mathlib.RingTheory.Norm.Defs (3.2s)
✔ [6006/8034] Built Mathlib.LinearAlgebra.FreeModule.Finite.CardQuotient (4.3s)
✔ [6007/8034] Built Mathlib.RingTheory.Extension.Presentation.Basic (8.1s)
✔ [6008/8034] Built Mathlib.RingTheory.Polynomial.DegreeLT (5.1s)
✔ [6009/8034] Built Mathlib.RingTheory.TensorProduct.IsBaseChangeHom (7.7s)
✔ [6010/8034] Built Mathlib.RingTheory.Kaehler.TensorProduct (26s)
✔ [6011/8034] Built Mathlib.LinearAlgebra.Matrix.Rank (6.5s)
✔ [6012/8034] Built Mathlib.LinearAlgebra.Orientation (7.0s)
✔ [6013/8034] Built Mathlib.RepresentationTheory.Submodule (5.2s)
✔ [6014/8034] Built Mathlib.NumberTheory.EulerProduct.Basic (3.0s)
✔ [6015/8034] Built Mathlib.Analysis.Calculus.TangentCone.Seq (4.2s)
✔ [6016/8034] Built Mathlib.RepresentationTheory.Subrepresentation (4.9s)
✔ [6017/8034] Built Mathlib.Analysis.SpecificLimits.Fibonacci (3.7s)
✔ [6018/8034] Built Mathlib.Analysis.Normed.Group.ControlledClosure (4.6s)
✔ [6019/8034] Built Mathlib.Analysis.Real.OfDigits (4.8s)
✔ [6020/8034] Built Mathlib.NumberTheory.TsumDivisorsAntidiagonal (4.4s)
✔ [6021/8034] Built Mathlib.Topology.Algebra.Module.PerfectSpace (3.2s)
✔ [6022/8034] Built Mathlib.RepresentationTheory.Intertwining (7.2s)
✔ [6023/8034] Built Mathlib.RingTheory.Kaehler.Polynomial (30s)
✔ [6024/8034] Built Mathlib.Analysis.Normed.Ring.Units (4.4s)
✔ [6025/8034] Built Mathlib.Topology.MetricSpace.Closeds (5.2s)
✔ [6026/8034] Built Mathlib.Analysis.SpecialFunctions.Choose (3.6s)
✔ [6027/8034] Built Mathlib.Topology.MetricSpace.Thickening (4.8s)
✔ [6028/8034] Built Mathlib.Topology.Metrizable.Urysohn (4.1s)
✔ [6029/8034] Built Mathlib.Combinatorics.SimpleGraph.Extremal.TuranDensity (4.2s)
✔ [6030/8034] Built Mathlib.Topology.UrysohnsBounded (3.3s)
✔ [6031/8034] Built Mathlib.Topology.Category.CompHaus.Basic (4.7s)
✔ [6032/8034] Built Mathlib.Analysis.Convex.Body (6.4s)
✔ [6033/8034] Built Mathlib.Analysis.Normed.Module.Extr (2.0s)
✔ [6034/8034] Built Mathlib.NumberTheory.Padics.ProperSpace (3.0s)
✔ [6035/8034] Built Mathlib.Topology.MetricSpace.PiNat (7.6s)
✔ [6036/8034] Built Mathlib.Topology.PartitionOfUnity (6.5s)
✔ [6037/8034] Built Mathlib.Analysis.Normed.Group.Quotient (8.8s)
✔ [6038/8034] Built Mathlib.Topology.Separation.CompletelyRegular (6.5s)
✔ [6039/8034] Built Mathlib.Algebra.Homology.DerivedCategory.Basic (3.8s)
✔ [6040/8034] Built Mathlib.Geometry.RingedSpace.Basic (3.0s)
✔ [6041/8034] Built Mathlib.AlgebraicTopology.DoldKan.NCompGamma (4.0s)
✔ [6042/8034] Built Mathlib.Topology.CWComplex.Classical.Finite (3.9s)
✔ [6043/8034] Built Mathlib.Algebra.Category.ModuleCat.Sheaf.Quasicoherent (25s)
✔ [6044/8034] Built Mathlib.LinearAlgebra.RootSystem.OfBilinear (5.2s)
✔ [6045/8034] Built Mathlib.Analysis.SpecificLimits.RCLike (3.2s)
✔ [6046/8034] Built Mathlib.RingTheory.Ideal.AssociatedPrime.Localization (4.1s)
✔ [6047/8034] Built Mathlib.Algebra.Lie.Extension (27s)
✔ [6048/8034] Built Mathlib.RingTheory.Trace.Defs (4.9s)
✔ [6049/8034] Built Mathlib.Analysis.Normed.Group.Tannery (3.5s)
✔ [6050/8034] Built Mathlib.Algebra.Lie.Classical (8.3s)
✔ [6051/8034] Built Mathlib.Analysis.ConstantSpeed (3.7s)
✔ [6052/8034] Built Mathlib.Dynamics.BirkhoffSum.NormedSpace (3.6s)
✔ [6053/8034] Built Mathlib.Analysis.RCLike.TangentCone (3.5s)
✔ [6054/8034] Built Mathlib.RingTheory.HahnSeries.HahnEmbedding (5.7s)
✔ [6055/8034] Built Mathlib.Analysis.Normed.Module.Normalize (3.5s)
✔ [6056/8034] Built Mathlib.Algebra.Category.ModuleCat.Differentials.Presheaf (9.0s)
✔ [6057/8034] Built Mathlib.RingTheory.Bialgebra.GroupLike (3.5s)
✔ [6058/8034] Built Mathlib.Analysis.RCLike.Extend (5.4s)
✔ [6059/8034] Built Mathlib.RingTheory.PowerSeries.Restricted (7.0s)
✔ [6060/8034] Built Mathlib.LinearAlgebra.Eigenspace.Minpoly (4.0s)
✔ [6061/8034] Built Mathlib.RepresentationTheory.Rep (23s)
✔ [6062/8034] Built Mathlib.Algebra.Homology.Embedding.AreComplementary (3.6s)
✔ [6063/8034] Built Mathlib.LinearAlgebra.Complex.FiniteDimensional (3.6s)
✔ [6064/8034] Built Mathlib.Analysis.Complex.Basic (10s)
✔ [6065/8034] Built Mathlib.RingTheory.IntegralClosure.Algebra.Ideal (4.8s)
✔ [6066/8034] Built Mathlib.MeasureTheory.OuterMeasure.Induced (4.7s)
✔ [6067/8034] Built Mathlib.Algebra.Category.FGModuleCat.EssentiallySmall (4.0s)
✔ [6068/8034] Built Mathlib.Analysis.BoxIntegral.Partition.Filter (4.8s)
✔ [6069/8034] Built Mathlib.RingTheory.IntegralClosure.IsIntegral.AlmostIntegral (5.8s)
✔ [6070/8034] Built Mathlib.Algebra.Category.FGModuleCat.Limits (4.3s)
✔ [6071/8034] Built Mathlib.Algebra.Category.FGModuleCat.Colimits (4.3s)
✔ [6072/8034] Built Mathlib.Algebra.Lie.Solvable (5.5s)
✔ [6073/8034] Built Mathlib.RingTheory.IntegralClosure.IsIntegralClosure.Basic (7.0s)
✔ [6074/8034] Built Mathlib.Analysis.Calculus.TangentCone.ProperSpace (3.6s)
✔ [6075/8034] Built Mathlib.LinearAlgebra.QuadraticForm.Isometry (4.6s)
✔ [6076/8034] Built Mathlib.Analysis.LocallyConvex.Bounded (8.4s)
✔ [6077/8034] Built Mathlib.LinearAlgebra.Complex.Orientation (3.7s)
✔ [6078/8034] Built Mathlib.Analysis.Convex.EGauge (6.8s)
✔ [6079/8034] Built Mathlib.LinearAlgebra.QuadraticForm.Basis (5.4s)
✔ [6080/8034] Built Mathlib.RepresentationTheory.Semisimple (3.0s)
✔ [6081/8034] Built Mathlib.LinearAlgebra.Matrix.GeneralLinearGroup.Card (5.2s)
✔ [6082/8034] Built Mathlib.LinearAlgebra.Matrix.PosDef (6.5s)
✔ [6083/8034] Built Mathlib.Topology.Homotopy.Lifting (7.2s)
✔ [6084/8034] Built Mathlib.Combinatorics.Configuration (5.8s)
✔ [6085/8034] Built Mathlib.RingTheory.Extension.Presentation.Submersive (7.8s)
✔ [6086/8034] Built Mathlib.Topology.MetricSpace.Cover (4.0s)
✔ [6087/8034] Built Mathlib.Topology.ContinuousMap.Units (4.4s)
✔ [6088/8034] Built Mathlib.CategoryTheory.Sites.Descent.Precoverage (13s)
✔ [6089/8034] Built Mathlib.LinearAlgebra.Dual.BaseChange (8.9s)
✔ [6090/8034] Built Mathlib.Topology.Category.CompHaus.Frm (3.6s)
✔ [6091/8034] Built Mathlib.RingTheory.LocalRing.Module (22s)
✔ [6092/8034] Built Mathlib.Topology.MetricSpace.ThickenedIndicator (4.7s)
✔ [6093/8034] Built Mathlib.Topology.Category.CompHaus.Projective (3.6s)
✔ [6094/8034] Built Mathlib.Topology.Compactness.CompactlyGeneratedSpace (3.0s)
✔ [6095/8034] Built Mathlib.Analysis.Normed.Group.Pointwise (6.0s)
✔ [6096/8034] Built Mathlib.Topology.Category.Profinite.Basic (5.1s)
✔ [6097/8034] Built Mathlib.Topology.Category.CompHaus.Limits (3.6s)
✔ [6098/8034] Built Mathlib.Topology.Instances.CantorSet (7.5s)
✔ [6099/8034] Built Mathlib.Topology.Separation.Lemmas (3.4s)
✔ [6100/8034] Built Mathlib.Topology.UniformSpace.Uniformizable (3.0s)
✔ [6101/8034] Built Mathlib.Topology.MetricSpace.CantorScheme (3.6s)
✔ [6102/8034] Built Mathlib.Analysis.Convex.PartitionOfUnity (3.5s)
✔ [6103/8034] Built Mathlib.Algebra.Homology.DerivedCategory.Linear (2.9s)
✔ [6104/8034] Built Mathlib.Algebra.Homology.DerivedCategory.SmallShiftedHom (3.2s)
✔ [6105/8034] Built Mathlib.Topology.MetricSpace.Polish (4.2s)
✔ [6106/8034] Built Mathlib.Algebra.Homology.DerivedCategory.ShortExact (3.3s)
✔ [6107/8034] Built Mathlib.Analysis.Normed.Group.SemiNormedGrp.Kernels (4.8s)
✔ [6108/8034] Built Mathlib.LinearAlgebra.QuadraticForm.TensorProduct (14s)
✔ [6109/8034] Built Mathlib.AlgebraicTopology.DoldKan.EquivalenceAdditive (2.9s)
✔ [6110/8034] Built Mathlib.Algebra.Homology.DerivedCategory.HomologySequence (3.5s)
✔ [6111/8034] Built Mathlib.Topology.Algebra.Module.FiniteDimension (17s)
✔ [6112/8034] Built Mathlib.RingTheory.Complex (3.2s)
✔ [6113/8034] Built Mathlib.RingTheory.NormTrace (3.4s)
✔ [6114/8034] Built Mathlib.Topology.CWComplex.Classical.Subcomplex (4.1s)
✔ [6115/8034] Built Mathlib.RingTheory.HopfAlgebra.GroupLike (3.3s)
✔ [6116/8034] Built Mathlib.Geometry.RingedSpace.LocallyRingedSpace (6.1s)
✔ [6117/8034] Built Mathlib.Analysis.Complex.Spectrum (3.3s)
✔ [6118/8034] Built Mathlib.Topology.Instances.Complex (4.1s)
✔ [6119/8034] Built Mathlib.Algebra.Homology.Embedding.CochainComplex (4.5s)
✔ [6120/8034] Built Mathlib.Analysis.Complex.HalfPlane (3.1s)
✔ [6121/8034] Built Mathlib.Analysis.Complex.UpperHalfPlane.Basic (4.7s)
✔ [6122/8034] Built Mathlib.Analysis.Complex.Asymptotics (3.2s)
✔ [6123/8034] Built Mathlib.Analysis.Complex.ReImTopology (3.6s)
✔ [6124/8034] Built Mathlib.RingTheory.Regular.Depth (7.5s)
✔ [6125/8034] Built Mathlib.Algebra.Lie.Character (3.5s)
✔ [6126/8034] Built Mathlib.MeasureTheory.Measure.MeasureSpaceDef (4.9s)
✔ [6127/8034] Built Mathlib.RepresentationTheory.Homological.Resolution (8.9s)
✔ [6128/8034] Built Mathlib.Algebra.Lie.Semisimple.Defs (3.7s)
✔ [6129/8034] Built Mathlib.Analysis.Complex.AbelLimit (8.0s)
✔ [6130/8034] Built Mathlib.Analysis.Calculus.TangentCone (3.7s)
✔ [6131/8034] Built Mathlib.RepresentationTheory.Coinduced (13s)
✔ [6132/8034] Built Mathlib.Analysis.LocallyConvex.AbsConvex (6.0s)
✔ [6133/8034] Built Mathlib.MeasureTheory.Measure.AddContent (12s)
✔ [6134/8034] Built Mathlib.LinearAlgebra.QuadraticForm.IsometryEquiv (7.3s)
✔ [6135/8034] Built Mathlib.RingTheory.NoetherNormalization (10s)
✔ [6136/8034] Built Mathlib.Analysis.LocallyConvex.ContinuousOfBounded (7.8s)
✔ [6137/8034] Built Mathlib.RingTheory.Valuation.AlgebraInstances (10s)
✔ [6138/8034] Built Mathlib.Topology.Algebra.Module.Multilinear.Bounded (7.3s)
✔ [6139/8034] Built Mathlib.RingTheory.LinearDisjoint (19s)
✔ [6140/8034] Built Mathlib.Topology.Algebra.Module.UniformConvergence (6.5s)
✔ [6141/8034] Built Mathlib.RingTheory.Extension.Cotangent.Basic (27s)
✔ [6142/8034] Built Mathlib.Algebra.Lie.Nilpotent (13s)
✔ [6143/8034] Built Mathlib.LinearAlgebra.SesquilinearForm.Star (4.1s)
✔ [6144/8034] Built Mathlib.RingTheory.Smooth.StandardSmooth (3.6s)
✔ [6145/8034] Built Mathlib.Analysis.CStarAlgebra.Classes (17s)
✔ [6146/8034] Built Mathlib.RepresentationTheory.Coinvariants (21s)
✔ [6147/8034] Built Mathlib.Topology.Category.Locale (3.5s)
✔ [6148/8034] Built Mathlib.RepresentationTheory.Maschke (5.9s)
✔ [6149/8034] Built Mathlib.Topology.Algebra.ProperAction.ProperlyDiscontinuous (3.8s)
✔ [6150/8034] Built Mathlib.Topology.Category.CompactlyGenerated (3.7s)
✔ [6151/8034] Built Mathlib.Topology.MetricSpace.CoveringNumbers (5.2s)
✔ [6152/8034] Built Mathlib.Analysis.Normed.Order.UpperLower (5.2s)
✔ [6153/8034] Built Mathlib.Algebra.Category.FGModuleCat.Abelian (20s)
✔ [6154/8034] Built Mathlib.Analysis.Normed.Module.Convex (6.3s)
✔ [6155/8034] Built Mathlib.Topology.Category.Stonean.Basic (5.2s)
✔ [6156/8034] Built Mathlib.RingTheory.Algebraic.Integral (19s)
✔ [6157/8034] Built Mathlib.Topology.Category.Compactum (5.8s)
✔ [6158/8034] Built Mathlib.Topology.Category.Profinite.Projective (4.9s)
✔ [6159/8034] Built Mathlib.Topology.Category.Profinite.Product (5.4s)
✔ [6160/8034] Built Mathlib.Topology.Category.Profinite.Limits (4.0s)
✔ [6161/8034] Built Mathlib.Topology.Category.Profinite.AsLimit (5.2s)
✔ [6162/8034] Built Mathlib.RingTheory.Extension.Presentation.Core (11s)
✔ [6163/8034] Built Mathlib.Analysis.Normed.Module.Ball.Pointwise (8.3s)
✔ [6164/8034] Built Mathlib.Topology.Category.CompHaus.EffectiveEpi (4.5s)
✔ [6165/8034] Built Mathlib.Topology.Category.Profinite.CofilteredLimit (6.7s)
✔ [6166/8034] Built Mathlib.Topology.MetricSpace.HausdorffAlexandroff (3.0s)
✔ [6167/8034] Built Mathlib.Topology.MetricSpace.PartitionOfUnity (4.2s)
✔ [6168/8034] Built Mathlib.Algebra.Homology.DerivedCategory.ExactFunctor (4.5s)
✔ [6169/8034] Built Mathlib.Topology.MetricSpace.Perfect (4.0s)
✔ [6170/8034] Built Mathlib.Analysis.LocallyConvex.WithSeminorms (16s)
✔ [6171/8034] Built Mathlib.AlgebraicTopology.DoldKan.EquivalencePseudoabelian (4.2s)
✔ [6172/8034] Built Mathlib.Algebra.Homology.DerivedCategory.SingleTriangle (4.4s)
✔ [6173/8034] Built Mathlib.Analysis.Normed.Module.ContinuousInverse (4.7s)
✔ [6174/8034] Built Mathlib.Algebra.Homology.DerivedCategory.Fractions (4.1s)
✔ [6175/8034] Built Mathlib.Geometry.RingedSpace.LocallyRingedSpace.ResidueField (4.4s)
✔ [6176/8034] Built Mathlib.CategoryTheory.Abelian.Injective.Extend (3.9s)
✔ [6177/8034] Built Mathlib.CategoryTheory.Abelian.Projective.Extend (3.9s)
✔ [6178/8034] Built Mathlib.Analysis.Complex.IntegerCompl (3.8s)
✔ [6179/8034] Built Mathlib.Algebra.Homology.Factorizations.CM5b (4.8s)
✔ [6180/8034] Built Mathlib.MeasureTheory.Function.AEMeasurableSequence (3.6s)
✔ [6181/8034] Built Mathlib.Algebra.Homology.HomotopyCategory.KInjective (5.8s)
✔ [6182/8034] Built Mathlib.Analysis.Complex.Convex (5.1s)
✔ [6183/8034] Built Mathlib.Analysis.SpecialFunctions.Exp (5.4s)
✔ [6184/8034] Built Mathlib.MeasureTheory.Measure.Doubling (3.9s)
✔ [6185/8034] Built Mathlib.MeasureTheory.Measure.AEDisjoint (3.6s)
✔ [6186/8034] Built Mathlib.Topology.Algebra.Category.ProfiniteGrp.Basic (15s)
✔ [6187/8034] Built Mathlib.AlgebraicGeometry.ProjectiveSpectrum.StructureSheaf (9.3s)
✔ [6188/8034] Built Mathlib.Algebra.Lie.Semisimple.Basic (4.7s)
✔ [6189/8034] Built Mathlib.Algebra.Lie.InvariantForm (5.6s)
✔ [6190/8034] Built Mathlib.Analysis.Complex.UpperHalfPlane.MoebiusAction (8.0s)
✔ [6191/8034] Built Mathlib.Analysis.Asymptotics.TVS (23s)
✔ [6192/8034] Built Mathlib.LinearAlgebra.QuadraticForm.Real (5.2s)
✔ [6193/8034] Built Mathlib.LinearAlgebra.QuadraticForm.QuadraticModuleCat (4.9s)
✔ [6194/8034] Built Mathlib.RepresentationTheory.Homological.GroupCohomology.Basic (9.5s)
✔ [6195/8034] Built Mathlib.LinearAlgebra.QuadraticForm.Prod (7.2s)
✔ [6196/8034] Built Mathlib.Algebra.Lie.CartanSubalgebra (3.7s)
✔ [6197/8034] Built Mathlib.Algebra.Module.Presentation.Differentials (7.0s)
✔ [6198/8034] Built Mathlib.RingTheory.Extension.Cotangent.Free (6.8s)
✔ [6199/8034] Built Mathlib.LinearAlgebra.CliffordAlgebra.Basic (11s)
✔ [6200/8034] Built Mathlib.LinearAlgebra.QuadraticForm.TensorProduct.Isometries (11s)
✔ [6201/8034] Built Mathlib.Algebra.Lie.Engel (7.3s)
✔ [6202/8034] Built Mathlib.Topology.Algebra.Module.Multilinear.Topology (10s)
✔ [6203/8034] Built Mathlib.Topology.Category.Stonean.Limits (3.0s)
✔ [6204/8034] Built Mathlib.RepresentationTheory.Homological.FiniteCyclic (7.5s)
✔ [6205/8034] Built Mathlib.Topology.Category.Stonean.Adjunctions (3.8s)
✔ [6206/8034] Built Mathlib.Topology.Order.Category.FrameAdjunction (5.5s)
✔ [6207/8034] Built Mathlib.RepresentationTheory.Homological.GroupHomology.Basic (8.7s)
✔ [6208/8034] Built Mathlib.FieldTheory.Minpoly.Field (6.2s)
✔ [6209/8034] Built Mathlib.FieldTheory.IntermediateField.Algebraic (8.4s)
✔ [6210/8034] Built Mathlib.Analysis.Convex.StrictConvexSpace (5.4s)
✔ [6211/8034] Built Mathlib.Topology.Category.Profinite.EffectiveEpi (4.4s)
✔ [6212/8034] Built Mathlib.Topology.Category.Profinite.Nobeling.Basic (7.4s)
✔ [6213/8034] Built Mathlib.Analysis.Normed.Group.AddCircle (6.9s)
✔ [6214/8034] Built Mathlib.Analysis.Normed.Module.Ball.Homeomorph (7.1s)
✔ [6215/8034] Built Mathlib.Condensed.Basic (3.0s)
✔ [6216/8034] Built Mathlib.RingTheory.Localization.Integral (9.7s)
✔ [6217/8034] Built Mathlib.Topology.Algebra.Module.Cardinality (4.6s)
✔ [6218/8034] Built Mathlib.Topology.Category.Profinite.Extend (5.5s)
✔ [6219/8034] Built Mathlib.Analysis.Convex.Gauge (10s)
✔ [6220/8034] Built Mathlib.Topology.Category.LightProfinite.Basic (6.3s)
✔ [6221/8034] Built Mathlib.Topology.Compactness.DeltaGeneratedSpace (3.7s)
✔ [6222/8034] Built Mathlib.AlgebraicTopology.DoldKan.Equivalence (3.2s)
✔ [6223/8034] Built Mathlib.Analysis.LocallyConvex.WeakDual (5.7s)
✔ [6224/8034] Built Mathlib.Analysis.Convex.Side (16s)
✔ [6225/8034] Built Mathlib.Geometry.RingedSpace.OpenImmersion (31s)
✔ [6226/8034] Built Mathlib.RingTheory.Kaehler.JacobiZariski (22s)
✔ [6227/8034] Built Mathlib.Analysis.LocallyConvex.Barrelled (4.7s)
✔ [6228/8034] Built Mathlib.Algebra.Homology.DerivedCategory.FullyFaithful (2.7s)
✔ [6229/8034] Built Mathlib.Algebra.Homology.DerivedCategory.TStructure (3.3s)
✔ [6230/8034] Built Mathlib.Algebra.Homology.DerivedCategory.KInjective (2.0s)
✔ [6231/8034] Built Mathlib.Analysis.SpecialFunctions.PolynomialExp (2.8s)
✔ [6232/8034] Built Mathlib.Algebra.Homology.HomotopyCategory.KProjective (3.1s)
✔ [6233/8034] Built Mathlib.Analysis.InnerProductSpace.Defs (8.2s)
✔ [6234/8034] Built Mathlib.MeasureTheory.Measure.NullMeasurable (3.8s)
✔ [6235/8034] Built Mathlib.Analysis.SpecialFunctions.Log.Basic (5.5s)
✔ [6236/8034] Built Mathlib.Topology.Algebra.Category.ProfiniteGrp.Limits (5.3s)
✔ [6237/8034] Built Mathlib.Analysis.Complex.UpperHalfPlane.Topology (4.8s)
✔ [6238/8034] Built Mathlib.Analysis.Calculus.FDeriv.Defs (4.8s)
✔ [6239/8034] Built Mathlib.LinearAlgebra.CliffordAlgebra.CategoryTheory (3.9s)
✔ [6240/8034] Built Mathlib.NumberTheory.ModularForms.SlashActions (6.2s)
✔ [6241/8034] Built Mathlib.Analysis.SpecialFunctions.Trigonometric.Basic (8.1s)
✔ [6242/8034] Built Mathlib.Topology.Category.Stonean.EffectiveEpi (3.3s)
✔ [6243/8034] Built Mathlib.Algebra.Lie.EngelSubalgebra (4.0s)
✔ [6244/8034] Built Mathlib.RingTheory.Smooth.Kaehler (31s)
✔ [6245/8034] Built Mathlib.Algebra.Polynomial.Module.FiniteDimensional (3.1s)
✔ [6246/8034] Built Mathlib.LinearAlgebra.Charpoly.Basic (4.3s)
✔ [6247/8034] Built Mathlib.Topology.Algebra.Module.StrongTopology (33s)
✔ [6248/8034] Built Mathlib.LinearAlgebra.AnnihilatingPolynomial (3.3s)
✔ [6249/8034] Built Mathlib.LinearAlgebra.QuadraticForm.Dual (9.5s)
✔ [6250/8034] Built Mathlib.LinearAlgebra.ExteriorAlgebra.Basic (9.0s)
✔ [6251/8034] Built Mathlib.FieldTheory.Normal.Defs (5.5s)
✔ [6252/8034] Built Mathlib.RepresentationTheory.Induced (31s)
✔ [6253/8034] Built Mathlib.Analysis.Convex.StrictConvexBetween (3.5s)
✔ [6254/8034] Built Mathlib.LinearAlgebra.QuadraticForm.QuadraticModuleCat.Monoidal (9.4s)
✔ [6255/8034] Built Mathlib.Analysis.Convex.LinearIsometry (3.4s)
✔ [6256/8034] Built Mathlib.LinearAlgebra.CliffordAlgebra.Grading (10s)
✔ [6257/8034] Built Mathlib.FieldTheory.RatFunc.Basic (27s)
✔ [6258/8034] Built Mathlib.Topology.Algebra.Module.Alternating.Topology (8.7s)
✔ [6259/8034] Built Mathlib.Analysis.Convex.Uniform (3.0s)
✔ [6260/8034] Built Mathlib.Algebra.Lie.Loop (14s)
✔ [6261/8034] Built Mathlib.Topology.Category.Profinite.Nobeling.Span (4.1s)
✔ [6262/8034] Built Mathlib.Topology.Category.Profinite.Nobeling.ZeroLimit (3.5s)
✔ [6263/8034] Built Mathlib.Condensed.TopComparison (3.4s)
✔ [6264/8034] Built Mathlib.RingTheory.PowerBasis (6.1s)
✔ [6265/8034] Built Mathlib.Condensed.Module (3.3s)
✔ [6266/8034] Built Mathlib.Condensed.CartesianClosed (3.3s)
✔ [6267/8034] Built Mathlib.Condensed.Functors (3.3s)
✔ [6268/8034] Built Mathlib.FieldTheory.IntermediateField.Adjoin.Algebra (8.7s)
✔ [6269/8034] Built Mathlib.Analysis.Convex.StrictCombination (8.2s)
✔ [6270/8034] Built Mathlib.RingTheory.RingHom.Integral (5.5s)
✔ [6271/8034] Built Mathlib.Topology.Category.LightProfinite.Cartesian (4.2s)
✔ [6272/8034] Built Mathlib.Topology.Category.LightProfinite.Limits (4.3s)
✔ [6273/8034] Built Mathlib.Topology.Category.Profinite.Nobeling.Successor (8.9s)
✔ [6274/8034] Built Mathlib.Analysis.Normed.Module.Connected (5.6s)
✔ [6275/8034] Built Mathlib.RingTheory.Ideal.GoingUp (6.7s)
✔ [6276/8034] Built Mathlib.Topology.Category.LightProfinite.Sequence (4.5s)
✔ [6277/8034] Built Mathlib.Analysis.LocallyConvex.AbsConvexOpen (6.2s)
✔ [6278/8034] Built Mathlib.RingTheory.IntegralClosure.IntegrallyClosed (6.0s)
✔ [6279/8034] Built Mathlib.Topology.Category.LightProfinite.AsLimit (4.6s)
✔ [6280/8034] Built Mathlib.Topology.Category.DeltaGenerated (4.6s)
✔ [6281/8034] Built Mathlib.Analysis.Convex.GaugeRescale (6.5s)
✔ [6282/8034] Built Mathlib.Algebra.Homology.DerivedCategory.KProjective (3.6s)
✔ [6283/8034] Built Mathlib.Data.Complex.ExponentialBounds (3.4s)
✔ [6284/8034] Built Mathlib.NumberTheory.VonMangoldt (3.2s)
✔ [6285/8034] Built Mathlib.NumberTheory.ArithmeticFunction.VonMangoldt (3.9s)
✔ [6286/8034] Built Mathlib.Geometry.RingedSpace.LocallyRingedSpace.HasColimits (6.8s)
✔ [6287/8034] Built Mathlib.Analysis.LocallyConvex.Separation (10s)
✔ [6288/8034] Built Mathlib.Analysis.SpecialFunctions.Log.PosLog (4.6s)
✔ [6289/8034] Built Mathlib.Analysis.SpecialFunctions.Bernstein (11s)
✔ [6290/8034] Built Mathlib.Analysis.Complex.UpperHalfPlane.FunctionsBoundedAtInfty (4.8s)
✔ [6291/8034] Built Mathlib.NumberTheory.Height.Basic (6.3s)
✔ [6292/8034] Built Mathlib.Topology.Algebra.Category.ProfiniteGrp.Completion (6.2s)
✔ [6293/8034] Built Mathlib.Analysis.SpecialFunctions.Trigonometric.Chebyshev.Extremal (6.4s)
✔ [6294/8034] Built Mathlib.Analysis.SpecialFunctions.Artanh (7.4s)
✔ [6295/8034] Built Mathlib.Analysis.Complex.Circle (5.8s)
✔ [6296/8034] Built Mathlib.Algebra.Homology.DerivedCategory.Ext.Basic (9.9s)
✔ [6297/8034] Built Mathlib.Condensed.Equivalence (4.2s)
✔ [6298/8034] Built Mathlib.MeasureTheory.Measure.MeasureSpace (9.9s)
✔ [6299/8034] Built Mathlib.LinearAlgebra.Charpoly.ToMatrix (4.7s)
✔ [6300/8034] Built Mathlib.Analysis.SpecialFunctions.Trigonometric.Inverse (6.5s)
✔ [6301/8034] Built Mathlib.Analysis.LocallyConvex.StrongTopology (3.9s)
✔ [6302/8034] Built Mathlib.RepresentationTheory.Homological.GroupHomology.Shapiro (5.1s)
✔ [6303/8034] Built Mathlib.LinearAlgebra.QuadraticForm.QuadraticModuleCat.Symmetric (5.3s)
✔ [6304/8034] Built Mathlib.Analysis.InnerProductSpace.Basic (14s)
✔ [6305/8034] Built Mathlib.Analysis.Normed.Operator.Compact (8.9s)
✔ [6306/8034] Built Mathlib.RepresentationTheory.Homological.GroupCohomology.Shapiro (6.8s)
✔ [6307/8034] Built Mathlib.LinearAlgebra.Matrix.Charpoly.Minpoly (5.5s)
✔ [6308/8034] Built Mathlib.Condensed.TopCatAdjunction (8.2s)
✔ [6309/8034] Built Mathlib.LinearAlgebra.CliffordAlgebra.Conjugation (10s)
✔ [6310/8034] Built Mathlib.LinearAlgebra.ExteriorAlgebra.Grading (12s)
✔ [6311/8034] Built Mathlib.FieldTheory.Separable (9.6s)
✔ [6312/8034] Built Mathlib.RingTheory.Conductor (9.6s)
✔ [6313/8034] Built Mathlib.Condensed.Limits (6.0s)
✔ [6314/8034] Built Mathlib.Topology.Algebra.Module.PointwiseConvergence (14s)
✔ [6315/8034] Built Mathlib.Topology.Category.LightProfinite.EffectiveEpi (5.1s)
✔ [6316/8034] Built Mathlib.LinearAlgebra.CliffordAlgebra.Prod (12s)
✔ [6317/8034] Built Mathlib.RingTheory.Adjoin.PowerBasis (9.4s)
✔ [6318/8034] Built Mathlib.Topology.Category.Profinite.Nobeling.Induction (5.6s)
✔ [6319/8034] Built Mathlib.Analysis.SpecialFunctions.Trigonometric.Angle (20s)
✔ [6320/8034] Built Mathlib.Analysis.Convex.AmpleSet (4.7s)
✔ [6321/8034] Built Mathlib.Algebra.GCDMonoid.IntegrallyClosed (4.5s)
✔ [6322/8034] Built Mathlib.RingTheory.AlgebraicIndependent.Adjoin (9.5s)
✔ [6323/8034] Built Mathlib.RingTheory.Valuation.Integral (4.6s)
✔ [6324/8034] Built Mathlib.Analysis.Normed.Operator.Basic (19s)
✔ [6325/8034] Built Mathlib.RingTheory.Polynomial.RationalRoot (4.4s)
✔ [6326/8034] Built Mathlib.RingTheory.LocalProperties.IntegrallyClosed (5.0s)
✔ [6327/8034] Built Mathlib.NumberTheory.ArithmeticFunction (3.7s)
✔ [6328/8034] Built Mathlib.Topology.Category.LightProfinite.Injective (5.8s)
✔ [6329/8034] Built Mathlib.RepresentationTheory.FiniteIndex (19s)
✔ [6330/8034] Built Mathlib.Topology.Category.LightProfinite.Extend (4.9s)
✔ [6331/8034] Built Mathlib.RingTheory.Jacobson.Ring (9.3s)
✔ [6332/8034] Built Mathlib.Analysis.Convex.KreinMilman (4.8s)
✔ [6333/8034] Built Mathlib.RingTheory.AlgebraicIndependent.TranscendenceBasis (14s)
✔ [6334/8034] Built Mathlib.Analysis.Complex.Isometry (5.7s)
✔ [6335/8034] Built Mathlib.Algebra.Homology.DerivedCategory.Ext.TStructure (3.6s)
✔ [6336/8034] Built Mathlib.RingTheory.Spectrum.Prime.Topology (11s)
✔ [6337/8034] Built Mathlib.CategoryTheory.Sites.SheafCohomology.Basic (5.0s)
✔ [6338/8034] Built Mathlib.Analysis.Convex.Cone.Dual (8.1s)
✔ [6339/8034] Built Mathlib.Analysis.LocallyConvex.WeakSpace (7.2s)
✔ [6340/8034] Built Mathlib.Algebra.Homology.DerivedCategory.Ext.Linear (4.9s)
✔ [6341/8034] Built Mathlib.Analysis.Complex.UnitDisc.Basic (7.3s)
✔ [6342/8034] Built Mathlib.Condensed.Explicit (4.1s)
✔ [6343/8034] Built Mathlib.MeasureTheory.Measure.Map (4.6s)
✔ [6344/8034] Built Mathlib.Condensed.Epi (4.7s)
✔ [6345/8034] Built Mathlib.Algebra.Homology.DerivedCategory.Ext.ExtClass (5.9s)
✔ [6346/8034] Built Mathlib.LinearAlgebra.Charpoly.BaseChange (3.0s)
✔ [6347/8034] Built Mathlib.Analysis.InnerProductSpace.Convex (3.7s)
✔ [6348/8034] Built Mathlib.Analysis.LocallyConvex.SeparatingDual (11s)
✔ [6349/8034] Built Mathlib.Analysis.InnerProductSpace.Affine (4.0s)
✔ [6350/8034] Built Mathlib.Analysis.InnerProductSpace.GramMatrix (4.8s)
✔ [6351/8034] Built Mathlib.Geometry.Euclidean.Inversion.Basic (5.3s)
✔ [6352/8034] Built Mathlib.LinearAlgebra.Eigenspace.Zero (6.0s)
✔ [6353/8034] Built Mathlib.LinearAlgebra.CliffordAlgebra.Star (4.1s)
✔ [6354/8034] Built Mathlib.Analysis.Convex.Strong (6.3s)
✔ [6355/8034] Built Mathlib.Analysis.InnerProductSpace.Projection.Minimal (8.0s)
✔ [6356/8034] Built Mathlib.RingTheory.Polynomial.SeparableDegree (3.7s)
✔ [6357/8034] Built Mathlib.Algebra.Module.LinearMap.Polynomial (11s)
✔ [6358/8034] Built Mathlib.Geometry.RingedSpace.PresheafedSpace.Gluing (16s)
✔ [6359/8034] Built Mathlib.RingTheory.AdjoinRoot (28s)
✔ [6360/8034] Built Mathlib.Analysis.Normed.Field.WithAbs (5.8s)
✔ [6361/8034] Built Mathlib.LinearAlgebra.CliffordAlgebra.Fold (7.4s)
✔ [6362/8034] Built Mathlib.Condensed.Light.Basic (3.2s)
✔ [6363/8034] Built Mathlib.Condensed.Solid (3.8s)
✔ [6364/8034] Built Mathlib.FieldTheory.Fixed (7.8s)
✔ [6365/8034] Built Mathlib.Condensed.AB (5.4s)
✔ [6366/8034] Built Mathlib.Analysis.LocallyConvex.PointwiseConvergence (5.7s)
✔ [6367/8034] Built Mathlib.LinearAlgebra.CliffordAlgebra.BaseChange (10s)
✔ [6368/8034] Built Mathlib.RingTheory.LocalRing.ResidueField.Instances (7.9s)
✔ [6369/8034] Built Mathlib.Analysis.Normed.Module.RCLike.Extend (3.5s)
✔ [6370/8034] Built Mathlib.RingTheory.Derivation.MapCoeffs (7.0s)
✔ [6371/8034] Built Mathlib.Condensed.Light.Instances (3.9s)
✔ [6372/8034] Built Mathlib.Analysis.Convex.Approximation (13s)
✔ [6373/8034] Built Mathlib.Analysis.Normed.Operator.Asymptotics (4.0s)
✔ [6374/8034] Built Mathlib.Analysis.SpecialFunctions.Complex.Arg (5.3s)
✔ [6375/8034] Built Mathlib.RingTheory.DedekindDomain.Basic (3.3s)
✔ [6376/8034] Built Mathlib.Analysis.Normed.Operator.NNNorm (5.7s)
✔ [6377/8034] Built Mathlib.RingTheory.KrullDimension.Zero (3.4s)
✔ [6378/8034] Built Mathlib.RingTheory.Spectrum.Prime.Noetherian (3.7s)
✔ [6379/8034] Built Mathlib.RingTheory.Ideal.GoingDown (4.7s)
✔ [6380/8034] Built Mathlib.RingTheory.Spectrum.Prime.IsOpenComapC (3.6s)
✔ [6381/8034] Built Mathlib.RingTheory.Valuation.LocalSubring (8.9s)
✔ [6382/8034] Built Mathlib.RingTheory.Spectrum.Maximal.Topology (3.6s)
✔ [6383/8034] Built Mathlib.CategoryTheory.Abelian.Injective.Ext (6.2s)
✔ [6384/8034] Built Mathlib.RingTheory.Ideal.Height (5.1s)
✔ [6385/8034] Built Mathlib.CategoryTheory.Abelian.Projective.Ext (6.7s)
✔ [6386/8034] Built Mathlib.NumberTheory.Niven (8.1s)
✔ [6387/8034] Built Mathlib.RingTheory.Spectrum.Prime.Module (3.8s)
✔ [6388/8034] Built Mathlib.RingTheory.Spectrum.Prime.ConstructibleSet (4.3s)
✔ [6389/8034] Built Mathlib.RingTheory.Spectrum.Prime.TensorProduct (4.1s)
✔ [6390/8034] Built Mathlib.Condensed.EffectiveEpi (3.1s)
✔ [6391/8034] Built Mathlib.Topology.ContinuousMap.Bounded.Normed (11s)
✔ [6392/8034] Built Mathlib.MeasureTheory.Measure.AbsolutelyContinuous (3.2s)
✔ [6393/8034] Built Mathlib.MeasureTheory.Group.Defs (3.3s)
✔ [6394/8034] Built Mathlib.LinearAlgebra.Eigenspace.Charpoly (3.0s)
✔ [6395/8034] Built Mathlib.Algebra.Homology.DerivedCategory.Ext.Map (4.6s)
✔ [6396/8034] Built Mathlib.RingTheory.Spectrum.Prime.FreeLocus (9.5s)
✔ [6397/8034] Built Mathlib.Analysis.Normed.Operator.Extend (12s)
✔ [6398/8034] Built Mathlib.RingTheory.Finiteness.ModuleFinitePresentation (3.7s)
✔ [6399/8034] Built Mathlib.RingTheory.Localization.Away.AdjoinRoot (4.1s)
✔ [6400/8034] Built Mathlib.LinearAlgebra.FreeModule.Norm (5.1s)
✔ [6401/8034] Built Mathlib.FieldTheory.KummerPolynomial (3.9s)
✔ [6402/8034] Built Mathlib.RingTheory.Adjoin.Field (5.9s)
✔ [6403/8034] Built Mathlib.LinearAlgebra.Transvection (8.0s)
✔ [6404/8034] Built Mathlib.Analysis.InnerProductSpace.OfNorm (7.9s)
✔ [6405/8034] Built Mathlib.Algebra.Lie.Rank (7.1s)
✔ [6406/8034] Built Mathlib.Analysis.LocallyConvex.WeakOperatorTopology (9.4s)
✔ [6407/8034] Built Mathlib.Condensed.Light.TopComparison (3.1s)
✔ [6408/8034] Built Mathlib.Algebra.Homology.DerivedCategory.Ext.ExactSequences (11s)
✔ [6409/8034] Built Mathlib.LinearAlgebra.CliffordAlgebra.Equivs (9.4s)
✔ [6410/8034] Built Mathlib.Condensed.Light.CartesianClosed (2.9s)
✔ [6411/8034] Built Mathlib.LinearAlgebra.SpecialLinearGroup (12s)
✔ [6412/8034] Built Mathlib.Condensed.Discrete.Basic (3.1s)
✔ [6413/8034] Built Mathlib.Condensed.Light.Module (4.4s)
✔ [6414/8034] Built Mathlib.LinearAlgebra.ExteriorAlgebra.OfAlternating (6.4s)
✔ [6415/8034] Built Mathlib.Analysis.Complex.Arg (3.3s)
✔ [6416/8034] Built Mathlib.Analysis.SpecialFunctions.Complex.Log (4.3s)
✔ [6417/8034] Built Mathlib.RingTheory.KrullDimension.LocalRing (3.4s)
✔ [6418/8034] Built Mathlib.RingTheory.Spectrum.Prime.Polynomial (13s)
✔ [6419/8034] Built Mathlib.RingTheory.Localization.Pi (3.8s)
✔ [6420/8034] Built Mathlib.Algebra.Polynomial.Bivariate (8.1s)
✔ [6421/8034] Built Mathlib.Analysis.Normed.Operator.Bilinear (26s)
✔ [6422/8034] Built Mathlib.RingTheory.DiscreteValuationRing.TFAE (6.0s)
✔ [6423/8034] Built Mathlib.RingTheory.Spectrum.Prime.Jacobson (3.8s)
✔ [6424/8034] Built Mathlib.LinearAlgebra.CliffordAlgebra.Even (11s)
✔ [6425/8034] Built Mathlib.LinearAlgebra.CliffordAlgebra.Contraction (12s)
✔ [6426/8034] Built Mathlib.RingTheory.Algebraic.StronglyTranscendental (5.9s)
✔ [6427/8034] Built Mathlib.RingTheory.KrullDimension.PID (3.5s)
✔ [6428/8034] Built Mathlib.RingTheory.KrullDimension.Module (3.7s)
✔ [6429/8034] Built Mathlib.RingTheory.HopkinsLevitzki (5.8s)
✔ [6430/8034] Built Mathlib.RingTheory.RingHom.Flat (4.7s)
✔ [6431/8034] Built Mathlib.Topology.ContinuousMap.Bounded.Star (4.1s)
✔ [6432/8034] Built Mathlib.Topology.ContinuousMap.BoundedCompactlySupported (3.5s)
✔ [6433/8034] Built Mathlib.RingTheory.Polynomial.IsIntegral (18s)
✔ [6434/8034] Built Mathlib.RingTheory.Grassmannian (3.5s)
✔ [6435/8034] Built Mathlib.Topology.MetricSpace.GromovHausdorffRealized (5.3s)
✔ [6436/8034] Built Mathlib.MeasureTheory.Covering.VitaliFamily (4.1s)
✔ [6437/8034] Built Mathlib.MeasureTheory.Measure.QuasiMeasurePreserving (4.2s)
✔ [6438/8034] Built Mathlib.Topology.TietzeExtension (5.2s)
✔ [6439/8034] Built Mathlib.RingTheory.DedekindDomain.Ideal.Basic (12s)
✔ [6440/8034] Built Mathlib.AlgebraicGeometry.StructureSheaf (30s)
✔ [6441/8034] Built Mathlib.FieldTheory.SplittingField.IsSplittingField (4.3s)
✔ [6442/8034] Built Mathlib.FieldTheory.Perfect (5.5s)
✔ [6443/8034] Built Mathlib.RingTheory.Unramified.Basic (5.8s)
✔ [6444/8034] Built Mathlib.Algebra.Homology.DerivedCategory.Ext.EnoughProjectives (3.6s)
✔ [6445/8034] Built Mathlib.Algebra.Homology.DerivedCategory.Ext.EnoughInjectives (3.7s)
✔ [6446/8034] Built Mathlib.LinearAlgebra.Center (6.3s)
✔ [6447/8034] Built Mathlib.Condensed.Light.TopCatAdjunction (5.3s)
✔ [6448/8034] Built Mathlib.RingTheory.RingHom.FinitePresentation (8.0s)
✔ [6449/8034] Built Mathlib.Analysis.Calculus.FDeriv.Basic (16s)
✔ [6450/8034] Built Mathlib.Condensed.Light.Explicit (3.2s)
✔ [6451/8034] Built Mathlib.Condensed.Light.Small (4.6s)
✔ [6452/8034] Built Mathlib.Condensed.Light.Limits (3.1s)
✔ [6453/8034] Built Mathlib.Condensed.Discrete.LocallyConstant (6.2s)
✔ [6454/8034] Built Mathlib.Analysis.SpecialFunctions.Complex.CircleMap (3.2s)
✔ [6455/8034] Built Mathlib.Analysis.SpecialFunctions.Complex.Circle (4.1s)
✔ [6456/8034] Built Mathlib.RingTheory.LocalRing.ResidueField.Fiber (13s)
✔ [6457/8034] Built Mathlib.RingTheory.RootsOfUnity.Complex (4.2s)
✔ [6458/8034] Built Mathlib.Condensed.Light.Monoidal (7.3s)
✔ [6459/8034] Built Mathlib.Analysis.SpecialFunctions.Pow.Complex (4.6s)
✔ [6460/8034] Built Mathlib.Algebra.Lie.CartanExists (9.9s)
✔ [6461/8034] Built Mathlib.AlgebraicGeometry.EllipticCurve.Affine.Basic (4.9s)
✔ [6462/8034] Built Mathlib.Analysis.Normed.Operator.Completeness (4.8s)
✔ [6463/8034] Built Mathlib.RingTheory.DedekindDomain.Dvr (4.3s)
✔ [6464/8034] Built Mathlib.LinearAlgebra.CliffordAlgebra.Inversion (4.5s)
✔ [6465/8034] Built Mathlib.RingTheory.Jacobson.Artinian (3.8s)
✔ [6466/8034] Built Mathlib.RingTheory.RingHom.FaithfullyFlat (3.7s)
✔ [6467/8034] Built Mathlib.RingTheory.OrderOfVanishing (5.7s)
✔ [6468/8034] Built Mathlib.Analysis.Normed.Operator.NormedSpace (8.2s)
✔ [6469/8034] Built Mathlib.Dynamics.BirkhoffSum.QuasiMeasurePreserving (2.9s)
✔ [6470/8034] Built Mathlib.Analysis.RCLike.BoundedContinuous (5.3s)
✔ [6471/8034] Built Mathlib.Analysis.Normed.Operator.Prod (9.5s)
✔ [6472/8034] Built Mathlib.RingTheory.Ideal.KrullsHeightTheorem (8.2s)
✔ [6473/8034] Built Mathlib.MeasureTheory.Measure.Comap (3.6s)
✔ [6474/8034] Built Mathlib.Analysis.Fourier.BoundedContinuousFunctionChar (6.2s)
✔ [6475/8034] Built Mathlib.LinearAlgebra.ExteriorPower.Basic (14s)
✔ [6476/8034] Built Mathlib.LinearAlgebra.CliffordAlgebra.EvenEquiv (11s)
✔ [6477/8034] Built Mathlib.Algebra.Category.Ring.Under.Limits (10s)
✔ [6478/8034] Built Mathlib.Topology.ContinuousMap.Compact (8.1s)
✔ [6479/8034] Built Mathlib.CategoryTheory.Sites.SheafCohomology.MayerVietoris (21s)
✔ [6480/8034] Built Mathlib.FieldTheory.SplittingField.Construction (6.4s)
✔ [6481/8034] Built Mathlib.Topology.ContinuousMap.ZeroAtInfty (10s)
✔ [6482/8034] Built Mathlib.Algebra.Category.ModuleCat.Ext.HasExt (3.5s)
✔ [6483/8034] Built Mathlib.FieldTheory.Finite.Basic (7.3s)
✔ [6484/8034] Built Mathlib.FieldTheory.PerfectClosure (6.6s)
✔ [6485/8034] Built Mathlib.RingTheory.Unramified.Pi (5.6s)
✔ [6486/8034] Built Mathlib.CategoryTheory.Abelian.GrothendieckCategory.HasExt (3.1s)
✔ [6487/8034] Built Mathlib.CategoryTheory.Abelian.Projective.Dimension (3.9s)
✔ [6488/8034] Built Mathlib.CategoryTheory.Abelian.Injective.Dimension (3.7s)
✔ [6489/8034] Built Mathlib.AlgebraicGeometry.Spec (11s)
✔ [6490/8034] Built Mathlib.Condensed.Light.Functors (4.0s)
✔ [6491/8034] Built Mathlib.RingTheory.ClassGroup (13s)
✔ [6492/8034] Built Mathlib.Analysis.Calculus.FDeriv.RestrictScalars (5.6s)
✔ [6493/8034] Built Mathlib.RingTheory.Unramified.Finite (10s)
✔ [6494/8034] Built Mathlib.RingTheory.Smooth.Basic (12s)
✔ [6495/8034] Built Mathlib.FieldTheory.IntermediateField.Adjoin.Basic (14s)
✔ [6496/8034] Built Mathlib.Condensed.Light.Epi (4.8s)
✔ [6497/8034] Built Mathlib.LinearAlgebra.Semisimple (13s)
✔ [6498/8034] Built Mathlib.Topology.Algebra.PontryaginDual (4.1s)
✔ [6499/8034] Built Mathlib.Analysis.Calculus.FDeriv.Comp (6.9s)
✔ [6500/8034] Built Mathlib.Analysis.Calculus.FDeriv.Congr (6.0s)
✔ [6501/8034] Built Mathlib.RingTheory.Spectrum.Prime.ChevalleyComplexity (26s)
✔ [6502/8034] Built Mathlib.NumberTheory.MulChar.Lemmas (4.2s)
✔ [6503/8034] Built Mathlib.LinearAlgebra.QuadraticForm.Complex (4.5s)
✔ [6504/8034] Built Mathlib.RingTheory.DedekindDomain.Ideal.Lemmas (19s)
✔ [6505/8034] Built Mathlib.RingTheory.Flat.TorsionFree (4.2s)
✔ [6506/8034] Built Mathlib.Analysis.SpecialFunctions.Trigonometric.Complex (5.6s)
✔ [6507/8034] Built Mathlib.Algebra.Category.ModuleCat.Descent (4.7s)
✔ [6508/8034] Built Mathlib.Condensed.Discrete.Colimit (10s)
✔ [6509/8034] Built Mathlib.RingTheory.Finiteness.Descent (6.0s)
✔ [6510/8034] Built Mathlib.RingTheory.Flat.FaithfullyFlat.Descent (5.3s)
✔ [6511/8034] Built Mathlib.Analysis.SpecialFunctions.Pow.Real (7.8s)
✔ [6512/8034] Built Mathlib.Analysis.Complex.OperatorNorm (4.5s)
✔ [6513/8034] Built Mathlib.Analysis.Normed.Module.RCLike.Basic (5.2s)
✔ [6514/8034] Built Mathlib.AlgebraicGeometry.EllipticCurve.Projective.Basic (7.9s)
✔ [6515/8034] Built Mathlib.LinearAlgebra.CliffordAlgebra.SpinGroup (7.5s)
✔ [6516/8034] Built Mathlib.Condensed.Discrete.Module (13s)
✔ [6517/8034] Built Mathlib.AlgebraicGeometry.EllipticCurve.Jacobian.Basic (8.8s)
✔ [6518/8034] Built Mathlib.AlgebraicGeometry.EllipticCurve.Affine.Formula (9.2s)
✔ [6519/8034] Built Mathlib.Analysis.Normed.Module.Completion (4.9s)
✔ [6520/8034] Built Mathlib.Analysis.Normed.Operator.BanachSteinhaus (3.1s)
✔ [6521/8034] Built Mathlib.RingTheory.KrullDimension.Polynomial (3.6s)
✔ [6522/8034] Built Mathlib.RingTheory.Spectrum.Prime.LTSeries (3.9s)
✔ [6523/8034] Built Mathlib.Analysis.Normed.Affine.ContinuousAffineMap (5.0s)
✔ [6524/8034] Built Mathlib.Topology.ContinuousMap.Weierstrass (3.0s)
✔ [6525/8034] Built Mathlib.Algebra.Category.ModuleCat.ExteriorPower (4.6s)
✔ [6526/8034] Built Mathlib.LinearAlgebra.ExteriorPower.Pairing (5.5s)
✔ [6527/8034] Built Mathlib.Topology.MetricSpace.Ultra.ContinuousMaps (3.7s)
✔ [6528/8034] Built Mathlib.RingTheory.Polynomial.GaussLemma (4.4s)
✔ [6529/8034] Built Mathlib.Topology.MetricSpace.UniformConvergence (7.2s)
✔ [6530/8034] Built Mathlib.MeasureTheory.Measure.Restrict (8.7s)
✔ [6531/8034] Built Mathlib.Analysis.Normed.Group.ZeroAtInfty (4.4s)
✔ [6532/8034] Built Mathlib.RingTheory.ZMod.Torsion (4.0s)
✔ [6533/8034] Built Mathlib.Analysis.Normed.Module.Multilinear.Basic (42s)
✔ [6534/8034] Built Mathlib.Algebra.Category.ModuleCat.Ext.DimensionShifting (5.8s)
✔ [6535/8034] Built Mathlib.NumberTheory.DirichletCharacter.Bounds (3.9s)
✔ [6536/8034] Built Mathlib.Analysis.Normed.Operator.Mul (12s)
✔ [6537/8034] Built Mathlib.RingTheory.ZMod.UnitsCyclic (6.3s)
✔ [6538/8034] Built Mathlib.Topology.ContinuousMap.Ideals (10s)
✔ [6539/8034] Built Mathlib.NumberTheory.LegendreSymbol.QuadraticChar.Basic (4.5s)
✔ [6540/8034] Built Mathlib.Analysis.Normed.Operator.Banach (16s)
✔ [6541/8034] Built Mathlib.FieldTheory.Finite.Polynomial (5.1s)
✔ [6542/8034] Built Mathlib.NumberTheory.Wilson (3.7s)
✔ [6543/8034] Built Mathlib.NumberTheory.PowModTotient (3.2s)
✔ [6544/8034] Built Mathlib.Topology.ContinuousMap.ContinuousMapZero (12s)
✔ [6545/8034] Built Mathlib.NumberTheory.FermatPsp (5.3s)
✔ [6546/8034] Built Mathlib.Analysis.CStarAlgebra.ContinuousMap (11s)
✔ [6547/8034] Built Mathlib.LinearAlgebra.Matrix.Charpoly.FiniteField (3.7s)
✔ [6548/8034] Built Mathlib.FieldTheory.ChevalleyWarning (4.4s)
✔ [6549/8034] Built Mathlib.NumberTheory.SumFourSquares (5.0s)
✔ [6550/8034] Built Mathlib.GroupTheory.SpecificGroups.ZGroup (5.5s)
✔ [6551/8034] Built Mathlib.RingTheory.Valuation.Minpoly (3.4s)
✔ [6552/8034] Built Mathlib.RingTheory.Etale.Basic (4.6s)
✔ [6553/8034] Built Mathlib.RingTheory.UniqueFactorizationDomain.ClassGroup (5.3s)
✔ [6554/8034] Built Mathlib.RingTheory.Smooth.AdicCompletion (4.8s)
✔ [6555/8034] Built Mathlib.RingTheory.QuasiFinite.Basic (26s)
✔ [6556/8034] Built Mathlib.RingTheory.Smooth.Local (6.5s)
✔ [6557/8034] Built Mathlib.RingTheory.AlgebraicIndependent.RankAndCardinality (4.8s)
✔ [6558/8034] Built Mathlib.Condensed.Light.EffectiveEpi (3.7s)
✔ [6559/8034] Built Mathlib.RingTheory.Smooth.Pi (6.5s)
✔ [6560/8034] Built Mathlib.Condensed.Light.AB (4.1s)
✔ [6561/8034] Built Mathlib.Topology.ContinuousMap.CompactlySupported (16s)
✔ [6562/8034] Built Mathlib.Condensed.Light.InternallyProjective (4.7s)
✔ [6563/8034] Built Mathlib.LinearAlgebra.Eigenspace.Semisimple (5.0s)
✔ [6564/8034] Built Mathlib.LinearAlgebra.JordanChevalley (5.4s)
✔ [6565/8034] Built Mathlib.Algebra.Module.DedekindDomain (3.8s)
✔ [6566/8034] Built Mathlib.FieldTheory.Relrank (9.2s)
✔ [6567/8034] Built Mathlib.FieldTheory.Extension (10s)
✔ [6568/8034] Built Mathlib.RingTheory.DedekindDomain.PID (6.3s)
✔ [6569/8034] Built Mathlib.Analysis.Calculus.FDeriv.Const (8.1s)
✔ [6570/8034] Built Mathlib.Analysis.SpecialFunctions.Trigonometric.Arctan (6.5s)
✔ [6571/8034] Built Mathlib.RingTheory.FractionalIdeal.Extended (6.8s)
✔ [6572/8034] Built Mathlib.AlgebraicGeometry.Scheme (15s)
✔ [6573/8034] Built Mathlib.Analysis.Normed.Unbundled.RingSeminorm (5.7s)
✔ [6574/8034] Built Mathlib.NumberTheory.ClassNumber.AdmissibleCardPowDegree (4.8s)
✔ [6575/8034] Built Mathlib.Analysis.Convex.SpecificFunctions.Basic (4.7s)
✔ [6576/8034] Built Mathlib.RingTheory.Spectrum.Prime.Chevalley (9.7s)
✔ [6577/8034] Built Mathlib.RingTheory.Valuation.RankOne (4.1s)
✔ [6578/8034] Built Mathlib.LinearAlgebra.RootSystem.IsValuedIn (9.3s)
✔ [6579/8034] Built Mathlib.Analysis.SpecificLimits.FloorPow (8.7s)
✔ [6580/8034] Built Mathlib.Analysis.SpecialFunctions.Log.Base (6.0s)
✔ [6581/8034] Built Mathlib.Combinatorics.SimpleGraph.Regularity.Bound (6.6s)
✔ [6582/8034] Built Mathlib.Analysis.RCLike.Sqrt (10s)
✔ [6583/8034] Built Mathlib.Analysis.SpecialFunctions.Log.Monotone (3.0s)
✔ [6584/8034] Built Mathlib.Analysis.Normed.Module.RieszLemma (4.5s)
✔ [6585/8034] Built Mathlib.Tactic.NormNum.Irrational (6.3s)
✔ [6586/8034] Built Mathlib.Analysis.SpecialFunctions.Log.RpowTendsto (7.5s)
✔ [6587/8034] Built Mathlib.MeasureTheory.Measure.MutuallySingular (4.4s)
✔ [6588/8034] Built Mathlib.RingTheory.Polynomial.Resultant.Basic (32s)
✔ [6589/8034] Built Mathlib.RingTheory.KrullDimension.Regular (6.2s)
✔ [6590/8034] Built Mathlib.MeasureTheory.Measure.Typeclasses.NoAtoms (4.2s)
✔ [6591/8034] Built Mathlib.Analysis.SpecialFunctions.Pow.NNReal (9.2s)
✔ [6592/8034] Built Mathlib.LinearAlgebra.ExteriorPower.Basis (6.6s)
✔ [6593/8034] Built Mathlib.Tactic.ComputeAsymptotics.Multiseries.Corecursion (6.6s)
✔ [6594/8034] Built Mathlib.Analysis.AbsoluteValue.Equivalence (11s)
✔ [6595/8034] Built Mathlib.MeasureTheory.Measure.Typeclasses.Finite (6.0s)
✔ [6596/8034] Built Mathlib.NumberTheory.Padics.MahlerBasis (8.2s)
✔ [6597/8034] Built Mathlib.Condensed.Discrete.Characterization (11s)
✔ [6598/8034] Built Mathlib.Analysis.Normed.Operator.CompleteCodomain (5.2s)
✔ [6599/8034] Built Mathlib.FieldTheory.Minpoly.IsIntegrallyClosed (9.6s)
✔ [6600/8034] Built Mathlib.Analysis.BoxIntegral.Partition.Additive (4.9s)
✔ [6601/8034] Built Mathlib.Algebra.Category.ModuleCat.Ext.Finite (5.5s)
✔ [6602/8034] Built Mathlib.NumberTheory.LegendreSymbol.Basic (3.8s)
✔ [6603/8034] Built Mathlib.NumberTheory.ArithmeticFunction.Carmichael (4.6s)
✔ [6604/8034] Built Mathlib.AlgebraicGeometry.EllipticCurve.Jacobian.Formula (14s)
✔ [6605/8034] Built Mathlib.Analysis.Normed.Module.PiTensorProduct.ProjectiveSeminorm (8.9s)
✔ [6606/8034] Built Mathlib.RingTheory.WittVector.StructurePolynomial (6.0s)
✔ [6607/8034] Built Mathlib.Analysis.Normed.Module.Complemented (7.5s)
✔ [6608/8034] Built Mathlib.Analysis.Normed.Algebra.Unitization (9.9s)
✔ [6609/8034] Built Mathlib.Topology.ContinuousMap.StarOrdered (5.0s)
✔ [6610/8034] Built Mathlib.Combinatorics.Additive.ErdosGinzburgZiv (5.5s)
✔ [6611/8034] Built Mathlib.RingTheory.Smooth.StandardSmoothCotangent (6.8s)
✔ [6612/8034] Built Mathlib.Analysis.Normed.Operator.BoundedLinearMaps (13s)
✔ [6613/8034] Built Mathlib.RingTheory.Etale.Pi (3.4s)
✔ [6614/8034] Built Mathlib.Analysis.Calculus.InverseFunctionTheorem.ApproximatesLinearOn (11s)
✔ [6615/8034] Built Mathlib.AlgebraicGeometry.EllipticCurve.Affine.Point (23s)
✔ [6616/8034] Built Mathlib.FieldTheory.Minpoly.IsConjRoot (5.6s)
✔ [6617/8034] Built Mathlib.RingTheory.LocalProperties.Semilocal (4.9s)
✔ [6618/8034] Built Mathlib.Algebra.Module.PID (8.4s)
✔ [6619/8034] Built Mathlib.Data.Real.Pi.Bounds (3.7s)
✔ [6620/8034] Built Mathlib.FieldTheory.Normal.Basic (8.7s)
✔ [6621/8034] Built Mathlib.AlgebraicGeometry.Modules.Presheaf (3.8s)
✔ [6622/8034] Built Mathlib.Topology.ContinuousMap.StoneWeierstrass (19s)
✔ [6623/8034] Built Mathlib.RingTheory.RingHom.QuasiFinite (15s)
✔ [6624/8034] Built Mathlib.AlgebraicGeometry.Over (3.8s)
✔ [6625/8034] Built Mathlib.AlgebraicGeometry.EllipticCurve.Projective.Formula (33s)
✔ [6626/8034] Built Mathlib.FieldTheory.IsAlgClosed.Basic (12s)
✔ [6627/8034] Built Mathlib.Analysis.Polynomial.Norm (3.8s)
✔ [6628/8034] Built Mathlib.Analysis.Normed.Module.Alternating.Basic (27s)
✔ [6629/8034] Built Mathlib.Analysis.Normed.Unbundled.SeminormFromBounded (4.2s)
✔ [6630/8034] Built Mathlib.NumberTheory.Padics.ValuativeRel (3.8s)
✔ [6631/8034] Built Mathlib.Analysis.Normed.Unbundled.SeminormFromConst (5.1s)
✔ [6632/8034] Built Mathlib.RingTheory.Etale.StandardEtale (23s)
✔ [6633/8034] Built Mathlib.RingTheory.QuasiFinite.Weakly (19s)
✔ [6634/8034] Built Mathlib.Analysis.Normed.Unbundled.AlgebraNorm (5.7s)
✔ [6635/8034] Built Mathlib.RingTheory.Valuation.DiscreteValuativeRel (4.7s)
✔ [6636/8034] Built Mathlib.Topology.Algebra.Valued.NormedValued (5.5s)
✔ [6637/8034] Built Mathlib.Analysis.Calculus.Deriv.Basic (15s)
✔ [6638/8034] Built Mathlib.AlgebraicGeometry.OpenImmersion (12s)
✔ [6639/8034] Built Mathlib.LinearAlgebra.RootSystem.Reduced (5.0s)
✔ [6640/8034] Built Mathlib.Analysis.Normed.Module.Multilinear.Curry (33s)
✔ [6641/8034] Built Mathlib.LinearAlgebra.Matrix.Charpoly.Disc (3.6s)
✔ [6642/8034] Built Mathlib.MeasureTheory.Topology (3.7s)
✔ [6643/8034] Built Mathlib.LinearAlgebra.RootSystem.BaseChange (8.4s)
✔ [6644/8034] Built Mathlib.Analysis.Convex.SpecificFunctions.Pow (4.4s)
✔ [6645/8034] Built Mathlib.LinearAlgebra.Matrix.HermitianFunctionalCalculus (3.8s)
✔ [6646/8034] Built Mathlib.LinearAlgebra.RootSystem.RootPositive (7.5s)
✔ [6647/8034] Built Mathlib.Tactic.ComputeAsymptotics.Multiseries.Basis (4.3s)
✔ [6648/8034] Built Mathlib.Analysis.NormedSpace.DualNumber (3.4s)
✔ [6649/8034] Built Mathlib.LinearAlgebra.Matrix.LDL (3.5s)
✔ [6650/8034] Built Mathlib.Analysis.MeanInequalitiesPow (5.0s)
✔ [6651/8034] Built Mathlib.Analysis.SpecialFunctions.Log.ENNRealLog (3.7s)
✔ [6652/8034] Built Mathlib.Computability.AkraBazzi.GrowsPolynomially (8.7s)
✔ [6653/8034] Built Mathlib.Analysis.MeanInequalities (7.0s)
✔ [6654/8034] Built Mathlib.MeasureTheory.Measure.Sub (2.7s)
✔ [6655/8034] Built Mathlib.RingTheory.PicardGroup (29s)
✔ [6656/8034] Built Mathlib.Analysis.SpecialFunctions.Pow.Asymptotics (4.1s)
✔ [6657/8034] Built Mathlib.MeasureTheory.Measure.Typeclasses.Probability (3.0s)
✔ [6658/8034] Built Mathlib.MeasureTheory.Measure.Decomposition.Hahn (3.6s)
✔ [6659/8034] Built Mathlib.RingTheory.DedekindDomain.Instances (24s)
✔ [6660/8034] Built Mathlib.MeasureTheory.Measure.MeasuredSets (4.0s)
✔ [6661/8034] Built Mathlib.RingTheory.RootsOfUnity.Minpoly (3.2s)
✔ [6662/8034] Built Mathlib.NumberTheory.Zsqrtd.QuadraticReciprocity (3.3s)
✔ [6663/8034] Built Mathlib.Combinatorics.SimpleGraph.Regularity.Chunk (12s)
✔ [6664/8034] Built Mathlib.MeasureTheory.Measure.Typeclasses.SFinite (4.6s)
✔ [6665/8034] Built Mathlib.NumberTheory.Padics.AddChar (4.8s)
✔ [6666/8034] Built Mathlib.RingTheory.Perfection (9.4s)
✔ [6667/8034] Built Mathlib.RingTheory.IntegralClosure.GoingDown (4.8s)
✔ [6668/8034] Built Mathlib.Topology.ContinuousMap.ContinuousSqrt (3.2s)
✔ [6669/8034] Built Mathlib.NumberTheory.LegendreSymbol.GaussEisensteinLemmas (4.6s)
✔ [6670/8034] Built Mathlib.RingTheory.WittVector.Defs (4.4s)
✔ [6671/8034] Built Mathlib.RingTheory.Etale.Kaehler (36s)
✔ [6672/8034] Built Mathlib.Analysis.InnerProductSpace.Continuous (3.1s)
✔ [6673/8034] Built Mathlib.RingTheory.IsAdjoinRoot (7.2s)
✔ [6674/8034] Built Mathlib.Analysis.Calculus.FDeriv.Linear (3.7s)
✔ [6675/8034] Built Mathlib.FieldTheory.Minpoly.ConjRootClass (3.8s)
✔ [6676/8034] Built Mathlib.GroupTheory.FiniteAbelian.Basic (4.0s)
✔ [6677/8034] Built Mathlib.AlgebraicGeometry.EllipticCurve.DivisionPolynomial.Basic (5.2s)
✔ [6678/8034] Built Mathlib.RepresentationTheory.AlgebraRepresentation.Basic (3.4s)
✔ [6679/8034] Built Mathlib.Analysis.CStarAlgebra.Unitization (8.8s)
✔ [6680/8034] Built Mathlib.RingTheory.Nullstellensatz (3.0s)
✔ [6681/8034] Built Mathlib.AlgebraicGeometry.EllipticCurve.Jacobian.Point (6.6s)
✔ [6682/8034] Built Mathlib.FieldTheory.IsAlgClosed.Spectrum (3.8s)
✔ [6683/8034] Built Mathlib.RingTheory.Extension.Cotangent.LocalizationAway (8.3s)
✔ [6684/8034] Built Mathlib.AlgebraicGeometry.EllipticCurve.Projective.Point (5.4s)
✔ [6685/8034] Built Mathlib.FieldTheory.Normal.Closure (6.3s)
✔ [6686/8034] Built Mathlib.LinearAlgebra.Matrix.Charpoly.Eigs (3.0s)
✔ [6687/8034] Built Mathlib.FieldTheory.IsAlgClosed.Classification (4.7s)
✔ [6688/8034] Built Mathlib.RingTheory.SimpleModule.IsAlgClosed (2.6s)
✔ [6689/8034] Built Mathlib.Analysis.Calculus.Deriv.Support (2.7s)
✔ [6690/8034] Built Mathlib.FieldTheory.IsAlgClosed.AlgebraicClosure (5.6s)
✔ [6691/8034] Built Mathlib.AlgebraicGeometry.Sites.MorphismProperty (3.6s)
✔ [6692/8034] Built Mathlib.Topology.VectorBundle.Basic (10s)
✔ [6693/8034] Built Mathlib.Analysis.Normed.Module.Alternating.Curry (4.4s)
✔ [6694/8034] Built Mathlib.FieldTheory.PrimitiveElement (6.2s)
✔ [6695/8034] Built Mathlib.Analysis.Normed.Module.PiTensorProduct.InjectiveSeminorm (16s)
✔ [6696/8034] Built Mathlib.Topology.Algebra.Valued.LocallyCompact (6.7s)
✔ [6697/8034] Built Mathlib.LinearAlgebra.Matrix.GeneralLinearGroup.FinTwo (5.0s)
✔ [6698/8034] Built Mathlib.Tactic.ComputeAsymptotics.Multiseries.Majorized (3.1s)
✔ [6699/8034] Built Mathlib.Analysis.CStarAlgebra.ContinuousFunctionalCalculus.Unital (15s)
✔ [6700/8034] Built Mathlib.Topology.MetricSpace.Snowflaking (4.8s)
✔ [6701/8034] Built Mathlib.MeasureTheory.Constructions.Projective (2.0s)
✔ [6702/8034] Built Mathlib.Probability.ConditionalProbability (3.7s)
✔ [6703/8034] Built Mathlib.LinearAlgebra.RootSystem.Finite.CanonicalBilinear (7.9s)
✔ [6704/8034] Built Mathlib.Analysis.SpecialFunctions.Pow.Continuity (5.7s)
✔ [6705/8034] Built Mathlib.MeasureTheory.Measure.Trim (3.1s)
✔ [6706/8034] Built Mathlib.MeasureTheory.Measure.Decomposition.Exhaustion (3.5s)
✔ [6707/8034] Built Mathlib.MeasureTheory.Measure.Real (4.2s)
✔ [6708/8034] Built Mathlib.NumberTheory.SumTwoSquares (5.6s)
✔ [6709/8034] Built Mathlib.MeasureTheory.Measure.Dirac (4.0s)
✔ [6710/8034] Built Mathlib.Analysis.Calculus.Deriv.Comp (10s)
✔ [6711/8034] Built Mathlib.RingTheory.Perfectoid.Untilt (4.2s)
✔ [6712/8034] Built Mathlib.Combinatorics.SimpleGraph.Regularity.Increment (5.5s)
✔ [6713/8034] Built Mathlib.RingTheory.WittVector.Basic (5.5s)
✔ [6714/8034] Built Mathlib.Analysis.Calculus.FormalMultilinearSeries (12s)
✔ [6715/8034] Built Mathlib.Analysis.Calculus.Deriv.Linear (3.3s)
✔ [6716/8034] Built Mathlib.GroupTheory.FiniteAbelian.Duality (3.1s)
✔ [6717/8034] Built Mathlib.Analysis.InnerProductSpace.Completion (4.7s)
✔ [6718/8034] Built Mathlib.RingTheory.Unramified.Locus (6.1s)
✔ [6719/8034] Built Mathlib.RingTheory.Smooth.Locus (5.0s)
✔ [6720/8034] Built Mathlib.RepresentationTheory.Irreducible (3.6s)
✔ [6721/8034] Built Mathlib.AlgebraicGeometry.EllipticCurve.DivisionPolynomial.Degree (4.7s)
✔ [6722/8034] Built Mathlib.ModelTheory.Algebra.Ring.Definability (2.9s)
✔ [6723/8034] Built Mathlib.Analysis.Normed.Lp.ProdLp (13s)
✔ [6724/8034] Built Mathlib.CategoryTheory.Preadditive.Schur (3.1s)
✔ [6725/8034] Built Mathlib.NumberTheory.KummerDedekind (7.4s)
✔ [6726/8034] Built Mathlib.LinearAlgebra.Eigenspace.Triangularizable (4.2s)
✔ [6727/8034] Built Mathlib.FieldTheory.AlgebraicClosure (3.8s)
✔ [6728/8034] Built Mathlib.ModelTheory.Algebra.Field.IsAlgClosed (2.9s)
✔ [6729/8034] Built Mathlib.RingTheory.Nilpotent.GeometricallyReduced (3.6s)
✔ [6730/8034] Built Mathlib.AlgebraicGeometry.Cover.MorphismProperty (3.9s)
✔ [6731/8034] Built Mathlib.Topology.VectorBundle.Constructions (4.8s)
✔ [6732/8034] Built Mathlib.FieldTheory.Minpoly.MinpolyDiv (3.5s)
✔ [6733/8034] Built Mathlib.FieldTheory.Isaacs (3.9s)
✔ [6734/8034] Built Mathlib.RingTheory.Norm.Basic (3.9s)
✔ [6735/8034] Built Mathlib.AlgebraicGeometry.Modules.Sheaf (24s)
✔ [6736/8034] Built Mathlib.FieldTheory.Differential.Basic (5.2s)
✔ [6737/8034] Built Mathlib.NumberTheory.LocalField.Basic (4.0s)
✔ [6738/8034] Built Mathlib.Analysis.Calculus.FDeriv.Add (14s)
✔ [6739/8034] Built Mathlib.Analysis.InnerProductSpace.LinearMap (15s)
✔ [6740/8034] Built Mathlib.Topology.Instances.Matrix (4.3s)
✔ [6741/8034] Built Mathlib.Analysis.Normed.Module.Alternating.Uncurry.Fin (9.1s)
✔ [6742/8034] Built Mathlib.Analysis.CStarAlgebra.ContinuousFunctionalCalculus.Unitary (3.1s)
✔ [6743/8034] Built Mathlib.MeasureTheory.Constructions.ProjectiveFamilyContent (2.8s)
✔ [6744/8034] Built Mathlib.Analysis.Calculus.FDeriv.Prod (16s)
✔ [6745/8034] Built Mathlib.FieldTheory.Galois.Basic (10s)
✔ [6746/8034] Built Mathlib.RingTheory.Extension.Cotangent.Basis (14s)
✔ [6747/8034] Built Mathlib.FieldTheory.SeparableDegree (13s)
✔ [6748/8034] Built Mathlib.Topology.Compactification.OnePoint.ProjectiveLine (6.6s)
✔ [6749/8034] Built Mathlib.Analysis.Normed.Unbundled.IsPowMulFaithful (3.1s)
✔ [6750/8034] Built Mathlib.Analysis.Asymptotics.SpecificAsymptotics (3.9s)
✔ [6751/8034] Built Mathlib.LinearAlgebra.RootSystem.Finite.Nondegenerate (6.5s)
✔ [6752/8034] Built Mathlib.MeasureTheory.OuterMeasure.OfAddContent (3.3s)
✔ [6753/8034] Built Mathlib.NumberTheory.Ostrowski (5.7s)
✔ [6754/8034] Built Mathlib.MeasureTheory.Measure.WithDensityFinite (3.3s)
✔ [6755/8034] Built Mathlib.MeasureTheory.Measure.AEMeasurable (4.0s)
✔ [6756/8034] Built Mathlib.Topology.MetricSpace.Holder (4.9s)
✔ [6757/8034] Built Mathlib.Probability.ProbabilityMassFunction.Basic (3.7s)
✔ [6758/8034] Built Mathlib.Analysis.CStarAlgebra.Multiplier (20s)
✔ [6759/8034] Built Mathlib.Analysis.PSeries (6.2s)
✔ [6760/8034] Built Mathlib.Analysis.Normed.Unbundled.SmoothingSeminorm (6.2s)
✔ [6761/8034] Built Mathlib.MeasureTheory.Measure.Count (2.9s)
✔ [6762/8034] Built Mathlib.Combinatorics.SimpleGraph.Regularity.Lemma (3.3s)
✔ [6763/8034] Built Mathlib.RingTheory.WittVector.Teichmuller (2.9s)
✔ [6764/8034] Built Mathlib.NumberTheory.MulChar.Duality (2.6s)
✔ [6765/8034] Built Mathlib.RingTheory.RingHom.Smooth (2.8s)
✔ [6766/8034] Built Mathlib.RingTheory.RingHom.Unramified (3.1s)
✔ [6767/8034] Built Mathlib.Topology.VectorBundle.Hom (18s)
✔ [6768/8034] Built Mathlib.RingTheory.Etale.Locus (3.7s)
✔ [6769/8034] Built Mathlib.RingTheory.WittVector.IsPoly (5.5s)
✔ [6770/8034] Built Mathlib.MeasureTheory.VectorMeasure.Basic (8.8s)
✔ [6771/8034] Built Mathlib.RingTheory.Polynomial.UniversalFactorizationRing (46s)
✔ [6772/8034] Built Mathlib.Analysis.Normed.Algebra.UnitizationL1 (5.1s)
✔ [6773/8034] Built Mathlib.FieldTheory.AxGrothendieck (3.9s)
✔ [6774/8034] Built Mathlib.RingTheory.AlgebraicIndependent.AlgebraicClosure (5.1s)
✔ [6775/8034] Built Mathlib.LinearAlgebra.Eigenspace.Pi (5.5s)
✔ [6776/8034] Built Mathlib.Analysis.Calculus.FDeriv.Pi (3.7s)
✔ [6777/8034] Built Mathlib.RingTheory.Ideal.Norm.AbsNorm (5.1s)
✔ [6778/8034] Built Mathlib.Analysis.Calculus.Conformal.NormedSpace (3.4s)
✔ [6779/8034] Built Mathlib.RepresentationTheory.FDRep (7.4s)
✔ [6780/8034] Built Mathlib.Analysis.Calculus.FDeriv.Affine (3.7s)
✔ [6781/8034] Built Mathlib.Analysis.InnerProductSpace.ConformalLinearMap (3.3s)
✔ [6782/8034] Built Mathlib.Analysis.Calculus.Deriv.Add (6.8s)
✔ [6783/8034] Built Mathlib.AlgebraicGeometry.Cover.Open (7.6s)
✔ [6784/8034] Built Mathlib.Analysis.InnerProductSpace.Orthonormal (6.1s)
✔ [6785/8034] Built Mathlib.Analysis.Analytic.ConvergenceRadius (12s)
✔ [6786/8034] Built Mathlib.NumberTheory.ModularForms.ArithmeticSubgroups (5.8s)
✔ [6787/8034] Built Mathlib.Analysis.Calculus.FDeriv.Bilinear (6.2s)
✔ [6788/8034] Built Mathlib.RingTheory.Norm.Transitivity (5.8s)
✔ [6789/8034] Built Mathlib.Analysis.Calculus.Deriv.Prod (7.0s)
✔ [6790/8034] Built Mathlib.Analysis.Normed.Lp.lpSpace (22s)
✔ [6791/8034] Built Mathlib.Analysis.CStarAlgebra.ContinuousFunctionalCalculus.NonUnital (24s)
✔ [6792/8034] Built Mathlib.FieldTheory.Galois.NormalBasis (6.4s)
✔ [6793/8034] Built Mathlib.FieldTheory.Differential.Liouville (6.8s)
✔ [6794/8034] Built Mathlib.Analysis.Normed.Lp.PiLp (15s)
✔ [6795/8034] Built Mathlib.NumberTheory.Modular (8.7s)
✔ [6796/8034] Built Mathlib.Analysis.Calculus.FDeriv.Equiv (13s)
✔ [6797/8034] Built Mathlib.FieldTheory.PolynomialGaloisGroup (5.8s)
✔ [6798/8034] Built Mathlib.FieldTheory.IsSepClosed (4.6s)
✔ [6799/8034] Built Mathlib.Analysis.SpecialFunctions.CompareExp (3.6s)
✔ [6800/8034] Built Mathlib.MeasureTheory.Order.Lattice (3.3s)
✔ [6801/8034] Built Mathlib.Dynamics.Ergodic.MeasurePreserving (3.5s)
✔ [6802/8034] Built Mathlib.FieldTheory.KrullTopology (7.5s)
✔ [6803/8034] Built Mathlib.Analysis.Polynomial.Basic (5.3s)
✔ [6804/8034] Built Mathlib.Analysis.Normed.Module.FiniteDimension (13s)
✔ [6805/8034] Built Mathlib.FieldTheory.KummerExtension (10s)
✔ [6806/8034] Built Mathlib.Probability.ProbabilityMassFunction.Monad (4.3s)
✔ [6807/8034] Built Mathlib.Topology.MetricSpace.HolderNorm (4.9s)
✔ [6808/8034] Built Mathlib.LinearAlgebra.RootSystem.Basic (6.3s)
✔ [6809/8034] Built Mathlib.NumberTheory.SumPrimeReciprocals (3.0s)
✔ [6810/8034] Built Mathlib.Probability.UniformOn (3.5s)
✔ [6811/8034] Built Mathlib.NumberTheory.DirichletCharacter.Orthogonality (3.7s)
✔ [6812/8034] Built Mathlib.NumberTheory.ModularForms.EisensteinSeries.Summable (5.8s)
✔ [6813/8034] Built Mathlib.RingTheory.RingHom.Etale (3.7s)
✔ [6814/8034] Built Mathlib.Analysis.Normed.Unbundled.FiniteExtension (5.8s)
✔ [6815/8034] Built Mathlib.RingTheory.WittVector.Verschiebung (3.6s)
✔ [6816/8034] Built Mathlib.RingTheory.Smooth.StandardSmoothOfFree (10s)
✔ [6817/8034] Built Mathlib.RingTheory.WittVector.MulP (3.4s)
✔ [6818/8034] Built Mathlib.MeasureTheory.Group.Arithmetic (9.1s)
✔ [6819/8034] Built Mathlib.MeasureTheory.Measure.PreVariation (3.9s)
✔ [6820/8034] Built Mathlib.RingTheory.WittVector.InitTail (5.2s)
✔ [6821/8034] Built Mathlib.Analysis.Calculus.Deriv.Pi (3.2s)
✔ [6822/8034] Built Mathlib.Combinatorics.SimpleGraph.Triangle.Removal (7.7s)
✔ [6823/8034] Built Mathlib.MeasureTheory.Measure.Complex (3.9s)
✔ [6824/8034] Built Mathlib.MeasureTheory.VectorMeasure.Decomposition.Hahn (4.8s)
✔ [6825/8034] Built Mathlib.RingTheory.WittVector.Frobenius (6.5s)
✔ [6826/8034] Built Mathlib.Geometry.Manifold.ConformalGroupoid (2.8s)
✔ [6827/8034] Built Mathlib.RingTheory.Ideal.Int (3.8s)
✔ [6828/8034] Built Mathlib.MeasureTheory.VectorMeasure.AddContent (7.3s)
✔ [6829/8034] Built Mathlib.Analysis.Calculus.Conformal.InnerProduct (3.1s)
✔ [6830/8034] Built Mathlib.Analysis.Calculus.LocalExtr.Basic (4.0s)
✔ [6831/8034] Built Mathlib.Analysis.Calculus.Deriv.AffineMap (3.6s)
✔ [6832/8034] Built Mathlib.Analysis.Analytic.RadiusLiminf (3.4s)
✔ [6833/8034] Built Mathlib.FieldTheory.LinearDisjoint (20s)
✔ [6834/8034] Built Mathlib.Analysis.Calculus.Deriv.Slope (4.7s)
✔ [6835/8034] Built Mathlib.RepresentationTheory.Tannaka (7.1s)
✔ [6836/8034] Built Mathlib.Analysis.InnerProductSpace.Subspace (5.6s)
✔ [6837/8034] Built Mathlib.RepresentationTheory.Invariants (8.8s)
✔ [6838/8034] Built Mathlib.NumberTheory.ModularForms.CongruenceSubgroups (5.4s)
✔ [6839/8034] Built Mathlib.Analysis.Analytic.OfScalars (6.7s)
✔ [6840/8034] Built Mathlib.Algebra.Lie.Weights.Basic (11s)
✔ [6841/8034] Built Mathlib.Topology.MetricSpace.Kuratowski (4.1s)
✔ [6842/8034] Built Mathlib.FieldTheory.Finite.GaloisField (5.0s)
✔ [6843/8034] Built Mathlib.NumberTheory.ModularForms.SlashInvariantForms (6.4s)
✔ [6844/8034] Built Mathlib.Analysis.Normed.Lp.LpEquiv (5.3s)
✔ [6845/8034] Built Mathlib.AlgebraicGeometry.Restrict (11s)
✔ [6846/8034] Built Mathlib.Analysis.CStarAlgebra.lpSpace (7.6s)
✔ [6847/8034] Built Mathlib.Analysis.Normed.Lp.Matrix (5.1s)
✔ [6848/8034] Built Mathlib.Analysis.Calculus.Deriv.Inverse (4.1s)
✔ [6849/8034] Built Mathlib.Analysis.Calculus.FDeriv.WithLp (4.8s)
✔ [6850/8034] Built Mathlib.Analysis.Calculus.FDeriv.Star (4.8s)
✔ [6851/8034] Built Mathlib.Analysis.Calculus.InverseFunctionTheorem.FDeriv (4.7s)
✔ [6852/8034] Built Mathlib.FieldTheory.AbelRuffini (5.1s)
✔ [6853/8034] Built Mathlib.Dynamics.Ergodic.Ergodic (3.0s)
✔ [6854/8034] Built Mathlib.FieldTheory.AbsoluteGaloisGroup (2.9s)
✔ [6855/8034] Built Mathlib.Analysis.Calculus.InverseFunctionTheorem.FiniteDimensional (3.4s)
✔ [6856/8034] Built Mathlib.Analysis.CStarAlgebra.ContinuousFunctionalCalculus.Restrict (11s)
✔ [6857/8034] Built Mathlib.NumberTheory.RamificationInertia.Basic (19s)
✔ [6858/8034] Built Mathlib.NumberTheory.LSeries.Basic (4.4s)
✔ [6859/8034] Built Mathlib.NumberTheory.Cyclotomic.CyclotomicCharacter (5.9s)
✔ [6860/8034] Built Mathlib.AlgebraicGeometry.EllipticCurve.IsomOfJ (6.5s)
✔ [6861/8034] Built Mathlib.Analysis.Complex.Conformal (5.8s)
✔ [6862/8034] Built Mathlib.Analysis.PSeriesComplex (3.6s)
✔ [6863/8034] Built Mathlib.Analysis.Normed.Affine.AsymptoticCone (3.7s)
✔ [6864/8034] Built Mathlib.Analysis.LocallyConvex.Montel (5.5s)
✔ [6865/8034] Built Mathlib.RingTheory.RootsOfUnity.Lemmas (3.0s)
✔ [6866/8034] Built Mathlib.Analysis.Normed.Affine.AddTorsorBases (3.0s)
✔ [6867/8034] Built Mathlib.Analysis.RCLike.Lemmas (4.1s)
✔ [6868/8034] Built Mathlib.Probability.ProbabilityMassFunction.Constructions (4.1s)
✔ [6869/8034] Built Mathlib.MeasureTheory.Order.Group.Lattice (3.2s)
✔ [6870/8034] Built Mathlib.MeasureTheory.Group.Pointwise (3.2s)
✔ [6871/8034] Built Mathlib.Analysis.CStarAlgebra.ContinuousFunctionalCalculus.Unique (18s)
✔ [6872/8034] Built Mathlib.Analysis.Normed.Unbundled.InvariantExtension (4.6s)
✔ [6873/8034] Built Mathlib.FieldTheory.SeparableClosure (12s)
✔ [6874/8034] Built Mathlib.RingTheory.RingHom.StandardSmooth (5.4s)
✔ [6875/8034] Built Mathlib.Topology.VectorBundle.Riemannian (30s)
✔ [6876/8034] Built Mathlib.MeasureTheory.VectorMeasure.Variation.Defs (2.0s)
✔ [6877/8034] Built Mathlib.Analysis.Calculus.FDeriv.CompCLM (21s)
✔ [6878/8034] Built Mathlib.RingTheory.WittVector.Truncated (4.3s)
✔ [6879/8034] Built Mathlib.Analysis.Calculus.LocalExtr.Rolle (2.8s)
✔ [6880/8034] Built Mathlib.RingTheory.WittVector.Identities (3.4s)
✔ [6881/8034] Built Mathlib.MeasureTheory.VectorMeasure.Decomposition.Jordan (4.0s)
✔ [6882/8034] Built Mathlib.MeasureTheory.Constructions.BorelSpace.Basic (6.3s)
✔ [6883/8034] Built Mathlib.Analysis.Analytic.Basic (25s)
✔ [6884/8034] Built Mathlib.MeasureTheory.Group.MeasurableEquiv (6.6s)
✔ [6885/8034] Built Mathlib.Combinatorics.Additive.Corner.Roth (5.8s)
✔ [6886/8034] Built Mathlib.RepresentationTheory.Character (4.1s)
✔ [6887/8034] Built Mathlib.Geometry.Euclidean.Angle.Unoriented.Basic (4.6s)
✔ [6888/8034] Built Mathlib.FieldTheory.Cardinality (3.1s)
✔ [6889/8034] Built Mathlib.FieldTheory.Finite.Extension (3.7s)
✔ [6890/8034] Built Mathlib.Analysis.SpecialFunctions.OrdinaryHypergeometric (6.0s)
✔ [6891/8034] Built Mathlib.Analysis.Calculus.ContDiff.FTaylorSeries (24s)
✔ [6892/8034] Built Mathlib.RingTheory.Smooth.NoetherianDescent (14s)
✔ [6893/8034] Built Mathlib.Analysis.InnerProductSpace.Orthogonal (9.4s)
✔ [6894/8034] Built Mathlib.LinearAlgebra.RootSystem.Hom (15s)
✔ [6895/8034] Built Mathlib.NumberTheory.ModularForms.Cusps (8.4s)
✔ [6896/8034] Built Mathlib.NumberTheory.ModularForms.EisensteinSeries.Defs (6.2s)
✔ [6897/8034] Built Mathlib.Algebra.Lie.Weights.Cartan (8.6s)
✔ [6898/8034] Built Mathlib.Analysis.Calculus.InverseFunctionTheorem.Deriv (3.4s)
✔ [6899/8034] Built Mathlib.Algebra.Lie.Weights.Linear (8.5s)
✔ [6900/8034] Built Mathlib.Analysis.Calculus.Deriv.Star (4.2s)
✔ [6901/8034] Built Mathlib.Topology.MetricSpace.GromovHausdorff (9.4s)
✔ [6902/8034] Built Mathlib.Analysis.Calculus.LagrangeMultipliers (4.2s)
✔ [6903/8034] Built Mathlib.NumberTheory.LSeries.Convergence (3.4s)
✔ [6904/8034] Built Mathlib.NumberTheory.LSeries.Linearity (3.5s)
✔ [6905/8034] Built Mathlib.RingTheory.Localization.AtPrime.Extension (4.0s)
✔ [6906/8034] Built Mathlib.Algebra.Lie.LieTheorem (11s)
✔ [6907/8034] Built Mathlib.AlgebraicGeometry.Gluing (11s)
✔ [6908/8034] Built Mathlib.Probability.ProbabilityMassFunction.Binomial (3.5s)
✔ [6909/8034] Built Mathlib.Analysis.Normed.Affine.Convex (5.2s)
✔ [6910/8034] Built Mathlib.Analysis.Convex.Intrinsic (5.4s)
✔ [6911/8034] Built Mathlib.Analysis.Normed.Module.HahnBanach (5.8s)
✔ [6912/8034] Built Mathlib.Analysis.Complex.Tietze (5.8s)
✔ [6913/8034] Built Mathlib.Analysis.CStarAlgebra.ContinuousFunctionalCalculus.Pi (5.1s)
✔ [6914/8034] Built Mathlib.RepresentationTheory.Homological.GroupCohomology.LowDegree (16s)
✔ [6915/8034] Built Mathlib.AlgebraicGeometry.GammaSpecAdjunction (11s)
✔ [6916/8034] Built Mathlib.Analysis.Calculus.Implicit (10s)
✔ [6917/8034] Built Mathlib.RingTheory.RingHom.LocallyStandardSmooth (3.1s)
✔ [6918/8034] Built Mathlib.FieldTheory.Galois.GaloisClosure (5.6s)
✔ [6919/8034] Built Mathlib.RingTheory.WittVector.Domain (2.8s)
✔ [6920/8034] Built Mathlib.RingTheory.WittVector.Compare (3.8s)
✔ [6921/8034] Built Mathlib.MeasureTheory.VectorMeasure.Decomposition.JordanSub (3.1s)
✔ [6922/8034] Built Mathlib.Analysis.Normed.Lp.MeasurableSpace (3.3s)
✔ [6923/8034] Built Mathlib.Analysis.SpecialFunctions.Log.ENNRealLogExp (3.2s)
✔ [6924/8034] Built Mathlib.MeasureTheory.Function.SpecialFunctions.Arctan (3.1s)
✔ [6925/8034] Built Mathlib.MeasureTheory.Constructions.BorelSpace.Complex (3.1s)
✔ [6926/8034] Built Mathlib.RingTheory.WittVector.MulCoeff (6.7s)
✔ [6927/8034] Built Mathlib.MeasureTheory.Constructions.BorelSpace.ContinuousLinearMap (3.9s)
✔ [6928/8034] Built Mathlib.MeasureTheory.Constructions.BorelSpace.Metric (3.7s)
✔ [6929/8034] Built Mathlib.MeasureTheory.Constructions.ClosedCompactCylinders (3.1s)
✔ [6930/8034] Built Mathlib.RepresentationTheory.Homological.GroupHomology.LowDegree (24s)
✔ [6931/8034] Built Mathlib.Topology.Baire.BaireMeasurable (3.7s)
✔ [6932/8034] Built Mathlib.MeasureTheory.Constructions.BorelSpace.WithTop (3.2s)
✔ [6933/8034] Built Mathlib.MeasureTheory.Constructions.BorelSpace.Order (6.6s)
✔ [6934/8034] Built Mathlib.FieldTheory.PurelyInseparable.Basic (8.7s)
✔ [6935/8034] Built Mathlib.Dynamics.Ergodic.Conservative (3.2s)
✔ [6936/8034] Built Mathlib.MeasureTheory.Measure.OpenPos (3.1s)
✔ [6937/8034] Built Mathlib.FieldTheory.SeparablyGenerated (11s)
✔ [6938/8034] Built Mathlib.Analysis.SpecialFunctions.ContinuousFunctionalCalculus.PosPart.Basic (13s)
✔ [6939/8034] Built Mathlib.Analysis.Normed.Unbundled.SpectralNorm (13s)
✔ [6940/8034] Built Mathlib.MeasureTheory.Covering.Vitali (4.8s)
✔ [6941/8034] Built Mathlib.Geometry.Euclidean.Angle.Unoriented.Conformal (3.0s)
✔ [6942/8034] Built Mathlib.LinearAlgebra.RootSystem.RootPairingCat (2.9s)
✔ [6943/8034] Built Mathlib.RingTheory.Smooth.Flat (3.4s)
✔ [6944/8034] Built Mathlib.MeasureTheory.Measure.Regular (4.8s)
✔ [6945/8034] Built Mathlib.RingTheory.DedekindDomain.Factorization (18s)
✔ [6946/8034] Built Mathlib.LinearAlgebra.RootSystem.WeylGroup (3.6s)
✔ [6947/8034] Built Mathlib.Geometry.Euclidean.PerpBisector (4.0s)
✔ [6948/8034] Built Mathlib.RepresentationTheory.FinGroupCharZero (5.0s)
✔ [6949/8034] Built Mathlib.Geometry.Euclidean.Angle.Unoriented.Affine (5.1s)
✔ [6950/8034] Built Mathlib.NumberTheory.ModularForms.Identities (3.4s)
✔ [6951/8034] Built Mathlib.NumberTheory.ModularForms.EisensteinSeries.UniformConvergence (3.5s)
✔ [6952/8034] Built Mathlib.Analysis.InnerProductSpace.Symmetric (5.0s)
✔ [6953/8034] Built Mathlib.NumberTheory.LSeries.Convolution (3.5s)
✔ [6954/8034] Built Mathlib.NumberTheory.ModularForms.BoundedAtCusp (4.8s)
✔ [6955/8034] Built Mathlib.NumberTheory.LSeries.Injectivity (4.4s)
✔ [6956/8034] Built Mathlib.Algebra.Lie.Semisimple.Lemmas (4.5s)
✔ [6957/8034] Built Mathlib.Algebra.Lie.Weights.Chain (6.7s)
✔ [6958/8034] Built Mathlib.Analysis.Analytic.ChangeOrigin (10s)
✔ [6959/8034] Built Mathlib.Analysis.Convex.Continuous (6.0s)
✔ [6960/8034] Built Mathlib.RingTheory.WittVector.Complete (3.8s)
✔ [6961/8034] Built Mathlib.RepresentationTheory.Homological.GroupCohomology.FiniteCyclic (6.6s)
✔ [6962/8034] Built Mathlib.Analysis.Asymptotics.ExpGrowth (5.4s)
✔ [6963/8034] Built Mathlib.MeasureTheory.Function.SpecialFunctions.Inner (4.3s)
✔ [6964/8034] Built Mathlib.MeasureTheory.Function.SpecialFunctions.RCLike (4.8s)
✔ [6965/8034] Built Mathlib.Analysis.Normed.Module.Dual (9.5s)
✔ [6966/8034] Built Mathlib.FieldTheory.Galois.Infinite (8.4s)
✔ [6967/8034] Built Mathlib.RingTheory.WittVector.DiscreteValuationRing (4.9s)
✔ [6968/8034] Built Mathlib.MeasureTheory.Function.Floor (3.9s)
✔ [6969/8034] Built Mathlib.Topology.EMetricSpace.PairReduction (9.6s)
✔ [6970/8034] Built Mathlib.MeasureTheory.Constructions.Polish.Basic (6.9s)
✔ [6971/8034] Built Mathlib.MeasureTheory.Function.AEMeasurableOrder (5.8s)
✔ [6972/8034] Built Mathlib.MeasureTheory.Function.EssSup (4.8s)
✔ [6973/8034] Built Mathlib.MeasureTheory.Constructions.BorelSpace.Real (6.0s)
✔ [6974/8034] Built Mathlib.MeasureTheory.Measure.Stieltjes (7.6s)
✔ [6975/8034] Built Mathlib.FieldTheory.Galois.Profinite (14s)
✔ [6976/8034] Built Mathlib.RepresentationTheory.Homological.GroupHomology.FiniteCyclic (11s)
✔ [6977/8034] Built Mathlib.Algebra.Lie.TraceForm (18s)
✔ [6978/8034] Built Mathlib.FieldTheory.JacobsonNoether (7.5s)
✔ [6979/8034] Built Mathlib.MeasureTheory.Function.SimpleFunc (13s)
✔ [6980/8034] Built Mathlib.FieldTheory.PurelyInseparable.Exponent (6.3s)
✔ [6981/8034] Built Mathlib.RepresentationTheory.Homological.GroupCohomology.Functoriality (20s)
✔ [6982/8034] Built Mathlib.AlgebraicGeometry.ProjectiveSpectrum.Scheme (20s)
✔ [6983/8034] Built Mathlib.MeasureTheory.Measure.Support (5.7s)
✔ [6984/8034] Built Mathlib.FieldTheory.PurelyInseparable.PerfectClosure (9.9s)
✔ [6985/8034] Built Mathlib.AlgebraicGeometry.AffineScheme (22s)
✔ [6986/8034] Built Mathlib.RingTheory.Trace.Basic (11s)
✔ [6987/8034] Built Mathlib.NumberTheory.Padics.Complex (6.7s)
✔ [6988/8034] Built Mathlib.MeasureTheory.Measure.ContinuousPreimage (3.9s)
✔ [6989/8034] Built Mathlib.RingTheory.Spectrum.Prime.Homeomorph (9.9s)
✔ [6990/8034] Built Mathlib.FieldTheory.IsPerfectClosure (8.6s)
✔ [6991/8034] Built Mathlib.MeasureTheory.Measure.RegularityCompacts (3.8s)
✔ [6992/8034] Built Mathlib.MeasureTheory.Group.Action (7.5s)
✔ [6993/8034] Built Mathlib.RingTheory.Unramified.Field (9.2s)
✔ [6994/8034] Built Mathlib.MeasureTheory.Measure.Content (5.2s)
✔ [6995/8034] Built Mathlib.Topology.Algebra.Ring.Compact (4.7s)
✔ [6996/8034] Built Mathlib.Geometry.Euclidean.Inversion.ImageHyperplane (3.8s)
✔ [6997/8034] Built Mathlib.Geometry.Euclidean.Basic (4.8s)
✔ [6998/8034] Built Mathlib.LinearAlgebra.RootSystem.Irreducible (6.4s)
✔ [6999/8034] Built Mathlib.NumberTheory.ModularForms.EisensteinSeries.IsBoundedAtImInfty (4.2s)
✔ [7000/8034] Built Mathlib.Geometry.Euclidean.Angle.Unoriented.RightAngle (5.1s)
✔ [7001/8034] Built Mathlib.RingTheory.WittVector.TeichmullerSeries (4.8s)
✔ [7002/8034] Built Mathlib.MeasureTheory.Constructions.Polish.EmbeddingReal (3.6s)
✔ [7003/8034] Built Mathlib.Geometry.Euclidean.Simplex (5.0s)
✔ [7004/8034] Built Mathlib.Dynamics.TopologicalEntropy.CoverEntropy (4.6s)
✔ [7005/8034] Built Mathlib.FieldTheory.Galois.Abelian (4.2s)
✔ [7006/8034] Built Mathlib.MeasureTheory.Constructions.BorelSpace.Metrizable (3.6s)
✔ [7007/8034] Built Mathlib.MeasureTheory.Function.SpecialFunctions.Basic (4.1s)
✔ [7008/8034] Built Mathlib.Algebra.Lie.Killing (4.1s)
✔ [7009/8034] Built Mathlib.Analysis.Normed.Algebra.Exponential (9.9s)
✔ [7010/8034] Built Mathlib.Analysis.Normed.Module.WeakDual (8.7s)
✔ [7011/8034] Built Mathlib.RingTheory.WittVector.FrobeniusFractionField (8.8s)
✔ [7012/8034] Built Mathlib.MeasureTheory.Integral.Lebesgue.Basic (6.3s)
✔ [7013/8034] Built Mathlib.RepresentationTheory.Homological.GroupCohomology.LongExactSequence (5.9s)
✔ [7014/8034] Built Mathlib.FieldTheory.CardinalEmb (25s)
✔ [7015/8034] Built Mathlib.RingTheory.DedekindDomain.IntegralClosure (5.3s)
✔ [7016/8034] Built Mathlib.RingTheory.Discriminant (5.0s)
✔ [7017/8034] Built Mathlib.FieldTheory.Finite.Trace (3.4s)
✔ [7018/8034] Built Mathlib.FieldTheory.PurelyInseparable.Tower (8.1s)
✔ [7019/8034] Built Mathlib.Analysis.InnerProductSpace.Projection.Basic (13s)
✔ [7020/8034] Built Mathlib.MeasureTheory.Group.AEStabilizer (3.5s)
✔ [7021/8034] Built Mathlib.MeasureTheory.Group.FoelnerFilter (4.4s)
✔ [7022/8034] Built Mathlib.RepresentationTheory.Homological.GroupHomology.Functoriality (33s)
✔ [7023/8034] Built Mathlib.Analysis.Analytic.CPolynomialDef (15s)
✔ [7024/8034] Built Mathlib.FieldTheory.NormalizedTrace (7.1s)
✔ [7025/8034] Built Mathlib.Dynamics.TopologicalEntropy.Semiconj (3.6s)
✔ [7026/8034] Built Mathlib.Dynamics.TopologicalEntropy.NetEntropy (3.5s)
✔ [7027/8034] Built Mathlib.MeasureTheory.Function.SimpleFuncDense (3.6s)
✔ [7028/8034] Built Mathlib.Geometry.Euclidean.Sphere.Basic (4.7s)
✔ [7029/8034] Built Mathlib.AlgebraicGeometry.ProjectiveSpectrum.Basic (13s)
✔ [7030/8034] Built Mathlib.Algebra.Lie.Derivation.Killing (4.4s)
✔ [7031/8034] Built Mathlib.Analysis.CStarAlgebra.Exponential (3.7s)
✔ [7032/8034] Built Mathlib.MeasureTheory.Integral.Lebesgue.Norm (2.6s)
✔ [7033/8034] Built Mathlib.MeasureTheory.Integral.RieszMarkovKakutani.Basic (8.1s)
✔ [7034/8034] Built Mathlib.RingTheory.Perfectoid.FontaineTheta (6.8s)
✔ [7035/8034] Built Mathlib.RingTheory.Unramified.LocalRing (9.5s)
✔ [7036/8034] Built Mathlib.MeasureTheory.Integral.Lebesgue.Add (3.8s)
✔ [7037/8034] Built Mathlib.RingTheory.Etale.Field (10s)
✔ [7038/8034] Built Mathlib.AlgebraicGeometry.Pullbacks (16s)
✔ [7039/8034] Built Mathlib.RingTheory.Localization.NormTrace (3.0s)
✔ [7040/8034] Built Mathlib.Dynamics.Ergodic.Action.Basic (2.8s)
✔ [7041/8034] Built Mathlib.NumberTheory.ClassNumber.Finite (6.4s)
✔ [7042/8034] Built Mathlib.Dynamics.TopologicalEntropy.Subset (2.9s)
✔ [7043/8034] Built Mathlib.RepresentationTheory.Homological.GroupHomology.LongExactSequence (4.6s)
✔ [7044/8034] Built Mathlib.Analysis.InnerProductSpace.Projection.Reflection (5.5s)
✔ [7045/8034] Built Mathlib.Analysis.InnerProductSpace.Projection.Submodule (5.4s)
✔ [7046/8034] Built Mathlib.Analysis.Normed.Algebra.Spectrum (10s)
✔ [7047/8034] Built Mathlib.NumberTheory.NumberField.Basic (7.3s)
✔ [7048/8034] Built Mathlib.Analysis.Analytic.Linear (6.3s)
✔ [7049/8034] Built Mathlib.Geometry.Euclidean.Sphere.SecondInter (4.4s)
✔ [7050/8034] Built Mathlib.RingTheory.WittVector.Isocrystal (10s)
✔ [7051/8034] Built Mathlib.Analysis.Normed.Algebra.TrivSqZeroExt (12s)
✔ [7052/8034] Built Mathlib.MeasureTheory.Function.StronglyMeasurable.Basic (5.0s)
✔ [7053/8034] Built Mathlib.MeasureTheory.Integral.Lebesgue.Map (2.9s)
✔ [7054/8034] Built Mathlib.MeasureTheory.Integral.Lebesgue.Sub (3.0s)
✔ [7055/8034] Built Mathlib.MeasureTheory.Integral.Lebesgue.Markov (2.0s)
✔ [7056/8034] Built Mathlib.RingTheory.Perfectoid.BDeRham (4.3s)
✔ [7057/8034] Built Mathlib.NumberTheory.RamificationInertia.Unramified (4.3s)
✔ [7058/8034] Built Mathlib.MeasureTheory.Integral.MeanInequalities (4.8s)
✔ [7059/8034] Built Mathlib.RingTheory.Smooth.Field (3.7s)
✔ [7060/8034] Built Mathlib.Analysis.InnerProductSpace.Semisimple (3.6s)
✔ [7061/8034] Built Mathlib.LinearAlgebra.RootSystem.Finite.Lemmas (19s)
✔ [7062/8034] Built Mathlib.Analysis.InnerProductSpace.MeanErgodic (4.5s)
✔ [7063/8034] Built Mathlib.RingTheory.FractionalIdeal.Norm (6.3s)
✔ [7064/8034] Built Mathlib.Analysis.Normed.Algebra.Basic (3.9s)
✔ [7065/8034] Built Mathlib.Analysis.Analytic.Composition (12s)
✔ [7066/8034] Built Mathlib.Algebra.Lie.Weights.Killing (12s)
✔ [7067/8034] Built Mathlib.AlgebraicGeometry.Modules.Tilde (30s)
✔ [7068/8034] Built Mathlib.Topology.Algebra.Valued.WithVal (3.7s)
✔ [7069/8034] Built Mathlib.NumberTheory.NumberField.Norm (3.9s)
✔ [7070/8034] Built Mathlib.Analysis.Analytic.WithLp (2.7s)
✔ [7071/8034] Built Mathlib.Analysis.InnerProductSpace.Projection.FiniteDimensional (8.3s)
✔ [7072/8034] Built Mathlib.Analysis.Normed.Algebra.DualNumber (3.1s)
✔ [7073/8034] Built Mathlib.NumberTheory.NumberField.Discriminant.Defs (3.2s)
✔ [7074/8034] Built Mathlib.Analysis.InnerProductSpace.Dual (9.1s)
✔ [7075/8034] Built Mathlib.NumberTheory.NumberField.Ideal.KummerDedekind (6.5s)
✔ [7076/8034] Built Mathlib.MeasureTheory.Constructions.Polish.StronglyMeasurable (2.7s)
✔ [7077/8034] Built Mathlib.Probability.Distributions.Geometric (2.7s)
✔ [7078/8034] Built Mathlib.MeasureTheory.Function.Egorov (2.0s)
✔ [7079/8034] Built Mathlib.AlgebraicGeometry.Limits (12s)
✔ [7080/8034] Built Mathlib.MeasureTheory.Integral.Lebesgue.DominatedConvergence (2.9s)
✔ [7081/8034] Built Mathlib.MeasureTheory.Integral.Lebesgue.Countable (4.1s)
✔ [7082/8034] Built Mathlib.MeasureTheory.Function.StronglyMeasurable.AEStronglyMeasurable (5.7s)
✔ [7083/8034] Built Mathlib.Analysis.InnerProductSpace.Projection (3.1s)
✔ [7084/8034] Built Mathlib.RingTheory.NormalClosure (25s)
✔ [7085/8034] Built Mathlib.NumberTheory.NumberField.FractionalIdeal (6.7s)
✔ [7086/8034] Built Mathlib.Geometry.Euclidean.Sphere.OrthRadius (4.1s)
✔ [7087/8034] Built Mathlib.Geometry.Euclidean.Projection (15s)
✔ [7088/8034] Built Mathlib.LinearAlgebra.RootSystem.Chain (7.4s)
✔ [7089/8034] Built Mathlib.Analysis.InnerProductSpace.WeakOperatorTopology (3.3s)
✔ [7090/8034] Built Mathlib.NumberTheory.Padics.WithVal (6.5s)
✔ [7091/8034] Built Mathlib.MeasureTheory.Integral.Indicator (2.6s)
✔ [7092/8034] Built Mathlib.Analysis.InnerProductSpace.LaxMilgram (4.2s)
✔ [7093/8034] Built Mathlib.MeasureTheory.Measure.GiryMonad (3.1s)
✔ [7094/8034] Built Mathlib.AlgebraicGeometry.Morphisms.Basic (4.6s)
✔ [7095/8034] Built Mathlib.Probability.Process.Kolmogorov (3.3s)
✔ [7096/8034] Built Mathlib.MeasureTheory.Function.LpSeminorm.Defs (3.2s)
✔ [7097/8034] Built Mathlib.AlgebraicGeometry.Properties (5.7s)
✔ [7098/8034] Built Mathlib.Analysis.Calculus.Gradient.Basic (6.5s)
✔ [7099/8034] Built Mathlib.MeasureTheory.Function.StronglyMeasurable.Inner (2.8s)
✔ [7100/8034] Built Mathlib.MeasureTheory.Function.StronglyMeasurable.ENNReal (2.6s)
✔ [7101/8034] Built Mathlib.MeasureTheory.Function.Piecewise (3.2s)
✔ [7102/8034] Built Mathlib.RingTheory.DedekindDomain.AdicValuation (13s)
✔ [7103/8034] Built Mathlib.Analysis.Analytic.Inverse (14s)
✔ [7104/8034] Built Mathlib.Geometry.Euclidean.Angle.Unoriented.Projection (3.2s)
✔ [7105/8034] Built Mathlib.Analysis.CStarAlgebra.ContinuousFunctionalCalculus.Instances (21s)
✔ [7106/8034] Built Mathlib.Algebra.Lie.Weights.RootSystem (14s)
✔ [7107/8034] Built Mathlib.RingTheory.IntegralClosure.IntegralRestrict (26s)
✔ [7108/8034] Built Mathlib.MeasureTheory.Function.AEEqFun (7.2s)
✔ [7109/8034] Built Mathlib.MeasureTheory.Category.MeasCat (3.1s)
✔ [7110/8034] Built Mathlib.RingTheory.Smooth.Fiber (28s)
✔ [7111/8034] Built Mathlib.Geometry.Euclidean.Sphere.Tangent (5.6s)
✔ [7112/8034] Built Mathlib.Probability.Kernel.Disintegration.MeasurableStieltjes (3.4s)
✔ [7113/8034] Built Mathlib.Probability.Kernel.Defs (4.4s)
✔ [7114/8034] Built Mathlib.AlgebraicGeometry.Morphisms.LocalClosure (4.4s)
✔ [7115/8034] Built Mathlib.Analysis.Calculus.FDeriv.Measurable (11s)
✔ [7116/8034] Built Mathlib.AlgebraicGeometry.Cover.Sigma (4.4s)
✔ [7117/8034] Built Mathlib.Geometry.Euclidean.SignedDist (9.3s)
✔ [7118/8034] Built Mathlib.AlgebraicGeometry.LimitsOver (5.4s)
✔ [7119/8034] Built Mathlib.Geometry.Euclidean.Altitude (8.2s)
✔ [7120/8034] Built Mathlib.MeasureTheory.Measure.Prod (7.5s)
✔ [7121/8034] Built Mathlib.LinearAlgebra.RootSystem.Base (8.4s)
✔ [7122/8034] Built Mathlib.AlgebraicGeometry.FunctionField (4.9s)
✔ [7123/8034] Built Mathlib.FieldTheory.RatFunc.AsPolynomial (4.8s)
✔ [7124/8034] Built Mathlib.Geometry.Euclidean.Circumcenter (10s)
✔ [7125/8034] Built Mathlib.AlgebraicGeometry.Morphisms.Constructors (6.4s)
✔ [7126/8034] Built Mathlib.RingTheory.DedekindDomain.GaussLemma (3.5s)
✔ [7127/8034] Built Mathlib.RingTheory.DedekindDomain.SInteger (3.7s)
✔ [7128/8034] Built Mathlib.Analysis.CStarAlgebra.Projection (2.9s)
✔ [7129/8034] Built Mathlib.RingTheory.DedekindDomain.FiniteAdeleRing (3.8s)
✔ [7130/8034] Built Mathlib.RingTheory.DedekindDomain.SelmerGroup (4.9s)
✔ [7131/8034] Built Mathlib.RingTheory.Valuation.Discrete.Basic (5.0s)
✔ [7132/8034] Built Mathlib.Dynamics.Ergodic.Function (2.4s)
✔ [7133/8034] Built Mathlib.RepresentationTheory.Homological.GroupCohomology.Hilbert90 (4.3s)
✔ [7134/8034] Built Mathlib.Analysis.Analytic.Constructions (26s)
✔ [7135/8034] Built Mathlib.AlgebraicGeometry.Morphisms.LocalIso (3.3s)
✔ [7136/8034] Built Mathlib.Probability.Kernel.Basic (3.8s)
✔ [7137/8034] Built Mathlib.Geometry.Euclidean.Sphere.Power (3.0s)
✔ [7138/8034] Built Mathlib.Analysis.CStarAlgebra.ContinuousFunctionalCalculus.Commute (6.2s)
✔ [7139/8034] Built Mathlib.Analysis.CStarAlgebra.ContinuousFunctionalCalculus.Range (8.0s)
✔ [7140/8034] Built Mathlib.RingTheory.Trace.Quotient (6.9s)
✔ [7141/8034] Built Mathlib.MeasureTheory.Group.Convolution (4.1s)
✔ [7142/8034] Built Mathlib.NumberTheory.Padics.HeightOneSpectrum (14s)
✔ [7143/8034] Built Mathlib.RingTheory.Invariant.Basic (7.7s)
✔ [7144/8034] Built Mathlib.MeasureTheory.Function.LpSeminorm.Basic (8.0s)
✔ [7145/8034] Built Mathlib.Analysis.InnerProductSpace.PiL2 (30s)
✔ [7146/8034] Built Mathlib.FieldTheory.Laurent (3.4s)
✔ [7147/8034] Built Mathlib.RingTheory.Polynomial.Cyclotomic.Basic (5.0s)
✔ [7148/8034] Built Mathlib.FieldTheory.RatFunc.Degree (3.3s)
✔ [7149/8034] Built Mathlib.Algebra.Lie.Weights.IsSimple (12s)
✔ [7150/8034] Built Mathlib.MeasureTheory.Group.Measure (9.1s)
✔ [7151/8034] Built Mathlib.LinearAlgebra.RootSystem.CartanMatrix (8.3s)
✔ [7152/8034] Built Mathlib.AlgebraicGeometry.Morphisms.UnderlyingMap (4.5s)
✔ [7153/8034] Built Mathlib.Analysis.Analytic.Polynomial (4.1s)
✔ [7154/8034] Built Mathlib.LinearAlgebra.RootSystem.BaseExists (11s)
✔ [7155/8034] Built Mathlib.Analysis.Analytic.Uniqueness (5.4s)
✔ [7156/8034] Built Mathlib.Probability.Kernel.MeasurableLIntegral (3.4s)
✔ [7157/8034] Built Mathlib.Analysis.Analytic.Within (3.0s)
✔ [7158/8034] Built Mathlib.Geometry.Euclidean.MongePoint (8.6s)
✔ [7159/8034] Built Mathlib.AlgebraicGeometry.Morphisms.RingHomProperties (7.7s)
✔ [7160/8034] Built Mathlib.AlgebraicGeometry.EllipticCurve.Reduction (7.7s)
✔ [7161/8034] Built Mathlib.Probability.Kernel.Composition.CompNotation (3.0s)
✔ [7162/8034] Built Mathlib.Probability.Kernel.Composition.MapComap (5.0s)
✔ [7163/8034] Built Mathlib.Analysis.CStarAlgebra.ContinuousFunctionalCalculus.Isometric (21s)
✔ [7164/8034] Built Mathlib.MeasureTheory.Function.LpSeminorm.Trim (2.8s)
✔ [7165/8034] Built Mathlib.MeasureTheory.Function.LpSeminorm.Prod (2.7s)
✔ [7166/8034] Built Mathlib.Probability.Independence.Kernel.Indep (5.0s)
✔ [7167/8034] Built Mathlib.RingTheory.Frobenius (4.5s)
✔ [7168/8034] Built Mathlib.RingTheory.LaurentSeries (14s)
✔ [7169/8034] Built Mathlib.Geometry.Euclidean.Incenter (18s)
✔ [7170/8034] Built Mathlib.MeasureTheory.Function.LpSeminorm.TriangleInequality (3.7s)
✔ [7171/8034] Built Mathlib.Analysis.SpecialFunctions.ContinuousFunctionalCalculus.Rpow.Basic (24s)
✔ [7172/8034] Built Mathlib.MeasureTheory.Function.LpSeminorm.Monotonicity (3.9s)
✔ [7173/8034] Built Mathlib.MeasureTheory.Function.LpSeminorm.ChebyshevMarkov (3.3s)
✔ [7174/8034] Built Mathlib.FieldTheory.Galois.IsGaloisGroup (6.8s)
✔ [7175/8034] Built Mathlib.MeasureTheory.Function.LpSeminorm.Indicator (3.7s)
✔ [7176/8034] Built Mathlib.LinearAlgebra.RootSystem.Finite.G2 (18s)
✔ [7177/8034] Built Mathlib.Geometry.Euclidean.Angle.Unoriented.CrossProduct (3.2s)
✔ [7178/8034] Built Mathlib.Analysis.Analytic.CPolynomial (13s)
✔ [7179/8034] Built Mathlib.Topology.Category.TopCat.Sphere (3.7s)
✔ [7180/8034] Built Mathlib.Analysis.InnerProductSpace.MulOpposite (3.0s)
✔ [7181/8034] Built Mathlib.RingTheory.LocalRing.ResidueField.Polynomial (17s)
✔ [7182/8034] Built Mathlib.Analysis.Matrix.Hermitian (3.7s)
✔ [7183/8034] Built Mathlib.Analysis.Quaternion (5.1s)
✔ [7184/8034] Built Mathlib.Analysis.InnerProductSpace.CanonicalTensor (3.3s)
✔ [7185/8034] Built Mathlib.Analysis.RCLike.Inner (4.5s)
✔ [7186/8034] Built Mathlib.MeasureTheory.Group.LIntegral (3.0s)
✔ [7187/8034] Built Mathlib.Analysis.InnerProductSpace.GramSchmidtOrtho (5.1s)
✔ [7188/8034] Built Mathlib.RingTheory.Polynomial.Cyclotomic.Roots (4.8s)
✔ [7189/8034] Built Mathlib.NumberTheory.FunctionField (4.8s)
✔ [7190/8034] Built Mathlib.MeasureTheory.Measure.EverywherePos (4.4s)
✔ [7191/8034] Built Mathlib.Analysis.InnerProductSpace.ProdL2 (8.4s)
✔ [7192/8034] Built Mathlib.MeasureTheory.Constructions.Pi (6.5s)
✔ [7193/8034] Built Mathlib.Analysis.Matrix.Normed (7.7s)
✔ [7194/8034] Built Mathlib.MeasureTheory.Group.Prod (6.1s)
✔ [7195/8034] Built Mathlib.Analysis.InnerProductSpace.l2Space (10s)
✔ [7196/8034] Built Mathlib.AlgebraicGeometry.Morphisms.OpenImmersion (4.5s)
✔ [7197/8034] Built Mathlib.Probability.Kernel.Composition.Comp (3.2s)
✔ [7198/8034] Built Mathlib.AlgebraicGeometry.Morphisms.FiniteType (3.3s)
✔ [7199/8034] Built Mathlib.RingTheory.Invariant.Profinite (16s)
✔ [7200/8034] Built Mathlib.Probability.Kernel.Composition.ParallelComp (3.1s)
✔ [7201/8034] Built Mathlib.AlgebraicGeometry.Morphisms.QuasiCompact (5.4s)
✔ [7202/8034] Built Mathlib.Probability.Kernel.Proper (4.7s)
✔ [7203/8034] Built Mathlib.AlgebraicGeometry.Cover.Over (7.7s)
✔ [7204/8034] Built Mathlib.Analysis.SpecialFunctions.ContinuousFunctionalCalculus.PosPart.Isometric (3.8s)
✔ [7205/8034] Built Mathlib.MeasureTheory.Function.LpSeminorm.SMul (3.9s)
✔ [7206/8034] Built Mathlib.Topology.CWComplex.Abstract.Basic (3.4s)
✔ [7207/8034] Built Mathlib.Analysis.Fourier.FiniteAbelian.Orthogonality (4.1s)
✔ [7208/8034] Built Mathlib.LinearAlgebra.RootSystem.GeckConstruction.Basic (11s)
✔ [7209/8034] Built Mathlib.AlgebraicGeometry.Morphisms.SurjectiveOnStalks (8.0s)
✔ [7210/8034] Built Mathlib.RingTheory.Polynomial.Cyclotomic.Factorization (4.4s)
✔ [7211/8034] Built Mathlib.RingTheory.Polynomial.Cyclotomic.Expand (3.9s)
✔ [7212/8034] Built Mathlib.NumberTheory.RamificationInertia.Galois (7.3s)
✔ [7213/8034] Built Mathlib.Analysis.InnerProductSpace.Orientation (6.1s)
✔ [7214/8034] Built Mathlib.Analysis.Distribution.DerivNotation (8.1s)
✔ [7215/8034] Built Mathlib.NumberTheory.ClassNumber.FunctionField (4.1s)
✔ [7216/8034] Built Mathlib.RingTheory.Polynomial.Cyclotomic.Eval (6.6s)
✔ [7217/8034] Built Mathlib.Analysis.Matrix (3.9s)
✔ [7218/8034] Built Mathlib.Dynamics.Ergodic.Action.Regular (3.5s)
✔ [7219/8034] Built Mathlib.Analysis.Normed.Algebra.MatrixExponential (5.0s)
✔ [7220/8034] Built Mathlib.MeasureTheory.Integral.Marginal (4.2s)
✔ [7221/8034] Built Mathlib.RingTheory.QuasiFinite.Polynomial (11s)
✔ [7222/8034] Built Mathlib.Probability.Kernel.Irreducible (2.8s)
✔ [7223/8034] Built Mathlib.Probability.Kernel.Composition.CompMap (2.6s)
✔ [7224/8034] Built Mathlib.AlgebraicGeometry.Morphisms.IsIso (3.3s)
✔ [7225/8034] Built Mathlib.Probability.Decision.Risk.Defs (3.1s)
✔ [7226/8034] Built Mathlib.Analysis.LConvolution (3.8s)
✔ [7227/8034] Built Mathlib.MeasureTheory.Measure.Haar.Basic (5.9s)
✔ [7228/8034] Built Mathlib.NumberTheory.SiegelsLemma (8.1s)
✔ [7229/8034] Built Mathlib.LinearAlgebra.RootSystem.GeckConstruction.Lemmas (14s)
✔ [7230/8034] Built Mathlib.Probability.Kernel.Composition.CompProd (4.3s)
✔ [7231/8034] Built Mathlib.RingTheory.DedekindDomain.Different (32s)
✔ [7232/8034] Built Mathlib.AlgebraicGeometry.Morphisms.Preimmersion (3.6s)
✔ [7233/8034] Built Mathlib.Combinatorics.Additive.Randomisation (4.6s)
✔ [7234/8034] Built Mathlib.MeasureTheory.Function.LpSeminorm.CompareExp (5.2s)
✔ [7235/8034] Built Mathlib.NumberTheory.Cyclotomic.Basic (14s)
✔ [7236/8034] Built Mathlib.Analysis.CStarAlgebra.ContinuousFunctionalCalculus.Continuity (19s)
✔ [7237/8034] Built Mathlib.Analysis.Fourier.FiniteAbelian.PontryaginDuality (6.2s)
✔ [7238/8034] Built Mathlib.NumberTheory.PrimesCongruentOne (3.7s)
✔ [7239/8034] Built Mathlib.AlgebraicGeometry.Morphisms.QuasiSeparated (10s)
✔ [7240/8034] Built Mathlib.Probability.Kernel.Composition.Prod (3.0s)
✔ [7241/8034] Built Mathlib.RingTheory.Polynomial.Eisenstein.IsIntegral (9.1s)
✔ [7242/8034] Built Mathlib.Analysis.Calculus.FDeriv.Analytic (23s)
✔ [7243/8034] Built Mathlib.RingTheory.LittleWedderburn (8.4s)
✔ [7244/8034] Built Mathlib.MeasureTheory.Measure.WithDensity (7.2s)
✔ [7245/8034] Built Mathlib.AlgebraicGeometry.IdealSheaf.Basic (12s)
✔ [7246/8034] Built Mathlib.RingTheory.RootsOfUnity.AlgebraicallyClosed (4.2s)
✔ [7247/8034] Built Mathlib.Probability.Kernel.Composition.KernelLemmas (2.9s)
✔ [7248/8034] Built Mathlib.RingTheory.Ideal.Norm.RelNorm (12s)
✔ [7249/8034] Built Mathlib.AlgebraicGeometry.Stalk (6.9s)
✔ [7250/8034] Built Mathlib.Analysis.InnerProductSpace.TwoDim (13s)
✔ [7251/8034] Built Mathlib.MeasureTheory.Measure.Haar.OfBasis (10s)
✔ [7252/8034] Built Mathlib.Analysis.SpecialFunctions.ContinuousFunctionalCalculus.Rpow.Isometric (4.9s)
✔ [7253/8034] Built Mathlib.AlgebraicGeometry.Morphisms.FinitePresentation (3.7s)
✔ [7254/8034] Built Mathlib.NumberTheory.Cyclotomic.PrimitiveRoots (6.6s)
✔ [7255/8034] Built Mathlib.Probability.Kernel.IonescuTulcea.PartialTraj (4.6s)
✔ [7256/8034] Built Mathlib.MeasureTheory.Function.AEEqOfLIntegral (2.7s)
✔ [7257/8034] Built Mathlib.MeasureTheory.Function.L1Space.HasFiniteIntegral (3.7s)
✔ [7258/8034] Built Mathlib.MeasureTheory.Integral.LebesgueNormedSpace (2.5s)
✔ [7259/8034] Built Mathlib.MeasureTheory.Function.StronglyMeasurable.Lemmas (3.2s)
✔ [7260/8034] Built Mathlib.MeasureTheory.Measure.SubFinite (2.7s)
✔ [7261/8034] Built Mathlib.Analysis.SpecialFunctions.Exponential (6.4s)
✔ [7262/8034] Built Mathlib.RingTheory.DedekindDomain.LinearDisjoint (17s)
✔ [7263/8034] Built Mathlib.NumberTheory.Cyclotomic.Gal (3.0s)
✔ [7264/8034] Built Mathlib.LinearAlgebra.RootSystem.GeckConstruction.Relations (19s)
✔ [7265/8034] Built Mathlib.MeasureTheory.Measure.Lebesgue.Basic (5.7s)
✔ [7266/8034] Built Mathlib.MeasureTheory.Function.LpSpace.Basic (16s)
✔ [7267/8034] Built Mathlib.AlgebraicGeometry.ResidueField (7.3s)
✔ [7268/8034] Built Mathlib.Analysis.Calculus.FDeriv.ContinuousMultilinearMap (12s)
✔ [7269/8034] Built Mathlib.Combinatorics.Derangements.Exponential (2.9s)
✔ [7270/8034] Built Mathlib.Analysis.SpecialFunctions.Trigonometric.Series (3.7s)
✔ [7271/8034] Built Mathlib.LinearAlgebra.RootSystem.GeckConstruction.Semisimple (28s)
✔ [7272/8034] Built Mathlib.NumberTheory.Cyclotomic.Discriminant (5.8s)
✔ [7273/8034] Built Mathlib.MeasureTheory.Function.AEEqFun.DomAct (4.5s)
✔ [7274/8034] Built Mathlib.Probability.Distributions.Poisson (3.3s)
✔ [7275/8034] Built Mathlib.AlgebraicGeometry.IdealSheaf.Subscheme (11s)
✔ [7276/8034] Built Mathlib.MeasureTheory.Measure.Decomposition.Lebesgue (6.0s)
✔ [7277/8034] Built Mathlib.Analysis.InnerProductSpace.Adjoint (56s)
✔ [7278/8034] Built Mathlib.Geometry.Euclidean.Angle.Oriented.Basic (12s)
✔ [7279/8034] Built Mathlib.NumberTheory.NumberField.Cyclotomic.Galois (3.6s)
✔ [7280/8034] Built Mathlib.Analysis.BoxIntegral.Partition.Measure (3.4s)
✔ [7281/8034] Built Mathlib.Analysis.SpecialFunctions.ContinuousFunctionalCalculus.Abs (13s)
✔ [7282/8034] Built Mathlib.MeasureTheory.Function.LpSpace.Complete (4.1s)
✔ [7283/8034] Built Mathlib.Analysis.SpecialFunctions.ContinuousFunctionalCalculus.ExpLog.Basic (7.4s)
✔ [7284/8034] Built Mathlib.MeasureTheory.Function.LpSpace.Indicator (5.3s)
✔ [7285/8034] Built Mathlib.Probability.Kernel.Composition.MeasureCompProd (4.0s)
✔ [7286/8034] Built Mathlib.Analysis.Normed.Algebra.QuaternionExponential (4.6s)
✔ [7287/8034] Built Mathlib.MeasureTheory.Function.LpSpace.ContinuousFunctions (6.7s)
✔ [7288/8034] Built Mathlib.Analysis.CStarAlgebra.ContinuousLinearMap (3.8s)
✔ [7289/8034] Built Mathlib.AlgebraicGeometry.PullbackCarrier (6.4s)
✔ [7290/8034] Built Mathlib.Analysis.Convex.Cone.InnerDual (4.9s)
✔ [7291/8034] Built Mathlib.Analysis.Calculus.ContDiff.Defs (25s)
✔ [7292/8034] Built Mathlib.MeasureTheory.Measure.Hausdorff (9.2s)
✔ [7293/8034] Built Mathlib.MeasureTheory.Measure.Lebesgue.EqHaar (10s)
✔ [7294/8034] Built Mathlib.Analysis.Calculus.ContDiff.FaaDiBruno (26s)
✔ [7295/8034] Built Mathlib.Analysis.SpecialFunctions.ContinuousFunctionalCalculus.ExpLog (2.9s)
✔ [7296/8034] Built Mathlib.Analysis.VonNeumannAlgebra.Basic (7.1s)
✔ [7297/8034] Built Mathlib.MeasureTheory.Function.ConvergenceInMeasure (4.1s)
✔ [7298/8034] Built Mathlib.Probability.Kernel.Composition.MeasureComp (3.6s)
✔ [7299/8034] Built Mathlib.Analysis.InnerProductSpace.LinearPMap (7.9s)
✔ [7300/8034] Built Mathlib.Probability.Kernel.Disintegration.Basic (4.1s)
✔ [7301/8034] Built Mathlib.AlgebraicGeometry.Sites.Pretopology (3.6s)
✔ [7302/8034] Built Mathlib.MeasureTheory.Function.LpSpace.DomAct.Basic (6.5s)
✔ [7303/8034] Built Mathlib.AlgebraicGeometry.Morphisms.Affine (5.4s)
✔ [7304/8034] Built Mathlib.Analysis.Calculus.ContDiff.CPolynomial (3.5s)
✔ [7305/8034] Built Mathlib.AlgebraicGeometry.Morphisms.UniversallyInjective (3.0s)
✔ [7306/8034] Built Mathlib.Geometry.Euclidean.Angle.Oriented.Rotation (9.8s)
✔ [7307/8034] Built Mathlib.Analysis.Calculus.FDeriv.Mul (32s)
✔ [7308/8034] Built Mathlib.Analysis.Calculus.IteratedDeriv.Defs (5.5s)
✔ [7309/8034] Built Mathlib.Analysis.Calculus.ContDiff.RestrictScalars (5.3s)
✔ [7310/8034] Built Mathlib.Analysis.Convex.Measure (3.7s)
✔ [7311/8034] Built Mathlib.RingTheory.ZariskisMainTheorem (43s)
✔ [7312/8034] Built Mathlib.Analysis.BoxIntegral.Basic (11s)
✔ [7313/8034] Built Mathlib.Probability.Decision.Risk.Basic (3.7s)
✔ [7314/8034] Built Mathlib.MeasureTheory.Function.LpOrder (4.2s)
✔ [7315/8034] Built Mathlib.Probability.Kernel.Composition.Lemmas (2.9s)
✔ [7316/8034] Built Mathlib.Probability.Kernel.Invariance (2.0s)
✔ [7317/8034] Built Mathlib.AlgebraicGeometry.Cover.Directed (9.1s)
✔ [7318/8034] Built Mathlib.MeasureTheory.Measure.Haar.InnerProductSpace (6.0s)
✔ [7319/8034] Built Mathlib.Analysis.Calculus.FDeriv.ContinuousAlternatingMap (18s)
✔ [7320/8034] Built Mathlib.AlgebraicGeometry.Sites.BigZariski (3.2s)
✔ [7321/8034] Built Mathlib.AlgebraicGeometry.Fiber (3.7s)
✔ [7322/8034] Built Mathlib.Analysis.Calculus.DSlope (3.5s)
✔ [7323/8034] Built Mathlib.Analysis.Calculus.DiffContOnCl (3.9s)
✔ [7324/8034] Built Mathlib.Probability.Independence.Kernel.IndepFun (8.4s)
✔ [7325/8034] Built Mathlib.AlgebraicGeometry.Morphisms.AffineAnd (5.1s)
✔ [7326/8034] Built Mathlib.AlgebraicGeometry.Sites.Small (6.2s)
✔ [7327/8034] Built Mathlib.Analysis.Calculus.InverseFunctionTheorem.Analytic (3.9s)
✔ [7328/8034] Built Mathlib.AlgebraicGeometry.Cover.QuasiCompact (6.3s)
✔ [7329/8034] Built Mathlib.Analysis.Calculus.IteratedDeriv.ConvergenceOnBall (4.1s)
✔ [7330/8034] Built Mathlib.Analysis.Calculus.ContDiff.Basic (13s)
✔ [7331/8034] Built Mathlib.Analysis.InnerProductSpace.TensorProduct (21s)
✔ [7332/8034] Built Mathlib.AlgebraicGeometry.GluingOneHypercover (3.3s)
✔ [7333/8034] Built Mathlib.MeasureTheory.Measure.Lebesgue.Complex (3.0s)
✔ [7334/8034] Built Mathlib.AlgebraicGeometry.Geometrically.Basic (3.7s)
✔ [7335/8034] Built Mathlib.AlgebraicGeometry.RelativeGluing (4.9s)
✔ [7336/8034] Built Mathlib.Analysis.BoxIntegral.DivergenceTheorem (5.4s)
✔ [7337/8034] Built Mathlib.Geometry.Euclidean.Angle.Oriented.Affine (10s)
✔ [7338/8034] Built Mathlib.Probability.Independence.Kernel (2.7s)
✔ [7339/8034] Built Mathlib.Analysis.CStarAlgebra.Matrix (23s)
✔ [7340/8034] Built Mathlib.Analysis.Calculus.FDeriv.Pow (9.0s)
✔ [7341/8034] Built Mathlib.AlgebraicGeometry.Morphisms.Descent (3.9s)
✔ [7342/8034] Built Mathlib.AlgebraicGeometry.Sites.QuasiCompact (3.5s)
✔ [7343/8034] Built Mathlib.Probability.Independence.Basic (6.3s)
✔ [7344/8034] Built Mathlib.AlgebraicGeometry.Morphisms.ClosedImmersion (6.0s)
✔ [7345/8034] Built Mathlib.AlgebraicGeometry.Sites.Representability (5.1s)
✔ [7346/8034] Built Mathlib.Analysis.Analytic.IsolatedZeros (9.2s)
✔ [7347/8034] Built Mathlib.MeasureTheory.Function.L1Space.Integrable (11s)
✔ [7348/8034] Built Mathlib.Analysis.Calculus.Deriv.Mul (15s)
✔ [7349/8034] Built Mathlib.Geometry.Euclidean.Triangle (6.1s)
✔ [7350/8034] Built Mathlib.Geometry.Euclidean.Angle.Oriented.Projection (4.3s)
✔ [7351/8034] Built Mathlib.AlgebraicGeometry.Sites.SmallAffineZariski (7.8s)
✔ [7352/8034] Built Mathlib.LinearAlgebra.Matrix.Permutation (4.6s)
✔ [7353/8034] Built Mathlib.AlgebraicGeometry.IdealSheaf.Functorial (4.1s)
✔ [7354/8034] Built Mathlib.Probability.Independence.Process (4.3s)
✔ [7355/8034] Built Mathlib.Analysis.Calculus.Deriv.Pow (4.6s)
✔ [7356/8034] Built Mathlib.Analysis.Calculus.ContDiff.Comp (10s)
✔ [7357/8034] Built Mathlib.Geometry.Euclidean.Angle.Oriented.RightAngle (8.3s)
✔ [7358/8034] Built Mathlib.AlgebraicGeometry.Morphisms.Separated (5.4s)
✔ [7359/8034] Built Mathlib.Probability.Independence.Integrable (3.4s)
✔ [7360/8034] Built Mathlib.AlgebraicGeometry.Morphisms.UniversallyClosed (7.4s)
✔ [7361/8034] Built Mathlib.MeasureTheory.Function.UniformIntegrable (6.4s)
✔ [7362/8034] Built Mathlib.Probability.Moments.IntegrableExpMul (6.0s)
✔ [7363/8034] Built Mathlib.MeasureTheory.Function.L1Space.AEEqFun (5.1s)
✔ [7364/8034] Built Mathlib.Analysis.Calculus.Deriv.CompMul (3.5s)
✔ [7365/8034] Built Mathlib.Analysis.Calculus.Darboux (3.6s)
✔ [7366/8034] Built Mathlib.Analysis.Calculus.Deriv.MeanValue (5.4s)
✔ [7367/8034] Built Mathlib.Analysis.InnerProductSpace.Coalgebra (16s)
✔ [7368/8034] Built Mathlib.Probability.Distributions.Fernique (8.9s)
✔ [7369/8034] Built Mathlib.MeasureTheory.Integral.IntegrableOn (6.5s)
✔ [7370/8034] Built Mathlib.Geometry.Euclidean.Sphere.Ptolemy (3.4s)
✔ [7371/8034] Built Mathlib.Analysis.Calculus.Deriv.Inv (4.9s)
✔ [7372/8034] Built Mathlib.Geometry.Euclidean.Congruence (3.6s)
✔ [7373/8034] Built Mathlib.RingTheory.Unramified.LocalStructure (25s)
✔ [7374/8034] Built Mathlib.LinearAlgebra.Matrix.Swap (3.2s)
✔ [7375/8034] Built Mathlib.Analysis.Calculus.MeanValue (8.8s)
✔ [7376/8034] Built Mathlib.Analysis.Calculus.LineDeriv.Basic (6.7s)
✔ [7377/8034] Built Mathlib.Analysis.Calculus.Deriv.Polynomial (4.5s)
✔ [7378/8034] Built Mathlib.LinearAlgebra.Matrix.Stochastic (5.1s)
✔ [7379/8034] Built Mathlib.Geometry.Euclidean.Similarity (5.9s)
✔ [7380/8034] Built Mathlib.Analysis.Calculus.ContDiffHolder.Pointwise (4.0s)
✔ [7381/8034] Built Mathlib.Analysis.Calculus.IteratedDeriv.FaaDiBruno (5.1s)
✔ [7382/8034] Built Mathlib.AlgebraicGeometry.ColimitsOver (20s)
✔ [7383/8034] Built Mathlib.Analysis.Calculus.ContDiff.Deriv (3.6s)
✔ [7384/8034] Built Mathlib.AlgebraicGeometry.Morphisms.Integral (3.6s)
✔ [7385/8034] Built Mathlib.Geometry.Euclidean.Angle.Unoriented.TriangleInequality (8.5s)
✔ [7386/8034] Built Mathlib.AlgebraicGeometry.Morphisms.Immersion (4.7s)
✔ [7387/8034] Built Mathlib.AlgebraicGeometry.Morphisms.FormallyUnramified (4.6s)
✔ [7388/8034] Built Mathlib.Analysis.Calculus.Deriv.Shift (3.1s)
✔ [7389/8034] Built Mathlib.MeasureTheory.SpecificCodomains.ContinuousMap (3.2s)
✔ [7390/8034] Built Mathlib.Geometry.Euclidean.Angle.Sphere (6.5s)
✔ [7391/8034] Built Mathlib.MeasureTheory.Function.UnifTight (4.2s)
✔ [7392/8034] Built Mathlib.Analysis.Calculus.DerivativeTest (4.5s)
✔ [7393/8034] Built Mathlib.Analysis.Calculus.LHopital (4.3s)
✔ [7394/8034] Built Mathlib.MeasureTheory.Function.LocallyIntegrable (6.2s)
✔ [7395/8034] Built Mathlib.Analysis.Convex.Deriv (7.2s)
✔ [7396/8034] Built Mathlib.Analysis.Calculus.ContDiff.RCLike (5.1s)
✔ [7397/8034] Built Mathlib.Analysis.Calculus.LocalExtr.LineDeriv (4.2s)
✔ [7398/8034] Built Mathlib.Analysis.Calculus.LineDeriv.Measurable (4.1s)
✔ [7399/8034] Built Mathlib.Analysis.Calculus.LineDeriv.QuadraticMap (4.3s)
✔ [7400/8034] Built Mathlib.Analysis.Calculus.FDeriv.Extend (5.3s)
✔ [7401/8034] Built Mathlib.Analysis.Calculus.UniformLimitsDeriv (6.1s)
✔ [7402/8034] Built Mathlib.Analysis.Calculus.LocalExtr.Polynomial (3.1s)
✔ [7403/8034] Built Mathlib.NumberTheory.Transcendental.Liouville.Basic (4.7s)
✔ [7404/8034] Built Mathlib.AlgebraicGeometry.Morphisms.Finite (4.0s)
✔ [7405/8034] Built Mathlib.Analysis.Convex.DoublyStochasticMatrix (4.8s)
✔ [7406/8034] Built Mathlib.MeasureTheory.SpecificCodomains.ContinuousMapZero (3.4s)
✔ [7407/8034] Built Mathlib.AlgebraicGeometry.Noetherian (4.3s)
✔ [7408/8034] Built Mathlib.AlgebraicGeometry.PointsPi (4.5s)
✔ [7409/8034] Built Mathlib.AlgebraicGeometry.QuasiAffine (4.4s)
✔ [7410/8034] Built Mathlib.Geometry.Euclidean.Angle.Bisector (14s)
✔ [7411/8034] Built Mathlib.Analysis.Calculus.Deriv.ZPow (4.6s)
✔ [7412/8034] Built Mathlib.Analysis.SpecialFunctions.Pochhammer (3.5s)
✔ [7413/8034] Built Mathlib.MeasureTheory.Function.SimpleFuncDenseLp (14s)
✔ [7414/8034] Built Mathlib.Analysis.Calculus.Taylor (6.4s)
✔ [7415/8034] Built Mathlib.Geometry.Euclidean.NinePointCircle (5.3s)
✔ [7416/8034] Built Mathlib.AlgebraicGeometry.Morphisms.Flat (46s)
✔ [7417/8034] Built Mathlib.Topology.Algebra.InfiniteSum.TsumUniformlyOn (3.2s)
✔ [7418/8034] Built Mathlib.NumberTheory.Transcendental.Liouville.Residual (2.9s)
✔ [7419/8034] Built Mathlib.NumberTheory.Transcendental.Liouville.LiouvilleNumber (3.3s)
✔ [7420/8034] Built Mathlib.NumberTheory.Transcendental.Liouville.LiouvilleWith (3.6s)
✔ [7421/8034] Built Mathlib.AlgebraicGeometry.Morphisms.Proper (3.4s)
✔ [7422/8034] Built Mathlib.AlgebraicGeometry.AlgClosed.Basic (3.2s)
✔ [7423/8034] Built Mathlib.Topology.MetricSpace.HausdorffDimension (4.7s)
✔ [7424/8034] Built Mathlib.AlgebraicGeometry.Artinian (3.6s)
✔ [7425/8034] Built Mathlib.Analysis.Calculus.IteratedDeriv.WithinZpow (2.6s)
✔ [7426/8034] Built Mathlib.AlgebraicGeometry.SpreadingOut (4.3s)
✔ [7427/8034] Built Mathlib.Analysis.Convex.Birkhoff (4.0s)
✔ [7428/8034] Built Mathlib.MeasureTheory.Function.StronglyMeasurable.Lp (2.9s)
✔ [7429/8034] Built Mathlib.RingTheory.Etale.QuasiFinite (45s)
✔ [7430/8034] Built Mathlib.MeasureTheory.Function.LpSpace.ContinuousCompMeasurePreserving (3.4s)
✔ [7431/8034] Built Mathlib.AlgebraicGeometry.Morphisms.UniversallyOpen (3.5s)
✔ [7432/8034] Built Mathlib.Analysis.Calculus.LogDeriv (4.9s)
✔ [7433/8034] Built Mathlib.AlgebraicGeometry.Morphisms.SchemeTheoreticallyDominant (3.9s)
✔ [7434/8034] Built Mathlib.NumberTheory.Transcendental.Liouville.Measure (3.5s)
✔ [7435/8034] Built Mathlib.Analysis.Calculus.ContDiff.Operations (25s)
✔ [7436/8034] Built Mathlib.MeasureTheory.Measure.SeparableMeasure (6.3s)
✔ [7437/8034] Built Mathlib.MeasureTheory.Function.LpSpace.DomAct.Continuous (3.3s)
✔ [7438/8034] Built Mathlib.MeasureTheory.Integral.FinMeasAdditive (6.4s)
✔ [7439/8034] Built Mathlib.AlgebraicGeometry.Geometrically.Irreducible (3.2s)
✔ [7440/8034] Built Mathlib.AlgebraicGeometry.ValuativeCriterion (5.3s)
✔ [7441/8034] Built Mathlib.AlgebraicGeometry.Geometrically.Reduced (3.4s)
✔ [7442/8034] Built Mathlib.AlgebraicGeometry.Morphisms.FlatDescent (3.9s)
✔ [7443/8034] Built Mathlib.Analysis.Calculus.ContDiff.Polynomial (2.5s)
✔ [7444/8034] Built Mathlib.AlgebraicGeometry.Morphisms.Smooth (6.9s)
✔ [7445/8034] Built Mathlib.AlgebraicGeometry.RationalMap (6.4s)
✔ [7446/8034] Built Mathlib.MeasureTheory.Function.ConditionalExpectation.AEMeasurable (6.6s)
✔ [7447/8034] Built Mathlib.Analysis.Calculus.InverseFunctionTheorem.ContDiff (2.9s)
✔ [7448/8034] Built Mathlib.AlgebraicGeometry.Morphisms.QuasiFinite (8.3s)
✔ [7449/8034] Built Mathlib.Analysis.Calculus.ContDiff.FiniteDimension (3.4s)
✔ [7450/8034] Built Mathlib.Analysis.Calculus.ContDiff.WithLp (3.9s)
✔ [7451/8034] Built Mathlib.Analysis.SpecialFunctions.Sqrt (3.9s)
✔ [7452/8034] Built Mathlib.Analysis.InnerProductSpace.Laplacian (6.7s)
✔ [7453/8034] Built Mathlib.Analysis.Calculus.AddTorsor.AffineMap (2.8s)
✔ [7454/8034] Built Mathlib.Analysis.Calculus.BumpFunction.Basic (3.8s)
✔ [7455/8034] Built Mathlib.RingTheory.Smooth.IntegralClosure (27s)
✔ [7456/8034] Built Mathlib.Geometry.Manifold.IsManifold.Basic (7.3s)
✔ [7457/8034] Built Mathlib.Analysis.Complex.RealDeriv (4.3s)
✔ [7458/8034] Built Mathlib.Analysis.Calculus.SmoothSeries (6.6s)
✔ [7459/8034] Built Mathlib.AlgebraicGeometry.Geometrically.Integral (3.5s)
✔ [7460/8034] Built Mathlib.AlgebraicGeometry.Morphisms.FlatMono (3.4s)
✔ [7461/8034] Built Mathlib.AlgebraicGeometry.Group.Smooth (3.8s)
✔ [7462/8034] Built Mathlib.AlgebraicGeometry.AffineSpace (19s)
✔ [7463/8034] Built Mathlib.AlgebraicGeometry.Morphisms.Etale (3.7s)
✔ [7464/8034] Built Mathlib.Analysis.Calculus.AddTorsor.Coord (2.8s)
✔ [7465/8034] Built Mathlib.Analysis.Analytic.IteratedFDeriv (7.8s)
✔ [7466/8034] Built Mathlib.Analysis.InnerProductSpace.Harmonic.Basic (3.5s)
✔ [7467/8034] Built Mathlib.Analysis.Calculus.ImplicitContDiff (5.2s)
✔ [7468/8034] Built Mathlib.Geometry.Manifold.Metrizable (2.7s)
✔ [7469/8034] Built Mathlib.AlgebraicGeometry.Sites.Etale (2.9s)
✔ [7470/8034] Built Mathlib.Analysis.Calculus.ContDiff.Bounds (11s)
✔ [7471/8034] Built Mathlib.Geometry.Manifold.LocalSourceTargetProperty (3.5s)
✔ [7472/8034] Built Mathlib.Analysis.Calculus.IteratedDeriv.Lemmas (15s)
✔ [7473/8034] Built Mathlib.Geometry.Manifold.IsManifold.ExtChartAt (5.5s)
✔ [7474/8034] Built Mathlib.Analysis.InnerProductSpace.Calculus (7.7s)
✔ [7475/8034] Built Mathlib.AlgebraicGeometry.ProjectiveSpectrum.Proper (9.0s)
✔ [7476/8034] Built Mathlib.Geometry.Manifold.MFDeriv.Defs (3.8s)
✔ [7477/8034] Built Mathlib.Geometry.Manifold.IsManifold.InteriorBoundary (4.0s)
✔ [7478/8034] Built Mathlib.Analysis.SpecialFunctions.ExpDeriv (5.2s)
✔ [7479/8034] Built Mathlib.Analysis.InnerProductSpace.EuclideanDist (4.8s)
✔ [7480/8034] Built Mathlib.Analysis.Calculus.Deriv.Abs (5.3s)
✔ [7481/8034] Built Mathlib.Geometry.Euclidean.Inversion.Calculus (5.8s)
✔ [7482/8034] Built Mathlib.Analysis.InnerProductSpace.Rayleigh (5.9s)
✔ [7483/8034] Built Mathlib.AlgebraicGeometry.AffineTransitionLimit (29s)
✔ [7484/8034] Built Mathlib.Analysis.Calculus.FDeriv.Symmetric (9.9s)
✔ [7485/8034] Built Mathlib.Geometry.Manifold.ContMDiff.Defs (7.3s)
✔ [7486/8034] Built Mathlib.Analysis.Analytic.Order (8.1s)
✔ [7487/8034] Built Mathlib.Geometry.Manifold.Bordism (4.4s)
✔ [7488/8034] Built Mathlib.RingTheory.Polynomial.Hermite.Gaussian (3.1s)
✔ [7489/8034] Built Mathlib.Geometry.Manifold.Immersion (8.8s)
✔ [7490/8034] Built Mathlib.Analysis.SpecialFunctions.SmoothTransition (3.5s)
✔ [7491/8034] Built Mathlib.Analysis.SpecialFunctions.MulExpNegMulSq (3.3s)
✔ [7492/8034] Built Mathlib.Analysis.SpecialFunctions.Sigmoid (4.2s)
✔ [7493/8034] Built Mathlib.Analysis.ODE.Gronwall (4.5s)
✔ [7494/8034] Built Mathlib.Geometry.Manifold.Instances.Real (7.5s)
✔ [7495/8034] Built Mathlib.Analysis.SpecialFunctions.Trigonometric.DerivHyp (7.4s)
✔ [7496/8034] Built Mathlib.Analysis.SpecialFunctions.Trigonometric.Deriv (7.5s)
✔ [7497/8034] Built Mathlib.Analysis.Calculus.FDeriv.Norm (5.1s)
✔ [7498/8034] Built Mathlib.Geometry.Diffeology.Basic (5.7s)
✔ [7499/8034] Built Mathlib.Analysis.Distribution.ContDiffMapSupportedIn (29s)
✔ [7500/8034] Built Mathlib.Analysis.Calculus.BumpFunction.InnerProduct (3.2s)
✔ [7501/8034] Built Mathlib.Analysis.SpecialFunctions.Log.Deriv (9.9s)
✔ [7502/8034] Built Mathlib.MeasureTheory.Integral.SetToL1 (25s)
✔ [7503/8034] Built Mathlib.Geometry.Manifold.ContMDiff.Basic (5.0s)
✔ [7504/8034] Built Mathlib.Analysis.SpecialFunctions.Trigonometric.ComplexDeriv (3.1s)
✔ [7505/8034] Built Mathlib.Analysis.InnerProductSpace.Spectrum (7.8s)
✔ [7506/8034] Built Mathlib.Analysis.SpecialFunctions.Arcosh (3.9s)
✔ [7507/8034] Built Mathlib.Analysis.SpecialFunctions.Arsinh (4.0s)
✔ [7508/8034] Built Mathlib.Analysis.SpecialFunctions.Trigonometric.InverseDeriv (3.7s)
✔ [7509/8034] Built Mathlib.Geometry.Manifold.Notation (7.1s)
✔ [7510/8034] Built Mathlib.Analysis.Calculus.DifferentialForm.Basic (8.5s)
✔ [7511/8034] Built Mathlib.Analysis.Complex.ExponentialBounds (3.3s)
✔ [7512/8034] Built Mathlib.Analysis.Calculus.VectorField (9.6s)
✔ [7513/8034] Built Mathlib.Analysis.Convex.SpecificFunctions.Deriv (3.4s)
✔ [7514/8034] Built Mathlib.Analysis.SpecialFunctions.Log.InvLog (3.1s)
✔ [7515/8034] Built Mathlib.Analysis.SpecialFunctions.Log.NegMulLog (3.3s)
✔ [7516/8034] Built Mathlib.Analysis.Meromorphic.Basic (8.0s)
✔ [7517/8034] Built Mathlib.Geometry.Manifold.ContMDiff.Atlas (3.8s)
✔ [7518/8034] Built Mathlib.Analysis.SpecialFunctions.Trigonometric.ArctanDeriv (3.9s)
✔ [7519/8034] Built Mathlib.Analysis.InnerProductSpace.Trace (3.7s)
✔ [7520/8034] Built Mathlib.NumberTheory.Harmonic.EulerMascheroni (3.4s)
✔ [7521/8034] Built Mathlib.Analysis.InnerProductSpace.JointEigenspace (4.3s)
✔ [7522/8034] Built Mathlib.Geometry.Manifold.ContMDiff.Constructions (7.1s)
✔ [7523/8034] Built Mathlib.Analysis.Complex.UpperHalfPlane.Metric (5.1s)
✔ [7524/8034] Built Mathlib.Analysis.Calculus.DifferentialForm.VectorField (3.8s)
✔ [7525/8034] Built Mathlib.Analysis.Matrix.Spectrum (6.7s)
✔ [7526/8034] Built Mathlib.NumberTheory.Bertrand (4.5s)
✔ [7527/8034] Built Mathlib.AlgebraicGeometry.Normalization (29s)
✔ [7528/8034] Built Mathlib.Combinatorics.Additive.AP.Three.Behrend (5.6s)
✔ [7529/8034] Built Mathlib.Analysis.SpecialFunctions.Trigonometric.Chebyshev.RootsExtrema (8.8s)
✔ [7530/8034] Built Mathlib.Analysis.Distribution.TestFunction (11s)
✔ [7531/8034] Built Mathlib.Analysis.Meromorphic.IsolatedZeros (3.3s)
✔ [7532/8034] Built Mathlib.Analysis.SpecialFunctions.Complex.LogDeriv (3.9s)
✔ [7533/8034] Built Mathlib.Analysis.SpecialFunctions.BinaryEntropy (5.4s)
✔ [7534/8034] Built Mathlib.Geometry.Manifold.MFDeriv.Basic (17s)
✔ [7535/8034] Built Mathlib.Analysis.SpecialFunctions.Trigonometric.Bounds (4.2s)
✔ [7536/8034] Built Mathlib.MeasureTheory.Integral.Bochner.L1 (11s)
✔ [7537/8034] Built Mathlib.Analysis.Matrix.PosDef (4.5s)
✔ [7538/8034] Built Mathlib.Combinatorics.Extremal.RuzsaSzemeredi (4.9s)
✔ [7539/8034] Built Mathlib.Analysis.Distribution.Distribution (3.7s)
✔ [7540/8034] Built Mathlib.Analysis.Meromorphic.Order (6.4s)
✔ [7541/8034] Built Mathlib.NumberTheory.EulerProduct.ExpLog (3.4s)
✔ [7542/8034] Built Mathlib.Analysis.Matrix.HermitianFunctionalCalculus (6.4s)
✔ [7543/8034] Built Mathlib.Analysis.SpecialFunctions.Trigonometric.Sinc (2.9s)
✔ [7544/8034] Built Mathlib.Geometry.Manifold.MFDeriv.FDeriv (3.5s)
✔ [7545/8034] Built Mathlib.Analysis.InnerProductSpace.Positive (12s)
✔ [7546/8034] Built Mathlib.Analysis.Complex.CoveringMap (4.6s)
✔ [7547/8034] Built Mathlib.Analysis.Complex.Angle (3.6s)
✔ [7548/8034] Built Mathlib.Analysis.Real.Pi.Bounds (4.2s)
✔ [7549/8034] Built Mathlib.Analysis.Matrix.LDL (3.6s)
✔ [7550/8034] Built Mathlib.MeasureTheory.Function.SpecialFunctions.Sinc (3.1s)
✔ [7551/8034] Built Mathlib.Computability.AkraBazzi.SumTransform (13s)
✔ [7552/8034] Built Mathlib.Analysis.Meromorphic.Divisor (4.8s)
✔ [7553/8034] Built Mathlib.Analysis.Meromorphic.TrailingCoefficient (4.8s)
✔ [7554/8034] Built Mathlib.Analysis.SpecialFunctions.Pow.Deriv (8.3s)
✔ [7555/8034] Built Mathlib.Geometry.Manifold.Instances.Icc (4.2s)
✔ [7556/8034] Built Mathlib.AlgebraicGeometry.ZariskisMainTheorem (10s)
✔ [7557/8034] Built Mathlib.Analysis.Meromorphic.NormalForm (3.1s)
✔ [7558/8034] Built Mathlib.Analysis.InnerProductSpace.NormPow (3.1s)
✔ [7559/8034] Built Mathlib.MeasureTheory.Integral.Bochner.Basic (9.4s)
✔ [7560/8034] Built Mathlib.Analysis.Matrix.Order (9.8s)
✔ [7561/8034] Built Mathlib.Geometry.Manifold.ContMDiff.NormedSpace (16s)
✔ [7562/8034] Built Mathlib.Probability.Integration (3.0s)
✔ [7563/8034] Built Mathlib.Data.Real.Pi.Leibniz (3.2s)
✔ [7564/8034] Built Mathlib.Analysis.NormedSpace.MultipliableUniformlyOn (3.4s)
✔ [7565/8034] Built Mathlib.Analysis.Real.Pi.Chudnovsky (3.3s)
✔ [7566/8034] Built Mathlib.NumberTheory.Cyclotomic.Embeddings (3.3s)
✔ [7567/8034] Built Mathlib.Probability.ProbabilityMassFunction.Integrals (3.5s)
✔ [7568/8034] Built Mathlib.MeasureTheory.Integral.CompactlySupported (4.1s)
✔ [7569/8034] Built Mathlib.MeasureTheory.Function.ContinuousMapDense (4.3s)
✔ [7570/8034] Built Mathlib.MeasureTheory.Integral.Bochner.VitaliCaratheodory (4.9s)
✔ [7571/8034] Built Mathlib.Analysis.Meromorphic.FactorizedRational (5.5s)
✔ [7572/8034] Built Mathlib.Probability.Kernel.Integral (3.2s)
✔ [7573/8034] Built Mathlib.Data.Real.Pi.Irrational (2.8s)
✔ [7574/8034] Built Mathlib.NumberTheory.NumberField.Completion (2.8s)
✔ [7575/8034] Built Mathlib.Data.Real.Pi.Wallis (2.8s)
✔ [7576/8034] Built Mathlib.Analysis.InnerProductSpace.Harmonic.Analytic (2.7s)
✔ [7577/8034] Built Mathlib.Computability.AkraBazzi.AkraBazzi (9.6s)
✔ [7578/8034] Built Mathlib.MeasureTheory.Integral.BoundedContinuousFunction (3.4s)
✔ [7579/8034] Built Mathlib.MeasureTheory.Function.LpSeminorm.LpNorm (4.3s)
✔ [7580/8034] Built Mathlib.MeasureTheory.Group.Integral (3.6s)
✔ [7581/8034] Built Mathlib.Combinatorics.SimpleGraph.LapMatrix (3.4s)
✔ [7582/8034] Built Mathlib.Geometry.Manifold.ContMDiffMap (2.8s)
✔ [7583/8034] Built Mathlib.MeasureTheory.Measure.HasOuterApproxClosed (2.2s)
✔ [7584/8034] Built Mathlib.Geometry.Manifold.MFDeriv.SpecificFunctions (16s)
✔ [7585/8034] Built Mathlib.Geometry.Manifold.VectorBundle.FiberwiseLinear (4.3s)
✔ [7586/8034] Built Mathlib.MeasureTheory.Integral.Bochner.Set (9.5s)
✔ [7587/8034] Built Mathlib.Analysis.Normed.Operator.ContinuousAlgEquiv (17s)
✔ [7588/8034] Built Mathlib.MeasureTheory.Function.Holder (8.1s)
✔ [7589/8034] Built Mathlib.Probability.Kernel.SetIntegral (2.4s)
✔ [7590/8034] Built Mathlib.MeasureTheory.Integral.Regular (2.5s)
✔ [7591/8034] Built Mathlib.MeasureTheory.Integral.Bochner.FundThmCalculus (2.5s)
✔ [7592/8034] Built Mathlib.Geometry.Manifold.Algebra.Monoid (4.0s)
✔ [7593/8034] Built Mathlib.Analysis.BoxIntegral.Integrability (3.7s)
✔ [7594/8034] Built Mathlib.MeasureTheory.Measure.Haar.NormedSpace (3.9s)
✔ [7595/8034] Built Mathlib.MeasureTheory.Integral.Bochner.ContinuousLinearMap (4.7s)
✔ [7596/8034] Built Mathlib.Geometry.Manifold.VectorBundle.Basic (6.3s)
✔ [7597/8034] Built Mathlib.Geometry.Manifold.Algebra.LieGroup (3.4s)
✔ [7598/8034] Built Mathlib.MeasureTheory.Integral.RieszMarkovKakutani.Real (7.9s)
✔ [7599/8034] Built Mathlib.MeasureTheory.Integral.Asymptotics (3.8s)
✔ [7600/8034] Built Mathlib.Probability.Kernel.WithDensity (4.8s)
✔ [7601/8034] Built Mathlib.Geometry.Manifold.VectorBundle.Pullback (3.8s)
✔ [7602/8034] Built Mathlib.MeasureTheory.SpecificCodomains.Pi (5.0s)
✔ [7603/8034] Built Mathlib.Analysis.Calculus.BumpFunction.Normed (5.3s)
✔ [7604/8034] Built Mathlib.MeasureTheory.Function.AEEqOfIntegral (5.4s)
✔ [7605/8034] Built Mathlib.MeasureTheory.Measure.Decomposition.RadonNikodym (5.5s)
✔ [7606/8034] Built Mathlib.MeasureTheory.Function.L2Space (6.4s)
✔ [7607/8034] Built Mathlib.Geometry.Manifold.Instances.UnitsOfNormedAlgebra (4.0s)
✔ [7608/8034] Built Mathlib.Geometry.Manifold.Algebra.Structures (4.1s)
✔ [7609/8034] Built Mathlib.Analysis.CStarAlgebra.ContinuousFunctionalCalculus.Integral (9.6s)
✔ [7610/8034] Built Mathlib.MeasureTheory.SpecificCodomains.WithLp (4.2s)
✔ [7611/8034] Built Mathlib.MeasureTheory.Measure.FiniteMeasure (9.9s)
✔ [7612/8034] Built Mathlib.MeasureTheory.VectorMeasure.WithDensity (4.6s)
✔ [7613/8034] Built Mathlib.MeasureTheory.Function.ConditionalExpectation.Unique (4.3s)
✔ [7614/8034] Built Mathlib.MeasureTheory.Integral.Average (10s)
✔ [7615/8034] Built Mathlib.MeasureTheory.Group.FundamentalDomain (15s)
✔ [7616/8034] Built Mathlib.MeasureTheory.Integral.RieszMarkovKakutani.NNReal (6.5s)
✔ [7617/8034] Built Mathlib.Probability.Kernel.Disintegration.CDFToKernel (6.1s)
✔ [7618/8034] Built Mathlib.Dynamics.Ergodic.RadonNikodym (3.9s)
✔ [7619/8034] Built Mathlib.Geometry.Manifold.VectorBundle.Tangent (9.7s)
✔ [7620/8034] Built Mathlib.MeasureTheory.Integral.IntervalIntegral.Basic (11s)
✔ [7621/8034] Built Mathlib.Geometry.Manifold.MFDeriv.NormedSpace (17s)
✔ [7622/8034] Built Mathlib.Probability.Density (4.2s)
✔ [7623/8034] Built Mathlib.MeasureTheory.Measure.Tilted (4.3s)
✔ [7624/8034] Built Mathlib.Geometry.Manifold.VectorBundle.SmoothSection (9.8s)
✔ [7625/8034] Built Mathlib.MeasureTheory.VectorMeasure.Decomposition.Lebesgue (5.6s)
✔ [7626/8034] Built Mathlib.Analysis.Convex.Integral (6.2s)
✔ [7627/8034] Built Mathlib.MeasureTheory.Integral.MeanValue (6.3s)
✔ [7628/8034] Built Mathlib.Probability.Kernel.Disintegration.CondCDF (5.9s)
✔ [7629/8034] Built Mathlib.Dynamics.Ergodic.Extreme (5.8s)
✔ [7630/8034] Built Mathlib.MeasureTheory.Function.Intersectivity (6.9s)
✔ [7631/8034] Built Mathlib.MeasureTheory.Covering.Differentiation (7.5s)
✔ [7632/8034] Built Mathlib.MeasureTheory.Measure.ProbabilityMeasure (7.9s)
✔ [7633/8034] Built Mathlib.MeasureTheory.Group.GeometryOfNumbers (7.7s)
✔ [7634/8034] Built Mathlib.Geometry.Manifold.Instances.Sphere (16s)
✔ [7635/8034] Built Mathlib.MeasureTheory.Integral.IntervalAverage (6.6s)
✔ [7636/8034] Built Mathlib.Geometry.Manifold.Algebra.SmoothFunctions (11s)
✔ [7637/8034] Built Mathlib.Geometry.Manifold.MFDeriv.Atlas (8.7s)
✔ [7638/8034] Built Mathlib.MeasureTheory.Function.ConditionalExpectation.CondexpL2 (12s)
✔ [7639/8034] Built Mathlib.MeasureTheory.VectorMeasure.Decomposition.RadonNikodym (4.5s)
✔ [7640/8034] Built Mathlib.MeasureTheory.Measure.LogLikelihoodRatio (4.7s)
✔ [7641/8034] Built Mathlib.MeasureTheory.Integral.IntervalIntegral.Slope (7.8s)
✔ [7642/8034] Built Mathlib.Analysis.SumIntegralComparisons (6.8s)
✔ [7643/8034] Built Mathlib.Probability.CDF (4.5s)
✔ [7644/8034] Built Mathlib.MeasureTheory.Measure.Decomposition.IntegralRNDeriv (4.9s)
✔ [7645/8034] Built Mathlib.MeasureTheory.Integral.Layercake (7.3s)
✔ [7646/8034] Built Mathlib.Probability.Distributions.Uniform (7.1s)
✔ [7647/8034] Built Mathlib.MeasureTheory.Measure.DiracProba (4.2s)
✔ [7648/8034] Built Mathlib.MeasureTheory.Integral.IntervalIntegral.MeanValue (5.5s)
✔ [7649/8034] Built Mathlib.MeasureTheory.Integral.DominatedConvergence (8.2s)
✔ [7650/8034] Built Mathlib.MeasureTheory.Covering.DensityTheorem (4.5s)
✔ [7651/8034] Built Mathlib.MeasureTheory.Integral.CurveIntegral.Basic (13s)
✔ [7652/8034] Built Mathlib.Topology.Compactification.OnePoint.Sphere (5.2s)
✔ [7653/8034] Built Mathlib.Geometry.Manifold.MFDeriv.UniqueDifferential (5.2s)
✔ [7654/8034] Built Mathlib.InformationTheory.KullbackLeibler.KLFun (5.3s)
✔ [7655/8034] Built Mathlib.Algebra.Module.ZLattice.Basic (20s)
✔ [7656/8034] Built Mathlib.Geometry.Manifold.VectorBundle.MDifferentiable (15s)
✔ [7657/8034] Built Mathlib.MeasureTheory.Covering.OneDim (4.0s)
✔ [7658/8034] Built Mathlib.MeasureTheory.Covering.Besicovitch (10s)
✔ [7659/8034] Built Mathlib.Probability.Kernel.MeasurableIntegral (7.1s)
✔ [7660/8034] Built Mathlib.MeasureTheory.Covering.LiminfLimsup (6.6s)
✔ [7661/8034] Built Mathlib.MeasureTheory.Measure.Portmanteau (10s)
✔ [7662/8034] Built Mathlib.MeasureTheory.Integral.Prod (9.8s)
✔ [7663/8034] Built Mathlib.InformationTheory.KullbackLeibler.Basic (5.9s)
✔ [7664/8034] Built Mathlib.Analysis.Calculus.ParametricIntegral (10s)
✔ [7665/8034] Built Mathlib.Geometry.Manifold.Sheaf.Smooth (13s)
✔ [7666/8034] Built Mathlib.MeasureTheory.Function.ConditionalExpectation.CondexpL1 (12s)
✔ [7667/8034] Built Mathlib.MeasureTheory.Measure.Haar.Quotient (11s)
✔ [7668/8034] Built Mathlib.Geometry.Manifold.DerivationBundle (13s)
✔ [7669/8034] Built Mathlib.MeasureTheory.Integral.IntervalIntegral.FundThmCalculus (14s)
✔ [7670/8034] Built Mathlib.Analysis.Calculus.Monotone (6.4s)
✔ [7671/8034] Built Mathlib.Analysis.BoxIntegral.UnitPartition (8.8s)
✔ [7672/8034] Built Mathlib.MeasureTheory.Group.IntegralConvolution (5.3s)
✔ [7673/8034] Built Mathlib.MeasureTheory.Integral.IntervalIntegral.LebesgueDifferentiationThm (7.4s)
✔ [7674/8034] Built Mathlib.Geometry.Manifold.VectorBundle.LocalFrame (10s)
✔ [7675/8034] Built Mathlib.MeasureTheory.Covering.BesicovitchVectorSpace (10s)
✔ [7676/8034] Built Mathlib.Probability.Kernel.Composition.IntegralCompProd (8.2s)
✔ [7677/8034] Built Mathlib.MeasureTheory.Function.ConvergenceInDistribution (9.0s)
✔ [7678/8034] Built Mathlib.Geometry.Manifold.Diffeomorph (17s)
✔ [7679/8034] Built Mathlib.MeasureTheory.Measure.LevyProkhorovMetric (10s)
✔ [7680/8034] Built Mathlib.MeasureTheory.Integral.Pi (6.1s)
✔ [7681/8034] Built Mathlib.MeasureTheory.Integral.DivergenceTheorem (11s)
✔ [7682/8034] Built Mathlib.Analysis.Calculus.ParametricIntervalIntegral (5.8s)
✔ [7683/8034] Built Mathlib.Geometry.Manifold.Sheaf.LocallyRingedSpace (5.9s)
✔ [7684/8034] Built Mathlib.MeasureTheory.Function.ConditionalExpectation.Basic (7.5s)
✔ [7685/8034] Built Mathlib.MeasureTheory.Integral.IntervalIntegral.Periodic (7.4s)
✔ [7686/8034] Built Mathlib.MeasureTheory.Integral.IntervalIntegral.DistLEIntegral (6.4s)
✔ [7687/8034] Built Mathlib.Algebra.Module.ZLattice.Summable (20s)
✔ [7688/8034] Built Mathlib.Analysis.Fourier.FourierTransform (15s)
✔ [7689/8034] Built Mathlib.MeasureTheory.Integral.IntervalIntegral.ContDiff (4.9s)
✔ [7690/8034] Built Mathlib.NumberTheory.Transcendental.Lindemann.AnalyticalPart (6.1s)
✔ [7691/8034] Built Mathlib.Analysis.SpecialFunctions.NonIntegrable (6.5s)
✔ [7692/8034] Built Mathlib.Analysis.BoundedVariation (5.1s)
✔ [7693/8034] Built Mathlib.MeasureTheory.Measure.Haar.Unique (16s)
✔ [7694/8034] Built Mathlib.MeasureTheory.Integral.IntervalIntegral.IntegrationByParts (8.3s)
✔ [7695/8034] Built Mathlib.Geometry.Manifold.MFDeriv.Tangent (4.0s)
✔ [7696/8034] Built Mathlib.Geometry.Manifold.SmoothEmbedding (4.8s)
✔ [7697/8034] Built Mathlib.MeasureTheory.Order.UpperLower (5.4s)
✔ [7698/8034] Built Mathlib.MeasureTheory.Measure.FiniteMeasureProd (5.9s)
✔ [7699/8034] Built Mathlib.Geometry.Manifold.PoincareConjecture (5.6s)
✔ [7700/8034] Built Mathlib.MeasureTheory.Measure.FiniteMeasurePi (5.3s)
✔ [7701/8034] Built Mathlib.Geometry.Manifold.LocalDiffeomorph (7.9s)
✔ [7702/8034] Built Mathlib.Probability.Notation (4.8s)
✔ [7703/8034] Built Mathlib.MeasureTheory.Function.Jacobian (10s)
✔ [7704/8034] Built Mathlib.Algebra.Module.ZLattice.Covolume (13s)
✔ [7705/8034] Built Mathlib.MeasureTheory.Function.ConditionalExpectation.Indicator (5.6s)
✔ [7706/8034] Built Mathlib.MeasureTheory.Group.AddCircle (6.4s)
✔ [7707/8034] Built Mathlib.Analysis.SpecialFunctions.Integrability.Basic (6.6s)
✔ [7708/8034] Built Mathlib.MeasureTheory.Measure.Tight (12s)
✔ [7709/8034] Built Mathlib.MeasureTheory.Measure.HasOuterApproxClosedProd (24s)
✔ [7710/8034] Built Mathlib.MeasureTheory.Measure.Lebesgue.Integral (5.4s)
✔ [7711/8034] Built Mathlib.MeasureTheory.Group.ModularCharacter (5.9s)
✔ [7712/8034] Built Mathlib.MeasureTheory.Integral.CircleIntegral (10s)
✔ [7713/8034] Built Mathlib.MeasureTheory.Measure.Haar.MulEquivHaarChar (5.7s)
✔ [7714/8034] Built Mathlib.Analysis.Fourier.RiemannLebesgueLemma (9.5s)
✔ [7715/8034] Built Mathlib.MeasureTheory.Constructions.UnitInterval (5.1s)
✔ [7716/8034] Built Mathlib.Geometry.Manifold.VectorBundle.Hom (35s)
✔ [7717/8034] Built Mathlib.MeasureTheory.Function.AbsolutelyContinuous (11s)
✔ [7718/8034] Built Mathlib.MeasureTheory.Measure.Haar.DistribChar (6.3s)
✔ [7719/8034] Built Mathlib.Dynamics.Ergodic.Action.OfMinimal (8.2s)
✔ [7720/8034] Built Mathlib.Geometry.Manifold.IntegralCurve.Basic (5.4s)
✔ [7721/8034] Built Mathlib.MeasureTheory.Measure.Haar.Disintegration (10s)
✔ [7722/8034] Built Mathlib.MeasureTheory.Function.ConditionalLExpectation (5.1s)
✔ [7723/8034] Built Mathlib.Probability.Independence.Integration (6.2s)
✔ [7724/8034] Built Mathlib.Probability.ConditionalExpectation (5.6s)
✔ [7725/8034] Built Mathlib.Analysis.Fourier.AddCircle (10s)
✔ [7726/8034] Built Mathlib.MeasureTheory.Integral.CurveIntegral.Poincare (20s)
✔ [7727/8034] Built Mathlib.MeasureTheory.Function.ConditionalExpectation.Real (5.4s)
✔ [7728/8034] Built Mathlib.MeasureTheory.Function.JacobianOneDim (7.0s)
✔ [7729/8034] Built Mathlib.Dynamics.Ergodic.AddCircle (6.9s)
✔ [7730/8034] Built Mathlib.Analysis.SpecialFunctions.Trigonometric.Chebyshev.Orthogonality (11s)
✔ [7731/8034] Built Mathlib.Geometry.Manifold.Algebra.LeftInvariantDerivation (32s)
✔ [7732/8034] Built Mathlib.Analysis.SpecialFunctions.JapaneseBracket (5.0s)
✔ [7733/8034] Built Mathlib.Analysis.SpecialFunctions.PolarCoord (8.9s)
✔ [7734/8034] Built Mathlib.Analysis.SpecialFunctions.Integrals.Basic (8.4s)
✔ [7735/8034] Built Mathlib.MeasureTheory.Function.ConditionalExpectation.PullOut (10s)
✔ [7736/8034] Built Mathlib.MeasureTheory.Measure.TightNormed (6.1s)
✔ [7737/8034] Built Mathlib.Analysis.SpecialFunctions.Integrability.LogMeromorphic (7.2s)
✔ [7738/8034] Built Mathlib.Dynamics.Ergodic.AddCircleAdd (4.3s)
✔ [7739/8034] Built Mathlib.MeasureTheory.Integral.CircleTransform (7.7s)
✔ [7740/8034] Built Mathlib.MeasureTheory.Integral.TorusIntegral (7.4s)
✔ [7741/8034] Built Mathlib.Geometry.Manifold.IntegralCurve.Transform (5.3s)
✔ [7742/8034] Built Mathlib.Analysis.Convolution (41s)
✔ [7743/8034] Built Mathlib.MeasureTheory.Integral.CircleAverage (8.2s)
✔ [7744/8034] Built Mathlib.Probability.Moments.Covariance (6.1s)
✔ [7745/8034] Built Mathlib.Analysis.Complex.CauchyIntegral (11s)
✔ [7746/8034] Built Mathlib.MeasureTheory.Measure.Prokhorov (15s)
✔ [7747/8034] Built Mathlib.NumberTheory.ZetaValues (8.6s)
✔ [7748/8034] Built Mathlib.Probability.Independence.BoundedContinuousFunction (14s)
✔ [7749/8034] Built Mathlib.Probability.Process.Filtration (7.3s)
✔ [7750/8034] Built Mathlib.Analysis.Fourier.AddCircleMulti (9.0s)
✔ [7751/8034] Built Mathlib.Geometry.Manifold.Riemannian.PathELength (8.7s)
✔ [7752/8034] Built Mathlib.Geometry.Manifold.ContMDiffMFDeriv (14s)
✔ [7753/8034] Built Mathlib.NumberTheory.Harmonic.Bounds (6.5s)
✔ [7754/8034] Built Mathlib.NumberTheory.WellApproximable (9.6s)
✔ [7755/8034] Built Mathlib.MeasureTheory.Integral.IntervalIntegral.DerivIntegrable (16s)
✔ [7756/8034] Built Mathlib.Analysis.SpecialFunctions.Pow.Integral (5.0s)
✔ [7757/8034] Built Mathlib.Analysis.Real.Pi.Wallis (6.6s)
✔ [7758/8034] Built Mathlib.MeasureTheory.Constructions.HaarToSphere (11s)
✔ [7759/8034] Built Mathlib.Analysis.Complex.ValueDistribution.Proximity.Basic (6.6s)
✔ [7760/8034] Built Mathlib.Analysis.SpecialFunctions.Complex.LogBounds (14s)
✔ [7761/8034] Built Mathlib.Analysis.SpecialFunctions.Integrals.LogTrigonometric (9.7s)
✔ [7762/8034] Built Mathlib.Analysis.Real.Pi.Irrational (11s)
✔ [7763/8034] Built Mathlib.Analysis.Complex.RemovableSingularity (6.7s)
✔ [7764/8034] Built Mathlib.Probability.Moments.Variance (8.9s)
✔ [7765/8034] Built Mathlib.Analysis.Polynomial.Fourier (8.2s)
✔ [7766/8034] Built Mathlib.MeasureTheory.Integral.IntegralEqImproper (18s)
✔ [7767/8034] Built Mathlib.Analysis.SpecialFunctions.Complex.Analytic (6.8s)
✔ [7768/8034] Built Mathlib.Analysis.ODE.PicardLindelof (12s)
✔ [7769/8034] Built Mathlib.Analysis.Complex.UpperHalfPlane.Manifold (7.3s)
✔ [7770/8034] Built Mathlib.Analysis.Complex.TaylorSeries (6.8s)
✔ [7771/8034] Built Mathlib.Analysis.Complex.MeanValue (7.0s)
✔ [7772/8034] Built Mathlib.MeasureTheory.Function.FactorsThrough (5.5s)
✔ [7773/8034] Built Mathlib.Probability.Process.PartitionFiltration (6.2s)
✔ [7774/8034] Built Mathlib.Analysis.Complex.HasPrimitives (9.2s)
✔ [7775/8034] Built Mathlib.Analysis.Complex.AbsMax (8.3s)
✔ [7776/8034] Built Mathlib.Analysis.Complex.Liouville (8.4s)
✔ [7777/8034] Built Mathlib.Probability.Process.Adapted (7.8s)
✔ [7778/8034] Built Mathlib.Analysis.Distribution.TemperateGrowth (25s)
✔ [7779/8034] Built Mathlib.Analysis.SpecialFunctions.Stirling (8.4s)
✔ [7780/8034] Built Mathlib.MeasureTheory.Integral.IntervalIntegral.TrapezoidalRule (23s)
✔ [7781/8034] Built Mathlib.Analysis.SpecialFunctions.Complex.Arctan (7.6s)
✔ [7782/8034] Built Mathlib.Analysis.SpecialFunctions.Log.Summable (7.6s)
✔ [7783/8034] Built Mathlib.Analysis.Complex.Periodic (7.2s)
✔ [7784/8034] Built Mathlib.Analysis.Complex.LocallyUniformLimit (7.2s)
✔ [7785/8034] Built Mathlib.Probability.HasLaw (6.1s)
✔ [7786/8034] Built Mathlib.MeasureTheory.Integral.ExpDecay (5.5s)
✔ [7787/8034] Built Mathlib.Analysis.SpecialFunctions.MulExpNegMulSqIntegral (11s)
✔ [7788/8034] Built Mathlib.Probability.CondVar (8.1s)
✔ [7789/8034] Built Mathlib.Analysis.SpecialFunctions.ImproperIntegrals (8.8s)
✔ [7790/8034] Built Mathlib.Analysis.Calculus.ContDiff.Convolution (26s)
✔ [7791/8034] Built Mathlib.Geometry.Manifold.VectorField.Pullback (19s)
✔ [7792/8034] Built Mathlib.Analysis.Complex.Positivity (5.9s)
✔ [7793/8034] Built Mathlib.Analysis.InnerProductSpace.Harmonic.Constructions (8.2s)
✔ [7794/8034] Built Mathlib.Geometry.Manifold.IntegralCurve.ExistUnique (7.9s)
✔ [7795/8034] Built Mathlib.Analysis.Calculus.LineDeriv.IntegrationByParts (13s)
✔ [7796/8034] Built Mathlib.Geometry.Manifold.Complex (7.5s)
✔ [7797/8034] Built Mathlib.NumberTheory.AbelSummation (17s)
✔ [7798/8034] Built Mathlib.MeasureTheory.Integral.PeakFunction (15s)
✔ [7799/8034] Built Mathlib.Probability.Moments.CovarianceBilinDual (22s)
✔ [7800/8034] Built Mathlib.Analysis.Complex.Polynomial.Basic (11s)
✔ [7801/8034] Built Mathlib.Geometry.Manifold.VectorBundle.Riemannian (54s)
✔ [7802/8034] Built Mathlib.Analysis.Complex.Schwarz (13s)
✔ [7803/8034] Built Mathlib.Analysis.Complex.PhragmenLindelof (16s)
✔ [7804/8034] Built Mathlib.Analysis.Complex.Harmonic.Analytic (17s)
✔ [7805/8034] Built Mathlib.Analysis.Real.Pi.Leibniz (9.9s)
✔ [7806/8034] Built Mathlib.Probability.Process.Predictable (12s)
✔ [7807/8034] Built Mathlib.Analysis.Analytic.Binomial (21s)
✔ [7808/8034] Built Mathlib.Analysis.Complex.UpperHalfPlane.Exp (8.0s)
✔ [7809/8034] Built Mathlib.NumberTheory.ModularForms.Basic (23s)
✔ [7810/8034] Built Mathlib.NumberTheory.ModularForms.EisensteinSeries.MDifferentiable (9.5s)
✔ [7811/8034] Built Mathlib.Analysis.Complex.SummableUniformlyOn (8.1s)
✔ [7812/8034] Built Mathlib.MeasureTheory.Integral.IntervalIntegral.AbsolutelyContinuousFun (37s)
✔ [7813/8034] Built Mathlib.Analysis.Normed.Module.MultipliableUniformlyOn (14s)
✔ [7814/8034] Built Mathlib.Analysis.Calculus.LogDerivUniformlyOn (7.8s)
✔ [7815/8034] Built Mathlib.NumberTheory.LSeries.Deriv (8.7s)
✔ [7816/8034] Built Mathlib.Probability.Distributions.Pareto (7.4s)
✔ [7817/8034] Built Mathlib.Probability.Distributions.Cauchy (7.3s)
✔ [7818/8034] Built Mathlib.Probability.IdentDistrib (9.0s)
✔ [7819/8034] Built Mathlib.MeasureTheory.Measure.FiniteMeasureExt (10s)
✔ [7820/8034] Built Mathlib.Analysis.SpecialFunctions.Gamma.Basic (10s)
✔ [7821/8034] Built Mathlib.Probability.Process.Stopping (24s)
✔ [7822/8034] Built Mathlib.Analysis.FunctionalSpaces.SobolevInequality (39s)
✔ [7823/8034] Built Mathlib.Analysis.Polynomial.Factorization (8.1s)
✔ [7824/8034] Built Mathlib.Analysis.Normed.Algebra.GelfandFormula (11s)
✔ [7825/8034] Built Mathlib.Analysis.Complex.Polynomial.UnitTrinomial (8.1s)
✔ [7826/8034] Built Mathlib.Analysis.MellinTransform (17s)
✔ [7827/8034] Built Mathlib.Geometry.Manifold.IntegralCurve.UniformTime (15s)
✔ [7828/8034] Built Mathlib.NumberTheory.LegendreSymbol.AddCharacter (13s)
✔ [7829/8034] Built Mathlib.Analysis.SpecialFunctions.Trigonometric.EulerSineProd (15s)
✔ [7830/8034] Built Mathlib.Analysis.Complex.Polynomial.GaussLucas (10s)
✔ [7831/8034] Built Mathlib.Analysis.Complex.OpenMapping (15s)
✔ [7832/8034] Built Mathlib.NumberTheory.NumberField.InfinitePlace.Embeddings (12s)
✔ [7833/8034] Built Mathlib.Analysis.Complex.Harmonic.MeanValue (7.1s)
✔ [7834/8034] Built Mathlib.NumberTheory.LSeries.SumCoeff (20s)
✔ [7835/8034] Built Mathlib.NumberTheory.ModularForms.EisensteinSeries.Basic (5.4s)
✔ [7836/8034] Built Mathlib.Analysis.Calculus.BumpFunction.FiniteDimension (23s)
✔ [7837/8034] Built Mathlib.Analysis.Complex.BorelCaratheodory (8.9s)
✔ [7838/8034] Built Mathlib.Analysis.Complex.Hadamard (8.8s)
✔ [7839/8034] Built Mathlib.NumberTheory.LSeries.Positivity (5.8s)
✔ [7840/8034] Built Mathlib.Probability.Process.FiniteDimensionalLaws (5.6s)
✔ [7841/8034] Built Mathlib.Geometry.Manifold.VectorField.LieBracket (24s)
✔ [7842/8034] Built Mathlib.NumberTheory.Chebyshev (23s)
✔ [7843/8034] Built Mathlib.Probability.Moments.Basic (7.5s)
✔ [7844/8034] Built Mathlib.Analysis.Distribution.FourierSchwartz (5.7s)
✔ [7845/8034] Built Mathlib.NumberTheory.Cyclotomic.Three (5.6s)
✔ [7846/8034] Built Mathlib.MeasureTheory.Integral.Gamma (6.5s)
✔ [7847/8034] Built Mathlib.NumberTheory.Cyclotomic.Rat (5.6s)
✔ [7848/8034] Built Mathlib.NumberTheory.Cyclotomic.PID (5.5s)
✔ [7849/8034] Built Mathlib.Probability.Distributions.Gamma (6.4s)
✔ [7850/8034] Built Mathlib.NumberTheory.ModularForms.QExpansion (17s)
✔ [7851/8034] Built Mathlib.Analysis.SpecialFunctions.Gaussian.GaussianIntegral (9.3s)
✔ [7852/8034] Built Mathlib.RingTheory.Polynomial.Selmer (7.6s)
✔ [7853/8034] Built Mathlib.Analysis.SpecialFunctions.Gamma.Deriv (8.2s)
✔ [7854/8034] Built Mathlib.Probability.Process.HittingTime (12s)
✔ [7855/8034] Built Mathlib.Probability.Martingale.Basic (13s)
✔ [7856/8034] Built Mathlib.Geometry.Manifold.Riemannian.Basic (28s)
✔ [7857/8034] Built Mathlib.Analysis.Normed.Algebra.GelfandMazur (13s)
✔ [7858/8034] Built Mathlib.Analysis.SpecialFunctions.Complex.CircleAddChar (12s)
✔ [7859/8034] Built Mathlib.MeasureTheory.Measure.CharacteristicFunction (19s)
✔ [7860/8034] Built Mathlib.NumberTheory.LSeries.AbstractFuncEq (13s)
✔ [7861/8034] Built Mathlib.Analysis.CStarAlgebra.Spectrum (13s)
✔ [7862/8034] Built Mathlib.NumberTheory.GaussSum (13s)
✔ [7863/8034] Built Mathlib.Probability.StrongLaw (24s)
✔ [7864/8034] Built Mathlib.Analysis.SpecialFunctions.Integrals.PosLogEqCircleAverage (8.0s)
✔ [7865/8034] Built Mathlib.Analysis.Calculus.BumpFunction.Convolution (7.0s)
✔ [7866/8034] Built Mathlib.Analysis.SpecialFunctions.Trigonometric.Cotangent (12s)
✔ [7867/8034] Built Mathlib.Geometry.Manifold.BumpFunction (8.4s)
✔ [7868/8034] Built Mathlib.Probability.Distributions.Exponential (6.4s)
✔ [7869/8034] Built Mathlib.NumberTheory.ModularForms.LevelOne (6.2s)
✔ [7870/8034] Built Mathlib.NumberTheory.NumberField.FinitePlaces (13s)
✔ [7871/8034] Built Mathlib.NumberTheory.ModularForms.Petersson (8.5s)
✔ [7872/8034] Built Mathlib.NumberTheory.NumberField.InfinitePlace.Basic (17s)
✔ [7873/8034] Built Mathlib.MeasureTheory.Measure.Lebesgue.VolumeOfBalls (9.8s)
✔ [7874/8034] Built Mathlib.Analysis.SpecialFunctions.Gamma.BohrMollerup (8.6s)
✔ [7875/8034] Built Mathlib.Geometry.Manifold.GroupLieAlgebra (11s)
✔ [7876/8034] Built Mathlib.Probability.Martingale.OptionalSampling (7.8s)
✔ [7877/8034] Built Mathlib.Probability.Martingale.Centering (7.7s)
✔ [7878/8034] Built Mathlib.Probability.Moments.CovarianceBilin (12s)
✔ [7879/8034] Built Mathlib.Probability.Martingale.OptionalStopping (9.6s)
✔ [7880/8034] Built Mathlib.Analysis.SpecialFunctions.Gaussian.FourierTransform (12s)
✔ [7881/8034] Built Mathlib.Probability.Martingale.Upcrossing (10s)
✔ [7882/8034] Built Mathlib.Probability.Moments.ComplexMGF (8.8s)
✔ [7883/8034] Built Mathlib.NumberTheory.LegendreSymbol.QuadraticChar.GaussSum (5.0s)
✔ [7884/8034] Built Mathlib.MeasureTheory.Measure.IntegralCharFun (9.9s)
✔ [7885/8034] Built Mathlib.Probability.Independence.CharacteristicFunction (7.0s)
✔ [7886/8034] Built Mathlib.NumberTheory.DirichletCharacter.GaussSum (6.8s)
✔ [7887/8034] Built Mathlib.Analysis.Calculus.BumpFunction.SmoothApprox (6.3s)
✔ [7888/8034] Built Mathlib.NumberTheory.JacobiSum.Basic (8.5s)
✔ [7889/8034] Built Mathlib.Analysis.Polynomial.MahlerMeasure (8.9s)
✔ [7890/8034] Built Mathlib.NumberTheory.NumberField.ProductFormula (7.7s)
✔ [7891/8034] Built Mathlib.NumberTheory.NumberField.InfinitePlace.Completion (8.1s)
✔ [7892/8034] Built Mathlib.NumberTheory.ModularForms.NormTrace (11s)
✔ [7893/8034] Built Mathlib.Analysis.Complex.JensenFormula (13s)
✔ [7894/8034] Built Mathlib.Probability.Martingale.Convergence (7.0s)
✔ [7895/8034] Built Mathlib.Analysis.SpecialFunctions.Gamma.Beta (10s)
✔ [7896/8034] Built Mathlib.NumberTheory.ModularForms.Bounds (12s)
✔ [7897/8034] Built Mathlib.NumberTheory.LegendreSymbol.QuadraticReciprocity (6.6s)
✔ [7898/8034] Built Mathlib.Probability.Moments.MGFAnalytic (8.1s)
✔ [7899/8034] Built Mathlib.Analysis.CStarAlgebra.GelfandDuality (19s)
✔ [7900/8034] Built Mathlib.Analysis.Fourier.Inversion (10s)
✔ [7901/8034] Built Mathlib.Analysis.Fourier.FourierTransformDeriv (68s)
✔ [7902/8034] Built Mathlib.Geometry.Manifold.PartitionOfUnity (15s)
✔ [7903/8034] Built Mathlib.NumberTheory.NumberField.InfinitePlace.Ramification (12s)
✔ [7904/8034] Built Mathlib.NumberTheory.Height.NumberField (5.0s)
✔ [7905/8034] Built Mathlib.Analysis.Fourier.ZMod (9.0s)
✔ [7906/8034] Built Mathlib.Analysis.Meromorphic.Complex (4.5s)
✔ [7907/8034] Built Mathlib.NumberTheory.NumberField.Units.Basic (15s)
✔ [7908/8034] Built Mathlib.Probability.Distributions.Beta (5.7s)
✔ [7909/8034] Built Mathlib.Analysis.SpecialFunctions.Gamma.Deligne (6.8s)
✔ [7910/8034] Built Mathlib.Probability.Martingale.BorelCantelli (8.6s)
✔ [7911/8034] Built Mathlib.Probability.Kernel.Disintegration.Density (8.2s)
✔ [7912/8034] Built Mathlib.Probability.Moments.Tilted (6.5s)
✔ [7913/8034] Built Mathlib.NumberTheory.Fermat (7.1s)
✔ [7914/8034] Built Mathlib.NumberTheory.MahlerMeasure (12s)
✔ [7915/8034] Built Mathlib.NumberTheory.LegendreSymbol.JacobiSymbol (8.7s)
✔ [7916/8034] Built Mathlib.Geometry.Manifold.SmoothApprox (6.3s)
✔ [7917/8034] Built Mathlib.Probability.Distributions.Gaussian.Real (10s)
✔ [7918/8034] Built Mathlib.Analysis.Complex.ValueDistribution.LogCounting.Basic (13s)
✔ [7919/8034] Built Mathlib.Analysis.MellinInversion (8.8s)
✔ [7920/8034] Built Mathlib.Analysis.Distribution.AEEqOfIntegralContDiff (7.5s)
✔ [7921/8034] Built Mathlib.Probability.BorelCantelli (5.4s)
✔ [7922/8034] Built Mathlib.NumberTheory.NumberField.InfinitePlace.TotallyRealComplex (9.7s)
✔ [7923/8034] Built Mathlib.Probability.Kernel.Disintegration.StandardBorel (6.1s)
✔ [7924/8034] Built Mathlib.Geometry.Manifold.WhitneyEmbedding (10s)
✔ [7925/8034] Built Mathlib.NumberTheory.LSeries.MellinEqDirichlet (7.3s)
✔ [7926/8034] Built Mathlib.Probability.Kernel.RadonNikodym (6.9s)
✔ [7927/8034] Built Mathlib.NumberTheory.Harmonic.GammaDeriv (9.8s)
✔ [7928/8034] Built Mathlib.Analysis.Normed.Lp.SmoothApprox (5.9s)
✔ [7929/8034] Built Mathlib.Analysis.Complex.ValueDistribution.CharacteristicFunction (6.2s)
✔ [7930/8034] Built Mathlib.NumberTheory.NumberField.Cyclotomic.Embeddings (5.2s)
✔ [7931/8034] Built Mathlib.Tactic.NormNum.LegendreSymbol (8.8s)
✔ [7932/8034] Built Mathlib.Probability.Kernel.Disintegration.Integral (6.2s)
✔ [7933/8034] Built Mathlib.Probability.Kernel.Composition.AbsolutelyContinuous (5.3s)
✔ [7934/8034] Built Mathlib.NumberTheory.LucasLehmer (11s)
✔ [7935/8034] Built Mathlib.Analysis.SpecialFunctions.Gamma.Digamma (4.6s)
✔ [7936/8034] Built Mathlib.Analysis.SpecialFunctions.Elliptic.Weierstrass (75s)
✔ [7937/8034] Built Mathlib.Probability.Distributions.Gaussian.Basic (11s)
✔ [7938/8034] Built Mathlib.Analysis.Complex.ValueDistribution.FirstMainTheorem (5.1s)
✔ [7939/8034] Built Mathlib.Analysis.Calculus.Rademacher (10s)
✔ [7940/8034] Built Mathlib.Tactic (3.9s)
✔ [7941/8034] Built Mathlib.Probability.Kernel.Disintegration.Unique (3.7s)
✔ [7942/8034] Built Mathlib.Probability.Kernel.CompProdEqIff (3.1s)
✔ [7943/8034] Built Mathlib.Probability.Distributions.Gaussian.HasGaussianLaw.Def (2.4s)
✔ [7944/8034] Built Mathlib.Analysis.CStarAlgebra.ContinuousFunctionalCalculus.Basic (26s)
✔ [7945/8034] Built Mathlib.Probability.Kernel.Posterior (3.7s)
✔ [7946/8034] Built Mathlib.Probability.Kernel.CondDistrib (3.9s)
✔ [7947/8034] Built Mathlib.Probability.Distributions.Gaussian.IsGaussianProcess.Def (2.9s)
✔ [7948/8034] Built Mathlib.Probability.Distributions.Gaussian.Fernique (5.7s)
✔ [7949/8034] Built Mathlib.NumberTheory.NumberField.CanonicalEmbedding.Basic (22s)
✔ [7950/8034] Built Mathlib.Probability.Kernel.Condexp (4.1s)
✔ [7951/8034] Built Mathlib.Analysis.CStarAlgebra.SpecialFunctions.PosPart (5.8s)
✔ [7952/8034] Built Mathlib.Analysis.InnerProductSpace.StarOrder (6.8s)
✔ [7953/8034] Built Mathlib.NumberTheory.NumberField.EquivReindex (5.4s)
✔ [7954/8034] Built Mathlib.NumberTheory.NumberField.InfiniteAdeleRing (6.3s)
✔ [7955/8034] Built Mathlib.Probability.Distributions.Gaussian.HasGaussianLaw.Basic (6.9s)
✔ [7956/8034] Built Mathlib.Probability.Kernel.IonescuTulcea.Traj (8.0s)
✔ [7957/8034] Built Mathlib.NumberTheory.NumberField.CanonicalEmbedding.PolarCoord (9.5s)
✔ [7958/8034] Built Mathlib.Probability.Distributions.Gaussian.CharFun (10s)
✔ [7959/8034] Built Mathlib.NumberTheory.NumberField.CanonicalEmbedding.ConvexBody (11s)
✔ [7960/8034] Built Mathlib.NumberTheory.NumberField.AdeleRing (5.5s)
✔ [7961/8034] Built Mathlib.Probability.Independence.Conditional (10s)
✔ [7962/8034] Built Mathlib.Probability.Moments.SubGaussian (10s)
✔ [7963/8034] Built Mathlib.Probability.Distributions.Gaussian.IsGaussianProcess.Basic (7.4s)
✔ [7964/8034] Built Mathlib.Probability.ProductMeasure (8.9s)
✔ [7965/8034] Built Mathlib.NumberTheory.NumberField.House (10s)
✔ [7966/8034] Built Mathlib.Probability.Independence.ZeroOne (3.3s)
✔ [7967/8034] Built Mathlib.Probability.Independence.InfinitePi (3.2s)
✔ [7968/8034] Built Mathlib.Probability.Distributions.SetBernoulli (3.6s)
✔ [7969/8034] Built Mathlib.NumberTheory.NumberField.Units.DirichletTheorem (8.5s)
✔ [7970/8034] Built Mathlib.Analysis.CStarAlgebra.ContinuousFunctionalCalculus.Order (21s)
✔ [7971/8034] Built Mathlib.NumberTheory.NumberField.Discriminant.Basic (9.0s)
✔ [7972/8034] Built Mathlib.Probability.HasLawExists (2.7s)
✔ [7973/8034] Built Mathlib.Probability.IdentDistribIndep (2.7s)
✔ [7974/8034] Built Mathlib.Analysis.CStarAlgebra.Hom (6.7s)
✔ [7975/8034] Built Mathlib.NumberTheory.NumberField.ClassNumber (7.8s)
✔ [7976/8034] Built Mathlib.Analysis.CStarAlgebra.PositiveLinearMap (9.2s)
✔ [7977/8034] Built Mathlib.Analysis.CStarAlgebra.Unitary.Span (10s)
✔ [7978/8034] Built Mathlib.Analysis.CStarAlgebra.Module.Defs (10s)
✔ [7979/8034] Built Mathlib.NumberTheory.NumberField.Units.Regulator (11s)
✔ [7980/8034] Built Mathlib.NumberTheory.NumberField.CanonicalEmbedding.FundamentalCone (11s)
✔ [7981/8034] Built Mathlib.Analysis.CStarAlgebra.Unitary.Connected (14s)
✔ [7982/8034] Built Mathlib.NumberTheory.NumberField.Discriminant.Different (16s)
✔ [7983/8034] Built Mathlib.Probability.Distributions.Gaussian.HasGaussianLaw.Independence (28s)
✔ [7984/8034] Built Mathlib.Analysis.Distribution.SchwartzSpace.Basic (50s)
✔ [7985/8034] Built Mathlib.Analysis.CStarAlgebra.Module.Constructions (9.4s)
✔ [7986/8034] Built Mathlib.Analysis.CStarAlgebra.GelfandNaimarkSegal (12s)
✔ [7987/8034] Built Mathlib.NumberTheory.NumberField.CanonicalEmbedding.NormLeOne (11s)
✔ [7988/8034] Built Mathlib.NumberTheory.NumberField.CMField (12s)
✔ [7989/8034] Built Mathlib.Analysis.CStarAlgebra.ApproximateUnit (27s)
✔ [7990/8034] Built Mathlib.Analysis.Distribution.SchwartzSpace.Deriv (10s)
✔ [7991/8034] Built Mathlib.NumberTheory.NumberField.Ideal.Asymptotics (7.9s)
✔ [7992/8034] Built Mathlib.Analysis.Distribution.SchwartzSpace (2.8s)
✔ [7993/8034] Built Mathlib.NumberTheory.NumberField.Cyclotomic.Basic (16s)
✔ [7994/8034] Built Mathlib.NumberTheory.NumberField.DedekindZeta (3.5s)
✔ [7995/8034] Built Mathlib.Analysis.CStarAlgebra.CStarMatrix (14s)
✔ [7996/8034] Built Mathlib.NumberTheory.NumberField.Cyclotomic.PID (3.7s)
✔ [7997/8034] Built Mathlib.Analysis.SpecialFunctions.ContinuousFunctionalCalculus.Rpow.IntegralRepresentation (9.9s)
✔ [7998/8034] Built Mathlib.NumberTheory.NumberField.Ideal.Basic (5.5s)
✔ [7999/8034] Built Mathlib.NumberTheory.NumberField.Cyclotomic.Three (5.6s)
✔ [8000/8034] Built Mathlib.Analysis.CStarAlgebra.CompletelyPositiveMap (5.6s)
✔ [8001/8034] Built Mathlib.Analysis.SpecialFunctions.ContinuousFunctionalCalculus.Rpow.Order (3.6s)
✔ [8002/8034] Built Mathlib.Analysis.Distribution.SchwartzSpace.Fourier (13s)
✔ [8003/8034] Built Mathlib.NumberTheory.NumberField.Cyclotomic.Ideal (11s)
✔ [8004/8034] Built Mathlib.NumberTheory.FLT.Three (6.5s)
✔ [8005/8034] Built Mathlib.Analysis.Fourier.PoissonSummation (3.2s)
✔ [8006/8034] Built Mathlib.Analysis.SpecialFunctions.ContinuousFunctionalCalculus.ExpLog.Order (4.9s)
✔ [8007/8034] Built Mathlib.Analysis.SpecialFunctions.Gaussian.PoissonSummation (2.4s)
✔ [8008/8034] Built Mathlib.Analysis.Fourier.Convolution (8.7s)
✔ [8009/8034] Built Mathlib.NumberTheory.ModularForms.JacobiTheta.TwoVariable (3.8s)
✔ [8010/8034] Built Mathlib.NumberTheory.ModularForms.JacobiTheta.OneVariable (2.2s)
✔ [8011/8034] Built Mathlib.NumberTheory.ModularForms.JacobiTheta.Bounds (2.5s)
✔ [8012/8034] Built Mathlib.Analysis.Distribution.TemperedDistribution (12s)
✔ [8013/8034] Built Mathlib.NumberTheory.ModularForms.JacobiTheta.Manifold (1.0s)
✔ [8014/8034] Built Mathlib.NumberTheory.LSeries.HurwitzZetaOdd (3.8s)
✔ [8015/8034] Built Mathlib.NumberTheory.LSeries.HurwitzZetaEven (4.2s)
✔ [8016/8034] Built Mathlib.NumberTheory.LSeries.HurwitzZeta (2.0s)
✔ [8017/8034] Built Mathlib.Analysis.Fourier.LpSpace (6.8s)
✔ [8018/8034] Built Mathlib.NumberTheory.LSeries.RiemannZeta (2.1s)
✔ [8019/8034] Built Mathlib.NumberTheory.LSeries.Dirichlet (3.5s)
✔ [8020/8034] Built Mathlib.NumberTheory.ModularForms.EisensteinSeries.E2.Defs (3.6s)
✔ [8021/8034] Built Mathlib.NumberTheory.LSeries.HurwitzZetaValues (3.7s)
✔ [8022/8034] Built Mathlib.NumberTheory.Harmonic.ZetaAsymp (4.1s)
✔ [8023/8034] Built Mathlib.NumberTheory.LSeries.ZMod (4.3s)
✔ [8024/8034] Built Mathlib.NumberTheory.EulerProduct.DirichletLSeries (2.4s)
✔ [8025/8034] Built Mathlib.NumberTheory.LSeries.DirichletContinuation (2.4s)
✔ [8026/8034] Built Mathlib.NumberTheory.ModularForms.EisensteinSeries.QExpansion (6.7s)
✔ [8027/8034] Built Mathlib.NumberTheory.LSeries.Nonvanishing (2.6s)
✔ [8028/8034] Built Mathlib.NumberTheory.ModularForms.EisensteinSeries.E2.Summable (3.0s)
✔ [8029/8034] Built Mathlib.NumberTheory.LSeries.PrimesInAP (3.8s)
✔ [8030/8034] Built Mathlib.NumberTheory.ModularForms.EisensteinSeries.E2.Transform (3.2s)
✔ [8031/8034] Built Mathlib.NumberTheory.ModularForms.DedekindEta (3.4s)
✔ [8032/8034] Built Mathlib (7.9s)
⚠ [8033/8034] Built LawSkeletonI (19s)
warning: LawSkeletonI.lean:157:5: unused variable `him`

Note: This linter can be disabled with `set_option linter.unusedVariables false`
Build completed successfully (8034 jobs).
