q	x	a	E_observed	E_K25	E_K50	E_K100
19	1000000	2	13.9260346424	11.2598549969	11.3529575029	11.0960383788
19	1047112	2	10.9723622011	7.87527283944	7.98346338539	9.13208477292
19	1096444	2	7.8894162581	7.74374258347	7.56083127235	7.06433508876
19	1148100	2	11.2515082581	8.7491406273	8.7401386961	9.14592540357
19	1202189	2	10.5721005096	8.63627680861	8.93981443957	8.83061457589
19	1258827	2	10.3655038834	7.94702486029	7.53941117865	7.34906472299
19	1318133	2	10.8256301726	7.36651336322	7.54507164397	8.21897902229
19	1380233	2	9.31419767621	7.06291947033	7.33061047937	6.61693823083
19	1445259	2	7.85767313973	7.02050786365	6.37278894918	6.78231722877
19	1513348	2	8.74484780469	5.93738526968	6.60668288709	6.68797876222
19	1584645	2	4.89914584485	3.45510503262	3.26410619123	2.42533558623
19	1659302	2	4.0025857938	2.27957123241	1.65102606424	1.64184800221
19	1737475	2	7.45575159474	3.68456476576	4.99618389129	5.0370490751
19	1819331	2	4.42413508023	4.75874002455	3.42117251576	2.80571280085
19	1905044	2	8.29738877657	3.66972082513	4.2852210715	5.18121783154
19	1994794	2	3.69745318967	2.45295589892	2.75115928821	2.49264237325
19	2088774	2	3.98726194045	2.86892679938	2.26871720228	2.47951714456
19	2187180	2	7.10701561927	4.30533018276	4.30578990955	4.98501151287
19	2290223	2	6.61883681246	5.38719237112	6.31280719966	6.39710390348
19	2398120	2	4.61029158437	4.84636740082	3.59090851565	3.40988828285
19	2511101	2	6.69555916539	2.93317333394	3.58000398604	3.29858493986
19	2629405	2	5.08682190292	2.071519751	2.38374218635	2.45016462129
19	2753282	2	3.53884324264	3.29608467949	2.54960101989	2.07078539682
19	2882995	2	7.72652745345	4.57470270678	5.011468549	5.27421485506
19	3018819	2	4.79176417922	4.9367910999	4.93921307862	4.40654402164
19	3161042	2	7.57608922566	5.72993821545	5.81481809404	6.01248748475
19	3309966	2	6.38676187535	6.72895310125	6.15824266031	6.11029020526
19	3465905	2	6.69735425008	6.25568566176	6.9409132692	6.94252936662
19	3629192	2	4.56693106847	4.7263745258	4.74272332596	4.90133337539
19	3800171	2	1.11915312383	3.45715205365	2.4340919342	2.04097827856
19	3979205	2	5.75930209976	1.95338090458	3.33208888226	4.55864212664
19	4166674	2	0.403235601114	-0.162292291974	-0.939137956827	-0.937930129887
19	4362975	2	-0.527000091907	-1.52142805872	-1.5853711526	-2.35078228443
19	4568524	2	-0.258279448442	-1.43752439065	-1.20570567024	-0.725861874482
19	4783758	2	0.379739963938	-0.706562526923	-0.401370127475	0.0464168618211
19	5009131	2	1.61290857861	0.822372687944	0.139134434057	-0.551588986969
19	5245122	2	6.93168358357	4.00798682843	4.24141432538	3.58085833818
19	5492231	2	10.7275368596	7.47365336728	8.10771554785	8.71809275897
19	5750982	2	8.76210743822	8.3830804891	7.516703091	6.66965933953
19	6021923	2	7.0994550835	6.57443450167	6.62601452166	6.71797274528
19	6305629	2	8.86630454732	4.78489215533	5.78534324398	6.89928337147
19	6602701	2	1.87000577442	4.40145948252	3.25815537909	1.76834566509
19	6913769	2	7.33124395203	4.1106627278	4.35616587342	5.46551481102
19	7239491	2	5.49468945795	2.99103409512	3.59891981436	4.08613075284
19	7580560	2	1.9677083654	1.73073808479	1.37802470611	1.423739387
19	7937696	2	1.92852122524	0.752268605717	-0.0534040965567	0.0574884881555
19	8311658	2	1.69114082894	0.000845869453142	1.60232965899	0.625212320213
19	8703239	2	0.974960993549	0.0151620058609	-1.12082161153	-0.481526723907
19	9113267	2	1.3377288254	1.01158986119	0.874982889542	-0.127465672396
19	9542613	2	5.05688433499	2.21616510553	3.18658366701	3.78326207211
19	9992186	2	4.12997506497	3.27719988728	2.56438691533	2.89875304895
19	10000000	2	4.31205301561	3.29564979844	2.56640620641	2.95106123342
19	10462940	2	6.11625985985	4.3290717001	4.2208338839	3.82729930362
19	10955872	2	6.69929636039	4.54655138553	5.11129464841	5.19490586376
19	11472027	2	3.36911073611	3.12800695607	2.71374482921	2.65965406336
19	12012499	2	2.28584113072	1.20507532604	1.40436954615	0.956508135092
19	12578434	2	0.497807760748	0.408661241355	0.00467669831408	-0.117349220443
19	13171031	2	4.06541712875	0.318773045806	1.16386111792	1.99346357274
19	13791547	2	-1.03585680837	-0.662971507543	-1.68709657733	-1.76882443023
19	14441297	2	0	-2.48566209829	-1.64025359816	-1.60729491922
19	15121658	2	-3.21394167917	-3.23450516873	-3.92038476034	-3.70119795723
19	15834073	2	-0.599915086875	-1.91965359747	-1.14408822575	-0.871096309461
19	16580050	2	-0.808351493844	0.128845226848	-0.697282963231	-1.70898085797
19	17361172	2	3.6006589896	1.70537530755	2.18266325689	2.43816105344
19	18179095	2	5.7866464523	3.69493206398	3.76237893324	4.95217760012
19	19035552	2	5.53223856529	6.62688659141	6.44000219772	5.73416672458
19	19932358	2	7.65744527861	8.4634286467	8.1456776723	6.58064046737
19	20871415	2	9.42942228644	7.49586923702	8.32321759867	9.04792771367
19	21854713	2	5.59607124744	5.34155349556	4.71922261803	5.40633782175
19	22884336	2	4.14460325077	4.53389488531	4.4158764678	3.51290215755
19	23962467	2	7.81018345892	5.2636630254	5.66836737079	5.98313539194
19	25091391	2	8.02049083441	6.68919890414	7.00014632203	7.18252583118
19	26273501	2	9.35900131289	9.04876119787	7.8056351132	8.53327472197
19	27511303	2	12.8742259863	11.8001438133	12.8125469423	12.3311648344
19	28807420	2	15.6104446888	11.9769685675	12.6497733521	13.1585477473
19	30164600	2	7.61983561732	8.14984751882	5.74059141997	6.01357855067
19	31585720	2	6.58144930236	4.07591991288	6.55175146332	6.19169530244
19	33073793	2	4.71469371215	3.74764335208	3.00109792323	3.19573529613
19	34631971	2	2.86737557695	5.43952860549	4.36141429897	2.88084194455
19	36263559	2	8.53273389527	6.32331563179	7.60086105336	7.79689947877
19	37972014	2	8.56454179055	8.32624324191	8.37955030366	8.13738576324
19	39760958	2	12.8373520108	12.4489156825	11.2406610926	11.5929064388
19	41634183	2	15.0743124598	14.1009128382	14.939222449	15.3316588906
19	43595660	2	13.714952504	11.3241513906	11.9150122318	11.7134524039
19	45649547	2	9.49113488736	9.18494833993	7.72435933957	8.64229733162
19	47800197	2	13.0743666203	10.7094566823	11.6122584364	11.6312954367
19	50052168	2	12.6748036713	13.1223387576	13.415553212	12.493208612
19	52410235	2	16.219245829	14.6739707379	13.9443402082	14.6503562157
19	54879395	2	15.9778271395	15.3958182115	15.4560489412	15.7923934294
19	57464883	2	14.9333717251	13.8215870821	14.5137632189	14.3161188855
19	60172178	2	11.3058988672	10.9272684047	10.4933104109	10.1258521473
19	63007021	2	10.0996420078	10.637394484	9.93977747265	8.9872499682
19	65975419	2	16.3588741344	12.50749337	14.0507313635	14.0758055196
19	69083665	2	14.1120196018	13.2370414065	11.9204019519	12.2902759927
19	72338346	2	15.1282487953	13.7969164119	14.3046317935	14.6774736561
19	75746363	2	13.9210583174	15.1097044768	14.8448917631	14.2495161526
19	79314940	2	16.8371198543	13.8444447824	14.8604497898	15.6896710599
19	83051639	2	9.94060028619	10.3880403025	8.46192550444	8.32442457604
19	86964383	2	12.5618024793	9.65823688209	11.4516119012	11.7729326166
19	91061464	2	11.9266023246	10.7764485294	10.3977694767	10.6199018784
19	95351568	2	11.0748623172	9.33024916176	8.05777931099	8.08184649687
19	99843788	2	9.52275680157	7.25787299134	9.08572420386	8.41946075533
19	100000000	2	10.0134820524	7.23192316198	9.11171680072	8.5642849192
19	104547647	2	6.85884124434	7.68712704842	6.76669275774	5.92082917387
19	109473114	2	9.64929814278	7.867624928	7.27798093181	7.90789693622
19	114630631	2	8.26763100577	6.48783211685	7.98576237539	7.89052083246
19	120031129	2	6.84640636436	6.4462212722	5.13134803422	5.7131004234
19	125686057	2	8.47379342319	6.6771130173	7.176641163	7.20441337953
19	131607401	2	6.01339087029	4.33797379962	4.52489853864	4.80517723023
19	137807713	2	3.73577255204	3.03503778102	2.62171990652	2.18477970701
19	144300134	2	6.95349122197	6.58962054423	6.97333627484	5.94759298414
19	151098428	2	11.1417548023	10.8296599672	10.4434262208	10.7139101253
19	158217004	2	12.238666859	10.6484451937	11.0659121757	11.6931985099
19	165670951	2	8.20462438182	7.26307125291	6.97095583868	7.20193585841
19	173476071	2	5.02987585709	4.08055037125	4.0826922113	3.98999668051
19	181648906	2	3.58121685663	2.90058880065	3.08785244621	2.90696287669
19	190206782	2	6.61830182499	4.11199072378	4.07271454491	4.39688775161
19	199167838	2	5.33777102622	5.41069090339	5.06718255758	4.79823477914
19	208551068	2	6.78082503111	3.67958116039	4.27975236214	5.07407373393
19	218376363	2	0.0935556571414	0.0648270862478	-0.429390967382	-0.989156661071
19	228664549	2	0.870636813716	-1.88527322635	-1.7449198605	-2.06563413076
19	239437434	2	0.78552924412	-2.06571968023	-1.89387271512	-1.65091362042
19	250717853	2	-3.38573875833	-2.49767199475	-2.80321396152	-3.8049412481
19	262529718	2	-0.452259781333	-2.84137561505	-2.48499332992	-2.84849692574
19	274898064	2	0.210960999861	-1.79816334333	-2.24515989907	-1.75900412268
19	287849111	2	2.43845780794	-0.682386245875	-0.123199903002	1.20084507433
19	301410309	2	-1.96351222762	-2.26318715086	-2.87518783629	-2.87789339107
19	315610406	2	-5.86921216658	-6.55762480541	-5.95007125947	-6.11602487369
19	330479499	2	-11.7507961578	-9.90465225869	-10.4917163949	-11.3531630944
19	346049108	2	-6.7540099869	-9.64566373579	-9.16338774498	-8.2325842725
19	362352235	2	-7.06303896546	-7.81889792161	-7.9939017971	-7.87762417609
19	379423438	2	-7.32003979087	-7.45683454971	-7.67854971654	-8.07398332483
19	397298903	2	-8.13569734357	-8.10848083213	-7.8201550297	-8.008628416
19	416016520	2	-7.39107839597	-8.2273528728	-7.9490055685	-8.92405727761
19	435615964	2	-7.87440372159	-7.7038283976	-8.84878879606	-8.35717643555
19	456138781	2	-3.61285689448	-5.76473929078	-4.29879547448	-4.11342340178
19	477628472	2	-2.81457873848	-1.9175059247	-2.65989079017	-2.40100607771
19	500130590	2	1.28976315739	0.947130082026	0.460844502597	0.6094427618
19	523692831	2	2.92140724769	0.704171102226	1.75040392772	1.76584431484
19	548365141	2	0.773372078694	0.58396657462	0.227531396871	0.0640722622484
19	574199817	2	2.86336113311	3.32112187048	2.44609608731	2.42676591238
19	601251621	2	8.85894951996	5.77796996322	7.15775834344	6.93141789033
19	629577895	2	6.24982235669	5.04779352864	4.30481867117	5.1502739335
19	659238680	2	3.80101478629	3.60757754184	3.47613333674	3.05154853078
19	690296850	2	3.6811123471	3.99957329922	4.10627068581	3.65116060595
19	722818239	2	5.94085602927	4.85620334529	5.63901141462	5.69969883044
19	756871780	2	3.71866435296	5.37450526417	4.08462757264	4.25449904198
19	792529658	2	9.94406999026	7.82225420791	8.2194161413	8.79438092377
19	829867457	2	13.2813054741	12.7004876107	14.0992917651	13.4846508536
19	868964320	2	13.887962377	15.9447972494	13.4713834405	13.9634687155
19	909903122	2	16.0765588596	14.2970431055	16.0391061951	15.2663755374
19	952770639	2	10.0189554102	10.4897706505	10.7148556499	10.4529190707
19	997657739	2	8.89171931289	9.04558748781	7.22696423902	7.00358453528
19	1000000000	2	8.78793783272	9.04974612407	7.49477476353	7.13359892039
19	1044659568	2	13.1035172065	9.40114314225	11.383056041	12.1323612235
19	1093875756	2	6.66040088934	8.49126527299	7.42847235267	7.71821114989
19	1145410625	2	8.56452517636	7.27301081458	7.45994136511	7.68396193623
19	1199373415	2	8.21426322993	8.03656771581	7.99555214999	8.32975949602
19	1255878508	2	8.24721368864	8.78544317641	9.16474374447	9.07496677216
19	1315045680	2	6.74320640197	7.14501301998	6.59926970191	6.55196909356
19	1377000346	2	3.30720962026	5.26149554028	5.4814108687	4.16628099868
19	1441873832	2	6.24811754102	5.252661864	5.64022676032	5.56970529349
19	1509803648	2	5.50244716567	5.77470725344	4.90851467902	5.29137603625
19	1580933787	2	7.83411519811	6.32121667762	7.27696500052	7.68493328161
19	1655415021	2	7.24049994866	7.76234551708	7.11980566887	6.79283876906
19	1733405228	2	9.29842879221	8.24334029624	8.35788284556	9.03995859492
19	1815069724	2	6.0349742315	6.12997117283	6.44088617572	6.13834147985
19	1900581611	2	4.13726785168	4.65906384006	4.30430396461	4.21037409239
19	1990122151	2	7.57667312478	6.79340886131	6.81773586217	6.45239819939
19	2083881140	2	12.1582727095	9.92379996005	10.244988414	11.2925366694
19	2182057319	2	9.53728127794	10.6591410269	10.3818196988	10.1055669295
19	2284858792	2	7.70100924717	9.33406230755	9.1519945767	8.43803804779
19	2392503466	2	9.80678773026	7.61305776068	8.26301341921	8.66668339291
19	2505219515	2	6.38195410961	7.07571237444	6.37415987513	5.95250447911
19	2623245863	2	10.6707293428	9.03021126552	9.34634686307	9.7072378465
19	2746832689	2	12.5325963502	11.4270175477	11.5882801798	11.7085064322
19	2876241959	2	10.416637696	10.3191175124	9.91354739337	10.0776379278
19	3011747983	2	8.94119427694	6.93579800379	7.2783816315	6.92014755961
19	3153637990	2	6.30948727443	6.56575692943	6.53643520154	6.44632174757
19	3302212744	2	10.0647286792	9.69159780231	9.20457141575	8.82740766815
19	3457787179	2	13.0432091313	11.7729785119	12.8170407061	13.369351171
19	3620691064	2	10.3831024547	10.9606749347	9.72988371721	9.35430255252
19	3791269706	2	11.0449467756	9.49539036793	10.1760750695	11.4513176452
19	3969884679	2	10.2478724324	9.40298482851	9.77493874329	9.05781221966
19	4156914593	2	9.34300749482	10.8347470738	9.80700184118	8.52237742517
19	4352755893	2	15.1076859603	12.4894937659	13.001454135	13.9978414303
19	4557823704	2	15.3874997234	12.9123584038	13.8250489312	15.0555329779
19	4772552705	2	8.82043301705	12.660673313	10.6292102526	9.56672114292
19	4997398058	2	13.6699264841	12.8038932745	14.6604923386	14.5835067345
19	5232836365	2	11.5042886673	12.0162411664	11.3605488351	11.3701127956
19	5479366683	2	7.29049070252	9.53219490104	9.16143842449	8.56483445302
19	5737511582	2	8.74114052208	7.33866334253	7.76968982071	8.45455296897
19	6007818249	2	3.64978340091	5.18422173669	5.23449132813	4.20803796327
19	6290859651	2	3.68155243639	0.768679106308	0.681873895361	2.01928124746
19	6587235751	2	-4.22686422549	-2.94693995019	-3.53739489182	-3.65514423348
19	6897574775	2	0.991810986626	-1.56615286066	-0.354269309671	-0.423974892285
19	7222534545	2	-1.16353095055	0.9830420759	0.00639913636201	-0.733069163199
19	7562803878	2	1.83145148343	-0.481219600384	-0.384169212044	0.311103746771
19	7919104041	2	-0.742255042935	-1.592033416	-1.14602862048	-1.23724684887
19	8292190280	2	2.20757685507	2.06815420706	1.9406378621	1.84014301043
19	8682853425	2	7.26310736383	5.19796950298	4.73002523346	5.35858916376
19	9091921561	2	4.25514720031	3.84264297635	4.23969694131	3.50436461476
19	9520261788	2	4.19634015479	2.68636719545	3.10894407282	3.14533527622
19	9968782056	2	2.0835881726	4.07984771944	3.02508412128	2.69628627086
19	10000000000	2	2.98415028052	4.17604498788	3.24333537099	2.84786295027
19	10438433091	2	6.25486190666	4.42248129753	5.08334883041	5.27861159423
19	10930210409	2	3.70508347633	3.3998866721	3.87352372209	3.65236488983
19	11445156427	2	5.13217643986	3.32290535077	2.07880394507	3.05743080668
19	11984362674	2	3.6135290821	2.56404944992	3.53721210381	3.3336101957
19	12548972102	2	-0.881774714353	0.00760900022065	-0.0956341896975	-0.466938352486
19	13000000000	2	-1.83458390938	-1.18970947859	-2.28220177361	-2.2272258024
19	13140181510	2	-1.37927018533	-1.22088928321	-1.64356984033	-2.12116836291
19	13759244080	2	2.29987213372	-0.401917835469	-0.144521611956	0.518236992301
19	14407472037	2	-0.273603873614	-0.477747441873	-0.387852203927	-0.590903641265
19	15086239424	2	-0.597632464383	-1.47682765428	-1.49414381416	-1.58968185026
19	15796985021	2	0.0100893178846	-1.51677828758	-1.94406087729	-1.20386379016
19	16541215392	2	-1.3007432939	-1.70326053827	-0.991357270851	-2.08885671345
19	17320508076	2	-1.8088795447	-3.15831211806	-3.71762009721	-2.79444056198
19	18136514935	2	-4.80204948282	-3.93321672687	-3.68058818487	-3.81784816907
19	18990965656	2	-4.38351632813	-2.76394919728	-2.92937434519	-3.68125059294
19	19885671410	2	-0.40560054866	-0.795230706683	-0.579653287274	-0.59767942674
19	20822528702	2	2.19909171104	1.2481359083	1.25276935513	2.17059420672
19	21803523380	2	2.05455023453	3.20562968596	2.59311910702	2.34562331942
19	22830734855	2	4.7734813998	3.93199871667	5.11204185493	4.63531050687
19	23906340500	2	1.57186494652	2.81476847577	1.61068523959	1.72300216144
19	25032620269	2	0.672826287483	1.41008326613	2.11369618273	1.86187999026
19	26211961532	2	2.63245382219	1.67994346867	1.50469066385	2.47076031681
19	27446864129	2	1.50679938381	3.38436278017	3.35871558015	2.78364695805
19	28739945678	2	4.82487359058	4.40184875325	4.468199737	4.69911691217
19	30093947115	2	4.79669799323	3.68629531468	3.39821449659	3.50506040391
19	31511738509	2	2.93898455838	2.56765779678	3.17375511439	2.99258512319
19	32996325143	2	2.68557869535	2.67584577913	2.1803332796	1.69613370812
19	34550853887	2	4.60566105861	4.33433288716	3.99098061584	4.22874466229
19	36178619865	2	8.4390152714	6.60212281519	8.06394914611	8.12163957281
19	37883073445	2	6.64296867028	7.02095011148	5.01376696606	4.82900027096
19	39667827545	2	7.26718615466	4.01732451219	5.6336999627	6.19868187497
19	41536665297	2	0.47290822782	0.910865390993	0.0886129373617	-0.55203890862
19	43493548067	2	3.29609120042	1.94490723461	2.40355539705	2.76256341799
19	45542623846	2	4.52503640647	4.69010911411	3.96237367944	3.89180996894
19	47688236048	2	6.71850647653	4.55881349709	5.570877169	5.87208118332
19	49934932713	2	3.3117787029	3.69154127687	3.04349740525	3.07276799544
19	52287476152	2	7.09690338112	5.83545119866	5.57918369835	5.4435918788
19	54750853037	2	9.27270786375	8.71455056964	9.63932813538	9.68635468954
19	57330284972	2	9.89797740312	10.1622349933	9.35713325775	9.16045641945
19	60031239563	2	12.9817402305	12.4479008468	12.6310078195	12.0694133674
19	62859442007	2	15.6142196627	14.515605642	14.7110075223	14.7841716712
19	65820887229	2	10.3603899477	11.5479310579	11.5375117025	11.3018245195
19	68921852585	2	6.14452870318	5.12010049338	4.80166066838	5.47313741223
19	72168911173	2	4.26683554789	2.15398177334	2.39392139298	2.86541444332
19	75568945763	2	4.94500336251	3.85652299143	4.05281705476	4.35511729161
19	79129163388	2	6.56755065117	5.24257589222	4.82161501994	5.58494322917
19	82857110620	2	3.31398177672	3.76823649698	3.89922883677	2.60791688517
19	86760689565	2	2.44261132543	2.07467716576	2.32716026088	1.6844090632
19	90848174617	2	2.66413470283	3.39634695897	3.29870090995	2.36655530251
19	95128229991	2	6.92487658672	6.70380268051	6.13957909733	6.38573605775
19	99609928097	2	10.8713746325	7.66277038508	8.61501754795	9.63297868116
19	100000000000	2	10.4322848581	7.55594235441	8.48923857076	9.13028286322
19	104302768761	2	6.96686293477	5.29267364293	4.83918787183	6.25364647831
19	109216699370	2	2.19419236139	3.36524363278	2.8258921273	1.469443094
19	114362135953	2	4.70694928453	3.35086320388	4.32080749944	4.13221163324
19	119749985260	2	2.15613517545	3.31568677325	2.97406797654	3.53395904423
19	125391667883	2	3.42286450857	4.05971346178	3.43643111245	3.11458924212
19	130000000000	2	6.30353025511	6.2644820015	6.96836281886	6.9880480832
19	131299142461	2	7.67233352578	6.96154573827	7.71936712735	8.12925337138
19	137484931034	2	8.44748941119	8.78727019159	8.96101849234	8.44666858256
19	143962145579	2	7.84591446817	7.84192930585	6.71999858491	7.13928069889
19	150744515809	2	9.6989476909	7.98105635886	8.88095900707	8.45369600177
19	157846418272	2	11.5512465203	9.6688977937	10.1255805877	10.3489989539
19	165282906828	2	5.88529537997	8.21702729984	6.52713847118	5.8124517449
19	173069744557	2	6.36510629548	4.31943265621	6.00012466345	5.91011520111
19	181223437172	2	4.36357759744	3.64476381548	3.03745918503	3.64546543136
19	189761268004	2	7.75608632816	6.41380011227	6.03863198771	6.7719369358
19	198701334642	2	9.35052275002	8.44160223585	8.89898166637	8.35865277906
19	208062587291	2	10.5217121088	8.32445257564	8.39768285087	8.11194224119
19	217864868942	2	7.92946564846	6.43674881784	6.02134495448	6.23578884476
19	228128957430	2	4.87583116732	3.45419149404	3.75421414925	3.56805574721
19	238876609483	2	5.69569494	2.21373780722	2.03019013495	2.68513641614
19	250130606832	2	5.20653741751	4.3020910559	4.76558680234	4.79756102209
19	261914804507	2	5.17466217267	7.044395125	6.21019678632	5.61878906208
19	274254181402	2	9.62731031259	8.19863018184	8.84696228824	8.56384187261
19	287174893217	2	8.09007478455	7.94149347329	8.13772355466	8.53492089806
19	300704327907	2	6.28619993123	5.86385608582	4.8559154483	4.65630475835
19	314871163733	2	4.18438498594	3.17618719737	4.21020780701	3.86971614648
19	329705430050	2	5.01663239865	3.85564771426	3.57369873155	3.56072834651
19	345238570962	2	8.24792045972	7.27585858185	6.73174637242	7.71501817924
19	361503511974	2	10.0509267143	7.63623688501	8.48389194805	8.36477146235
19	378534729783	2	4.77258083109	4.44526747667	3.76811585373	2.9657157893
19	396368325357	2	2.69143969627	2.93999144309	3.36952757907	3.22917268178
19	415042100460	2	5.87040185268	3.60476370022	3.36172404701	4.55170723531
19	434595637780	2	4.1472182625	2.92965600816	2.8437883294	2.79924650074
19	455070384831	2	2.34506324716	2.23804038055	2.86485880558	2.19561070592
19	476509741809	2	5.87159914992	4.82312280418	3.79203436828	4.72196398785
19	498959153590	2	9.36439244126	8.38099007032	9.28815183816	8.95595500066
19	522466206056	2	6.71781244629	8.96167119532	8.58009502386	7.12263509228
19	547080726961	2	6.96158811968	7.58252031252	7.63467210808	7.58825608903
19	572854891558	2	8.17720161972	7.06893513118	6.76632075373	7.66666197344
19	599843333185	2	7.91647528338	7.27076876145	8.07907335321	8.23057118576
19	628103259078	2	7.43541634029	7.03766507784	6.152801283	5.53414485318
19	657694571630	2	9.62136560823	6.74831447715	7.05102088732	8.05860110545
19	688679995367	2	7.00433363967	6.58218482857	6.98901692581	7.02028044449
19	721125209903	2	6.56481699303	5.19372825507	4.65643350027	4.70197058297
19	755098989162	2	2.82759550344	2.07479382975	2.0817227552	1.71541692801
19	790673347157	2	0.427580490229	-0.138964635413	0.414321996693	-0.0103675919391
19	827923690639	2	2.83921156722	1.79311191857	1.28603336186	2.08250784967
19	866928978933	2	7.22394904933	6.60676032825	6.49983639446	5.33947447464
19	907771891314	2	11.0190714353	9.25980790081	9.92738171642	10.5961932466
19	950539002253	2	7.37980241341	8.0805178993	7.40459961814	7.29098357538
19	995320964936	2	7.1850333512	6.51749252612	6.77957723605	6.742859476
19	1000000000000	2	7.18384444197	6.44451425135	6.97282157271	6.83243139688
19	1042212703416	2	6.51361223842	5.92334668087	5.9425501798	5.88735439435
19	1091313613827	2	4.10785281845	3.31304232624	3.50418598877	3.84301180569
19	1142727775070	2	-1.7148231895	-1.17028299997	-1.87502222674	-1.76064549237
19	1196564169430	2	-3.02812678852	-2.84774022456	-1.83444458119	-2.84797216335
19	1252936913585	2	0.188141204768	-1.2268144087	-2.01578311451	-1.45859127068
19	1300000000000	2	-0.866616892422	-0.842694018081	-1.60677869549	-1.53124661175
19	1311965500497	2	-0.64851993114	-1.08221942244	-0.928891231251	0.0420926476587
19	1373775052704	2	-3.42599100798	-3.21566123158	-2.74232608019	-3.34974818671
19	1438496587537	2	-4.49926503877	-3.73695585292	-4.46773348488	-4.36213674508
19	1506267294840	2	-2.67232548889	-2.58959008348	-2.0211942604	-2.35044663463
19	1577230827771	2	-2.82231466359	-3.1435568174	-3.38265384647	-3.48646858134
19	1651537607297	2	-3.15350071104	-4.78026852215	-4.68477164995	-4.4255026132
19	1729345141047	2	-5.24016805133	-4.54583349572	-4.88464032272	-5.98587516849
19	1810818357179	2	-1.5298025151	-3.34867882012	-2.47907692952	-2.01217188472
19	1896129953972	2	-2.27275291533	-3.64260716799	-4.98010712433	-3.41122640652
19	1985460765900	2	-4.08467962881	-4.6110515342	-3.23174399754	-3.65826853561
19	2079000146941	2	-7.61474993394	-4.40611635279	-5.30383431875	-6.59365021972
19	2176946371954	2	-2.48186073541	-3.47504570958	-3.30601790272	-2.52149755464
19	2279507056955	2	-3.16547227283	-2.71643667113	-2.38456071485	-3.0701182996
19	2386899599205	2	-0.282914607856	-1.30662675585	-1.59101614763	-0.411707469102
19	2499351638022	2	0.949730332973	1.45604037576	1.24106326848	0.850084199149
19	2617101537311	2	3.56448168879	3.81034625361	4.51758978149	4.67608408898
19	2740398890815	2	2.14371089051	3.73819605191	3.00619092439	2.45011769345
19	2869505051187	2	2.94901695076	3.15991572028	3.38051934787	2.46340726423
19	3004693683969	2	7.60315274737	5.68143073859	6.09861019834	7.42786534731
19	3146251347683	2	10.1836082477	10.0221964571	9.39927028543	8.92794667048
19	3294478101250	2	11.5756470866	11.8928349146	12.0719297039	12.2558270777
19	3449688140017	2	12.6349302443	11.5508115552	12.1293967498	12.2401032127
19	3612210461760	2	12.3000168008	11.6718611528	10.6270683158	11.065579033
19	3782389564056	2	10.8893500547	11.0057822275	11.8897661047	12.1515159454
19	3960586174514	2	8.36936397479	8.37209961797	8.05027128039	7.73095616917
19	4147178015404	2	6.73764369806	6.78789094072	6.69733113748	6.68554484232
19	4342560604319	2	7.00647770488	7.46187849202	7.46641090981	6.11715515092
19	4547148092543	2	10.5474755731	8.44290317075	8.86623780812	8.56406632851
19	4761374142932	2	12.1851617605	10.4764670848	9.75032721196	10.7794827407
19	4985692849142	2	15.1608800658	13.5188351593	14.1039553657	13.8298925995
19	5220579698171	2	15.2759259813	12.4750024007	12.3883758743	13.5787230333
19	5466532578244	2	6.48519745623	7.12543654138	6.69776902018	5.9456977593
19	5724072834185	2	6.41475992537	5.21313078825	5.90874803446	5.86759967904
19	5993746372511	2	8.92050085024	7.67667635616	6.97425436937	7.92946896618
19	6276124818579	2	6.97933352259	6.65139720696	7.22999666861	6.841644776
19	6571806728266	2	1.65515653827	1.60642561279	1.18741166458	0.9608789492
19	6881418856717	2	1.44314702933	-0.222463110135	0.011395067499	-0.183616835234
19	7205617486879	2	1.88995670774	2.0753181136	2.04082384862	1.15935202034
19	7545089820617	2	6.03640580398	4.03242547204	3.9364720601	4.49795841151
19	7900555435372	2	4.11820875992	4.81931373696	4.8632128486	5.08903062705
19	8272767809448	2	6.65553696612	5.43816630511	5.66830444938	5.61344163891
19	8662515919149	2	4.88830424625	6.19384137528	5.56267270106	5.41679406515
19	9070625911176	2	10.1676970209	8.19650366173	9.16285800855	8.76600534589
19	9497962853795	2	8.53675198959	9.90386090757	8.84798977676	9.15278533162
19	9945432570527	2	11.0244216802	7.93137121455	8.78676220271	9.72564771757
19	10000000000000	2	9.49164129308	7.51553828968	8.64729760925	9.37853708301
19	10413983560209	2	5.34557741713	5.27461054209	4.76316456955	4.95785559147
19	10904609007526	2	6.13196400243	6.78119095135	7.06720731946	6.50251117674
19	11418348888254	2	7.69449512216	7.90927146951	7.53884396911	7.85988455292
19	11956292173695	2	4.01367911251	3.09834276243	3.82361095965	2.39490461499
19	12519579138962	2	-1.59481093579	-1.72996840212	-2.83121128427	-2.14611796551
19	13000000000000	2	2.7080262347	-0.509306655496	0.423009749528	0.248634390143
19	13109403780009	2	2.02669217358	0.305768931546	1.55225823284	1.45472442569
19	13727016344541	2	6.12008386938	5.1039377092	3.98621945667	5.0470399278
19	14373725982157	2	9.60720653154	7.00673984507	7.90292721262	7.48026220511
19	15050903519343	2	6.07551614659	7.33475412327	6.53526085218	5.68384859029
19	15759984365207	2	9.45608744645	7.87386867547	8.74902240497	8.55238973596
19	16502471554108	2	5.19917061368	7.60567851844	6.64467681534	6.45604623282
19	17279938931625	2	9.85610898009	6.65495399614	7.48417510757	8.69271182323
19	18094034490631	2	4.53913062432	5.30615658423	4.92077036404	4.75322105792
19	18946483864533	2	3.53086378742	2.22012231096	1.99907716241	2.01387900201
19	19839093985085	2	-1.06871254683	-2.0478729732	-1.39446024416	-1.49126412268
19	20773756912534	2	-5.72827935777	-4.24016820527	-4.84766781557	-5.07384967276
19	21752453846202	2	-3.00175587756	-2.62270124287	-2.54589270076	-1.82869775514
19	22777259324031	2	2.33754130746	0.901735272082	1.46213886288	1.67932210278
19	23850345619961	2	1.74679270807	2.86860307186	2.07474239474	1.25364651356
19	24973987348488	2	4.48188234441	2.26906167045	2.69957855934	2.90271775918
19	26150566286152	2	1.9391825412	2.16556068712	2.35393499957	1.40987806672
19	27382576420175	2	4.68584350468	4.91814007216	4.42296531084	4.98690259574
19	28672629234945	2	8.97404369039	8.02711505055	8.2995360239	8.04232929902
19	30023459247572	2	10.2983813374	8.39176042463	8.52395691846	8.63822637393
19	31437929804219	2	6.99837829755	6.50256472173	6.25907915909	6.50007014639
19	32919039149526	2	5.40613341048	3.91903570262	3.98617982394	4.33188602638
19	34469926781966	2	2.46159560911	2.07766355874	1.97262089089	1.42089526091
19	36093880108624	2	3.96443747792	2.76355449475	3.44554808531	2.94837178562
19	37794341413493	2	3.78309432222	4.39170892403	3.00445067933	4.38717840014
19	39574915154062	2	5.77714965358	2.93167891148	4.3443562042	4.99401467785
19	41439375601662	2	0.0789952538596	0.00826497072124	-0.502291478154	-0.981159536135
19	43391674841769	2	-1.13830007196	1.11853379282	0.550880339458	0.331427808405
19	45435951151211	2	6.63848932331	5.35900374796	6.1603168755	6.32158783771
19	47576537770051	2	7.43942967126	7.63551082394	7.57940990254	5.99564083693
19	49817972086731	2	8.00177077665	7.90918243477	7.20601453496	7.37809909662
19	52165005255944	2	8.39841822542	8.53564045538	9.02583816255	8.40065423803
19	54622612269628	2	10.6079169948	8.87358131497	9.40860677962	10.1174661762
19	57196002502427	2	7.54097475555	8.8126577483	7.60698460666	7.57827036501
19	59890630753972	2	11.5247291424	9.1354355566	9.83369008342	10.4261343992
19	62712208811383	2	9.65572243754	7.12081093053	7.58268762381	8.78151126708
19	65666717556514	2	0.700913225743	1.14339252939	0.195100188652	-0.491153660004
19	68760419643587	2	-1.93634615531	-3.75396975859	-3.61074225719	-3.0643578161
19	71999872774107	2	-2.81047810979	-3.49147828606	-2.36870230568	-2.53430174336
19	75391943597177	2	-4.59763779934	-1.69900886865	-3.15785658778	-3.59105689628
19	78943822264697	2	-3.07801568767	-2.38209570318	-1.95843932752	-2.41207921792
19	82663037672284	2	-3.88382720708	-3.63934581752	-2.61248165058	-3.28898874857
19	86557473418223	2	-3.57024195621	-2.98239627587	-4.57377795364	-4.99575592659
19	90635384514286	2	0.718464093568	-1.81340152535	-0.866865815406	-0.174892326467
19	94905414883828	2	-1.25936218497	-1.86761294036	-1.79372674134	-1.62863193934
19	99376615684263	2	-0.311870021507	-2.09293948693	-2.57724753777	-1.68131729061
19	100000000000000	2	-1.62296328729	-2.02651165508	-2.57116871534	-1.70613893247
19	104058464492742	2	-0.00427144107026	-0.87798133271	-0.761147226206	-1.27328150944
19	108960885395717	2	1.02949908047	1.20422151246	1.64445548435	1.3215111417
19	114094270024970	2	2.15944712432	2.57864136333	1.91490466536	2.31087134237
19	119469499584686	2	3.40382236135	3.35142149338	3.98816343439	3.71978500006
19	125097967916282	2	5.16636380061	4.43524512213	3.67169343021	4.3440822294
19	130991605649859	2	5.76197154095	5.06883936588	6.19746736606	5.76063576835
19	137162905493486	2	3.01728623745	4.40295957112	3.09206400671	3.19830617093
19	143624948713920	2	3.28176739367	3.6576743229	4.51781485375	4.13032744504
19	150391432864885	2	4.63166429621	3.42523272241	3.55039159192	3.96881113354
19	157476700821694	2	4.03172389049	2.48092220102	1.50106747635	1.98763189938
19	164895771183756	2	3.01033534815	1.85777608351	2.93653270214	2.15826586137
19	172664370109409	2	4.07236743552	4.34557524646	3.86105580961	3.28255288036
19	180798964650562	2	8.31270116222	8.32531175076	8.29533122875	8.15843146527
19	189316797657804	2	8.61691264725	9.12768828176	8.82087406526	9.0155315201
19	198235924329971	2	8.28595276717	6.82939020718	8.26733137237	8.15401467695
19	200000000000000	2	6.54232761001	6.3984337822	6.86438410268	6.40804558621
19	207575250485640	2	3.34584863783	5.54407384186	3.16363973359	3.6520265077
19	217354572637679	2	9.73142463394	6.17137130725	8.27501152423	8.32183215355
19	227594619955796	2	6.5123243701	6.50047581502	5.86790548714	6.97027576383
19	238317098206027	2	6.51214975486	6.33044942677	5.54944290641	6.34835018022
19	249544735760329	2	6.67311631976	6.74715014057	7.5299578796	6.40454235623
19	261301331773756	2	6.89166238899	6.6009581792	7.27687382509	6.54557883449
19	273611806631400	2	2.34479087923	4.33423480047	2.18685749474	1.8514343444
19	286502254771965	2	4.85581544026	1.70846960125	3.78416698296	3.57942423942
19	300000000000000	2	1.18934782361	2.20807905402	1.79616533735	1.9761223006
19	1000000	3	8.70377165152	6.05612142099	5.72704506551	5.73808702789
19	1047112	3	10.7285319299	5.22406193254	5.51906084175	6.88915475536
19	1096444	3	9.56292879769	6.8244900544	7.05238364299	6.4994578751
19	1148100	3	11.4859146801	8.91187854947	8.26960548397	8.75654827909
19	1202189	3	12.870383229	10.0371031243	10.4346199387	10.363931535
19	1258827	3	15.0975817433	11.2412839072	11.5616023115	11.5183423474
19	1318133	3	15.6861171889	12.7951217162	12.0445833401	11.7028336674
19	1380233	3	15.8124751247	13.8323574605	14.2928939986	13.7883819811
19	1445259	3	16.9895635454	14.1956745284	14.3160026077	14.1713306814
19	1513348	3	15.8240103132	13.5743820803	13.3237100722	12.746274272
19	1584645	3	15.1056996883	11.9359996782	11.7800655312	12.1468106996
19	1659302	3	14.209179568	11.0988463311	11.5026445848	11.8911325676
19	1737475	3	16.4811351042	11.8795317748	11.939172148	12.9961909784
19	1819331	3	12.8876978424	12.3768134442	11.5313828481	10.5587564928
19	1905044	3	15.8404694825	12.114151442	13.1535156166	13.3706330781
19	1994794	3	13.6805768018	12.7215264891	12.3450927117	12.1862017545
19	2088774	3	15.4053302245	13.6849022561	13.3580523742	13.7701501977
19	2187180	3	14.9247328005	13.1624539374	13.2828753076	13.5571471784
19	2290223	3	12.0184142121	10.9442254445	11.8132758747	10.8440484875
19	2398120	3	8.36682546793	6.99997718154	5.50090068206	6.23496138055
19	2511101	3	6.19339222798	2.46697565853	3.41718248337	2.89322974706
19	2629405	3	3.61000264078	1.68533030746	1.94815883381	1.84922493555
19	2753282	3	5.95169090807	5.42443045447	4.55713229955	4.83704440116
19	2882995	3	10.2494751933	7.19304376677	7.51898667099	7.36434130936
19	3018819	3	6.64664063569	4.37377139638	4.9347863599	5.12212426612
19	3161042	3	4.5456535354	3.13480746488	2.46149024316	2.2681018224
19	3309966	3	8.46617271849	5.88698550266	5.83765464883	6.11320966793
19	3465905	3	8.29889548379	7.26466234308	7.82585064862	7.59187635608
19	3629192	3	7.27854639038	5.94511651221	5.89935245039	5.80285513596
19	3800171	3	5.73565975963	6.08967563083	5.06700496063	4.45715352267
19	3979205	3	11.9299829209	7.39039866129	8.80057078808	9.50610190697
19	4166674	3	8.19912388933	6.31802813258	5.70604133525	6.45646428039
19	4362975	3	5.00650087311	3.56947313029	3.06082955069	2.72649979708
19	4568524	3	4.26161089929	1.69039861876	2.40318169885	3.00214213643
19	4783758	3	2.91133972352	1.23407481603	1.40317879341	0.908810419744
19	5009131	3	3.97023650119	2.86060296267	1.81703734426	1.12871213936
19	5245122	3	10.5799381012	6.68926460526	7.50606801482	7.65863373771
19	5492231	3	12.2770699615	10.045956827	10.4202402442	9.92040701435
19	5750982	3	12.0332942152	10.5586338012	9.2075732826	9.46368727765
19	6021923	3	10.5346752852	8.50708952092	9.71467115755	9.64018694147
19	6305629	3	7.96845092227	5.26743567099	5.04426417443	5.20288369055
19	6602701	3	4.07001256786	3.31762217833	2.74764623803	3.04379323472
19	6913769	3	6.14530743038	4.5459603517	5.0819043986	4.81620739184
19	7239491	3	8.24203418693	6.01022817289	6.02571133793	6.37037734064
19	7580560	3	4.76392551622	3.96257098107	3.61685323876	3.55190630687
19	7937696	3	4.66905138742	1.35523552573	1.47354178649	2.934328889
19	8311658	3	3.1833239133	2.62216987844	3.00351899662	2.26111363579
19	8703239	3	6.14225425936	5.46781605297	4.77553272057	3.91219856694
19	9113267	3	7.93082089344	6.65407913105	7.27891242261	6.93743338086
19	9542613	3	8.52178656452	8.23304496067	7.97286653102	8.21476371283
19	9992186	3	13.1241429842	11.0630111936	10.7874095896	10.7530970906
19	10000000	3	12.4774300026	11.1021396351	10.8655043063	10.8620029035
19	10462940	3	15.1107596538	11.6939418718	12.5502964894	12.0317535932
19	10955872	3	11.1948768128	9.59213805148	8.35020028853	8.82866513863
19	11472027	3	10.5392694822	8.24643713936	9.39216590777	9.23304979128
19	12012499	3	11.4292056536	8.94746230382	8.40371354915	8.71983469234
19	12578434	3	10.7858348162	10.4961324096	10.3287590062	10.499933754
19	13171031	3	15.2046600615	11.9893669784	12.4649314612	13.1029788295
19	13791547	3	13.8645449736	12.2511726926	11.9980617852	12.1094671727
19	14441297	3	13.1965659947	11.1502974655	11.0211119864	10.9546082688
19	15121658	3	12.3201097701	10.9573789829	11.1880882926	10.1325116281
19	15834073	3	13.348110683	12.0742604291	12.0627525769	12.1263147511
19	16580050	3	15.5791378814	12.0638056091	11.8575541505	12.37344957
19	17361172	3	12.0262010253	11.5474302823	11.7453921923	10.761377634
19	18179095	3	16.3719753285	13.6045258877	13.4914092491	14.2780336125
19	19035552	3	18.2563872655	17.1804211205	17.4093727665	17.656296806
19	19932358	3	18.2965506657	19.0349442759	18.4990939332	17.2745546985
19	20871415	3	21.4486154825	19.320471041	20.0452231041	20.6125157557
19	21854713	3	20.1068141332	18.8937756325	18.2917723003	18.9488868933
19	22884336	3	18.8738855728	16.8513141278	17.2214094437	16.7956700101
19	23962467	3	17.5572924156	14.3101671187	13.9417882568	13.7867396558
19	25091391	3	17.6940599324	13.6702312295	14.2540859938	15.229158618
19	26273501	3	15.2983675307	14.0733975679	13.4874873366	13.5207285678
19	27511303	3	14.402672907	13.6593188658	13.6907189112	13.1241199576
19	28807420	3	15.7832540396	12.6324735581	13.4873166749	13.7675548506
19	30164600	3	11.1757589054	10.4777957717	9.03445535288	8.56249518787
19	31585720	3	9.40207043194	6.6063901269	7.96905981175	7.76899790902
19	33073793	3	4.01019924942	4.03646055027	3.14423777446	2.55051494703
19	34631971	3	6.90294120376	5.13080422771	5.74365703145	5.53660111881
19	36263559	3	8.74084935613	6.94497976767	6.22261352595	7.01843494822
19	37972014	3	9.83902717605	6.72559983932	7.55214417061	8.11854695631
19	39760958	3	7.14296240291	5.88142658705	5.42529762755	5.51547555736
19	41634183	3	6.11782161519	5.6883474096	5.38968355298	5.37086671797
19	43595660	3	9.39905835936	6.40930302834	7.19969774314	6.97458449235
19	45649547	3	11.5585108034	9.38017557539	8.89995248385	9.397561617
19	47800197	3	13.9030236597	13.5609289698	13.1022633663	12.6188109329
19	50052168	3	16.6441372053	15.2815207606	16.5411627397	15.1962986216
19	52410235	3	16.7937695233	14.6597073867	13.3763182822	14.4912045973
19	54879395	3	15.4149226604	14.2625723385	14.8644194504	14.8632216777
19	57464883	3	14.2970064527	13.0421974242	13.1592451174	13.2521894897
19	60172178	3	11.7215569138	10.5859616517	10.3246219244	10.3572184415
19	63007021	3	11.4842703475	10.6295079531	10.4325274948	10.1817534724
19	65975419	3	17.1169683016	12.9796254954	13.7513178691	14.0436925134
19	69083665	3	13.0174585246	12.984766925	11.9940846667	11.9317471625
19	72338346	3	15.6261405279	12.0848065486	12.9159651373	13.2180197031
19	75746363	3	15.4970271835	14.7108945645	14.0530144848	13.5121014453
19	79314940	3	20.8442073306	17.0580509187	17.8340414688	17.8583052086
19	83051639	3	14.0825170721	14.1512634212	13.0692150775	12.5067341855
19	86964383	3	15.2082496308	10.7005595784	11.877569655	12.6237724037
19	91061464	3	13.8279447242	11.4938129796	10.6748735868	11.3542397898
19	95351568	3	14.0552533995	12.32034161	12.5490637398	12.059944007
19	99843788	3	10.4186259083	10.0793429134	10.1744770513	9.93107595267
19	100000000	3	11.1076704886	9.98906069385	10.0859904461	9.86504772984
19	104547647	3	10.1094769052	8.54982247047	8.67602767859	8.31623479747
19	109473114	3	10.2862155119	9.05781662338	8.38769412629	8.96759202483
19	114630631	3	10.2331432826	8.24647873988	9.29426824251	8.77956151279
19	120031129	3	5.86834831231	5.82309949026	4.83422946417	4.57704761884
19	125686057	3	8.44385069025	4.51147063663	5.15464018639	6.14374549057
19	131607401	3	5.95472364228	4.87646472975	4.5563089053	4.95340703319
19	137807713	3	6.29333991459	6.08681791921	6.22132231032	5.52561928448
19	144300134	3	8.67075018773	7.71642244781	7.72193829082	7.19592232141
19	151098428	3	10.5626041814	8.99803201221	8.88035915692	9.02441302327
19	158217004	3	11.1039560244	9.73475426316	9.76074448094	9.75998172394
19	165670951	3	11.8040724977	10.3868018058	10.7638539585	10.6613725928
19	173476071	3	10.3190236656	10.1493043623	9.31087466322	9.5344833348
19	181648906	3	11.3532193965	8.6917023849	9.59258610911	10.5259367998
19	190206782	3	9.50447856069	8.14104641128	7.71554821335	6.95694188572
19	199167838	3	10.0662074604	9.21982159306	9.0697558354	8.97639123043
19	208551068	3	11.5083016373	9.6405071661	9.85605604335	10.1216993
19	218376363	3	11.3202345141	9.24941195252	9.60069314894	8.9237654555
19	228664549	3	13.7010740685	10.5008854614	9.45930745417	10.183069707
19	239437434	3	15.7330285751	12.5625313141	13.8389547193	13.7219037631
19	250717853	3	12.8833955349	12.0516471036	11.0418984805	11.1146701814
19	262529718	3	12.5986653371	9.40148116382	10.075422789	9.86851356478
19	274898064	3	9.05022689403	7.82197585668	7.22035823573	7.17533796833
19	287849111	3	8.74125129455	7.27052298358	7.96084312512	7.66794697432
19	301410309	3	5.42496161859	5.22324772796	4.52894890977	4.51172967451
19	315610406	3	2.18112614299	1.94819839161	2.6038232965	2.31338146672
19	330479499	3	1.32075064253	0.37449922362	-0.441294950821	-0.0283457389122
19	346049108	3	5.78371559441	1.50427335273	2.63119475624	3.45526401254
19	362352235	3	2.70221807386	3.23609155825	2.10426115509	1.82673400675
19	379423438	3	6.69938803803	3.63620893127	4.17160419768	4.85237762993
19	397298903	3	3.43308547245	3.15526124925	3.38813604559	2.70803263436
19	416016520	3	4.08085608119	3.33400532607	2.99287202654	2.30741530146
19	435615964	3	6.8793810291	4.725947819	4.28619057836	4.20432357567
19	456138781	3	8.03230509564	6.37832990004	7.64999097703	7.72885729394
19	477628472	3	8.04870762057	6.92501505003	5.84784304874	6.06861622135
19	500130590	3	7.44838223395	6.35133034287	6.19248362236	6.5214364862
19	523692831	3	7.86411248297	5.92477845745	7.1078739481	7.01544680669
19	548365141	3	5.25893013512	5.78372916539	5.00668556517	4.79493677808
19	574199817	3	6.09032367995	4.83594295769	4.0108142793	3.84489526084
19	601251621	3	8.20602861732	3.68860222178	5.75579806276	5.60017959547
19	629577895	3	4.56382376744	3.99458278163	2.29561722284	2.88459545334
19	659238680	3	7.03258915516	4.9347030037	5.04587592617	5.45745522164
19	690296850	3	5.68899180915	4.8612184171	5.97570915894	5.75631596567
19	722818239	3	4.73902768312	4.82330924224	3.90698003554	3.50981890458
19	756871780	3	6.00604422474	6.10841480839	5.91776240863	6.05803659157
19	792529658	3	9.1710790424	7.80113890226	8.61862701574	8.82398059084
19	829867457	3	9.90644234393	9.50062283631	9.23160662977	9.11611010661
19	868964320	3	11.6256698631	11.2631445671	10.4752397939	10.5891556472
19	909903122	3	12.1251228765	11.1357596565	12.3129915689	11.9724618056
19	952770639	3	7.24595932798	8.73429851107	8.2282440535	7.1782737646
19	997657739	3	7.55737099634	7.42973861353	6.91305744636	6.68793406693
19	1000000000	3	8.36328580322	7.43425603953	7.0287349076	6.48057639626
19	1044659568	3	11.091150045	8.06517818914	8.98791479225	9.8979416757
19	1093875756	3	8.06497522655	7.90593846121	7.46202275978	8.21586675106
19	1145410625	3	10.2397108002	7.92305098602	7.54388330936	8.71748014998
19	1199373415	3	11.3652372202	11.0553653634	11.9065152196	11.3413424383
19	1255878508	3	12.5676895049	14.7051356785	13.9735771888	12.828034115
19	1315045680	3	18.186854979	15.1924808981	15.4612654266	16.1189886457
19	1377000346	3	15.3213630865	14.3521317257	14.5139576097	14.0277627989
19	1441873832	3	15.1854248717	14.1974179699	13.8483943634	13.0243742244
19	1509803648	3	15.0485076399	13.858813884	14.1334183235	14.8631995679
19	1580933787	3	15.3805639875	14.6919710044	14.6721003222	14.45599918
19	1655415021	3	18.2468111547	17.7235729889	17.4319055295	17.0853352819
19	1733405228	3	21.4296133391	18.6144064464	19.1276971249	20.1424264453
19	1815069724	3	13.8173887629	15.3728055733	14.8613596642	14.4501722892
19	1900581611	3	14.9788503457	13.5194601625	13.7380367117	14.3204440856
19	1990122151	3	16.7948147715	16.0428253394	16.3677618632	16.1172180386
19	2083881140	3	18.8254396512	18.6907999582	17.7433393692	17.9690423082
19	2182057319	3	20.4417662143	18.5582364365	19.9297036697	19.886561965
19	2284858792	3	13.9900315512	16.9391631436	15.5930673283	14.2609163966
19	2392503466	3	17.4837382549	15.0937736101	15.945067005	16.5157546458
19	2505219515	3	15.8926223071	14.6461811466	14.4692449534	14.6306937604
19	2623245863	3	17.469508324	16.7787500131	16.4931348855	16.19054571
19	2746832689	3	20.2357764774	18.492277863	18.8864836098	20.052206883
19	2876241959	3	17.9604763642	17.0540825627	16.6883385537	17.3101375303
19	3011747983	3	16.3432718449	15.2427276648	15.7175617566	14.3362141651
19	3153637990	3	14.5188312726	15.3355801097	14.6658317706	13.9998655499
19	3302212744	3	17.4038794009	15.1347990992	15.7316666087	16.1396016049
19	3457787179	3	14.5088893327	13.9723661483	13.913312039	13.9718984724
19	3620691064	3	13.6553928288	13.6804380976	13.0395857454	12.5725672483
19	3791269706	3	16.9317164231	13.9170603186	14.8666775607	16.1018227813
19	3969884679	3	13.7901129959	14.0455196238	13.3707935449	13.4470557228
19	4156914593	3	15.594351358	14.805546983	15.0381656814	13.9625003715
19	4352755893	3	16.5003784537	14.8161391342	14.6201124421	15.0524357333
19	4557823704	3	16.5912232085	13.3252769919	13.9728097879	15.6189613936
19	4772552705	3	10.963118852	13.7022193718	12.5933642641	11.1838674174
19	4997398058	3	16.9679952697	15.8712926251	17.0055664931	15.9580104514
19	5232836365	3	14.8174792564	14.4568544147	13.6107193172	14.1557314187
19	5479366683	3	12.0126783977	10.2010751964	10.9543436618	10.7438796712
19	5737511582	3	10.1401501841	8.74463785323	7.67596620401	7.95017597869
19	6007818249	3	10.0604344747	7.52446377986	8.89156440241	9.21141480768
19	6290859651	3	2.75476385365	1.608132432	0.574129586889	1.62308001573
19	6587235751	3	-3.25413390551	-3.13821831586	-3.12021284934	-3.77528431614
19	6897574775	3	0.657934020831	-0.647395469464	0.33173051462	-0.640749514626
19	7222534545	3	4.00985459819	2.94022502005	1.81159023694	1.713199292
19	7562803878	3	4.02071868084	2.12679238469	2.40798921891	3.2901393171
19	7919104041	3	3.20875471977	1.66723712969	2.53657511111	2.15937723589
19	8292190280	3	2.56873462278	4.02084723455	2.60091849087	2.66576281398
19	8682853425	3	7.57697262423	4.65230105098	5.71683919823	5.78070544742
19	9091921561	3	4.14260007192	3.15476378641	2.83583876552	3.18059239442
19	9520261788	3	2.57714627688	3.02556595244	3.00980803907	2.95821165196
19	9968782056	3	1.4568514912	3.09272137449	2.72735823612	1.99801178539
19	10000000000	3	2.72718178414	3.02945500554	2.8455831171	2.02007242037
19	10438433091	3	4.14552251123	1.63668055791	2.60980195646	3.14370662586
19	10930210409	3	0.600931906472	1.5959910005	0.5867845789	0.231695289872
19	11445156427	3	5.13217643986	3.66119348374	3.86922252704	4.35794356199
19	11984362674	3	5.3306231549	3.87996817855	4.66914570967	4.84746122213
19	12548972102	3	0.399787688287	1.65330870043	0.66407446896	-0.157804170428
19	13000000000	3	1.52943267796	0.71342445211	-0.328099538293	0.418661981736
19	13140181510	3	2.54634495753	0.786744244813	0.864426397801	0.742406866967
19	13759244080	3	5.72102149151	2.72018575659	3.85130448039	4.74489336163
19	14407472037	3	5.61238715106	5.56149310543	4.13975028418	3.60839961457
19	15086239424	3	8.844273539	7.32892392551	7.78004405975	8.3532997606
19	15796985021	3	8.79452208938	6.74556430037	7.53141958648	7.49428161165
19	16541215392	3	2.5916075248	4.2383690077	3.31631026081	2.02957009682
19	17320508076	3	3.73061253693	2.42057836966	2.10443680039	2.59285105909
19	18136514935	3	6.96786535739	2.90963259203	4.64525076123	5.10365019527
19	18990965656	3	4.39588167744	4.75958798564	2.88286370678	3.50077951557
19	19885671410	3	8.40864421028	7.02021035901	7.54609942274	6.95706512015
19	20822528702	3	13.2390062981	9.48724880231	10.5912234535	11.2917445373
19	21803523380	3	9.82005366334	11.4753907409	9.78505010943	10.0054756364
19	22830734855	3	14.1698522267	12.6933184494	13.8078472727	12.3031072595
19	23906340500	3	12.4747653455	13.4497095876	13.1001098282	12.4937429196
19	25032620269	3	14.3527194686	13.0374048929	13.236556345	13.3046219841
19	26211961532	3	12.7595330145	11.0569124904	10.6129764265	12.0495510629
19	27446864129	3	10.0984284527	9.33397600797	9.66600734786	8.92611896101
19	28739945678	3	9.28411023179	8.84785947283	9.17647592977	9.22393431671
19	30093947115	3	8.95500455208	7.50107257269	6.62496798107	7.84395613902
19	31511738509	3	7.1967128135	4.65238002295	5.26702937211	4.94020390544
19	32996325143	3	4.88636123657	3.8967820172	4.22154620415	4.07295754311
19	34550853887	3	7.33381028771	7.38633747509	6.2549143294	6.20254732892
19	36178619865	3	14.5313032863	11.3056461818	12.5242464588	12.4183003879
19	37883073445	3	11.9208512048	11.0996905421	10.339730813	9.0981236888
19	39667827545	3	11.3099030656	8.17006700037	8.48604837463	9.10290799439
19	41536665297	3	7.8364564327	7.13067782505	6.96464906104	7.11262845166
19	43493548067	3	8.67470314005	8.44418171385	8.63069878698	8.96454097653
19	45542623846	3	9.62346489188	8.65087203475	8.40219458868	8.29197529124
19	47688236048	3	8.42296015579	7.10197989969	7.52933305723	6.90977565815
19	49934932713	3	7.90540823988	7.09831617306	6.38074852292	7.53662588586
19	52287476152	3	11.9207772096	10.0981842531	10.8802657034	10.413446768
19	54750853037	3	13.9499568149	13.8984454771	13.634208568	13.6918925294
19	57330284972	3	17.0137199539	16.8645175148	16.2121077424	15.8904271181
19	60031239563	3	22.457316632	19.3600143644	20.6101845652	20.7225365501
19	62859442007	3	20.744580622	21.046473856	20.0361142828	20.5387632249
19	65820887229	3	19.2090158426	20.6666322876	20.9040089217	20.2062486218
19	68921852585	3	20.5091398041	18.5316323634	18.7737136514	19.5466135834
19	72168911173	3	19.0742793672	16.7584428396	16.7512302801	16.4916006985
19	75568945763	3	15.9749030683	16.5829985557	16.0733000321	15.1062049702
19	79129163388	3	18.7102934443	16.3168421575	16.9186940152	18.1908814341
19	82857110620	3	12.1145842369	13.5012843389	13.3266218964	12.4295641099
19	86760689565	3	10.6477537173	9.45805893558	9.30712321311	9.24536409534
19	90848174617	3	10.8916095204	8.37556444526	8.20335249001	8.33756421572
19	95128229991	3	12.1945099842	10.7653939603	11.6881489675	11.0306396527
19	99609928097	3	14.0517608343	12.8757473529	11.5247477804	12.8876834237
19	100000000000	3	13.5882096168	12.9591729756	11.6838107092	12.6978737559
19	104302768761	3	16.3333131235	13.2413331449	14.2761206805	15.1748200283
19	109216699370	3	12.947811455	13.4193696757	13.0955909827	12.1221603442
19	114362135953	3	11.9090018322	13.160411803	13.0678579918	11.7470349421
19	119749985260	3	12.6130590633	11.6617881252	11.5725669792	12.8055321106
19	125391667883	3	11.4208063603	10.6167850063	11.205362144	10.7763076372
19	130000000000	3	10.7558616169	10.6331142188	9.81774003934	10.5780737104
19	131299142461	3	9.49217593841	10.6390112284	9.68416023179	10.2321374293
19	137484931034	3	12.9930728806	10.1520635151	11.1416656099	11.386359038
19	143962145579	3	10.4518745634	10.2216520007	9.47804333072	8.42991942456
19	150744515809	3	14.4983039425	12.600928959	12.895841738	12.8644266359
19	157846418272	3	17.0464997193	14.0267451447	14.3113819579	14.326825574
19	165282906828	3	12.0622251015	11.4188787939	10.6347576291	10.9350480511
19	173069744557	3	10.0856424819	8.61042097272	9.49250252843	9.08992271915
19	181223437172	3	12.3300387826	9.99006254196	9.53736114033	10.5129340668
19	189761268004	3	15.7482461195	13.7165979817	13.5052237468	13.66798015
19	198701334642	3	18.2503799277	16.0760909757	16.6803458252	16.0227766679
19	208062587291	3	17.3802105991	15.5670318071	15.1009371173	15.3548881848
19	217864868942	3	13.5936573369	12.0351220671	12.0232819806	11.7496365514
19	228128957430	3	9.14255304388	7.86693652719	8.31235865874	7.65118460666
19	238876609483	3	9.55425568285	6.89156090694	6.24681605608	7.22505017417
19	250130606832	3	12.8085354465	8.94234474918	9.63769217179	10.4263812527
19	261914804507	3	9.60770907328	11.0818114524	10.3593480253	9.24701739522
19	274254181402	3	14.573584271	12.6922603203	13.3865729309	13.4227146031
19	287174893217	3	13.3540734942	12.9221071389	12.4269445346	12.6624194865
19	300704327907	3	9.58545722332	9.40679067955	9.52895761903	8.17531602264
19	314871163733	3	6.22944263688	4.6575477545	4.91466965328	5.88470253622
19	329705430050	3	5.37080631344	3.80120339548	3.3762444074	3.38290936434
19	345238570962	3	6.25308593764	4.59139703541	4.84471604277	4.58283072574
19	361503511974	3	6.09270206772	1.85811799534	2.08763758775	3.34330428139
19	378534729783	3	-1.29707499953	-1.53405607901	-2.34570676283	-3.22275101507
19	396368325357	3	1.08039352347	-0.856487377701	0.270363552816	0.520015763591
19	415042100460	3	1.10546528395	1.08550747879	0.235085062432	0.4451582657
19	434595637780	3	3.22894745808	1.62399991437	1.64566221662	1.65224729732
19	455070384831	3	4.05121494377	4.32443284177	5.15592796591	4.50710322428
19	476509741809	3	10.213946121	9.55018022475	8.50151838845	9.21646615763
19	498959153590	3	12.9960717205	11.4228301568	11.8764676131	11.8269845453
19	522466206056	3	7.57047337792	8.88179027444	9.28901365565	7.97090616298
19	547080726961	3	7.52856553456	7.87453419215	7.11639884482	7.02169041841
19	572854891558	3	11.9573867149	10.6761240315	11.0472058601	11.9074948327
19	599843333185	3	15.2732507219	13.1612230543	13.3772169249	14.2138279341
19	628103259078	3	13.785537075	12.9233942283	12.6067118837	11.3259400432
19	657694571630	3	13.3007980806	12.0379455693	11.9157475306	12.0551978509
19	688679995367	3	12.7564364489	11.5207223802	11.987237669	12.2804764969
19	721125209903	3	11.1925412879	9.28661189991	9.14009421278	9.88010996629
19	755098989162	3	6.72764908902	5.14275806568	4.50428977747	4.6274630033
19	790673347157	3	5.46149502954	2.96687394869	4.04769612186	4.41214388964
19	827923690639	3	5.27887060796	5.01867854704	4.37996227583	3.83965248759
19	866928978933	3	8.78309768187	8.27260942958	7.94063580068	6.99794426595
19	907771891314	3	11.6536967079	9.63535854075	10.5214920592	10.5576848887
19	950539002253	3	10.1019733719	9.99130505479	9.56075038789	9.19984067253
19	995320964936	3	8.17842714023	10.1776330977	9.51659900435	9.02773211341
19	1000000000000	3	9.53386278788	10.1295825204	9.65743686294	8.8638600236
19	1042212703416	3	12.2143647024	8.70903115158	10.0739730506	10.7593981807
19	1091313613827	3	7.19507065572	5.70351507356	4.76407456806	5.53200304846
19	1142727775070	3	2.12576364303	3.61939120502	3.22262843531	3.02388498355
19	1196564169430	3	5.97708387258	3.52808252523	5.15477162535	5.28343455298
19	1252936913585	3	5.57390716887	4.60881583142	2.84133806125	3.55995455988
19	1300000000000	3	5.69113654353	5.59005267884	5.27092214613	4.50353738607
19	1311965500497	3	6.95174779465	5.7655378397	6.42812206735	7.24595144419
19	1373775052704	3	3.91486644748	5.77038734797	6.67352572285	4.5467493915
19	1438496587537	3	3.63377937439	4.66217759954	2.82273739093	2.88474645076
19	1506267294840	3	7.27466383087	4.58362699314	6.19692929941	6.72713968504
19	1577230827771	3	6.37405938999	6.39056637843	5.75605864701	5.19091710328
19	1651537607297	3	9.18743253512	8.16344410968	8.01861347938	7.82059519526
19	1729345141047	3	10.1359028574	8.78508216779	8.84125060071	8.2996157223
19	1810818357179	3	11.1174962147	8.86885736247	9.62977094042	10.0910014737
19	1896129953972	3	9.32013471945	8.37321301377	6.8051857458	8.50020383577
19	1985460765900	3	9.32147620926	7.46676671961	9.17950721993	8.88256677624
19	2079000146941	3	5.71832100033	7.4770168475	6.35379143862	6.21399565701
19	2176946371954	3	8.78095567551	8.28361453344	8.50317449943	7.71261091588
19	2279507056955	3	9.30270932007	8.74141192274	9.27282996044	8.84301597456
19	2386899599205	3	12.272915383	9.84718939891	8.93723776864	10.3685720439
19	2499351638022	3	14.0678399287	12.4034506351	13.2924750997	12.6550921231
19	2617101537311	3	14.3113748919	13.8922976113	13.4045816036	13.6205517874
19	2740398890815	3	10.7294536218	12.8521113645	12.6659547693	11.5250581138
19	2869505051187	3	12.9967063322	12.1963548093	12.9996271401	12.7246170501
19	3004693683969	3	15.2677656056	13.9608532812	13.0419427928	14.3375483721
19	3146251347683	3	15.3346941011	15.8865813979	16.2572033086	15.7570635632
19	3294478101250	3	16.7444849331	15.9342441467	16.3692333715	16.4128327537
19	3449688140017	3	16.2373961837	14.8651903252	14.0969068103	14.8323243093
19	3612210461760	3	15.5974564602	13.1931385246	13.4346663196	13.5227369545
19	3782389564056	3	11.4618953277	10.7305533809	11.4714907547	11.5531662582
19	3960586174514	3	8.51759879127	9.13380665332	7.86908493853	7.05907509012
19	4147178015404	3	12.3060801027	10.0843985122	10.822289349	11.1386238199
19	4342560604319	3	11.1163581337	11.9810645139	12.4733655011	11.2767405287
19	4547148092543	3	13.3782101771	12.8968183664	11.5330139493	12.1449325566
19	4761374142932	3	15.8894490093	13.9776701824	15.0043883824	15.0400093416
19	4985692849142	3	16.2905688003	15.0071072036	15.3493687499	15.3995855509
19	5220579698171	3	12.9145327085	12.0583364899	10.4557011261	11.4843269146
19	5466532578244	3	7.68148505496	5.681230082	7.27583757232	6.31879591916
19	5724072834185	3	3.34915665492	3.22055992333	3.05901147916	3.66729596432
19	5993746372511	3	5.74301316923	6.40584618753	4.73414952529	4.66572452117
19	6276124818579	3	10.4601077949	7.9626071457	10.5225658393	10.3712028926
19	6571806728266	3	4.03002744457	6.01052748989	4.02789721025	3.83092665261
19	6881418856717	3	10.1683551475	6.97913550834	7.61149129897	8.05465804142
19	7205617486879	3	10.6055952984	11.0852110897	11.3767598734	9.75090709822
19	7545089820617	3	14.690349192	12.101137981	11.9208862333	12.9189178113
19	7900555435372	3	10.8190939288	11.0332427633	10.4814223396	11.1654947102
19	8272767809448	3	15.7046846118	12.8410666659	13.8837691848	13.7833213395
19	8662515919149	3	12.5045194716	14.9515677168	14.0699653822	13.3685821661
19	9070625911176	3	15.418807892	13.9720623872	14.3609633009	14.2517598448
19	9497962853795	3	13.228274289	13.8678192652	13.7744008602	14.1515405418
19	9945432570527	3	17.3447849106	16.8869002307	16.993999556	17.1503353056
19	10000000000000	3	17.1615253796	17.26871834	17.6134568162	17.4668609377
19	10413983560209	3	19.9224034349	18.8570200566	18.7434764229	19.4548722301
19	10904609007526	3	17.0723970949	17.8546220402	17.7388366229	16.4018282955
19	11418348888254	3	17.9095648178	15.2275446626	15.6121202944	16.6806412859
19	11956292173695	3	11.0141436892	10.760325981	10.4267537919	9.75034706738
19	12519579138962	3	8.45288151208	6.69024798956	6.62677253777	6.56312033379
19	13000000000000	3	9.15066847577	7.25217537014	7.71511487259	7.73924988181
19	13109403780009	3	8.8047064007	7.92136729125	8.34163924352	8.5640853852
19	13727016344541	3	14.2549176311	12.6787633481	12.2971622512	12.2978972058
19	14373725982157	3	15.7006935327	14.4030492477	14.4412260867	14.2806128919
19	15050903519343	3	14.6977485572	12.8343228151	13.0242083558	13.1623800026
19	15759984365207	3	13.8967793159	11.9249434236	11.8827769226	11.6065141995
19	16502471554108	3	12.0833450355	11.9945462595	11.6852265477	11.6725266164
19	17279938931625	3	15.4582106682	12.190022101	12.6815518791	13.8762931346
19	18094034490631	3	11.411962659	12.410558902	12.0603034428	11.0013640326
19	18946483864533	3	11.5968040185	10.115155532	10.1956830024	10.1941322226
19	19839093985085	3	3.53218343889	4.60096718837	4.61315228316	4.68289102584
19	20773756912534	3	-0.409932678507	1.23496802219	1.43431539691	0.794464104863
19	21752453846202	3	3.89424666797	3.16511082065	2.56683069032	3.57315753151
19	22777259324031	3	8.64940164298	6.34616008419	7.29211565181	7.74510745514
19	23850345619961	3	5.7715911153	7.82525368279	6.79819106527	6.00672237025
19	24973987348488	3	12.1636171222	9.18013706398	9.94227768748	10.1814412203
19	26150566286152	3	11.5454874402	10.4817658423	10.1899730069	10.2071710417
19	27382576420175	3	10.4330182704	10.2845374707	10.2283159061	9.93930334815
19	28672629234945	3	9.90329100344	9.64261322142	9.64217300838	9.47912217998
19	30023459247572	3	10.7014718432	9.3886940622	9.81678672164	9.85665951752
19	31437929804219	3	8.3338400473	7.81522130341	6.92020553815	6.95778449935
19	32919039149526	3	4.7391061486	4.68930571238	5.82540233242	6.01261022017
19	34469926781966	3	2.17432344508	2.57743116482	1.32233849739	0.893476291508
19	36093880108624	3	3.82629431717	3.03107550903	4.570538537	3.86786045318
19	37794341413493	3	5.29572791303	4.93667741097	2.97798435365	4.36966324563
19	39574915154062	3	10.6518212398	5.97260422363	7.98629315905	9.01739514569
19	41439375601662	3	3.44624466533	4.59470300829	3.33185973819	2.72121254316
19	43391674841769	3	1.03456082976	2.13028175649	2.10235596182	2.50051415006
19	45435951151211	3	1.96176882409	1.91955190949	2.88025892105	2.02192872166
19	47576537770051	3	4.64660268177	4.91132931375	4.04988464933	2.50110250543
19	49817972086731	3	9.59192606045	8.33507375269	8.31606289948	8.92612514384
19	52165005255944	3	11.8964537589	9.62644692709	10.4267211615	10.7966073788
19	54622612269628	3	8.31765094442	9.02722955427	8.08806018646	7.93775236745
19	57196002502427	3	9.78125193898	7.72565317854	8.44413078615	8.81963455628
19	59890630753972	3	6.200395921	5.93380071307	5.23321512036	5.32474015434
19	62712208811383	3	6.10138770746	3.86012402151	4.75719742849	5.28199552566
19	65666717556514	3	2.74004916198	2.66553472415	1.90121081676	2.04209288815
19	68760419643587	3	2.71954377873	2.84775002993	2.89361171051	2.44090065807
19	71999872774107	3	4.71267131628	3.42938288748	4.10621411324	4.19783238805
19	75391943597177	3	2.88151402987	4.24298149371	3.68626778183	3.07549391355
19	78943822264697	3	7.07878780537	6.06532137156	5.62180627304	6.1279656049
19	82663037672284	3	8.14171791307	7.58242835375	8.92582620403	8.39299992894
19	86557473418223	3	7.20480812142	7.00217966064	5.81425202731	5.76698223999
19	90635384514286	3	9.34118771722	6.15394678248	6.32056639412	7.21981122241
19	94905414883828	3	9.17518316023	7.00399897648	7.54741872356	7.06644089637
19	99376615684263	3	8.95583156367	7.45112821556	7.37584960354	7.3989020772
19	100000000000000	3	7.24008738545	7.36565751027	6.71415603751	6.73426229754
19	104058464492742	3	6.09557421745	6.56556399724	5.38310754829	5.08790933329
19	108960885395717	3	9.60743189308	7.00187475629	9.06302348534	8.89921174092
19	114094270024970	3	6.16776062212	7.99817837245	6.09878899069	6.26420108621
19	119469499584686	3	9.00059755414	6.45211212299	7.59241664028	7.68079210589
19	125097967916282	3	6.92536602406	5.59393254257	4.94555857744	5.41046428749
19	130991605649859	3	11.0478345452	9.89962285015	10.5792407585	10.5723534536
19	137162905493486	3	15.2263163175	15.1399458731	14.4087619992	14.2629737938
19	143624948713920	3	15.5479532171	15.7415438739	16.0638922883	16.0482334716
19	150391432864885	3	15.6442589118	13.9291256367	14.2753493452	14.4859865019
19	157476700821694	3	15.1629242687	12.8069243707	12.1665870293	12.6515008444
19	164895771183756	3	12.8346965926	11.9362390977	12.2010884329	11.0436195409
19	172664370109409	3	15.2432325859	13.0465891587	13.4429039619	13.3322956988
19	180798964650562	3	16.6978261647	17.3814754868	16.6697721781	16.3971515992
19	189316797657804	3	20.9327473604	20.2581384622	20.6887575545	21.021830401
19	198235924329971	3	20.0573364298	19.0502390924	19.2205262947	19.4709180547
19	200000000000000	3	19.5354046613	18.6791604862	18.3392099261	18.6752362587
19	207575250485640	3	17.7229564454	17.9323125285	17.2947452073	17.1699747295
19	217354572637679	3	21.057224534	18.2341042667	18.9412194057	19.1445351815
19	227594619955796	3	17.2885734491	16.5871164644	16.2010470163	16.8039857329
19	238317098206027	3	16.0474639988	13.998168628	13.8664868566	14.2733212672
19	249544735760329	3	13.6697273082	13.8468449866	14.3929419078	13.0689516089
19	261301331773756	3	16.1902591687	14.4161883191	13.8358187501	14.5382454822
19	273611806631400	3	15.7569701098	13.2973562557	13.5068660971	13.5983162555
19	286502254771965	3	12.4379449188	11.9365357632	12.1694259996	11.4012180272
19	300000000000000	3	10.2176451659	10.9017056345	10.5791133934	10.5506566502
19	1000000	8	7.70905489134	5.25163308428	5.56992646969	5.65597148504
19	1047112	8	3.41362379589	1.57583700117	2.20082455088	3.50685808669
19	1096444	8	3.10795185925	2.44091073809	1.2916814243	1.97033461167
19	1148100	8	5.15694128495	3.99854112046	4.58847596771	5.02019431897
19	1202189	8	4.82639371089	4.19678128237	4.81413201222	4.94986121476
19	1258827	8	4.28140377794	5.4570191996	4.11741058369	3.2849144963
19	1318133	8	10.3837677166	7.76169556757	8.70088663106	8.65287918894
19	1380233	8	8.44776068307	8.6439849404	8.73806737135	8.28442303893
19	1445259	8	9.13189040564	8.03179428784	7.30983642178	8.01680069723
19	1513348	8	6.66274118452	6.89662914863	7.29665448655	6.13593857374
19	1584645	8	6.5321944598	5.29804556002	5.85409075516	4.92451318004
19	1659302	8	4.80310295256	4.35647412714	2.88548962073	3.82299381382
19	1737475	8	9.22158749875	5.57689130819	7.48362425564	7.32742646504
19	1819331	8	6.73237946991	8.55384221144	6.7992536739	6.8816758184
19	1905044	8	15.2747384296	12.0023754374	13.061789636	13.9790126671
19	1994794	8	14.2351947802	14.5806692641	14.525398345	14.349751055
19	2088774	8	14.680373508	14.8239978785	14.1229243114	14.4576065306
19	2187180	8	15.6354343624	13.1960241888	13.8022097919	14.3513621899
19	2290223	8	11.1475146315	11.681394566	12.0253519218	11.1121087761
19	2398120	8	11.611104731	10.2516032794	8.9309378213	9.87250441719
19	2511101	8	8.2020599776	8.05119690692	9.41917219678	8.12711939713
19	2629405	8	5.25091293205	6.36721915554	5.95040770593	5.63047736123
19	2753282	8	7.39939950733	5.77859189989	5.1931730024	5.53657302362
19	2882995	8	6.62273781724	4.6081455171	5.29869254841	5.06289552614
19	3018819	8	2.93688772275	3.18326854222	3.20691795703	3.14501471199
19	3161042	8	4.24260996637	3.62289585992	2.99314611236	3.39937876724
19	3309966	8	5.49558579972	5.01348259456	5.51838627558	5.66485692271
19	3465905	8	5.09581301636	4.88387333804	4.84346232332	4.57170885851
19	3629192	8	2.56889872602	3.33644455508	3.38930209851	4.01674306122
19	3800171	8	-1.81862382622	1.56478398877	0.884717965845	-0.842231055543
19	3979205	8	4.11378721411	0.185596236384	1.36244804691	3.25554806988
19	4166674	8	-0.134411867038	0.110697651231	-0.744751204372	-0.475791918252
19	4362975	8	1.97625034465	0.919173833574	0.873542324559	0.477426174892
19	4568524	8	1.42053696643	0.485602125726	1.14854287882	1.59563947813
19	4783758	8	-2.65817974757	-1.06114610474	-1.62501089444	-2.77502238647
19	5009131	8	-0.868489234636	-1.30864733915	-1.10677566228	-1.5083953101
19	5245122	8	1.94573574276	0.333137712315	0.0945693505478	0.284594365846
19	5492231	8	5.72135299178	2.74062153446	3.40866431353	4.57563438915
19	5750982	8	3.03753057858	4.36591478775	3.48858300817	2.2962970878
19	6021923	8	4.23677158209	2.61398138833	3.11427880981	3.46345153733
19	6305629	8	-0.673390218783	-2.17001905875	-2.06441858365	-1.90893381843
19	6602701	8	-4.51001392655	-4.15710240429	-4.52855362321	-5.24549363005
19	6913769	8	0.646874466356	-0.983180840083	-0.700760658514	-0.430370787533
19	7239491	8	0.422668419842	1.26370656792	0.917185497912	0.860663101012
19	7580560	8	0.82850878543	-0.7701382046	0.0591205478142	0.872475713165
19	7937696	8	-1.01501117118	-1.9713111424	-3.2967284869	-2.4391796307
19	8311658	8	2.48697180726	0.468579208298	1.74028334052	1.02290097998
19	8703239	8	4.48482057033	3.04840453534	2.34304865758	2.73043626669
19	9113267	8	4.6820508889	4.68455464935	4.90610433399	4.15926209301
19	9542613	8	5.89969839082	7.19273407947	7.01800504082	6.370503987
19	9992186	8	11.1968212873	9.13761858334	9.36201522157	9.90422765072
19	10000000	8	11.1929886788	9.15084371507	9.39113229158	9.93952730995
19	10462940	8	10.0738397692	8.98768924018	9.10592615584	8.45137293269
19	10955872	8	8.90301226842	8.50121056604	7.82979906505	8.61761117449
19	11472027	8	7.60209601995	7.38843731557	8.05545280564	7.60898902083
19	12012499	8	5.67227243549	3.59259506473	3.84618808414	3.31688843634
19	12578434	8	-1.07858348162	-0.183923384025	-1.58684132318	-2.21543435905
19	13171031	8	3.65887541588	-0.542129197011	1.15214708098	2.84231688549
19	13791547	8	-0.637450343614	-0.285765369903	-1.16594393232	-0.60061792465
19	14441297	8	-0.702775703858	-1.67293280199	-1.80395605748	-1.44898432332
19	15121658	8	-0.688701788393	-0.898484882726	-0.590296791409	-0.225574285648
19	15834073	8	2.99957543438	2.85621981095	3.21017822191	1.89061748333
19	16580050	8	4.26221696754	4.25532600817	3.31286013709	3.08410726962
19	17361172	8	3.74468534918	2.88080216839	3.67755767322	3.07972750994
19	18179095	8	4.30470040964	4.18897281289	3.92885146721	4.40760663865
19	19035552	8	7.19191013487	7.40960460504	7.53465126491	7.33243453174
19	19932358	8	5.69226020711	6.62113384628	6.05827404027	5.56197414938
19	20871415	8	4.51549799632	2.99746076311	3.93632003696	4.11831412168
19	21854713	8	2.79803562372	2.2715733121	1.55344729215	2.11610482196
19	22884336	8	4.90976077399	3.36368501333	3.60460231352	3.70083855563
19	23962467	8	4.06129539864	1.84134475565	1.51939194255	1.86307822908
19	25091391	8	2.20410435144	-0.404994723172	0.751947507937	0.770973583389
19	26273501	8	-0.239974392638	0.870269667111	-1.06504216491	-0.180734635683
19	27511303	8	4.76170002231	4.33035987033	6.03078241203	4.83029400875
19	28807420	8	7.14278649966	6.18832844174	5.73299519786	5.75382045957
19	30164600	8	6.15231172065	5.68571206579	4.88763952853	5.08082975199
19	31585720	8	4.97756669926	3.74192737143	4.86631226591	4.5655898103
19	33073793	8	0.867070107982	1.25374230396	0.668725423981	0.410438657338
19	34631971	8	-0.743393668097	-0.114783949845	-0.0940682594783	-0.853737946122
19	36263559	8	3.17376077812	0.904987122347	0.865130449972	2.17709737211
19	37972014	8	4.79206504947	3.83316671342	4.24254864619	4.15771601656
19	39760958	8	6.94315925877	7.50495809797	7.04459769575	6.46358180938
19	41634183	8	9.49485914677	10.5282446413	10.4550480466	10.1333899928
19	43595660	8	14.5301769535	11.5021789574	12.2626138158	13.4002452904
19	45649547	8	10.0549646826	11.1015389863	10.1243748964	10.1331150599
19	47800197	8	12.7060746029	11.7353100454	12.3034601403	12.576216137
19	50052168	8	13.7122431177	13.6000629809	13.6472896709	13.1217390009
19	52410235	8	15.9982751774	14.2233496666	13.8611578147	14.1788508214
19	54879395	8	12.9035026764	12.5820055965	12.8760647427	12.6124643737
19	57464883	8	9.33335732816	10.6408698317	10.4336470848	9.73159707833
19	60172178	8	12.0125175464	10.6292337049	11.1045524023	11.4125642016
19	63007021	8	12.5838281468	12.4122289828	11.3600384346	11.2868340427
19	65975419	8	17.1967676876	13.6873673877	15.1741373189	15.2591457779
19	69083665	8	11.9228974475	13.1791164353	11.7979304408	11.4336617176
19	72338346	8	14.7069557909	12.7177826051	13.5626267445	14.1861457338
19	75746363	8	13.3206892255	13.6454530099	13.1937443436	12.9339618966
19	79314940	8	17.3885539107	13.6888180244	14.3601681674	14.6417564543
19	83051639	8	11.4893169974	11.631355055	10.3033750299	11.0212876715
19	86964383	8	12.8440901755	10.7301102827	12.4429930623	12.3216710046
19	91061464	8	12.03031191	12.637746376	11.3100102489	10.8349704479
19	95351568	8	16.2566786307	13.8695380024	14.3565922586	13.9277433474
19	99843788	8	11.7126590626	12.2972663185	12.2440568933	11.444774869
19	100000000	8	12.2018589248	12.2172440799	12.195394851	11.3093503361
19	104547647	8	11.8323138054	10.127703489	10.6381708517	11.1103818911
19	109473114	8	8.75761382595	8.44157766666	7.04373291202	7.91220207452
19	114630631	8	7.67485746196	6.07452851211	7.86546201502	7.67382791609
19	120031129	8	3.05643141266	3.56157666047	2.24011819469	2.15593002927
19	125686057	8	2.75473143086	1.98773123115	2.53892196814	2.66559816113
19	131607401	8	0.85067480604	0.748143059317	0.497035685957	0.567458240466
19	137807713	8	1.98283312377	0.490445917581	0.949393175436	1.08710220157
19	144300134	8	3.26560721356	3.08021795022	2.59985516606	2.21471894254
19	151098428	8	6.01213501708	6.57517736589	6.41953203449	6.02481174251
19	158217004	8	7.45667119889	6.50401187175	7.48972930577	7.4828274691
19	165670951	8	2.5672534356	2.69368587939	1.61147139003	1.70943399588
19	173476071	8	1.52970451324	-0.693561879955	-0.511273250621	-0.479516769648
19	181648906	8	0.939751941101	-1.1032454558	-0.199824631023	-0.0115323590086
19	190206782	8	1.66701587321	0.279966689046	-0.86413068675	-0.179774472932
19	199167838	8	1.24304256775	0.906780512475	1.32752201771	1.06547325553
19	208551068	8	-1.4803209575	-0.381947864497	0.00220159040401	-0.278785936007
19	218376363	8	-1.56705725712	-2.06112501296	-2.46750016972	-2.05807635149
19	228664549	8	-0.343672426467	-2.09019349244	-2.38357367021	-2.66462243503
19	239437434	8	1.09974094177	-1.26478262224	-0.329940377489	-0.520605220469
19	250717853	8	-2.61625267689	-1.47968859946	-2.43971464734	-3.28117685457
19	262529718	8	0.581476861714	-1.7502808204	-1.20369606193	-0.859623774427
19	274898064	8	1.79316849882	-0.252832410834	-0.458246865133	-0.0599657150015
19	287849111	8	1.40521297407	1.49040165283	1.61938874401	1.50209096241
19	301410309	8	1.39672519284	1.01346906647	0.896835553157	1.41121157172
19	315610406	8	0.0991420974084	-0.727031556852	-0.713710473237	-0.919028582111
19	330479499	8	0.310764857067	-1.23809197548	-1.18503348702	-0.762630255616
19	346049108	8	0.285380703672	-0.426496800096	-0.365464707354	-0.789111378453
19	362352235	8	0.987707295962	0.0287663629077	-0.196405859055	-0.164438154436
19	379423438	8	1.33257582228	-0.697495291655	-0.4831258086	-0.101450924056
19	397298903	8	-2.03839449927	-1.83778216516	-1.93722064741	-2.32530866265
19	416016520	8	-2.17178606896	-1.77586666597	-1.5660897959	-3.01229711263
19	435615964	8	2.07582320329	0.235125409769	-0.390329889381	0.789551952553
19	456138781	8	3.05832537114	2.8174866341	3.72757787634	3.89126007883
19	477628472	8	4.32885501884	4.21077213868	3.62905559993	3.54784114277
19	500130590	8	4.9494661165	4.55610250686	4.37227545436	5.23562992599
19	523692831	8	6.11126813435	4.77029981086	5.33936063975	4.50803303208
19	548365141	8	4.98051618679	4.98973349314	5.0053413843	5.47027695285
19	574199817	8	4.49956749489	5.48858370938	4.29957421065	3.31774405778
19	601251621	8	8.91830596566	6.12729414819	8.04273170465	8.17256409157
19	629577895	8	4.14232412013	4.69654041953	3.11898605731	3.91611816293
19	659238680	8	-0.953812699182	0.202483249672	0.791629015048	-0.123478736581
19	690296850	8	-3.24886051846	-3.48621438077	-3.36289001777	-2.69998239979
19	722818239	8	-2.49925667438	-2.66793387803	-2.78372782193	-2.38383622439
19	756871780	8	-1.538296405	0.436755579288	0.197728477979	-0.458224602672
19	792529658	8	2.46308979996	2.42303893166	2.76239500905	3.23021130746
19	829867457	8	3.58017799735	4.23893124265	4.18311404736	3.89732078568
19	868964320	8	6.28414587194	6.90855766367	6.66708502155	6.94328392709
19	909903122	8	7.74284496379	8.17348491274	8.36993611647	7.85941765018
19	952770639	8	6.98071622446	7.38918878247	7.57087112902	6.96203985677
19	997657739	8	8.54927593961	7.08060249595	6.44298443191	6.57942636322
19	1000000000	8	7.70271597955	7.10753672826	6.61550107509	6.56896892557
19	1044659568	8	9.853659894	8.03707398024	8.95841496035	9.53535649053
19	1093875756	8	8.42744602325	9.09897789569	8.26314354088	8.74322590317
19	1145410625	8	11.5487962546	10.5421282415	10.7722637473	11.3161723714
19	1199373415	8	12.0388937285	12.4724750833	13.277693154	12.6100290471
19	1255878508	8	9.72639136957	13.1866190873	11.4382574104	11.1408634681
19	1315045680	8	15.5500215637	12.1374980799	14.0567018125	14.2568972517
19	1377000346	8	8.86005540243	10.3291673689	9.18564588249	8.40586038436
19	1441873832	8	8.90731636648	8.07418288151	8.13651875266	8.02285294314
19	1509803648	8	8.19492576098	6.53521113871	6.96618907649	7.45478260909
19	1580933787	8	9.61764693232	7.93083978589	7.8278266818	8.37421356098
19	1655415021	8	10.8842275493	11.1453213765	10.7225906961	10.5030201808
19	1733405228	8	14.2833431398	12.7398855236	13.1983596089	14.1038679839
19	1815069724	8	10.9980649801	12.7368871991	12.6600973043	11.5577770595
19	1900581611	8	12.8616983534	12.9364757587	12.8670769847	12.6184847451
19	1990122151	8	12.5701931546	12.3838022399	12.084519432	12.0147186556
19	2083881140	8	13.2666469092	10.4766799832	11.0947937807	11.8449526167
19	2182057319	8	9.03183022846	9.09218071653	8.92850736221	8.74975823769
19	2284858792	8	5.72909644732	8.23594919296	7.29583598777	6.54858634078
19	2392503466	8	10.0452023428	6.79349421265	8.5090265582	8.98938150111
19	2505219515	8	5.70484434432	6.95085890182	5.53375985684	5.49517486274
19	2623245863	8	11.9512168639	9.8600802055	10.2553849302	10.5711264947
19	2746832689	8	13.2864928549	11.4182936614	11.7572957273	12.0573744021
19	2876241959	8	9.649095971	9.29996363774	8.99460304143	9.0291782956
19	3011747983	8	6.50724227201	6.71679550727	6.72918001858	6.13600518823
19	3153637990	8	5.91689695513	5.21176281683	5.06221616853	5.19016391765
19	3302212744	8	2.61573098688	3.02003782017	3.62444679601	2.87843950399
19	3457787179	8	1.43206368297	0.95879412287	0.357868908895	1.06040659915
19	3620691064	8	2.64021818917	0.882818665305	0.656863275633	0.536888770059
19	3791269706	8	3.78481246776	1.4189992948	2.66219974719	3.08168431504
19	3969884679	8	0.208367091971	1.67423439943	0.148839158122	0.0824390702848
19	4156914593	8	3.93877946671	2.98425017441	3.96184325646	3.27223197345
19	4352755893	8	4.85625817241	4.4625362754	4.02469152103	4.3110549079
19	4557823704	8	5.07579952339	4.55319270282	5.17105426748	5.97010279834
19	4772552705	8	2.34011488208	5.17722977922	3.94935695984	3.19911309003
19	4997398058	8	9.74636189421	7.24661021097	8.63971593127	8.81503395867
19	5232836365	8	7.52845996039	7.91626575165	7.10466693144	7.51742414523
19	5479366683	8	5.74187487641	6.6689426286	6.82689589511	5.68567666894
19	5737511582	8	6.67466441821	5.44903246453	5.23572050524	5.57715765752
19	6007818249	8	2.25366281632	2.777857913	3.61676582308	3.45836923852
19	6290859651	8	-0.194574398585	-2.14871814091	-3.26219045179	-1.25090779378
19	6587235751	8	-3.62517536777	-4.25955724736	-3.78427288399	-5.30172194022
19	6897574775	8	0.81014263759	-1.16318965849	-0.603118930751	-0.913378165154
19	7222534545	8	1.59624907266	1.77822689823	0.783581891281	1.28503788856
19	7562803878	8	2.4576289829	1.98382280102	2.48685549191	2.20285274325
19	7919104041	8	3.45770982734	3.60035466197	3.87127976016	3.53024905597
19	8292190280	8	6.54598453959	7.21694608318	6.63469728199	6.39983406953
19	8682853425	8	10.4106012427	8.31881347696	8.79601416338	9.7890763934
19	9091921561	8	6.36324148979	6.45622186124	5.85700291195	5.46026283326
19	9520261788	8	7.75263246778	4.89619370326	6.11033029368	6.81693220608
19	9968782056	8	1.31988254759	3.98553714513	2.23831142601	1.39143525725
19	10000000000	8	3.02559681219	3.91309498943	2.31418072207	1.57526456877
19	10438433091	8	4.34060592353	2.88847984339	4.34561693188	4.89699472834
19	10930210409	8	1.37299011744	2.67907165878	2.26141627037	2.09458364085
19	11445156427	8	4.39566820361	3.13528525371	2.69532811259	2.48413486858
19	11984362674	8	2.80458698558	2.41344230398	2.75673814488	2.94632612507
19	12548972102	8	2.02509277618	1.08400280747	1.5008900094	1.3740379801
19	13000000000	8	0.665450275748	1.0504317223	0.319241229236	0.0807775233786
19	13140181510	8	1.36463601891	1.2806720482	0.513833710097	0.374124788788
19	13759244080	8	3.42831406849	3.10832405487	3.14047283474	2.56361430735
19	14407472037	8	7.62583104151	5.12777166909	6.41021884871	6.53263623237
19	15086239424	8	4.13534187998	5.88680367486	3.92036617505	4.41377640483
19	15796985021	8	6.6858546515	4.24542575144	5.56076111528	6.45383621141
19	16541215392	8	0.596036800494	0.927035744196	1.1110811888	0.66267491205
19	17320508076	8	-1.84434777107	-1.42058727823	-2.76680224402	-2.76765445357
19	18136514935	8	-0.871377815423	-1.42361447331	-0.0398802472896	-0.399820487766
19	18990965656	8	-1.83316303426	0.0957126817962	-0.408168565012	-0.959863040219
19	19885671410	8	2.08551326886	2.4690776258	1.98887757308	1.86266956493
19	20822528702	8	7.9191011481	5.54802693031	6.54114489721	7.27903716721
19	21803523380	8	7.55366420972	8.5391948765	7.43382135751	8.53172466491
19	22830734855	8	11.2176812895	10.578702792	11.7675328414	10.6787868766
19	23906340500	8	9.90692225585	11.2468150617	9.92214761904	9.42573152999
19	25032620269	8	11.7540300829	10.1244056985	11.2982976424	11.7869433509
19	26211961532	8	7.54530077302	7.61936300849	7.17795000927	7.32151547665
19	27446864129	8	4.44727790404	5.66622187212	5.03203429045	4.28252532694
19	28739945678	8	6.48685972406	5.73575823474	7.11139518825	6.8201310396
19	30093947115	8	7.85847338244	6.64589530652	5.35484253127	6.63867204303
19	31511738509	8	7.38790613757	5.97355623266	6.51852136482	6.07063777922
19	32996325143	8	5.13835923748	3.94037684277	4.19864096316	4.0232305103
19	34550853887	8	5.06152751033	3.84431830929	3.11651163378	4.05183342084
19	36178619865	8	6.97346109259	6.52680743985	7.53735525056	7.285030972
19	37883073445	8	5.78246882896	7.6169426981	6.20152777691	5.0965969033
19	39667827545	8	8.21114842301	4.73054124789	6.56690670002	7.34840170715
19	41536665297	8	0.107969915028	2.65053698394	0.894809924545	1.14106224169
19	43493548067	8	4.91770887247	5.08180138298	5.98625865276	5.27236808763
19	45542623846	8	8.61744124433	7.84291209201	8.05826301603	8.44424534753
19	47688236048	8	7.44406464202	7.15185183748	6.47834447796	5.76325106027
19	49934932713	8	7.87961248006	6.4320503015	6.47412035044	6.94475722241
19	52287476152	8	11.143673089	8.78044492566	9.90036793534	9.71788497954
19	54750853037	8	9.60177011204	11.79381013	9.98702380184	10.0327120752
19	57330284972	8	18.0640415447	13.7923283882	15.3380227376	16.2777424715
19	60031239563	8	14.7065613342	15.9961696912	15.2517261767	14.4357361332
19	62859442007	8	18.9648416253	17.0997802167	17.209965416	17.7302909896
19	65820887229	8	12.0504198194	13.9382783184	14.0273989576	13.2972569289
19	68921852585	8	8.89083017036	7.52293768157	7.43949939128	8.26491413555
19	72168911173	8	4.10768777519	2.6284329659	2.71378111989	2.98777209616
19	75568945763	8	1.07428762933	1.77224441773	1.77377623827	0.762473976172
19	79129163388	8	2.80847092638	2.42192064436	2.14159768795	3.19582274233
19	82857110620	8	1.25767809363	0.820008958293	1.31856589376	-0.228297370871
19	86760689565	8	-1.19590989279	-2.02583899334	-2.29440607819	-2.1376544066
19	90848174617	8	-0.994529923003	-1.71456686672	-2.05766017044	-2.40230451151
19	95128229991	8	2.01078116483	1.30980059368	2.01490947778	2.00266828248
19	99609928097	8	3.55013137328	1.89606402573	1.59660247744	3.38015386278
19	100000000000	8	3.94166207876	1.76323054481	1.25435398952	2.87368345033
19	104302768761	8	1.3503864629	-0.261645665308	-0.843282228104	-0.498154094271
19	109216699370	8	1.09778835494	-0.718498598192	0.337277352724	-0.311074038699
19	114362135953	8	0.111134420193	0.369276556877	-0.266860996025	-0.602759048499
19	119749985260	8	-1.30429592459	-0.444005224247	-0.622954665304	-0.821407692006
19	125391667883	8	-1.09895384222	-1.91153135607	-1.44235144921	-2.02424737508
19	130000000000	8	0.175027086532	-1.36840180861	-1.14901077929	-0.376785784874
19	131299142461	8	-0.461637173853	-0.942308003315	-0.91059800158	-0.374795221605
19	137484931034	8	1.30354037045	1.60552021007	0.964181992602	1.19670414514
19	143962145579	8	4.6171079704	4.25471592448	4.82378333881	4.19233066006
19	150744515809	8	9.05099879866	7.22358086847	7.36454814925	8.06396358864
19	157846418272	8	9.65173935589	9.19489336147	8.49312182547	8.49410792174
19	165282906828	8	8.87368963334	8.59629748768	9.14966877749	8.3184907659
19	173069744557	8	6.91036694032	6.73032410109	6.7374799623	7.13756448228
19	181223437172	8	7.6135167023	5.34066024374	5.06711270952	5.90748303359
19	189761268004	8	6.21409738882	5.08542963108	5.11508707173	5.2664630584
19	198701334642	8	5.75255168848	6.54161319067	6.78112301656	5.3787161213
19	208062587291	8	9.41513775352	7.83793176847	7.80462791843	8.02723305037
19	217864868942	8	5.13260739917	5.62944876221	5.12611640735	4.792597375
19	228128957430	8	4.59985932037	1.77808253383	2.54375836049	3.12114536596
19	238876609483	8	3.60865645868	1.19930064565	0.771894155469	1.86931585871
19	250130606832	8	3.73204450954	3.42562618103	3.20493170719	2.86492728917
19	261914804507	8	4.84731578076	5.80710114114	6.49837134411	5.83239700581
19	274254181402	8	9.61916308242	9.65573881242	8.79650861253	9.05625200527
19	287174893217	8	14.1525352513	14.0631721734	15.0166807955	14.9192423903
19	300704327907	8	13.8554925616	13.7096944223	12.6057417783	11.4735750725
19	314871163733	8	11.6155537757	9.46556077904	10.5964511279	11.2361015354
19	329705430050	8	8.5417436632	8.19980644161	7.35570030284	8.02845151025
19	345238570962	8	11.2194181505	9.92417488274	10.2962668041	10.220805548
19	361503511974	8	10.8803373136	9.19467707738	9.16497314049	9.34207466798
19	378534729783	8	5.99711946564	6.56317935438	6.49121124802	5.3919247856
19	396368325357	8	6.01889904276	5.60574706575	5.7002965321	5.5325090813
19	415042100460	8	7.39817131879	5.21834103114	5.08564680779	6.55775919641
19	434595637780	8	6.34667805379	4.6982761434	4.71097761513	4.63597025935
19	455070384831	8	7.27442343864	6.9890852468	7.39534063267	7.25675338821
19	476509741809	8	11.8616960615	11.0051621094	10.1556575429	10.4897109329
19	498959153590	8	12.9672434216	11.5047771905	12.3254761996	12.017722448
19	522466206056	8	6.69496731495	8.78750309407	8.52557026533	7.24035563747
19	547080726961	8	7.27796414817	7.99944803937	7.79792245035	8.05601192118
19	572854891558	8	9.17263104524	9.39030006423	9.31261691896	9.6857999568
19	599843333185	8	9.96240512174	8.72513304544	9.63817783334	9.84362024886
19	628103259078	8	5.12785206242	5.56657637833	4.19235545149	4.06476636276
19	657694571630	8	4.77323618342	3.30755519649	4.18929692817	4.38959453428
19	688679995367	8	2.72972131463	2.77039125081	2.75071293483	2.70501958982
19	721125209903	8	3.23234619643	1.82269866653	1.77623443415	2.02032318715
19	755098989162	8	0.16429627249	0.142068323481	-0.863522461016	-1.02677459114
19	790673347157	8	2.93538720465	-0.183287897713	1.91306261823	2.03814859106
19	827923690639	8	-0.00488583252485	1.59279623131	-0.271323780478	-0.165808552453
19	866928978933	8	5.26465081887	3.6520918248	3.92221902941	3.41538491821
19	907771891314	8	5.65648788118	4.26402805077	5.46429649482	6.22552122188
19	950539002253	8	3.43504775277	3.82313938054	2.74386190647	2.4250242246
19	995320964936	8	1.98130472223	3.83048501376	3.34316489359	3.00334123704
19	1000000000000	8	4.32602318999	3.8833261415	3.83150128173	3.60236877848
19	1042212703416	8	6.13450536881	4.40672725489	6.28930385212	5.68947253238
19	1091313613827	8	3.99322839379	3.73742036562	2.00521500763	2.18946483039
19	1142727775070	8	1.15942244001	1.20512921998	1.49186419177	1.73729534672
19	1196564169430	8	-0.244373538623	-0.304287931502	0.667365449126	0.478269681186
19	1252936913585	8	1.420466096	1.71602677378	0.792882017107	1.68450565405
19	1300000000000	8	3.29869265301	4.41739516112	3.40398162916	2.70963037629
19	1311965500497	8	4.13798687638	4.93865314213	4.76081496225	4.87646388022
19	1373775052704	8	5.3969444919	5.80023402491	7.00401003032	6.48216967152
19	1438496587537	8	4.77949753301	5.17919216699	3.79930623406	4.21847774791
19	1506267294840	8	7.99065624025	5.97576353553	6.84176592873	6.69764262853
19	1577230827771	8	8.2620433826	7.96268358629	7.65109565938	7.91063242615
19	1651537607297	8	8.47540257325	9.00803163119	9.15807795999	8.09453335565
19	1729345141047	8	8.44575002356	8.48821127162	8.08619501852	8.07976779391
19	1810818357179	8	8.49584057188	7.00596145047	7.91935258443	7.55280555337
19	1896129953972	8	5.71514208709	5.16269210865	3.66296067796	4.75994745446
19	1985460765900	8	6.29486316867	3.43111832428	5.29898452924	6.02736162561
19	2079000146941	8	-1.52110879365	1.95768958185	0.286937902895	-0.89129859568
19	2176946371954	8	1.89648679572	0.989563784982	1.84123791348	1.60591099826
19	2279507056955	8	1.46722404673	1.27950424741	1.40866504704	1.0082204907
19	2386899599205	8	4.01194165741	2.89945409618	2.28350302667	3.71250517458
19	2499351638022	8	5.68018045826	4.74859202327	5.1383994248	5.45169927261
19	2617101537311	8	4.83769265974	5.74722669517	5.85631278375	5.82704296565
19	2740398890815	8	3.1084430722	5.39684980042	5.1216871582	3.42099471224
19	2869505051187	8	5.05981202922	4.33101886491	4.32373598964	4.63992483182
19	3004693683969	8	5.64567805048	4.56939388146	4.88374663639	5.72732897
19	3146251347683	8	5.78361898788	6.44761420651	6.17994831004	5.60075577795
19	3294478101250	8	7.15399400658	7.02502067321	7.03269060525	7.39997933613
19	3449688140017	8	6.21534489319	5.15283860293	5.18100014985	5.34493485479
19	3612210461760	8	4.30028195088	3.89006680833	4.17794730895	3.80851940918
19	3782389564056	8	2.80348830085	4.8506017803	4.27039050086	4.43020117278
19	3960586174514	8	7.8672021363	6.39061870225	6.84269355673	7.07390421183
19	4147178015404	8	8.44587275928	8.06975754728	8.04209661678	8.0708450561
19	4342560604319	8	9.92192649048	9.86703415385	9.7034067558	8.6613922771
19	4547148092543	8	10.9758007031	9.81401992572	9.67415303375	9.62491299076
19	4761374142932	8	10.8609808088	8.26111352537	8.79025602882	9.61155141824
19	4985692849142	8	9.11835344673	7.99668654505	7.65685994342	8.00566245693
19	5220579698171	8	7.99588616989	7.73423774326	7.19401395876	7.18103229824
19	5466532578244	8	6.47029466622	4.91080895804	6.31702335223	6.02214974645
19	5724072834185	8	2.14864068887	2.680740475	1.30333627953	1.67004708825
19	5993746372511	8	4.11717087838	3.8936510209	4.19247529203	3.86518964273
19	6276124818579	8	6.01492191613	5.12345527373	6.16974353515	6.46751702224
19	6571806728266	8	2.85668372106	4.70232353931	3.06223507032	2.16678827977
19	6881418856717	8	7.6459410285	5.6989423069	6.83499503689	6.90040399558
19	7205617486879	8	7.27831857344	7.33786298817	7.24505968873	7.05200256476
19	7545089820617	8	6.74582824621	6.28530085468	5.67092152101	5.87656123023
19	7900555435372	8	4.49933420348	4.50105272848	5.06080471082	5.64841574503
19	8272767809448	8	5.84302350347	4.30061660163	4.30409218626	4.77815915191
19	8662515919149	8	1.93010678636	3.21572735255	2.67497760634	2.26493788495
19	9070625911176	8	2.09844718593	1.40362983573	2.15334948221	1.89467258565
19	9497962853795	8	1.07038823937	2.51077961173	1.82280313117	1.5431824403
19	9945432570527	8	6.43583797488	4.92774219195	5.44685051241	5.29604879654
19	10000000000000	8	3.63022437737	5.06886716988	5.68954125739	5.03630773291
19	10413983560209	8	5.21332984146	4.81563845252	4.53586680881	5.6311502954
19	10904609007526	8	3.85381165696	3.91340135046	3.86493141174	3.39639315119
19	11418348888254	8	5.65856018902	3.67379089964	3.99340532587	4.41063167204
19	11956292173695	8	1.33366068695	1.22097118996	0.990711663288	0.0763141175044
19	12519579138962	8	-1.06136623894	-1.82830249812	-2.18029820053	-2.32011299998
19	13000000000000	8	2.09930824674	-0.433696659173	0.888221718362	1.06681592941
19	13109403780009	8	2.62642608047	0.458984382028	1.55958944326	1.84438793309
19	13727016344541	8	5.68462512469	6.56967392445	5.16182373522	5.14174686863
19	14373725982157	8	11.1055861102	9.30110198682	10.2677489778	10.2480608472
19	15050903519343	8	8.97249388466	8.00372955314	7.8392968394	7.68804659289
19	15759984365207	8	9.53366073518	7.75429486333	7.53441613867	7.93238708387
19	16502471554108	8	8.62905351528	10.0353432303	9.83995262995	9.92302955919
19	17279938931625	8	14.0012286789	12.0666931978	13.0043050458	13.8333542546
19	18094034490631	8	9.21492991311	11.5811690545	10.4637563576	9.54231459629
19	18946483864533	8	9.50986730484	8.73539962408	9.11066936777	8.90253579638
19	19839093985085	8	7.97952237116	5.7152628193	6.38704231469	7.22723931319
19	20773756912534	8	1.58680882909	4.40807453969	3.38689571726	2.43377175508
19	21752453846202	8	4.7964564816	4.2721253534	4.59272577755	4.43609992678
19	22777259324031	8	7.33162737606	4.44370780881	5.22187089381	5.46985645105
19	23850345619961	8	4.32054746511	5.65750481816	4.31247065938	4.38398523512
19	24973987348488	8	9.32543979372	7.74244600995	8.90016945391	8.85808731914
19	26150566286152	8	7.28607168351	9.08858858472	8.26320891956	7.79501954111
19	27382576420175	8	11.8479137561	9.81818280654	10.7539656741	11.7753761633
19	28672629234945	8	10.4984842718	10.9747837924	9.69376989016	9.9905371425
19	30023459247572	8	11.8811793124	11.1533364891	12.2934976157	11.5806420033
19	31437929804219	8	9.59946068948	8.5798354564	8.27192238782	8.58929658132
19	32919039149526	8	3.05869740174	4.98053202105	4.55628192503	4.51558779258
19	34469926781966	8	3.86278804721	3.47977380437	3.53831778435	3.0168496938
19	36093880108624	8	6.08297555121	4.23110283413	5.59338344086	5.42206985174
19	37794341413493	8	2.71257995946	4.83001004022	2.2767417716	2.68253381924
19	39574915154062	8	7.35464978151	4.01056966029	6.25021164025	6.21381492482
19	41439375601662	8	2.87995127501	3.04374442847	2.47478361971	2.5438531604
19	43391674841769	8	0.887661257685	3.59228785912	2.66446665617	2.81664624815
19	45435951151211	8	6.73732935182	5.73610856693	6.62344661393	7.19789723806
19	47576537770051	8	10.1086496985	8.55690396947	9.03356098789	8.00585335871
19	49817972086731	8	9.511412887	10.8445819523	9.19049293431	9.08215375516
19	52165005255944	8	14.6310110386	11.0705552228	12.5615614709	13.260552551
19	54622612269628	8	8.76146751128	9.25647138566	8.88974318391	7.74587767026
19	57196002502427	8	8.66571242205	7.98015303571	7.59323251557	8.36013309044
19	59890630753972	8	10.2702173916	8.33430446546	8.4247812947	8.74211483735
19	62712208811383	8	10.241143125	7.5813036317	8.11732874839	8.62239993442
19	65666717556514	8	5.34561174717	4.32213265279	3.99505322778	3.63220881063
19	68760419643587	8	0.591132999588	1.53643097193	0.70182915308	0.62376708365
19	71999872774107	8	3.01489128574	1.34723299042	3.12474398819	2.99997771084
19	75391943597177	8	-0.893004382453	2.19178773173	0.820085571024	-0.380522214593
19	78943822264697	8	3.50088629278	2.84232818312	2.7357183644	3.38422375311
19	82663037672284	8	4.81797085667	3.48934972482	4.67030824207	4.73229249278
19	86557473418223	8	4.44265456319	3.1420120092	2.38491630127	2.71735350393
19	90635384514286	8	2.27059931059	1.21399642782	0.523120451153	1.07376533254
19	94905414883828	8	2.15342727379	-0.334579690087	1.31346921998	1.41028676309
19	99376615684263	8	-0.0529579622263	-0.213620823548	-1.39128811437	-1.59155296966
19	100000000000000	8	-0.851693068673	-0.132785994851	-1.56099112173	-1.17065100751
19	104058464492742	8	-0.130250476369	0.180743347996	0.0043890647209	-1.28125763111
19	108960885395717	8	1.9127469787	-0.12202325126	1.00566622468	1.58062748954
19	114094270024970	8	-0.40210770903	-0.273593315928	-1.35730698675	-1.08164141709
19	119469499584686	8	0.919255165525	0.525324080179	1.16595937378	1.11206958602
19	125097967916282	8	3.06493286564	2.63820840114	1.94823841699	2.4947243319
19	130991605649859	8	6.48715135346	5.91969572793	7.21513561908	6.34050850033
19	137162905493486	8	7.36898456141	8.69063158164	7.02626777628	7.42717828444
19	143624948713920	8	9.36362247077	9.5369256708	10.706926506	9.80951351191
19	150391432864885	8	10.3775345775	9.69737378785	9.5408386402	10.8051502465
19	157476700821694	8	11.6378503356	10.5758020466	10.1563901326	11.2289390265
19	164895771183756	8	9.51897754062	11.1881263536	11.2453544837	9.75977419804
19	172664370109409	8	12.872965199	10.8757957131	11.6339962632	11.5806742971
19	180798964650562	8	8.93186347183	10.7173090132	9.5860553671	8.76271397127
19	189316797657804	8	11.2164108957	10.2438941386	10.9647394604	11.261740976
19	198235924329971	8	8.89116313096	7.50934778167	7.50198125986	7.94887773156
19	200000000000000	8	6.72183758563	6.72889010009	6.21155679319	6.43266881928
19	207575250485640	8	3.53176572818	3.37771970143	3.02894907051	3.16529941273
19	217354572637679	8	3.13530508377	0.949219378406	1.18829874079	0.874907548947
19	227594619955796	8	1.89506450054	1.00918841388	0.902387132721	1.8677293091
19	238317098206027	8	3.47501218648	2.0427319577	2.35412078727	3.0934853953
19	249544735760329	8	1.85533484817	3.094495983	2.42954599537	1.24465087362
19	261301331773756	8	2.60115111071	3.68854271999	4.35910646881	3.55757818908
19	273611806631400	8	4.38803164555	3.38555466727	3.24307263298	3.25289334343
19	286502254771965	8	3.9875183679	2.88919633255	2.36503693511	2.94872758784
19	300000000000000	8	3.5753184051	3.13245536259	3.86279012483	3.73980648054
19	1000000	10	12.6826386922	10.8017313264	10.7984329524	10.3426889405
19	1047112	10	10.9723622011	7.48562295288	8.13051968889	9.25801153226
19	1096444	10	8.36756269798	8.40407921256	7.27891372323	7.00973607254
19	1148100	10	15.2364174328	9.44794964169	10.7355677013	11.9691698794
19	1202189	10	10.1124439657	8.43106624363	7.37739008877	7.29113128931
19	1258827	10	11.7175261291	9.4610308867	10.0041673173	9.03359035322
19	1318133	10	16.569842101	11.8348854296	11.6661564266	12.9723267574
19	1380233	10	13.2131641453	11.3049687699	11.6906303199	11.2376909783
19	1445259	10	12.5298031147	10.1678375319	9.01798125486	9.11238687334
19	1513348	10	13.9501143551	10.8604551907	12.5647742492	11.8834218781
19	1584645	10	10.2065538434	9.73294061462	8.53988058767	8.32099256856
19	1659302	10	7.80504229791	6.84694221129	6.50434107764	5.94849731928
19	1737475	10	10.9874234028	6.43438736468	8.16155496181	9.0763842168
19	1819331	10	4.80884247851	6.26305516953	4.56985856445	3.95951909058
19	1905044	10	4.90300245888	3.14852648256	3.40242463656	3.50297786969
19	1994794	10	4.62181648709	1.70632469836	2.85209543578	3.22731085669
19	2088774	10	4.53097947779	4.15634423765	3.10881407703	2.83870231704
19	2187180	10	6.57398944782	4.87207235137	4.39411046239	5.24828303607
19	2290223	10	4.87703765129	2.04472929613	3.93228012944	3.71480409204
19	2398120	10	-0.170751540162	-0.453089259288	-2.27273999123	-1.99510982645
19	2511101	10	0.167388979135	-1.69511330228	-1.1674124073	-1.6728245971
19	2629405	10	0.328182058253	-1.5203211417	-1.01797959103	-0.981160515673
19	2753282	10	3.37798673161	1.9612351353	1.68179602167	1.67446417568
19	2882995	10	7.09579051847	5.75377933791	5.13460542697	5.01790128817
19	3018819	10	7.41950582589	5.20468141268	6.04056965712	6.02560816555
19	3161042	10	5.75782781151	3.4769753335	3.56432766966	3.84178490505
19	3309966	10	4.75293907003	5.00058587801	3.8800500816	3.33708505813
19	3465905	10	8.73567945662	6.37302392891	7.29937064915	7.41974068163
19	3629192	10	5.13779745203	4.22340877629	4.79659501203	4.5832536982
19	3800171	10	-1.53883554527	1.65343312841	-0.393543436859	-1.28936934727
19	3979205	10	4.66229217599	0.719891154272	2.89381179408	4.47464915951
19	4166674	10	-1.47853053742	-0.629666809091	-1.6467649001	-1.94432939631
19	4362975	10	-0.922250160837	-2.41411174932	-2.55745456478	-2.37928038725
19	4568524	10	-0.645698621105	-2.21080496631	-1.96610803671	-1.32987585718
19	4783758	10	2.15185979565	0.0343896590965	0.522873467417	0.155150751563
19	5009131	10	2.97767737589	2.04099521637	1.08969082598	1.18243548304
19	5245122	10	5.22916480866	2.6383292747	3.10771250631	2.73022408309
19	5492231	10	5.84054784577	2.9595223341	3.43940206162	3.69588890211
19	5750982	10	4.55629586788	4.03802831667	3.18021632864	2.37985320659
19	6021923	10	4.80930828237	4.28283658471	4.49802564688	4.05974047401
19	6305629	10	4.71373153148	2.39972540695	3.27490432995	3.68743459277
19	6602701	10	-0.770002377704	1.0528133185	-0.438904328976	-0.935528898101
19	6913769	10	6.14530743038	2.13513611305	3.45156255266	4.10080588843
19	7239491	10	4.12101709346	2.46303972554	1.6314793968	2.10445377905
19	7580560	10	2.79621715083	0.430916984227	1.07870659216	1.5184033615
19	7937696	10	1.01501117118	-0.0895612145308	-0.891306511258	-1.04785205694
19	8311658	10	2.88488729643	2.47970720748	3.28577051398	2.19969391694
19	8703239	10	7.11721525291	5.12550955629	4.80771392796	5.38317266448
19	9113267	10	8.88634148301	7.79100532744	7.38607128177	7.89439572883
19	9542613	10	14.7960689802	12.7756883338	13.5667033456	14.0440165933
19	9992186	10	18.0801130622	17.5459593497	16.9259520769	16.5179752907
19	10000000	10	17.7069411066	17.5936417581	16.968995513	16.6425286027
19	10462940	10	18.1688895837	17.6332300823	17.8884098833	17.0961379793
19	10955872	10	15.4260113562	13.886024408	13.7117196971	13.7981080514
19	11472027	10	11.5759189395	10.5726311404	10.955359137	10.1181420439
19	12012499	10	11.7678487841	9.93510395212	9.50103308883	9.49880860292
19	12578434	10	12.5281619788	11.2578096097	11.2882292136	11.6395174072
19	13171031	10	13.9850349229	12.3451136639	12.8995403586	13.2745310688
19	13791547	10	12.3506004075	11.7937628233	11.0185085445	11.4167672168
19	14441297	10	13.7431693199	10.3263615539	10.8027691471	11.6089813752
19	15121658	10	9.79486987937	8.78160558626	8.70361554773	8.88008013952
19	15834073	10	6.22411902633	7.15497573002	7.19533335945	6.00143922689
19	16580050	10	8.67140693396	6.51320113665	6.22356781893	6.40870286694
19	17361172	10	9.64976609213	7.81987157401	8.17705215229	7.84376183633
19	18179095	10	11.7849994821	9.72979568869	9.66936728328	9.92649650323
19	19035552	10	12.7933016822	11.2719141081	11.0790364346	11.7343920134
19	19932358	10	11.9266404339	13.0507768073	12.9944322876	11.6945475695
19	20871415	10	15.1401991641	13.9135407102	14.5168376378	14.606186091
19	21854713	10	12.8839779883	12.3958074636	11.7059228089	12.1617290579
19	22884336	10	11.6048891022	10.5478601163	10.4847836567	9.53339545706
19	23962467	10	14.2457746291	10.1443854263	11.1846039547	11.7091353832
19	25091391	10	10.0409198232	9.64370511998	8.4255863762	8.94270086804
19	26273501	10	11.9387260338	9.24794326712	9.62188311779	10.5302664934
19	27511303	10	11.4633519056	10.8722556786	11.419572345	10.9833370601
19	28807420	10	12.4422732575	11.7366202578	11.2739657688	10.9758241638
19	30164600	10	10.0468943695	8.13806665703	7.57201923319	7.98237535268
19	31585720	10	5.80716114914	3.50618707314	4.84651847592	4.62469610123
19	33073793	10	2.87216973269	2.79391636193	1.9117874032	1.39008093924
19	34631971	10	2.81427602922	4.2297845399	3.79977421837	3.01761892425
19	36263559	10	8.32461843441	4.52634754614	5.81304712445	6.36702162999
19	37972014	10	4.94500329573	4.82608455579	3.89693387917	3.59737107356
19	39760958	10	8.59153519791	6.56737989913	6.5067992433	6.92368215785
19	41634183	10	9.59274429261	8.72278271714	9.26624103724	9.59805956784
19	43595660	10	12.8997280544	10.4622702295	10.291390635	10.7065537477
19	45649547	10	11.4175533546	11.5034908578	11.1760961878	11.275097116
19	47800197	10	13.5347316422	11.99719189	12.1692941864	11.9753710972
19	50052168	10	14.1181976837	13.7744277848	14.2454273233	13.3478238429
19	52410235	10	18.5173406059	17.127132543	16.3666558239	16.8171978737
19	54879395	10	20.0480595274	18.337973211	18.6500467947	18.9178172042
19	57464883	10	15.272766537	15.8036941716	16.0766688386	15.3744958023
19	60172178	10	15.0052554818	13.4135017442	13.2584726237	13.4921534232
19	63007021	10	14.4978732047	13.4111675762	12.7451282003	12.7728796879
19	65975419	10	16.9573695296	13.4409201494	14.7376821815	14.9469869832
19	69083665	10	14.26838547	12.9043663181	11.9012925651	12.3885034571
19	72338346	10	15.0516500673	13.5947720001	13.6947612133	13.5829711336
19	75746363	10	16.510150026	14.4672843713	14.8522486387	14.3531898016
19	79314940	10	15.3298667669	13.8529968963	13.9823776561	14.2036075578
19	83051639	10	13.5422670566	13.4740206894	12.3348753144	12.0818993608
19	86964383	10	16.9372617698	14.0616132021	15.687446638	15.6847017712
19	91061464	10	14.3119227895	13.1716691597	12.033530185	12.1111447296
19	95351568	10	13.9875172385	11.0887564129	11.2835649032	11.2971016654
19	99843788	10	11.9449214236	10.7791796554	11.1053185704	10.3017311902
19	100000000	10	12.3344878262	10.8011271564	11.1453577518	10.2502580431
19	104547647	10	14.1727714812	10.9970887561	10.9497098048	12.0947151753
19	109473114	10	8.63023035212	8.50339890645	7.81982247525	7.95507146938
19	114630631	10	7.14448113329	5.56024876293	6.83223700809	6.22160781296
19	120031129	10	6.08229851119	6.16913647852	4.75557481046	4.84065334127
19	125686057	10	13.1448597625	8.30304526359	9.47937984289	10.4970366909
19	131607401	10	8.12541107839	8.01016107007	7.27607107772	7.2109150026
19	137807713	10	7.7876489354	6.69498635154	6.87510398919	6.18443394582
19	144300134	10	8.52999125611	7.40793271553	7.80964942989	6.85637918508
19	151098428	10	8.19084449575	8.42457608979	7.6063511014	7.37175884332
19	158217004	10	10.1313467376	6.21819705876	7.06051043313	8.17765775291
19	165670951	10	2.01145630006	1.55163117833	1.11840689596	0.36705410675
19	173476071	10	0.518543902793	-1.65431779749	-1.81156941038	-1.0829907404
19	181648906	10	0.787359734436	-1.76310284943	-1.22499220345	-1.16089359172
19	190206782	10	1.51773086964	-0.632271872577	-1.09539436964	-0.391206695133
19	199167838	10	0.243733836814	-0.0936932958332	-0.100360845119	-0.733548462459
19	208551068	10	1.00279806798	0.0158379374372	0.596836456879	0.437651319929
19	218376363	10	0.818611999987	0.293668045294	-0.662936409534	-0.417484825222
19	228664549	10	3.71166220584	0.731218578942	1.71257978041	1.2270593322
19	239437434	10	2.64835573732	1.06032802598	0.385479775913	0.57667940723
19	250717853	10	0.945368614339	0.401772234869	0.56449054158	0.813713532487
19	262529718	10	-0.839911022476	-1.68132500327	-1.3018573048	-2.08360034563
19	274898064	10	-2.00412949868	-3.12789396301	-3.88998018107	-3.75934271951
19	287849111	10	-0.103324483387	-2.31356866378	-1.46015577864	-0.82169629368
19	301410309	10	-1.78133068073	-1.9078019632	-2.58907683128	-2.72174477692
19	315610406	10	-2.97426292225	-3.91521699262	-3.46879228846	-3.41373627319
19	330479499	10	-4.46724482033	-4.67186397204	-5.03519278781	-6.04722436909
19	346049108	10	1.16054819493	-1.7978593672	-1.34730086227	-0.143228707693
19	362352235	10	0.726803481934	0.634604367799	0.112313987527	-0.264105985249
19	379423438	10	3.55962034718	0.381744222083	0.826888900198	1.43316724375
19	397298903	10	0.339732416545	1.0309284539	0.658486009584	0.788766121772
19	416016520	10	3.52039516017	3.58915147857	4.19838709248	3.07336157226
19	435615964	10	6.72498095613	5.22414818884	4.04281047124	4.66291276088
19	456138781	10	7.94828516786	6.83824499409	8.46825846457	7.9378234946
19	477628472	10	9.26671245477	10.535413585	9.13113434949	8.96980249603
19	500130590	10	15.7512325597	13.0725161353	13.5876490458	14.3178589309
19	523692831	10	14.2438342563	11.637418242	11.9621993562	12.0642063522
19	548365141	10	8.67723472294	9.61251319228	9.24286961808	8.62861530632
19	574199817	10	12.0745969476	9.97885074316	9.62593653107	9.41958064953
19	601251621	10	13.518430507	10.8151128073	11.8610165128	12.0364496995
19	629577895	10	10.5229567122	10.1673735205	9.13540341193	10.0403544656
19	659238680	10	9.35305885616	8.45644819582	8.98248871184	8.58154625937
19	690296850	10	6.00969477879	6.47294325034	6.12423076172	5.99812535424
19	722818239	10	6.89685585008	5.2116973642	6.08455798318	6.43550833812
19	756871780	10	3.04983982904	5.71296355658	4.24556548996	3.63503385095
19	792529658	10	10.1929992785	8.18884042951	9.36617502784	9.20505954132
19	829867457	10	13.217144578	12.1380187022	12.2324029337	12.7132247912
19	868964320	10	14.9185623	15.0504816598	13.7486098932	13.8817096419
19	909903122	10	14.3285716023	13.4829715601	14.7573189804	14.3862442992
19	952770639	10	8.92181348204	9.36900022298	9.43149084368	9.26226026459
19	997657739	10	9.0098032347	8.71058728178	7.10962781833	7.01960225694
19	1000000000	10	8.13916389876	8.80591590535	7.36826386115	7.19015865529
19	1044659568	10	15.5322361944	11.2681360346	13.4172353825	13.7676126839
19	1093875756	10	11.1686314233	11.9492452487	10.4671303174	10.6716865318
19	1145410625	10	13.6566457152	11.4438332071	11.751864466	11.8715755865
19	1199373415	10	13.6469770063	12.8862952791	13.4799291448	13.1557750393
19	1255878508	10	12.6208973351	13.6578259247	12.6583108644	12.89270297
19	1315045680	10	13.8720366631	11.8883800895	12.9863843543	13.1136995722
19	1377000346	10	9.6154057478	10.9802895694	9.9458550248	9.4846152183
19	1441873832	10	11.9464007384	11.287713535	12.0949040629	11.3533690401
19	1509803648	10	11.0636393189	10.4435369059	9.9419201962	10.6874174316
19	1580933787	10	10.7491348067	10.995556676	11.3479332821	11.37672114
19	1655415021	10	14.6124746046	14.2116054982	13.7486787702	14.0283973628
19	1733405228	10	16.536671581	14.6293913338	15.2327368094	15.9871043162
19	1815069724	10	9.83610725492	11.0955206363	10.6456768451	9.37009183536
19	1900581611	10	11.0885835598	9.51750492322	9.51168500738	10.1076980676
19	1990122151	10	11.179264565	10.5653403556	11.0001668722	10.7811771744
19	2083881140	10	10.8637593313	10.2585461561	9.66933979839	9.6010881614
19	2182057319	10	9.81900809241	9.45068571854	10.0505763135	9.37765404245
19	2284858792	10	8.70725281582	9.67503672502	8.93019147152	9.08995587184
19	2392503466	10	12.6757102348	9.37489134573	10.380189721	11.376027375
19	2505219515	10	8.83355843221	10.5325934128	9.49789329811	8.52953844307
19	2623245863	10	17.2865815353	15.1717946121	15.7831872323	15.8442311416
19	2746832689	10	19.944667926	17.7406335812	17.762508386	19.234021108
19	2876241959	10	15.3727642629	14.8854433147	14.4921944476	14.3383271448
19	3011747983	10	11.8619366829	12.2037558336	12.5158272963	11.9516111297
19	3153637990	10	11.9740047386	11.9989358256	11.9966347384	11.7760770678
19	3302212744	10	11.122005771	10.5087651807	10.2445109065	9.6102792763
19	3457787179	10	8.98233371105	8.70723285569	9.19772647481	9.46863080992
19	3620691064	10	7.38734366147	8.52078520069	7.71776899995	7.03952149319
19	3791269706	10	9.78764110062	6.09333695221	7.20520319089	8.00313546892
19	3969884679	10	1.63536596426	2.28856885361	1.14300233508	1.65482554459
19	4156914593	10	5.07032835589	3.82439710472	4.67970739781	3.77502824204
19	4352755893	10	9.92444781121	8.24242987345	7.66432861761	8.26826770261
19	4557823704	10	10.2998408553	8.69203846056	9.32004100587	10.855113507
19	4772552705	10	7.28745453351	9.34613912995	8.52333235552	7.11562776607
19	4997398058	10	14.6593471198	14.635505317	15.2917708829	14.7576246348
19	5232836365	10	17.4012110771	17.0291714892	17.0330205079	17.7390997188
19	5479366683	10	10.8403107828	12.7019450476	12.0938002161	11.0730627371
19	5737511582	10	9.94258011736	8.82302704135	9.35232218379	9.43794193718
19	6007818249	10	6.97014509084	6.65259730023	6.75192116988	7.30825993034
19	6290859651	10	2.31441126738	1.23812072583	0.818210466651	1.1221995214
19	6587235751	10	-3.42461241519	-3.32815474452	-3.48027514136	-3.67416519132
19	6897574775	10	2.21438987608	-1.25834681285	-0.111695553347	0.123072589693
19	7222534545	10	0.533685683932	2.07082196201	0.572732055363	-0.24866399237
19	7562803878	10	4.15725362433	1.80397335829	2.58022715473	2.83137163521
19	7919104041	10	3.32401171402	2.2284200896	2.51099343088	2.73921107346
19	8292190280	10	5.34513496198	4.61625441654	3.9948288355	4.17733159798
19	8682853425	10	6.60885301821	4.88607566203	4.98231505431	5.44353110818
19	9091921561	10	5.57974032676	4.26936278748	4.64637432129	4.59988132282
19	9520261788	10	7.23974644886	5.87792579771	5.95023367307	5.52506215709
19	9968782056	10	4.98068885881	7.07824536048	5.83650531037	4.86898687389
19	10000000000	10	6.51125012597	7.07142003138	6.19716085434	5.10090703754
19	10438433091	10	9.40058192989	6.59234888727	8.69329489967	9.14005736007
19	10930210409	10	6.5147386152	7.83834101092	5.88361416105	5.7468765134
19	11445156427	10	13.5883821152	10.3237923564	11.4507217411	11.9721934521
19	11984362674	10	11.4892672294	10.4232626652	9.97696884814	10.2856623243
19	12548972102	10	9.11665382636	9.20416424144	9.47921480861	9.14276730298
19	13000000000	10	9.84572286439	8.88498886024	8.85693107519	9.17520095778
19	13140181510	10	9.80855004474	8.81892624121	8.56283670246	8.63986506133
19	13759244080	10	8.90931775165	7.79669559053	7.74694503918	8.32179512096
19	14407472037	10	7.68546265499	6.31153267438	6.85688737094	6.35994854005
19	15086239424	10	7.02046412183	6.60502996379	5.85317154094	6.07235907324
19	15796985021	10	8.4514852813	6.94342319855	7.38311833125	6.80357468924
19	16541215392	10	4.72877815199	4.76418802853	4.86906479126	4.00353796176
19	17320508076	10	4.54315735915	2.23080261577	1.7815727141	2.62658134207
19	18136514935	10	2.88249255609	1.36056325379	1.82479208341	2.57977905164
19	18990965656	10	0.102014131755	0.737068819268	0.442150196884	-0.211310542834
19	19885671410	10	1.6889933295	0.624787420445	0.638027698893	0.0514555656842
19	20822528702	10	5.36436118191	2.67431620473	3.14778884908	4.86538748933
19	21803523380	10	3.0034738598	4.89782426625	3.78436635407	3.21074043572
19	22830734855	10	6.83062457447	4.84986151338	6.33947646748	6.29852457778
19	23906340500	10	2.47325298665	3.99783939784	2.87914358231	1.94873052335
19	25032620269	10	3.60384282728	3.49766502305	3.50786870924	4.05106282109
19	26211961532	10	2.90183359528	2.00238869954	3.19249932785	3.19008859049
19	27446864129	10	-2.21188748369	0.415119280035	-1.30473100808	-2.04552416711
19	28739945678	10	4.01689263953	1.67093671778	3.03816839144	3.62936598572
19	30093947115	10	6.28627800679	5.20864377275	4.61552019997	5.22569821188
19	31511738509	10	8.99343982042	7.65146461477	7.67138659138	8.00503242014
19	32996325143	10	7.1303434351	8.10373784727	8.24047515512	6.70379181169
19	34550853887	10	11.5893471128	8.67163375271	8.54219292266	9.49454256899
19	36178619865	10	10.4889505513	10.5820233535	10.8517274308	10.4594459914
19	37883073445	10	12.0132085177	12.0365557663	11.4794799071	11.5977604187
19	39667827545	10	13.2573766239	10.8371925063	11.562987663	12.1482771688
19	41536665297	10	6.95542192607	8.49863105881	7.90980140977	7.33163855579
19	43493548067	10	8.41676656119	8.39494620313	8.66131574577	8.7177147521
19	45542623846	10	10.7122888396	9.91090503095	9.8476750539	9.87236723818
19	47688236048	10	10.696916194	9.98713114406	10.1402468149	9.83635951683
19	49934932713	10	9.03050022583	9.49576988055	9.08293289914	9.13471474099
19	52287476152	10	13.0864333904	11.2170423329	11.7851037145	11.8448404716
19	54750853037	10	14.5548226817	14.2460199635	13.7665242877	14.6713123792
19	57330284972	10	17.473701218	16.7020928511	16.9620616003	16.5705741503
19	60031239563	10	18.6120230721	18.7599147596	18.6517025011	17.6903901006
19	62859442007	10	21.0266255181	19.0047541896	19.0722213047	19.5490328967
19	65820887229	10	14.5461412845	15.4651082648	15.4583617301	15.4173876784
19	68921852585	10	11.9879053452	11.2240105127	11.0771328179	11.6007124156
19	72168911173	10	11.8958771989	10.4472273022	10.6779651866	9.88500491429
19	75568945763	10	13.4605779755	11.3264806031	11.3224550609	12.4719800021
19	79129163388	10	10.0006614806	10.4626693774	9.96733576126	10.07138369
19	82857110620	10	9.62280951391	8.64998188241	9.50100467848	8.31311753268
19	86760689565	10	7.6094961518	7.26799475606	6.61671611485	6.65591843292
19	90848174617	10	6.51869158623	5.92315426052	5.91218576282	5.10374239972
19	95128229991	10	7.74364661348	5.07305229651	5.59651903448	6.54024098547
19	99609928097	10	5.96214089052	4.76961075993	4.43419139373	5.5332718755
19	100000000000	10	5.69335170045	4.71596934086	4.1859300692	5.36800757708
19	104302768761	10	4.80907262861	3.57176218565	3.1076631398	3.3929799917
19	109216699370	10	3.75712180998	2.53280908071	3.75850129823	2.42815292674
19	114362135953	10	1.90690401478	4.03553051624	2.6319803878	2.19974751066
19	119749985260	10	7.36933831658	6.13109488187	7.18740602373	7.81007817804
19	125391667883	10	5.57141020009	5.9827323265	5.33616473385	4.82003862322
19	130000000000	10	6.58715078949	5.79455396949	6.04472902211	6.64635286395
19	131299142461	10	6.42604032915	6.04045395136	6.4915611572	6.83414706145
19	137484931034	10	9.12727264163	8.98390220632	8.6507087712	8.82773955791
19	143962145579	10	12.6482918186	11.9088455108	12.0191840409	12.1990483402
19	150744515809	10	12.9279526677	11.6891414577	11.7374760707	11.9224320181
19	157846418272	10	10.8596670361	9.94184660224	10.1475937962	9.89847121418
19	165282906828	10	8.22065744096	9.02382371173	8.17429083538	8.04257598483
19	173069744557	10	10.4114553108	8.49443397382	9.81781243716	9.48397048906
19	181223437172	10	8.3490003918	7.20554012814	6.12472443697	6.83532588233
19	189761268004	10	7.29574307487	5.69998850965	5.94891760532	5.8389906148
19	198701334642	10	5.96160168592	5.56045606713	5.98982942259	4.77556787185
19	208062587291	10	9.52723496981	6.58686886376	6.21459546468	6.93053624573
19	217864868942	10	7.4592954532	6.18107330801	5.95658787683	6.1066602778
19	228128957430	10	6.57897170848	3.80266916415	4.44550781761	4.49142458909
19	238876609483	10	4.56292416928	2.87411736992	2.4200399723	2.78628808975
19	250130606832	10	5.92725368194	5.06683704491	5.00516589021	5.28929778301
19	261914804507	10	6.5006924721	7.8474717083	8.17533997213	7.49491677007
19	274254181402	10	10.5986411979	9.77990998854	9.61546482056	9.57528291904
19	287174893217	10	11.9716091866	11.4133584067	11.3535620181	11.9718305468
19	300704327907	10	11.4706231701	11.5080103429	11.4345317915	10.0506088887
19	314871163733	10	11.941675926	9.79764857052	10.3284863374	10.7403250526
19	329705430050	10	10.2810202588	9.58577466337	8.69245737513	9.33236595028
19	345238570962	10	13.3078495596	11.3652148315	12.2068037713	12.2264467651
19	361503511974	10	13.3677723672	10.9216739243	10.4473549452	10.82890404
19	378534729783	10	7.98601979565	7.54255693499	7.70359399013	6.71333272268
19	396368325357	10	5.97537789022	5.29966405171	5.12806986108	5.13708817643
19	415042100460	10	7.53495302735	5.58863536799	6.05900872049	6.8820225151
19	434595637780	10	6.22082739375	6.87903543816	6.09129529528	5.40305550095
19	455070384831	10	9.82004188104	9.1708425394	10.0022584916	9.85202612789
19	476509741809	10	13.235989629	12.1179219069	11.6187559114	12.2038534897
19	498959153590	10	15.3236136664	13.550388469	13.55512663	14.1180134454
19	522466206056	10	12.1583132842	13.2728862052	13.4832816147	12.7648042442
19	547080726961	10	12.1150313281	12.957530493	13.1177703576	12.7541971132
19	572854891558	10	12.8536595224	12.5468618145	11.6463352694	12.1479428976
19	599843333185	10	13.0527298283	11.6841314476	13.0054525761	12.7896620015
19	628103259078	10	11.332978785	11.834526844	10.9590298051	10.653204204
19	657694571630	10	15.1876245816	13.3791414511	13.1664618351	13.4528932083
19	688679995367	10	14.2954151324	14.2005668809	15.2528966193	15.2374057812
19	721125209903	10	13.5249235925	12.8790895451	11.9224321003	11.9640006602
19	755098989162	10	11.97946442	10.5490966212	10.7360831123	10.823007782
19	790673347157	10	10.0190261174	9.42455487188	9.7316664159	9.88625428269
19	827923690639	10	12.1108930885	10.3547289073	10.4175479384	10.8233587233
19	866928978933	10	10.4464021194	11.4379818067	10.5866232259	9.51087071402
19	907771891314	10	13.2329773045	10.47434463	11.5534106925	12.0513860078
19	950539002253	10	9.23684646238	8.73373348835	8.37407679083	8.74777025682
19	995320964936	10	5.90204508578	8.77158431367	8.13187837226	7.43170342096
19	1000000000000	10	8.5943528079	8.86484119367	8.65256560397	8.07051446878
19	1042212703416	10	10.9711674002	9.3087973295	10.2500452272	10.1871996042
19	1091313613827	10	8.37570222963	6.94679353807	6.59795590291	6.88548539969
19	1142727775070	10	2.63768605102	1.9972868311	1.64673717498	1.68292304896
19	1196564169430	10	-0.364729794537	-1.48156619972	-1.21376228937	-1.18612699615
19	1252936913585	10	1.63638052623	-0.834405284485	-0.182763903107	0.290362181628
19	1300000000000	10	-0.685190998277	1.67726546858	-0.516113457747	-1.1662486101
19	1311965500497	10	0.80155134153	2.32790913313	0.683125895349	0.491101082818
19	1373775052704	10	5.36904554233	4.5352770996	6.50742622422	5.56000541162
19	1438496587537	10	4.71605659354	4.84540791463	3.25747250784	3.89102378859
19	1506267294840	10	6.93866969045	4.90994075536	5.9006503609	6.55468858173
19	1577230827771	10	3.81541839701	4.88810765777	4.284818195	3.74049112279
19	1651537607297	10	5.93148146986	3.72517694269	4.17527658875	4.44085846321
19	1729345141047	10	2.7654942535	3.0812952929	2.70840890068	1.60860948126
19	1810818357179	10	6.26607412219	4.59837661308	4.9454855495	5.00483141963
19	1896129953972	10	6.89106074995	5.29580279193	4.83267580963	6.11999729346
19	1985460765900	10	3.38472788583	2.8949253637	3.57322712525	3.37678138986
19	2079000146941	10	-0.733290575336	0.829655678727	0.0812067792693	-0.579100301289
19	2176946371954	10	2.9896007127	1.30169463141	1.76402365956	1.26282470419
19	2279507056955	10	3.6400726061	1.51063981809	1.62623855746	2.68042660971
19	2386899599205	10	2.52398349097	1.42336581732	0.737761073028	1.55823550399
19	2499351638022	10	5.46663739572	4.307949163	5.27575326856	4.58965276919
19	2617101537311	10	7.48687500734	7.94525085727	7.05606330463	7.21552278576
19	2740398890815	10	6.33677700623	7.60601077434	8.17928498883	6.80344386854
19	2869505051187	10	5.03055046568	5.67862490883	5.4426975988	5.06235148567
19	3004693683969	10	8.73240769749	6.72428937654	6.81670189123	8.3214459959
19	3146251347683	10	7.77349931019	8.85308267684	8.60266668472	7.45716850161
19	3294478101250	10	10.2562114012	9.14010893844	9.72415544302	10.7320919439
19	3449688140017	10	8.74400963073	8.75191527377	8.01622906278	7.8962547319
19	3612210461760	10	8.95985638851	7.75512934974	8.12546810948	8.13794373224
19	3782389564056	10	6.60303382762	5.37515807957	5.8550845344	7.09564004079
19	3960586174514	10	2.44364439063	4.99576410941	3.64748741995	2.35535534812
19	4147178015404	10	11.6851393525	8.16327600155	9.85188717586	10.3411108341
19	4342560604319	10	8.3562457865	9.7249785939	8.38456254478	7.93789216976
19	4547148092543	10	9.28562629583	8.12755698391	8.76475514952	8.18589417998
19	4761374142932	10	8.83461552253	8.87721455607	8.81150386815	8.40662482963
19	4985692849142	10	12.178388673	11.3996847013	11.2553113575	11.8929751604
19	5220579698171	10	11.5112154675	8.8297794404	8.92964033841	9.66830386046
19	5466532578244	10	3.92394977175	3.60336826263	3.59231019571	2.80333242033
19	5724072834185	10	3.75934767719	4.05746257343	4.04271966553	3.72497869508
19	5993746372511	10	9.34318523506	7.3164220255	7.27107240724	7.99907732193
19	6276124818579	10	7.613029228	5.67478066104	5.90113012661	6.13371082774
19	6571806728266	10	3.17934288346	3.13800487507	2.60039242034	3.2893487784
19	6881418856717	10	7.89643808841	6.13686596139	6.98490502201	6.4946732724
19	7205617486879	10	8.28146471254	9.1764556126	8.2462473943	7.20866218577
19	7545089820617	10	10.0067231861	6.90022100432	7.59790773246	8.67418304901
19	7900555435372	10	3.47615312246	5.77416687211	5.41953423922	5.30430698786
19	8272767809448	10	11.3884046182	10.3943866305	10.6088131035	10.3280128085
19	8662515919149	10	12.2603866517	14.3479649435	14.0035541474	12.4779081195
19	9070625911176	10	16.5782320595	13.2567151544	13.7112015581	14.5605658132
19	9497962853795	10	10.2890262311	11.3304204842	11.13089877	10.6974120113
19	9945432570527	10	11.9682056491	11.6999113115	11.2787897762	12.0939827452
19	10000000000000	10	13.1049975482	11.8502981735	11.8040099432	11.8228780184
19	10413983560209	10	16.1713204921	13.2462153241	14.2620289336	15.1883401469
19	10904609007526	10	12.8849298833	15.1670815419	14.0074381586	13.1387838087
19	11418348888254	10	18.1984907633	15.7386524632	16.5047888114	17.567191636
19	11956292173695	10	13.4402210813	12.7412721458	12.6415549315	12.0022144893
19	12519579138962	10	10.2858017862	9.45326452138	8.94140571016	9.35533247486
19	13000000000000	10	11.9798956174	10.4147243837	11.5016204502	10.5806952013
19	13109403780009	10	12.0370228954	11.0884039355	11.9957652918	11.2620473048
19	13727016344541	10	14.9225818488	15.1753759668	14.1077435649	14.046759901
19	14373725982157	10	17.4749579181	15.7214738843	16.7130053695	16.6508640272
19	15050903519343	10	13.5888218567	13.7560422387	13.0584737796	12.2902581342
19	15759984365207	10	15.6385269942	13.9650605622	14.2826260197	14.5315833292
19	16502471554108	10	15.606816784	15.8017897043	15.7360262828	15.8291017887
19	17279938931625	10	17.9676407399	15.8965438293	15.9378400404	16.4082834876
19	18094034490631	10	13.9170811939	13.9786785571	13.8679920225	13.7365299902
19	18946483864533	10	13.1455393879	11.1853624965	11.2638335323	11.6793868905
19	19839093985085	10	8.86757956099	7.68013522696	7.70366694027	8.50608327848
19	20773756912534	10	3.8431945502	4.80109059719	4.87923633957	4.14413821323
19	21752453846202	10	5.01596417667	4.84081151378	4.30195554827	4.44178874315
19	22777259324031	10	10.0771451005	7.28530205127	8.35810131773	8.2607279923
19	23850345619961	10	8.20309114317	9.20663364608	8.06803704913	7.7842846511
19	24973987348488	10	11.4304889065	9.76950757138	10.3062917032	10.2555099647
19	26150566286152	10	10.9387860384	10.6501313319	10.8957790721	9.92800386768
19	27382576420175	10	11.815877985	11.9587083768	11.5256239846	11.5662323975
19	28672629234945	10	13.1157096936	11.7079315023	11.4714607293	12.8228450464
19	30023459247572	10	12.0520391222	9.66922252079	10.8565531829	10.8284273417
19	31437929804219	10	6.90678667362	7.91189891084	6.32179652956	5.40932371295
19	32919039149526	10	8.23399309489	7.26191253587	8.52139923105	9.298389307
19	34469926781966	10	6.66182810448	6.73368601764	5.88271733783	5.22122460003
19	36093880108624	10	7.58468617347	6.00184103561	7.08998334387	7.2349195287
19	37794341413493	10	5.15714229993	5.24445083441	3.37053472161	4.00585808108
19	39574915154062	10	6.91657972497	3.85431397005	6.18190482517	6.54535678422
19	41439375601662	10	0.948732122103	2.00622622304	0.246578074459	0.0216111226076
19	43391674841769	10	1.21011954733	1.56683551183	2.063494826	1.5974071887
19	45435951151211	10	4.81855636001	3.39668207142	3.80183364726	4.58686225126
19	47576537770051	10	5.92195696412	5.7965410413	5.52957807596	4.47932748337
19	49817972086731	10	5.88719402342	7.00406699713	6.48467563547	5.9839426359
19	52165005255944	10	10.1990744842	7.50678973598	8.48110376216	8.24927095194
19	54622612269628	10	7.59965573471	8.78736435739	8.179931685	8.08631282078
19	57196002502427	10	12.1398987521	10.7029766772	10.5647184408	11.0681853233
19	59890630753972	10	13.793578797	11.3064550319	11.8174239585	12.6275331122
19	62712208811383	10	11.4749531491	9.39810460948	9.07322278348	10.0705196049
19	65666717556514	10	7.01697671881	6.15937181029	6.20652562797	5.49549360117
19	68760419643587	10	5.42739907297	3.82843459049	3.74100458192	3.80888836836
19	71999872774107	10	2.88669308864	3.64996428294	3.90377816186	3.27675548892
19	75391943597177	10	4.15739544894	4.86129289311	4.79457029241	4.27991233814
19	78943822264697	10	5.90702846345	5.15462133145	4.64249896787	5.67391634969
19	82663037672284	10	5.72578540991	3.57037455085	4.49198467688	3.69578914647
19	86557473418223	10	3.63984373063	2.37330902566	1.70734830755	1.74061205895
19	90635384514286	10	4.90632469851	3.29117703501	3.27110034102	3.35847673054
19	94905414883828	10	5.06307840753	4.26802174349	4.63870121618	4.30904072708
19	99376615684263	10	5.48353510851	3.61188509269	3.65448636002	3.94552203201
19	100000000000000	10	3.04098176475	3.47570344506	3.1317382629	3.26522536395
19	104058464492742	10	3.95740472277	3.02380558867	2.21181958877	2.14069487869
19	108960885395717	10	4.4583758836	3.34352106515	4.51413195496	4.61692083066
19	114094270024970	10	3.22940708367	3.33646761212	2.46332066436	3.04924384157
19	119469499584686	10	5.38256167561	3.75143446582	4.1820377883	4.49356193923
19	125097967916282	10	6.34420364179	5.72950401415	5.28349306392	4.68676475903
19	130991605649859	10	10.0077881507	7.41295563407	8.28894910739	8.14729757858
19	137162905493486	10	9.30636359703	8.04952723997	6.94870600584	7.21936470365
19	143624948713920	10	10.2130982761	9.43602408998	10.129698021	9.82720871306
19	150391432864885	10	10.7170094809	10.2342521257	10.2731813211	10.2239211683
19	157476700821694	10	9.91781944827	8.24517669729	7.87519954464	7.94154782028
19	164895771183756	10	7.62385483791	7.22945244907	7.17099416637	7.06027932974
19	172664370109409	10	13.6592372553	10.4484515262	11.2991315547	11.4145241057
19	180798964650562	10	11.7027345616	13.0796929404	11.8250889272	10.906683264
19	189316797657804	10	11.9789200603	11.1422517645	12.0133336755	12.6914723079
19	198235924329971	10	8.59642820902	8.41084390467	8.44952473416	8.94796143955
19	200000000000000	10	8.84858862291	8.15021477737	7.63054354682	8.14697890856
19	207575250485640	10	7.71547687573	7.80425778959	6.94394112066	7.069406664
19	217354572637679	10	9.26956083805	7.64037178148	8.80523360635	8.31675128685
19	227594619955796	10	8.92958179234	8.03979530616	7.0524840201	7.47500558517
19	238317098206027	10	11.4808532404	9.59723691857	10.2822146274	11.0650242035
19	249544735760329	10	8.50438926882	9.45051573097	8.87885747726	7.69914124132
19	261301331773756	10	6.97609158359	7.20881665928	7.85509424706	7.77971357678
19	273611806631400	10	6.67288148147	6.66413153805	6.03067881484	6.12002917814
19	286502254771965	10	9.55583442685	7.83954946852	8.15018812239	7.7769188019
19	300000000000000	10	7.28085813342	7.78042236749	7.95627641312	8.07033916834
19	1000000	12	6.46565894113	4.93410057237	5.49508509421	5.28201861856
19	1047112	12	2.92596325362	1.28899540322	1.02199457358	2.25415969902
19	1096444	12	1.43443931965	1.02680413614	1.01845078408	0.72758102763
19	1148100	12	5.15694128495	3.54536373587	3.45174024632	4.4837548209
19	1202189	12	5.28605025478	5.08784031915	5.53860861312	4.7376244249
19	1258827	12	5.40808898266	4.97788683457	4.35613686221	5.02771746788
19	1318133	12	4.41862456025	3.76523432542	4.12883655023	3.74190296837
19	1380233	12	0.433218496568	2.0330854412	2.15043532185	0.838463934727
19	1445259	12	3.18554316476	1.720003345	1.31052086231	2.32973757289
19	1513348	12	3.12315993025	2.15134944179	2.43112839352	1.86390416997
19	1584645	12	1.83717969182	0.327315189351	0.532745825117	-0.0899674457127
19	1659302	12	-1.40090502783	-1.28264625339	-2.08907393932	-2.56552246762
19	1737475	12	5.29750771205	1.96568416983	3.19407797159	4.62094724991
19	1819331	12	5.77061097421	6.4649736105	5.2797015145	4.63490084326
19	1905044	12	9.61742790012	6.28829913953	6.85976138827	8.78876169707
19	1994794	12	3.69745318967	4.20652680092	4.51255158849	3.54455388438
19	2088774	12	4.34974029868	4.73084234872	3.93420680997	3.74166034153
19	2187180	12	5.33026171445	5.46892056919	5.91365808162	5.98630760782
19	2290223	12	4.70285773517	4.04059036469	4.51266832887	4.35119734665
19	2398120	12	3.07352772291	2.61972161151	1.52089711081	1.83211541754
19	2511101	12	1.67388979135	2.20648090143	3.06342343941	1.9170383247
19	2629405	12	4.43045778642	2.46099580769	2.36725582224	3.04476598767
19	2753282	12	4.34312579778	4.63962143594	4.34239536389	4.05927173578
19	2882995	12	8.67263285591	7.19867002363	7.14082725661	7.76021496176
19	3018819	12	5.87377544549	5.92281697035	6.43964891137	6.08686952778
19	3161042	12	3.63652282832	2.31427104642	2.1316241963	2.27927895362
19	3309966	12	1.03970542157	1.78129235656	0.869850776407	0.509632125237
19	3465905	12	4.95021835875	3.5140790881	5.17410156427	5.35120884779
19	3629192	12	0.570866383559	2.69326040425	1.59732988283	1.88421224671
19	3800171	12	-2.93777695005	-0.347882358868	-0.753509179414	-1.52597589576
19	3979205	12	0.13712624047	-2.2446084749	-0.832633149337	0.329486672016
19	4166674	12	-3.62912041003	-2.95276676466	-3.93929830453	-4.26354715932
19	4362975	12	-3.16200055144	-3.45656640648	-3.71714062407	-4.23852772943
19	4568524	12	-0.387419172663	-2.66315806328	-1.7831050007	-1.01820642181
19	4783758	12	-0.253159975959	-0.697281375876	-0.947688810404	-1.40647160661
19	5009131	12	-0.620349453311	-0.0698714705048	-0.818067649273	-1.16116633577
19	5245122	12	1.58091029099	-1.09057015651	-0.251114868787	-0.00955341324729
19	5492231	12	0.476779415981	-1.01371929496	-0.917536651485	-0.410738111186
19	5750982	12	-0.233656198353	0.143179233149	-0.737864383038	-1.52098683094
19	6021923	12	-0.343522020169	-1.70264874972	-1.23396849962	-0.431753269109
19	6305629	12	-5.72381685966	-6.84415599473	-6.06260836698	-6.25265104266
19	6602701	12	-11.4400353259	-8.98821753921	-10.4921474264	-11.5804781105
19	6913769	12	-3.77343438708	-5.4956343368	-4.58925080154	-4.40450270648
19	7239491	12	-0.422668419842	-2.67442865403	-2.32960578647	-1.91601076767
19	7580560	12	-4.34967112351	-4.67882353307	-5.61198174231	-5.08995710586
19	7937696	12	-5.58256144148	-6.89203527369	-6.51730315979	-6.64971580269
19	8311658	12	-5.07342248682	-6.13187375211	-5.57395421843	-5.49519999833
19	8703239	12	-5.36228546452	-5.40721588856	-6.25393804947	-6.29444204023
19	9113267	12	-4.20429059411	-4.58962647917	-4.23089905459	-4.30918147097
19	9542613	12	-0.655522043425	-0.044068536367	0.167033604996	-0.054324626381
19	9992186	12	6.51618288029	5.51067693494	5.17540286777	5.99360162476
19	10000000	12	6.33046081014	5.57336651159	5.2381981112	6.06655286566
19	10462940	12	6.29614985573	6.53449138675	6.77630408083	6.44198785717
19	10955872	12	4.23113454341	5.07729021346	4.66225874524	4.55006171178
19	11472027	12	5.61518456019	5.58562228994	6.3745162829	6.02476929757
19	12012499	12	5.07964695715	6.34812108403	5.579926694	4.43638844176
19	12578434	12	5.47588536823	5.34955683501	5.41413433976	5.10905951835
19	13171031	12	6.66728409115	4.83842410537	5.61699546784	6.79835402327
19	13791547	12	5.25896533481	4.8014534628	3.87639571627	4.39242094651
19	14441297	12	4.68517135905	2.77678012154	3.00640909576	3.31171592529
19	15121658	12	1.37740357679	0.947048489462	1.50211232891	1.63344065998
19	15834073	12	1.42479833133	2.88602579927	2.25938723279	2.39983682474
19	16580050	12	6.76075794851	6.10879680439	6.12453283934	6.15433298189
19	17361172	12	6.04910710253	6.67735693086	7.22025964116	6.23464078582
19	18179095	12	6.91574819909	6.18237633416	5.64494959548	6.50312272919
19	19035552	12	7.05360417074	7.60073582439	7.83688385821	7.26655944213
19	19932358	12	8.60615531313	9.48803403348	9.25768684759	8.2971305504
19	20871415	12	9.49582666873	8.89753490633	9.51249616559	10.1099007334
19	21854713	12	5.46593005564	6.57750612039	5.6972970228	5.6012658705
19	22884336	12	5.61115517028	5.90848682782	6.53732688752	5.61772975317
19	23962467	12	11.1217012455	7.4444863224	7.29411107771	8.0404638517
19	25091391	12	9.73479421886	7.96949694401	8.03920766801	8.61703911386
19	26273501	12	8.39910374234	6.74057596965	6.23741703999	6.91504190643
19	27511303	12	8.6416037442	7.31054886437	8.14560745218	7.97514505046
19	28807420	12	10.1957516971	9.55240240584	9.08016488298	9.15362987863
19	30164600	12	9.53890532835	8.11045067323	7.77689967105	8.41550608543
19	31585720	12	4.09266595273	2.77645500972	3.44839808862	3.04020476144
19	33073793	12	-0.108383763498	-0.391217546214	-0.430397376949	-1.52672136035
19	34631971	12	-2.28328055201	-0.243203102404	-1.21894510645	-1.83400614498
19	36263559	12	2.18521233903	-0.15260032202	1.12138328654	1.39762523803
19	37972014	12	0.917629477559	1.45500325556	0.954648307716	0.255938477214
19	39760958	12	7.19291318895	6.58130156514	6.1029064539	6.85261268225
19	41634183	12	11.4036194907	9.90048045846	10.3785657813	11.1238158902
19	43595660	12	9.68678463567	7.71850871185	8.40723141156	8.9896579848
19	45649547	12	2.25531918115	4.92998278788	2.97783532726	2.23722258834
19	47800197	12	7.78016886915	4.87900016616	6.95002287162	7.20980899365
19	50052168	12	2.66125771034	4.80271216038	3.92659356684	3.25863605092
19	52410235	12	5.74523694217	4.44743598703	3.80780867433	4.46141464729
19	54879395	12	7.40435891832	5.87247928908	7.25346163864	7.91666346931
19	57464883	12	3.90304033723	6.59257489924	5.44148111467	4.63031647762
19	60172178	12	5.77764684758	4.42844188859	5.02718326894	5.18501628406
19	63007021	12	1.0588334363	2.96143310315	2.59020437539	1.37393625921
19	65975419	12	7.62084136505	4.51819367949	5.03678852561	5.5570994193
19	69083665	12	6.33281766064	6.6911526723	5.98522828816	6.66437499622
19	72338346	12	8.96205118509	8.53879621279	9.30823272778	9.01880790912
19	75746363	12	8.85544410487	10.5502700083	9.69048440887	8.71824441976
19	79314940	12	13.4549909753	10.5374604608	11.6239276644	12.7752119186
19	83051639	12	7.13130020531	7.94089439527	6.69163189859	6.62512474448
19	86964383	12	7.76291164451	6.53189577399	7.59466967605	7.67189878191
19	91061464	12	8.02020794001	7.55785356862	6.99556702231	7.49666613044
19	95351568	12	10.0249518223	8.04893755284	8.16548223893	7.94365737989
19	99843788	12	7.266493866	7.47052548454	7.4635039093	6.35879827703
19	100000000	12	7.72563350401	7.45850317717	7.46090786773	6.39955716317
19	104547647	12	9.26431163335	7.60588748517	7.73256029253	7.37062072065
19	109473114	12	8.91684316824	7.4023470306	7.209565058	8.80489849587
19	114630631	12	5.11657164131	5.23361367497	5.39896690331	5.11341442151
19	120031129	12	3.20925298329	2.6507204387	2.37916432399	2.24518560138
19	125686057	12	3.65301341918	1.08511655475	1.66503118452	2.04751366164
19	131607401	12	0.528005052025	-0.285651644196	-1.01807207741	-1.18916190188
19	137807713	12	-0.287367119387	-1.19654784231	-0.89761953058	-1.11750747906
19	144300134	12	-0.197062504266	-0.0984079239695	0.516996510466	-0.579580583774
19	151098428	12	1.10314403983	2.24731904162	0.931793418767	0.804674106712
19	158217004	12	5.26830030356	3.34551819013	4.55243932687	5.54329286034
19	165670951	12	1.82619058821	2.4517011852	1.98665049871	1.1696765446
19	173476071	12	1.91861244033	0.789953046578	0.644278858865	1.9860819513
19	181648906	12	0.685764929993	-0.108327325402	0.0242598854393	0.0722841867751
19	190206782	12	2.68713006428	0.800766198518	1.01026999521	1.36115738394
19	199167838	12	2.33984483341	2.74601148285	2.49218146185	2.41832352254
19	208551068	12	2.02947228044	2.92365458915	2.81194322126	2.02158639979
19	218376363	12	0.678278514275	0.199322932647	0.532063937759	0.8686224556
19	228664549	12	-1.28304372548	-2.58147343258	-2.52613411483	-2.93654346816
19	239437434	12	-2.73813050807	-2.94868179128	-3.67906701536	-3.48978415475
19	250717853	12	-4.06728357332	-2.54758075567	-1.66199310434	-2.86318581344
19	262529718	12	-2.02440092597	-3.15559878956	-3.36993932736	-3.44169279149
19	274898064	12	-2.00412949868	-3.21022057039	-3.86191541386	-3.11806814675
19	287849111	12	0.0619946900323	-2.01627351879	-1.16608471878	-0.335514664642
19	301410309	12	-1.43720998104	-2.15944223889	-2.46420303114	-2.43173386887
19	315610406	12	-5.13556064576	-4.2491969172	-4.46324872455	-4.67609956288
19	330479499	12	-3.86513790977	-5.12310549333	-5.04856921241	-4.5239672629
19	346049108	12	-2.49232481207	-3.76689213559	-3.34136122576	-4.08332122268
19	362352235	12	-3.48492951594	-2.97131005714	-3.4607215518	-3.26857476758
19	379423438	12	-3.34056678736	-4.04923524969	-4.10113392948	-3.8154102606
19	397298903	12	-6.59796114237	-5.46691260051	-5.08063889739	-6.02174972739
19	416016520	12	-4.85148984759	-6.32458313881	-6.01961307006	-6.05137597755
19	435615964	12	-7.66853695763	-6.82606958811	-8.51620875587	-8.09739658404
19	456138781	12	-4.15058443226	-6.67267023533	-4.22907406172	-4.35802329312
19	477628472	12	-7.63721950091	-5.74813330632	-7.42776921767	-7.87090837192
19	500130590	12	-4.06275394579	-4.94880878244	-4.91975137516	-3.78521731861
19	523692831	12	-3.78993372673	-5.1127802498	-4.15386354276	-3.76923363344
19	548365141	12	-7.23876265657	-5.6098399283	-6.08620806176	-7.26678975019
19	574199817	12	-4.74196843737	-4.48965496451	-5.18819882828	-5.31168595136
19	601251621	12	1.42455469668	-1.52180439412	-0.395357750035	-0.189918909304
19	629577895	12	0.683120118057	-0.161763331525	-0.487572675941	-0.084646876465
19	659238680	12	-3.54476659845	-2.51374744971	-3.26282982534	-3.28621368272
19	690296850	12	-4.4758979675	-4.67568810293	-3.82601840409	-4.10242125183
19	722818239	12	-2.60851379676	-2.86790269465	-2.70317954422	-2.12879507718
19	756871780	12	-2.83581598139	0.49754229096	-0.729350280884	-1.3110303024
19	792529658	12	3.3801977042	2.88093690937	4.15510909423	4.30339940311
19	829867457	12	7.05769856109	5.99484332159	5.64254864336	5.8736529772
19	868964320	12	8.50873351061	9.23429621154	8.69078137317	8.715273257
19	909903122	12	8.76455582546	8.84404855742	9.40697448458	8.73239281573
19	952770639	12	5.48570964098	6.03864517953	6.25940813769	6.09556172793
19	997657739	12	5.21930934435	5.34411699664	4.29062985707	4.92348473918
19	1000000000	12	4.70655999363	5.38278761681	4.40361631695	5.04765235757
19	1044659568	12	7.42494090604	6.39012585562	7.68959526107	7.32631420679
19	1093875756	12	5.60697013644	6.78896039298	5.88416561567	6.06203487691
19	1145410625	12	8.03201583897	7.56594812212	7.79314929545	7.88490776614
19	1199373415	12	9.45292197095	8.91162266949	9.26953933083	10.0222457018
19	1255878508	12	6.89573480031	8.71079938049	8.07365699221	7.69956582306
19	1315045680	12	8.75470382945	7.98796684936	8.52222816879	8.17428314409
19	1377000346	12	9.13565620412	9.12063609706	9.01039567401	8.66642860578
19	1441873832	12	11.7364639891	10.7446926075	10.349315655	10.3936151353
19	1509803648	12	13.0903413888	11.6424076281	12.3042439562	12.5099075156
19	1580933787	12	13.6929210562	13.3887009825	12.8517844906	13.00869627
19	1655415021	12	15.7957469697	14.9607060527	15.1388417827	15.1255547333
19	1733405228	12	14.2557513629	13.458666579	13.5705640192	14.1417729333
19	1815069724	12	8.77323119623	10.6016244767	10.4129556541	9.83420604468
19	1900581611	12	9.83593529771	9.88770545473	10.0472348045	9.90051937537
19	1990122151	12	10.0734331397	10.6198400521	10.439948107	10.0513653624
19	2083881140	12	11.8959856852	10.9006484227	11.1317503855	11.2198847228
19	2182057319	12	11.0122040125	10.4495184728	10.2890785977	10.829453168
19	2284858792	12	7.48190782497	8.35413276898	8.26790738928	7.75030623186
19	2392503466	12	5.83321085414	5.21898556109	5.56472433289	5.9873789672
19	2505219515	12	5.0355174499	4.90535263624	4.52772188252	4.11775693571
19	2623245863	12	8.46798592843	7.66455581599	7.75470940996	8.65968583003
19	2746832689	12	9.68868973353	8.47130675528	8.85721559945	8.94933170334
19	2876241959	12	5.84062703093	6.48123604618	5.6826208463	5.95241145286
19	3011747983	12	6.82938297855	6.30438329077	7.21120600641	6.10847685476
19	3153637990	12	7.32601577975	8.35936492027	7.79129938124	7.63207654155
19	3302212744	12	10.7100796313	8.47183962018	8.29715145071	8.7941642125
19	3457787179	12	7.06619216341	5.81826488248	6.84684065731	6.63351796595
19	3620691064	12	-0.526726820782	2.68682999159	1.12901435221	-0.19267764227
19	3791269706	12	3.08845855547	0.252966136822	1.75969654233	2.69313749049
19	3969884679	12	-0.745070207653	-0.397039450919	-1.47066461296	-0.166719135877
19	4156914593	12	0.370999635797	1.17018548299	1.94803993919	0.0835171108848
19	4352755893	12	3.8389871338	2.42088368206	1.47555848588	2.68317920107
19	4557823704	12	4.12112227658	2.16761003794	3.49676879837	4.8197175621
19	4772552705	12	0.121941470282	3.16732517078	1.82381290885	0.51762893528
19	4997398058	12	6.29476232024	5.30890771443	6.04411446506	5.96424560232
19	5232836365	12	4.93359136458	4.51253413861	4.55751034466	4.48162527837
19	5479366683	12	0.528928644835	1.57520389848	1.3132729726	0.880178101568
19	5737511582	12	1.31891368904	0.976907678779	0.697065023545	1.20806093015
19	6007818249	12	1.28108443155	0.958611921958	1.88260806985	1.37403348553
19	6290859651	12	-1.96622550149	-2.50443178099	-3.29304733223	-2.56789960419
19	6587235751	12	-6.42302855617	-5.6831497512	-5.96026597541	-6.35021303127
19	6897574775	12	-2.78885465546	-3.84267131351	-2.39845706209	-2.93028948897
19	7222534545	12	-2.83189971023	-0.749275067645	-2.44201197686	-2.76469028018
19	7562803878	12	1.17702537495	-0.57080391824	0.278897251503	1.2825319661
19	7919104041	12	-0.115256994245	-0.495222888812	-0.27672726212	-0.311932022696
19	8292190280	12	1.38142846146	1.0974405869	0.612976505044	0.83963016652
19	8682853425	12	0.561420958738	1.19885494705	1.0031787397	1.09007443474
19	9091921561	12	1.8873287684	0.107250280393	1.06511615398	1.53134277194
19	9520261788	12	-0.300949647464	0.690416101214	-0.157496519494	-0.337296892575
19	9968782056	12	-0.348648220117	1.44773339247	1.26578100336	0.478937098813
19	10000000000	12	2.18837687238	1.43187649261	1.64350745544	0.797111489318
19	10438433091	12	1.66633748001	0.68252118573	1.90824549754	2.10880460759
19	10930210409	12	-1.20584349444	1.07213416587	-0.275908328541	-1.31459114309
19	11445156427	12	4.17354667205	2.6508284622	3.15498588129	3.72142794863
19	11984362674	12	0.408286812867	1.26522562598	1.7373746095	1.19229238453
19	12548972102	12	-1.79344009699	-2.31198285367	-3.04834812906	-1.9264350787
19	13000000000	12	-5.19860049673	-3.32443783196	-3.85620386739	-4.63829887527
19	13140181510	12	-2.97073578379	-3.19108700492	-2.97604390604	-3.13884739539
19	13759244080	12	-0.501529748786	-1.8663574276	-1.39907091771	-0.988600425651
19	14407472037	12	-1.7889484044	-2.14138282856	-2.86528461882	-3.17547950129
19	15086239424	12	-1.09565951804	-3.4554946149	-2.90865993273	-2.36791833328
19	15796985021	12	-2.17256645114	-3.65805855008	-3.98073365924	-4.04002453128
19	16541215392	12	-4.18542968745	-3.62471384984	-3.35789141827	-4.52050868162
19	17320508076	12	-4.13366056382	-4.30024859732	-4.50532499566	-3.96389538799
19	18136514935	12	-6.1975168539	-5.03997086846	-5.12079130767	-5.68683870211
19	18990965656	12	-4.67410203677	-5.81737459	-5.35560081453	-4.60214750884
19	19885671410	12	-7.86683452215	-6.56007853388	-7.13938345245	-8.10220394342
19	20822528702	12	-3.83210994929	-6.32869851652	-5.99421262859	-4.75416816121
19	21803523380	12	-5.35401861964	-5.2477840591	-5.32939140439	-4.97684002448
19	22830734855	12	-3.68239993699	-3.88530502751	-3.68185504065	-4.18399331801
19	23906340500	12	-2.98515236746	-1.55215129455	-2.11172956844	-2.45055358459
19	25032620269	12	0.375911043209	1.42422321931	1.96639524439	1.33529145355
19	26211961532	12	2.73647175437	2.73318975144	2.96164327005	3.47962308198
19	27446864129	12	-1.14903245906	1.58912921386	0.228565182558	-0.092424812613
19	28739945678	12	1.26566636319	-0.360132825762	1.63226327636	1.8289534337
19	30093947115	12	-2.56357972081	-1.68637263787	-3.34616068314	-2.75235628567
19	31511738509	12	-0.732907742247	-1.59631248909	-0.837558467986	-0.533893896964
19	32996325143	12	-0.275997810514	0.524495974768	0.446428769265	-0.415499954509
19	34550853887	12	4.42002472002	3.78630677434	3.73996387518	4.34190471527
19	36178619865	12	6.9642582406	6.08860410196	6.07221883187	6.15191826849
19	37883073445	12	6.20821351485	6.32295231786	6.09392475788	5.47968390309
19	39667827545	12	6.06517812604	5.01410845768	5.75546357151	6.30497036596
19	41536665297	12	0.779542786499	3.65600681572	2.66107099962	1.86670354131
19	43493548067	12	4.75491283499	3.62444940205	4.26720592839	4.61348801126
19	45542623846	12	5.74013081204	4.75331757786	4.7894178697	4.94149554454
19	47688236048	12	5.55112797563	5.93572433469	5.51520975888	4.19534994705
19	49934932713	12	8.59594088734	6.9665462504	7.15083163244	8.37681655764
19	52287476152	12	8.59477157352	8.10141089622	8.55202186934	8.56434767074
19	54750853037	12	7.98879446723	9.47416640073	8.43808983207	8.6743023599
19	57330284972	12	15.0378490179	11.8175412182	13.1289859715	13.5981962818
19	60031239563	12	12.2633686504	14.4438192672	13.1874033147	12.5166413944
19	62859442007	12	15.3053983524	13.9802135345	14.8865084763	15.1400837534
19	65820887229	12	7.56406337611	9.85873505053	9.53498992703	8.8509529492
19	68921852585	12	8.63758866435	6.95246088168	6.70738678167	7.7128188492
19	72168911173	12	9.15518502913	7.77566786306	8.17674810698	7.78842183848
19	75568945763	12	7.42160537822	8.31578681881	8.35023292274	7.80481222657
19	79129163388	12	4.58604514908	5.42811913793	4.71484163246	5.438895764
19	82857110620	12	1.51078580998	1.29074574609	2.2968533672	1.3998139705
19	86760689565	12	-1.13742266509	-1.11543717084	-1.76255434251	-1.95923481849
19	90848174617	12	-0.860419069749	-0.908444446421	-0.854183839291	-1.00699130814
19	95128229991	12	1.75113517436	1.240983664	1.33973813754	1.6331022163
19	99609928097	12	5.10854949849	2.92551115797	3.3175554783	4.60867603411
19	100000000000	12	4.57025193478	2.96336162045	3.18493290777	4.37293080315
19	104302768761	12	1.89761113425	2.27966686045	1.21889175897	1.63716370528
19	109216699370	12	1.43695373573	0.817343007524	2.11722691723	1.08508350198
19	114362135953	12	-0.672227712389	0.544365958731	-0.422266899712	-0.669640066183
19	119749985260	12	2.05529439186	1.15225988127	1.53845542773	2.45278637618
19	125391667883	12	2.18621668612	2.58270064758	2.72008401772	1.76714249339
19	130000000000	12	3.79949310472	4.68373414649	3.8927708852	4.59683400998
19	131299142461	12	3.36371990315	5.34307342145	4.73388203763	4.90903546797
19	137484931034	12	8.22089500105	7.75595363134	8.84578303482	8.70131003677
19	143962145579	12	7.20478490312	8.1006718972	6.76477471262	6.0880249927
19	150744515809	12	11.3265762158	7.49533421835	8.42074206485	9.21800463361
19	157846418272	12	7.69265355344	7.00463590442	7.21146824588	6.98119177231
19	165282906828	12	5.48386928623	5.97490188369	4.47870245624	4.36569135095
19	173069744557	12	6.61478416776	4.57000010435	6.71523866957	6.76784838806
19	181223437172	12	3.18198085038	3.5031514699	1.69867850214	2.71625118689
19	189761268004	12	4.84057905732	2.44929287818	3.27571069274	3.1848057354
19	198701334642	12	1.1145831522	1.52791778483	1.6347518476	0.90786522527
19	208062587291	12	1.68454348883	0.949910567729	0.430601902546	0.618763926563
19	217864868942	12	-0.01208146112	-0.76874391621	-0.42292490465	-0.452273648586
19	228128957430	12	-3.02386295155	-3.68103048516	-3.48813643508	-3.72492665745
19	238876609483	12	-2.70070305557	-4.44680952776	-5.19485955132	-4.77187656299
19	250130606832	12	-0.149243997091	-1.64962645856	-0.706669596211	-0.720524127631
19	261914804507	12	-0.439235977845	1.82494905977	1.26288466641	0.843435390532
19	274254181402	12	3.67802179596	3.88367277829	3.68096531492	3.91097651986
19	287174893217	12	5.77090228908	4.94144346438	5.72356212756	5.61702055469
19	300704327907	12	2.80475909159	4.85539812525	4.15673222966	3.035034755
19	314871163733	12	4.0833210904	3.49818647826	3.5609051955	4.30538896462
19	329705430050	12	4.83289428793	2.37793185801	2.88742042553	3.86793858946
19	345238570962	12	2.53688258071	2.19181208569	1.63816534898	1.49649792007
19	361503511974	12	3.73115258051	1.64071999014	1.89025500173	2.39566036752
19	378534729783	12	-0.665306659409	-0.0444452047358	-0.175819319426	-1.20483660762
19	396368325357	12	-0.242802219408	-2.02876332361	-1.67772561664	-1.40102191847
19	415042100460	12	-3.34106140584	-2.97914657602	-3.4146324589	-3.51169794375
19	434595637780	12	-2.96261234031	-1.99591798904	-2.09554048992	-2.74928151244
19	455070384831	12	0.579461260522	0.382390124775	1.40794102163	1.56019854666
19	476509741809	12	1.46474452164	2.42982348353	0.90153949415	1.91784234163
19	498959153590	12	3.99821050871	3.38212774314	4.50392890437	4.24157272276
19	522466206056	12	2.69975699232	3.77559444237	3.51962238512	3.03620111303
19	547080726961	12	1.78117730802	3.73573380982	3.57258420155	3.70028325975
19	572854891558	12	2.59030567844	3.07773326254	2.87936534868	2.60514710998
19	599843333185	12	4.32317706757	2.3227243607	3.08644720374	3.54190035693
19	628103259078	12	1.72080127567	2.0646225316	1.25778063713	0.580693379922
19	657694571630	12	2.90211310405	2.30412625911	2.67392646719	3.02868515414
19	688679995367	12	2.51983371084	2.56953680793	2.37466538466	2.77781610042
19	721125209903	12	3.97083746709	2.05598142112	2.80380731936	3.24983105165
19	755098989162	12	-1.02090304492	0.75469779553	-0.78605178043	-0.982780802407
19	790673347157	12	2.01312215244	0.191582390691	1.80590041449	1.57846384383
19	827923690639	12	-0.0374580493572	1.32542835386	0.681703578625	0.530423369221
19	866928978933	12	3.75492305301	2.99352856913	2.37876091192	1.87649042202
19	907771891314	12	4.92510826365	3.93732233079	4.98767676383	5.141497051
19	950539002253	12	3.99109165227	4.53069123815	4.24358256812	3.91964395726
19	995320964936	12	5.0541961971	5.69249031918	4.68355445303	5.17142527865
19	1000000000000	12	6.19708541588	5.85194709969	5.33858218611	5.49696069542
19	1042212703416	12	11.3795489316	7.26596604284	9.08512299883	9.77724548954
19	1091313613827	12	6.86074941716	7.47716008216	5.82618247709	5.50425563941
19	1142727775070	12	4.49743704551	4.8595951953	5.64702620528	4.78872333089
19	1196564169430	12	2.75034638039	1.43912541995	1.55522866281	1.44621175514
19	1252936913585	12	2.67877239169	0.752062920596	0.212506068505	1.3341268156
19	1300000000000	12	1.26249523911	1.91917600778	1.65691812041	1.05143451411
19	1311965500497	12	2.81244546202	2.20120132198	2.52082637917	3.21680525875
19	1373775052704	12	1.01680940841	2.55931545861	2.93112650848	1.66084353318
19	1438496587537	12	1.38435692434	1.92546846472	0.789403009418	1.06291090743
19	1506267294840	12	3.89251473566	1.88354802048	3.42797467157	3.84427998408
19	1577230827771	12	-0.612689048349	1.21773628571	-0.205194338287	-0.947528283747
19	1651537607297	12	0.772318054934	-0.555239768035	0.456138711845	0.271419262141
19	1729345141047	12	-0.705451741932	-1.00731343131	-1.77046786646	-2.33966911211
19	1810818357179	12	1.10129169214	-0.127839337277	0.781226804181	1.14601741808
19	1896129953972	12	0.086845030098	-0.787161251608	-2.01682184744	-1.25589842907
19	1985460765900	12	-1.20565331233	-2.78689745176	-1.49100758307	-1.33271106651
19	2079000146941	12	-4.77293913835	-3.59510647877	-4.5099429456	-4.23507211688
19	2176946371954	12	-2.51721191471	-3.37081297641	-3.07542772341	-3.05640432409
19	2279507056955	12	-3.96235303254	-3.46134364947	-3.26102881218	-3.99480722935
19	2386899599205	12	-2.46554103677	-3.30284852192	-3.69178625667	-2.94495808245
19	2499351638022	12	-1.36056508345	-2.39791398294	-2.05777274202	-2.51503281484
19	2617101537311	12	-4.05410479831	-1.7620332772	-1.9898972745	-2.52170174128
19	2740398890815	12	-3.54783529569	-1.98782179063	-1.7790534206	-2.41896472376
19	2869505051187	12	-2.56069161792	-2.16934420639	-2.56542960901	-2.86405111025
19	3004693683969	12	1.80501781987	-0.972928085791	-0.183432294674	1.24699982907
19	3146251347683	12	0.404751119273	1.25562606251	0.101049133921	0.014336067954
19	3294478101250	12	3.96402384862	1.87946395253	2.97029337355	4.08032335362
19	3449688140017	12	-0.472550867639	-0.37549269516	-0.774489320929	-1.07315458581
19	3612210461760	12	-3.84377236595	-2.89255773952	-3.48258465646	-4.4305937143
19	3782389564056	12	-3.21788670539	-3.27914353459	-2.0879067401	-1.78723816202
19	3960586174514	12	-3.88926180446	-2.33718175743	-3.32730174429	-3.56725847138
19	4147178015404	12	-0.188747498497	-0.878059854878	-0.617803030175	-0.502549535209
19	4342560604319	12	1.12832568313	1.20850184297	1.54133954748	0.904660652438
19	4547148092543	12	2.23093180856	2.82210732767	2.39768989507	1.97725360745
19	4761374142932	12	3.98241581748	3.37435870198	3.6061074825	4.04690724815
19	4985692849142	12	5.04789143042	3.56309423432	3.43414996462	4.11274836417
19	5220579698171	12	4.70617651084	2.52310438648	2.64333523304	3.32565042843
19	5466532578244	12	-0.299636399304	0.171468262804	0.244457192793	-0.476515085867
19	5724072834185	12	-0.860605517636	-0.0669700685884	-0.520416759886	-0.488037247856
19	5993746372511	12	3.96704653699	2.11441907912	2.66923070676	3.02944372001
19	6276124818579	12	1.94089159087	1.9667622512	1.96507520072	1.27321973239
19	6571806728266	12	-1.05024832052	-0.336968784108	-1.19076095678	-1.07817544319
19	6881418856717	12	2.69157569631	0.434129033912	1.5751405149	1.97679962758
19	7205617486879	12	2.38607034352	3.44866827046	3.01669526467	1.92578534887
19	7545089820617	12	4.52273808966	4.51247974879	3.83869658866	4.16334783496
19	7900555435372	12	7.46256550893	5.81758932017	6.94809698838	8.43926300815
19	8272767809448	12	8.83340810312	9.79442624905	9.20745474533	8.47170194105
19	8662515919149	12	10.6514784933	12.2347210876	11.9865933807	11.383218063
19	9070625911176	12	11.875984244	11.0247176257	11.4712378342	11.2910651965
19	9497962853795	12	9.22090687273	9.83232420445	9.94384028966	9.65545395265
19	9945432570527	12	9.27743911916	9.55400705469	8.82772714079	9.205019732
19	10000000000000	12	9.26179182884	9.46561113394	8.83226727237	8.7195531557
19	10413983560209	12	9.16219898151	8.25271592043	9.04734996746	9.92430263022
19	10904609007526	12	5.88929054113	7.06142223316	6.61646247181	6.12484714685
19	11418348888254	12	7.25790303376	6.65620172554	6.80712268103	7.4532528298
19	11956292173695	12	5.17491070265	4.82511715227	4.85170310798	5.01686552025
19	12519579138962	12	1.69039219726	2.12645930927	1.66233636434	0.9469702247
19	13000000000000	12	4.65643633732	1.26845730212	2.7914078827	2.95455680722
19	13109403780009	12	2.20928517077	1.27174120219	2.50844818935	2.82202840146
19	13727016344541	12	-0.138000594418	1.66227971557	-0.0599453841	-0.787176638537
19	14373725982157	12	3.99630218242	1.82566398159	3.08911488398	3.05456531692
19	15050903519343	12	2.56572160931	2.43803443563	2.31227492906	1.91715356887
19	15759984365207	12	3.81666091982	3.46239076673	2.8744122166	2.8342982788
19	16502471554108	12	4.61430774727	4.48500102564	4.65718204685	5.17915358547
19	17279938931625	12	8.70322034196	6.36948088457	7.11694236456	7.75611239373
19	18094034490631	12	6.91339343417	7.85271221839	7.00678924951	6.80988344386
19	18946483864533	12	7.04200490401	6.33049074888	6.02001807905	5.73540810823
19	19839093985085	12	6.28519784833	3.38861011739	4.99672048671	5.89633330332
19	20773756912534	12	-0.470362931557	2.16897877167	0.607423997268	-0.00953355024277
19	21752453846202	12	3.30423084398	2.30522131662	2.3348059591	2.63444688952
19	22777259324031	12	6.31754439707	3.2831476748	4.82997848888	4.86857995018
19	23850345619961	12	4.04898057588	5.74507624253	4.03117133025	3.23561542621
19	24973987348488	12	9.75033859591	7.38410302384	7.96834840991	8.27538994925
19	26150566286152	12	6.70275095948	6.28741527876	6.67166761014	5.74621112709
19	27382576420175	12	5.2987804012	5.46063411921	5.36257335637	5.61076132066
19	28672629234945	12	6.46994040534	6.49400878615	5.49316438471	6.28228844549
19	30023459247572	12	8.54339826762	6.27385011887	7.88848455864	7.33965326727
19	31437929804219	12	3.77720664341	4.22666986752	3.02442873231	3.51494148491
19	32919039149526	12	3.70775759933	3.05968471741	3.61513909348	3.87151214799
19	34469926781966	12	2.09490788676	2.65267954477	1.95133309368	1.74676076569
19	36093880108624	12	3.83228020904	1.94697818012	3.48245659599	3.39221187764
19	37794341413493	12	-0.498963128806	1.87530699263	-0.00498170175988	0.0112973919725
19	39574915154062	12	2.14269112725	1.45411525178	2.36500263274	2.88125643468
19	41439375601662	12	0.940052288438	-0.777706989809	-0.0185038172595	-0.178393052159
19	43391674841769	12	-4.92293758696	-1.75184521558	-3.38883478899	-3.6176910195
19	45435951151211	12	0.97252877667	0.69054688828	1.62430817806	1.66425044358
19	47576537770051	12	4.36182999274	2.8282011952	3.43742989708	2.71764163982
19	49817972086731	12	1.25539421698	2.4900262674	0.955559509111	1.1744169354
19	52165005255944	12	2.67300041879	2.2681230208	3.42749538266	3.13525974855
19	54622612269628	12	1.4309829421	2.30957032258	2.19077630222	1.56366113669
19	57196002502427	12	0.371620321637	0.518444513834	0.0160942968477	1.09136306359
19	59890630753972	12	-0.438806104129	-1.42139354369	-1.07050689498	-0.857821201375
19	62712208811383	12	0.261912030759	-1.6048074837	-1.60739915028	-0.981103419809
19	65666717556514	12	-0.647203400015	-2.40498078183	-2.29615321518	-2.30204119336
19	68760419643587	12	-5.5384050943	-5.04224063104	-5.63021236486	-5.63110271965
19	71999872774107	12	-6.74874838435	-6.67454112728	-5.89886494187	-6.23289653515
19	75391943597177	12	-6.83740222183	-5.94088472233	-6.2115389386	-6.89326382837
19	78943822264697	12	-5.64732899325	-4.95210138855	-5.50206796774	-5.33224529482
19	82663037672284	12	-3.70548723159	-5.44005206322	-4.52430818723	-4.63093262453
19	86557473418223	12	-6.60527669071	-6.79422039819	-7.26535363549	-7.40853347228
19	90635384514286	12	-6.86703168187	-7.04042755878	-7.43351826309	-7.44809939341
19	94905414883828	12	-3.60878803093	-5.48533718915	-4.50301270507	-3.89870767923
19	99376615684263	12	-3.97801589664	-4.58426931926	-5.54109600665	-5.92433119716
19	100000000000000	12	-5.54470871803	-4.66273162689	-5.81806492456	-5.86367111688
19	104058464492742	12	-5.08022419877	-6.03043115089	-5.52106382397	-5.98666217204
19	108960885395717	12	-6.77927736213	-7.01741271589	-7.01989033809	-6.02209105041
19	114094270024970	12	-5.3566725004	-5.62637458848	-6.02532288546	-5.7919427122
19	119469499584686	12	-5.12276172842	-4.69999807952	-4.01059786241	-4.9906491044
19	125097967916282	12	-4.26789981745	-4.85361189397	-5.6252971636	-4.73647119206
19	130991605649859	12	-2.4071266459	-2.1668695061	-1.70546744298	-2.5777669882
19	137162905493486	12	4.44455483388	2.840573533	3.0263692159	4.12163043887
19	143624948713920	12	2.64806333901	4.51022195472	3.81641988926	3.25032486328
19	150391432864885	12	1.95520295113	2.267988323	2.79410494159	2.16841995435
19	157476700821694	12	3.59123618112	0.97177504718	1.26718491357	2.4400314174
19	164895771183756	12	0.126879931064	2.29102684485	1.24676578855	-0.0312513104575
19	172664370109409	12	7.40673755688	4.61186915833	5.53716066637	6.43757847187
19	180798964650562	12	6.30144541222	7.30186285541	7.39838868667	6.73694204207
19	189316797657804	12	7.77931374767	9.09109450303	7.90303524743	7.92818880062
19	198235924329971	12	9.02196937649	8.13711775173	9.58886207084	9.12319349642
19	200000000000000	12	8.65373878012	7.70054280474	8.97627937563	8.54954618393
19	207575250485640	12	5.00542844251	5.8445927885	5.0274727588	5.37147374244
19	217354572637679	12	5.3707838962	4.6188352055	4.67667270637	4.99778676022
19	227594619955796	12	4.98203365458	3.98345942687	4.0625716557	4.7776977682
19	238317098206027	12	4.87818726732	3.78837277673	4.12679389695	4.68865659011
19	249544735760329	12	3.65835300833	5.34179788882	4.75758018783	3.61593161374
19	261301331773756	12	7.22453668734	6.45351906357	6.60992510639	6.86763324141
19	273611806631400	12	5.46360620258	3.54107668634	4.18250351034	4.41597381111
19	286502254771965	12	-0.760821945498	-1.02953746356	-2.09641275403	-2.77302494306
19	300000000000000	12	-2.08101226588	-2.27854754677	-1.48305345516	-1.5927608743
19	1000000	13	11.190563552	7.12752136193	7.2256507047	7.84266779038
19	1047112	13	6.82724759178	3.28667277902	3.85593761961	4.43929840653
19	1096444	13	5.73775727862	4.29775185184	3.36723634421	3.29704683136
19	1148100	13	10.0794761478	6.32689872906	7.07290025303	7.06297021031
19	1202189	13	8.96330260594	7.59384507815	7.2941519939	6.83852177395
19	1258827	13	12.3935372519	9.94822613128	9.90942551512	9.50586428243
19	1318133	13	14.3605298208	11.3836217543	11.5464492195	11.9740009978
19	1380233	13	10.3972439176	9.2987517833	9.18942957329	9.00510546294
19	1445259	13	8.91952086132	6.51866322847	6.36544198733	6.74421953286
19	1513348	13	6.66274118452	4.70059997033	5.28524433327	4.59744669324
19	1584645	13	2.85783507616	1.67977064958	0.854477287744	0.506101430803
19	1659302	13	4.0025857938	-0.492795820122	-0.0699981896649	1.02572118958
19	1737475	13	4.31648776537	1.89242665158	2.43572363289	2.35299236498
19	1819331	13	5.19354987679	5.37836108992	4.09112946812	2.86873266755
19	1905044	13	9.61742790012	5.60824891318	6.68537088656	8.11171707455
19	1994794	13	5.54617978451	4.9372084619	4.77170578667	4.05196395764
19	2088774	13	8.15576306002	5.28006710206	4.93560333479	5.74473740343
19	2187180	13	6.39631405734	4.57773597951	4.33441155388	4.17465886499
19	2290223	13	6.09629706411	3.17434168083	4.45883516296	4.14250008239
19	2398120	13	3.07352772291	2.62756915717	1.17435219307	1.49101661735
19	2511101	13	2.84561264529	1.83809755755	2.20508163557	1.18550835847
19	2629405	13	4.75863984467	1.86146686743	2.65319945313	2.8821533911
19	2753282	13	6.91682997425	5.40000389694	4.82032998874	4.84185168289
19	2882995	13	11.8263175308	9.29984910179	8.39156058592	8.92029195307
19	3018819	13	12.3658430431	9.15538579591	11.1122232243	10.6642077167
19	3161042	13	10.0004377779	7.88014635874	6.73561625098	7.36433541337
19	3309966	13	9.50587814006	9.02503362217	8.11559398958	7.77781850763
19	3465905	13	13.2491138425	9.6065522433	11.6938833243	12.2647964656
19	3629192	13	7.56397958216	7.22694704433	6.12889220893	6.15827220358
19	3800171	13	1.67872968574	4.83859071578	3.77949195271	1.92546767134
19	3979205	13	9.87308931387	4.83017868871	7.02775016931	8.08559550888
19	4166674	13	6.72059335191	6.00380569795	4.65012186654	5.03233660301
19	4362975	13	8.30025144753	6.34346470548	6.09104753173	5.65963926791
19	4568524	13	7.87752317748	4.96784614543	5.70366309879	6.33251705134
19	4783758	13	4.55687956726	3.0873082165	3.3861417546	3.07573609334
19	5009131	13	4.34244617318	2.77662178775	1.32531113207	1.15636841385
19	5245122	13	8.39098539063	3.96443897772	5.25649697648	5.32530627184
19	5492231	13	6.91330153173	5.26004295186	5.23243757958	5.69425464013
19	5750982	13	5.95823305799	5.52607516183	4.68002486182	3.97683666135
19	6021923	13	4.69480094231	2.79657482315	3.14852203346	3.10407664212
19	6305629	13	2.24463406261	-2.01392277287	-1.11567753056	-0.303961816116
19	6602701	13	-4.40001358688	-2.53526506561	-4.07902490098	-4.62819023898
19	6913769	13	5.8218701972	2.31168365228	3.3935745258	3.07821246962
19	7239491	13	3.27568025378	3.60146055945	3.2881108351	2.75562379492
19	7580560	13	1.03563598179	-1.19864810515	-0.966073614798	-0.336951753049
19	7937696	13	-0.812008936942	-2.7326365059	-3.56026459516	-2.65608448288
19	8311658	13	4.67550699766	1.48928769697	2.70327958268	2.77865294962
19	8703239	13	4.67981276904	3.93206924359	3.12774030375	2.67842403203
19	9113267	13	5.63757147847	4.96523257464	4.97559815408	4.60411000483
19	9542613	13	12.1739808065	10.560242506	10.8829458937	11.2671590713
19	9992186	13	17.9883358385	16.6256255345	16.6754467844	16.318249374
19	10000000	13	17.7069411066	16.6818117902	16.70655929	16.3876967715
19	10462940	13	17.0895496084	16.8299726747	16.2711534877	15.7531025451
19	10955872	13	17.3652813552	14.8674561152	15.4722393527	15.8163378499
19	11472027	13	14.8586422208	14.3386821253	14.0506912804	13.7885930245
19	12012499	13	16.2548702629	12.8635294309	13.0608578411	13.322498869
19	12578434	13	13.1919056598	12.1750316919	11.5718881396	11.9259231523
19	13171031	13	18.6196104497	15.5816438792	16.6858722138	17.2130928276
19	13791547	13	18.0079722071	18.0681636982	16.9336102487	16.9232043769
19	14441297	13	16.6323583246	15.2250932569	15.8714120565	15.3985359457
19	15121658	13	14.0036030307	12.2181300159	12.0899597264	12.4582023409
19	15834073	13	13.348110683	12.9013324428	12.9031227398	11.4044246401
19	16580050	13	15.7995973797	13.9492569707	13.7677785709	13.8691295822
19	17361172	13	17.1391367905	14.0354282138	14.3193748108	15.2215580138
19	18179095	13	16.2308376101	14.5956820221	14.4716152154	14.7517070204
19	19035552	13	14.5221262339	13.7814149135	13.6354789434	14.2405059182
19	19932358	13	11.5878154216	10.8718477514	11.1976331919	10.1788354249
19	20871415	13	9.96065734483	9.58168117617	9.19132985859	9.44905325478
19	21854713	13	11.8428484539	10.8310023659	11.1822247247	10.4563077852
19	22884336	13	12.4975728793	11.5017384001	11.4290025911	10.8794238962
19	23962467	13	14.6831449028	11.1462821868	10.5997417253	11.6711276427
19	25091391	13	15.1838299766	11.3237085903	12.5354132971	13.0355598277
19	26273501	13	12.1187068282	11.6483203579	10.351443159	11.184109632
19	27511303	13	12.345148206	11.9472738796	12.4333877501	11.3367342871
19	28807420	13	15.0344135194	12.6156241217	13.316567417	13.1987067174
19	30164600	13	13.4334879772	11.7804967555	10.5262133959	10.6276746524
19	31585720	13	10.8953404417	8.47231536236	9.15025202098	8.62336448734
19	33073793	13	7.85782285359	5.83581748573	6.27411826322	5.553814077
19	34631971	13	5.52235296301	6.06892865002	5.06751561881	5.18380266432
19	36263559	13	11.3422926169	7.40873505318	7.98024392085	9.48771366284
19	37972014	13	10.1449036686	8.63253527015	8.82732556837	8.4129087501
19	39760958	13	11.7883855041	10.1013365231	9.78374486846	10.1276132897
19	41634183	13	11.844102647	10.4891917082	10.0872774608	10.1830133944
19	43595660	13	12.6120017781	8.75702501618	9.94828128763	9.41760702839
19	45649547	13	6.95390080856	7.43459581235	6.240467126	6.48026163179
19	47800197	13	11.6932715548	9.13395774137	9.51205565277	9.37979022338
19	50052168	13	13.2611824888	12.5103319883	13.0417249082	12.0026129139
19	52410235	13	16.1750516987	14.2635262294	13.3685248724	14.2692541705
19	54879395	13	14.4623150802	12.5837829084	13.3259795797	13.7341516201
19	57464883	13	6.74547188717	8.43616619641	7.93106605599	7.13462144304
19	60172178	13	7.39871322927	5.29068863946	5.6816610971	6.12197002412
19	63007021	13	5.41634027029	5.8853415026	5.65963967167	5.32525813672
19	65975419	13	10.2941207968	8.76501016075	8.64586250939	8.23374109566
19	69083665	13	12.6656353213	11.0087490288	11.3903248921	12.1334135361
19	72338346	13	13.0217837732	12.6763299948	12.5157363881	12.9203951255
19	75746363	13	14.7840888869	14.09664539	13.5531996296	13.2665919331
19	79314940	13	16.5797839614	12.5648218111	13.771664672	14.0842029022
19	83051639	13	7.88765022709	7.59853262685	6.32618161109	6.18244008104
19	86964383	13	7.02190644208	4.26636957857	4.96582458218	5.54121267119
19	91061464	13	5.73859706053	5.18910241071	5.21696455073	4.1487093063
19	95351568	13	7.28163730335	6.00691098992	5.61744224042	5.21623585842
19	99843788	13	5.40839497789	4.23107602648	4.47961564158	3.82482299858
19	100000000	13	5.3383132796	4.16659497203	4.53186808521	3.82685136282
19	104547647	13	6.11119504235	3.83605349161	4.01237010418	4.25861773372
19	109473114	13	8.66207622058	6.35489570679	5.74423409019	7.14295478252
19	114630631	13	7.17567974086	7.34989763924	8.25411879079	7.4275819368
19	120031129	13	7.06035656324	5.09614768163	4.1110118961	4.58914481598
19	125686057	13	6.97665677598	3.00221777251	3.79596111301	4.47216981936
19	131607401	13	4.66404462622	2.61311795977	2.2700455427	2.59895678565
19	137807713	13	3.44840543265	3.03524601557	2.83139079755	2.36116252019
19	144300134	13	6.53121442712	4.98710643383	5.58922207366	5.0698475452
19	151098428	13	7.83232268281	8.13921468918	7.44200736242	6.83968750976
19	158217004	13	9.67205901885	9.25187986467	9.76998137326	9.82824359336
19	165670951	13	8.57515580552	7.59615339884	7.37936806429	7.10541542622
19	173476071	13	6.74107073631	5.85634128534	5.81307319116	6.33721657816
19	181648906	13	6.29887787549	4.65407024914	4.80133527094	4.69541405274
19	190206782	13	4.72735844642	3.22437878924	3.1671168688	3.165099687
19	199167838	13	4.5821961321	2.93426521809	2.78143995396	3.39892283294
19	208551068	13	5.06174262886	3.85608311464	4.17049966909	4.0722576879
19	218376363	13	4.91167199992	3.41359751402	3.11919031362	3.38669193886
19	228664549	13	4.58229901956	2.15157981402	2.28715307937	1.8514443954
19	239437434	13	5.70069794304	2.89079718347	2.87409490271	3.50045560961
19	250717853	13	4.08926888993	4.06303872109	4.09346976175	3.5486621689
19	262529718	13	4.69488725384	3.29631406869	3.25613411622	2.76185823842
19	274898064	13	5.04196789668	3.74691853999	3.57846018315	3.55805513906
19	287849111	13	8.80324598459	7.23975909667	7.82963357507	8.018013543
19	301410309	13	8.05647285148	8.59989627129	7.67381812124	7.7176615869
19	315610406	13	5.55195745487	5.31614002609	6.18199070656	5.97618152851
19	330479499	13	2.23362241017	2.64977412419	2.24090930191	2.39335719805
19	346049108	13	4.48998973777	3.01913996529	2.88767563461	3.26245962334
19	362352235	13	3.68992536982	2.18130795157	2.59878182431	2.77004906289
19	379423438	13	1.11352226245	-0.886582497387	-1.20133932412	-0.691719281624
19	397298903	13	-3.0575917489	-2.3699997659	-2.50582172427	-3.56826969497
19	416016520	13	0.45537449833	-1.78221298371	-0.963280306596	-1.476874073
19	435615964	13	0.514666909908	-1.11309949497	-2.6220157608	-1.53361644143
19	456138781	13	3.31038515448	0.796773912883	2.62933812796	1.6803191147
19	477628472	13	5.81021224962	4.62110513563	3.1207941564	3.90268058098
19	500130590	13	8.77038947027	7.03563517467	7.72005524237	7.72664596784
19	523692831	13	8.43260254198	6.48847545761	6.46152859722	7.00585177596
19	548365141	13	5.84669291492	5.91076542613	5.96719344119	5.27377606955
19	574199817	13	7.84773051297	7.17485599454	6.60170432357	5.70194209016
19	601251621	13	13.0435789415	8.99982432134	9.79780597884	10.2371499296
19	629577895	13	11.2787491832	10.3419403169	10.0788226037	10.6098050061
19	659238680	13	11.7304725989	11.4014908127	10.8404124078	10.704116955
19	690296850	13	12.8978368222	12.4457021178	13.1957739736	12.9665674413
19	722818239	13	15.2140542911	13.2809848617	13.2139642412	14.2863318061
19	756871780	13	11.2228755113	13.0825269302	12.4811811709	11.7594292262
19	792529658	13	13.0884399476	12.2298254094	12.3959923952	12.1612399517
19	829867457	13	13.9870753302	13.2074792872	14.558118349	13.9800391677
19	868964320	13	15.3961573863	15.7720135483	13.1177842281	14.0259050626
19	909903122	13	18.3538662019	15.4780565018	17.927739366	17.8477314264
19	952770639	13	11.3090014137	11.7677382419	10.9929039047	11.1491447162
19	997657739	13	9.58841445161	9.6858886408	8.62122839893	8.46717357525
19	1000000000	13	10.4393623919	9.67646785009	8.9378988889	8.90685555404
19	1044659568	13	13.2769971342	10.2251698967	12.0453361977	11.7549375746
19	1093875756	13	8.49540929763	10.0322803626	8.65282476465	8.62926233837
19	1145410625	13	11.5598901992	10.5315729217	11.0609157352	11.3187664014
19	1199373415	13	15.3093874219	14.3925531796	14.472047866	14.4729644336
19	1255878508	13	16.6114846038	17.555819155	17.0900622039	16.2597525015
19	1315045680	13	20.3129973376	16.7540209517	17.6476279826	19.0557553823
19	1377000346	13	13.9739813893	15.6637598105	14.3882333603	13.5721124512
19	1441873832	13	17.4547411626	15.7523341776	16.9996268431	16.6940260547
19	1509803648	13	14.5100119209	14.3902477743	13.6635072908	14.2731780618
19	1580933787	13	15.2271419028	13.785953339	13.8978407924	14.0981286042
19	1655415021	13	18.9417488929	16.5840135403	16.7547069032	16.4873420306
19	1733405228	13	18.2933480393	17.6466729682	17.5089368641	17.8456360002
19	1815069724	13	13.7273145206	13.986572767	14.0969778506	14.0523404203
19	1900581611	13	11.8648726237	11.648091619	11.4406435844	10.7195636447
19	1990122151	13	14.8509704692	13.2293100323	13.443434564	13.4873082439
19	2083881140	13	15.4749344369	13.5199963828	13.5169266112	13.8901576993
19	2182057319	13	10.4901807975	11.0577503952	10.9175469252	10.4661892616
19	2284858792	13	8.53684059855	9.29976309711	9.1346205547	9.00939653763
19	2392503466	13	12.2147753172	9.09905133088	9.90401445929	10.4501007762
19	2505219515	13	10.1877779628	10.2109091634	9.0669285908	8.83815628502
19	2623245863	13	14.1692041773	12.2619084714	12.9802320168	13.2566807251
19	2746832689	13	12.890883798	11.5320130122	11.6993740932	12.4832265166
19	2876241959	13	6.99559457897	7.29825909915	6.58937960267	6.34638195254
19	3011747983	13	6.3998620365	5.6792947962	6.13886855375	5.92812385223
19	3153637990	13	8.47574457198	8.01599030693	8.24216837504	7.83197895049
19	3302212744	13	9.26833814248	8.29469911321	7.64715995801	6.94753987734
19	3457787179	13	7.93349833761	6.18002779263	6.6965821172	7.1563172682
19	3620691064	13	6.16928788841	5.66826309059	5.52110393002	4.65806579364
19	3791269706	13	6.95709140156	4.20829479085	4.19242488722	5.21411386844
19	3969884679	13	1.06709207706	-0.0487722842318	-0.198275433707	-0.00584960650026
19	4156914593	13	0.0556499453696	-1.24238255455	-0.750007332837	-1.38137007715
19	4352755893	13	4.23862932754	1.90568855949	1.0246544187	2.38627426003
19	4557823704	13	4.72594885531	3.60575030389	4.85570322158	6.02352808846
19	4772552705	13	1.01617891902	4.46611767653	3.03216844432	0.893619590762
19	4997398058	13	9.55302682746	7.97358631125	9.193238325	8.64385833633
19	5232836365	13	9.28250203696	9.16583233085	8.48713601617	9.05666364224
19	5479366683	13	3.62616029707	4.72640954039	4.99735322982	4.1059082369
19	5737511582	13	2.36016133828	0.980135928674	0.604692455549	1.73575214023
19	6007818249	13	-0.54903618495	0.113345150646	0.842270388995	0.216548063272
19	6290859651	13	-0.998473887476	-2.71539683217	-3.2936029124	-2.73871563456
19	6587235751	13	-5.60573452443	-5.31393824535	-5.75748325023	-5.53579184456
19	6897574775	13	1.6399250967	-2.31567434248	-0.599852031801	-0.46057785119
19	7222534545	13	-0.471181955183	1.78921792121	-0.357068858898	-0.568813733896
19	7562803878	13	2.81544469689	1.54704594154	2.8860658324	2.81494803818
19	7919104041	13	1.08802602567	0.930446001685	0.859636665048	0.847727698511
19	8292190280	13	1.44011659871	2.67582805656	2.13578387109	1.62883493483
19	8682853425	13	3.88131969899	2.80720089266	3.04811986327	3.4362625158
19	9091921561	13	2.08212187523	1.23074311107	1.41120337163	1.51167569215
19	9520261788	13	2.63648846089	1.95805749284	2.02145939553	2.11600825295
19	9968782056	13	3.05897307412	3.73707919032	2.95754622234	2.17873798433
19	10000000000	13	3.29914392124	3.79284382496	3.17880478125	2.3993193996
19	10438433091	13	5.62490505446	3.66617905291	4.72204491241	4.95096331507
19	10930210409	13	5.03031741577	4.32422187506	3.90807554471	4.11696972144
19	11445156427	13	9.32520745678	7.78742832764	7.22467469814	7.36091479953
19	11984362674	13	11.7792653394	10.3613342073	11.2838716128	11.5661312122
19	12548972102	13	9.13907182757	9.15263974378	8.69986979282	8.90528270378
19	13000000000	13	7.77584161993	7.27039099736	6.81023790655	6.47531641862
19	13140181510	13	7.83293757769	6.88913843104	6.79416800205	6.71190203326
19	13759244080	13	7.87043470059	7.21129485264	7.15953677558	6.83668472098
19	14407472037	13	10.8459381694	9.81968889025	10.5633495549	9.80148820682
19	15086239424	13	12.9555727336	11.7365872051	10.6445078533	11.8981923996
19	15796985021	13	12.413224104	11.2395047717	11.7748376715	11.1848734344
19	16541215392	13	10.3137417632	9.29524005978	9.78037815103	9.11342515932
19	17320508076	13	7.93198516927	7.54782257719	6.5373780186	7.3371548583
19	18136514935	13	5.80918543615	6.71620615223	7.32638614057	6.53966950779
19	18990965656	13	7.02351840446	7.0978779709	7.31330626551	8.22961471199
19	19885671410	13	7.80327025706	8.54276164668	7.87202679758	7.44500907118
19	20822528702	13	11.15550027	10.30551468	10.8418458132	11.0689852381
19	21803523380	13	11.1636366557	12.1693544322	11.8834791665	12.3628848788
19	22830734855	13	15.4228910941	13.9923780383	14.3937578386	14.6566737726
19	23906340500	13	13.4039740041	14.535378927	13.7830336383	13.0654502958
19	25032620269	13	14.5079870734	13.4181738974	14.1743796435	14.0464502608
19	26211961532	13	12.5514971502	11.9725816296	11.88408758	11.881816482
19	27446864129	13	8.76920681254	10.3248164578	9.42301691291	8.71500424381
19	28739945678	13	10.6264836473	7.96913096519	9.50008507742	9.87953282576
19	30093947115	13	6.41145279784	6.56912118894	5.1091277141	5.66236554917
19	31511738509	13	6.86825248755	6.51936750198	7.47443938557	7.29831050164
19	32996325143	13	6.06235190746	5.01473171353	4.5201958544	4.18279445247
19	34550853887	13	6.06020401538	2.77372252148	3.00508472508	3.8479569831
19	36178619865	13	5.2939406051	4.069389652	4.14022407869	3.81930891153
19	37883073445	13	7.71521454584	6.90315424879	6.29095429935	6.1172137899
19	39667827545	13	8.56403151398	5.57035348552	6.77270512522	6.5390429967
19	41536665297	13	1.38201491235	2.90145053411	1.48000135351	1.95456150618
19	43493548067	13	7.11016979283	5.33835694352	6.43762033892	6.58321407465
19	45542623846	13	11.1014502506	9.67390376513	9.14354995182	8.92471818384
19	47688236048	13	10.9664671326	9.31656928776	9.48597332307	9.35763467542
19	49934932713	13	7.64546635248	6.72591255091	6.55043265022	6.88213923002
19	52287476152	13	8.46460663333	7.32801153138	7.65916944497	6.84189502478
19	54750853037	13	10.0012098354	10.1332826509	9.7574166208	9.16257517402
19	57330284972	13	14.2985269052	12.6749500119	12.9664857925	13.2508778639
19	60031239563	13	16.5717748533	15.388845512	15.1911096723	15.6653781697
19	62859442007	13	18.3186374961	16.9371591164	17.0116588854	18.1174676698
19	65820887229	13	12.679593298	14.3448434782	14.5771411235	13.9614460295
19	68921852585	13	10.1827040692	8.94123009921	8.24749561357	9.04426027083
19	72168911173	13	7.17170120946	5.32745835216	6.27800496072	5.38873861071
19	75568945763	13	5.05161205855	4.9393721354	4.27502154828	4.06732077603
19	79129163388	13	6.10990959112	4.7911406277	4.79445046369	5.96979150322
19	82857110620	13	1.85507518811	2.40713452852	2.81538817325	1.4251010514
19	86760689565	13	0.184696508539	0.03279570566	-0.117141838374	-0.596775477716
19	90848174617	13	2.7002994273	1.63614628012	1.16499941797	0.82258013184
19	95128229991	13	8.38686054442	5.83560043319	6.56086935631	6.66043369949
19	99609928097	13	8.359707237	7.4211934562	7.1194053513	8.40901841109
19	100000000000	13	8.91415385259	7.38122826902	6.92458750346	7.9130660755
19	104302768761	13	8.58167062129	6.59429943838	6.27209711922	7.28340953695
19	109216699370	13	9.32220275181	7.94422710834	8.41550261685	7.32381270937
19	114362135953	13	9.72832766034	10.1893924961	10.0805068314	9.2427678715
19	119749985260	13	9.13803258666	8.33023612571	8.18667202761	9.0420110091
19	125391667883	13	5.63376219114	4.79376483177	4.65441342253	4.83696799091
19	130000000000	13	6.60120405922	5.1836665186	5.80138629986	5.76089673811
19	131299142461	13	6.6536795967	5.87870951512	6.43125346037	7.09198311901
19	137484931034	13	9.07373659967	9.86350805707	9.53999628655	8.8826561582
19	143962145579	13	11.184419941	10.5216517768	9.88406320601	9.21606143646
19	150744515809	13	10.4519048751	8.10560414576	9.54332092696	9.48766693127
19	157846418272	13	6.96135497721	7.06774260229	5.93206266884	5.4471750443
19	165282906828	13	9.19963389748	8.38789618593	8.24678270663	8.22935171691
19	173069744557	13	13.2665161821	10.9446234223	12.1957553202	12.1640345995
19	181223437172	13	15.9526521862	14.5439813632	13.2944897662	14.6371195833
19	189761268004	13	20.8324100685	17.7988467485	18.1582795281	18.8231167473
19	198701334642	13	18.8743784125	18.1382322072	18.5277460531	17.4949152571
19	208062587291	13	16.8094403693	15.0624053447	14.7083471495	14.8007876061
19	217864868942	13	11.7290851707	10.4224823502	10.2976250134	10.1904723744
19	228128957430	13	8.80350191763	6.76017498731	7.07730996385	7.03028225798
19	238876609483	13	7.75475186054	5.99399886837	5.96501554677	6.31945681328
19	250130606832	13	9.60356783813	7.32890252859	7.04749995916	7.20529394353
19	261914804507	13	6.47572537442	8.09362929001	8.30020177731	7.58982517941
19	274254181402	13	9.5775216838	8.16583825306	8.25052445368	7.46141417553
19	287174893217	13	10.3480998203	9.13980687705	9.00292966795	9.39241343639
19	300704327907	13	9.74768733471	9.33599597528	9.168657318	9.04552117747
19	314871163733	13	8.50380492475	6.45729908648	6.94991823044	7.69957491256
19	329705430050	13	3.58746582701	3.14821790275	2.62909402276	2.56511062122
19	345238570962	13	5.12992329363	2.56318483185	2.86024622027	3.71966959694
19	361503511974	13	5.48637981409	2.82340455284	2.76975848459	2.88346184395
19	378534729783	13	1.25963687567	2.06402835856	1.90770970172	0.595463172118
19	396368325357	13	2.45703629578	2.04311572643	2.43711349929	2.22862094496
19	415042100460	13	3.48531752471	2.82073039117	2.31183593481	2.84781195707
19	434595637780	13	4.33379918292	2.41922273765	2.58586434159	2.90633038197
19	455070384831	13	2.29635698546	2.32298668898	2.96778671559	2.49282136744
19	476509741809	13	5.31487002106	4.32154715392	2.99783064886	4.19542699302
19	498959153590	13	4.93581661256	5.23572825012	6.3944654259	5.25667469646
19	522466206056	13	1.79468664173	3.12525853309	2.95821944698	2.34628751744
19	547080726961	13	0.948470339056	2.0736847088	1.28617937151	1.61696379567
19	572854891558	13	4.44723870767	4.2795204428	5.15153569408	4.88153044358
19	599843333185	13	5.99597367602	6.13891312259	5.96227647411	6.24692847545
19	628103259078	13	6.17797890759	6.08982548017	5.63535640485	5.3027825984
19	657694571630	13	10.4258639755	6.97944094376	7.42596639646	9.12479963861
19	688679995367	13	9.32314823702	9.20511009638	9.10073449933	9.25502776766
19	721125209903	13	9.96963215392	9.77716455542	9.85548725498	8.95744378524
19	755098989162	13	8.07601160118	8.02437709034	7.60290549101	7.70992352453
19	790673347157	13	8.41407418646	6.65275432204	7.13852814194	7.20156549251
19	827923690639	13	8.46660489528	7.89738004952	8.09941545436	7.45405688986
19	866928978933	13	10.5027312793	10.8444197678	9.61399550605	9.2082743123
19	907771891314	13	14.6083455184	12.3189066578	14.021823219	14.3824084427
19	950539002253	13	9.49551889914	11.0288525193	9.76029024498	9.41277124784
19	995320964936	13	9.4758702074	9.34771207589	9.85041154459	9.82583395975
19	1000000000000	13	10.0167977749	9.24685913534	9.93283302145	9.66559625594
19	1042212703416	13	9.33325007556	8.60953042659	8.41708753776	8.74648769864
19	1091313613827	13	9.24398224637	6.5927823156	7.0381376986	7.83603727426
19	1142727775070	13	2.17064451168	2.91929012772	2.22977718645	2.02062575209
19	1196564169430	13	1.82547948608	1.22182006818	1.67294526285	1.4186907384
19	1252936913585	13	4.58974948583	2.97639237109	3.10928766101	3.77614373074
19	1300000000000	13	3.45457800866	4.74495594324	3.57836525989	2.92950857124
19	1311965500497	13	4.89349724917	4.97667063005	4.34462333866	4.34499976315
19	1373775052704	13	4.39902052629	4.34940401505	5.2471820862	4.53056663403
19	1438496587537	13	1.80617615106	1.77038167404	0.68577260723	0.733619705906
19	1506267294840	13	3.04121991233	0.269401345175	1.47059890758	1.73978667056
19	1577230827771	13	1.4419528063	2.48261148021	1.50071649743	1.08868679835
19	1651537607297	13	7.8871011161	7.12123584872	7.48690529961	7.23571827078
19	1729345141047	13	10.5613338423	9.70453678947	9.82926730771	8.89388162588
19	1810818357179	13	9.65149839486	8.77225319948	8.94449915144	8.52642806841
19	1896129953972	13	8.71037174217	6.86918373352	5.69615726841	7.88637783901
19	1985460765900	13	8.25653670986	4.9484222271	6.8262191805	7.47528298913
19	2079000146941	13	-0.196866035677	2.4207244234	1.08248347144	0.680713261725
19	2176946371954	13	0.907000355336	0.967431194452	0.729556335992	0.625349761714
19	2279507056955	13	3.48503875885	1.69000686674	3.25349823259	2.79671676898
19	2386899599205	13	1.49360317621	2.73155046893	1.18524309359	1.54528532021
19	2499351638022	13	4.25233468388	3.81748718596	4.19679421152	3.68740457489
19	2617101537311	13	6.309743425	6.27994985864	7.01414399661	6.81629652608
19	2740398890815	13	5.47543123007	8.08916288514	7.23870445109	6.57858743806
19	2869505051187	13	8.42367260479	7.05365004651	7.18073304388	7.28491297574
19	3004693683969	13	8.12168513926	5.75502488439	6.32026322343	7.15019360921
19	3146251347683	13	5.63672879091	6.32875719449	5.69462781971	5.32284448325
19	3294478101250	13	7.62448602092	7.04991815711	7.26347490332	7.62637338165
19	3449688140017	13	9.05260856916	7.75630334698	7.99399548909	8.06222041954
19	3612210461760	13	11.1180759679	9.49999363708	9.00876114508	9.19466209429
19	3782389564056	13	9.9077672879	9.66401535093	10.2595104064	10.4099275576
19	3960586174514	13	7.6066761668	7.02601853706	6.45884624057	5.93448902184
19	4147178015404	13	7.18524490878	5.98224014271	6.28672441496	6.96614388644
19	4342560604319	13	8.75866267638	8.06495726545	8.21992519911	7.21613247304
19	4547148092543	13	10.6016005177	9.2791965046	8.78531279814	8.73468998154
19	4761374142932	13	12.9588648698	9.55699732862	9.97366570517	10.799957807
19	4985692849142	13	12.8904249064	11.7290541157	11.6687883155	11.4699174107
19	5220579698171	13	14.9478777951	12.5886031567	12.5293546172	12.4444930416
19	5466532578244	13	9.99254650702	9.40134349562	8.99475069292	8.02753736074
19	5724072834185	13	10.0532161752	8.33697121778	9.54822541467	9.79824700146
19	5993746372511	13	12.6136894388	12.6670478521	10.9431960917	11.5044556421
19	6276124818579	13	16.9018691838	14.5097978777	16.0760161199	15.7091111854
19	6571806728266	13	10.5882769709	9.94562986086	8.96366763536	10.1880371156
19	6881418856717	13	8.97104005066	6.96056934593	7.52186272446	7.37810538048
19	7205617486879	13	9.29414004513	9.93872910606	9.28716318031	8.25421283015
19	7545089820617	13	16.0256411731	12.995463541	14.0635391448	14.8106893161
19	7900555435372	13	10.0292665999	13.1650814998	11.8264694518	11.542352803
19	8272767809448	13	17.5445203655	14.0346568456	15.2041193272	15.7429132694
19	8662515919149	13	14.8399960521	15.7179396339	15.039108891	14.6462289796
19	9070625911176	13	15.1871727038	14.8807051251	15.1217660116	13.8154616914
19	9497962853795	13	12.1385132966	12.0004577624	11.8617860409	11.7219688163
19	9945432570527	13	12.7213537972	9.32650768807	9.65463183281	11.1233317121
19	10000000000000	13	11.3120354191	9.04261356927	9.32661179432	10.4771816679
19	10413983560209	13	6.53814626323	7.15212913688	6.65819224579	6.32680272377
19	10904609007526	13	6.19840056703	6.22861883064	6.57098716109	6.51726555719
19	11418348888254	13	7.62866997604	6.66984565778	6.77309174034	7.26835375518
19	11956292173695	13	5.68843590369	5.53891048915	5.05856942526	5.02707868639
19	12519579138962	13	1.79333766507	2.69432173192	3.10321888056	3.05274760087
19	13000000000000	13	3.70220531608	2.48795841867	2.95502499799	2.94625859252
19	13109403780009	13	2.37385912219	2.88132037447	2.99251241587	2.86071200604
19	13727016344541	13	6.33318382881	6.23229285618	5.59498731159	5.58702770002
19	14373725982157	13	8.21210395561	6.91871287128	7.59704004838	7.18137213214
19	15050903519343	13	5.81999983817	4.55053119336	4.37095132832	5.13714853036
19	15759984365207	13	3.34970554592	4.51443176862	4.09716934307	2.7456136087
19	16502471554108	13	6.76213132885	7.13776813975	7.76729516415	8.31390403439
19	17279938931625	13	9.6969351166	8.79690212079	8.37493987885	9.13121416366
19	18094034490631	13	9.1220520589	9.50419163249	9.69110386395	9.09908709607
19	18946483864533	13	10.0643777808	9.319472138	9.08103575811	8.69179181679
19	19839093985085	13	6.63252633264	5.65764776516	6.06228349863	6.2710961786
19	20773756912534	13	0.270180149409	0.747038309196	0.541208641494	0.739662090176
19	21752453846202	13	0.884905211318	0.537649325697	-0.022325540763	0.229329571165
19	22777259324031	13	7.08906875	4.03483806184	5.51911632844	6.50248355989
19	23850345619961	13	3.84394303326	5.60857900726	3.73818698588	3.06208799517
19	24973987348488	13	7.52906454922	5.08840760994	6.48823649756	6.16331414269
19	26150566286152	13	5.52523477755	4.83717211057	4.38308521884	4.07536420153
19	27382576420175	13	3.07532759597	3.82601604615	3.59319538888	3.13472522647
19	28672629234945	13	4.21406000416	2.3898625994	2.61219717186	3.15373453701
19	30023459247572	13	4.90600088577	3.27080378852	3.59688145699	3.68441332085
19	31437929804219	13	4.66488712063	4.72251558005	3.78120949591	3.48404689301
19	32919039149526	13	4.08018359506	3.22528486158	4.56859856733	4.84367805202
19	34469926781966	13	1.26185683759	1.33126404462	-0.28420703676	-0.472227296227
19	36093880108624	13	4.5520837061	2.5381493013	4.45499164076	4.38756527273
19	37794341413493	13	3.14838319855	4.07828071143	1.94693749262	2.23290234798
19	39574915154062	13	7.41726961168	3.36114770876	5.27156321091	6.15675998992
19	41439375601662	13	2.45946155524	3.53163729109	2.43239875919	2.24246734076
19	43391674841769	13	5.18327245944	6.62905489272	6.68943579072	5.96428693077
19	45435951151211	13	10.6874034902	9.66867129674	10.2021207018	10.5952536149
19	47576537770051	13	11.1856082315	10.5498451161	10.2494268294	9.12567067715
19	49817972086731	13	10.7265103009	10.4220461345	9.95917624337	10.5835496118
19	52165005255944	13	11.810573279	9.85111859809	10.8939295612	11.1477682151
19	54622612269628	13	6.82603900768	8.58015185235	7.60066480884	6.57919824145
19	57196002502427	13	8.52555373308	7.87688156094	8.33200705867	8.83302555626
19	59890630753972	13	9.24200769575	8.67068557164	8.66302800605	9.37320141832
19	62712208811383	13	10.5699954514	8.82430363354	8.74474136994	9.31762444489
19	65666717556514	13	5.22851019292	5.67451726068	5.68810956903	4.92948399708
19	68760419643587	13	1.88758650108	0.711043036275	0.593205757516	0.779554423612
19	71999872774107	13	-0.997360313757	-1.28341737128	-0.934104997759	-1.45171998241
19	75391943597177	13	0.541327187405	1.26488958472	0.932364756297	0.724182830782
19	78943822264697	13	4.65961528185	4.12532361558	4.00516571649	4.35632543248
19	82663037672284	13	4.65422291048	3.58940571994	4.26022042499	3.7482614871
19	86557473418223	13	3.88391560865	1.84193262427	1.06109211226	1.98840070929
19	90635384514286	13	4.88408536679	2.35847170145	2.71374763405	3.50811352587
19	94905414883828	13	3.78861196366	3.85645382056	3.93883722834	2.6689026155
19	99376615684263	13	4.11209847353	3.30288680956	3.35212009359	3.49401221048
19	100000000000000	13	2.98968753715	3.06315745858	2.7995678083	2.63793116749
19	104058464492742	13	2.27815885668	1.51561825834	0.795451742511	0.588099301584
19	108960885395717	13	1.76638432452	1.55965391278	2.86403226304	2.72969018354
19	114094270024970	13	2.45120975801	4.02326826945	2.74883604512	2.94983442113
19	119469499584686	13	6.84015307854	6.89183446563	7.6509597647	6.92421110231
19	125097967916282	13	9.60294436704	8.5571121883	8.2408999391	8.80185683946
19	130991605649859	13	10.3411101371	9.24559092014	9.47075291923	9.51624044209
19	137162905493486	13	12.0883066111	10.0479095818	9.86839995566	11.2970411834
19	143624948713920	13	9.8569549327	11.0784046943	10.8297546439	10.2431134665
19	150391432864885	13	12.7067109402	11.0983597135	12.0615890322	11.9396516458
19	157476700821694	13	10.0531449251	9.67964605109	8.33560623907	8.46735891014
19	164895771183756	13	10.3933248124	8.61856716799	9.55376867897	8.73140735248
19	172664370109409	13	9.77291843073	9.53167423861	9.51300982276	9.33073199171
19	180798964650562	13	10.4473147519	11.3139382562	10.6975220585	10.5474239299
19	189316797657804	13	13.4490618134	11.9410030367	12.4076987836	12.6330921315
19	198235924329971	13	11.7751714883	11.3640002214	11.5725196686	10.711146224
19	200000000000000	13	10.6178704606	11.2208952578	10.9421233218	9.74026778367
19	207575250485640	13	11.2028844501	10.7513307013	10.0313618518	11.1849931901
19	217354572637679	13	11.8345393041	10.432476048	11.1018539488	10.6338761637
19	227594619955796	13	11.0896673852	10.0342772444	9.77173912744	10.9216083158
19	238317098206027	13	10.7757531303	9.2017336366	9.15683176339	10.5002049473
19	249544735760329	13	6.70465742769	7.8031766366	7.87686167048	6.27279961017
19	261301331773756	13	6.03243638223	6.6004614828	6.58261111663	6.43263483109
19	273611806631400	13	7.03419176551	6.5072773102	6.59725839634	5.66223870171
19	286502254771965	13	7.09360617461	6.41251175891	6.19735070366	6.51065463421
19	300000000000000	13	4.39821739735	4.57385536958	4.72564437532	4.9340300412
19	1000000	14	8.70377165152	7.94525334139	7.87232739312	7.52084643804
19	1047112	14	3.16979352476	2.96216081277	2.77590251069	3.10854548149
19	1096444	14	2.15165897948	1.62179201566	2.35203683705	2.44904803371
19	1148100	14	2.34406422043	1.93361121863	0.838525444446	1.45878259522
19	1202189	14	4.59656543894	2.95513918514	3.94628156725	3.84067226848
19	1258827	14	6.53477418739	6.36541627093	5.77078098115	5.38674650952
19	1318133	14	11.2674926286	9.47184940711	9.75900066844	9.94611651693
19	1380233	14	8.66436993135	9.04722827477	8.83132252674	8.27818854432
19	1445259	14	11.0432163045	7.69294621918	7.93203278013	8.98171346049
19	1513348	14	7.07916250856	7.33599097635	7.06787644674	6.53294271467
19	1584645	14	6.5321944598	5.77957797133	6.25366500776	5.59574760348
19	1659302	14	3.40219792473	3.79928539121	2.7733698297	2.14824057375
19	1737475	14	7.45575159474	4.42363235572	6.12846157146	6.70253088464
19	1819331	14	5.96296467335	6.17311536646	4.20171659452	4.38868141498
19	1905044	14	7.73165772363	6.12382634875	7.62954531809	7.83170170395
19	1994794	14	4.25207116812	4.68112263677	4.07683687219	4.69764557827
19	2088774	14	3.0810660449	2.99375435763	2.93411132935	2.6055916965
19	2187180	14	2.48745546674	1.8216382102	1.88321678259	2.07247669072
19	2290223	14	1.74179916117	1.59618994117	2.04571916492	1.59611504032
19	2398120	14	1.19526078113	-0.136988636114	-1.14855727539	-0.432449173189
19	2511101	14	-3.8499465201	-4.7878952837	-3.4936235422	-4.24080977535
19	2629405	14	-7.54818733982	-7.45679506471	-8.67803619361	-8.73404887663
19	2753282	14	-4.34312579778	-5.13080870908	-4.33734343428	-4.49879331155
19	2882995	14	-0.473052701231	-3.35198308454	-3.38220377207	-3.01767396653
19	3018819	14	-4.79176417922	-5.46200634456	-6.29653357372	-6.10435228441
19	3161042	14	-4.09108818186	-6.64570017405	-5.37145744173	-5.65780684588
19	3309966	14	-5.94117383754	-4.95253484159	-5.79773941754	-6.59101236946
19	3465905	14	-4.07665041309	-4.50399393133	-4.77756551649	-4.6292730341
19	3629192	14	-3.71063149313	-5.80044363636	-4.55259091686	-3.45213003001
19	3800171	14	-8.67343670968	-5.77220163124	-7.04631554932	-8.06619822402
19	3979205	14	-2.60539856894	-5.05870608494	-4.70671314067	-3.5093410134
19	4166674	14	-4.70441534634	-5.53804528672	-4.8498231934	-5.00824286534
19	4362975	14	-5.13825089609	-5.96853896436	-6.94940963123	-6.86492517292
19	4568524	14	-4.51989034773	-5.44313986916	-5.00872170637	-5.25370915404
19	4783758	14	-4.68345955523	-5.0431203529	-4.7774453896	-4.75220759287
19	5009131	14	-4.71465584517	-4.64551645119	-5.05818276836	-5.46893054115
19	5245122	14	-1.70251877491	-3.09569623985	-3.12587104028	-3.57928796753
19	5492231	14	1.78792280993	-0.871264975523	-0.386935769307	0.412237136185
19	5750982	14	-0.584140495882	-0.0227499836545	-0.433388045059	-1.74154332331
19	6021923	14	-1.14507340056	-1.97152909289	-2.13687124892	-1.47713711718
19	6305629	14	-3.03025598453	-5.08243698162	-4.32644753715	-3.57057721964
19	6602701	14	-7.37002275802	-5.69504392772	-6.64033169389	-6.92893064319
19	6913769	14	-2.04843581013	-3.72276800032	-2.96012497028	-3.17376328862
19	7239491	14	-3.4870144637	-3.34251972403	-3.89896065946	-3.97837829857
19	7580560	14	-4.24610752533	-5.64447530374	-5.07400488076	-4.31851428802
19	7937696	14	-6.69907372977	-6.9615265966	-7.65157147767	-7.11366083543
19	8311658	14	-6.2671689543	-5.84711939141	-5.24802269183	-6.13981826469
19	8703239	14	-3.70485177549	-3.84674273275	-4.00427749821	-4.52821525442
19	9113267	14	-0.764416471656	-0.174335617159	-0.575184831972	-0.867343430684
19	9542613	14	6.55522043425	5.95584996986	6.61429897867	7.13275970258
19	9992186	14	11.2885985109	10.5209862967	10.1090610715	10.4918812909
19	10000000	14	10.9177512523	10.5554058912	10.1112662288	10.5270673056
19	10462940	14	10.7933997527	9.95203283977	9.83888309592	9.65126669895
19	10955872	14	8.46226908681	7.10189598392	7.55326157842	7.99430145328
19	11472027	14	4.57853510292	6.06005688612	5.74263916591	4.95101198484
19	12012499	14	6.6035410443	6.19299910186	6.04927644144	5.3593452176
19	12578434	14	6.22259700935	5.60434575858	6.11143115697	6.51237371947
19	13171031	14	4.63457552678	4.84900872899	4.39387666919	4.81806906867
19	13791547	14	4.86055887005	4.17436159175	4.20361222093	4.85409047139
19	14441297	14	4.37282660178	2.60134059669	3.05453257621	3.55811976033
19	15121658	14	1.07131389306	1.34453015368	0.667471781219	-0.0758148029855
19	15834073	14	3.52450113539	2.57563214058	3.10760385215	3.06341857278
19	16580050	14	4.99708196194	4.79935525466	4.67213426943	4.35555585662
19	17361172	14	5.76105438336	5.31745434396	5.0193072091	4.84604509977
19	18179095	14	7.62143679084	5.41024901872	5.89217660143	6.50304011256
19	19035552	14	5.46308558322	6.96051614753	6.6917766667	6.0872466923
19	19932358	14	6.70873524409	7.85497249996	7.59973989724	6.87376081816
19	20871415	14	7.76931272896	6.60267255677	7.36727346986	8.53055709323
19	21854713	14	5.27071826793	5.85142784846	4.91303323265	4.89728319578
19	22884336	14	7.6515752322	6.91997309759	7.69287302328	6.70932269594
19	23962467	14	10.0595162951	7.77352691497	7.16924179655	7.94914968161
19	25091391	14	9.91846958148	8.22741821676	8.95534066034	10.0720858849
19	26273501	14	8.51909093866	9.71857903594	8.71972470667	8.179588624
19	27511303	14	11.4633519056	10.897150526	11.8267959557	10.863858447
19	28807420	14	10.5413703987	9.89419396134	9.61486488395	9.6782893021
19	30164600	14	10.4419969571	7.69107016501	7.1735790998	7.95050166381
19	31585720	14	5.97308003912	5.42171799029	6.09948077951	6.45406746151
19	33073793	14	3.52247231368	3.1330006196	3.21327543223	2.10412745708
19	34631971	14	1.53988688391	2.04451300399	0.949664980397	0.955371943592
19	36263559	14	4.73462673457	3.32445632247	4.65078525971	4.67015102832
19	37972014	14	6.32144751207	5.89597280549	5.46842729636	5.80691423648
19	39760958	14	6.94315925877	7.75867991269	6.92742180654	6.57986436462
19	41634183	14	8.12446710497	7.28234081656	8.59037131546	8.73201924786
19	43595660	14	5.37089049106	4.6878019585	4.03133521156	4.27533814091
19	45649547	14	3.66489366938	3.8356689209	3.50459486186	3.37119523062
19	47800197	14	8.7929719172	7.4109700787	7.98525651522	8.5383166366
19	50052168	14	10.8705611558	11.1350579251	11.3135719564	10.4547604297
19	52410235	14	10.8275619295	10.1724356468	9.00924911444	9.79015470866
19	54879395	14	8.66006891032	6.91850096356	8.40551008375	8.88261733478
19	57464883	14	2.92728025292	4.87384639997	3.80929394402	2.79374810566
19	60172178	14	4.7385017311	2.79991296401	3.38914202658	3.7263313041
19	63007021	14	0.488692355215	0.675688095471	0.0172717011327	-0.510545510103
19	65975419	14	3.51117298494	1.38677592085	2.48803596538	2.27840880774
19	69083665	14	2.85367709399	4.1400790708	2.8840628163	3.06810139476
19	72338346	14	6.35769443045	5.54863687118	6.36350147428	6.41576569449
19	75746363	14	5.17818341726	5.2885938748	5.06822169165	5.11078796001
19	79314940	14	5.95548780874	4.42041634606	4.5766631121	5.00523267051
19	83051639	14	3.92581677969	3.72784665287	2.99102002893	3.43926441277
19	86964383	14	6.73961874591	5.30635531256	6.64176320135	6.13342674059
19	91061464	14	8.91902434708	8.69744839826	7.44942160211	8.21668432361
19	95351568	14	9.68627101747	9.3655394264	9.81332589498	8.87386767546
19	99843788	14	7.23331352872	7.11466533979	7.50635178654	6.9317360087
19	100000000	14	7.02933177189	7.05194814546	7.41607418306	6.74212940561
19	104547647	14	6.63129674808	7.05405161946	6.4598460782	6.4483770933
19	109473114	14	9.80852748507	9.01228095147	9.13391668895	10.0464371657
19	114630631	14	7.86204910738	8.19052786489	8.68183238049	8.68738315794
19	120031129	14	4.73746868962	5.6365468683	4.89287803638	4.24481542675
19	125686057	14	7.3958550372	5.2609882644	5.86988856894	6.84401582967
19	131607401	14	5.57338666026	5.17987807158	4.78628604518	4.2710838299
19	137807713	14	4.25303336693	3.17939005389	3.4806836076	3.205758304
19	144300134	14	2.61811612811	2.80802599935	2.54843848585	2.58992690913
19	151098428	14	5.51572019916	5.67837002783	5.83006965306	5.61048026633
19	158217004	14	7.61877274669	7.03870048091	6.97350977487	7.72019093296
19	165670951	14	4.47284361461	4.03059467867	4.21907029603	3.85482320648
19	173476071	14	-0.596325488212	-0.395222975666	-0.885748894766	-1.40766136721
19	181648906	14	-1.21913765332	-3.41997574128	-2.77805088918	-1.92102932058
19	190206782	14	-4.15509926606	-4.90290467317	-5.25499781625	-5.47712999327
19	199167838	14	-4.41158244633	-4.79025906204	-5.03447677296	-5.24771571778
19	208551068	14	-2.3637383031	-3.45356514416	-2.81888299354	-2.51461917812
19	218376363	14	-3.76561519994	-2.75852592414	-3.17510481936	-3.10041429973
19	228664549	14	-2.81811389703	-3.5203707545	-3.80716323693	-4.35437426419
19	239437434	14	-1.63838956631	-4.27987553012	-3.34734288227	-2.55358625009
19	250717853	14	-6.68353625021	-4.02835808616	-5.10316768536	-5.79437345131
19	262529718	14	-1.72289440508	-3.47863162624	-2.72245986433	-2.76857318323
19	274898064	14	-3.88168239744	-3.43579171392	-3.84535768401	-4.37169416297
19	287849111	14	-3.5750271252	-4.38448661845	-3.95416138021	-3.74261495052
19	301410309	14	-7.16580751112	-6.73660173021	-7.59397160622	-6.34530243979
19	315610406	14	-9.47798451225	-9.39211546185	-7.99040266645	-8.81631731662
19	330479499	14	-12.683090729	-10.1111604807	-11.8092828268	-11.893326913
19	346049108	14	-7.32477139424	-8.83193188174	-7.29517970321	-6.9557458367
19	362352235	14	-8.53528191605	-7.82061031187	-8.78842670774	-8.50901322033
19	379423438	14	-6.42557108825	-8.08619223284	-7.79788049082	-7.69515173379
19	397298903	14	-8.58271368113	-8.6736020314	-8.57258969794	-8.30048570819
19	416016520	14	-9.07246115904	-8.5593618611	-8.52648751548	-10.2257493308
19	435615964	14	-5.91866946394	-6.88208257138	-7.40135550102	-7.27692561685
19	456138781	14	-0.806591306675	-3.65572016652	-2.80122676559	-2.42903928377
19	477628472	14	-0.0658380991458	-1.04907300757	-1.68387931305	-1.4229239462
19	500130590	14	0.56427138136	-0.810559194989	-0.818227559913	-0.346968867276
19	523692831	14	-0.0789569526402	-1.75278540385	-1.30258208227	-1.29675936681
19	548365141	14	-2.56759530126	-2.38411666487	-2.54438963997	-2.70579277722
19	574199817	14	-3.1209121345	-2.62206148611	-3.35245093001	-3.70370450349
19	601251621	14	0.51936889983	-2.30668131017	-0.825270344565	-0.778907406088
19	629577895	14	-2.80515282521	-2.28423719173	-3.72270039056	-3.26693856133
19	659238680	14	-3.75830675499	-4.13942041228	-3.45606549072	-3.88971845423
19	690296850	14	-7.62715323433	-5.61680472335	-5.57036057217	-5.79660638402
19	722818239	14	-3.18211368924	-3.10251240814	-3.21612936147	-2.96714388854
19	756871780	14	-0.508306638174	1.03298422682	0.671769679518	0.750132124879
19	792529658	14	3.14436995739	3.06479518049	3.70033678417	3.72564184082
19	829867457	14	5.29969001042	5.31760123359	5.16161188649	5.20945958176
19	868964320	14	9.11201151432	8.90171700408	8.11322435884	9.12755368324
19	909903122	14	9.49083222111	8.97161564334	10.2451837742	8.92478311865
19	952770639	14	4.18360713279	5.16815698787	4.51843769741	4.94014568881
19	997657739	14	2.07827702399	3.337063618	2.6041649172	1.28770450594
19	1000000000	14	2.84280941971	3.3470401125	2.82443540879	1.62045072167
19	1044659568	14	6.16432009801	4.33218047861	6.06917941282	5.89064077225
19	1093875756	14	4.15708694964	5.42418052109	3.981083847	5.28700009357
19	1145410625	14	8.52014939824	8.01292460222	8.02125917225	8.69702143138
19	1199373415	14	13.5709190135	11.7765833489	13.2336226485	13.7783408478
19	1255878508	14	7.97053297135	12.2923756408	10.3947584205	9.42028158631
19	1315045680	14	13.2467006753	10.7350142171	11.9752923227	12.6187582873
19	1377000346	14	9.30918263481	11.341271041	10.9894817935	9.45433330675
19	1441873832	14	11.3465814545	11.7245245652	11.832885473	10.7678474797
19	1509803648	14	11.4259000753	10.2884048197	9.74074374672	11.061548781
19	1580933787	14	13.6162100138	12.0755485665	13.0280344191	13.6991571205
19	1655415021	14	17.054147739	16.6359863568	15.9281139265	16.4722270837
19	1733405228	14	16.702222242	17.1114567131	17.0767921684	17.1357108127
19	1815069724	14	12.9346611887	14.4803355703	15.0654110369	13.7047130395
19	1900581611	14	14.634813147	14.1063949248	13.5928104973	13.7881995824
19	1990122151	14	14.1943830605	13.9148984273	14.005843174	14.0794256529
19	2083881140	14	12.5390119384	11.5983060288	11.6839155244	12.5092946365
19	2182057319	14	10.4487503836	10.5655854503	10.7845910043	9.82192037208
19	2284858792	14	7.830847127	10.3307874102	9.65407457255	9.48326701308
19	2392503466	14	9.30611704387	7.54424443367	8.37720308438	8.35725640277
19	2505219515	14	5.61144989394	5.50710706711	4.92356991103	4.77214454603
19	2623245863	14	9.29115647772	7.01651314428	7.17584334278	8.65700827718
19	2746832689	14	8.65114899936	7.53890676833	7.75166898374	7.50646120256
19	2876241959	14	7.74851646156	5.81871892507	5.3762825734	6.09004872708
19	3011747983	14	5.36901177559	5.87558645026	6.27307130735	4.9178345894
19	3153637990	14	7.26993144842	6.34120425161	6.48715173068	6.73581340857
19	3302212744	14	3.27481281034	4.40434372907	3.24144491167	2.75889363356
19	3457787179	14	5.47949249589	3.82187017275	5.90620316801	5.56389517694
19	3620691064	14	3.6014946371	5.73855304763	3.58374833348	3.66846798702
19	3791269706	14	7.18276165092	4.89596276935	6.16553004914	6.33805913049
19	3969884679	14	1.7805915132	1.7708981199	1.45593863214	1.93649292705
19	4156914593	14	1.36033199792	1.8389006995	2.23244611343	1.15397718079
19	4352755893	14	4.81387187914	3.53556717789	1.91453602219	3.20576770518
19	4557823704	14	6.91992762126	2.92902621241	5.80208602762	7.21384985364
19	4772552705	14	-2.06719825811	2.97525590184	0.0546875168892	-1.36089570271
19	4997398058	14	6.5506469674	5.71739657281	7.49270682003	7.1300221689
19	5232836365	14	5.74100755855	6.47641868472	5.77179829652	6.31124597498
19	5479366683	14	3.34261092045	3.16714574058	3.994239499	3.71780618073
19	5737511582	14	-3.13442241079	-0.172049007947	-2.01815926069	-2.65443769668
19	6007818249	14	0.3660241233	-1.34807985322	1.02062314764	0.533149876231
19	6290859651	14	-0.547880543384	-1.94036792425	-3.40851696763	-1.90483919555
19	6587235751	14	-4.68815901641	-2.63545026081	-2.89683477851	-3.80831038407
19	6897574775	14	-0.176758393656	-3.03962961159	-1.71860400065	-1.79715575628
19	7222534545	14	-5.20704140268	-3.45819394162	-4.33949268848	-4.78216723785
19	7562803878	14	-2.92843913288	-3.64020062385	-4.04691346782	-3.14206802336
19	7919104041	14	-1.47067924656	-2.30902716663	-1.14934371467	-1.16072274986
19	8292190280	14	0.826148393617	0.633419267187	-0.035954808396	0.516056916763
19	8682853425	14	4.35874854579	3.1120055403	2.60735201882	3.48509200136
19	9091921561	14	4.25081846461	3.31848450098	4.5373028799	3.50074983445
19	9520261788	14	2.10240880482	2.26506182837	1.40848823633	1.42325845728
19	9968782056	14	-0.361099942264	2.00413245403	1.78510024155	0.722375912029
19	10000000000	14	1.76147759614	2.02509086894	2.12929774087	1.06211215933
19	10438433091	14	3.38551005084	2.36596126887	3.48881755958	3.69464585049
19	10930210409	14	2.2007638694	2.22638264963	1.00044181973	0.796091549213
19	11445156427	14	4.66455216288	2.03083329223	2.60719605393	2.9918602631
19	11984362674	14	2.80458698558	2.20174835363	2.45120179317	2.27686594658
19	12548972102	14	1.49453341416	1.96156175788	1.31872633679	1.04710449758
19	13000000000	14	2.49268114341	1.42303410819	1.35310278414	2.19777721339
19	13140181510	14	2.42927162615	1.25187804136	1.68239113146	2.28823265763
19	13759244080	14	1.18575962034	0.515675681542	0.53169732711	1.74517218483
19	14407472037	14	-1.33644969035	-0.598921027932	-0.743083500506	-1.84731094328
19	15086239424	14	-0.814016632521	-1.78811008224	-2.00025550369	-1.04827172194
19	15796985021	14	-1.4158676098	-2.43008811583	-1.82284582634	-2.03990260205
19	16541215392	14	-5.33469401547	-3.59203586885	-4.0036400278	-5.62339499035
19	17320508076	14	-5.28476572863	-5.39082376023	-5.86572317403	-5.09790106563
19	18136514935	14	-5.01673677068	-5.40909500344	-4.01193345531	-4.17450751311
19	18990965656	14	-5.64169061978	-3.64735184207	-5.17928182121	-5.13104853355
19	19885671410	14	-2.39728085477	-3.07159109641	-2.36269595337	-2.78202899294
19	20822528702	14	-2.03015878984	-3.66421012916	-3.23953979349	-2.66063057521
19	21803523380	14	-5.40335104053	-3.32142643263	-4.39105584374	-3.96718962591
19	22830734855	14	-1.1393845484	-2.5626737255	-1.5525495632	-1.79476206862
19	23906340500	14	-3.0992169034	-1.89989390062	-2.5249152773	-2.50328719942
19	25032620269	14	-0.359567084808	-0.43867408507	-0.155484056637	-0.29994006358
19	26211961532	14	-0.0506754028588	-0.0985833713875	-0.0377220396424	0.205627566353
19	27446864129	14	-4.88077651359	-2.65937971642	-3.26138685141	-3.74362419997
19	28739945678	14	-3.82512500875	-4.69546903715	-3.50025803247	-3.79765691105
19	30093947115	14	-4.56887987351	-4.16519549907	-5.53536057214	-4.44915427003
19	31511738509	14	-3.56403965628	-4.18841198627	-3.30726233902	-4.02980065721
19	32996325143	14	-3.40317300268	-4.15823257162	-4.23951826044	-3.99273814231
19	34550853887	14	-0.242032188284	-0.296531220035	-0.693639452978	-0.648875865523
19	36178619865	14	3.61211940461	3.06909172815	3.3686603533	3.422270607
19	37883073445	14	-0.00225261738565	-0.66971225784	-0.633680508811	-1.10922857355
19	39667827545	14	-5.7387612669	-6.16266623315	-6.29366340723	-6.17477629632
19	41536665297	14	-5.54317543751	-4.66557932775	-4.76120694807	-4.57077123418
19	43493548067	14	-0.617356401875	0.277429558286	0.601141934149	0.566432767887
19	45542623846	14	0.97083351996	0.881851207348	0.59938244725	0.558016923277
19	47688236048	14	0.636383418893	-0.822602786569	-0.764061189534	-0.919472065593
19	49934932713	14	1.85134183931	0.941955068837	1.00393782412	1.80782725229
19	52287476152	14	6.24403160879	5.26555204338	5.32928662814	4.4127581397
19	54750853037	14	8.71919853281	8.48837122248	8.15851800148	8.79984795729
19	57330284972	14	11.8068065354	10.7311731027	11.2700257251	11.1579124135
19	60031239563	14	12.1503254068	13.4206181173	12.8771811854	11.9499490249
19	62859442007	14	16.3175468088	15.2472148243	15.5077868075	16.0450653603
19	65820887229	14	13.7858899979	13.7280673755	14.0173640106	14.3555460203
19	68921852585	14	8.30221477802	9.23727341451	8.3716223237	8.19678095825
19	72168911173	14	8.56885112973	5.46651915819	6.51420546665	6.88224829393
19	75568945763	14	3.85431439532	4.75447501057	4.17005845885	4.12933802903
19	79129163388	14	4.70647700698	4.70023407579	4.44683420732	4.83085428112
19	82857110620	14	2.48548633254	2.48929848743	3.30062792505	2.82535904374
19	86760689565	14	0.772647060721	0.641074778828	-0.0263596290108	-1.12345338511
19	90848174617	14	4.58086509989	3.40284598832	3.47879694703	3.6085141723
19	95128229991	14	10.3651859604	8.79749588074	9.10518125702	8.89215350326
19	99609928097	14	12.9338594173	10.8045936932	10.6688943241	11.8835199026
19	100000000000	14	12.0643117319	10.7401028184	10.5039059478	11.2963589974
19	104302768761	14	9.28585120613	8.90169048464	8.58732922809	9.63157817808
19	109216699370	14	8.43483536781	7.73757333545	8.29802407655	6.77122152104
19	114362135953	14	7.59779950736	7.89762787355	7.39539492367	7.49549676707
19	119749985260	14	6.2017081908	6.38071680991	6.80511730858	7.25762303853
19	125391667883	14	4.94009629073	5.02639643464	4.55187648954	4.41330959057
19	130000000000	14	6.60759190909	6.76613528151	6.9719471042	6.9049358908
19	131299142461	14	7.34677122135	7.62837618449	8.01804632659	8.09503076324
19	137484931034	14	10.827975742	11.3169267716	11.4182499375	11.1960999767
19	143962145579	14	12.015694396	11.5677407809	10.828848843	10.6856534509
19	150744515809	14	11.9434999309	10.2974044354	11.1618949586	11.4618131189
19	157846418272	14	9.76388738036	9.88892251541	9.71135311384	8.94926344994
19	165282906828	14	7.9038624895	8.19887781948	7.38810699613	7.28285420901
19	173069744557	14	6.85102645946	5.69125290209	6.95505644576	7.54983940176
19	181223437172	14	6.28723463927	6.10268271363	5.18501055439	5.02786341396
19	189761268004	14	10.3432368729	8.08865161243	8.40072432816	9.37876684028
19	198701334642	14	6.00362178591	7.73311984487	7.6553916687	6.70588068807
19	208062587291	14	7.36653541545	6.11401141495	6.28896032789	6.74959075128
19	217864868942	14	6.19678276616	5.18532357113	5.15839443632	4.8714634921
19	228128957430	14	3.7384329124	3.99362788933	3.34673853248	3.7656621095
19	238876609483	14	6.841009169	3.69515027977	5.06883744819	5.33485330035
19	250130606832	14	4.67568218735	5.97446031103	4.53538507739	3.85988194157
19	261914804507	14	7.46793633068	7.62093509545	8.36206484235	7.84478183321
19	274254181402	14	7.79418352528	6.55524193684	6.61338945518	7.04611109227
19	287174893217	14	7.46176248065	6.06774056138	5.81226223944	6.27828762962
19	300704327907	14	5.29807107094	6.4277193395	6.26259991727	4.89860761649
19	314871163733	14	5.87019870567	4.12184250903	4.73087070442	5.65712633981
19	329705430050	14	1.29614350505	1.1473125032	0.57753501696	0.536118741292
19	345238570962	14	2.80709272405	1.46072307103	1.56550001195	1.87713257072
19	361503511974	14	4.47770179424	2.0121423939	2.37125413443	2.30674894319
19	378534729783	14	-1.1590219178	-0.519261728299	-1.03214252349	-1.38633043717
19	396368325357	14	-2.27989756967	-2.69101962065	-2.33351841803	-1.93421364018
19	415042100460	14	-1.7759198882	-2.2757253474	-2.30525688455	-1.62953672399
19	434595637780	14	-2.68310680462	-1.88674941172	-2.25250465683	-2.63640221816
19	455070384831	14	-1.90097674342	-1.44860191381	-0.740932871438	-1.45792550027
19	476509741809	14	1.68140610957	1.32256824673	0.521911320187	1.13490320932
19	498959153590	14	3.65089814521	4.34245203169	4.8547903459	4.53977658717
19	522466206056	14	2.25427693112	4.52322562325	4.56323532201	3.27854092102
19	547080726961	14	2.984195512	3.30639173381	2.76078248847	3.23046772118
19	572854891558	14	4.99388785532	3.16288059034	3.93843929767	5.16015880406
19	599843333185	14	3.44580974317	3.98360478337	3.24084869371	3.10206184878
19	628103259078	14	5.25803817542	4.7670787136	5.33952648624	4.84654909733
19	657694571630	14	6.01863831048	4.46874968449	4.1521367171	4.03193985139
19	688679995367	14	3.26833429223	2.18779536061	2.18674248167	2.66689788181
19	721125209903	14	0.204879239666	-1.32781132218	-1.11667257011	-0.930038446707
19	755098989162	14	-3.02984988026	-4.39300806884	-4.44033630528	-4.22433355506
19	790673347157	14	-7.14630635161	-5.89015336301	-6.42199567446	-6.49233859561
19	827923690639	14	-2.92552794182	-4.66294344054	-3.50556825246	-3.82682023909
19	866928978933	14	-1.51344761604	-0.822163373969	-2.15820227042	-2.77175057873
19	907771891314	14	3.70319452144	2.2460672729	3.19631787862	3.21527201254
19	950539002253	14	0.766342553797	1.91529249033	1.53741270011	1.79084121369
19	995320964936	14	-0.597132844588	0.520495932175	0.587033395971	-0.0506269984629
19	1000000000000	14	0.672428529877	0.459189265251	0.65279022762	-0.106338285861
19	1042212703416	14	0.937764997921	0.515606233129	0.438040562068	1.0712188155
19	1091313613827	14	0.110326008727	-0.521700665969	-0.373265736128	0.100164807371
19	1142727775070	14	-4.93923309624	-4.52127671589	-4.65804756778	-4.79090514808
19	1196564169430	14	-8.05334369418	-7.58733376671	-7.37988203209	-7.62572778347
19	1252936913585	14	-4.60542791956	-6.06843964957	-6.56366143843	-5.78828386331
19	1300000000000	14	-3.96715019503	-3.61434774413	-3.32594283052	-4.47186781126
19	1311965500497	14	-3.77974429102	-3.24176783609	-2.5045910263	-2.89010137295
19	1373775052704	14	-6.08840922679	-3.78903657008	-4.2614384184	-5.37438883597
19	1438496587537	14	-5.06267099796	-5.8531679423	-6.20352597904	-5.07371199014
19	1506267294840	14	-4.67636397879	-4.96851373282	-3.81957993707	-4.08782993614
19	1577230827771	14	-2.151255108	-1.97473955078	-3.24396026604	-2.98478011794
19	1651537607297	14	0.324294775108	-0.526826282615	0.211084559586	0.104085538852
19	1729345141047	14	-1.62304042102	-0.634920865416	-0.9189009679	-1.9431992687
19	1810818357179	14	0.397552331787	-0.620174668427	-0.084800806051	-0.284310331314
19	1896129953972	14	-0.253144023903	-1.06180273734	-2.36371272343	-1.01187848937
19	1985460765900	14	-0.206910799476	-2.15737726328	-0.376248294792	-0.463776052395
19	2079000146941	14	-5.12028730562	-2.29915382316	-3.73542650111	-3.80949483453
19	2176946371954	14	-0.964879246946	-1.80226946382	-1.28030260931	-1.30643414618
19	2279507056955	14	-1.11135860742	-2.31041080575	-2.01510029563	-2.41240338513
19	2386899599205	14	-1.80540695177	-2.50015363881	-3.17822170216	-1.96636898925
19	2499351638022	14	-1.44604731396	-0.3861637988	0.43203597286	-0.585383986114
19	2617101537311	14	1.31329707348	2.19237765632	1.22870505666	1.50809367834
19	2740398890815	14	2.46040960864	2.88502060342	3.88342727709	3.00143577722
19	2869505051187	14	1.54964363594	3.27134999915	2.61263486343	1.92773212647
19	3004693683969	14	6.8951680719	5.66115908551	5.72045585565	7.26861464522
19	3146251347683	14	8.77778437453	8.96279537957	9.21571946297	8.55709760437
19	3294478101250	14	10.6515275955	10.5476396075	10.6573408144	11.3833381342
19	3449688140017	14	9.98260210618	9.51757747012	8.66893945028	9.6545659292
19	3612210461760	14	9.87397096229	6.92180831101	8.14577916919	7.65006658253
19	3782389564056	14	3.10584366975	4.51023254546	3.65712588709	3.31439828766
19	3960586174514	14	3.44350790499	3.55051503238	3.69364690928	2.52362525911
19	4147178015404	14	4.57642064043	4.09050825067	4.24926598153	4.44676909538
19	4342560604319	14	5.14244044355	5.51387750224	5.73171491202	5.65803591722
19	4547148092543	14	8.93553631308	7.61307736508	6.80300309902	6.90223844442
19	4761374142932	14	11.5200612352	9.98264965933	10.9591156835	11.2004890097
19	4985692849142	14	11.3895156928	10.578169409	9.99111914866	9.99572638661
19	5220579698171	14	9.83775446707	7.58901619775	7.67630530149	8.81199888719
19	5466532578244	14	4.46857900696	3.46021650081	3.50607165645	3.36064790011
19	5724072834185	14	2.54999138739	2.62573583363	2.84935155562	2.31733802278
19	5993746372511	14	3.39272358832	3.97723333957	3.40811371568	3.61155303449
19	6276124818579	14	3.10326694092	2.45931092887	3.16696109925	2.62261836566
19	6571806728266	14	-1.42036345478	-0.738598291977	-1.34714654175	-1.30934304407
19	6881418856717	14	3.05829527875	0.582196434279	0.94526236529	0.878553408756
19	7205617486879	14	5.88983567282	5.71248677459	5.67909897708	4.79626397609
19	7545089820617	14	10.5610869844	8.22637354853	7.945747174	9.26281195264
19	7900555435372	14	7.72444661462	8.20046580099	8.54965861735	8.3590892959
19	8272767809448	14	11.1343196522	10.857970296	10.8716198263	11.1449756314
19	8662515919149	14	14.0995812909	15.5891819005	14.9517679776	14.6324117492
19	9070625911176	14	18.7947258155	17.309734078	18.3159126941	17.615005307
19	9497962853795	14	13.9328491011	15.0955735169	14.3521614509	15.0049624104
19	9945432570527	14	12.6957307031	12.1072313417	12.1824885622	12.2218706238
19	10000000000000	14	12.1050075514	11.8443412252	12.0412899409	11.998642343
19	10413983560209	14	12.4155562192	10.9262148719	11.2602302945	11.8024414526
19	10904609007526	14	11.6475079585	11.6000269741	11.5122894791	11.4874238366
19	11418348888254	14	12.219133086	11.3151779688	10.8310599545	10.8161902128
19	11956292173695	14	9.57122565635	8.07494619494	8.76080920761	7.63350615246
19	12519579138962	14	6.60968203324	5.28579372919	5.03643908233	5.35516775378
19	13000000000000	14	7.28516944135	6.2398420449	5.74787663441	5.71068303297
19	13109403780009	14	7.46589129959	6.78254457799	6.40639503144	6.7554430412
19	13727016344541	14	9.6716518829	9.50926023007	10.0919682191	10.0062964695
19	14373725982157	14	8.8928979026	8.76469387187	8.45039838083	8.65287700527
19	15050903519343	14	5.95064398925	6.02988955373	6.07806503946	5.15101197663
19	15759984365207	14	6.67088947413	4.75827709468	4.65258612442	5.31844246944
19	16502471554108	14	3.8858251085	4.70074506324	4.92933400733	5.20384243049
19	17279938931625	14	4.87262080624	4.59854474294	4.59038205031	4.43198752737
19	18094034490631	14	2.82870549564	4.00568038154	3.59145312173	3.13834985704
19	18946483864533	14	3.54894290234	1.84772156246	2.24979732772	2.46463031474
19	19839093985085	14	0.846852920051	-1.39409311573	-1.09153040014	0.509665225274
19	20773756912534	14	-5.66155176372	-2.83306548143	-3.8445650141	-5.06064229715
19	21752453846202	14	-1.80655307138	-2.16030839374	-1.42426480668	-1.49612180171
19	22777259324031	14	-0.682667390917	-2.60541898703	-2.03240960159	-1.78586060366
19	23850345619961	14	-7.8342279228	-5.08519790924	-6.829725156	-7.77560602602
19	24973987348488	14	-3.80442209417	-6.78802207106	-5.17793391966	-5.01034997847
19	26150566286152	14	-5.64028946175	-6.26354793818	-6.66166962469	-6.88812122123
19	27382576420175	14	-5.66043339207	-5.30904723541	-5.73308171878	-5.07918341563
19	28672629234945	14	-6.84597255421	-5.4034518969	-5.59261305552	-5.59403923637
19	30023459247572	14	-3.18047991925	-5.64566248815	-4.02100424047	-3.44616412137
19	31437929804219	14	-5.98628087585	-5.09581814458	-7.42312144723	-7.86143523852
19	32919039149526	14	-3.88069059315	-4.56923999668	-2.90722945872	-3.31996795692
19	34469926781966	14	-4.11317163662	-4.46808026892	-5.12921355216	-4.98181803327
19	36093880108624	14	-3.80496957739	-3.60545710141	-2.90056807264	-3.32815892623
19	37794341413493	14	-3.79911313483	-2.28248111698	-4.02142076197	-3.05586406721
19	39574915154062	14	-0.316324206469	-2.65964053039	-0.386339353507	-0.222439067055
19	41439375601662	14	-4.21699635976	-4.16883590799	-5.41405406299	-5.53105362962
19	43391674841769	14	-5.44841245811	-3.53128141869	-4.05415587158	-4.13488972439
19	45435951151211	14	1.12326611836	-0.0581197186089	1.07524907201	1.13774915945
19	47576537770051	14	4.71818623506	4.08014175466	4.27167533095	3.40157553536
19	49817972086731	14	4.44157637466	7.27661148784	5.13185584947	4.43837949534
19	52165005255944	14	12.9869233175	8.47289745616	11.2432924953	11.7350761381
19	54622612269628	14	5.63256456682	7.87085443405	6.27255651755	6.50508383102
19	57196002502427	14	8.61640430877	8.65904442881	8.64468089486	8.90768660971
19	59890630753972	14	13.3474678662	12.1302945203	12.7323805806	13.1220791091
19	62712208811383	14	14.913532438	13.7704473738	13.5824673297	14.2603104229
19	65666717556514	14	10.8808333133	10.5698112376	10.4641470454	9.86498709501
19	68760419643587	14	6.13320371328	6.24393627122	5.96913071914	5.79018465897
19	71999872774107	14	5.03641576017	4.18709477321	4.7978797412	5.43769753662
19	75391943597177	14	0.463426946046	3.08670587268	3.0507755634	1.96521631775
19	78943822264697	14	1.10751516445	1.79503811606	0.71440717683	0.950812407899
19	82663037672284	14	2.10842134657	1.06579396551	2.46853044432	1.9524367328
19	86557473418223	14	1.89886803497	1.15254452566	0.857759906011	0.695827074924
19	90635384514286	14	3.49558545118	2.01434761929	0.784981943424	1.68849235021
19	94905414883828	14	5.69168911946	2.6270718724	4.18628950672	4.20205062699
19	99376615684263	14	1.2638330392	0.509946200559	0.175052776125	0.40593155113
19	100000000000000	14	-0.255136559678	-0.018323325797	-0.861285501235	-0.332001842164
19	104058464492742	14	-4.38352368394	-3.66534937888	-4.79704357431	-5.71079868968
19	108960885395717	14	-4.61917415371	-5.87033279626	-4.50800564698	-4.63059712428
19	114094270024970	14	-5.18512763539	-5.77682679065	-6.11899059751	-5.42712843978
19	119469499584686	14	-5.31129951628	-5.71965786474	-6.32624686281	-6.14782545078
19	125097967916282	14	-1.19121310588	-3.97065408736	-3.53253520141	-2.85848818415
19	130991605649859	14	2.09169771088	0.942651206607	1.42644115215	0.712049946895
19	137162905493486	14	4.21531532502	4.74644550948	3.77079535208	3.64384230644
19	143624948713920	14	4.86335914813	4.74661004673	5.23708000676	5.22913549566
19	150391432864885	14	5.0146935662	3.75814389408	4.07359695302	3.76213207226
19	157476700821694	14	4.27442821066	2.9613127658	2.51477079243	2.96309674975
19	164895771183756	14	0.684876300587	1.85647523729	1.58082299452	0.11030004679
19	172664370109409	14	8.04279657829	3.18557800596	4.25876006971	5.82185682378
19	180798964650562	14	5.65437707191	7.05601776209	5.95950329832	5.60464542944
19	189316797657804	14	6.82413447268	7.73637748623	7.99525604456	7.79274541627
19	198235924329971	14	5.93139826076	4.27582963268	5.0605056519	5.61638465509
19	200000000000000	14	4.36834151728	3.65778640408	3.51747444606	4.09309062962
19	207575250485640	14	0.907838835924	2.73492346888	1.43830923459	1.40656377142
19	217354572637679	14	4.27289508074	4.30135511036	5.32370578907	4.68172275567
19	227594619955796	14	5.39043198611	4.51694814881	4.25323780261	4.39461566929
19	238317098206027	14	4.20554947686	3.42929887071	3.01278295367	4.33319333338
19	249544735760329	14	3.57460853374	3.96264263457	4.54703250002	3.40684930848
19	261301331773756	14	4.79712341141	4.24634283558	4.02199848296	4.36494114522
19	273611806631400	14	1.23315040779	1.27974374971	1.03361466389	0.663153989089
19	286502254771965	14	-1.76385232907	-2.92031877462	-2.58814950268	-2.77206465404
19	300000000000000	14	-5.93880597547	-4.49942561824	-4.45264105468	-4.49487275277
19	1000000	15	1.98943352035	1.21369211065	2.25253599024	1.69795486324
19	1047112	15	-1.46298162681	-3.03662671637	-3.6547873497	-2.84412026024
19	1096444	15	-2.15165897948	-2.7051793661	-2.50370441761	-3.04549411855
19	1148100	15	2.34406422043	-0.147205588017	-0.0315440925651	0.93307363625
19	1202189	15	0	-0.0821111830125	-0.50978360958	-0.254229425761
19	1258827	15	0	-1.61981326352	-0.917605481193	-1.2619902415
19	1318133	15	0.220931228013	-0.8187428102	-1.55334262902	-1.39001199447
19	1380233	15	2.59931097941	2.30367300131	2.76223187116	2.77628087614
19	1445259	15	4.03502134202	3.93092848038	3.80251148025	4.11858990793
19	1513348	15	1.87389595815	2.03922951576	2.07658891944	1.67929282602
19	1584645	15	-1.02065538434	-0.753052602695	-0.871715686121	-1.17735799279
19	1659302	15	-1.60103431752	-0.471253336889	-0.455925049249	-1.2719745695
19	1737475	15	3.9240797867	2.91979558202	3.32064851632	3.7861022541
19	1819331	15	5.00119617765	5.68538401198	4.94104267491	3.46514062977
19	1905044	15	7.73165772363	5.91431833693	6.44171487128	7.42226423772
19	1994794	15	7.02516106038	5.73407716538	5.91109223327	6.42917806537
19	2088774	15	7.61204552268	7.09217041013	6.40475143939	7.5098063153
19	2187180	15	10.8381988194	8.40982247828	8.8640734765	8.97435909237
19	2290223	15	7.66391630916	6.94331241354	7.19185722289	6.83594793794
19	2398120	15	3.75653388356	2.85489613779	2.29959681252	2.82808507567
19	2511101	15	-0.669555916539	-0.736426413864	-0.763065081152	-2.2389942574
19	2629405	15	0.984546174759	-1.84410691578	-0.823639769776	-0.359309598911
19	2753282	15	-2.89541719852	-2.02642869977	-3.49917764831	-3.62859970604
19	2882995	15	-0.630736934975	-3.33638604504	-2.34260389725	-2.44538342702
19	3018819	15	-5.1009102553	-4.84512132154	-4.99956077638	-5.18331405362
19	3161042	15	-3.33347925929	-4.54330142588	-4.74725658982	-4.56817394788
19	3309966	15	-3.26764561065	-2.89520056771	-2.9715186455	-3.88397020492
19	3465905	15	-1.4559465761	-1.9789274372	-1.61610558639	-1.03942724729
19	3629192	15	-2.42618213013	-2.29879417031	-2.36455008866	-1.37034811209
19	3800171	15	-5.17608319771	-2.55368255004	-3.16243226762	-4.38370693804
19	3979205	15	0	-2.21222741787	-1.31793767798	0.0968646464125
19	4166674	15	-2.8226492078	-2.5275145454	-2.93651836605	-3.52185764197
19	4362975	15	-3.82075066632	-4.15427216825	-4.48361853469	-4.26832477324
19	4568524	15	-4.00333145085	-5.53227406615	-5.0650865343	-4.53035002267
19	4783758	15	-5.31635949513	-5.4513547718	-5.28382897356	-6.12333217574
19	5009131	15	-4.46651606384	-4.75399816787	-5.54493498658	-5.0483070143
19	5245122	15	-2.91860361413	-3.43985916182	-2.93093002619	-3.66471032606
19	5492231	15	1.19194853995	-0.43883945322	0.194581431385	0.476259467576
19	5750982	15	0.116828099176	1.79890252595	0.200840251454	-1.00966009476
19	6021923	15	1.48859542073	-0.796233369896	0.616669897269	1.05513110817
19	6305629	15	-5.27489004714	-5.89032775723	-6.10027992675	-5.3508748331
19	6602701	15	-8.36002581507	-6.99349528356	-7.88976517189	-8.40572299444
19	6913769	15	-2.69531027648	-3.98132923773	-3.0184653867	-2.87390543627
19	7239491	15	-1.37367236449	-2.12644594261	-2.27563204213	-1.80847709807
19	7580560	15	-2.07127196358	-2.37005315044	-2.93110036812	-2.43553308592
19	7937696	15	-0.710507819824	-2.10996071065	-1.63329343504	-1.64039430258
19	8311658	15	-2.18853519039	-2.09776994053	-1.9826320237	-2.00283995039
19	8703239	15	-3.60735567613	-3.5214009849	-3.93076396133	-4.37645787294
19	9113267	15	-2.6754576508	-3.05601939559	-2.98244353038	-3.16905741535
19	9542613	15	2.34115015509	1.58139950571	1.98660288231	2.15159479161
19	9992186	15	5.96551953829	6.56225366925	6.19787343792	5.54202397945
19	10000000	15	5.96347757477	6.61899224567	6.2144316798	5.56459920053
19	10462940	15	8.27493981039	7.80661485591	7.57376943589	7.78559254288
19	10955872	15	7.140039542	6.32800716576	7.12707221868	7.5690343972
19	11472027	15	2.33246127885	4.81241541877	3.95027409125	2.51374060224
19	12012499	15	6.34955869644	4.30522525429	4.89730526784	5.40170494915
19	12578434	15	6.30556496947	5.09249071844	4.60206604869	5.22819407865
19	13171031	15	8.04952591493	6.29396491753	6.99002077318	7.89685220163
19	13791547	15	5.25896533481	5.86208220624	5.0454812947	5.08637550291
19	14441297	15	5.93455038813	4.115596499	4.59462269549	4.6986811607
19	15121658	15	3.36698652103	3.73403176602	3.87598360893	3.50016302857
19	15834073	15	4.27439499399	4.60681278634	4.09874231928	3.3224668598
19	16580050	15	5.73194695635	4.13750484522	4.49920476711	4.66410117836
19	17361172	15	2.6644876523	2.80397213479	2.81378512559	1.95570805839
19	18179095	15	4.65754470551	2.96187009436	2.75967357389	3.55109869366
19	19035552	15	3.6651080495	3.68946998135	3.89672965685	4.5476707648
19	19932358	15	1.76189006411	3.20893784679	2.88553914886	1.41632860602
19	20871415	15	5.17954181931	3.11065729285	3.7408048759	4.88571842369
19	21854713	15	4.62001230893	4.94740562881	4.14230544864	4.47408656982
19	22884336	15	7.71533835913	7.22476495456	7.79953651204	6.96207112211
19	23962467	15	11.5590715192	8.6525839696	8.49225723576	8.65896356223
19	25091391	15	10.4082705485	9.2582141689	9.27738368548	9.16753270629
19	26273501	15	10.1989116871	8.39698839396	8.23937661745	9.48595464067
19	27511303	15	6.87801114334	6.29115118924	6.28361109631	5.48300105131
19	28807420	15	6.56675533033	4.71936634122	5.60886981758	5.1402492907
19	30164600	15	3.66880974167	3.52955934269	1.55229619206	2.04012135021
19	31585720	15	4.2585848427	1.3026961563	3.48435048834	3.89250357421
19	33073793	15	-2.27605903345	-0.606448870311	-1.67926763883	-2.53251277475
19	34631971	15	0.265497738606	0.0376993576217	-0.405196785633	-0.959542012903
19	36263559	15	5.77520403887	2.9914458302	3.95923589891	4.61694997087
19	37972014	15	7.49397406673	7.05396400265	6.91099739891	7.02655006816
19	39760958	15	9.09104305825	10.1397438555	9.23064896571	8.90157419867
19	41634183	15	10.2289977406	9.0004472848	9.8233757051	10.5572264522
19	43595660	15	6.95338501075	5.01516630952	5.48567926374	5.16337617036
19	45649547	15	3.19503550664	4.58566241317	2.91159310125	3.10412660873
19	47800197	15	11.5091255461	8.33862350456	9.92633718717	10.4558594261
19	50052168	15	8.7054701372	9.5541159218	9.16129347982	7.77281046865
19	52410235	15	6.8942843306	6.08764697155	5.40539511066	6.18118394214
19	54879395	15	1.73201378206	1.99292149544	2.80139115338	2.42976196759
19	57464883	15	-2.33333933204	-1.52013564244	-1.88186194725	-1.64429408379
19	60172178	15	-3.90718563793	-5.11937128144	-4.88268877264	-4.30733272791
19	63007021	15	-8.38921876452	-6.55951058753	-7.22090627079	-8.48939380601
19	65975419	15	-2.55358035269	-5.4034585358	-4.393259393	-4.75927339948
19	69083665	15	-3.40095763256	-4.37711175692	-5.12871772524	-3.75502421109
19	72338346	15	-2.45115929849	-2.90917115187	-2.67932740596	-2.40964330064
19	75746363	15	0.637892160097	0.811715937578	0.560774710444	0.203734763198
19	79314940	15	6.28634824256	3.7726511483	4.77977005904	4.9747223948
19	83051639	15	1.94490005599	3.39084505009	1.67011499666	1.12582170221
19	86964383	15	4.37545929054	2.20581055601	3.69226080903	3.67993825271
19	91061464	15	0.622257512587	1.46070477631	1.14946386277	1.09194928207
19	95351568	15	0.304812724326	-0.619801110757	-1.49043947409	-1.67851031151
19	99843788	15	-0.530885396603	-2.66238345687	-1.47915864204	-1.38488345569
19	100000000	15	-0.0331572253391	-2.68953231641	-1.46708065956	-1.41443753224
19	104547647	15	-2.7630403117	-2.13109591998	-2.76191304134	-2.60013677926
19	109473114	15	0.764300842992	-0.989923087503	-1.09227032876	-0.85089916299
19	114630631	15	-1.93431366927	-1.55713989369	-1.07841625138	-1.19425288841
19	120031129	15	-2.13950198886	-2.197050264	-2.73462373204	-2.98074974627
19	125686057	15	0.449140994162	-1.69689711757	-1.1351915112	-0.472957640442
19	131607401	15	-0.586672280028	-1.18264433604	-1.77172855126	-1.23843412693
19	137807713	15	-0.172420271632	-0.339861899568	0.0994437733327	-0.58330909731
19	144300134	15	1.60465182046	2.17019985953	2.0475606464	1.51748422199
19	151098428	15	3.61279673045	5.34218369227	5.31201837023	4.95911651633
19	158217004	15	6.72721423378	6.8029606569	6.5605027237	6.68550982448
19	165670951	15	7.83409295813	5.65575625977	6.39217877199	6.35072756244
19	173476071	15	1.86675805006	3.33140752649	2.3870446165	2.29164846577
19	181648906	15	4.95274671661	2.78074632766	3.40355444617	4.20019431964
19	190206782	15	6.74270599463	5.50429219256	5.4341022507	5.7363607237
19	199167838	15	10.3586880646	9.05810461066	8.83024992964	9.1991706183
19	208551068	15	10.5771320027	9.80367239035	9.9440025444	9.91516362329
19	218376363	15	7.06345211417	7.42548462296	7.46578121152	6.56704794747
19	228664549	15	4.62812200975	4.44890453461	4.40866207032	3.6211419902
19	239437434	15	4.80295023547	2.53330669797	2.48386134315	3.24068878031
19	250717853	15	1.97867849513	1.36005032146	1.3278585766	1.11777290917
19	262529718	15	2.49819688736	0.75230795256	1.03042393339	0.975184483171
19	274898064	15	4.05045119733	1.77123723874	1.40252380578	2.12390826988
19	287849111	15	3.34771326174	4.01014643814	4.13576189955	3.47849712679
19	301410309	15	6.51805089994	3.96930477538	4.11806649996	5.0102183189
19	315610406	15	-0.872450457194	0.00725267568913	0.0200118960823	-0.0794734049356
19	330479499	15	-5.20531135587	-3.75341857577	-4.33183388491	-5.16631060095
19	346049108	15	-2.35914715035	-3.65758990925	-2.78060824287	-2.66146601904
19	362352235	15	-4.09991707758	-2.84095892729	-3.15962348258	-3.74063346348
19	379423438	15	-4.50885243976	-5.55312340924	-6.32842373161	-5.27776111891
19	397298903	15	-7.70656165951	-9.64820237149	-8.35444426647	-8.19983251094
19	416016520	15	-10.683786307	-10.2344214643	-10.7034518117	-11.1690986767
19	435615964	15	-6.57058088316	-7.06498378416	-8.2235339686	-7.58139463961
19	456138781	15	-2.28534203558	-4.03138648109	-1.9177406302	-2.5892800416
19	477628472	15	-4.60866694021	-3.16642183672	-4.62074687628	-4.65008741276
19	500130590	15	-1.82179045982	-2.29898168085	-2.49132597029	-2.2987359228
19	523692831	15	2.38449996973	0.468744292474	1.67087089459	1.4771113164
19	548365141	15	3.03161854848	2.94435782631	2.34545769996	2.26458008615
19	574199817	15	2.84821107421	3.0273106607	2.06935697459	2.1245065713
19	601251621	15	5.65370145244	2.54000042851	4.43486873319	4.07551674199
19	629577895	15	1.11915423597	2.21892247568	0.853815154466	1.8143113429
19	659238680	15	-0.0854160626133	-0.126072696292	-0.0743415924796	-0.480717625293
19	690296850	15	-3.10942444471	-2.72414983963	-2.05629545492	-2.03946560283
19	722818239	15	-2.18514244755	-1.52288656035	-1.73509615842	-1.51861509732
19	756871780	15	-2.27400338131	0.875170514579	0.199468955388	-0.466602673415
19	792529658	15	1.70320039359	0.668527433308	1.50788380829	2.06175546136
19	829867457	15	1.39870753302	1.67550154963	1.69722415867	1.47346616896
19	868964320	15	5.02731669755	5.43686611388	4.36150976258	5.35995723026
19	909903122	15	4.2222509103	4.94380432791	6.19655996136	4.55133705528
19	952770639	15	-0.578712225862	-0.472506194925	-0.761305243141	-0.199129948589
19	997657739	15	-2.90486447672	-1.94578679545	-3.05377158944	-3.14801081674
19	1000000000	15	-2.53611628729	-1.83769892403	-2.76212565382	-2.72962948079
19	1044659568	15	3.99003833736	1.27453764954	3.23210392282	3.23813905235
19	1093875756	15	0.0792904867779	2.07433936881	0.28539348579	1.02589247179
19	1145410625	15	2.47394962996	1.88796462088	2.73817150429	2.06843698157
19	1199373415	15	6.48666024903	5.73443244656	5.96358907297	6.14049930063
19	1255878508	15	6.99150889476	9.32280513869	8.41782963462	8.21910013643
19	1315045680	15	11.9126505679	8.17429637489	9.17383186206	10.156303479
19	1377000346	15	3.24596499766	6.28756721786	5.56439973734	4.26514291161
19	1441873832	15	6.7479669443	6.3136002662	6.78128201225	6.29236537395
19	1509803648	15	6.92211769774	6.36450099632	5.88637661411	6.56033162548
19	1580933787	15	10.0491465454	7.11624909663	7.76145540126	9.11034501739
19	1655415021	15	8.34864390968	8.62368681367	7.97824944101	7.89093803621
19	1733405228	15	6.14376897448	7.29248401071	7.61988657504	6.91279750947
19	1815069724	15	3.17962075182	4.05631471248	4.14318519207	3.38284885722
19	1900581611	15	5.16055798131	3.49678959327	3.23568294712	3.83977722648
19	1990122151	15	2.79913579525	4.28864881192	4.46322477529	3.82897906667
19	2083881140	15	3.24897475328	3.32465807945	3.16567053277	3.45547357496
19	2182057319	15	2.51896916463	2.45303263618	2.8937795368	2.92625709312
19	2284858792	15	-0.665419134108	1.96764167439	1.20326325647	0.577880822249
19	2392503466	15	0.866239758994	-0.19244733709	0.45747980063	1.75661759968
19	2505219515	15	-0.459189381057	-0.610350827677	-0.647301272598	-1.17313252827
19	2623245863	15	4.23018198945	3.47181822789	2.96093751053	3.83933446534
19	2746832689	15	6.44170973809	6.1858014867	6.57978077602	6.72713915547
19	2876241959	15	3.52338201365	4.40720928218	4.70965792097	4.09988640019
19	3011747983	15	2.00443106289	3.93677208637	3.07227881821	2.09393993363
19	3153637990	15	7.61344797781	5.99768908245	6.76592679029	6.90407039213
19	3302212744	15	6.38485516482	5.10643537807	4.83184748526	5.12527548333
19	3457787179	15	1.50602002341	2.24987773298	2.3136798571	2.62727571092
19	3620691064	15	1.55384412131	2.45176131316	2.07323611551	1.58695707818
19	3791269706	15	6.49930318144	3.93675373757	4.70320123492	5.43367378919
19	3969884679	15	2.39306448051	3.4538000251	2.7278217068	2.41198604435
19	4156914593	15	3.25861346775	2.53351520742	2.90651198482	2.45276417088
19	4352755893	15	3.14264088714	1.56683826895	1.33486480665	1.50545774233
19	4557823704	15	0.201608859574	-0.198865495421	0.253111758799	0.953615100595
19	4772552705	15	-1.74782774071	0.183651576533	-0.376812790926	-0.830589413894
19	4997398058	15	4.23631249194	3.18650185362	3.34548648046	3.35886716258
19	5232836365	15	4.85563393895	3.85665829828	4.2249868104	5.11800919229
19	5479366683	15	-0.136321815679	1.64380453773	1.44148620749	0.558260108108
19	5737511582	15	-1.84220737943	0.460030912234	-0.341221461819	-1.04279060976
19	6007818249	15	-0.188240977697	-1.1025184236	0.562398404124	0.496568197656
19	6290859651	15	-3.62010788946	-5.19956152235	-6.45475996094	-4.63359014656
19	6587235751	15	-9.60195135446	-7.03843286231	-7.39830711299	-8.48323095748
19	6897574775	15	-1.00163089738	-4.31253057924	-2.49462561401	-2.17790452268
19	7222534545	15	-6.02920583469	-2.33779395399	-4.21057177251	-5.61762070309
19	7562803878	15	-0.169491653993	-2.2604485958	-1.52730747005	-0.473585812578
19	7919104041	15	0.327329863655	0.364809836664	0.586227646585	0.525582311639
19	8292190280	15	3.10595680223	3.8792263421	3.86777792887	3.56087792757
19	8682853425	15	3.28011300302	3.37227165042	2.46756758094	3.09916229806
19	9091921561	15	2.61455636723	0.769093667159	2.0381531405	2.34753978571
19	9520261788	15	0.13987800516	-0.635693602972	-1.14210299993	-0.342168138242
19	9968782056	15	-5.0553991917	-2.05292759096	-2.73148637722	-4.29582476519
19	10000000000	15	-3.36545837192	-2.15385141958	-2.5960208773	-3.98841175261
19	10438433091	15	-1.05263757883	-2.32416380546	-1.15321531778	-0.996778823296
19	10930210409	15	0.187045030491	1.48161021982	0.818569681749	-0.0537084693006
19	11445156427	15	6.46880249823	5.10205679098	4.95028671724	5.58380406764
19	11984362674	15	4.42247117862	3.09299918218	3.55909454834	4.17739227864
19	12548972102	15	-0.896720048494	0.0123870617258	-0.18512594998	-0.251319505652
19	13000000000	15	1.0331023618	1.39006089408	1.18763435572	1.09206401441
19	13140181510	15	1.44146539263	2.43588213452	2.33498016336	1.30027509007
19	13759244080	15	10.1918009664	7.16416054424	7.14133843057	8.61317764606
19	14407472037	15	8.20110072449	7.65749344651	8.09863320397	7.6049116021
19	15086239424	15	2.8129941858	3.70310160616	3.04147578746	2.77644916519
19	15796985021	15	-0.598632861151	-1.49111247794	-1.1195553615	-0.519719443808
19	16541215392	15	-6.70459075031	-5.84161513337	-5.57458933321	-6.81991432648
19	17320508076	15	-7.7256245795	-7.65656449769	-8.42507986485	-7.96156985958
19	18136514935	15	-6.9457651954	-6.48336109389	-5.7652455041	-5.45855390606
19	18990965656	15	-5.67260399304	-4.43941657651	-4.54535630234	-4.30568228982
19	19885671410	15	-4.2618326307	-3.23057394996	-3.85985358745	-4.43839957112
19	20822528702	15	0.112621947466	-1.83333971541	-0.902986334274	-0.148554159207
19	21803523380	15	-0.780613012837	0.958891489054	0.335296212625	0.526730296603
19	22830734855	15	3.13117648963	3.84012118165	3.958076692	3.36572308511
19	23906340500	15	3.82255298499	4.55569259101	4.56367568779	4.34648521194
19	25032620269	15	3.65015070942	3.26863817993	3.58575744344	3.54842487982
19	26211961532	15	2.1096970348	2.24592536912	1.73808608753	2.03694735872
19	27446864129	15	0.799099846527	2.11539914412	2.12007635391	0.997221724576
19	28739945678	15	3.19357027803	1.60301287476	2.54042250055	3.16598641379
19	30093947115	15	-0.167734220014	0.903292205145	-0.472661660523	-0.0850574879036
19	31511738509	15	1.09323362221	0.92432801696	1.65392224811	1.56194012492
19	32996325143	15	1.94638455936	0.681180933119	1.13841147925	1.71131396672
19	34550853887	15	-0.0258480977779	0.116047686226	-0.937903229321	-0.586664759602
19	36178619865	15	3.24860675115	1.29858117759	1.95510246933	2.2173513379
19	37883073445	15	2.9351604535	3.27505228931	3.1876492016	1.63906526317
19	39667827545	15	4.29855715188	3.17288359095	3.55507327503	4.11817804401
19	41536665297	15	1.50294121718	3.23486783313	1.79907311568	1.57862710603
19	43493548067	15	7.54993051746	6.57895244776	8.58714529903	8.09239562216
19	45542623846	15	9.54687461419	9.10642767064	7.92006744835	8.07826103697
19	47688236048	15	8.50605480603	7.03491670857	6.6054028454	6.74283537257
19	49934932713	15	6.92715365598	5.14289398894	6.43941976167	6.67575281256
19	52287476152	15	7.32032081578	7.16922735164	6.53251465167	6.15908686956
19	54750853037	15	9.55992404579	8.97371481377	8.25224576235	9.18385332984
19	57330284972	15	11.1419753157	8.57154295592	9.8968924666	10.2961250471
19	60031239563	15	9.30236497981	9.81934896034	9.13168609482	8.20069672244
19	62859442007	15	13.6595414267	12.5161733114	12.155074771	12.6460438542
19	65820887229	15	9.73471187729	11.7041367727	12.5034079274	11.6234536779
19	68921852585	15	8.8377863414	7.08067368818	6.56440719229	7.1682074463
19	72168911173	15	3.99712195416	3.10242923273	3.23552531829	3.36163711101
19	75568945763	15	0.516642142351	1.68278539939	1.6582624716	0.88683611295
19	79129163388	15	2.85182639523	0.778032228691	0.711624640572	1.92786508687
19	82857110620	15	-2.47762584446	-1.58125744715	-1.15897796709	-1.94545310048
19	86760689565	15	-4.74670026945	-3.9153213613	-4.67623101862	-4.95541182158
19	90848174617	15	-3.53660868074	-3.03229729642	-2.46361823564	-3.43713399885
19	95128229991	15	-0.31570592023	-0.321047973563	-0.206873350184	0.199997086091
19	99609928097	15	-0.129988536857	-1.14640133251	-1.76331080965	-0.443711010923
19	100000000000	15	-0.820338596495	-1.44576524104	-2.03066390527	-1.05373360219
19	104302768761	15	-3.30597230393	-5.53630826255	-5.07806546908	-3.54557977199
19	109216699370	15	-9.72227946629	-8.09266266454	-8.06375795778	-10.2614274469
19	114362135953	15	-7.92713687452	-7.80609262551	-7.9534718158	-7.75832463841
19	119749985260	15	-7.91600151183	-7.31448259723	-7.53057718343	-7.2402923094
19	125391667883	15	-6.58722805425	-5.72140464314	-5.28676584824	-5.77937621392
19	130000000000	15	-2.45037921145	-3.14771249908	-2.56260590708	-2.42700249345
19	131299142461	15	-0.911828797942	-2.45112186988	-2.47225242018	-1.43796230558
19	137484931034	15	-2.47012807543	-0.62342774982	-1.26059862679	-2.27631213992
19	143962145579	15	1.58697850514	0.0553701514864	0.784848244946	1.01575444866
19	150744515809	15	1.48920850372	2.51525402793	2.39563507728	1.43694304597
19	157846418272	15	4.77680491724	3.86034582674	3.48914004962	3.95599035789
19	165282906828	15	0.956103174825	0.863410582758	0.81485166715	0.95795279202
19	173069744557	15	0.841963049112	-1.58272041371	-0.486678933815	0.202129630355
19	181223437172	15	-0.634642408671	0.614034795535	-1.04739793691	-0.896597317153
19	189761268004	15	6.63688350023	3.50582366746	4.59360619141	4.98915986492
19	198701334642	15	3.74399090901	4.03376095079	4.11124521377	3.26892877006
19	208062587291	15	4.35430838322	3.69918204195	2.9483117013	2.83354551773
19	217864868942	15	4.00500436129	2.34069332511	2.87377091017	2.824109955
19	228128957430	15	0.486893187115	-0.0101365818071	-0.0160947457557	-0.804365661182
19	238876609483	15	2.73543878619	-0.0833936059283	-0.209156271479	0.830619458359
19	250130606832	15	2.1243655029	2.097399365	1.95610101942	1.93660382153
19	261914804507	15	2.68904889173	3.05516957907	3.36842589237	3.55937490155
19	274254181402	15	5.4568337155	3.74918717729	3.55020186005	3.9226717911
19	287174893217	15	6.72267579314	6.08568059186	6.23651065614	6.18424845283
19	300704327907	15	4.53897295614	6.16287641347	5.70662221398	4.20548186721
19	314871163733	15	2.10026061909	1.88481309943	2.67446614577	2.71872731267
19	329705430050	15	-0.707516435408	-1.57127008056	-2.11181271176	-1.42777747824
19	345238570962	15	-1.42918377021	-1.41581814886	-1.79530787804	-1.50432381436
19	361503511974	15	0.451753899882	-1.39742230792	-0.0764966353608	0.0504838782427
19	378534729783	15	-3.63305793614	-3.08161335838	-4.66335232443	-4.85318551612
19	396368325357	15	-3.40228518769	-3.66651859586	-2.52241456657	-2.65002995144
19	415042100460	15	-2.97257297786	-2.3947747443	-2.96903129108	-2.57374215223
19	434595637780	15	-1.15460663695	-1.06482356265	-0.781850518049	-1.23422741229
19	455070384831	15	-1.2978786206	0.0144710010616	-0.0934621462048	-0.439540916976
19	476509741809	15	3.59209487044	2.01942395597	1.700152178	3.2329847284
19	498959153590	15	5.86449967149	5.16827973699	6.14956889892	5.82845378901
19	522466206056	15	4.49377171843	7.71777000771	6.28888420179	4.90194105955
19	547080726961	15	7.97057112946	7.58986781735	8.87053551216	9.21157772024
19	572854891558	15	4.95976252573	5.43515455519	4.82524673493	5.07558598766
19	599843333185	15	3.05439802733	3.90085229649	3.71871866763	2.96337580524
19	628103259078	15	5.72633798475	3.67782497709	4.3973335908	4.61284315572
19	657694571630	15	5.31621218353	3.91778527186	3.1257248434	3.65475819377
19	688679995367	15	4.92082965164	4.72239350121	5.02933331547	5.15659217638
19	721125209903	15	7.02434839499	5.13819931614	5.78178164773	6.2309660858
19	755098989162	15	2.51033373587	3.16879060167	1.54779248072	1.65937163013
19	790673347157	15	1.57777755474	0.859297862822	2.83410619028	2.65421363197
19	827923690639	15	2.73389473279	2.52199105979	1.14164298753	1.18373807392
19	866928978933	15	7.73888259566	6.74353336901	6.99799947867	6.62452565757
19	907771891314	15	9.081383615	8.21721194498	8.74752136952	8.54168304687
19	950539002253	15	5.74986054317	6.64541566253	6.19412049685	5.58066051534
19	995320964936	15	4.80647080164	6.00411776335	5.81647342345	5.84559674747
19	1000000000000	15	5.83301908166	6.07095163062	5.97967397662	5.66134126688
19	1042212703416	15	8.5374671871	7.1432353303	7.77671745196	8.09423878929
19	1091313613827	15	7.4481995935	7.42568877055	6.95336954557	6.9864247471
19	1142727775070	15	5.7503612952	5.51876821077	5.47649206655	5.95661941694
19	1196564169430	15	2.62632909768	2.66068495256	3.04276761695	2.7657426049
19	1252936913585	15	1.43256088773	0.543113910886	0.255058735784	0.585757924592
19	1300000000000	15	-1.55665178593	-0.313635189453	-0.95772011878	-0.976660183905
19	1311965500497	15	1.54522260807	-0.457476040395	-0.591296410525	0.334690857387
19	1373775052704	15	-2.27440821239	-1.1688749437	-0.487228508891	-1.40326202358
19	1438496587537	15	-2.4935230185	-2.10151610773	-3.30535785621	-3.43213081039
19	1506267294840	15	-0.26484727837	-2.92474610296	-1.42973258083	-1.02114819963
19	1577230827771	15	-5.62329390039	-3.3815606077	-4.68505922444	-5.90858434371
19	1651537607297	15	-0.982735320921	-3.40853176947	-2.76254144461	-2.22335978823
19	1729345141047	15	-2.87464835026	-2.86983405559	-2.90160062879	-3.63408512144
19	1810818357179	15	-0.0132139901354	-2.05064501356	-1.93581497737	-1.75300111511
19	1896129953972	15	-0.0413899717914	-1.35568172506	-2.3448920707	-1.15102457164
19	1985460765900	15	0.317239110385	-0.787446983233	1.15152391339	1.03353353583
19	2079000146941	15	-2.98981439794	-0.846307941204	-2.9067517175	-2.48229335701
19	2176946371954	15	-1.06469434146	-2.22164549477	-1.06277909322	-1.34924070671
19	2279507056955	15	-4.46578898291	-3.8696991608	-3.80588349038	-4.74308855925
19	2386899599205	15	-4.26530297876	-3.9829673017	-4.71882171066	-4.75817541499
19	2499351638022	15	-0.446587774643	-2.69044147133	-2.05383880562	-1.07800199129
19	2617101537311	15	-2.40198471531	-1.30840297495	-1.55231331807	-1.8914066335
19	2740398890815	15	-1.13756186563	-0.0604139719413	0.0213739516188	-0.598945312551
19	2869505051187	15	2.02575365941	1.7367004702	1.54338986771	1.56605098096
19	3004693683969	15	5.44787196543	4.33361294031	4.60694115918	4.97407831771
19	3146251347683	15	6.59458136755	6.60839618456	6.46153843419	6.04707388474
19	3294478101250	15	7.165713431	6.47135477338	6.42992551239	7.66235903994
19	3449688140017	15	4.72970539812	3.65966691257	3.72905402744	3.56878082328
19	3612210461760	15	1.5428764256	0.668146123353	0.762608534531	0.701975341902
19	3782389564056	15	-2.07226006825	-0.765237553035	-1.08457743655	-0.816665445404
19	3960586174514	15	-1.39471908746	-0.891274587848	-0.39879983882	-1.80413608225
19	4147178015404	15	0.568296890033	0.354295871334	-0.206075710575	0.137546379671
19	4342560604319	15	2.65429254039	2.18992087848	2.63975851774	1.51065281415
19	4547148092543	15	4.18976275913	2.2379916606	2.13216045877	2.48894806992
19	4761374142932	15	2.34928339069	1.25415009469	0.911266793905	2.01130695312
19	4985692849142	15	5.18058802076	2.27133223338	2.84703739352	3.73846425015
19	5220579698171	15	4.9929303051	3.38176882722	3.0170569443	3.55996370783
19	5466532578244	15	1.26154375502	1.4317529259	1.27979311362	-0.0374878903725
19	5724072834185	15	1.62927166821	0.249295447311	0.834633303794	0.920446784062
19	5993746372511	15	1.8609794077	2.99017742133	2.28970714672	1.9092505709
19	6276124818579	15	4.92008713742	4.30033727995	4.91021681437	4.72398680259
19	6571806728266	15	2.60779890793	1.82970164126	1.3096988555	1.37467415349
19	6881418856717	15	3.00981851979	2.00814745596	2.41794003754	1.90029324823
19	7205617486879	15	6.51042439849	5.5749411112	5.44713474231	5.58246471962
19	7545089820617	15	6.77380875338	5.12110336715	4.9113637976	5.25745317088
19	7900555435372	15	1.81871388063	1.04735425367	1.18927999082	2.46949118499
19	8272767809448	15	1.31044553885	0.591439924348	1.21812602203	1.176894544
19	8662515919149	15	-0.670454311289	2.654530736	0.962056342614	0.466270591155
19	9070625911176	15	2.18814118105	1.68709987129	3.83628346117	2.96676541624
19	9497962853795	15	-2.45684905357	-0.162405479363	-1.6139368087	-1.89308651679
19	9945432570527	15	1.07497421106	1.00552603799	1.02946385289	1.36549671568
19	10000000000000	15	2.17547661928	1.27221656293	1.75664662945	1.94930610522
19	10413983560209	15	3.42991025904	2.81643667289	3.91420773827	3.74751777631
19	10904609007526	15	2.06673352416	2.80302458801	1.58367172972	2.46334264852
19	11418348888254	15	3.41393872206	1.74850106378	2.261012576	2.49920341346
19	11956292173695	15	1.32927158266	-0.558416758535	-0.203767513803	-0.257852118302
19	12519579138962	15	-4.72659310339	-3.1854937387	-4.0983874349	-4.43814880373
19	13000000000000	15	-0.776952082701	-2.80064287154	-1.6680172682	-1.7474141828
19	13109403780009	15	-2.28286294102	-2.29468170752	-1.18175253201	-1.71216759186
19	13727016344541	15	1.23333438589	1.45456388399	0.429653578129	0.83077411188
19	14373725982157	15	2.61630278933	2.50959411262	3.13668155423	2.90852467373
19	15050903519343	15	1.52648117475	0.731456775336	0.726521213365	0.397048027199
19	15759984365207	15	1.87209284901	1.08660003011	0.632357907848	0.78101468846
19	16502471554108	15	3.32024639932	3.34181935931	3.69689461145	4.04439389829
19	17279938931625	15	4.72281787502	3.37056422482	3.55459622343	3.81583484811
19	18094034490631	15	1.11763448481	1.59096604629	1.06023722461	0.593481447891
19	18946483864533	15	2.19439998418	0.291261375491	0.529605852609	0.846927605162
19	19839093985085	15	-2.04400400151	-1.84461720232	-1.4925820708	-1.62270389749
19	20773756912534	15	-5.9618864883	-4.83911944021	-5.27938949597	-5.10207710921
19	21752453846202	15	-4.09324959455	-4.56550968586	-4.81772387899	-4.47702690202
19	22777259324031	15	0.468877076311	-0.465115199359	0.570524399667	0.452119786921
19	23850345619961	15	1.79686001499	2.33818668938	1.35451225557	1.2626073749
19	24973987348488	15	2.06649265771	2.04483192519	2.09279443856	1.92563479709
19	26150566286152	15	1.74659100461	2.3177003798	3.1182057887	1.92463643557
19	27382576420175	15	4.09876937353	4.35687801759	3.70817653468	4.14921116371
19	28672629234945	15	5.93307899389	5.90294540781	5.59461873784	6.32280501322
19	30023459247572	15	7.66442853033	6.83112340088	7.84509905287	7.65106929068
19	31437929804219	15	7.90222200252	7.46709433238	6.64638993275	6.73123133161
19	32919039149526	15	5.03058270792	5.51708713085	5.77254229563	5.6497566421
19	34469926781966	15	2.9037806733	1.57493416322	1.23753317926	1.42070397151
19	36093880108624	15	0.759179442006	0.58995565098	1.85093796409	1.38418982216
19	37794341413493	15	2.44749149478	2.87013194834	0.814255428782	2.17267814961
19	39574915154062	15	4.94678741349	2.98219444408	4.66732043657	4.47761825781
19	41439375601662	15	0.319224993677	0.193241496421	-0.115432881714	-0.33669852535
19	43391674841769	15	-3.53090969103	-0.407001097828	-1.20153427915	-1.3707154169
19	45435951151211	15	1.76526443436	2.58981923653	3.18599095785	2.50182797946
19	47576537770051	15	7.04945956752	5.74730791263	6.32127704899	5.66004219996
19	49817972086731	15	5.56248704918	7.06035505292	5.63563555712	5.81202541555
19	52165005255944	15	8.5568759762	6.71532251423	7.83028306612	8.1450086747
19	54622612269628	15	5.95119420065	5.38920263568	5.31432789488	5.43017947244
19	57196002502427	15	4.59078137238	4.6096780056	3.99317083006	4.43841367052
19	59890630753972	15	5.66426591384	4.4293679412	4.91232239091	4.83550426433
19	62712208811383	15	4.00291414422	2.31825855866	2.23825406822	3.39689671621
19	65666717556514	15	-0.717732881694	-1.62020737459	-1.42346308482	-1.92247289504
19	68760419643587	15	-4.68666730444	-3.55242720938	-4.4041884234	-4.36522002595
19	71999872774107	15	-3.30831218565	-2.68382956407	-1.41908038807	-2.3622143962
19	75391943597177	15	-3.09236136682	-1.92390075117	-2.71505007875	-2.82775033113
19	78943822264697	15	-1.36170428642	-1.5295617879	-1.82171641802	-1.63956746199
19	82663037672284	15	0.933699544351	0.0570506583327	1.09485136642	0.83968123842
19	86557473418223	15	0.764005204534	1.09591987432	0.289339894094	0.384491236814
19	90635384514286	15	1.38424649151	-0.479395662978	-0.585229732309	-0.252712533545
19	94905414883828	15	-1.03291723264	-2.46412119647	-1.64628196463	-1.37382892962
19	99376615684263	15	-2.6491784137	-2.14022934943	-2.88035737447	-3.86795944661
19	100000000000000	15	-4.86877381157	-1.94122678698	-2.76218269185	-3.90291416675
19	104058464492742	15	1.1536877568	-0.595734140686	-0.542279399869	0.525522379355
19	108960885395717	15	-0.299357888648	-0.134418824114	0.476669735654	0.242341562119
19	114094270024970	15	-1.5471219559	-1.04409215782	-1.8767716879	-1.98334104137
19	119469499584686	15	-2.18473232766	-2.14803733075	-1.45277592604	-1.07997533479
19	125097967916282	15	-1.70085986556	-1.99244183374	-2.50777687052	-2.3457975757
19	130991605649859	15	0.0923281453221	0.200992075575	0.618109668336	-0.45588388286
19	137162905493486	15	4.95681658229	3.25530613984	3.00974904022	3.40616850846
19	143624948713920	15	3.78924962551	4.74894653147	4.60820419573	4.66922185215
19	150391432864885	15	3.81840988045	3.75855287174	4.34311819185	4.47799739444
19	157476700821694	15	2.99474436177	1.90769355647	1.19670684953	2.01287292176
19	164895771183756	15	1.26177846816	1.44153817308	1.75990229188	0.349913165654
19	172664370109409	15	5.10957833764	2.91901736969	3.24650922836	3.91585741683
19	180798964650562	15	4.11009688455	4.81139816255	4.17313628131	3.66496878456
19	189316797657804	15	5.65052406137	5.05357314068	5.26062856212	5.69542304131
19	198235924329971	15	3.29612378727	3.22577606249	4.01286523217	3.4333987095
19	200000000000000	15	2.16602277371	2.77783050236	2.72119161775	2.54702696707
19	207575250485640	15	0.926496443794	1.33085899685	-0.354800041213	-0.214874889735
19	217354572637679	15	3.95625296707	1.59945191156	3.51006668876	3.45109800437
19	227594619955796	15	2.712334486	3.38012056349	1.92014469299	2.40584395791
19	238317098206027	15	6.37928970236	4.02767417116	4.87743637498	6.06739493055
19	249544735760329	15	1.33586979876	3.08003854233	2.52292926056	1.50028068918
19	261301331773756	15	3.11157069002	2.36240284412	2.90896463352	3.15620303173
19	273611806631400	15	1.83317580642	1.83310505793	1.44390206152	1.39669411817
19	286502254771965	15	0.5623328031	-0.0389394282946	-0.199486798514	-0.379486993701
19	300000000000000	15	-1.98882845607	-1.9572575719	-1.16278680414	-2.08244836208
19	1000000	18	17.6562224931	14.5826931498	14.4026937319	14.8529150874
19	1047112	18	12.4353438279	9.85955743826	9.8547216677	10.9897835442
19	1096444	18	10.9973681173	9.33421273807	9.39595231802	8.73812810473
19	1148100	18	13.3611660565	9.92926537108	9.90275859252	10.7358107
19	1202189	18	11.7212418693	10.5020742484	10.5218017813	9.90869891732
19	1258827	18	16.224266948	13.0664558884	13.0078411433	13.0792598137
19	1318133	18	17.895429469	15.4687697251	15.4614573919	15.4466964172
19	1380233	18	16.2456936213	15.0405553521	15.3595356428	14.8265985905
19	1445259	18	15.7153462795	14.5726794807	13.8362362028	14.0284630048
19	1513348	18	17.9061169334	15.0594243673	15.869566533	15.4453750392
19	1584645	18	13.2685199965	12.4361358836	12.2649981423	11.6893054441
19	1659302	18	9.00581803605	7.77282009106	6.81815514306	6.94748263532
19	1737475	18	12.5570553175	7.80194034947	9.51020289442	10.7634209033
19	1819331	18	10.964160851	12.5082453455	11.2165011718	9.86151020422
19	1905044	18	18.6691247473	15.0569694576	14.9000284883	16.40629051
19	1994794	18	17.193157332	13.463313203	14.9342968196	15.2892574635
19	2088774	18	11.0555899258	11.6574862381	10.1963678674	9.16299454138
19	2187180	18	14.391706629	11.7657708188	11.9024593137	12.1438490693
19	2290223	18	15.3278326183	12.4701109408	13.6511146092	13.7980957883
19	2398120	18	14.1723778334	11.9681035196	10.826083032	11.5386107389
19	2511101	18	10.7128946646	9.85091869906	9.64268533789	8.25836609357
19	2629405	18	10.8300079224	7.93654402884	9.36809662698	9.57687892758
19	2753282	18	8.52539508454	7.8510466703	6.62282264964	6.57292412914
19	2882995	18	11.0378963621	7.93854665255	7.8080097547	7.62869443199
19	3018819	18	9.11980924432	6.65639104607	7.7460025328	8.00817629376
19	3161042	18	7.72761101018	6.22950469226	5.67461428197	5.1843952103
19	3309966	18	9.654407486	7.68487198653	6.83272797484	7.20512472888
19	3465905	18	9.17246342945	7.70075096926	9.1815664442	9.31502618832
19	3629192	18	6.70768000682	5.47022216155	4.94435756833	5.37128022289
19	3800171	18	3.9170359334	5.17677386193	4.12481662164	3.58160374335
19	3979205	18	11.7928566805	7.65712637613	9.2785758178	10.4742172012
19	4166674	18	9.40883069267	8.31791885135	7.596918045	7.47593274646
19	4362975	18	6.1922510799	5.77965274113	5.29116417731	4.40655683567
19	4568524	18	6.58612593527	3.66913195803	4.31963018572	4.8347803928
19	4783758	18	3.92397962736	3.20913809853	3.40371155051	2.50019314095
19	5009131	18	4.09430639186	2.61770819462	1.888441784	1.95384663333
19	5245122	18	4.25629693728	2.74911595003	2.76162756405	2.97998515856
19	5492231	18	7.7476655097	5.13961772454	6.46455834008	6.85217289588
19	5750982	18	4.9067801654	6.68663961885	4.9269139461	3.51366316717
19	6021923	18	6.41241104316	3.94618759582	4.55896584612	5.21095519022
19	6305629	18	4.48926812522	-0.0371673299842	1.14660817486	1.95899251085
19	6602701	18	-0.880002717376	-0.203402363934	-2.32180164218	-2.33628834445
19	6913769	18	6.46874466356	2.2346460353	3.89821037603	3.90906028347
19	7239491	18	2.85301183394	2.51441633989	1.90557798338	1.57930848832
19	7580560	18	2.27839915993	0.456080492297	0.425925319197	1.19829424172
19	7937696	18	1.52251675677	-0.404859360924	-0.312242412647	-0.676966103376
19	8311658	18	1.39270421207	0.462693874761	0.327520325478	0.0676256894629
19	8703239	18	2.72989078194	0.69576702872	1.18128607529	1.14155628287
19	9113267	18	0.382208235828	0.492298906507	-0.314956847957	-0.176380313495
19	9542613	18	3.09031820472	2.505607605	3.16951671697	2.60374734743
19	9992186	18	7.34217789328	6.58459395107	6.3733760095	6.19013676866
19	10000000	18	7.15617308973	6.6516404022	6.44228897327	6.23487952551
19	10462940	18	10.9732897486	9.13103381108	9.17134742368	8.88285243208
19	10955872	18	9.78449863162	8.25945245364	7.8689681465	8.94288533943
19	11472027	18	7.08377129132	6.31643294481	7.12410566882	6.69600251316
19	12012499	18	6.1802371312	6.31134129387	5.59192953692	5.23601092681
19	12578434	18	10.1220911352	8.03596669126	8.2028342014	9.00872621217
19	13171031	18	11.5457846457	9.08233556911	9.35628161193	9.7485128833
19	13791547	18	10.5976119626	8.70310895551	8.43671815645	8.7550591047
19	14441297	18	9.76077366469	8.84404216561	8.98200323605	8.08144087419
19	15121658	18	12.1670649283	10.8265359877	10.4501382962	10.6846449951
19	15834073	18	14.7729090143	12.8818848116	13.754174994	13.1535053296
19	16580050	18	13.6684888959	12.818157164	11.8579594184	11.8194299274
19	17361172	18	12.818346003	11.6097152892	11.8866434304	11.8838884764
19	18179095	18	14.4666161308	11.9796203585	12.6394579884	13.3052984454
19	19035552	18	13.6922904491	14.5103303545	13.5468881714	13.0679794057
19	19932358	18	17.2800756287	17.0837514798	17.4959952583	16.7602155829
19	20871415	18	18.3276095145	17.4345503327	17.7155072264	18.5222985039
19	21854713	18	16.5930019546	15.4995742209	15.1576651386	15.2836652155
19	22884336	18	14.6017560681	13.5316182628	13.4212681394	13.4945036847
19	23962467	18	16.0577371915	13.1508078076	13.3872473754	13.1015215028
19	25091391	18	15.0613797348	13.0272184992	13.4239152138	14.2377452165
19	26273501	18	13.0186108006	11.8702223961	10.7347920175	11.1345312539
19	27511303	18	13.1093716664	11.2813604571	12.2054073411	11.1611582915
19	28807420	18	13.9399542977	11.8535600726	12.2396663849	11.8914210026
19	30164600	18	10.3855537303	10.933707024	9.25846306192	9.5178734648
19	31585720	18	11.4484034083	8.48695198096	10.1552834403	10.2345427852
19	33073793	18	8.50812543458	8.41060867516	8.08674676807	7.71259827552
19	34631971	18	9.23932130349	10.6151601489	9.54149361106	9.25662785323
19	36263559	18	13.787649282	10.7406903857	11.992146455	12.6450655385
19	37972014	18	10.4507801611	9.32624917812	9.07466720779	9.01607615354
19	39760958	18	12.2878933644	10.899178083	10.1932349815	10.6372968523
19	41634183	18	16.0042213453	14.5835144933	15.1748511449	14.9880248091
19	43595660	18	18.2226641661	15.8298351861	16.1957708968	16.039414592
19	45649547	18	14.8005321263	14.6544119318	13.6307323602	13.934619508
19	47800197	18	16.2969217732	13.8136129108	14.4220690195	14.0785137854
19	50052168	18	15.8322280734	13.2852978739	13.7945018841	13.5501539177
19	52410235	18	12.0649975786	11.9592858688	10.6437033716	10.9139339685
19	54879395	18	11.1281885498	10.1419926313	11.4018109119	11.5672045309
19	57464883	18	8.48487029833	8.67079910305	7.9528617846	7.62695603784
19	60172178	18	12.0125175464	8.86195836372	9.2671021264	9.73990645786
19	63007021	18	11.850789614	11.4885632584	10.9609698933	10.7647004045
19	65975419	18	17.1568679946	14.7301746688	15.394779559	14.8380196331
19	69083665	18	17.4347943003	16.8729979331	16.4424176163	16.5689921617
19	72338346	18	19.9539686642	18.8912253823	18.9311683859	19.0374288313
19	75746363	18	21.7633795798	20.4809087461	20.4214446464	20.4483225584
19	79314940	18	22.5720340405	19.1579664254	19.807484188	20.1954286391
19	83051639	18	16.7117338145	16.1994486649	14.954083596	14.6734726646
19	86964383	18	19.3719931492	15.8771738803	17.009573385	17.6264390576
19	91061464	18	18.5640157922	18.0639776697	17.7665726259	17.8650324624
19	95351568	18	20.4224525298	19.2315519183	18.7858720816	17.8348345713
19	99843788	18	20.2068254082	18.5961922539	18.8646660607	18.756435161
19	100000000	18	20.4248508089	18.5570127316	18.9165820246	18.7112291175
19	104547647	18	20.5115110198	17.0701053121	17.8559594141	18.1332711981
19	109473114	18	15.2223251229	14.6207510049	12.7942631078	12.9871545089
19	114630631	18	15.6617009996	12.2643621983	14.29149209	14.1344144779
19	120031129	18	11.5227464257	11.2798011043	9.86168664669	9.14457706347
19	125686057	18	13.7137716884	10.2965938366	11.0117591037	12.0947313994
19	131607401	18	9.76809346246	8.34192261088	7.88520127387	8.58275513079
19	137807713	18	9.65553521142	7.78759024833	8.26730811146	7.77505753821
19	144300134	18	11.0073484526	9.91593676596	9.62191463496	9.21822105927
19	151098428	18	12.0242700342	11.9803252541	11.7949916246	11.0323025514
19	158217004	18	13.0761915227	11.3970265313	11.8837640857	12.4066863599
19	165670951	18	8.23109091209	8.6748115828	8.48606898004	7.61759824618
19	173476071	18	6.42994439464	5.68775133978	5.19390279289	5.81008396961
19	181648906	18	7.64500903436	4.36008508438	5.25153384257	6.09027027306
19	190206782	18	7.46425017856	5.73798800791	5.12289913229	5.30231331317
19	199167838	18	9.01815196211	8.00073083448	7.95472144314	8.25732534491
19	208551068	18	8.52378357784	7.74516758424	8.26113836216	7.64626680639
19	218376363	18	5.68350617134	4.8706727431	4.28610716584	4.33497041018
19	228664549	18	5.04052892151	3.1378231269	3.65249965127	2.89663021175
19	239437434	18	5.20693670388	4.27965683405	3.73457800603	3.54891818726
19	250717853	18	7.8927286639	5.44361070178	5.95075873682	6.33910077151
19	262529718	18	6.67621581968	4.83350325577	4.75390712564	4.39308316667
19	274898064	18	6.01238849604	4.78569887118	4.10487184983	4.42066368579
19	287849111	18	8.5139374311	5.90519300783	7.1899329084	7.58750950383
19	301410309	18	5.68811274188	4.91277957605	3.56129028674	3.74743204254
19	315610406	18	3.5691155067	1.99870261443	3.04863414723	3.13722045045
19	330479499	18	0.0776912142666	1.64942323971	0.804983507717	0.334313722387
19	346049108	18	7.0964668313	3.50645548986	4.37419392448	4.37329944367
19	362352235	18	2.94448590117	2.8071437877	2.04390155776	2.23474011078
19	379423438	18	2.59213379128	0.174798697429	0.41397640223	0.80564080071
19	397298903	18	0.894032675117	-0.215988405659	0.176899397407	0.134173639001
19	416016520	18	0.262716056729	0.763481384633	0.293300964736	-0.73403992729
19	435615964	18	3.13946815044	0.646931226944	0.439351997065	0.520421356459
19	456138781	18	3.6800728367	1.20746341254	2.22865413535	2.26897359182
19	477628472	18	5.1024526838	3.58304351384	2.42182902986	2.60546830634
19	500130590	18	8.5124368388	5.72380304799	6.27722553324	6.79253771083
19	523692831	18	8.82738730518	7.18688724501	7.22192479899	7.41810102296
19	548365141	18	8.77003937239	8.25001460422	8.37561382882	7.98725992103
19	574199817	18	7.21142803894	7.2529014764	6.3648679905	5.42550001067
19	601251621	18	9.76413531681	5.09244513383	6.50915653231	7.37092080078
19	629577895	18	5.50856435624	4.91613791151	3.74966452519	4.22352096091
19	659238680	18	7.00411713429	5.21285441958	5.69639126917	5.65869232107
19	690296850	18	3.30463494796	3.19565673386	3.05240546773	2.88048326128
19	722818239	18	2.22611386844	2.01140440457	2.4272176422	2.06295586185
19	756871780	18	3.5715229577	4.54370559717	3.76752925398	3.63429545618
19	792529658	18	8.67322046581	7.48058088745	8.04639365559	7.92770651068
19	829867457	18	10.1374215696	8.57968424205	8.78340842128	9.24362234856
19	868964320	18	9.09944322257	9.51663952363	8.68883915058	9.27120394029
19	909903122	18	8.69069720896	9.42806047182	10.0807089726	9.13255510748
19	952770639	18	6.631077588	6.73803302503	6.99389195132	6.6186460002
19	997657739	18	5.07760863817	4.6590464974	3.47160559503	3.48838987215
19	1000000000	18	5.16659969225	4.64375388043	3.52925532972	3.45137606643
19	1044659568	18	9.24069748275	5.87991320786	7.31901134902	7.47616186101
19	1093875756	18	7.61188673068	8.22181136267	7.35582497708	8.00723204582
19	1145410625	18	11.3934810312	10.2151323404	10.116138611	10.9253010493
19	1199373415	18	13.5600535859	12.5689169086	13.4070287891	13.1587279343
19	1255878508	18	11.2268521826	14.0379644823	13.0569367104	12.0953006596
19	1315045680	18	16.0607126205	13.6183685832	14.2298912158	14.9043224942
19	1377000346	18	13.0757269246	13.4208006367	13.2539788455	12.6080696517
19	1441873832	18	15.8552230721	14.7283675622	14.8108664845	14.2729227971
19	1509803648	18	16.889183916	16.4691571595	16.0644066111	16.3487454842
19	1580933787	18	19.1010495406	18.0583609686	18.7728872883	19.0231903282
19	1655415021	18	19.6554687322	18.7839035733	18.2642419722	18.4308178854
19	1733405228	18	18.017430271	17.5396879049	17.3322416727	18.007980203
19	1815069724	18	16.7177793637	15.7768927165	16.7042608945	15.9071963661
19	1900581611	18	15.4816739439	15.5203015108	14.4650193319	14.259629496
19	1990122151	18	17.1490263999	15.4033572689	15.9873605066	15.8674560386
19	2083881140	18	15.2464908995	13.9520596978	13.8522837493	15.0665742049
19	2182057319	18	13.423454101	12.6480210632	12.7877367808	12.6296869069
19	2284858792	18	11.1092535926	12.406662773	11.7917331184	10.8678741921
19	2392503466	18	15.8625188895	12.8803558073	13.8421104761	14.4384304844
19	2505219515	18	14.7329745482	14.9744461397	14.156673004	13.3447026636
19	2623245863	18	19.4893249496	18.0465892663	18.4462395845	18.8990656527
19	2746832689	18	20.3104196956	18.6405807183	18.4807051787	18.2717341777
19	2876241959	18	17.646149753	16.5400772266	16.752641076	17.5803554768
19	3011747983	18	15.4412778666	15.4084493244	15.1302279764	14.6803719474
19	3153637990	18	15.7596971032	15.5990860622	15.7758531668	15.5213581639
19	3302212744	18	15.2618634746	14.0848757226	13.9346318355	14.4514496625
19	3457787179	18	10.1387419433	10.7045474047	11.2282452098	10.7125052622
19	3620691064	18	6.88036909647	7.94591892168	6.80968714164	5.85898188295
19	3791269706	18	11.5994508169	7.48393018636	8.84718664004	10.3417643364
19	3969884679	18	9.88796563716	10.250776663	9.42061166183	9.5444304418
19	4156914593	18	15.2913683221	15.2567616291	15.2290261217	14.3121462093
19	4352755893	18	21.6836166028	18.5436327876	18.8675673858	20.0408976876
19	4557823704	18	19.6865121702	18.3961263835	18.7236765061	18.6005096833
19	4772552705	18	16.2530559676	18.0370866774	16.6754364063	15.5666035967
19	4997398058	18	22.3529455112	18.842037478	20.702231876	20.6714602896
19	5232836365	18	16.4434484194	17.4431610093	15.9327959534	16.4956054803
19	5479366683	18	14.8481721638	13.0716813167	13.8894047804	13.8427759777
19	5737511582	18	10.887712599	9.60855355203	9.22498825462	9.07709551731
19	6007818249	18	8.00547046818	7.81182093149	7.9928816611	7.75830615064
19	6290859651	18	8.44862520172	4.15688863016	4.43548842325	5.73450987967
19	6587235751	18	-1.13819475585	-1.02710377562	-2.16614626923	-3.2910523056
19	6897574775	18	1.20784902332	-2.8494429879	-1.03278888012	-1.06619041542
19	7222534545	18	-1.12506711748	-0.296379714831	-1.88909546677	-1.81903422851
19	7562803878	18	2.89077432088	2.44428595798	2.95490766202	3.08793138146
19	7919104041	18	3.07966688622	3.39867352766	3.91888599127	3.94227482682
19	8292190280	18	5.41736651552	4.50302632749	3.88556450459	3.91515923179
19	8682853425	18	7.81568704763	6.33066566078	6.18232720559	6.75327849708
19	9091921561	18	8.1380231298	7.35242370991	8.18443954614	7.64119427555
19	9520261788	18	6.77348643167	7.47970248885	6.85423905879	6.9400740036
19	9968782056	18	6.09304270395	7.71289734318	7.42071260003	6.7663738925
19	10000000000	18	8.65403581351	7.73940155791	7.69459532405	7.03144363848
19	10438433091	18	9.79074875447	8.20659925524	9.17615347437	9.38950788284
19	10930210409	18	8.97418178208	9.27458660194	8.56687454944	9.29800302777
19	11445156427	18	12.5868867887	11.1083812433	10.9030963869	10.812150963
19	11984362674	18	12.7026803741	11.8610664937	12.6649982111	11.8677270506
19	12548972102	18	10.4355795643	10.0908314205	9.64772242341	9.52649857514
19	13000000000	18	9.25012648499	8.39648709163	6.99599351226	7.62086029925
19	13140181510	18	8.53171902437	8.12052661567	7.56125184556	7.93344916957
19	13759244080	18	12.8248321475	8.83682002217	10.1071847766	11.085868124
19	14407472037	18	10.6775665549	11.1111584713	10.0217159162	9.26158141219
19	15086239424	18	13.7936320515	11.6391696335	11.9584427973	12.3164855909
19	15796985021	18	11.2395001234	9.27195007211	9.46446648241	9.58932357257
19	16541215392	18	6.27979104167	5.78082876501	5.84326192052	4.6676466197
19	17320508076	18	4.17880194284	3.49304673984	2.73135447341	3.12794841693
19	18136514935	18	3.9306716674	2.58817068678	3.72113487483	4.19539210997
19	18990965656	18	0.930492535097	1.70537555281	0.935654508988	1.01851982637
19	19885671410	18	1.18653294832	1.63885030476	1.65030961251	0.83369679301
19	20822528702	18	6.06083901492	4.47373562444	4.95260629461	5.25699469952
19	21803523380	18	8.11373228213	8.33619242712	7.91058916506	8.71376631947
19	22830734855	18	9.68050662447	9.3925514329	9.53092517204	9.1442610187
19	23906340500	18	7.76473462962	8.72882698736	8.70783391676	8.21392149924
19	25032620269	18	9.54487170582	9.49201640709	9.51831516268	10.0397974178
19	26211961532	18	10.8952116146	10.1199122206	10.3806662139	10.6584094129
19	27446864129	18	6.31967852482	8.59637829713	7.58789545309	6.47384630442
19	28739945678	18	10.859161706	7.57554393558	9.33902623383	9.71726971441
19	30093947115	18	7.33273926001	8.21438627226	6.3866106702	6.96523159522
19	31511738509	18	9.06697571429	7.42268091261	8.42056340836	8.23565226929
19	32996325143	18	5.62795535352	5.58049802809	5.76523960038	5.46458775256
19	34550853887	18	5.87221784972	6.38524250041	5.41547878009	5.30786076872
19	36178619865	18	10.728224703	8.09722451043	9.20667808617	10.0796786282
19	37883073445	18	6.06179338478	6.37522046858	5.41465488503	4.24519967657
19	39667827545	18	6.96723552734	3.36562040411	4.30691349131	5.40933318511
19	41536665297	18	2.17235469035	3.30717837732	2.25962636041	2.11347750259
19	43493548067	18	4.95999355753	4.44259132612	5.42106891784	4.64687938108
19	45542623846	18	4.44637612127	3.88745605529	3.26341980134	3.42823109452
19	47688236048	18	4.55804557035	3.31532289107	3.5680689667	3.32111256219
19	49934932713	18	6.34972549388	4.21053222154	4.02481991732	4.82077555344
19	52287476152	18	6.94148255701	5.41967670804	5.83813065968	5.48366239321
19	54750853037	18	7.90129814687	7.62366769866	6.94763485293	7.77839084292
19	57330284972	18	14.4456464188	12.4025613787	13.1842195018	12.3807432534
19	60031239563	18	17.3120257709	17.3684432595	16.5442529975	15.5832912518
19	62859442007	18	21.2194157003	18.7951098962	19.7283791184	20.34399203
19	65820887229	18	14.846746391	16.7711750126	15.7427585729	15.7092268505
19	68921852585	18	16.710517214	13.7257658626	14.6474620855	15.8651998063
19	72168911173	18	12.3917481538	11.5459190867	10.9224969743	10.5349557543
19	75568945763	18	11.9795371674	11.3198112879	11.7092102888	11.3488279626
19	79129163388	18	13.7131742203	11.7666855392	11.3600972053	12.6174501284
19	82857110620	18	9.13074295978	9.87709384637	10.4191968049	8.88134228333
19	86760689565	18	7.08465024004	6.78640511357	6.26617551574	5.72504271196
19	90848174617	18	9.19488119722	7.45881669509	7.75978559727	7.16525312434
19	95128229991	18	13.2168660717	11.4401750614	11.3059560129	11.7749073131
19	99609928097	18	14.785473909	12.4917360849	12.6949597486	13.7590361184
19	100000000000	18	13.9659402184	12.3430503641	12.4885430432	13.3880875794
19	104302768761	18	10.7097665654	9.63552490102	9.2757753852	10.1494344325
19	109216699370	18	8.7518511727	8.16274408406	8.51166602555	7.34801012218
19	114362135953	18	9.53994126513	9.11291432353	8.89022010518	8.73959954955
19	119749985260	18	9.7682874841	9.04305124203	9.36157703132	10.1717981579
19	125391667883	18	7.41209293582	8.68584963419	7.93448036955	7.2635347333
19	130000000000	18	12.010435332	10.1101755915	11.026581425	11.5680006936
19	131299142461	18	13.8503869434	10.6939283112	11.7986289285	13.1284663747
19	137484931034	18	10.8142804754	12.5419858413	11.6910500349	10.6436096224
19	143962145579	18	11.9754714385	11.522588653	11.5940561741	11.2207176184
19	150744515809	18	12.8682888655	10.8783728172	11.3495651006	11.3010127369
19	157846418272	18	13.3386056603	13.0234204349	12.8836092803	12.2318875264
19	165282906828	18	13.3637148299	14.2007110907	13.4013232774	12.8987532141
19	173069744557	18	15.3635863829	11.9177786176	13.3291488059	14.150238532
19	181223437172	18	10.1959303721	9.82653510916	8.69633129326	9.63150614909
19	189761268004	18	12.7973278292	10.9235364743	11.2970791253	11.773664508
19	198701334642	18	13.121826724	12.6404093144	12.6521865148	12.5320624324
19	208062587291	18	13.1997043218	11.4422484112	11.6597826394	11.7750121837
19	217864868942	18	7.74522336638	7.80625718309	7.33167995024	6.80860041741
19	228128957430	18	6.31876968136	5.16973717449	5.35190273168	4.58749827557
19	238876609483	18	8.59998797225	5.87320629289	6.29457093224	6.54319356799
19	250130606832	18	8.76005587989	8.82113324203	8.25165887582	8.31527109263
19	261914804507	18	8.90030797212	11.3396186173	11.3359845093	11.2392824698
19	274254181402	18	13.3514997462	12.5054830162	13.1314824377	13.1677650974
19	287174893217	18	12.7284197755	12.7300230979	12.2751025773	12.5588681222
19	300704327907	18	11.7282827588	11.6262706857	11.1564467106	10.3941431562
19	314871163733	18	11.9586614546	9.40853683478	10.6091371909	10.8536982539
19	329705430050	18	8.9965162721	8.12355562201	7.17824325884	7.64176275618
19	345238570962	18	10.8816554713	8.27896600191	8.22688138597	9.21290341019
19	361503511974	18	9.41114120883	7.62185784633	8.46130755237	8.12965330339
19	378534729783	18	4.95275180216	5.87124008112	5.03494888647	4.15631929925
19	396368325357	18	5.58063340144	5.68349838006	6.04217071007	5.64664669862
19	415042100460	18	8.15607652361	6.93051084049	6.86358537132	7.30791666247
19	434595637780	18	7.63006211032	6.70371928361	6.85817685726	7.1082164621
19	455070384831	18	5.01961002934	6.31242061735	6.02162640921	6.15926333758
19	476509741809	18	10.5063340891	9.75755708817	9.99839100236	10.5511532624
19	498959153590	18	15.1856496643	14.5987243472	14.3858610406	13.9601942938
19	522466206056	18	14.2439393928	14.5752284648	15.0344823723	14.1829084689
19	547080726961	18	8.91969921494	11.1358815201	10.3815003758	9.93501260808
19	572854891558	18	12.5304347025	10.9678974259	11.5424311722	11.8475178995
19	599843333185	18	14.6814059535	13.7906724002	13.9670303268	14.0105985535
19	628103259078	18	15.4674676155	14.6347326155	13.758304131	14.3747117335
19	657694571630	18	17.3565086933	14.2986683061	15.1224972885	15.7291983483
19	688679995367	18	14.4107055063	15.5633191659	15.481789014	15.2971989901
19	721125209903	18	17.4483031566	15.3804324485	14.8387806068	14.8144741445
19	755098989162	18	12.3579123856	11.6848375409	12.1022582136	12.0526158331
19	790673347157	18	8.91985033054	9.5270347122	9.68934553647	9.81522801443
19	827923690639	18	11.773227774	11.9274960791	11.5935637053	11.3696767839
19	866928978933	18	15.6387815634	14.3857366388	14.0813540218	12.9401846226
19	907771891314	18	15.3636536298	13.7898735861	14.9845369978	15.4345202865
19	950539002253	18	12.1520033531	12.9107525728	11.4820800434	11.5280848509
19	995320964936	18	14.6611565031	13.7817339974	14.5249998801	14.4525359924
19	1000000000000	18	15.4623746785	13.9161262739	14.8935580703	14.631288271
19	1042212703416	18	16.2610987777	14.6626593162	14.8777930128	15.2423357084
19	1091313613827	18	14.7755659393	13.4593549398	12.8729989665	13.0325815466
19	1142727775070	18	10.3838434738	10.0528171136	10.1912392066	10.1015035471
19	1196564169430	18	7.5494948814	7.09748179745	7.6911852229	7.16929306389
19	1252936913585	18	9.01241166362	7.66916221761	6.78924434163	8.12617590356
19	1300000000000	18	9.35047921427	9.37359977785	9.08333310452	7.88923411842
19	1311965500497	18	9.90319313373	9.56045079365	9.98405154321	10.0628488252
19	1373775052704	18	5.09477740726	7.49921902835	7.9725706029	6.86125761093
19	1438496587537	18	2.74980760844	2.9894540671	1.79437055578	2.60320906976
19	1506267294840	18	2.6789055455	2.60184475543	3.85104864115	3.29827177371
19	1577230827771	18	4.74129540832	5.86788286038	5.25551784835	5.14345484705
19	1651537607297	18	6.5442133961	6.09323716104	5.90091647373	5.75368773166
19	1729345141047	18	3.11571305157	2.30703122319	2.73403997609	1.84192942884
19	1810818357179	18	0.846072911238	-0.459157729539	-0.225791566133	-0.044702617367
19	1896129953972	18	-0.0247600724109	-0.559249254724	-1.85653493731	-1.04848622708
19	1985460765900	18	2.38634710514	-0.524232807713	1.27386026921	2.22164436744
19	2079000146941	18	-4.12144002748	-1.23158237974	-2.44622552126	-3.09223434175
19	2176946371954	18	-0.175369575774	-1.25162151107	-1.18572551265	-1.45883404503
19	2279507056955	18	2.00322728229	0.188697193113	0.734990146678	1.45711534259
19	2386899599205	18	2.99849637199	2.31551593826	2.25101360163	2.5621454871
19	2499351638022	18	2.64799898109	3.59450618466	2.66101065172	1.58098781309
19	2617101537311	18	4.58635915973	3.26555687507	4.63363096341	4.93103159284
19	2740398890815	18	-0.250680892919	2.62076686027	1.79296761142	0.904455016439
19	2869505051187	18	4.40112204156	3.6321929988	3.58959410949	3.14222473179
19	3004693683969	18	8.61306767634	6.28803209992	6.63542012337	8.18495348141
19	3146251347683	18	8.77281989472	8.69609288078	8.74178142068	8.1750042083
19	3294478101250	18	8.87189012211	9.68900567226	9.21648047067	9.52873474834
19	3449688140017	18	11.1968535956	9.72630805749	10.1146930155	10.2935105339
19	3612210461760	18	11.0687827913	8.98907254411	8.93603310745	9.29670864094
19	3782389564056	18	5.5949145524	6.99978213221	7.13862385036	6.70829418608
19	3960586174514	18	4.23662976379	5.30183926873	4.51558939812	3.59159200734
19	4147178015404	18	8.38270012713	6.79329384576	8.11493993232	8.46712784925
19	4342560604319	18	10.3464624849	10.5246617955	9.50842514715	9.48782548071
19	4547148092543	18	14.7027951856	12.3687009809	12.33419151	13.117995811
19	4761374142932	18	14.107499738	12.0242215207	13.0039096804	13.0842741706
19	4985692849142	18	12.108858488	12.2722729802	11.1308829333	10.9761082879
19	5220579698171	18	14.8145361273	12.1079209048	12.8088908115	12.6501680523
19	5466532578244	18	9.84938940291	9.35557262117	8.96953169666	8.35416326635
19	5724072834185	18	8.54881408004	6.7952228904	7.40514573103	7.10866226962
19	5993746372511	18	8.74117364705	6.99138823198	5.90256696447	6.72480670324
19	6276124818579	18	9.99494592892	7.28753119188	8.57159582436	8.78615920206
19	6571806728266	18	6.07954518133	6.67440183499	5.64671066309	5.51724779534
19	6881418856717	18	10.0985810677	8.44883999656	9.04799105331	8.77343810603
19	7205617486879	18	12.4951549564	12.2264722763	11.9208132883	11.0917851048
19	7545089820617	18	16.1134688762	13.8411044818	14.0320799798	14.8810503181
19	7900555435372	18	12.5294038659	13.5037633309	13.3202473207	14.1886066632
19	8272767809448	18	16.596494921	14.3533726195	14.6912979744	14.9221418489
19	8662515919149	18	13.5706875774	15.9491158624	15.2017843394	14.3670772667
19	9070625911176	18	17.3391153143	16.3192781712	17.5736425687	16.5457888702
19	9497962853795	18	13.2417130457	15.4750506335	14.0301719979	14.1738447889
19	9945432570527	18	17.3121581707	13.7718884059	14.8206980744	15.5712999073
19	10000000000000	18	15.3508432028	13.5279674042	14.7599377792	15.3470697472
19	10413983560209	18	11.8614873623	11.8538628466	11.5651175393	11.5775604532
19	10904609007526	18	11.4058163184	10.9361308805	10.6563820712	10.8151678295
19	11418348888254	18	11.3698125266	9.78600629147	10.0676801423	9.91630195742
19	11956292173695	18	7.76385521436	6.40789008746	6.59459605741	6.68928342132
19	12519579138962	18	3.83675150381	3.27372163502	2.50961284839	2.0808275788
19	13000000000000	18	8.16930292312	3.48685371019	4.89379394286	5.39939676767
19	13109403780009	18	5.74342068218	3.85513599024	5.05248327215	5.27860464488
19	13727016344541	18	6.16226296479	6.26569942116	4.83295218376	4.86753077047
19	14373725982157	18	10.0795765552	7.1528621743	8.59177405132	8.52319393297
19	15050903519343	18	8.32476356233	7.37527026745	6.24138558024	6.84839134431
19	15759984365207	18	9.83816689521	8.95948743236	9.51933035734	8.74915657671
19	16502471554108	18	11.3328811545	11.6655664178	11.6636567432	11.8128233649
19	17279938931625	18	15.2476946547	14.3112010293	14.0809203434	13.9975671732
19	18094034490631	18	15.7150879431	15.0825721796	15.2265505973	15.2893300101
19	18946483864533	18	12.8825704435	12.3160381204	12.2595217716	12.1171989924
19	19839093985085	18	10.4309908183	8.05570416425	8.23685986997	8.86907759513
19	20773756912534	18	6.05937417108	6.78332875621	6.46548446483	6.03691098001
19	21752453846202	18	10.2368575136	9.17753968069	9.26481293424	9.28277786705
19	22777259324031	18	13.7229485719	11.7086446533	12.2587306743	12.446100506
19	23850345619961	18	12.1375186291	12.1603455882	10.9941951141	11.0556678228
19	24973987348488	18	15.7660345034	11.408752779	12.7477315958	13.1558332757
19	26150566286152	18	8.70892186123	10.6634913587	9.51739964959	7.84815234957
19	27382576420175	18	12.5118311655	9.98259782267	11.0117729053	11.5260993179
19	28672629234945	18	8.6211359562	9.13496180067	7.9450820974	8.46812798531
19	30023459247572	18	10.7668185843	8.33565117986	9.66113634619	10.1813393865
19	31437929804219	18	8.12242103739	7.64399537872	6.54294159429	6.19741510886
19	32919039149526	18	7.17481512539	6.65085647274	7.40107167285	7.3142335604
19	34469926781966	18	6.67654530783	6.0725513207	5.14740337914	5.24649896197
19	36093880108624	18	9.92114812255	7.77415972684	9.61527514951	8.5397314552
19	37794341413493	18	9.37677214982	11.0368847726	8.26720978941	8.78438510927
19	39574915154062	18	16.2133400905	12.2189836907	14.8872782199	15.3810029057
19	41439375601662	18	10.7261702078	10.6614684414	9.2915052541	10.0153739646
19	43391674841769	18	9.06572861473	10.1173380002	10.0537525943	10.0302017024
19	45435951151211	18	14.7096971907	12.3654316804	12.7421196642	12.7987635849
19	47576537770051	18	15.8635235813	15.0495958038	15.5798715353	13.5949851165
19	49817972086731	18	16.3917903927	16.4989153105	15.0244366702	15.0931428044
19	52165005255944	18	20.6269799081	17.1211621774	18.404756346	19.2034047572
19	54622612269628	18	17.4505962348	16.8993065072	16.8315582026	16.1761293296
19	57196002502427	18	16.1030195082	15.9781912775	15.0136057839	15.7630924622
19	59890630753972	18	19.0090774794	15.4178834036	16.3232239481	16.8646782379
19	62712208811383	18	17.2328295441	14.6145011323	14.4877081899	15.5338254692
19	65666717556514	18	12.4194078079	11.610343727	11.3447026033	10.3332676612
19	68760419643587	18	8.5263690405	7.52882748666	7.33592037057	7.04101398663
19	71999872774107	18	8.32286521209	6.36781130275	7.14529297446	7.40249987639
19	75391943597177	18	8.20072268732	8.90672886036	8.41888996481	7.82409349385
19	78943822264697	18	10.2115828371	10.8909590675	10.21009075	9.42118334247
19	82663037672284	18	11.1264223409	9.27797314726	10.9102672208	11.0093675315
19	86557473418223	18	7.77199118062	6.59004650782	5.22126129386	5.95352081103
19	90635384514286	18	8.92337994427	6.0819499847	6.19637879917	6.82138702988
19	94905414883828	18	8.71723868075	6.46298926973	7.37794149974	6.75032690628
19	99376615684263	18	5.54504781848	5.65306232983	4.84553055652	5.14741283432
19	100000000000000	18	6.07285358184	5.512756123	4.49354169401	4.52594151525
19	104058464492742	18	7.35046665134	5.24793658718	5.10104989793	5.11969058282
19	108960885395717	18	8.680988619	6.22552196442	7.11970456517	7.32201515303
19	114094270024970	18	5.82205271926	5.71905250472	4.92876183521	4.80173436987
19	119469499584686	18	3.10169215772	2.84866713477	3.01721219178	2.91525460333
19	125097967916282	18	2.88522962114	1.36947240318	1.59548129861	2.15123190943
19	130991605649859	18	2.50753222586	3.18615323612	3.04809125002	1.48672608981
19	137162905493486	18	7.87109012905	5.91533674275	5.87790616766	6.68268922475
19	143624948713920	18	5.94652648194	7.77895756521	7.70022083163	6.84467330165
19	150391432864885	18	10.6928126106	8.80802669521	9.08251314812	9.94079664179
19	157476700821694	18	11.0076443728	8.83014255392	8.82045966793	9.12103148918
19	164895771183756	18	8.60016493314	8.50067781155	7.69121284298	7.38669319072
19	172664370109409	18	12.8362763949	8.69597128356	10.2275665773	11.3092747191
19	180798964650562	18	5.98309692966	7.76143220908	6.38271524361	5.27637067053
19	189316797657804	18	4.92444158953	4.3570727385	4.68180059444	4.77194609685
19	198235924329971	18	2.14487731362	1.04690534476	1.82851390852	1.57279781647
19	200000000000000	18	2.17088458954	0.681553265319	0.713209908056	0.599229138651
19	207575250485640	18	-0.0833208404443	0.0531936155417	-0.996758355485	-1.00271559828
19	217354572637679	18	0.926790830156	-0.270274685562	0.194133209324	0.0908739106811
19	227594619955796	18	-0.707735296767	-1.33173528025	-1.21720568402	-0.480525123834
19	238317098206027	18	-0.938589493445	-2.23148889583	-2.11391368001	-1.73635211402
19	249544735760329	18	-4.57081648518	-2.79906175448	-3.83063814589	-5.20144619282
19	261301331773756	18	-1.83419098388	-3.44883115603	-1.77227305275	-1.71231875542
19	273611806631400	18	-2.87818296357	-3.50342531362	-4.76500937971	-3.8815652329
19	286502254771965	18	-1.77751682148	-2.97852822755	-3.00429685845	-3.06184882886
19	300000000000000	18	-0.582064025759	-2.31188920887	-1.10904217366	-1.11362051522
