=== D8 KAGGLE PUSHER START 2026-08-21T04:59:05Z ===
--- push attempt q8-schur-d8-s00 2026-08-21T04:59:05Z ---
Warning: Looks like you're using an outdated `kaggle` version (installed: 2.2.1), please consider upgrading to the latest version (2.2.2)
Kernel push error: Maximum batch CPU session count of 5 reached.
SLOT BUSY: q8-schur-d8-s00 deferred
waiting: 5 kernel(s) still unpushed; sleeping 300s
--- push attempt q8-schur-d8-s00 2026-08-21T05:04:06Z ---
Warning: Looks like you're using an outdated `kaggle` version (installed: 2.2.1), please consider upgrading to the latest version (2.2.2)
Kernel push error: Maximum batch CPU session count of 5 reached.
SLOT BUSY: q8-schur-d8-s00 deferred
waiting: 5 kernel(s) still unpushed; sleeping 300s
--- push attempt q8-schur-d8-s00 2026-08-21T05:09:08Z ---
Warning: Looks like you're using an outdated `kaggle` version (installed: 2.2.1), please consider upgrading to the latest version (2.2.2)
Kernel push error: Maximum batch CPU session count of 5 reached.
SLOT BUSY: q8-schur-d8-s00 deferred
waiting: 5 kernel(s) still unpushed; sleeping 300s
--- push attempt q8-schur-d8-s00 2026-08-21T05:14:10Z ---
Warning: Looks like you're using an outdated `kaggle` version (installed: 2.2.1), please consider upgrading to the latest version (2.2.2)
Kernel push error: Maximum batch CPU session count of 5 reached.
SLOT BUSY: q8-schur-d8-s00 deferred
waiting: 5 kernel(s) still unpushed; sleeping 300s
--- push attempt q8-schur-d8-s00 2026-08-21T05:20:16Z ---
Warning: Looks like you're using an outdated `kaggle` version (installed: 2.2.1), please consider upgrading to the latest version (2.2.2)
Kernel push error: Maximum batch CPU session count of 5 reached.
SLOT BUSY: q8-schur-d8-s00 deferred
waiting: 5 kernel(s) still unpushed; sleeping 300s
--- push attempt q8-schur-d8-s00 2026-08-21T06:16:02Z ---
Warning: Looks like you're using an outdated `kaggle` version (installed: 2.2.1), please consider upgrading to the latest version (2.2.2)
Kernel push error: Maximum batch CPU session count of 5 reached.
SLOT BUSY: q8-schur-d8-s00 deferred
waiting: 5 kernel(s) still unpushed; sleeping 300s
--- push attempt q8-schur-d8-s00 2026-08-21T06:32:59Z ---
Warning: Looks like you're using an outdated `kaggle` version (installed: 2.2.1), please consider upgrading to the latest version (2.2.2)
Kernel push error: Maximum batch CPU session count of 5 reached.
SLOT BUSY: q8-schur-d8-s00 deferred
waiting: 5 kernel(s) still unpushed; sleeping 300s
--- push attempt q8-schur-d8-s00 2026-08-21T06:38:01Z ---
Warning: Looks like you're using an outdated `kaggle` version (installed: 2.2.1), please consider upgrading to the latest version (2.2.2)
Kernel push error: Maximum batch CPU session count of 5 reached.
SLOT BUSY: q8-schur-d8-s00 deferred
waiting: 5 kernel(s) still unpushed; sleeping 300s
--- push attempt q8-schur-d8-s00 2026-08-21T06:43:03Z ---
Warning: Looks like you're using an outdated `kaggle` version (installed: 2.2.1), please consider upgrading to the latest version (2.2.2)
Kernel push error: Maximum batch CPU session count of 5 reached.
SLOT BUSY: q8-schur-d8-s00 deferred
waiting: 5 kernel(s) still unpushed; sleeping 300s
--- push attempt q8-schur-d8-s00 2026-08-21T06:48:04Z ---
Warning: Looks like you're using an outdated `kaggle` version (installed: 2.2.1), please consider upgrading to the latest version (2.2.2)
Kernel push error: Maximum batch CPU session count of 5 reached.
SLOT BUSY: q8-schur-d8-s00 deferred
waiting: 5 kernel(s) still unpushed; sleeping 300s
--- push attempt q8-schur-d8-s00 2026-08-21T06:53:05Z ---
Warning: Looks like you're using an outdated `kaggle` version (installed: 2.2.1), please consider upgrading to the latest version (2.2.2)
Kernel push error: Maximum batch CPU session count of 5 reached.
SLOT BUSY: q8-schur-d8-s00 deferred
waiting: 5 kernel(s) still unpushed; sleeping 300s
--- push attempt q8-schur-d8-s00 2026-08-21T06:58:07Z ---
Warning: Looks like you're using an outdated `kaggle` version (installed: 2.2.1), please consider upgrading to the latest version (2.2.2)
Kernel push error: Maximum batch CPU session count of 5 reached.
SLOT BUSY: q8-schur-d8-s00 deferred
waiting: 5 kernel(s) still unpushed; sleeping 300s
--- push attempt q8-schur-d8-s00 2026-08-21T07:03:08Z ---
Warning: Looks like you're using an outdated `kaggle` version (installed: 2.2.1), please consider upgrading to the latest version (2.2.2)
Kernel push error: Maximum batch CPU session count of 5 reached.
SLOT BUSY: q8-schur-d8-s00 deferred
waiting: 5 kernel(s) still unpushed; sleeping 300s
--- push attempt q8-schur-d8-s00 2026-08-21T07:08:09Z ---
Warning: Looks like you're using an outdated `kaggle` version (installed: 2.2.1), please consider upgrading to the latest version (2.2.2)
Kernel push error: Maximum batch CPU session count of 5 reached.
SLOT BUSY: q8-schur-d8-s00 deferred
waiting: 5 kernel(s) still unpushed; sleeping 300s
--- push attempt q8-schur-d8-s00 2026-08-21T07:13:11Z ---
Warning: Looks like you're using an outdated `kaggle` version (installed: 2.2.1), please consider upgrading to the latest version (2.2.2)
Kernel push error: Maximum batch CPU session count of 5 reached.
SLOT BUSY: q8-schur-d8-s00 deferred
waiting: 5 kernel(s) still unpushed; sleeping 300s
--- push attempt q8-schur-d8-s00 2026-08-21T07:18:12Z ---
Warning: Looks like you're using an outdated `kaggle` version (installed: 2.2.1), please consider upgrading to the latest version (2.2.2)
Kernel push error: Maximum batch CPU session count of 5 reached.
SLOT BUSY: q8-schur-d8-s00 deferred
waiting: 5 kernel(s) still unpushed; sleeping 300s
--- push attempt q8-schur-d8-s00 2026-08-21T07:23:13Z ---
Warning: Looks like you're using an outdated `kaggle` version (installed: 2.2.1), please consider upgrading to the latest version (2.2.2)
Kernel push error: Maximum batch CPU session count of 5 reached.
SLOT BUSY: q8-schur-d8-s00 deferred
waiting: 5 kernel(s) still unpushed; sleeping 300s
--- push attempt q8-schur-d8-s00 2026-08-21T07:28:14Z ---
Warning: Looks like you're using an outdated `kaggle` version (installed: 2.2.1), please consider upgrading to the latest version (2.2.2)
Kernel push error: Maximum batch CPU session count of 5 reached.
SLOT BUSY: q8-schur-d8-s00 deferred
waiting: 5 kernel(s) still unpushed; sleeping 300s
--- push attempt q8-schur-d8-s00 2026-08-21T07:33:16Z ---
Warning: Looks like you're using an outdated `kaggle` version (installed: 2.2.1), please consider upgrading to the latest version (2.2.2)
Kernel push error: Maximum batch CPU session count of 5 reached.
SLOT BUSY: q8-schur-d8-s00 deferred
waiting: 5 kernel(s) still unpushed; sleeping 300s
--- push attempt q8-schur-d8-s00 2026-08-21T07:38:17Z ---
Warning: Looks like you're using an outdated `kaggle` version (installed: 2.2.1), please consider upgrading to the latest version (2.2.2)
Kernel push error: Maximum batch CPU session count of 5 reached.
SLOT BUSY: q8-schur-d8-s00 deferred
waiting: 5 kernel(s) still unpushed; sleeping 300s
--- push attempt q8-schur-d8-s00 2026-08-21T07:43:19Z ---
Warning: Looks like you're using an outdated `kaggle` version (installed: 2.2.1), please consider upgrading to the latest version (2.2.2)
Kernel push error: Maximum batch CPU session count of 5 reached.
SLOT BUSY: q8-schur-d8-s00 deferred
waiting: 5 kernel(s) still unpushed; sleeping 300s
--- push attempt q8-schur-d8-s00 2026-08-21T07:48:20Z ---
Warning: Looks like you're using an outdated `kaggle` version (installed: 2.2.1), please consider upgrading to the latest version (2.2.2)
Kernel push error: Maximum batch CPU session count of 5 reached.
SLOT BUSY: q8-schur-d8-s00 deferred
waiting: 5 kernel(s) still unpushed; sleeping 300s
--- push attempt q8-schur-d8-s00 2026-08-21T07:53:21Z ---
Warning: Looks like you're using an outdated `kaggle` version (installed: 2.2.1), please consider upgrading to the latest version (2.2.2)
Kernel push error: Maximum batch CPU session count of 5 reached.
SLOT BUSY: q8-schur-d8-s00 deferred
waiting: 5 kernel(s) still unpushed; sleeping 300s
--- push attempt q8-schur-d8-s00 2026-08-21T07:58:23Z ---
Warning: Looks like you're using an outdated `kaggle` version (installed: 2.2.1), please consider upgrading to the latest version (2.2.2)
Kernel push error: Maximum batch CPU session count of 5 reached.
SLOT BUSY: q8-schur-d8-s00 deferred
waiting: 5 kernel(s) still unpushed; sleeping 300s
--- push attempt q8-schur-d8-s00 2026-08-21T08:35:26Z ---
Warning: Looks like you're using an outdated `kaggle` version (installed: 2.2.1), please consider upgrading to the latest version (2.2.2)
Kernel push error: Maximum batch CPU session count of 5 reached.
SLOT BUSY: q8-schur-d8-s00 deferred
waiting: 5 kernel(s) still unpushed; sleeping 300s
--- push attempt q8-schur-d8-s00 2026-08-21T09:20:42Z ---
Traceback (most recent call last):
  File "/Users/za/.local/share/uv/tools/kaggle/lib/python3.13/site-packages/urllib3/connection.py", line 204, in _new_conn
    sock = connection.create_connection(
        (self._dns_host, self.port),
    ...<2 lines>...
        socket_options=self.socket_options,
    )
  File "/Users/za/.local/share/uv/tools/kaggle/lib/python3.13/site-packages/urllib3/util/connection.py", line 60, in create_connection
    for res in socket.getaddrinfo(host, port, family, socket.SOCK_STREAM):
               ~~~~~~~~~~~~~~~~~~^^^^^^^^^^^^^^^^^^^^^^^^^^^^^^^^^^^^^^^^
  File "/Users/za/.local/share/uv/python/cpython-3.13.13-macos-aarch64-none/lib/python3.13/socket.py", line 977, in getaddrinfo
    for res in _socket.getaddrinfo(host, port, family, type, proto, flags):
               ~~~~~~~~~~~~~~~~~~~^^^^^^^^^^^^^^^^^^^^^^^^^^^^^^^^^^^^^^^^
socket.gaierror: [Errno 8] nodename nor servname provided, or not known

The above exception was the direct cause of the following exception:

Traceback (most recent call last):
  File "/Users/za/.local/share/uv/tools/kaggle/lib/python3.13/site-packages/urllib3/connectionpool.py", line 788, in urlopen
    response = self._make_request(
        conn,
    ...<10 lines>...
        **response_kw,
    )
  File "/Users/za/.local/share/uv/tools/kaggle/lib/python3.13/site-packages/urllib3/connectionpool.py", line 488, in _make_request
    raise new_e
  File "/Users/za/.local/share/uv/tools/kaggle/lib/python3.13/site-packages/urllib3/connectionpool.py", line 464, in _make_request
    self._validate_conn(conn)
    ~~~~~~~~~~~~~~~~~~~^^^^^^
  File "/Users/za/.local/share/uv/tools/kaggle/lib/python3.13/site-packages/urllib3/connectionpool.py", line 1106, in _validate_conn
    conn.connect()
    ~~~~~~~~~~~~^^
  File "/Users/za/.local/share/uv/tools/kaggle/lib/python3.13/site-packages/urllib3/connection.py", line 759, in connect
    self.sock = sock = self._new_conn()
                       ~~~~~~~~~~~~~~^^
  File "/Users/za/.local/share/uv/tools/kaggle/lib/python3.13/site-packages/urllib3/connection.py", line 211, in _new_conn
    raise NameResolutionError(self.host, self, e) from e
urllib3.exceptions.NameResolutionError: HTTPSConnection(host='api.kaggle.com', port=443): Failed to resolve 'api.kaggle.com' ([Errno 8] nodename nor servname provided, or not known)

The above exception was the direct cause of the following exception:

Traceback (most recent call last):
  File "/Users/za/.local/share/uv/tools/kaggle/lib/python3.13/site-packages/requests/adapters.py", line 696, in send
    resp = conn.urlopen(
        method=request.method,
    ...<9 lines>...
        chunked=chunked,
    )
  File "/Users/za/.local/share/uv/tools/kaggle/lib/python3.13/site-packages/urllib3/connectionpool.py", line 842, in urlopen
    retries = retries.increment(
        method, url, error=new_e, _pool=self, _stacktrace=sys.exc_info()[2]
    )
  File "/Users/za/.local/share/uv/tools/kaggle/lib/python3.13/site-packages/urllib3/util/retry.py", line 543, in increment
    raise MaxRetryError(_pool, url, reason) from reason  # type: ignore[arg-type]
    ^^^^^^^^^^^^^^^^^^^^^^^^^^^^^^^^^^^^^^^^^^^^^^^^^^^
urllib3.exceptions.MaxRetryError: HTTPSConnectionPool(host='api.kaggle.com', port=443): Max retries exceeded with url: /v1/security.OAuthService/IntrospectToken (Caused by NameResolutionError("HTTPSConnection(host='api.kaggle.com', port=443): Failed to resolve 'api.kaggle.com' ([Errno 8] nodename nor servname provided, or not known)"))

During handling of the above exception, another exception occurred:

Traceback (most recent call last):
  File "/Users/za/.local/bin/kaggle", line 4, in <module>
    from kaggle.cli import main
  File "/Users/za/.local/share/uv/tools/kaggle/lib/python3.13/site-packages/kaggle/__init__.py", line 8, in <module>
    api.authenticate()
    ~~~~~~~~~~~~~~~~^^
  File "/Users/za/.local/share/uv/tools/kaggle/lib/python3.13/site-packages/kaggle/api/kaggle_api_extended.py", line 993, in authenticate
    if self._authenticate_with_access_token():
       ~~~~~~~~~~~~~~~~~~~~~~~~~~~~~~~~~~~~^^
  File "/Users/za/.local/share/uv/tools/kaggle/lib/python3.13/site-packages/kaggle/api/kaggle_api_extended.py", line 1030, in _authenticate_with_access_token
    username = self._introspect_token(access_token)
  File "/Users/za/.local/share/uv/tools/kaggle/lib/python3.13/site-packages/kaggle/api/kaggle_api_extended.py", line 1066, in _introspect_token
    response = kaggle.security.oauth_client.introspect_token(request)
  File "/Users/za/.local/share/uv/tools/kaggle/lib/python3.13/site-packages/kagglesdk/security/services/oauth_service.py", line 44, in introspect_token
    return self._client.call("security.OAuthService", "IntrospectToken", request, IntrospectTokenResponse)
           ~~~~~~~~~~~~~~~~~^^^^^^^^^^^^^^^^^^^^^^^^^^^^^^^^^^^^^^^^^^^^^^^^^^^^^^^^^^^^^^^^^^^^^^^^^^^^^^
  File "/Users/za/.local/share/uv/tools/kaggle/lib/python3.13/site-packages/kagglesdk/kaggle_http_client.py", line 96, in call
    http_response = self._session.send(http_request, **settings)
  File "/Users/za/.local/share/uv/tools/kaggle/lib/python3.13/site-packages/requests/sessions.py", line 784, in send
    r = adapter.send(request, **kwargs)
  File "/Users/za/.local/share/uv/tools/kaggle/lib/python3.13/site-packages/requests/adapters.py", line 729, in send
    raise ConnectionError(e, request=request)
requests.exceptions.ConnectionError: HTTPSConnectionPool(host='api.kaggle.com', port=443): Max retries exceeded with url: /v1/security.OAuthService/IntrospectToken (Caused by NameResolutionError("HTTPSConnection(host='api.kaggle.com', port=443): Failed to resolve 'api.kaggle.com' ([Errno 8] nodename nor servname provided, or not known)"))
status: Traceback (most recent call last):
  File "/Users/za/.local/share/uv/tools/kaggle/lib/python3.13/site-packages/urllib3/connection.py", line 204, in _new_conn
    sock = connection.create_connection(
        (self._dns_host, self.port),
    ...<2 lines>...
        socket_options=self.socket_options,
    )
  File "/Users/za/.local/share/uv/tools/kaggle/lib/python3.13/site-packages/urllib3/util/connection.py", line 60, in create_connection
    for res in socket.getaddrinfo(host, port, family, socket.SOCK_STREAM):
               ~~~~~~~~~~~~~~~~~~^^^^^^^^^^^^^^^^^^^^^^^^^^^^^^^^^^^^^^^^
  File "/Users/za/.local/share/uv/python/cpython-3.13.13-macos-aarch64-none/lib/python3.13/socket.py", line 977, in getaddrinfo
    for res in _socket.getaddrinfo(host, port, family, type, proto, flags):
               ~~~~~~~~~~~~~~~~~~~^^^^^^^^^^^^^^^^^^^^^^^^^^^^^^^^^^^^^^^^
socket.gaierror: [Errno 8] nodename nor servname provided, or not known

The above exception was the direct cause of the following exception:

Traceback (most recent call last):
  File "/Users/za/.local/share/uv/tools/kaggle/lib/python3.13/site-packages/urllib3/connectionpool.py", line 788, in urlopen
    response = self._make_request(
        conn,
    ...<10 lines>...
        **response_kw,
    )
  File "/Users/za/.local/share/uv/tools/kaggle/lib/python3.13/site-packages/urllib3/connectionpool.py", line 488, in _make_request
    raise new_e
  File "/Users/za/.local/share/uv/tools/kaggle/lib/python3.13/site-packages/urllib3/connectionpool.py", line 464, in _make_request
    self._validate_conn(conn)
    ~~~~~~~~~~~~~~~~~~~^^^^^^
  File "/Users/za/.local/share/uv/tools/kaggle/lib/python3.13/site-packages/urllib3/connectionpool.py", line 1106, in _validate_conn
    conn.connect()
    ~~~~~~~~~~~~^^
  File "/Users/za/.local/share/uv/tools/kaggle/lib/python3.13/site-packages/urllib3/connection.py", line 759, in connect
    self.sock = sock = self._new_conn()
                       ~~~~~~~~~~~~~~^^
  File "/Users/za/.local/share/uv/tools/kaggle/lib/python3.13/site-packages/urllib3/connection.py", line 211, in _new_conn
    raise NameResolutionError(self.host, self, e) from e
urllib3.exceptions.NameResolutionError: HTTPSConnection(host='api.kaggle.com', port=443): Failed to resolve 'api.kaggle.com' ([Errno 8] nodename nor servname provided, or not known)

The above exception was the direct cause of the following exception:

Traceback (most recent call last):
  File "/Users/za/.local/share/uv/tools/kaggle/lib/python3.13/site-packages/requests/adapters.py", line 696, in send
    resp = conn.urlopen(
        method=request.method,
    ...<9 lines>...
        chunked=chunked,
    )
  File "/Users/za/.local/share/uv/tools/kaggle/lib/python3.13/site-packages/urllib3/connectionpool.py", line 842, in urlopen
    retries = retries.increment(
        method, url, error=new_e, _pool=self, _stacktrace=sys.exc_info()[2]
    )
  File "/Users/za/.local/share/uv/tools/kaggle/lib/python3.13/site-packages/urllib3/util/retry.py", line 543, in increment
    raise MaxRetryError(_pool, url, reason) from reason  # type: ignore[arg-type]
    ^^^^^^^^^^^^^^^^^^^^^^^^^^^^^^^^^^^^^^^^^^^^^^^^^^^
urllib3.exceptions.MaxRetryError: HTTPSConnectionPool(host='api.kaggle.com', port=443): Max retries exceeded with url: /v1/security.OAuthService/IntrospectToken (Caused by NameResolutionError("HTTPSConnection(host='api.kaggle.com', port=443): Failed to resolve 'api.kaggle.com' ([Errno 8] nodename nor servname provided, or not known)"))

During handling of the above exception, another exception occurred:

Traceback (most recent call last):
  File "/Users/za/.local/bin/kaggle", line 4, in <module>
    from kaggle.cli import main
  File "/Users/za/.local/share/uv/tools/kaggle/lib/python3.13/site-packages/kaggle/__init__.py", line 8, in <module>
    api.authenticate()
    ~~~~~~~~~~~~~~~~^^
  File "/Users/za/.local/share/uv/tools/kaggle/lib/python3.13/site-packages/kaggle/api/kaggle_api_extended.py", line 993, in authenticate
    if self._authenticate_with_access_token():
       ~~~~~~~~~~~~~~~~~~~~~~~~~~~~~~~~~~~~^^
  File "/Users/za/.local/share/uv/tools/kaggle/lib/python3.13/site-packages/kaggle/api/kaggle_api_extended.py", line 1030, in _authenticate_with_access_token
    username = self._introspect_token(access_token)
  File "/Users/za/.local/share/uv/tools/kaggle/lib/python3.13/site-packages/kaggle/api/kaggle_api_extended.py", line 1066, in _introspect_token
    response = kaggle.security.oauth_client.introspect_token(request)
  File "/Users/za/.local/share/uv/tools/kaggle/lib/python3.13/site-packages/kagglesdk/security/services/oauth_service.py", line 44, in introspect_token
    return self._client.call("security.OAuthService", "IntrospectToken", request, IntrospectTokenResponse)
           ~~~~~~~~~~~~~~~~~^^^^^^^^^^^^^^^^^^^^^^^^^^^^^^^^^^^^^^^^^^^^^^^^^^^^^^^^^^^^^^^^^^^^^^^^^^^^^^
  File "/Users/za/.local/share/uv/tools/kaggle/lib/python3.13/site-packages/kagglesdk/kaggle_http_client.py", line 96, in call
    http_response = self._session.send(http_request, **settings)
  File "/Users/za/.local/share/uv/tools/kaggle/lib/python3.13/site-packages/requests/sessions.py", line 784, in send
    r = adapter.send(request, **kwargs)
  File "/Users/za/.local/share/uv/tools/kaggle/lib/python3.13/site-packages/requests/adapters.py", line 729, in send
    raise ConnectionError(e, request=request)
requests.exceptions.ConnectionError: HTTPSConnectionPool(host='api.kaggle.com', port=443): Max retries exceeded with url: /v1/security.OAuthService/IntrospectToken (Caused by NameResolutionError("HTTPSConnection(host='api.kaggle.com', port=443): Failed to resolve 'api.kaggle.com' ([Errno 8] nodename nor servname provided, or not known)"))
PUSHED q8-schur-d8-s00 (status confirms the kernel exists and has a run)
--- push attempt q8-schur-d8-s01 2026-08-21T09:21:08Z ---
Traceback (most recent call last):
  File "/Users/za/.local/share/uv/tools/kaggle/lib/python3.13/site-packages/urllib3/connection.py", line 204, in _new_conn
    sock = connection.create_connection(
        (self._dns_host, self.port),
    ...<2 lines>...
        socket_options=self.socket_options,
    )
  File "/Users/za/.local/share/uv/tools/kaggle/lib/python3.13/site-packages/urllib3/util/connection.py", line 60, in create_connection
    for res in socket.getaddrinfo(host, port, family, socket.SOCK_STREAM):
               ~~~~~~~~~~~~~~~~~~^^^^^^^^^^^^^^^^^^^^^^^^^^^^^^^^^^^^^^^^
  File "/Users/za/.local/share/uv/python/cpython-3.13.13-macos-aarch64-none/lib/python3.13/socket.py", line 977, in getaddrinfo
    for res in _socket.getaddrinfo(host, port, family, type, proto, flags):
               ~~~~~~~~~~~~~~~~~~~^^^^^^^^^^^^^^^^^^^^^^^^^^^^^^^^^^^^^^^^
socket.gaierror: [Errno 8] nodename nor servname provided, or not known

The above exception was the direct cause of the following exception:

Traceback (most recent call last):
  File "/Users/za/.local/share/uv/tools/kaggle/lib/python3.13/site-packages/urllib3/connectionpool.py", line 788, in urlopen
    response = self._make_request(
        conn,
    ...<10 lines>...
        **response_kw,
    )
  File "/Users/za/.local/share/uv/tools/kaggle/lib/python3.13/site-packages/urllib3/connectionpool.py", line 488, in _make_request
    raise new_e
  File "/Users/za/.local/share/uv/tools/kaggle/lib/python3.13/site-packages/urllib3/connectionpool.py", line 464, in _make_request
    self._validate_conn(conn)
    ~~~~~~~~~~~~~~~~~~~^^^^^^
  File "/Users/za/.local/share/uv/tools/kaggle/lib/python3.13/site-packages/urllib3/connectionpool.py", line 1106, in _validate_conn
    conn.connect()
    ~~~~~~~~~~~~^^
  File "/Users/za/.local/share/uv/tools/kaggle/lib/python3.13/site-packages/urllib3/connection.py", line 759, in connect
    self.sock = sock = self._new_conn()
                       ~~~~~~~~~~~~~~^^
  File "/Users/za/.local/share/uv/tools/kaggle/lib/python3.13/site-packages/urllib3/connection.py", line 211, in _new_conn
    raise NameResolutionError(self.host, self, e) from e
urllib3.exceptions.NameResolutionError: HTTPSConnection(host='api.kaggle.com', port=443): Failed to resolve 'api.kaggle.com' ([Errno 8] nodename nor servname provided, or not known)

The above exception was the direct cause of the following exception:

Traceback (most recent call last):
  File "/Users/za/.local/share/uv/tools/kaggle/lib/python3.13/site-packages/requests/adapters.py", line 696, in send
    resp = conn.urlopen(
        method=request.method,
    ...<9 lines>...
        chunked=chunked,
    )
  File "/Users/za/.local/share/uv/tools/kaggle/lib/python3.13/site-packages/urllib3/connectionpool.py", line 842, in urlopen
    retries = retries.increment(
        method, url, error=new_e, _pool=self, _stacktrace=sys.exc_info()[2]
    )
  File "/Users/za/.local/share/uv/tools/kaggle/lib/python3.13/site-packages/urllib3/util/retry.py", line 543, in increment
    raise MaxRetryError(_pool, url, reason) from reason  # type: ignore[arg-type]
    ^^^^^^^^^^^^^^^^^^^^^^^^^^^^^^^^^^^^^^^^^^^^^^^^^^^
urllib3.exceptions.MaxRetryError: HTTPSConnectionPool(host='api.kaggle.com', port=443): Max retries exceeded with url: /v1/security.OAuthService/IntrospectToken (Caused by NameResolutionError("HTTPSConnection(host='api.kaggle.com', port=443): Failed to resolve 'api.kaggle.com' ([Errno 8] nodename nor servname provided, or not known)"))

During handling of the above exception, another exception occurred:

Traceback (most recent call last):
  File "/Users/za/.local/bin/kaggle", line 4, in <module>
    from kaggle.cli import main
  File "/Users/za/.local/share/uv/tools/kaggle/lib/python3.13/site-packages/kaggle/__init__.py", line 8, in <module>
    api.authenticate()
    ~~~~~~~~~~~~~~~~^^
  File "/Users/za/.local/share/uv/tools/kaggle/lib/python3.13/site-packages/kaggle/api/kaggle_api_extended.py", line 993, in authenticate
    if self._authenticate_with_access_token():
       ~~~~~~~~~~~~~~~~~~~~~~~~~~~~~~~~~~~~^^
  File "/Users/za/.local/share/uv/tools/kaggle/lib/python3.13/site-packages/kaggle/api/kaggle_api_extended.py", line 1030, in _authenticate_with_access_token
    username = self._introspect_token(access_token)
  File "/Users/za/.local/share/uv/tools/kaggle/lib/python3.13/site-packages/kaggle/api/kaggle_api_extended.py", line 1066, in _introspect_token
    response = kaggle.security.oauth_client.introspect_token(request)
  File "/Users/za/.local/share/uv/tools/kaggle/lib/python3.13/site-packages/kagglesdk/security/services/oauth_service.py", line 44, in introspect_token
    return self._client.call("security.OAuthService", "IntrospectToken", request, IntrospectTokenResponse)
           ~~~~~~~~~~~~~~~~~^^^^^^^^^^^^^^^^^^^^^^^^^^^^^^^^^^^^^^^^^^^^^^^^^^^^^^^^^^^^^^^^^^^^^^^^^^^^^^
  File "/Users/za/.local/share/uv/tools/kaggle/lib/python3.13/site-packages/kagglesdk/kaggle_http_client.py", line 96, in call
    http_response = self._session.send(http_request, **settings)
  File "/Users/za/.local/share/uv/tools/kaggle/lib/python3.13/site-packages/requests/sessions.py", line 784, in send
    r = adapter.send(request, **kwargs)
  File "/Users/za/.local/share/uv/tools/kaggle/lib/python3.13/site-packages/requests/adapters.py", line 729, in send
    raise ConnectionError(e, request=request)
requests.exceptions.ConnectionError: HTTPSConnectionPool(host='api.kaggle.com', port=443): Max retries exceeded with url: /v1/security.OAuthService/IntrospectToken (Caused by NameResolutionError("HTTPSConnection(host='api.kaggle.com', port=443): Failed to resolve 'api.kaggle.com' ([Errno 8] nodename nor servname provided, or not known)"))
status: Traceback (most recent call last):
  File "/Users/za/.local/share/uv/tools/kaggle/lib/python3.13/site-packages/urllib3/connection.py", line 204, in _new_conn
    sock = connection.create_connection(
        (self._dns_host, self.port),
    ...<2 lines>...
        socket_options=self.socket_options,
    )
  File "/Users/za/.local/share/uv/tools/kaggle/lib/python3.13/site-packages/urllib3/util/connection.py", line 60, in create_connection
    for res in socket.getaddrinfo(host, port, family, socket.SOCK_STREAM):
               ~~~~~~~~~~~~~~~~~~^^^^^^^^^^^^^^^^^^^^^^^^^^^^^^^^^^^^^^^^
  File "/Users/za/.local/share/uv/python/cpython-3.13.13-macos-aarch64-none/lib/python3.13/socket.py", line 977, in getaddrinfo
    for res in _socket.getaddrinfo(host, port, family, type, proto, flags):
               ~~~~~~~~~~~~~~~~~~~^^^^^^^^^^^^^^^^^^^^^^^^^^^^^^^^^^^^^^^^
socket.gaierror: [Errno 8] nodename nor servname provided, or not known

The above exception was the direct cause of the following exception:

Traceback (most recent call last):
  File "/Users/za/.local/share/uv/tools/kaggle/lib/python3.13/site-packages/urllib3/connectionpool.py", line 788, in urlopen
    response = self._make_request(
        conn,
    ...<10 lines>...
        **response_kw,
    )
  File "/Users/za/.local/share/uv/tools/kaggle/lib/python3.13/site-packages/urllib3/connectionpool.py", line 488, in _make_request
    raise new_e
  File "/Users/za/.local/share/uv/tools/kaggle/lib/python3.13/site-packages/urllib3/connectionpool.py", line 464, in _make_request
    self._validate_conn(conn)
    ~~~~~~~~~~~~~~~~~~~^^^^^^
  File "/Users/za/.local/share/uv/tools/kaggle/lib/python3.13/site-packages/urllib3/connectionpool.py", line 1106, in _validate_conn
    conn.connect()
    ~~~~~~~~~~~~^^
  File "/Users/za/.local/share/uv/tools/kaggle/lib/python3.13/site-packages/urllib3/connection.py", line 759, in connect
    self.sock = sock = self._new_conn()
                       ~~~~~~~~~~~~~~^^
  File "/Users/za/.local/share/uv/tools/kaggle/lib/python3.13/site-packages/urllib3/connection.py", line 211, in _new_conn
    raise NameResolutionError(self.host, self, e) from e
urllib3.exceptions.NameResolutionError: HTTPSConnection(host='api.kaggle.com', port=443): Failed to resolve 'api.kaggle.com' ([Errno 8] nodename nor servname provided, or not known)

The above exception was the direct cause of the following exception:

Traceback (most recent call last):
  File "/Users/za/.local/share/uv/tools/kaggle/lib/python3.13/site-packages/requests/adapters.py", line 696, in send
    resp = conn.urlopen(
        method=request.method,
    ...<9 lines>...
        chunked=chunked,
    )
  File "/Users/za/.local/share/uv/tools/kaggle/lib/python3.13/site-packages/urllib3/connectionpool.py", line 842, in urlopen
    retries = retries.increment(
        method, url, error=new_e, _pool=self, _stacktrace=sys.exc_info()[2]
    )
  File "/Users/za/.local/share/uv/tools/kaggle/lib/python3.13/site-packages/urllib3/util/retry.py", line 543, in increment
    raise MaxRetryError(_pool, url, reason) from reason  # type: ignore[arg-type]
    ^^^^^^^^^^^^^^^^^^^^^^^^^^^^^^^^^^^^^^^^^^^^^^^^^^^
urllib3.exceptions.MaxRetryError: HTTPSConnectionPool(host='api.kaggle.com', port=443): Max retries exceeded with url: /v1/security.OAuthService/IntrospectToken (Caused by NameResolutionError("HTTPSConnection(host='api.kaggle.com', port=443): Failed to resolve 'api.kaggle.com' ([Errno 8] nodename nor servname provided, or not known)"))

During handling of the above exception, another exception occurred:

Traceback (most recent call last):
  File "/Users/za/.local/bin/kaggle", line 4, in <module>
    from kaggle.cli import main
  File "/Users/za/.local/share/uv/tools/kaggle/lib/python3.13/site-packages/kaggle/__init__.py", line 8, in <module>
    api.authenticate()
    ~~~~~~~~~~~~~~~~^^
  File "/Users/za/.local/share/uv/tools/kaggle/lib/python3.13/site-packages/kaggle/api/kaggle_api_extended.py", line 993, in authenticate
    if self._authenticate_with_access_token():
       ~~~~~~~~~~~~~~~~~~~~~~~~~~~~~~~~~~~~^^
  File "/Users/za/.local/share/uv/tools/kaggle/lib/python3.13/site-packages/kaggle/api/kaggle_api_extended.py", line 1030, in _authenticate_with_access_token
    username = self._introspect_token(access_token)
  File "/Users/za/.local/share/uv/tools/kaggle/lib/python3.13/site-packages/kaggle/api/kaggle_api_extended.py", line 1066, in _introspect_token
    response = kaggle.security.oauth_client.introspect_token(request)
  File "/Users/za/.local/share/uv/tools/kaggle/lib/python3.13/site-packages/kagglesdk/security/services/oauth_service.py", line 44, in introspect_token
    return self._client.call("security.OAuthService", "IntrospectToken", request, IntrospectTokenResponse)
           ~~~~~~~~~~~~~~~~~^^^^^^^^^^^^^^^^^^^^^^^^^^^^^^^^^^^^^^^^^^^^^^^^^^^^^^^^^^^^^^^^^^^^^^^^^^^^^^
  File "/Users/za/.local/share/uv/tools/kaggle/lib/python3.13/site-packages/kagglesdk/kaggle_http_client.py", line 96, in call
    http_response = self._session.send(http_request, **settings)
  File "/Users/za/.local/share/uv/tools/kaggle/lib/python3.13/site-packages/requests/sessions.py", line 784, in send
    r = adapter.send(request, **kwargs)
  File "/Users/za/.local/share/uv/tools/kaggle/lib/python3.13/site-packages/requests/adapters.py", line 729, in send
    raise ConnectionError(e, request=request)
requests.exceptions.ConnectionError: HTTPSConnectionPool(host='api.kaggle.com', port=443): Max retries exceeded with url: /v1/security.OAuthService/IntrospectToken (Caused by NameResolutionError("HTTPSConnection(host='api.kaggle.com', port=443): Failed to resolve 'api.kaggle.com' ([Errno 8] nodename nor servname provided, or not known)"))
PUSHED q8-schur-d8-s01 (status confirms the kernel exists and has a run)
--- push attempt q8-schur-d8-s02 2026-08-21T09:22:44Z ---
Traceback (most recent call last):
  File "/Users/za/.local/share/uv/tools/kaggle/lib/python3.13/site-packages/urllib3/connection.py", line 204, in _new_conn
    sock = connection.create_connection(
        (self._dns_host, self.port),
    ...<2 lines>...
        socket_options=self.socket_options,
    )
  File "/Users/za/.local/share/uv/tools/kaggle/lib/python3.13/site-packages/urllib3/util/connection.py", line 60, in create_connection
    for res in socket.getaddrinfo(host, port, family, socket.SOCK_STREAM):
               ~~~~~~~~~~~~~~~~~~^^^^^^^^^^^^^^^^^^^^^^^^^^^^^^^^^^^^^^^^
  File "/Users/za/.local/share/uv/python/cpython-3.13.13-macos-aarch64-none/lib/python3.13/socket.py", line 977, in getaddrinfo
    for res in _socket.getaddrinfo(host, port, family, type, proto, flags):
               ~~~~~~~~~~~~~~~~~~~^^^^^^^^^^^^^^^^^^^^^^^^^^^^^^^^^^^^^^^^
socket.gaierror: [Errno 8] nodename nor servname provided, or not known

The above exception was the direct cause of the following exception:

Traceback (most recent call last):
  File "/Users/za/.local/share/uv/tools/kaggle/lib/python3.13/site-packages/urllib3/connectionpool.py", line 788, in urlopen
    response = self._make_request(
        conn,
    ...<10 lines>...
        **response_kw,
    )
  File "/Users/za/.local/share/uv/tools/kaggle/lib/python3.13/site-packages/urllib3/connectionpool.py", line 488, in _make_request
    raise new_e
  File "/Users/za/.local/share/uv/tools/kaggle/lib/python3.13/site-packages/urllib3/connectionpool.py", line 464, in _make_request
    self._validate_conn(conn)
    ~~~~~~~~~~~~~~~~~~~^^^^^^
  File "/Users/za/.local/share/uv/tools/kaggle/lib/python3.13/site-packages/urllib3/connectionpool.py", line 1106, in _validate_conn
    conn.connect()
    ~~~~~~~~~~~~^^
  File "/Users/za/.local/share/uv/tools/kaggle/lib/python3.13/site-packages/urllib3/connection.py", line 759, in connect
    self.sock = sock = self._new_conn()
                       ~~~~~~~~~~~~~~^^
  File "/Users/za/.local/share/uv/tools/kaggle/lib/python3.13/site-packages/urllib3/connection.py", line 211, in _new_conn
    raise NameResolutionError(self.host, self, e) from e
urllib3.exceptions.NameResolutionError: HTTPSConnection(host='api.kaggle.com', port=443): Failed to resolve 'api.kaggle.com' ([Errno 8] nodename nor servname provided, or not known)

The above exception was the direct cause of the following exception:

Traceback (most recent call last):
  File "/Users/za/.local/share/uv/tools/kaggle/lib/python3.13/site-packages/requests/adapters.py", line 696, in send
    resp = conn.urlopen(
        method=request.method,
    ...<9 lines>...
        chunked=chunked,
    )
  File "/Users/za/.local/share/uv/tools/kaggle/lib/python3.13/site-packages/urllib3/connectionpool.py", line 842, in urlopen
    retries = retries.increment(
        method, url, error=new_e, _pool=self, _stacktrace=sys.exc_info()[2]
    )
  File "/Users/za/.local/share/uv/tools/kaggle/lib/python3.13/site-packages/urllib3/util/retry.py", line 543, in increment
    raise MaxRetryError(_pool, url, reason) from reason  # type: ignore[arg-type]
    ^^^^^^^^^^^^^^^^^^^^^^^^^^^^^^^^^^^^^^^^^^^^^^^^^^^
urllib3.exceptions.MaxRetryError: HTTPSConnectionPool(host='api.kaggle.com', port=443): Max retries exceeded with url: /v1/security.OAuthService/IntrospectToken (Caused by NameResolutionError("HTTPSConnection(host='api.kaggle.com', port=443): Failed to resolve 'api.kaggle.com' ([Errno 8] nodename nor servname provided, or not known)"))

During handling of the above exception, another exception occurred:

Traceback (most recent call last):
  File "/Users/za/.local/bin/kaggle", line 4, in <module>
    from kaggle.cli import main
  File "/Users/za/.local/share/uv/tools/kaggle/lib/python3.13/site-packages/kaggle/__init__.py", line 8, in <module>
    api.authenticate()
    ~~~~~~~~~~~~~~~~^^
  File "/Users/za/.local/share/uv/tools/kaggle/lib/python3.13/site-packages/kaggle/api/kaggle_api_extended.py", line 993, in authenticate
    if self._authenticate_with_access_token():
       ~~~~~~~~~~~~~~~~~~~~~~~~~~~~~~~~~~~~^^
  File "/Users/za/.local/share/uv/tools/kaggle/lib/python3.13/site-packages/kaggle/api/kaggle_api_extended.py", line 1030, in _authenticate_with_access_token
    username = self._introspect_token(access_token)
  File "/Users/za/.local/share/uv/tools/kaggle/lib/python3.13/site-packages/kaggle/api/kaggle_api_extended.py", line 1066, in _introspect_token
    response = kaggle.security.oauth_client.introspect_token(request)
  File "/Users/za/.local/share/uv/tools/kaggle/lib/python3.13/site-packages/kagglesdk/security/services/oauth_service.py", line 44, in introspect_token
    return self._client.call("security.OAuthService", "IntrospectToken", request, IntrospectTokenResponse)
           ~~~~~~~~~~~~~~~~~^^^^^^^^^^^^^^^^^^^^^^^^^^^^^^^^^^^^^^^^^^^^^^^^^^^^^^^^^^^^^^^^^^^^^^^^^^^^^^
  File "/Users/za/.local/share/uv/tools/kaggle/lib/python3.13/site-packages/kagglesdk/kaggle_http_client.py", line 96, in call
    http_response = self._session.send(http_request, **settings)
  File "/Users/za/.local/share/uv/tools/kaggle/lib/python3.13/site-packages/requests/sessions.py", line 784, in send
    r = adapter.send(request, **kwargs)
  File "/Users/za/.local/share/uv/tools/kaggle/lib/python3.13/site-packages/requests/adapters.py", line 729, in send
    raise ConnectionError(e, request=request)
requests.exceptions.ConnectionError: HTTPSConnectionPool(host='api.kaggle.com', port=443): Max retries exceeded with url: /v1/security.OAuthService/IntrospectToken (Caused by NameResolutionError("HTTPSConnection(host='api.kaggle.com', port=443): Failed to resolve 'api.kaggle.com' ([Errno 8] nodename nor servname provided, or not known)"))
status: Traceback (most recent call last):
  File "/Users/za/.local/share/uv/tools/kaggle/lib/python3.13/site-packages/urllib3/connection.py", line 204, in _new_conn
    sock = connection.create_connection(
        (self._dns_host, self.port),
    ...<2 lines>...
        socket_options=self.socket_options,
    )
  File "/Users/za/.local/share/uv/tools/kaggle/lib/python3.13/site-packages/urllib3/util/connection.py", line 60, in create_connection
    for res in socket.getaddrinfo(host, port, family, socket.SOCK_STREAM):
               ~~~~~~~~~~~~~~~~~~^^^^^^^^^^^^^^^^^^^^^^^^^^^^^^^^^^^^^^^^
  File "/Users/za/.local/share/uv/python/cpython-3.13.13-macos-aarch64-none/lib/python3.13/socket.py", line 977, in getaddrinfo
    for res in _socket.getaddrinfo(host, port, family, type, proto, flags):
               ~~~~~~~~~~~~~~~~~~~^^^^^^^^^^^^^^^^^^^^^^^^^^^^^^^^^^^^^^^^
socket.gaierror: [Errno 8] nodename nor servname provided, or not known

The above exception was the direct cause of the following exception:

Traceback (most recent call last):
  File "/Users/za/.local/share/uv/tools/kaggle/lib/python3.13/site-packages/urllib3/connectionpool.py", line 788, in urlopen
    response = self._make_request(
        conn,
    ...<10 lines>...
        **response_kw,
    )
  File "/Users/za/.local/share/uv/tools/kaggle/lib/python3.13/site-packages/urllib3/connectionpool.py", line 488, in _make_request
    raise new_e
  File "/Users/za/.local/share/uv/tools/kaggle/lib/python3.13/site-packages/urllib3/connectionpool.py", line 464, in _make_request
    self._validate_conn(conn)
    ~~~~~~~~~~~~~~~~~~~^^^^^^
  File "/Users/za/.local/share/uv/tools/kaggle/lib/python3.13/site-packages/urllib3/connectionpool.py", line 1106, in _validate_conn
    conn.connect()
    ~~~~~~~~~~~~^^
  File "/Users/za/.local/share/uv/tools/kaggle/lib/python3.13/site-packages/urllib3/connection.py", line 759, in connect
    self.sock = sock = self._new_conn()
                       ~~~~~~~~~~~~~~^^
  File "/Users/za/.local/share/uv/tools/kaggle/lib/python3.13/site-packages/urllib3/connection.py", line 211, in _new_conn
    raise NameResolutionError(self.host, self, e) from e
urllib3.exceptions.NameResolutionError: HTTPSConnection(host='api.kaggle.com', port=443): Failed to resolve 'api.kaggle.com' ([Errno 8] nodename nor servname provided, or not known)

The above exception was the direct cause of the following exception:

Traceback (most recent call last):
  File "/Users/za/.local/share/uv/tools/kaggle/lib/python3.13/site-packages/requests/adapters.py", line 696, in send
    resp = conn.urlopen(
        method=request.method,
    ...<9 lines>...
        chunked=chunked,
    )
  File "/Users/za/.local/share/uv/tools/kaggle/lib/python3.13/site-packages/urllib3/connectionpool.py", line 842, in urlopen
    retries = retries.increment(
        method, url, error=new_e, _pool=self, _stacktrace=sys.exc_info()[2]
    )
  File "/Users/za/.local/share/uv/tools/kaggle/lib/python3.13/site-packages/urllib3/util/retry.py", line 543, in increment
    raise MaxRetryError(_pool, url, reason) from reason  # type: ignore[arg-type]
    ^^^^^^^^^^^^^^^^^^^^^^^^^^^^^^^^^^^^^^^^^^^^^^^^^^^
urllib3.exceptions.MaxRetryError: HTTPSConnectionPool(host='api.kaggle.com', port=443): Max retries exceeded with url: /v1/security.OAuthService/IntrospectToken (Caused by NameResolutionError("HTTPSConnection(host='api.kaggle.com', port=443): Failed to resolve 'api.kaggle.com' ([Errno 8] nodename nor servname provided, or not known)"))

During handling of the above exception, another exception occurred:

Traceback (most recent call last):
  File "/Users/za/.local/bin/kaggle", line 4, in <module>
    from kaggle.cli import main
  File "/Users/za/.local/share/uv/tools/kaggle/lib/python3.13/site-packages/kaggle/__init__.py", line 8, in <module>
    api.authenticate()
    ~~~~~~~~~~~~~~~~^^
  File "/Users/za/.local/share/uv/tools/kaggle/lib/python3.13/site-packages/kaggle/api/kaggle_api_extended.py", line 993, in authenticate
    if self._authenticate_with_access_token():
       ~~~~~~~~~~~~~~~~~~~~~~~~~~~~~~~~~~~~^^
  File "/Users/za/.local/share/uv/tools/kaggle/lib/python3.13/site-packages/kaggle/api/kaggle_api_extended.py", line 1030, in _authenticate_with_access_token
    username = self._introspect_token(access_token)
  File "/Users/za/.local/share/uv/tools/kaggle/lib/python3.13/site-packages/kaggle/api/kaggle_api_extended.py", line 1066, in _introspect_token
    response = kaggle.security.oauth_client.introspect_token(request)
  File "/Users/za/.local/share/uv/tools/kaggle/lib/python3.13/site-packages/kagglesdk/security/services/oauth_service.py", line 44, in introspect_token
    return self._client.call("security.OAuthService", "IntrospectToken", request, IntrospectTokenResponse)
           ~~~~~~~~~~~~~~~~~^^^^^^^^^^^^^^^^^^^^^^^^^^^^^^^^^^^^^^^^^^^^^^^^^^^^^^^^^^^^^^^^^^^^^^^^^^^^^^
  File "/Users/za/.local/share/uv/tools/kaggle/lib/python3.13/site-packages/kagglesdk/kaggle_http_client.py", line 96, in call
    http_response = self._session.send(http_request, **settings)
  File "/Users/za/.local/share/uv/tools/kaggle/lib/python3.13/site-packages/requests/sessions.py", line 784, in send
    r = adapter.send(request, **kwargs)
  File "/Users/za/.local/share/uv/tools/kaggle/lib/python3.13/site-packages/requests/adapters.py", line 729, in send
    raise ConnectionError(e, request=request)
requests.exceptions.ConnectionError: HTTPSConnectionPool(host='api.kaggle.com', port=443): Max retries exceeded with url: /v1/security.OAuthService/IntrospectToken (Caused by NameResolutionError("HTTPSConnection(host='api.kaggle.com', port=443): Failed to resolve 'api.kaggle.com' ([Errno 8] nodename nor servname provided, or not known)"))
PUSHED q8-schur-d8-s02 (status confirms the kernel exists and has a run)
--- push attempt q8-schur-d8-s03 2026-08-21T09:23:10Z ---
Traceback (most recent call last):
  File "/Users/za/.local/share/uv/tools/kaggle/lib/python3.13/site-packages/urllib3/connection.py", line 204, in _new_conn
    sock = connection.create_connection(
        (self._dns_host, self.port),
    ...<2 lines>...
        socket_options=self.socket_options,
    )
  File "/Users/za/.local/share/uv/tools/kaggle/lib/python3.13/site-packages/urllib3/util/connection.py", line 60, in create_connection
    for res in socket.getaddrinfo(host, port, family, socket.SOCK_STREAM):
               ~~~~~~~~~~~~~~~~~~^^^^^^^^^^^^^^^^^^^^^^^^^^^^^^^^^^^^^^^^
  File "/Users/za/.local/share/uv/python/cpython-3.13.13-macos-aarch64-none/lib/python3.13/socket.py", line 977, in getaddrinfo
    for res in _socket.getaddrinfo(host, port, family, type, proto, flags):
               ~~~~~~~~~~~~~~~~~~~^^^^^^^^^^^^^^^^^^^^^^^^^^^^^^^^^^^^^^^^
socket.gaierror: [Errno 8] nodename nor servname provided, or not known

The above exception was the direct cause of the following exception:

Traceback (most recent call last):
  File "/Users/za/.local/share/uv/tools/kaggle/lib/python3.13/site-packages/urllib3/connectionpool.py", line 788, in urlopen
    response = self._make_request(
        conn,
    ...<10 lines>...
        **response_kw,
    )
  File "/Users/za/.local/share/uv/tools/kaggle/lib/python3.13/site-packages/urllib3/connectionpool.py", line 488, in _make_request
    raise new_e
  File "/Users/za/.local/share/uv/tools/kaggle/lib/python3.13/site-packages/urllib3/connectionpool.py", line 464, in _make_request
    self._validate_conn(conn)
    ~~~~~~~~~~~~~~~~~~~^^^^^^
  File "/Users/za/.local/share/uv/tools/kaggle/lib/python3.13/site-packages/urllib3/connectionpool.py", line 1106, in _validate_conn
    conn.connect()
    ~~~~~~~~~~~~^^
  File "/Users/za/.local/share/uv/tools/kaggle/lib/python3.13/site-packages/urllib3/connection.py", line 759, in connect
    self.sock = sock = self._new_conn()
                       ~~~~~~~~~~~~~~^^
  File "/Users/za/.local/share/uv/tools/kaggle/lib/python3.13/site-packages/urllib3/connection.py", line 211, in _new_conn
    raise NameResolutionError(self.host, self, e) from e
urllib3.exceptions.NameResolutionError: HTTPSConnection(host='api.kaggle.com', port=443): Failed to resolve 'api.kaggle.com' ([Errno 8] nodename nor servname provided, or not known)

The above exception was the direct cause of the following exception:

Traceback (most recent call last):
  File "/Users/za/.local/share/uv/tools/kaggle/lib/python3.13/site-packages/requests/adapters.py", line 696, in send
    resp = conn.urlopen(
        method=request.method,
    ...<9 lines>...
        chunked=chunked,
    )
  File "/Users/za/.local/share/uv/tools/kaggle/lib/python3.13/site-packages/urllib3/connectionpool.py", line 842, in urlopen
    retries = retries.increment(
        method, url, error=new_e, _pool=self, _stacktrace=sys.exc_info()[2]
    )
  File "/Users/za/.local/share/uv/tools/kaggle/lib/python3.13/site-packages/urllib3/util/retry.py", line 543, in increment
    raise MaxRetryError(_pool, url, reason) from reason  # type: ignore[arg-type]
    ^^^^^^^^^^^^^^^^^^^^^^^^^^^^^^^^^^^^^^^^^^^^^^^^^^^
urllib3.exceptions.MaxRetryError: HTTPSConnectionPool(host='api.kaggle.com', port=443): Max retries exceeded with url: /v1/security.OAuthService/IntrospectToken (Caused by NameResolutionError("HTTPSConnection(host='api.kaggle.com', port=443): Failed to resolve 'api.kaggle.com' ([Errno 8] nodename nor servname provided, or not known)"))

During handling of the above exception, another exception occurred:

Traceback (most recent call last):
  File "/Users/za/.local/bin/kaggle", line 4, in <module>
    from kaggle.cli import main
  File "/Users/za/.local/share/uv/tools/kaggle/lib/python3.13/site-packages/kaggle/__init__.py", line 8, in <module>
    api.authenticate()
    ~~~~~~~~~~~~~~~~^^
  File "/Users/za/.local/share/uv/tools/kaggle/lib/python3.13/site-packages/kaggle/api/kaggle_api_extended.py", line 993, in authenticate
    if self._authenticate_with_access_token():
       ~~~~~~~~~~~~~~~~~~~~~~~~~~~~~~~~~~~~^^
  File "/Users/za/.local/share/uv/tools/kaggle/lib/python3.13/site-packages/kaggle/api/kaggle_api_extended.py", line 1030, in _authenticate_with_access_token
    username = self._introspect_token(access_token)
  File "/Users/za/.local/share/uv/tools/kaggle/lib/python3.13/site-packages/kaggle/api/kaggle_api_extended.py", line 1066, in _introspect_token
    response = kaggle.security.oauth_client.introspect_token(request)
  File "/Users/za/.local/share/uv/tools/kaggle/lib/python3.13/site-packages/kagglesdk/security/services/oauth_service.py", line 44, in introspect_token
    return self._client.call("security.OAuthService", "IntrospectToken", request, IntrospectTokenResponse)
           ~~~~~~~~~~~~~~~~~^^^^^^^^^^^^^^^^^^^^^^^^^^^^^^^^^^^^^^^^^^^^^^^^^^^^^^^^^^^^^^^^^^^^^^^^^^^^^^
  File "/Users/za/.local/share/uv/tools/kaggle/lib/python3.13/site-packages/kagglesdk/kaggle_http_client.py", line 96, in call
    http_response = self._session.send(http_request, **settings)
  File "/Users/za/.local/share/uv/tools/kaggle/lib/python3.13/site-packages/requests/sessions.py", line 784, in send
    r = adapter.send(request, **kwargs)
  File "/Users/za/.local/share/uv/tools/kaggle/lib/python3.13/site-packages/requests/adapters.py", line 729, in send
    raise ConnectionError(e, request=request)
requests.exceptions.ConnectionError: HTTPSConnectionPool(host='api.kaggle.com', port=443): Max retries exceeded with url: /v1/security.OAuthService/IntrospectToken (Caused by NameResolutionError("HTTPSConnection(host='api.kaggle.com', port=443): Failed to resolve 'api.kaggle.com' ([Errno 8] nodename nor servname provided, or not known)"))
status: Traceback (most recent call last):
  File "/Users/za/.local/share/uv/tools/kaggle/lib/python3.13/site-packages/urllib3/connection.py", line 204, in _new_conn
    sock = connection.create_connection(
        (self._dns_host, self.port),
    ...<2 lines>...
        socket_options=self.socket_options,
    )
  File "/Users/za/.local/share/uv/tools/kaggle/lib/python3.13/site-packages/urllib3/util/connection.py", line 60, in create_connection
    for res in socket.getaddrinfo(host, port, family, socket.SOCK_STREAM):
               ~~~~~~~~~~~~~~~~~~^^^^^^^^^^^^^^^^^^^^^^^^^^^^^^^^^^^^^^^^
  File "/Users/za/.local/share/uv/python/cpython-3.13.13-macos-aarch64-none/lib/python3.13/socket.py", line 977, in getaddrinfo
    for res in _socket.getaddrinfo(host, port, family, type, proto, flags):
               ~~~~~~~~~~~~~~~~~~~^^^^^^^^^^^^^^^^^^^^^^^^^^^^^^^^^^^^^^^^
socket.gaierror: [Errno 8] nodename nor servname provided, or not known

The above exception was the direct cause of the following exception:

Traceback (most recent call last):
  File "/Users/za/.local/share/uv/tools/kaggle/lib/python3.13/site-packages/urllib3/connectionpool.py", line 788, in urlopen
    response = self._make_request(
        conn,
    ...<10 lines>...
        **response_kw,
    )
  File "/Users/za/.local/share/uv/tools/kaggle/lib/python3.13/site-packages/urllib3/connectionpool.py", line 488, in _make_request
    raise new_e
  File "/Users/za/.local/share/uv/tools/kaggle/lib/python3.13/site-packages/urllib3/connectionpool.py", line 464, in _make_request
    self._validate_conn(conn)
    ~~~~~~~~~~~~~~~~~~~^^^^^^
  File "/Users/za/.local/share/uv/tools/kaggle/lib/python3.13/site-packages/urllib3/connectionpool.py", line 1106, in _validate_conn
    conn.connect()
    ~~~~~~~~~~~~^^
  File "/Users/za/.local/share/uv/tools/kaggle/lib/python3.13/site-packages/urllib3/connection.py", line 759, in connect
    self.sock = sock = self._new_conn()
                       ~~~~~~~~~~~~~~^^
  File "/Users/za/.local/share/uv/tools/kaggle/lib/python3.13/site-packages/urllib3/connection.py", line 211, in _new_conn
    raise NameResolutionError(self.host, self, e) from e
urllib3.exceptions.NameResolutionError: HTTPSConnection(host='api.kaggle.com', port=443): Failed to resolve 'api.kaggle.com' ([Errno 8] nodename nor servname provided, or not known)

The above exception was the direct cause of the following exception:

Traceback (most recent call last):
  File "/Users/za/.local/share/uv/tools/kaggle/lib/python3.13/site-packages/requests/adapters.py", line 696, in send
    resp = conn.urlopen(
        method=request.method,
    ...<9 lines>...
        chunked=chunked,
    )
  File "/Users/za/.local/share/uv/tools/kaggle/lib/python3.13/site-packages/urllib3/connectionpool.py", line 842, in urlopen
    retries = retries.increment(
        method, url, error=new_e, _pool=self, _stacktrace=sys.exc_info()[2]
    )
  File "/Users/za/.local/share/uv/tools/kaggle/lib/python3.13/site-packages/urllib3/util/retry.py", line 543, in increment
    raise MaxRetryError(_pool, url, reason) from reason  # type: ignore[arg-type]
    ^^^^^^^^^^^^^^^^^^^^^^^^^^^^^^^^^^^^^^^^^^^^^^^^^^^
urllib3.exceptions.MaxRetryError: HTTPSConnectionPool(host='api.kaggle.com', port=443): Max retries exceeded with url: /v1/security.OAuthService/IntrospectToken (Caused by NameResolutionError("HTTPSConnection(host='api.kaggle.com', port=443): Failed to resolve 'api.kaggle.com' ([Errno 8] nodename nor servname provided, or not known)"))

During handling of the above exception, another exception occurred:

Traceback (most recent call last):
  File "/Users/za/.local/bin/kaggle", line 4, in <module>
    from kaggle.cli import main
  File "/Users/za/.local/share/uv/tools/kaggle/lib/python3.13/site-packages/kaggle/__init__.py", line 8, in <module>
    api.authenticate()
    ~~~~~~~~~~~~~~~~^^
  File "/Users/za/.local/share/uv/tools/kaggle/lib/python3.13/site-packages/kaggle/api/kaggle_api_extended.py", line 993, in authenticate
    if self._authenticate_with_access_token():
       ~~~~~~~~~~~~~~~~~~~~~~~~~~~~~~~~~~~~^^
  File "/Users/za/.local/share/uv/tools/kaggle/lib/python3.13/site-packages/kaggle/api/kaggle_api_extended.py", line 1030, in _authenticate_with_access_token
    username = self._introspect_token(access_token)
  File "/Users/za/.local/share/uv/tools/kaggle/lib/python3.13/site-packages/kaggle/api/kaggle_api_extended.py", line 1066, in _introspect_token
    response = kaggle.security.oauth_client.introspect_token(request)
  File "/Users/za/.local/share/uv/tools/kaggle/lib/python3.13/site-packages/kagglesdk/security/services/oauth_service.py", line 44, in introspect_token
    return self._client.call("security.OAuthService", "IntrospectToken", request, IntrospectTokenResponse)
           ~~~~~~~~~~~~~~~~~^^^^^^^^^^^^^^^^^^^^^^^^^^^^^^^^^^^^^^^^^^^^^^^^^^^^^^^^^^^^^^^^^^^^^^^^^^^^^^
  File "/Users/za/.local/share/uv/tools/kaggle/lib/python3.13/site-packages/kagglesdk/kaggle_http_client.py", line 96, in call
    http_response = self._session.send(http_request, **settings)
  File "/Users/za/.local/share/uv/tools/kaggle/lib/python3.13/site-packages/requests/sessions.py", line 784, in send
    r = adapter.send(request, **kwargs)
  File "/Users/za/.local/share/uv/tools/kaggle/lib/python3.13/site-packages/requests/adapters.py", line 729, in send
    raise ConnectionError(e, request=request)
requests.exceptions.ConnectionError: HTTPSConnectionPool(host='api.kaggle.com', port=443): Max retries exceeded with url: /v1/security.OAuthService/IntrospectToken (Caused by NameResolutionError("HTTPSConnection(host='api.kaggle.com', port=443): Failed to resolve 'api.kaggle.com' ([Errno 8] nodename nor servname provided, or not known)"))
PUSHED q8-schur-d8-s03 (status confirms the kernel exists and has a run)
--- push attempt q8-schur-d8-s04 2026-08-21T10:03:19Z ---
Traceback (most recent call last):
  File "/Users/za/.local/share/uv/tools/kaggle/lib/python3.13/site-packages/urllib3/connection.py", line 204, in _new_conn
    sock = connection.create_connection(
        (self._dns_host, self.port),
    ...<2 lines>...
        socket_options=self.socket_options,
    )
  File "/Users/za/.local/share/uv/tools/kaggle/lib/python3.13/site-packages/urllib3/util/connection.py", line 60, in create_connection
    for res in socket.getaddrinfo(host, port, family, socket.SOCK_STREAM):
               ~~~~~~~~~~~~~~~~~~^^^^^^^^^^^^^^^^^^^^^^^^^^^^^^^^^^^^^^^^
  File "/Users/za/.local/share/uv/python/cpython-3.13.13-macos-aarch64-none/lib/python3.13/socket.py", line 977, in getaddrinfo
    for res in _socket.getaddrinfo(host, port, family, type, proto, flags):
               ~~~~~~~~~~~~~~~~~~~^^^^^^^^^^^^^^^^^^^^^^^^^^^^^^^^^^^^^^^^
socket.gaierror: [Errno 8] nodename nor servname provided, or not known

The above exception was the direct cause of the following exception:

Traceback (most recent call last):
  File "/Users/za/.local/share/uv/tools/kaggle/lib/python3.13/site-packages/urllib3/connectionpool.py", line 788, in urlopen
    response = self._make_request(
        conn,
    ...<10 lines>...
        **response_kw,
    )
  File "/Users/za/.local/share/uv/tools/kaggle/lib/python3.13/site-packages/urllib3/connectionpool.py", line 488, in _make_request
    raise new_e
  File "/Users/za/.local/share/uv/tools/kaggle/lib/python3.13/site-packages/urllib3/connectionpool.py", line 464, in _make_request
    self._validate_conn(conn)
    ~~~~~~~~~~~~~~~~~~~^^^^^^
  File "/Users/za/.local/share/uv/tools/kaggle/lib/python3.13/site-packages/urllib3/connectionpool.py", line 1106, in _validate_conn
    conn.connect()
    ~~~~~~~~~~~~^^
  File "/Users/za/.local/share/uv/tools/kaggle/lib/python3.13/site-packages/urllib3/connection.py", line 759, in connect
    self.sock = sock = self._new_conn()
                       ~~~~~~~~~~~~~~^^
  File "/Users/za/.local/share/uv/tools/kaggle/lib/python3.13/site-packages/urllib3/connection.py", line 211, in _new_conn
    raise NameResolutionError(self.host, self, e) from e
urllib3.exceptions.NameResolutionError: HTTPSConnection(host='api.kaggle.com', port=443): Failed to resolve 'api.kaggle.com' ([Errno 8] nodename nor servname provided, or not known)

The above exception was the direct cause of the following exception:

Traceback (most recent call last):
  File "/Users/za/.local/share/uv/tools/kaggle/lib/python3.13/site-packages/requests/adapters.py", line 696, in send
    resp = conn.urlopen(
        method=request.method,
    ...<9 lines>...
        chunked=chunked,
    )
  File "/Users/za/.local/share/uv/tools/kaggle/lib/python3.13/site-packages/urllib3/connectionpool.py", line 842, in urlopen
    retries = retries.increment(
        method, url, error=new_e, _pool=self, _stacktrace=sys.exc_info()[2]
    )
  File "/Users/za/.local/share/uv/tools/kaggle/lib/python3.13/site-packages/urllib3/util/retry.py", line 543, in increment
    raise MaxRetryError(_pool, url, reason) from reason  # type: ignore[arg-type]
    ^^^^^^^^^^^^^^^^^^^^^^^^^^^^^^^^^^^^^^^^^^^^^^^^^^^
urllib3.exceptions.MaxRetryError: HTTPSConnectionPool(host='api.kaggle.com', port=443): Max retries exceeded with url: /v1/security.OAuthService/IntrospectToken (Caused by NameResolutionError("HTTPSConnection(host='api.kaggle.com', port=443): Failed to resolve 'api.kaggle.com' ([Errno 8] nodename nor servname provided, or not known)"))

During handling of the above exception, another exception occurred:

Traceback (most recent call last):
  File "/Users/za/.local/bin/kaggle", line 4, in <module>
    from kaggle.cli import main
  File "/Users/za/.local/share/uv/tools/kaggle/lib/python3.13/site-packages/kaggle/__init__.py", line 8, in <module>
    api.authenticate()
    ~~~~~~~~~~~~~~~~^^
  File "/Users/za/.local/share/uv/tools/kaggle/lib/python3.13/site-packages/kaggle/api/kaggle_api_extended.py", line 993, in authenticate
    if self._authenticate_with_access_token():
       ~~~~~~~~~~~~~~~~~~~~~~~~~~~~~~~~~~~~^^
  File "/Users/za/.local/share/uv/tools/kaggle/lib/python3.13/site-packages/kaggle/api/kaggle_api_extended.py", line 1030, in _authenticate_with_access_token
    username = self._introspect_token(access_token)
  File "/Users/za/.local/share/uv/tools/kaggle/lib/python3.13/site-packages/kaggle/api/kaggle_api_extended.py", line 1066, in _introspect_token
    response = kaggle.security.oauth_client.introspect_token(request)
  File "/Users/za/.local/share/uv/tools/kaggle/lib/python3.13/site-packages/kagglesdk/security/services/oauth_service.py", line 44, in introspect_token
    return self._client.call("security.OAuthService", "IntrospectToken", request, IntrospectTokenResponse)
           ~~~~~~~~~~~~~~~~~^^^^^^^^^^^^^^^^^^^^^^^^^^^^^^^^^^^^^^^^^^^^^^^^^^^^^^^^^^^^^^^^^^^^^^^^^^^^^^
  File "/Users/za/.local/share/uv/tools/kaggle/lib/python3.13/site-packages/kagglesdk/kaggle_http_client.py", line 96, in call
    http_response = self._session.send(http_request, **settings)
  File "/Users/za/.local/share/uv/tools/kaggle/lib/python3.13/site-packages/requests/sessions.py", line 784, in send
    r = adapter.send(request, **kwargs)
  File "/Users/za/.local/share/uv/tools/kaggle/lib/python3.13/site-packages/requests/adapters.py", line 729, in send
    raise ConnectionError(e, request=request)
requests.exceptions.ConnectionError: HTTPSConnectionPool(host='api.kaggle.com', port=443): Max retries exceeded with url: /v1/security.OAuthService/IntrospectToken (Caused by NameResolutionError("HTTPSConnection(host='api.kaggle.com', port=443): Failed to resolve 'api.kaggle.com' ([Errno 8] nodename nor servname provided, or not known)"))
status: Traceback (most recent call last):
  File "/Users/za/.local/share/uv/tools/kaggle/lib/python3.13/site-packages/urllib3/connection.py", line 204, in _new_conn
    sock = connection.create_connection(
        (self._dns_host, self.port),
    ...<2 lines>...
        socket_options=self.socket_options,
    )
  File "/Users/za/.local/share/uv/tools/kaggle/lib/python3.13/site-packages/urllib3/util/connection.py", line 60, in create_connection
    for res in socket.getaddrinfo(host, port, family, socket.SOCK_STREAM):
               ~~~~~~~~~~~~~~~~~~^^^^^^^^^^^^^^^^^^^^^^^^^^^^^^^^^^^^^^^^
  File "/Users/za/.local/share/uv/python/cpython-3.13.13-macos-aarch64-none/lib/python3.13/socket.py", line 977, in getaddrinfo
    for res in _socket.getaddrinfo(host, port, family, type, proto, flags):
               ~~~~~~~~~~~~~~~~~~~^^^^^^^^^^^^^^^^^^^^^^^^^^^^^^^^^^^^^^^^
socket.gaierror: [Errno 8] nodename nor servname provided, or not known

The above exception was the direct cause of the following exception:

Traceback (most recent call last):
  File "/Users/za/.local/share/uv/tools/kaggle/lib/python3.13/site-packages/urllib3/connectionpool.py", line 788, in urlopen
    response = self._make_request(
        conn,
    ...<10 lines>...
        **response_kw,
    )
  File "/Users/za/.local/share/uv/tools/kaggle/lib/python3.13/site-packages/urllib3/connectionpool.py", line 488, in _make_request
    raise new_e
  File "/Users/za/.local/share/uv/tools/kaggle/lib/python3.13/site-packages/urllib3/connectionpool.py", line 464, in _make_request
    self._validate_conn(conn)
    ~~~~~~~~~~~~~~~~~~~^^^^^^
  File "/Users/za/.local/share/uv/tools/kaggle/lib/python3.13/site-packages/urllib3/connectionpool.py", line 1106, in _validate_conn
    conn.connect()
    ~~~~~~~~~~~~^^
  File "/Users/za/.local/share/uv/tools/kaggle/lib/python3.13/site-packages/urllib3/connection.py", line 759, in connect
    self.sock = sock = self._new_conn()
                       ~~~~~~~~~~~~~~^^
  File "/Users/za/.local/share/uv/tools/kaggle/lib/python3.13/site-packages/urllib3/connection.py", line 211, in _new_conn
    raise NameResolutionError(self.host, self, e) from e
urllib3.exceptions.NameResolutionError: HTTPSConnection(host='api.kaggle.com', port=443): Failed to resolve 'api.kaggle.com' ([Errno 8] nodename nor servname provided, or not known)

The above exception was the direct cause of the following exception:

Traceback (most recent call last):
  File "/Users/za/.local/share/uv/tools/kaggle/lib/python3.13/site-packages/requests/adapters.py", line 696, in send
    resp = conn.urlopen(
        method=request.method,
    ...<9 lines>...
        chunked=chunked,
    )
  File "/Users/za/.local/share/uv/tools/kaggle/lib/python3.13/site-packages/urllib3/connectionpool.py", line 842, in urlopen
    retries = retries.increment(
        method, url, error=new_e, _pool=self, _stacktrace=sys.exc_info()[2]
    )
  File "/Users/za/.local/share/uv/tools/kaggle/lib/python3.13/site-packages/urllib3/util/retry.py", line 543, in increment
    raise MaxRetryError(_pool, url, reason) from reason  # type: ignore[arg-type]
    ^^^^^^^^^^^^^^^^^^^^^^^^^^^^^^^^^^^^^^^^^^^^^^^^^^^
urllib3.exceptions.MaxRetryError: HTTPSConnectionPool(host='api.kaggle.com', port=443): Max retries exceeded with url: /v1/security.OAuthService/IntrospectToken (Caused by NameResolutionError("HTTPSConnection(host='api.kaggle.com', port=443): Failed to resolve 'api.kaggle.com' ([Errno 8] nodename nor servname provided, or not known)"))

During handling of the above exception, another exception occurred:

Traceback (most recent call last):
  File "/Users/za/.local/bin/kaggle", line 4, in <module>
    from kaggle.cli import main
  File "/Users/za/.local/share/uv/tools/kaggle/lib/python3.13/site-packages/kaggle/__init__.py", line 8, in <module>
    api.authenticate()
    ~~~~~~~~~~~~~~~~^^
  File "/Users/za/.local/share/uv/tools/kaggle/lib/python3.13/site-packages/kaggle/api/kaggle_api_extended.py", line 993, in authenticate
    if self._authenticate_with_access_token():
       ~~~~~~~~~~~~~~~~~~~~~~~~~~~~~~~~~~~~^^
  File "/Users/za/.local/share/uv/tools/kaggle/lib/python3.13/site-packages/kaggle/api/kaggle_api_extended.py", line 1030, in _authenticate_with_access_token
    username = self._introspect_token(access_token)
  File "/Users/za/.local/share/uv/tools/kaggle/lib/python3.13/site-packages/kaggle/api/kaggle_api_extended.py", line 1066, in _introspect_token
    response = kaggle.security.oauth_client.introspect_token(request)
  File "/Users/za/.local/share/uv/tools/kaggle/lib/python3.13/site-packages/kagglesdk/security/services/oauth_service.py", line 44, in introspect_token
    return self._client.call("security.OAuthService", "IntrospectToken", request, IntrospectTokenResponse)
           ~~~~~~~~~~~~~~~~~^^^^^^^^^^^^^^^^^^^^^^^^^^^^^^^^^^^^^^^^^^^^^^^^^^^^^^^^^^^^^^^^^^^^^^^^^^^^^^
  File "/Users/za/.local/share/uv/tools/kaggle/lib/python3.13/site-packages/kagglesdk/kaggle_http_client.py", line 96, in call
    http_response = self._session.send(http_request, **settings)
  File "/Users/za/.local/share/uv/tools/kaggle/lib/python3.13/site-packages/requests/sessions.py", line 784, in send
    r = adapter.send(request, **kwargs)
  File "/Users/za/.local/share/uv/tools/kaggle/lib/python3.13/site-packages/requests/adapters.py", line 729, in send
    raise ConnectionError(e, request=request)
requests.exceptions.ConnectionError: HTTPSConnectionPool(host='api.kaggle.com', port=443): Max retries exceeded with url: /v1/security.OAuthService/IntrospectToken (Caused by NameResolutionError("HTTPSConnection(host='api.kaggle.com', port=443): Failed to resolve 'api.kaggle.com' ([Errno 8] nodename nor servname provided, or not known)"))
PUSHED q8-schur-d8-s04 (status confirms the kernel exists and has a run)
=== ALL 5 D8 KERNELS PUSHED 2026-08-21T10:03:45Z ===
=== FINAL STATUSES 2026-08-21T10:03:45Z ===
q8-schur-d8-s00: Traceback (most recent call last):
  File "/Users/za/.local/share/uv/tools/kaggle/lib/python3.13/site-packages/urllib3/connection.py", line 204, in _new_conn
    sock = connection.create_connection(
        (self._dns_host, self.port),
    ...<2 lines>...
        socket_options=self.socket_options,
    )
  File "/Users/za/.local/share/uv/tools/kaggle/lib/python3.13/site-packages/urllib3/util/connection.py", line 60, in create_connection
    for res in socket.getaddrinfo(host, port, family, socket.SOCK_STREAM):
               ~~~~~~~~~~~~~~~~~~^^^^^^^^^^^^^^^^^^^^^^^^^^^^^^^^^^^^^^^^
  File "/Users/za/.local/share/uv/python/cpython-3.13.13-macos-aarch64-none/lib/python3.13/socket.py", line 977, in getaddrinfo
    for res in _socket.getaddrinfo(host, port, family, type, proto, flags):
               ~~~~~~~~~~~~~~~~~~~^^^^^^^^^^^^^^^^^^^^^^^^^^^^^^^^^^^^^^^^
socket.gaierror: [Errno 8] nodename nor servname provided, or not known

The above exception was the direct cause of the following exception:

Traceback (most recent call last):
  File "/Users/za/.local/share/uv/tools/kaggle/lib/python3.13/site-packages/urllib3/connectionpool.py", line 788, in urlopen
    response = self._make_request(
        conn,
    ...<10 lines>...
        **response_kw,
    )
  File "/Users/za/.local/share/uv/tools/kaggle/lib/python3.13/site-packages/urllib3/connectionpool.py", line 488, in _make_request
    raise new_e
  File "/Users/za/.local/share/uv/tools/kaggle/lib/python3.13/site-packages/urllib3/connectionpool.py", line 464, in _make_request
    self._validate_conn(conn)
    ~~~~~~~~~~~~~~~~~~~^^^^^^
  File "/Users/za/.local/share/uv/tools/kaggle/lib/python3.13/site-packages/urllib3/connectionpool.py", line 1106, in _validate_conn
    conn.connect()
    ~~~~~~~~~~~~^^
  File "/Users/za/.local/share/uv/tools/kaggle/lib/python3.13/site-packages/urllib3/connection.py", line 759, in connect
    self.sock = sock = self._new_conn()
                       ~~~~~~~~~~~~~~^^
  File "/Users/za/.local/share/uv/tools/kaggle/lib/python3.13/site-packages/urllib3/connection.py", line 211, in _new_conn
    raise NameResolutionError(self.host, self, e) from e
urllib3.exceptions.NameResolutionError: HTTPSConnection(host='api.kaggle.com', port=443): Failed to resolve 'api.kaggle.com' ([Errno 8] nodename nor servname provided, or not known)

The above exception was the direct cause of the following exception:

Traceback (most recent call last):
  File "/Users/za/.local/share/uv/tools/kaggle/lib/python3.13/site-packages/requests/adapters.py", line 696, in send
    resp = conn.urlopen(
        method=request.method,
    ...<9 lines>...
        chunked=chunked,
    )
  File "/Users/za/.local/share/uv/tools/kaggle/lib/python3.13/site-packages/urllib3/connectionpool.py", line 842, in urlopen
    retries = retries.increment(
        method, url, error=new_e, _pool=self, _stacktrace=sys.exc_info()[2]
    )
  File "/Users/za/.local/share/uv/tools/kaggle/lib/python3.13/site-packages/urllib3/util/retry.py", line 543, in increment
    raise MaxRetryError(_pool, url, reason) from reason  # type: ignore[arg-type]
    ^^^^^^^^^^^^^^^^^^^^^^^^^^^^^^^^^^^^^^^^^^^^^^^^^^^
urllib3.exceptions.MaxRetryError: HTTPSConnectionPool(host='api.kaggle.com', port=443): Max retries exceeded with url: /v1/security.OAuthService/IntrospectToken (Caused by NameResolutionError("HTTPSConnection(host='api.kaggle.com', port=443): Failed to resolve 'api.kaggle.com' ([Errno 8] nodename nor servname provided, or not known)"))

During handling of the above exception, another exception occurred:

Traceback (most recent call last):
  File "/Users/za/.local/bin/kaggle", line 4, in <module>
    from kaggle.cli import main
  File "/Users/za/.local/share/uv/tools/kaggle/lib/python3.13/site-packages/kaggle/__init__.py", line 8, in <module>
    api.authenticate()
    ~~~~~~~~~~~~~~~~^^
  File "/Users/za/.local/share/uv/tools/kaggle/lib/python3.13/site-packages/kaggle/api/kaggle_api_extended.py", line 993, in authenticate
    if self._authenticate_with_access_token():
       ~~~~~~~~~~~~~~~~~~~~~~~~~~~~~~~~~~~~^^
  File "/Users/za/.local/share/uv/tools/kaggle/lib/python3.13/site-packages/kaggle/api/kaggle_api_extended.py", line 1030, in _authenticate_with_access_token
    username = self._introspect_token(access_token)
  File "/Users/za/.local/share/uv/tools/kaggle/lib/python3.13/site-packages/kaggle/api/kaggle_api_extended.py", line 1066, in _introspect_token
    response = kaggle.security.oauth_client.introspect_token(request)
  File "/Users/za/.local/share/uv/tools/kaggle/lib/python3.13/site-packages/kagglesdk/security/services/oauth_service.py", line 44, in introspect_token
    return self._client.call("security.OAuthService", "IntrospectToken", request, IntrospectTokenResponse)
           ~~~~~~~~~~~~~~~~~^^^^^^^^^^^^^^^^^^^^^^^^^^^^^^^^^^^^^^^^^^^^^^^^^^^^^^^^^^^^^^^^^^^^^^^^^^^^^^
  File "/Users/za/.local/share/uv/tools/kaggle/lib/python3.13/site-packages/kagglesdk/kaggle_http_client.py", line 96, in call
    http_response = self._session.send(http_request, **settings)
  File "/Users/za/.local/share/uv/tools/kaggle/lib/python3.13/site-packages/requests/sessions.py", line 784, in send
    r = adapter.send(request, **kwargs)
  File "/Users/za/.local/share/uv/tools/kaggle/lib/python3.13/site-packages/requests/adapters.py", line 729, in send
    raise ConnectionError(e, request=request)
requests.exceptions.ConnectionError: HTTPSConnectionPool(host='api.kaggle.com', port=443): Max retries exceeded with url: /v1/security.OAuthService/IntrospectToken (Caused by NameResolutionError("HTTPSConnection(host='api.kaggle.com', port=443): Failed to resolve 'api.kaggle.com' ([Errno 8] nodename nor servname provided, or not known)"))
q8-schur-d8-s01: Traceback (most recent call last):
  File "/Users/za/.local/share/uv/tools/kaggle/lib/python3.13/site-packages/urllib3/connection.py", line 204, in _new_conn
    sock = connection.create_connection(
        (self._dns_host, self.port),
    ...<2 lines>...
        socket_options=self.socket_options,
    )
  File "/Users/za/.local/share/uv/tools/kaggle/lib/python3.13/site-packages/urllib3/util/connection.py", line 60, in create_connection
    for res in socket.getaddrinfo(host, port, family, socket.SOCK_STREAM):
               ~~~~~~~~~~~~~~~~~~^^^^^^^^^^^^^^^^^^^^^^^^^^^^^^^^^^^^^^^^
  File "/Users/za/.local/share/uv/python/cpython-3.13.13-macos-aarch64-none/lib/python3.13/socket.py", line 977, in getaddrinfo
    for res in _socket.getaddrinfo(host, port, family, type, proto, flags):
               ~~~~~~~~~~~~~~~~~~~^^^^^^^^^^^^^^^^^^^^^^^^^^^^^^^^^^^^^^^^
socket.gaierror: [Errno 8] nodename nor servname provided, or not known

The above exception was the direct cause of the following exception:

Traceback (most recent call last):
  File "/Users/za/.local/share/uv/tools/kaggle/lib/python3.13/site-packages/urllib3/connectionpool.py", line 788, in urlopen
    response = self._make_request(
        conn,
    ...<10 lines>...
        **response_kw,
    )
  File "/Users/za/.local/share/uv/tools/kaggle/lib/python3.13/site-packages/urllib3/connectionpool.py", line 488, in _make_request
    raise new_e
  File "/Users/za/.local/share/uv/tools/kaggle/lib/python3.13/site-packages/urllib3/connectionpool.py", line 464, in _make_request
    self._validate_conn(conn)
    ~~~~~~~~~~~~~~~~~~~^^^^^^
  File "/Users/za/.local/share/uv/tools/kaggle/lib/python3.13/site-packages/urllib3/connectionpool.py", line 1106, in _validate_conn
    conn.connect()
    ~~~~~~~~~~~~^^
  File "/Users/za/.local/share/uv/tools/kaggle/lib/python3.13/site-packages/urllib3/connection.py", line 759, in connect
    self.sock = sock = self._new_conn()
                       ~~~~~~~~~~~~~~^^
  File "/Users/za/.local/share/uv/tools/kaggle/lib/python3.13/site-packages/urllib3/connection.py", line 211, in _new_conn
    raise NameResolutionError(self.host, self, e) from e
urllib3.exceptions.NameResolutionError: HTTPSConnection(host='api.kaggle.com', port=443): Failed to resolve 'api.kaggle.com' ([Errno 8] nodename nor servname provided, or not known)

The above exception was the direct cause of the following exception:

Traceback (most recent call last):
  File "/Users/za/.local/share/uv/tools/kaggle/lib/python3.13/site-packages/requests/adapters.py", line 696, in send
    resp = conn.urlopen(
        method=request.method,
    ...<9 lines>...
        chunked=chunked,
    )
  File "/Users/za/.local/share/uv/tools/kaggle/lib/python3.13/site-packages/urllib3/connectionpool.py", line 842, in urlopen
    retries = retries.increment(
        method, url, error=new_e, _pool=self, _stacktrace=sys.exc_info()[2]
    )
  File "/Users/za/.local/share/uv/tools/kaggle/lib/python3.13/site-packages/urllib3/util/retry.py", line 543, in increment
    raise MaxRetryError(_pool, url, reason) from reason  # type: ignore[arg-type]
    ^^^^^^^^^^^^^^^^^^^^^^^^^^^^^^^^^^^^^^^^^^^^^^^^^^^
urllib3.exceptions.MaxRetryError: HTTPSConnectionPool(host='api.kaggle.com', port=443): Max retries exceeded with url: /v1/security.OAuthService/IntrospectToken (Caused by NameResolutionError("HTTPSConnection(host='api.kaggle.com', port=443): Failed to resolve 'api.kaggle.com' ([Errno 8] nodename nor servname provided, or not known)"))

During handling of the above exception, another exception occurred:

Traceback (most recent call last):
  File "/Users/za/.local/bin/kaggle", line 4, in <module>
    from kaggle.cli import main
  File "/Users/za/.local/share/uv/tools/kaggle/lib/python3.13/site-packages/kaggle/__init__.py", line 8, in <module>
    api.authenticate()
    ~~~~~~~~~~~~~~~~^^
  File "/Users/za/.local/share/uv/tools/kaggle/lib/python3.13/site-packages/kaggle/api/kaggle_api_extended.py", line 993, in authenticate
    if self._authenticate_with_access_token():
       ~~~~~~~~~~~~~~~~~~~~~~~~~~~~~~~~~~~~^^
  File "/Users/za/.local/share/uv/tools/kaggle/lib/python3.13/site-packages/kaggle/api/kaggle_api_extended.py", line 1030, in _authenticate_with_access_token
    username = self._introspect_token(access_token)
  File "/Users/za/.local/share/uv/tools/kaggle/lib/python3.13/site-packages/kaggle/api/kaggle_api_extended.py", line 1066, in _introspect_token
    response = kaggle.security.oauth_client.introspect_token(request)
  File "/Users/za/.local/share/uv/tools/kaggle/lib/python3.13/site-packages/kagglesdk/security/services/oauth_service.py", line 44, in introspect_token
    return self._client.call("security.OAuthService", "IntrospectToken", request, IntrospectTokenResponse)
           ~~~~~~~~~~~~~~~~~^^^^^^^^^^^^^^^^^^^^^^^^^^^^^^^^^^^^^^^^^^^^^^^^^^^^^^^^^^^^^^^^^^^^^^^^^^^^^^
  File "/Users/za/.local/share/uv/tools/kaggle/lib/python3.13/site-packages/kagglesdk/kaggle_http_client.py", line 96, in call
    http_response = self._session.send(http_request, **settings)
  File "/Users/za/.local/share/uv/tools/kaggle/lib/python3.13/site-packages/requests/sessions.py", line 784, in send
    r = adapter.send(request, **kwargs)
  File "/Users/za/.local/share/uv/tools/kaggle/lib/python3.13/site-packages/requests/adapters.py", line 729, in send
    raise ConnectionError(e, request=request)
requests.exceptions.ConnectionError: HTTPSConnectionPool(host='api.kaggle.com', port=443): Max retries exceeded with url: /v1/security.OAuthService/IntrospectToken (Caused by NameResolutionError("HTTPSConnection(host='api.kaggle.com', port=443): Failed to resolve 'api.kaggle.com' ([Errno 8] nodename nor servname provided, or not known)"))
q8-schur-d8-s02: Traceback (most recent call last):
  File "/Users/za/.local/share/uv/tools/kaggle/lib/python3.13/site-packages/urllib3/connection.py", line 204, in _new_conn
    sock = connection.create_connection(
        (self._dns_host, self.port),
    ...<2 lines>...
        socket_options=self.socket_options,
    )
  File "/Users/za/.local/share/uv/tools/kaggle/lib/python3.13/site-packages/urllib3/util/connection.py", line 60, in create_connection
    for res in socket.getaddrinfo(host, port, family, socket.SOCK_STREAM):
               ~~~~~~~~~~~~~~~~~~^^^^^^^^^^^^^^^^^^^^^^^^^^^^^^^^^^^^^^^^
  File "/Users/za/.local/share/uv/python/cpython-3.13.13-macos-aarch64-none/lib/python3.13/socket.py", line 977, in getaddrinfo
    for res in _socket.getaddrinfo(host, port, family, type, proto, flags):
               ~~~~~~~~~~~~~~~~~~~^^^^^^^^^^^^^^^^^^^^^^^^^^^^^^^^^^^^^^^^
socket.gaierror: [Errno 8] nodename nor servname provided, or not known

The above exception was the direct cause of the following exception:

Traceback (most recent call last):
  File "/Users/za/.local/share/uv/tools/kaggle/lib/python3.13/site-packages/urllib3/connectionpool.py", line 788, in urlopen
    response = self._make_request(
        conn,
    ...<10 lines>...
        **response_kw,
    )
  File "/Users/za/.local/share/uv/tools/kaggle/lib/python3.13/site-packages/urllib3/connectionpool.py", line 488, in _make_request
    raise new_e
  File "/Users/za/.local/share/uv/tools/kaggle/lib/python3.13/site-packages/urllib3/connectionpool.py", line 464, in _make_request
    self._validate_conn(conn)
    ~~~~~~~~~~~~~~~~~~~^^^^^^
  File "/Users/za/.local/share/uv/tools/kaggle/lib/python3.13/site-packages/urllib3/connectionpool.py", line 1106, in _validate_conn
    conn.connect()
    ~~~~~~~~~~~~^^
  File "/Users/za/.local/share/uv/tools/kaggle/lib/python3.13/site-packages/urllib3/connection.py", line 759, in connect
    self.sock = sock = self._new_conn()
                       ~~~~~~~~~~~~~~^^
  File "/Users/za/.local/share/uv/tools/kaggle/lib/python3.13/site-packages/urllib3/connection.py", line 211, in _new_conn
    raise NameResolutionError(self.host, self, e) from e
urllib3.exceptions.NameResolutionError: HTTPSConnection(host='api.kaggle.com', port=443): Failed to resolve 'api.kaggle.com' ([Errno 8] nodename nor servname provided, or not known)

The above exception was the direct cause of the following exception:

Traceback (most recent call last):
  File "/Users/za/.local/share/uv/tools/kaggle/lib/python3.13/site-packages/requests/adapters.py", line 696, in send
    resp = conn.urlopen(
        method=request.method,
    ...<9 lines>...
        chunked=chunked,
    )
  File "/Users/za/.local/share/uv/tools/kaggle/lib/python3.13/site-packages/urllib3/connectionpool.py", line 842, in urlopen
    retries = retries.increment(
        method, url, error=new_e, _pool=self, _stacktrace=sys.exc_info()[2]
    )
  File "/Users/za/.local/share/uv/tools/kaggle/lib/python3.13/site-packages/urllib3/util/retry.py", line 543, in increment
    raise MaxRetryError(_pool, url, reason) from reason  # type: ignore[arg-type]
    ^^^^^^^^^^^^^^^^^^^^^^^^^^^^^^^^^^^^^^^^^^^^^^^^^^^
urllib3.exceptions.MaxRetryError: HTTPSConnectionPool(host='api.kaggle.com', port=443): Max retries exceeded with url: /v1/security.OAuthService/IntrospectToken (Caused by NameResolutionError("HTTPSConnection(host='api.kaggle.com', port=443): Failed to resolve 'api.kaggle.com' ([Errno 8] nodename nor servname provided, or not known)"))

During handling of the above exception, another exception occurred:

Traceback (most recent call last):
  File "/Users/za/.local/bin/kaggle", line 4, in <module>
    from kaggle.cli import main
  File "/Users/za/.local/share/uv/tools/kaggle/lib/python3.13/site-packages/kaggle/__init__.py", line 8, in <module>
    api.authenticate()
    ~~~~~~~~~~~~~~~~^^
  File "/Users/za/.local/share/uv/tools/kaggle/lib/python3.13/site-packages/kaggle/api/kaggle_api_extended.py", line 993, in authenticate
    if self._authenticate_with_access_token():
       ~~~~~~~~~~~~~~~~~~~~~~~~~~~~~~~~~~~~^^
  File "/Users/za/.local/share/uv/tools/kaggle/lib/python3.13/site-packages/kaggle/api/kaggle_api_extended.py", line 1030, in _authenticate_with_access_token
    username = self._introspect_token(access_token)
  File "/Users/za/.local/share/uv/tools/kaggle/lib/python3.13/site-packages/kaggle/api/kaggle_api_extended.py", line 1066, in _introspect_token
    response = kaggle.security.oauth_client.introspect_token(request)
  File "/Users/za/.local/share/uv/tools/kaggle/lib/python3.13/site-packages/kagglesdk/security/services/oauth_service.py", line 44, in introspect_token
    return self._client.call("security.OAuthService", "IntrospectToken", request, IntrospectTokenResponse)
           ~~~~~~~~~~~~~~~~~^^^^^^^^^^^^^^^^^^^^^^^^^^^^^^^^^^^^^^^^^^^^^^^^^^^^^^^^^^^^^^^^^^^^^^^^^^^^^^
  File "/Users/za/.local/share/uv/tools/kaggle/lib/python3.13/site-packages/kagglesdk/kaggle_http_client.py", line 96, in call
    http_response = self._session.send(http_request, **settings)
  File "/Users/za/.local/share/uv/tools/kaggle/lib/python3.13/site-packages/requests/sessions.py", line 784, in send
    r = adapter.send(request, **kwargs)
  File "/Users/za/.local/share/uv/tools/kaggle/lib/python3.13/site-packages/requests/adapters.py", line 729, in send
    raise ConnectionError(e, request=request)
requests.exceptions.ConnectionError: HTTPSConnectionPool(host='api.kaggle.com', port=443): Max retries exceeded with url: /v1/security.OAuthService/IntrospectToken (Caused by NameResolutionError("HTTPSConnection(host='api.kaggle.com', port=443): Failed to resolve 'api.kaggle.com' ([Errno 8] nodename nor servname provided, or not known)"))
q8-schur-d8-s03: Traceback (most recent call last):
  File "/Users/za/.local/share/uv/tools/kaggle/lib/python3.13/site-packages/urllib3/connection.py", line 204, in _new_conn
    sock = connection.create_connection(
        (self._dns_host, self.port),
    ...<2 lines>...
        socket_options=self.socket_options,
    )
  File "/Users/za/.local/share/uv/tools/kaggle/lib/python3.13/site-packages/urllib3/util/connection.py", line 60, in create_connection
    for res in socket.getaddrinfo(host, port, family, socket.SOCK_STREAM):
               ~~~~~~~~~~~~~~~~~~^^^^^^^^^^^^^^^^^^^^^^^^^^^^^^^^^^^^^^^^
  File "/Users/za/.local/share/uv/python/cpython-3.13.13-macos-aarch64-none/lib/python3.13/socket.py", line 977, in getaddrinfo
    for res in _socket.getaddrinfo(host, port, family, type, proto, flags):
               ~~~~~~~~~~~~~~~~~~~^^^^^^^^^^^^^^^^^^^^^^^^^^^^^^^^^^^^^^^^
socket.gaierror: [Errno 8] nodename nor servname provided, or not known

The above exception was the direct cause of the following exception:

Traceback (most recent call last):
  File "/Users/za/.local/share/uv/tools/kaggle/lib/python3.13/site-packages/urllib3/connectionpool.py", line 788, in urlopen
    response = self._make_request(
        conn,
    ...<10 lines>...
        **response_kw,
    )
  File "/Users/za/.local/share/uv/tools/kaggle/lib/python3.13/site-packages/urllib3/connectionpool.py", line 488, in _make_request
    raise new_e
  File "/Users/za/.local/share/uv/tools/kaggle/lib/python3.13/site-packages/urllib3/connectionpool.py", line 464, in _make_request
    self._validate_conn(conn)
    ~~~~~~~~~~~~~~~~~~~^^^^^^
  File "/Users/za/.local/share/uv/tools/kaggle/lib/python3.13/site-packages/urllib3/connectionpool.py", line 1106, in _validate_conn
    conn.connect()
    ~~~~~~~~~~~~^^
  File "/Users/za/.local/share/uv/tools/kaggle/lib/python3.13/site-packages/urllib3/connection.py", line 759, in connect
    self.sock = sock = self._new_conn()
                       ~~~~~~~~~~~~~~^^
  File "/Users/za/.local/share/uv/tools/kaggle/lib/python3.13/site-packages/urllib3/connection.py", line 211, in _new_conn
    raise NameResolutionError(self.host, self, e) from e
urllib3.exceptions.NameResolutionError: HTTPSConnection(host='api.kaggle.com', port=443): Failed to resolve 'api.kaggle.com' ([Errno 8] nodename nor servname provided, or not known)

The above exception was the direct cause of the following exception:

Traceback (most recent call last):
  File "/Users/za/.local/share/uv/tools/kaggle/lib/python3.13/site-packages/requests/adapters.py", line 696, in send
    resp = conn.urlopen(
        method=request.method,
    ...<9 lines>...
        chunked=chunked,
    )
  File "/Users/za/.local/share/uv/tools/kaggle/lib/python3.13/site-packages/urllib3/connectionpool.py", line 842, in urlopen
    retries = retries.increment(
        method, url, error=new_e, _pool=self, _stacktrace=sys.exc_info()[2]
    )
  File "/Users/za/.local/share/uv/tools/kaggle/lib/python3.13/site-packages/urllib3/util/retry.py", line 543, in increment
    raise MaxRetryError(_pool, url, reason) from reason  # type: ignore[arg-type]
    ^^^^^^^^^^^^^^^^^^^^^^^^^^^^^^^^^^^^^^^^^^^^^^^^^^^
urllib3.exceptions.MaxRetryError: HTTPSConnectionPool(host='api.kaggle.com', port=443): Max retries exceeded with url: /v1/security.OAuthService/IntrospectToken (Caused by NameResolutionError("HTTPSConnection(host='api.kaggle.com', port=443): Failed to resolve 'api.kaggle.com' ([Errno 8] nodename nor servname provided, or not known)"))

During handling of the above exception, another exception occurred:

Traceback (most recent call last):
  File "/Users/za/.local/bin/kaggle", line 4, in <module>
    from kaggle.cli import main
  File "/Users/za/.local/share/uv/tools/kaggle/lib/python3.13/site-packages/kaggle/__init__.py", line 8, in <module>
    api.authenticate()
    ~~~~~~~~~~~~~~~~^^
  File "/Users/za/.local/share/uv/tools/kaggle/lib/python3.13/site-packages/kaggle/api/kaggle_api_extended.py", line 993, in authenticate
    if self._authenticate_with_access_token():
       ~~~~~~~~~~~~~~~~~~~~~~~~~~~~~~~~~~~~^^
  File "/Users/za/.local/share/uv/tools/kaggle/lib/python3.13/site-packages/kaggle/api/kaggle_api_extended.py", line 1030, in _authenticate_with_access_token
    username = self._introspect_token(access_token)
  File "/Users/za/.local/share/uv/tools/kaggle/lib/python3.13/site-packages/kaggle/api/kaggle_api_extended.py", line 1066, in _introspect_token
    response = kaggle.security.oauth_client.introspect_token(request)
  File "/Users/za/.local/share/uv/tools/kaggle/lib/python3.13/site-packages/kagglesdk/security/services/oauth_service.py", line 44, in introspect_token
    return self._client.call("security.OAuthService", "IntrospectToken", request, IntrospectTokenResponse)
           ~~~~~~~~~~~~~~~~~^^^^^^^^^^^^^^^^^^^^^^^^^^^^^^^^^^^^^^^^^^^^^^^^^^^^^^^^^^^^^^^^^^^^^^^^^^^^^^
  File "/Users/za/.local/share/uv/tools/kaggle/lib/python3.13/site-packages/kagglesdk/kaggle_http_client.py", line 96, in call
    http_response = self._session.send(http_request, **settings)
  File "/Users/za/.local/share/uv/tools/kaggle/lib/python3.13/site-packages/requests/sessions.py", line 784, in send
    r = adapter.send(request, **kwargs)
  File "/Users/za/.local/share/uv/tools/kaggle/lib/python3.13/site-packages/requests/adapters.py", line 729, in send
    raise ConnectionError(e, request=request)
requests.exceptions.ConnectionError: HTTPSConnectionPool(host='api.kaggle.com', port=443): Max retries exceeded with url: /v1/security.OAuthService/IntrospectToken (Caused by NameResolutionError("HTTPSConnection(host='api.kaggle.com', port=443): Failed to resolve 'api.kaggle.com' ([Errno 8] nodename nor servname provided, or not known)"))
q8-schur-d8-s04: Traceback (most recent call last):
  File "/Users/za/.local/share/uv/tools/kaggle/lib/python3.13/site-packages/urllib3/connection.py", line 204, in _new_conn
    sock = connection.create_connection(
        (self._dns_host, self.port),
    ...<2 lines>...
        socket_options=self.socket_options,
    )
  File "/Users/za/.local/share/uv/tools/kaggle/lib/python3.13/site-packages/urllib3/util/connection.py", line 60, in create_connection
    for res in socket.getaddrinfo(host, port, family, socket.SOCK_STREAM):
               ~~~~~~~~~~~~~~~~~~^^^^^^^^^^^^^^^^^^^^^^^^^^^^^^^^^^^^^^^^
  File "/Users/za/.local/share/uv/python/cpython-3.13.13-macos-aarch64-none/lib/python3.13/socket.py", line 977, in getaddrinfo
    for res in _socket.getaddrinfo(host, port, family, type, proto, flags):
               ~~~~~~~~~~~~~~~~~~~^^^^^^^^^^^^^^^^^^^^^^^^^^^^^^^^^^^^^^^^
socket.gaierror: [Errno 8] nodename nor servname provided, or not known

The above exception was the direct cause of the following exception:

Traceback (most recent call last):
  File "/Users/za/.local/share/uv/tools/kaggle/lib/python3.13/site-packages/urllib3/connectionpool.py", line 788, in urlopen
    response = self._make_request(
        conn,
    ...<10 lines>...
        **response_kw,
    )
  File "/Users/za/.local/share/uv/tools/kaggle/lib/python3.13/site-packages/urllib3/connectionpool.py", line 488, in _make_request
    raise new_e
  File "/Users/za/.local/share/uv/tools/kaggle/lib/python3.13/site-packages/urllib3/connectionpool.py", line 464, in _make_request
    self._validate_conn(conn)
    ~~~~~~~~~~~~~~~~~~~^^^^^^
  File "/Users/za/.local/share/uv/tools/kaggle/lib/python3.13/site-packages/urllib3/connectionpool.py", line 1106, in _validate_conn
    conn.connect()
    ~~~~~~~~~~~~^^
  File "/Users/za/.local/share/uv/tools/kaggle/lib/python3.13/site-packages/urllib3/connection.py", line 759, in connect
    self.sock = sock = self._new_conn()
                       ~~~~~~~~~~~~~~^^
  File "/Users/za/.local/share/uv/tools/kaggle/lib/python3.13/site-packages/urllib3/connection.py", line 211, in _new_conn
    raise NameResolutionError(self.host, self, e) from e
urllib3.exceptions.NameResolutionError: HTTPSConnection(host='api.kaggle.com', port=443): Failed to resolve 'api.kaggle.com' ([Errno 8] nodename nor servname provided, or not known)

The above exception was the direct cause of the following exception:

Traceback (most recent call last):
  File "/Users/za/.local/share/uv/tools/kaggle/lib/python3.13/site-packages/requests/adapters.py", line 696, in send
    resp = conn.urlopen(
        method=request.method,
    ...<9 lines>...
        chunked=chunked,
    )
  File "/Users/za/.local/share/uv/tools/kaggle/lib/python3.13/site-packages/urllib3/connectionpool.py", line 842, in urlopen
    retries = retries.increment(
        method, url, error=new_e, _pool=self, _stacktrace=sys.exc_info()[2]
    )
  File "/Users/za/.local/share/uv/tools/kaggle/lib/python3.13/site-packages/urllib3/util/retry.py", line 543, in increment
    raise MaxRetryError(_pool, url, reason) from reason  # type: ignore[arg-type]
    ^^^^^^^^^^^^^^^^^^^^^^^^^^^^^^^^^^^^^^^^^^^^^^^^^^^
urllib3.exceptions.MaxRetryError: HTTPSConnectionPool(host='api.kaggle.com', port=443): Max retries exceeded with url: /v1/security.OAuthService/IntrospectToken (Caused by NameResolutionError("HTTPSConnection(host='api.kaggle.com', port=443): Failed to resolve 'api.kaggle.com' ([Errno 8] nodename nor servname provided, or not known)"))

During handling of the above exception, another exception occurred:

Traceback (most recent call last):
  File "/Users/za/.local/bin/kaggle", line 4, in <module>
    from kaggle.cli import main
  File "/Users/za/.local/share/uv/tools/kaggle/lib/python3.13/site-packages/kaggle/__init__.py", line 8, in <module>
    api.authenticate()
    ~~~~~~~~~~~~~~~~^^
  File "/Users/za/.local/share/uv/tools/kaggle/lib/python3.13/site-packages/kaggle/api/kaggle_api_extended.py", line 993, in authenticate
    if self._authenticate_with_access_token():
       ~~~~~~~~~~~~~~~~~~~~~~~~~~~~~~~~~~~~^^
  File "/Users/za/.local/share/uv/tools/kaggle/lib/python3.13/site-packages/kaggle/api/kaggle_api_extended.py", line 1030, in _authenticate_with_access_token
    username = self._introspect_token(access_token)
  File "/Users/za/.local/share/uv/tools/kaggle/lib/python3.13/site-packages/kaggle/api/kaggle_api_extended.py", line 1066, in _introspect_token
    response = kaggle.security.oauth_client.introspect_token(request)
  File "/Users/za/.local/share/uv/tools/kaggle/lib/python3.13/site-packages/kagglesdk/security/services/oauth_service.py", line 44, in introspect_token
    return self._client.call("security.OAuthService", "IntrospectToken", request, IntrospectTokenResponse)
           ~~~~~~~~~~~~~~~~~^^^^^^^^^^^^^^^^^^^^^^^^^^^^^^^^^^^^^^^^^^^^^^^^^^^^^^^^^^^^^^^^^^^^^^^^^^^^^^
  File "/Users/za/.local/share/uv/tools/kaggle/lib/python3.13/site-packages/kagglesdk/kaggle_http_client.py", line 96, in call
    http_response = self._session.send(http_request, **settings)
  File "/Users/za/.local/share/uv/tools/kaggle/lib/python3.13/site-packages/requests/sessions.py", line 784, in send
    r = adapter.send(request, **kwargs)
  File "/Users/za/.local/share/uv/tools/kaggle/lib/python3.13/site-packages/requests/adapters.py", line 729, in send
    raise ConnectionError(e, request=request)
requests.exceptions.ConnectionError: HTTPSConnectionPool(host='api.kaggle.com', port=443): Max retries exceeded with url: /v1/security.OAuthService/IntrospectToken (Caused by NameResolutionError("HTTPSConnection(host='api.kaggle.com', port=443): Failed to resolve 'api.kaggle.com' ([Errno 8] nodename nor servname provided, or not known)"))
=== D8 KAGGLE PUSHER DONE 2026-08-21T10:03:47Z ===
=== D8 KAGGLE PUSHER START 2026-08-21T19:11:09Z ===
=== ALL 5 D8 KERNELS PUSHED 2026-08-21T19:11:09Z ===
=== FINAL STATUSES 2026-08-21T19:11:09Z ===
q8-schur-d8-s00: 404 Client Error: Not Found for url: https://api.kaggle.com/v1/kernels.KernelsApiService/GetKernelSessionStatus
q8-schur-d8-s01: Cannot access kernel 'saarshai/q8-schur-d8-s01' (Permission 'kernels.get' was denied). The most likely cause is a wrong kernel slug. The benchmark_task_slug returned by get_benchmark_leaderboard differs from the actual kernel slug — use the slug from the notebook URL (kaggle.com/code/owner/KERNEL-SLUG), not from the leaderboard. It can also occur if the notebook is private.
q8-schur-d8-s02: Cannot access kernel 'saarshai/q8-schur-d8-s02' (Permission 'kernels.get' was denied). The most likely cause is a wrong kernel slug. The benchmark_task_slug returned by get_benchmark_leaderboard differs from the actual kernel slug — use the slug from the notebook URL (kaggle.com/code/owner/KERNEL-SLUG), not from the leaderboard. It can also occur if the notebook is private.
q8-schur-d8-s03: Cannot access kernel 'saarshai/q8-schur-d8-s03' (Permission 'kernels.get' was denied). The most likely cause is a wrong kernel slug. The benchmark_task_slug returned by get_benchmark_leaderboard differs from the actual kernel slug — use the slug from the notebook URL (kaggle.com/code/owner/KERNEL-SLUG), not from the leaderboard. It can also occur if the notebook is private.
q8-schur-d8-s04: Cannot access kernel 'saarshai/q8-schur-d8-s04' (Permission 'kernels.get' was denied). The most likely cause is a wrong kernel slug. The benchmark_task_slug returned by get_benchmark_leaderboard differs from the actual kernel slug — use the slug from the notebook URL (kaggle.com/code/owner/KERNEL-SLUG), not from the leaderboard. It can also occur if the notebook is private.
=== D8 KAGGLE PUSHER DONE 2026-08-21T19:11:14Z ===
=== D8 KAGGLE PUSHER START 2026-08-21T19:11:56Z ===
--- push attempt q8-schur-d8-s00 2026-08-21T19:11:56Z ---
Warning: Looks like you're using an outdated `kaggle` version (installed: 2.2.1), please consider upgrading to the latest version (2.2.2)
Kernel version 1 successfully pushed.  Please check progress at https://www.kaggle.com/code/saarshai/q8-schur-d8-s00
status: saarshai/q8-schur-d8-s00 has status "KernelWorkerStatus.RUNNING"
PUSHED q8-schur-d8-s00 (status confirms the kernel exists and has a run)
--- push attempt q8-schur-d8-s01 2026-08-21T19:12:25Z ---
Warning: Looks like you're using an outdated `kaggle` version (installed: 2.2.1), please consider upgrading to the latest version (2.2.2)
Kernel version 1 successfully pushed.  Please check progress at https://www.kaggle.com/code/saarshai/q8-schur-d8-s01
status: saarshai/q8-schur-d8-s01 has status "KernelWorkerStatus.RUNNING"
PUSHED q8-schur-d8-s01 (status confirms the kernel exists and has a run)
--- push attempt q8-schur-d8-s02 2026-08-21T19:12:54Z ---
Warning: Looks like you're using an outdated `kaggle` version (installed: 2.2.1), please consider upgrading to the latest version (2.2.2)
Kernel version 1 successfully pushed.  Please check progress at https://www.kaggle.com/code/saarshai/q8-schur-d8-s02
status: saarshai/q8-schur-d8-s02 has status "KernelWorkerStatus.RUNNING"
PUSHED q8-schur-d8-s02 (status confirms the kernel exists and has a run)
--- push attempt q8-schur-d8-s03 2026-08-21T19:13:22Z ---
Warning: Looks like you're using an outdated `kaggle` version (installed: 2.2.1), please consider upgrading to the latest version (2.2.2)
Kernel version 1 successfully pushed.  Please check progress at https://www.kaggle.com/code/saarshai/q8-schur-d8-s03
status: saarshai/q8-schur-d8-s03 has status "KernelWorkerStatus.RUNNING"
PUSHED q8-schur-d8-s03 (status confirms the kernel exists and has a run)
--- push attempt q8-schur-d8-s04 2026-08-21T19:13:51Z ---
Warning: Looks like you're using an outdated `kaggle` version (installed: 2.2.1), please consider upgrading to the latest version (2.2.2)
Kernel version 1 successfully pushed.  Please check progress at https://www.kaggle.com/code/saarshai/q8-schur-d8-s04
status: saarshai/q8-schur-d8-s04 has status "KernelWorkerStatus.RUNNING"
PUSHED q8-schur-d8-s04 (status confirms the kernel exists and has a run)
=== ALL 5 D8 KERNELS PUSHED 2026-08-21T19:14:19Z ===
=== FINAL STATUSES 2026-08-21T19:14:19Z ===
q8-schur-d8-s00: saarshai/q8-schur-d8-s00 has status "KernelWorkerStatus.RUNNING"
q8-schur-d8-s01: saarshai/q8-schur-d8-s01 has status "KernelWorkerStatus.RUNNING"
q8-schur-d8-s02: saarshai/q8-schur-d8-s02 has status "KernelWorkerStatus.RUNNING"
q8-schur-d8-s03: saarshai/q8-schur-d8-s03 has status "KernelWorkerStatus.RUNNING"
q8-schur-d8-s04: saarshai/q8-schur-d8-s04 has status "KernelWorkerStatus.RUNNING"
=== D8 KAGGLE PUSHER DONE 2026-08-21T19:14:26Z ===
=== D8 KAGGLE PUSHER START 2026-08-22T20:28:18Z ===
--- push attempt q8-schur-d8-s00 2026-08-22T20:28:18Z ---
Warning: Looks like you're using an outdated `kaggle` version (installed: 2.2.1), please consider upgrading to the latest version (2.2.2)
Kernel version 2 successfully pushed.  Please check progress at https://www.kaggle.com/code/saarshai/q8-schur-d8-s00
status: saarshai/q8-schur-d8-s00 has status "KernelWorkerStatus.RUNNING"
PUSHED q8-schur-d8-s00 (status confirms the kernel exists and has a run)
--- push attempt q8-schur-d8-s01 2026-08-22T20:28:46Z ---
Warning: Looks like you're using an outdated `kaggle` version (installed: 2.2.1), please consider upgrading to the latest version (2.2.2)
Kernel version 2 successfully pushed.  Please check progress at https://www.kaggle.com/code/saarshai/q8-schur-d8-s01
status: saarshai/q8-schur-d8-s01 has status "KernelWorkerStatus.RUNNING"
PUSHED q8-schur-d8-s01 (status confirms the kernel exists and has a run)
--- push attempt q8-schur-d8-s02 2026-08-22T20:29:13Z ---
Warning: Looks like you're using an outdated `kaggle` version (installed: 2.2.1), please consider upgrading to the latest version (2.2.2)
Kernel version 2 successfully pushed.  Please check progress at https://www.kaggle.com/code/saarshai/q8-schur-d8-s02
status: saarshai/q8-schur-d8-s02 has status "KernelWorkerStatus.RUNNING"
PUSHED q8-schur-d8-s02 (status confirms the kernel exists and has a run)
--- push attempt q8-schur-d8-s03 2026-08-22T20:29:41Z ---
Warning: Looks like you're using an outdated `kaggle` version (installed: 2.2.1), please consider upgrading to the latest version (2.2.2)
Kernel version 2 successfully pushed.  Please check progress at https://www.kaggle.com/code/saarshai/q8-schur-d8-s03
status: saarshai/q8-schur-d8-s03 has status "KernelWorkerStatus.RUNNING"
PUSHED q8-schur-d8-s03 (status confirms the kernel exists and has a run)
--- push attempt q8-schur-d8-s04 2026-08-22T20:30:09Z ---
Warning: Looks like you're using an outdated `kaggle` version (installed: 2.2.1), please consider upgrading to the latest version (2.2.2)
Kernel version 2 successfully pushed.  Please check progress at https://www.kaggle.com/code/saarshai/q8-schur-d8-s04
status: saarshai/q8-schur-d8-s04 has status "KernelWorkerStatus.RUNNING"
PUSHED q8-schur-d8-s04 (status confirms the kernel exists and has a run)
=== ALL 5 D8 KERNELS PUSHED 2026-08-22T20:30:37Z ===
=== FINAL STATUSES 2026-08-22T20:30:37Z ===
q8-schur-d8-s00: saarshai/q8-schur-d8-s00 has status "KernelWorkerStatus.RUNNING"
q8-schur-d8-s01: saarshai/q8-schur-d8-s01 has status "KernelWorkerStatus.RUNNING"
q8-schur-d8-s02: saarshai/q8-schur-d8-s02 has status "KernelWorkerStatus.RUNNING"
q8-schur-d8-s03: saarshai/q8-schur-d8-s03 has status "KernelWorkerStatus.RUNNING"
q8-schur-d8-s04: saarshai/q8-schur-d8-s04 has status "KernelWorkerStatus.RUNNING"
=== D8 KAGGLE PUSHER DONE 2026-08-22T20:30:41Z ===
